Date,Open,High,Low,Close,Adj Close,Volume,Dividends,Stock Splits
1996-01-02,8.8125,8.96875,8.59375,8.59375,5.236688613891602,1976400,0.0,0.0
1996-01-03,8.59375,8.59375,8.15625,8.15625,4.9700927734375,2353200,0.0,0.0
1996-01-04,8.15625,8.484375,8.0625,8.4375,5.141475200653076,1748800,0.0,1.5
1996-01-05,8.484375,8.625,8.25,8.4375,5.141475200653076,1530133,0.0,0.0
1996-01-08,8.390625,8.390625,8.25,8.390625,5.112913608551025,142933,0.0,0.0
1996-01-09,8.25,8.296875,7.3125,7.359375,4.484509468078613,4365333,0.0,0.0
1996-01-10,7.265625,7.78125,7.265625,7.546875,4.598763465881348,3749067,0.0,0.0
1996-01-11,7.875,8.015625,7.640625,7.921875,4.827272891998291,2262400,0.0,0.0
1996-01-12,7.875,8.015625,7.734375,7.828125,4.770146369934082,1094933,0.0,0.0
1996-01-15,7.828125,7.828125,6.5625,6.796875,4.141745567321777,2383467,0.0,0.0
1996-01-16,7.03125,7.40625,6.796875,7.3125,4.455944538116455,4175467,0.0,0.0
1996-01-17,6.9375,7.546875,6.9375,7.359375,4.484509468078613,4284800,0.0,0.0
1996-01-18,7.3125,7.453125,6.9375,7.453125,4.541635990142822,3063467,0.0,0.0
1996-01-19,7.3125,8.53125,7.3125,8.4375,5.141475200653076,5138667,0.0,0.0
1996-01-22,8.4375,8.484375,8.203125,8.390625,5.112913608551025,2264000,0.0,0.0
1996-01-23,8.390625,8.414063453674316,8.25,8.25,5.027220249176025,1801067,0.0,0.0
1996-01-24,8.296875,8.578125,8.296875,8.578125,5.227167129516602,2167467,0.0,0.0
1996-01-25,8.578125,8.625,8.109375,8.15625,4.9700927734375,1664000,0.0,0.0
1996-01-26,8.109375,8.625,7.921875,8.34375,5.084346771240234,1392533,0.0,0.0
1996-01-29,8.34375,8.390625,8.109375,8.109375,4.9415283203125,1105067,0.0,0.0
1996-01-30,8.109375,8.390625,8.0625,8.296875,5.055783748626709,1459200,0.0,0.0
1996-01-31,8.34375,8.484375,8.296875,8.4375,5.141475200653076,577867,0.0,0.0
1996-02-01,8.578125,9.046875,8.4375,9.0,5.48423957824707,2951200,0.0,0.0
1996-02-02,9.0,9.0,8.625,8.765625,5.341422080993652,2492800,0.0,0.0
1996-02-05,8.8125,9.234375,8.71875,9.1875,5.598494529724121,1520533,0.0,0.0
1996-02-06,9.28125,9.328125,9.140625,9.234375,5.627059459686279,2048267,0.0,0.0
1996-02-07,9.28125,10.21875,9.1875,10.125,6.169769763946533,6769067,0.0,0.0
1996-02-08,10.125,10.453125,10.078125,10.40625,6.3411545753479,6836267,0.0,0.0
1996-02-09,10.40625,10.734375,10.40625,10.734375,6.541099548339844,3726667,0.0,0.0
1996-02-12,10.6875,10.734375,10.359375,10.40625,6.3411545753479,2045867,0.0,0.0
1996-02-13,9.84375,10.3125,9.84375,9.890625,6.02695369720459,3900000,0.0,0.0
1996-02-14,10.078125,10.40625,9.703125,9.796875,5.969825744628906,5782400,0.0,0.0
1996-02-15,9.890625,10.171875,9.84375,10.125,6.169769763946533,2033333,0.0,0.0
1996-02-16,10.125,10.453125,10.078125,10.40625,6.3411545753479,1140267,0.0,0.0
1996-02-20,10.3125,10.828125,10.21875,10.734375,6.541099548339844,1554933,0.0,0.0
1996-02-21,10.640625,10.78125,10.359375,10.6875,6.51253604888916,2239467,0.0,0.0
1996-02-22,10.875,11.296875,10.875,11.109375,6.76961088180542,3147733,0.0,0.0
1996-02-23,11.203125,11.25,10.640625,10.875,6.626794338226318,2137067,0.0,0.0
1996-02-26,10.734375,10.78125,10.59375,10.6875,6.51253604888916,613333,0.0,0.0
1996-02-27,10.6875,10.6875,10.453125,10.546875,6.426846504211426,1194933,0.0,0.0
1996-02-28,10.59375,10.734375,10.40625,10.40625,6.3411545753479,1266933,0.0,0.0
1996-02-29,9.9375,10.171875,9.65625,10.078125,6.14120626449585,3370667,0.0,0.0
1996-03-01,10.03125,10.03125,9.234375,9.375,5.712751388549805,3608533,0.0,0.0
1996-03-04,9.375,9.46875,9.1875,9.1875,5.598494529724121,3452267,0.0,0.0
1996-03-05,9.1875,9.796875,9.1875,9.75,5.941262245178223,2281333,0.0,0.0
1996-03-06,9.84375,9.84375,9.375,9.46875,5.769877910614014,1694133,0.0,0.0
1996-03-07,9.515625,9.796875,9.515625,9.703125,5.9126973152160645,2709867,0.0,0.0
1996-03-08,9.65625,9.9375,9.09375,9.46875,5.769877910614014,3796000,0.0,0.0
1996-03-11,9.375,9.703125,9.375,9.515625,5.798441410064697,2010933,0.0,0.0
1996-03-12,9.421875,9.46875,9.28125,9.28125,5.655623912811279,800533,0.0,0.0
1996-03-13,9.46875,10.125,9.421875,10.078125,6.14120626449585,4744267,0.0,0.0
1996-03-14,10.171875,10.59375,10.171875,10.546875,6.426846504211426,4288533,0.0,0.0
1996-03-15,10.6875,11.109375,10.59375,11.015625,6.712480545043945,3838133,0.0,0.0
1996-03-18,11.015625,11.0625,10.921875,11.015625,6.712480545043945,1635733,0.0,0.0
1996-03-19,11.015625,11.015625,10.5,10.640625,6.483969211578369,1391467,0.0,0.0
1996-03-20,10.640625,10.640625,10.359375,10.382813453674316,6.32687520980835,2000533,0.0,0.0
1996-03-21,10.359375,10.453125,10.265625,10.3125,6.284024238586426,1648267,0.0,0.0
1996-03-22,10.3125,10.546875,10.3125,10.40625,6.3411545753479,896800,0.0,0.0
1996-03-25,10.5,10.6875,10.453125,10.453125,6.369714260101318,2784533,0.0,0.0
1996-03-26,10.40625,10.40625,10.078125,10.078125,6.14120626449585,2120000,0.0,0.0
1996-03-27,10.125,10.734375,10.125,10.546875,6.426846504211426,2666400,0.0,0.0
1996-03-28,10.59375,10.734375,10.5,10.59375,6.455405235290527,2304800,0.0,0.0
1996-03-29,10.59375,10.640625,10.40625,10.5,6.398281097412109,1188533,0.0,0.0
1996-04-01,10.5,10.546875,10.359375,10.40625,6.3411545753479,1364800,0.0,0.0
1996-04-02,10.359375,10.359375,10.078125,10.125,6.169769763946533,1523467,0.0,0.0
1996-04-03,10.171875,10.359375,10.125,10.3125,6.284024238586426,1402133,0.0,0.0
1996-04-04,10.3125,10.3125,10.171875,10.171875,6.198332786560059,985600,0.0,0.0
1996-04-08,9.984375,10.546875,9.9375,10.3125,6.284024238586426,3587467,0.0,0.0
1996-04-09,10.3125,10.359375,10.125,10.265625,6.255459785461426,1375200,0.0,0.0
1996-04-10,10.265625,10.5,10.21875,10.3125,6.284024238586426,2669600,0.0,0.0
1996-04-11,10.265625,10.265625,9.703125,9.75,5.941262245178223,3054400,0.0,0.0
1996-04-12,9.75,9.796875,9.375,9.46875,5.769877910614014,1883200,0.0,0.0
1996-04-15,9.703125,9.84375,9.703125,9.703125,5.9126973152160645,1374667,0.0,0.0
1996-04-16,9.890625,10.21875,9.890625,10.078125,6.14120626449585,1882133,0.0,0.0
1996-04-17,9.375,9.46875,8.4375,8.953125,5.455677032470703,12026400,0.0,0.0
1996-04-18,9.09375,9.328125,9.0,9.046875,5.5128045082092285,6874667,0.0,0.0
1996-04-19,9.140625,9.28125,9.0,9.0,5.48423957824707,3021067,0.0,0.0
1996-04-22,9.140625,9.234375,9.140625,9.1875,5.598494529724121,3886400,0.0,0.0
1996-04-23,9.234375,9.703125,9.234375,9.65625,5.884134769439697,4182133,0.0,0.0
1996-04-24,10.125,10.171875,9.890625,10.03125,6.112643241882324,4268267,0.0,0.0
1996-04-25,10.125,10.125,9.9375,10.125,6.169769763946533,2100800,0.0,0.0
1996-04-26,10.03125,10.078125,9.890625,9.9375,6.055517196655273,1890667,0.0,0.0
1996-04-29,9.9375,9.9375,9.796875,9.84375,5.998386859893799,1652267,0.0,0.0
1996-04-30,9.84375,9.84375,9.609375,9.65625,5.884134769439697,935200,0.0,0.0
1996-05-01,9.65625,10.03125,9.65625,9.9375,6.055517196655273,2698667,0.0,0.0
1996-05-02,10.125,10.40625,10.078125,10.125,6.169769763946533,2291467,0.0,0.0
1996-05-03,10.265625,10.59375,10.171875,10.453125,6.369714260101318,3616267,0.0,0.0
1996-05-06,10.546875,11.015625,10.21875,10.921875,6.655353546142578,4635733,0.0,0.0
1996-05-07,10.96875,11.015625,10.6875,10.6875,6.51253604888916,2943200,0.0,0.0
1996-05-08,10.59375,10.59375,10.265625,10.453125,6.369714260101318,1838400,0.0,0.0
1996-05-09,10.5,10.59375,10.40625,10.546875,6.426846504211426,1385333,0.0,0.0
1996-05-10,10.59375,10.6875,10.265625,10.3125,6.284024238586426,2277067,0.0,0.0
1996-05-13,10.359375,11.15625,10.171875,11.109375,6.76961088180542,2677333,0.0,0.0
1996-05-14,11.15625,11.203125,10.78125,10.78125,6.569661617279053,2176800,0.0,0.0
1996-05-15,10.78125,10.875,10.6875,10.734375,6.541099548339844,1708000,0.0,0.0
1996-05-16,10.640625,10.734375,10.453125,10.734375,6.541099548339844,2117867,0.0,0.0
1996-05-17,10.59375,10.828125,10.59375,10.78125,6.569661617279053,1080267,0.0,0.0
1996-05-20,10.78125,10.96875,10.734375,10.96875,6.68391752243042,1522667,0.0,0.0
1996-05-21,10.96875,10.96875,10.640625,10.6875,6.51253604888916,1178400,0.0,0.0
1996-05-22,10.6875,10.6875,10.125,10.359375,6.312587738037109,4528267,0.0,0.0
1996-05-23,10.3125,10.96875,10.265625,10.828125,6.5982255935668945,3030933,0.0,0.0
1996-05-24,10.734375,10.78125,10.40625,10.5,6.398281097412109,1320533,0.0,0.0
1996-05-28,10.5,10.5,10.21875,10.3125,6.284024238586426,796267,0.0,0.0
1996-05-29,10.21875,10.21875,9.84375,9.890625,6.02695369720459,3616000,0.0,0.0
1996-05-30,9.796875,10.03125,9.46875,9.984375,6.084076881408691,3320267,0.0,0.0
1996-05-31,10.21875,10.453125,9.9375,10.359375,6.312587738037109,3092800,0.0,0.0
1996-06-03,10.359375,10.453125,10.3125,10.3125,6.284024238586426,1066933,0.0,0.0
1996-06-04,10.3125,10.40625,10.265625,10.359375,6.312587738037109,1083733,0.0,0.0
1996-06-05,10.265625,10.265625,10.125,10.21875,6.22689962387085,527467,0.0,0.0
1996-06-06,10.21875,10.21875,9.796875,10.125,6.169769763946533,1081067,0.0,0.0
1996-06-07,9.984375,10.171875,9.84375,10.078125,6.14120626449585,1592533,0.0,0.0
1996-06-10,10.078125,10.125,9.796875,9.84375,5.998386859893799,776000,0.0,0.0
1996-06-11,9.9375,10.21875,9.9375,10.21875,6.22689962387085,1201067,0.0,0.0
1996-06-12,10.3125,10.5,10.21875,10.265625,6.255459785461426,1095733,0.0,0.0
1996-06-13,10.265625,10.265625,10.078125,10.125,6.169769763946533,683200,0.0,0.0
1996-06-14,10.078125,10.171875,9.9375,9.984375,6.084076881408691,964267,0.0,0.0
1996-06-17,9.984375,9.984375,9.703125,9.75,5.941262245178223,1058667,0.0,0.0
1996-06-18,9.65625,9.703125,9.234375,9.234375,5.627059459686279,3311200,0.0,0.0
1996-06-19,9.328125,9.515625,9.28125,9.46875,5.769877910614014,2878133,0.0,0.0
1996-06-20,9.46875,9.515625,9.140625,9.375,5.712751388549805,1600267,0.0,0.0
1996-06-21,9.09375,9.421875,9.09375,9.28125,5.655623912811279,3093333,0.0,0.0
1996-06-24,9.328125,9.328125,9.046875,9.1875,5.598494529724121,2821333,0.0,0.0
1996-06-25,9.1875,9.328125,9.046875,9.28125,5.655623912811279,1613333,0.0,0.0
1996-06-26,9.234375,9.28125,8.953125,9.0,5.48423957824707,2326933,0.0,0.0
1996-06-27,8.953125,9.65625,8.90625,9.5625,5.827005863189697,2198933,0.0,0.0
1996-06-28,9.609375,9.703125,9.515625,9.515625,5.798441410064697,2006400,0.0,0.0
1996-07-01,9.609375,9.84375,9.515625,9.796875,5.969825744628906,878400,0.0,0.0
1996-07-02,9.796875,9.796875,9.65625,9.703125,5.9126973152160645,2097333,0.0,0.0
1996-07-03,9.65625,9.703125,9.515625,9.5625,5.827005863189697,508533,0.0,0.0
1996-07-05,9.515625,9.5625,9.421875,9.421875,5.7413129806518555,81867,0.0,0.0
1996-07-08,9.46875,9.46875,9.28125,9.375,5.712751388549805,1125867,0.0,0.0
1996-07-09,9.375,9.421875,9.1875,9.234375,5.627059459686279,897333,0.0,0.0
1996-07-10,9.234375,9.234375,7.734375,7.78125,4.741581916809082,10597333,0.0,0.0
1996-07-11,7.6875,7.734375,6.984375,7.359375,4.484509468078613,9245600,0.0,0.0
1996-07-12,7.453125,7.5,7.359375,7.40625,4.513072967529297,4408000,0.0,0.0
1996-07-15,7.453125,7.5,6.5625,6.65625,4.056052207946777,5021600,0.0,0.0
1996-07-16,6.703125,7.265625,6.515625,7.265625,4.42738151550293,4957600,0.0,0.0
1996-07-17,7.5,7.875,7.21875,7.359375,4.484509468078613,5808000,0.0,0.0
1996-07-18,7.359375,8.015625,7.265625,7.828125,4.770146369934082,4588000,0.0,0.0
1996-07-19,7.78125,7.78125,7.5,7.59375,4.627329349517822,1060800,0.0,0.0
1996-07-22,7.453125,7.453125,7.171875,7.171875,4.370255470275879,882667,0.0,0.0
1996-07-23,7.265625,7.265625,6.703125,6.75,4.113180160522461,3605067,0.0,0.0
1996-07-24,6.375,6.9375,6.375,6.796875,4.141745567321777,2956533,0.0,0.0
1996-07-25,6.9375,7.3125,6.9375,7.171875,4.370255470275879,3149867,0.0,0.0
1996-07-26,7.5,7.734375,7.40625,7.59375,4.627329349517822,3886667,0.0,0.0
1996-07-29,7.640625,7.6875,7.3125,7.3125,4.455944538116455,1255200,0.0,0.0
1996-07-30,7.40625,7.734375,7.3125,7.640625,4.655890941619873,3233067,0.0,0.0
1996-07-31,7.96875,8.015625,7.78125,7.828125,4.770146369934082,8126667,0.0,0.0
1996-08-01,7.875,8.109375,7.828125,8.109375,4.9415283203125,2222133,0.0,0.0
1996-08-02,8.296875,8.625,8.296875,8.4375,5.141475200653076,2915200,0.0,0.0
1996-08-05,8.4375,8.578125,7.921875,7.921875,4.827272891998291,1400800,0.0,0.0
1996-08-06,8.15625,8.390625,8.109375,8.390625,5.112913608551025,1096000,0.0,0.0
1996-08-07,9.0,9.0,8.53125,8.671875,5.284293174743652,2868800,0.0,0.0
1996-08-08,8.71875,8.71875,8.578125,8.671875,5.284293174743652,1322933,0.0,0.0
1996-08-09,8.53125,8.625,8.25,8.484375,5.170039176940918,3348267,0.0,0.0
1996-08-12,8.53125,8.71875,8.53125,8.578125,5.227167129516602,1618133,0.0,0.0
1996-08-13,8.53125,8.53125,8.15625,8.296875,5.055783748626709,2227733,0.0,0.0
1996-08-14,8.296875,8.625,8.296875,8.53125,5.19860315322876,1260000,0.0,0.0
1996-08-15,8.71875,8.71875,8.34375,8.34375,5.084346771240234,1464800,0.0,0.0
1996-08-16,8.296875,8.296875,8.15625,8.15625,4.9700927734375,2015467,0.0,0.0
1996-08-19,8.25,8.25,8.109375,8.15625,4.9700927734375,1361600,0.0,0.0
1996-08-20,8.203125,8.296875,7.921875,7.96875,4.855836391448975,2316267,0.0,0.0
1996-08-21,8.015625,8.859375,7.3125,8.8125,5.369985580444336,8736000,0.0,0.0
1996-08-22,9.1875,9.375,9.0,9.234375,5.627059459686279,5109333,0.0,0.0
1996-08-23,9.140625,9.234375,8.953125,9.0,5.48423957824707,2622400,0.0,0.0
1996-08-26,9.0,9.046875,8.648438453674316,8.671875,5.284293174743652,2832800,0.0,0.0
1996-08-27,8.8125,8.953125,8.71875,8.8125,5.369985580444336,1569333,0.0,0.0
1996-08-28,8.90625,8.953125,8.765625,8.8125,5.369985580444336,1095733,0.0,0.0
1996-08-29,8.859375,9.28125,8.859375,9.140625,5.56993293762207,1752533,0.0,0.0
1996-08-30,9.234375,9.234375,8.953125,9.046875,5.5128045082092285,1734933,0.0,0.0
1996-09-03,8.953125,9.046875,8.8125,8.953125,5.455677032470703,1136800,0.0,0.0
1996-09-04,8.90625,9.046875,8.90625,9.046875,5.5128045082092285,854933,0.0,0.0
1996-09-05,8.90625,8.953125,8.53125,8.671875,5.284293174743652,1390933,0.0,0.0
1996-09-06,8.765625,8.90625,8.71875,8.90625,5.4271135330200195,1410133,0.0,0.0
1996-09-09,8.90625,8.90625,8.578125,8.671875,5.284293174743652,814933,0.0,0.0
1996-09-10,8.765625,8.90625,8.71875,8.765625,5.341422080993652,1020800,0.0,0.0
1996-09-11,8.765625,9.046875,8.625,8.765625,5.341422080993652,2029333,0.0,0.0
1996-09-12,8.859375,9.28125,8.71875,9.234375,5.627059459686279,2785333,0.0,0.0
1996-09-13,9.328125,9.796875,9.140625,9.703125,5.9126973152160645,3136533,0.0,0.0
1996-09-16,9.75,10.125,9.585938453674316,10.03125,6.112643241882324,4005867,0.0,0.0
1996-09-17,10.171875,10.171875,9.796875,10.078125,6.14120626449585,4086667,0.0,0.0
1996-09-18,10.078125,10.078125,9.890625,9.890625,6.02695369720459,2322667,0.0,0.0
1996-09-19,9.890625,10.21875,9.890625,10.078125,6.14120626449585,3816000,0.0,0.0
1996-09-20,10.125,10.3125,9.984375,10.171875,6.198332786560059,2005333,0.0,0.0
1996-09-23,10.265625,10.265625,9.9375,9.984375,6.084076881408691,1389067,0.0,0.0
1996-09-24,10.078125,10.5,10.078125,10.359375,6.312587738037109,3413067,0.0,0.0
1996-09-25,10.3125,10.359375,10.125,10.125,6.169769763946533,1986667,0.0,0.0
1996-09-26,10.265625,10.59375,10.171875,10.21875,6.22689962387085,4282400,0.0,0.0
1996-09-27,10.242188453674316,10.453125,10.242188453674316,10.40625,6.3411545753479,2629600,0.0,0.0
1996-09-30,10.40625,10.59375,10.171875,10.171875,6.198332786560059,2846667,0.0,0.0
1996-10-01,10.03125,10.078125,9.46875,9.5625,5.827005863189697,3145600,0.0,0.0
1996-10-02,9.65625,9.9375,9.46875,9.46875,5.769877910614014,2846133,0.0,0.0
1996-10-03,9.609375,9.65625,9.5625,9.5625,5.827005863189697,1186667,0.0,0.0
1996-10-04,9.75,10.21875,9.75,10.078125,6.14120626449585,2821867,0.0,0.0
1996-10-07,10.03125,10.5,10.03125,10.40625,6.3411545753479,2150667,0.0,0.0
1996-10-08,10.3125,10.59375,10.3125,10.40625,6.3411545753479,3223200,0.0,0.0
1996-10-09,10.59375,10.59375,10.171875,10.359375,6.312587738037109,1867200,0.0,0.0
1996-10-10,10.359375,10.5,10.265625,10.359375,6.312587738037109,1122933,0.0,0.0
1996-10-11,10.359375,10.78125,10.3125,10.6875,6.51253604888916,2114933,0.0,0.0
1996-10-14,10.640625,11.109375,10.5,10.96875,6.68391752243042,4309067,0.0,0.0
1996-10-15,11.0625,11.109375,10.640625,10.6875,6.51253604888916,2221333,0.0,0.0
1996-10-16,10.640625,10.875,10.640625,10.640625,6.483969211578369,4944000,0.0,0.0
1996-10-17,10.5,10.546875,10.359375,10.40625,6.3411545753479,4062667,0.0,0.0
1996-10-18,10.359375,10.453125,10.3125,10.40625,6.3411545753479,1988800,0.0,0.0
1996-10-21,10.171875,10.40625,10.171875,10.3125,6.284024238586426,1048267,0.0,0.0
1996-10-22,10.265625,10.3125,9.75,9.796875,5.969825744628906,2568267,0.0,0.0
1996-10-23,9.796875,9.84375,9.65625,9.84375,5.998386859893799,3012000,0.0,0.0
1996-10-24,9.9375,10.171875,9.796875,9.984375,6.084076881408691,2163733,0.0,0.0
1996-10-25,9.984375,10.03125,9.84375,10.03125,6.112643241882324,448000,0.0,0.0
1996-10-28,10.03125,10.171875,9.9375,9.9375,6.055517196655273,727200,0.0,0.0
1996-10-29,9.9375,9.9375,9.328125,9.375,5.712751388549805,2615467,0.0,0.0
1996-10-30,9.46875,9.796875,9.421875,9.703125,5.9126973152160645,2213067,0.0,0.0
1996-10-31,9.75,9.796875,9.703125,9.75,5.941262245178223,1262933,0.0,0.0
1996-11-01,9.796875,10.125,9.796875,10.078125,6.14120626449585,1276000,0.0,0.0
1996-11-04,10.078125,10.078125,9.796875,9.796875,5.969825744628906,1491467,0.0,0.0
1996-11-05,9.890625,10.171875,9.84375,10.03125,6.112643241882324,1656800,0.0,0.0
1996-11-06,10.125,10.453125,10.078125,10.40625,6.3411545753479,1629867,0.0,0.0
1996-11-07,10.40625,10.640625,10.359375,10.640625,6.483969211578369,2065867,0.0,0.0
1996-11-08,10.59375,10.828125,10.59375,10.828125,6.5982255935668945,1504533,0.0,0.0
1996-11-11,10.828125,11.203125,10.78125,11.15625,6.798173427581787,2806933,0.0,0.0
1996-11-12,11.296875,11.71875,11.15625,11.15625,6.798173427581787,4892533,0.0,0.0
1996-11-13,11.25,11.296875,10.875,11.0625,6.741044521331787,1908267,0.0,0.0
1996-11-14,11.015625,11.4375,11.015625,11.390625,6.940993309020996,3433867,0.0,0.0
1996-11-15,11.390625,11.53125,11.25,11.34375,6.912426471710205,2790933,0.0,0.0
1996-11-18,11.296875,11.296875,10.828125,11.0625,6.741044521331787,1909067,0.0,0.0
1996-11-19,11.0625,11.15625,10.875,10.96875,6.68391752243042,1165067,0.0,0.0
1996-11-20,11.109375,11.4375,10.875,11.25,6.855301380157471,2017067,0.0,0.0
1996-11-21,11.296875,11.34375,10.640625,10.78125,6.569661617279053,2415200,0.0,0.0
1996-11-22,10.96875,11.25,10.96875,11.015625,6.712480545043945,6520533,0.0,0.0
1996-11-25,11.0625,11.296875,11.015625,11.0625,6.741044521331787,2256533,0.0,0.0
1996-11-26,11.109375,11.25,10.921875,11.203125,6.826735019683838,2503200,0.0,0.0
1996-11-27,11.25,11.90625,11.15625,11.90625,7.255192756652832,3296533,0.0,0.0
1996-11-29,11.8125,12.09375,11.765625,12.046875,7.340882778167725,1238133,0.0,0.0
1996-12-02,12.0,13.125,12.0,12.84375,7.8264665603637695,5368267,0.0,0.0
1996-12-03,13.125,13.265625,12.515625,12.5625,7.655084609985352,4254667,0.0,0.0
1996-12-04,12.609375,12.796875,12.1875,12.328125,7.512264728546143,5930400,0.0,0.0
1996-12-05,12.375,12.46875,12.09375,12.1875,7.426577091217041,2791733,0.0,0.0
1996-12-06,11.625,12.75,11.4375,12.703125,7.740780353546143,4373600,0.0,0.0
1996-12-09,12.703125,13.3125,12.703125,13.125,7.997849941253662,4090133,0.0,0.0
1996-12-10,13.3125,13.3125,12.609375,12.609375,7.68364953994751,2089867,0.0,0.0
1996-12-11,12.375,12.984375,12.234375,12.75,7.769339561462402,3289867,0.0,0.0
1996-12-12,12.9375,12.984375,12.75,12.84375,7.8264665603637695,1950133,0.0,0.0
1996-12-13,12.75,13.21875,12.75,13.078125,7.969286918640137,2340800,0.0,0.0
1996-12-16,13.03125,13.125,12.515625,12.609375,7.68364953994751,2319200,0.0,0.0
1996-12-17,12.609375,12.890625,12.328125,12.46875,7.59796142578125,2650933,0.0,0.0
1996-12-18,12.5625,12.84375,12.5625,12.703125,7.740780353546143,1496267,0.0,0.0
1996-12-19,12.9375,13.03125,12.9375,12.984375,7.912162780761719,866400,0.0,0.0
1996-12-20,12.890625,12.890625,12.375,12.375,7.54083251953125,1066933,0.0,0.0
1996-12-23,12.46875,12.515625,12.140625,12.1875,7.426577091217041,723200,0.0,0.0
1996-12-24,12.140625,12.375,12.140625,12.328125,7.512264728546143,681867,0.0,0.0
1996-12-26,12.328125,12.5625,12.28125,12.5625,7.655084609985352,707733,0.0,0.0
1996-12-27,12.5625,12.75,12.515625,12.515625,7.626522541046143,1018667,0.0,0.0
1996-12-30,12.5625,12.796875,12.46875,12.796875,7.797904014587402,1057067,0.0,0.0
1996-12-31,12.75,12.84375,12.65625,12.703125,7.740780353546143,1074133,0.0,0.0
1997-01-02,12.703125,12.75,12.328125,12.375,7.54083251953125,1717333,0.0,0.0
1997-01-03,12.515625,13.59375,12.515625,13.5,8.226360321044922,2115733,0.0,0.0
1997-01-06,13.59375,13.6875,13.03125,13.40625,8.169233322143555,3041867,0.0,0.0
1997-01-07,13.4375,13.875,13.3125,13.875,8.454866409301758,1750600,0.0,1.3333333333333333
1997-01-08,13.8125,13.875,13.0,13.1875,8.035935401916504,2061400,0.0,0.0
1997-01-09,13.25,13.3125,12.8125,12.8125,7.80742883682251,1657400,0.0,0.0
1997-01-10,12.8125,13.625,12.8125,13.5,8.226360321044922,2863600,0.0,0.0
1997-01-13,13.5,13.625,13.375,13.5625,8.264447212219238,1885600,0.0,0.0
1997-01-14,13.625,14.25,13.5625,13.9375,8.492958068847656,2550200,0.0,0.0
1997-01-15,13.9375,14.375,13.8125,14.25,8.683382034301758,2562400,0.0,0.0
1997-01-16,14.25,14.25,13.8125,13.9375,8.492958068847656,1069800,0.0,0.0
1997-01-17,13.8125,13.875,13.6875,13.6875,8.340615272521973,1102400,0.0,0.0
1997-01-20,13.6875,13.6875,13.5,13.625,8.302533149719238,1172200,0.0,0.0
1997-01-21,13.5,14.1875,13.375,14.0625,8.569125175476074,2131200,0.0,0.0
1997-01-22,14.0625,14.4375,14.0,14.0625,8.569125175476074,2065800,0.0,0.0
1997-01-23,14.125,14.25,13.4375,13.4375,8.188273429870605,1646600,0.0,0.0
1997-01-24,13.5,13.75,13.375,13.5,8.226360321044922,980400,0.0,0.0
1997-01-27,13.4375,13.5,13.0625,13.0625,7.95976448059082,1675000,0.0,0.0
1997-01-28,13.3125,13.4375,12.9375,13.0,7.921678066253662,2061000,0.0,0.0
1997-01-29,13.0625,13.375,13.0625,13.375,8.150193214416504,1168400,0.0,0.0
1997-01-30,13.75,14.3125,13.6875,14.0,8.531039237976074,2227200,0.0,0.0
1997-01-31,14.0,14.625,13.8125,14.5,8.83572006225586,3107800,0.0,0.0
1997-02-03,14.5,14.625,14.125,14.1875,8.645293235778809,1670000,0.0,0.0
1997-02-04,14.0,14.3125,13.6875,13.9375,8.492958068847656,3821600,0.0,0.0
1997-02-05,13.875,13.9375,13.125,13.3125,8.112104415893555,2295200,0.0,0.0
1997-02-06,13.375,13.8125,13.1875,13.8125,8.416783332824707,1653400,0.0,0.0
1997-02-07,13.9375,14.0,13.625,13.625,8.302533149719238,816400,0.0,0.0
1997-02-10,13.75,13.75,12.9375,13.0,7.921678066253662,1459000,0.0,0.0
1997-02-11,13.125,13.3125,12.375,12.625,7.693169593811035,2252800,0.0,0.0
1997-02-12,12.75,13.5625,12.75,13.5,8.226360321044922,3944400,0.0,0.0
1997-02-13,13.75,13.75,12.5,12.625,7.693169593811035,1978800,0.0,0.0
1997-02-14,12.6875,12.9375,12.375,12.375,7.54083251953125,3263600,0.0,0.0
1997-02-18,12.25,12.375,11.5,12.0,7.312315940856934,4439200,0.0,0.0
1997-02-19,12.125,12.625,10.3125,11.6875,7.121893405914307,12846400,0.0,0.0
1997-02-20,11.5,11.625,11.0,11.5,7.0076398849487305,7359400,0.0,0.0
1997-02-21,11.25,11.5,11.125,11.1875,6.817215919494629,3797000,0.0,0.0
1997-02-24,11.125,11.375,11.0625,11.125,6.779129505157471,2772800,0.0,0.0
1997-02-25,11.25,12.125,11.125,12.0625,7.350405216217041,2987800,0.0,0.0
1997-02-26,12.0625,12.0625,11.75,11.8125,7.198065757751465,2180000,0.0,0.0
1997-02-27,11.75,11.8125,11.5,11.5625,7.045724868774414,2078000,0.0,0.0
1997-02-28,11.5625,11.6875,11.5,11.625,7.0838117599487305,2536200,0.0,0.0
1997-03-03,11.5625,11.625,11.1875,11.1875,6.817215919494629,1925400,0.0,0.0
1997-03-04,11.375,11.5625,11.3125,11.4375,6.969557762145996,2745600,0.0,0.0
1997-03-05,11.75,11.875,11.5625,11.6875,7.121893405914307,2294600,0.0,0.0
1997-03-06,11.75,11.8125,11.375,11.5,7.0076398849487305,1705800,0.0,0.0
1997-03-07,11.5,11.5625,11.0,11.25,6.855301380157471,1308800,0.0,0.0
1997-03-10,11.125,11.1875,10.9375,11.125,6.779129505157471,1909000,0.0,0.0
1997-03-11,11.25,11.9375,11.25,11.25,6.855301380157471,2403200,0.0,0.0
1997-03-12,11.625,11.875,11.5,11.5625,7.045724868774414,2681600,0.0,0.0
1997-03-13,11.4375,12.125,11.4375,11.5,7.0076398849487305,2337200,0.0,0.0
1997-03-14,11.625,11.875,11.625,11.6875,7.121893405914307,1780000,0.0,0.0
1997-03-17,11.5625,11.625,11.0625,11.1875,6.817215919494629,2065600,0.0,0.0
1997-03-18,11.25,11.3125,11.0,11.0,6.702963829040527,4424000,0.0,0.0
1997-03-19,11.0,11.0,10.5625,10.625,6.474450588226318,2660400,0.0,0.0
1997-03-20,10.75,10.9375,10.5625,10.75,6.5506181716918945,5121400,0.0,0.0
1997-03-21,10.9375,11.125,10.875,10.9375,6.6648712158203125,2963400,0.0,0.0
1997-03-24,11.0,11.0625,10.5,10.5625,6.436367034912109,3876800,0.0,0.0
1997-03-25,10.5625,10.875,10.5,10.8125,6.588703155517578,3586600,0.0,0.0
1997-03-26,11.0,12.0,10.875,12.0,7.312315940856934,6003200,0.0,0.0
1997-03-27,12.0,12.0625,11.5625,11.625,7.0838117599487305,2583200,0.0,0.0
1997-03-31,11.625,11.75,11.1875,11.25,6.855301380157471,2469600,0.0,0.0
1997-04-01,11.3125,11.375,10.9375,10.9375,6.6648712158203125,1257000,0.0,0.0
1997-04-02,11.0,11.1875,10.8125,11.1875,6.817215919494629,2210800,0.0,0.0
1997-04-03,11.125,11.875,10.9375,11.875,7.236148357391357,3565200,0.0,0.0
1997-04-04,11.875,13.125,11.8125,13.0,7.921678066253662,7285200,0.0,0.0
1997-04-07,13.3125,13.375,12.8125,12.875,7.845512866973877,2585200,0.0,0.0
1997-04-08,13.0,13.375,12.875,13.1875,8.035935401916504,1868000,0.0,0.0
1997-04-09,13.25,13.3125,12.4375,12.4375,7.578912734985352,1284200,0.0,0.0
1997-04-10,12.625,12.625,12.125,12.125,7.388491630554199,681200,0.0,0.0
1997-04-11,12.0,12.1875,11.8125,12.0,7.312315940856934,1135800,0.0,0.0
1997-04-14,11.875,12.5,11.8125,12.375,7.54083251953125,1768600,0.0,0.0
1997-04-15,12.625,12.8125,12.25,12.3125,7.502747535705566,1240200,0.0,0.0
1997-04-16,12.1875,12.3125,11.9375,12.0,7.312315940856934,1312400,0.0,0.0
1997-04-17,12.125,12.375,12.0625,12.125,7.388491630554199,1028000,0.0,0.0
1997-04-18,12.4375,12.4375,12.1875,12.375,7.54083251953125,1095000,0.0,0.0
1997-04-21,12.4375,12.4375,11.6875,11.75,7.159979343414307,659200,0.0,0.0
1997-04-22,11.75,11.75,11.375,11.625,7.0838117599487305,1587600,0.0,0.0
1997-04-23,11.625,12.1875,11.375,12.1875,7.426577091217041,2523000,0.0,0.0
1997-04-24,12.375,12.4375,11.9375,12.0625,7.350405216217041,1925200,0.0,0.0
1997-04-25,12.0,12.0625,11.625,11.6875,7.121893405914307,425600,0.0,0.0
1997-04-28,11.625,12.0,11.5625,11.875,7.236148357391357,585200,0.0,0.0
1997-04-29,12.125,12.5625,12.0625,12.4375,7.578912734985352,1566000,0.0,0.0
1997-04-30,12.1875,13.46875,12.1875,13.375,8.150193214416504,4872600,0.0,0.0
1997-05-01,13.375,13.8125,13.125,13.375,8.150193214416504,5263200,0.0,0.0
1997-05-02,13.375,13.75,13.375,13.5625,8.264447212219238,3141800,0.0,0.0
1997-05-05,13.5625,14.0625,13.5625,13.8125,8.416783332824707,3119200,0.0,0.0
1997-05-06,13.6875,13.75,13.1875,13.25,8.07402229309082,2489200,0.0,0.0
1997-05-07,13.25,14.125,13.25,13.75,8.378704071044922,3189000,0.0,0.0
1997-05-08,13.5625,14.5625,13.4375,14.125,8.60721206665039,3235400,0.0,0.0
1997-05-09,14.3125,14.3125,13.9375,14.125,8.60721206665039,1818200,0.0,0.0
1997-05-12,14.1875,14.1875,13.6875,13.6875,8.340615272521973,1259400,0.0,0.0
1997-05-13,13.75,13.9375,13.5,13.5625,8.264447212219238,2100600,0.0,0.0
1997-05-14,13.6875,13.8125,13.4375,13.5,8.226360321044922,2273800,0.0,0.0
1997-05-15,13.375,13.6875,13.3125,13.5625,8.264447212219238,1610000,0.0,0.0
1997-05-16,13.375,13.5625,13.25,13.5,8.226360321044922,1475600,0.0,0.0
1997-05-19,13.5,14.0,13.4375,13.9375,8.492958068847656,1270200,0.0,0.0
1997-05-20,13.8125,14.1875,12.875,13.6875,8.340615272521973,11832000,0.0,0.0
1997-05-21,13.8125,14.5,13.625,13.9375,8.492958068847656,5027800,0.0,0.0
1997-05-22,13.6875,13.8125,12.5,12.8125,7.80742883682251,4009800,0.0,0.0
1997-05-23,12.625,13.1875,12.4375,13.125,7.997849941253662,4195400,0.0,0.0
1997-05-27,13.125,13.4375,13.0,13.25,8.07402229309082,3500200,0.0,0.0
1997-05-28,13.3125,13.5,13.0625,13.4375,8.188273429870605,1741400,0.0,0.0
1997-05-29,13.375,13.5625,13.125,13.25,8.07402229309082,1649800,0.0,0.0
1997-05-30,12.625,13.375,12.625,13.25,8.07402229309082,2779600,0.0,0.0
1997-06-02,13.375,13.4375,13.0,13.375,8.150193214416504,1174800,0.0,0.0
1997-06-03,13.25,13.25,12.75,12.75,7.769339561462402,1945600,0.0,0.0
1997-06-04,12.8125,13.125,12.0625,12.25,7.464659214019775,3584200,0.0,0.0
1997-06-05,12.1875,12.5625,11.9375,12.375,7.54083251953125,4153800,0.0,0.0
1997-06-06,12.4375,12.5625,12.25,12.3125,7.502747535705566,1326600,0.0,0.0
1997-06-09,12.4375,12.9375,12.4375,12.6875,7.7312541007995605,1742600,0.0,0.0
1997-06-10,12.5625,12.625,12.3125,12.375,7.54083251953125,956000,0.0,0.0
1997-06-11,12.3125,12.5625,12.25,12.3125,7.502747535705566,1307600,0.0,0.0
1997-06-12,12.3125,12.6875,12.3125,12.5625,7.655084609985352,1263000,0.0,0.0
1997-06-13,12.5625,13.125,12.5625,13.0,7.921678066253662,1245400,0.0,0.0
1997-06-16,13.0,13.25,12.9375,13.0625,7.95976448059082,695200,0.0,0.0
1997-06-17,13.0625,13.9375,12.875,13.9375,8.492958068847656,4149200,0.0,0.0
1997-06-18,13.625,13.6875,13.375,13.6875,8.340615272521973,1737000,0.0,0.0
1997-06-19,13.5625,14.0625,13.3125,14.0,8.531039237976074,1882800,0.0,0.0
1997-06-20,14.0,14.0,13.6875,13.6875,8.340615272521973,785600,0.0,0.0
1997-06-23,13.5625,13.875,13.5,13.6875,8.340615272521973,935800,0.0,0.0
1997-06-24,14.0,14.1875,13.75,14.0,8.531039237976074,1370400,0.0,0.0
1997-06-25,13.875,14.0625,13.5,13.625,8.302533149719238,1146000,0.0,0.0
1997-06-26,13.65625,13.75,13.25,13.25,8.07402229309082,1351000,0.0,0.0
1997-06-27,13.25,13.40625,13.25,13.3125,8.112104415893555,1115200,0.0,0.0
1997-06-30,13.3125,13.6875,13.125,13.28125,8.093063354492188,937600,0.0,0.0
1997-07-01,13.3125,13.59375,13.125,13.25,8.07402229309082,1484200,0.0,0.0
1997-07-02,13.25,13.625,13.25,13.25,8.07402229309082,991400,0.0,0.0
1997-07-03,13.3125,13.6875,13.3125,13.6875,8.340615272521973,636800,0.0,0.0
1997-07-07,13.6875,13.71875,13.46875,13.59375,8.283491134643555,655600,0.0,0.0
1997-07-08,13.5,13.875,13.5,13.8125,8.416783332824707,750800,0.0,0.0
1997-07-09,13.9375,14.71875,13.9375,14.40625,8.778590202331543,3049200,0.0,0.0
1997-07-10,14.375,14.5,13.875,14.1875,8.645293235778809,2606800,0.0,0.0
1997-07-11,14.3125,15.1875,14.28125,14.75,8.988064765930176,4091400,0.0,0.0
1997-07-14,14.875,15.0625,14.75,14.96875,9.121356964111328,1853800,0.0,0.0
1997-07-15,15.9375,16.5,15.5625,16.40625,9.997315406799316,5151400,0.0,0.0
1997-07-16,16.875,16.9375,16.46875,16.875,10.282950401306152,3312400,0.0,0.0
1997-07-17,16.75,16.75,16.5,16.53125,10.073479652404785,1770400,0.0,0.0
1997-07-18,16.5,16.53125,16.0625,16.0625,9.787845611572266,2442400,0.0,0.0
1997-07-21,16.0625,16.0625,15.59375,15.875,9.67359447479248,1738000,0.0,0.0
1997-07-22,15.75,16.0,15.6875,15.875,9.67359447479248,1274200,0.0,0.0
1997-07-23,15.9375,16.28125,15.75,16.25,9.902098655700684,3172400,0.0,0.0
1997-07-24,16.0,16.1875,15.71875,15.9375,9.71167278289795,1438600,0.0,0.0
1997-07-25,15.96875,15.96875,15.375,15.65625,9.540292739868164,1035800,0.0,0.0
1997-07-28,15.53125,15.78125,15.34375,15.40625,9.387950897216797,1254000,0.0,0.0
1997-07-29,15.40625,15.40625,15.125,15.1875,9.254658699035645,1086400,0.0,0.0
1997-07-30,15.1875,15.8125,15.15625,15.6875,9.55933666229248,2740200,0.0,0.0
1997-07-31,15.84375,15.96875,15.53125,15.71875,9.578385353088379,1241600,0.0,0.0
1997-08-01,15.625,16.0,15.40625,16.0,9.749762535095215,1234000,0.0,0.0
1997-08-04,15.78125,16.5,15.75,16.46875,10.035400390625,1548800,0.0,0.0
1997-08-05,16.5625,16.71875,16.28125,16.34375,9.959226608276367,2735000,0.0,0.0
1997-08-06,16.3125,16.40625,16.125,16.1875,9.864013671875,1415200,0.0,0.0
1997-08-07,16.1875,16.3125,15.6875,15.84375,9.654545783996582,1642400,0.0,0.0
1997-08-08,15.5625,15.9375,15.5,15.65625,9.540292739868164,1491600,0.0,0.0
1997-08-11,15.53125,15.625,15.1875,15.375,9.36890983581543,1060000,0.0,0.0
1997-08-12,15.5,16.03125,15.5,15.65625,9.540292739868164,2207000,0.0,0.0
1997-08-13,16.375,16.375,15.875,16.21875,9.883056640625,3486000,0.0,0.0
1997-08-14,16.46875,16.5,16.25,16.46875,10.035400390625,2554000,0.0,0.0
1997-08-15,16.5,16.5,16.25,16.4375,10.016357421875,1465400,0.0,0.0
1997-08-18,16.3125,17.65625,16.25,17.5,10.663801193237305,4922600,0.0,0.0
1997-08-19,17.625,18.125,17.25,18.125,11.044646263122559,3861800,0.0,0.0
1997-08-20,18.125,18.125,17.3125,17.46875,10.644758224487305,4794000,0.0,0.0
1997-08-21,17.4375,17.65625,17.40625,17.5625,10.701887130737305,3152800,0.0,0.0
1997-08-22,17.3125,17.40625,16.96875,17.1875,10.473377227783203,2716400,0.0,0.0
1997-08-25,17.21875,17.5625,17.15625,17.5625,10.701887130737305,1577000,0.0,0.0
1997-08-26,17.4375,17.5625,17.375,17.4375,10.625713348388672,1115800,0.0,0.0
1997-08-27,17.40625,17.53125,17.1875,17.28125,10.530503273010254,1575600,0.0,0.0
1997-08-28,16.875,16.9375,16.4375,16.4375,10.016357421875,3505800,0.0,0.0
1997-08-29,16.5,16.625,16.375,16.5625,10.092524528503418,1585000,0.0,0.0
1997-09-02,16.625,17.03125,16.59375,17.0,10.359123229980469,1091000,0.0,0.0
1997-09-03,17.125,17.15625,16.9375,16.9375,10.321036338806152,954400,0.0,0.0
1997-09-04,16.75,16.96875,16.65625,16.875,10.282950401306152,1964200,0.0,0.0
1997-09-05,17.0,17.25,16.9375,17.1875,10.473377227783203,2491000,0.0,0.0
1997-09-08,17.125,17.125,16.84375,16.96875,10.340078353881836,1792200,0.0,0.0
1997-09-09,16.96875,17.03125,16.8125,16.875,10.282950401306152,1145400,0.0,0.0
1997-09-10,16.875,16.90625,16.59375,16.59375,10.111567497253418,1489000,0.0,0.0
1997-09-11,16.625,16.75,16.5625,16.75,10.206779479980469,1210400,0.0,0.0
1997-09-12,16.84375,17.0625,16.8125,16.90625,10.301992416381836,1253000,0.0,0.0
1997-09-15,16.8125,17.0,16.75,16.75,10.206779479980469,718800,0.0,0.0
1997-09-16,16.875,17.03125,16.75,17.03125,10.378161430358887,741200,0.0,0.0
1997-09-17,17.0,17.03125,16.75,16.75,10.206779479980469,1298400,0.0,0.0
1997-09-18,16.75,16.9375,16.6875,16.75,10.206779479980469,569800,0.0,0.0
1997-09-19,16.75,16.875,16.65625,16.84375,10.263909339904785,1263400,0.0,0.0
1997-09-22,16.875,17.625,16.875,17.46875,10.644758224487305,2770400,0.0,0.0
1997-09-23,17.6875,17.6875,17.28125,17.59375,10.720926284790039,950200,0.0,0.0
1997-09-24,17.59375,17.6875,17.28125,17.3125,10.549549102783203,630600,0.0,0.0
1997-09-25,17.1875,17.1875,16.78125,16.8125,10.244869232177734,1223600,0.0,0.0
1997-09-26,16.875,16.96875,16.5625,16.625,10.13061237335205,1232200,0.0,0.0
1997-09-29,16.75,17.03125,16.6875,17.03125,10.378161430358887,1155600,0.0,0.0
1997-09-30,17.0,17.0,16.75,16.9375,10.321036338806152,1101000,0.0,0.0
1997-10-01,16.875,16.875,15.90625,16.125,9.825932502746582,1547200,0.0,0.0
1997-10-02,16.25,17.1875,16.21875,17.1875,10.473377227783203,2117600,0.0,0.0
1997-10-03,17.5,17.75,17.3125,17.53125,10.682844161987305,1777400,0.0,0.0
1997-10-06,17.5625,17.5625,17.21875,17.3125,10.549549102783203,993400,0.0,0.0
1997-10-07,17.25,17.84375,17.21875,17.5625,10.701887130737305,2226400,0.0,0.0
1997-10-08,17.6875,17.8125,17.5,17.8125,10.854227066040039,1171400,0.0,0.0
1997-10-09,17.71875,18.125,17.625,17.875,10.892313957214355,861200,0.0,0.0
1997-10-10,17.75,17.9375,17.59375,17.875,10.892313957214355,965200,0.0,0.0
1997-10-13,17.875,18.34375,17.875,18.125,11.044646263122559,478400,0.0,0.0
1997-10-14,18.0,18.0,17.28125,17.65625,10.759014129638672,1364800,0.0,0.0
1997-10-15,17.4375,17.875,17.40625,17.8125,10.854227066040039,1216600,0.0,0.0
1997-10-16,17.8125,17.875,16.71875,17.25,10.511459350585938,1209600,0.0,0.0
1997-10-17,17.25,17.3125,16.65625,16.84375,10.263909339904785,1024000,0.0,0.0
1997-10-20,17.0,17.46875,16.84375,17.03125,10.378161430358887,785200,0.0,0.0
1997-10-21,17.15625,17.25,17.03125,17.0625,10.39720630645752,833000,0.0,0.0
1997-10-22,17.0625,17.3125,16.6875,16.78125,10.22582721710205,870600,0.0,0.0
1997-10-23,16.0,16.125,15.34375,15.78125,9.61646556854248,3894400,0.0,0.0
1997-10-24,15.875,15.96875,14.75,15.4375,9.40699577331543,2725800,0.0,0.0
1997-10-27,15.46875,15.5625,13.0,13.0,7.921678066253662,2592800,0.0,0.0
1997-10-28,13.25,15.75,13.1875,15.71875,9.578385353088379,4373400,0.0,0.0
1997-10-29,15.71875,15.84375,14.75,15.25,9.292738914489746,2331400,0.0,0.0
1997-10-30,14.75,15.28125,14.6875,14.84375,9.04518985748291,1229000,0.0,0.0
1997-10-31,15.0,15.625,14.875,15.28125,9.311781883239746,1338600,0.0,0.0
1997-11-03,15.40625,16.03125,15.40625,15.96875,9.730716705322266,877400,0.0,0.0
1997-11-04,15.875,16.34375,15.75,16.21875,9.883056640625,813600,0.0,0.0
1997-11-05,16.15625,16.46875,16.0625,16.21875,9.883056640625,801200,0.0,0.0
1997-11-06,16.15625,16.1875,15.71875,15.71875,9.578385353088379,503600,0.0,0.0
1997-11-07,15.375,15.6875,14.96875,15.0,9.140402793884277,1169600,0.0,0.0
1997-11-10,15.125,15.40625,14.90625,15.0,9.140402793884277,1504600,0.0,0.0
1997-11-11,15.28125,15.3125,14.96875,15.03125,9.159444808959961,1365600,0.0,0.0
1997-11-12,14.90625,14.9375,14.125,14.15625,8.62625503540039,2080200,0.0,0.0
1997-11-13,14.4375,14.75,13.875,14.28125,8.702425956726074,2363400,0.0,0.0
1997-11-14,14.46875,15.09375,14.46875,15.03125,9.159444808959961,1150000,0.0,0.0
1997-11-17,15.3125,16.0625,15.3125,15.90625,9.692636489868164,1329800,0.0,0.0
1997-11-18,15.875,15.875,15.25,15.25,9.292738914489746,498800,0.0,0.0
1997-11-19,14.875,15.09375,14.78125,14.875,9.064229011535645,1436200,0.0,0.0
1997-11-20,14.875,15.5,14.875,15.40625,9.387950897216797,2634800,0.0,0.0
1997-11-21,15.75,15.75,15.4375,15.65625,9.540292739868164,2699200,0.0,0.0
1997-11-24,15.53125,15.5625,15.28125,15.375,9.36890983581543,2107800,0.0,0.0
1997-11-25,15.625,15.75,15.25,15.625,9.521251678466797,1337600,0.0,0.0
1997-11-26,15.5625,15.78125,15.40625,15.40625,9.387950897216797,772600,0.0,0.0
1997-11-28,15.46875,15.8125,15.46875,15.6875,9.55933666229248,418800,0.0,0.0
1997-12-01,15.875,16.78125,15.8125,16.65625,10.149652481079102,2107000,0.0,0.0
1997-12-02,16.5625,16.5625,15.625,15.625,9.521251678466797,1991400,0.0,0.0
1997-12-03,14.875,15.3125,14.0,15.3125,9.330828666687012,6099400,0.0,0.0
1997-12-04,15.4375,15.59375,14.84375,14.96875,9.121356964111328,2754800,0.0,0.0
1997-12-05,14.96875,15.0625,14.75,14.96875,9.121356964111328,1641800,0.0,0.0
1997-12-08,14.96875,15.03125,14.46875,14.65625,8.930937767028809,2941200,0.0,0.0
1997-12-09,14.59375,14.59375,14.4375,14.4375,8.797635078430176,1923800,0.0,0.0
1997-12-10,14.3125,14.34375,13.5,13.59375,8.283491134643555,2817600,0.0,0.0
1997-12-11,13.0,13.25,12.75,13.0,7.921678066253662,3684200,0.0,0.0
1997-12-12,13.3125,13.53125,12.625,12.75,7.769339561462402,1890000,0.0,0.0
1997-12-15,12.875,12.90625,12.09375,12.125,7.388491630554199,4955600,0.0,0.0
1997-12-16,12.0625,12.5,11.875,12.03125,7.331362724304199,5165200,0.0,0.0
1997-12-17,12.375,13.1875,12.34375,12.96875,7.902639865875244,2865200,0.0,0.0
1997-12-18,13.0,13.0625,12.5625,12.625,7.693169593811035,2903200,0.0,0.0
1997-12-19,12.5,13.03125,12.3125,13.03125,7.940723419189453,2919400,0.0,0.0
1997-12-22,13.25,13.75,13.125,13.6875,8.340615272521973,2612400,0.0,0.0
1997-12-23,13.65625,13.65625,13.0625,13.0625,7.95976448059082,1638600,0.0,0.0
1997-12-24,13.1875,13.1875,13.03125,13.15625,8.016894340515137,285800,0.0,0.0
1997-12-26,13.15625,13.25,13.0625,13.125,7.997849941253662,224200,0.0,0.0
1997-12-29,13.21875,13.5,13.21875,13.375,8.150193214416504,1818800,0.0,0.0
1997-12-30,13.46875,13.8125,13.375,13.78125,8.397744178771973,993800,0.0,0.0
1997-12-31,13.8125,14.28125,13.5625,13.84375,8.435827255249023,2026400,0.0,0.0
1998-01-02,13.8125,13.84375,13.65625,13.78125,8.397744178771973,1536800,0.0,0.0
1998-01-05,13.8125,14.75,13.8125,14.40625,8.778590202331543,3679000,0.0,0.0
1998-01-06,14.25,14.3125,13.75,13.8125,8.416783332824707,1518600,0.0,0.0
1998-01-07,13.8125,13.8125,13.125,13.21875,8.05498218536377,1920800,0.0,0.0
1998-01-08,13.21875,13.375,13.03125,13.28125,8.093063354492188,2442400,0.0,0.0
1998-01-09,13.28125,13.28125,12.25,12.5,7.617002487182617,3076000,0.0,0.0
1998-01-12,12.0625,12.875,12.0625,12.5,7.617002487182617,2237400,0.0,0.0
1998-01-13,12.78125,13.25,12.5,13.25,8.07402229309082,4740400,0.0,0.0
1998-01-14,13.25,13.3125,12.40625,12.5,7.617002487182617,4817600,0.0,0.0
1998-01-15,12.59375,13.375,12.46875,13.1875,8.035935401916504,4557600,0.0,0.0
1998-01-16,13.1875,13.5625,13.1875,13.3125,8.112104415893555,2505200,0.0,0.0
1998-01-20,13.5,13.8125,13.375,13.78125,8.397744178771973,1596200,0.0,0.0
1998-01-21,13.75,13.75,13.28125,13.375,8.150193214416504,2818600,0.0,0.0
1998-01-22,13.25,13.28125,12.875,12.90625,7.864555358886719,1738800,0.0,0.0
1998-01-23,12.65625,13.4375,12.65625,13.4375,8.188273429870605,1917400,0.0,0.0
1998-01-26,13.4375,13.5,12.875,12.875,7.845512866973877,1701400,0.0,0.0
1998-01-27,13.0,13.25,12.9375,13.09375,7.97880744934082,2325600,0.0,0.0
1998-01-28,13.3125,13.84375,13.25,13.78125,8.397744178771973,2357200,0.0,0.0
1998-01-29,13.78125,14.625,13.625,14.28125,8.702425956726074,3097600,0.0,0.0
1998-01-30,14.4375,14.875,14.34375,14.75,8.988064765930176,2504200,0.0,0.0
1998-02-02,14.625,14.65625,13.84375,14.15625,8.62625503540039,4023000,0.0,0.0
1998-02-03,14.1875,14.8125,14.15625,14.75,8.988064765930176,2931000,0.0,0.0
1998-02-04,14.625,15.125,14.28125,14.9375,9.102317810058594,2309000,0.0,0.0
1998-02-05,15.0,15.375,14.53125,14.59375,8.892850875854492,1953600,0.0,0.0
1998-02-06,14.5,14.59375,14.15625,14.59375,8.892850875854492,2846200,0.0,0.0
1998-02-09,14.625,14.65625,14.15625,14.1875,8.645293235778809,2984000,0.0,0.0
1998-02-10,14.0625,14.5625,13.96875,14.46875,8.81667709350586,3432800,0.0,0.0
1998-02-11,14.21875,14.21875,13.875,14.09375,8.588168144226074,2555200,0.0,0.0
1998-02-12,14.09375,14.5,13.8125,14.40625,8.778590202331543,1633400,0.0,0.0
1998-02-13,14.375,14.53125,13.96875,14.0625,8.569125175476074,1706400,0.0,0.0
1998-02-17,14.5,14.5,13.5625,13.8125,8.416783332824707,2209400,0.0,0.0
1998-02-18,13.84375,15.8125,13.75,15.8125,9.635506629943848,8436200,0.0,0.0
1998-02-19,16.0,16.84375,15.875,16.1875,9.864013671875,8356000,0.0,0.0
1998-02-20,16.25,16.25,15.71875,15.96875,9.730716705322266,2595000,0.0,0.0
1998-02-23,16.125,16.3125,15.96875,16.3125,9.940185546875,3717200,0.0,0.0
1998-02-24,16.1875,16.1875,15.6875,15.6875,9.55933666229248,982000,0.0,0.0
1998-02-25,15.71875,16.5,15.5,16.4375,10.016357421875,4851600,0.0,0.0
1998-02-26,16.46875,17.0,16.28125,16.78125,10.22582721710205,3669200,0.0,0.0
1998-02-27,16.75,16.84375,16.125,16.15625,9.844976425170898,1624600,0.0,0.0
1998-03-02,16.03125,16.1875,15.5,15.5625,9.483163833618164,1796400,0.0,0.0
1998-03-03,15.625,15.71875,15.0625,15.625,9.521251678466797,1228800,0.0,0.0
1998-03-04,15.5,16.3125,15.46875,16.3125,9.940185546875,3200000,0.0,0.0
1998-03-05,15.8125,16.0,15.625,15.625,9.521251678466797,2682600,0.0,0.0
1998-03-06,15.6875,16.09375,15.6875,16.0,9.749762535095215,2853400,0.0,0.0
1998-03-09,15.8125,16.03125,15.6875,15.71875,9.578385353088379,1355800,0.0,0.0
1998-03-10,15.78125,15.96875,15.5625,15.8125,9.635506629943848,1018800,0.0,0.0
1998-03-11,15.90625,16.5625,15.8125,16.5625,10.092524528503418,2433200,0.0,0.0
1998-03-12,16.625,17.0625,16.5625,16.9375,10.321036338806152,2124600,0.0,0.0
1998-03-13,16.96875,17.5,16.84375,16.875,10.282950401306152,2708400,0.0,0.0
1998-03-16,17.0,17.09375,16.65625,16.71875,10.187737464904785,1435600,0.0,0.0
1998-03-17,16.9375,17.34375,16.875,16.9375,10.321036338806152,3322000,0.0,0.0
1998-03-18,17.0,17.09375,16.875,17.09375,10.416248321533203,1892800,0.0,0.0
1998-03-19,17.03125,17.125,16.5625,16.71875,10.187737464904785,1547600,0.0,0.0
1998-03-20,16.65625,16.75,16.3125,16.40625,9.997315406799316,2463200,0.0,0.0
1998-03-23,16.3125,16.5625,16.0,16.40625,9.997315406799316,2435600,0.0,0.0
1998-03-24,16.40625,16.8125,16.3125,16.75,10.206779479980469,1481200,0.0,0.0
1998-03-25,16.875,17.53125,16.875,17.25,10.511459350585938,2972000,0.0,0.0
1998-03-26,17.125,17.25,16.96875,17.0625,10.39720630645752,2180800,0.0,0.0
1998-03-27,17.0625,17.21875,16.625,16.8125,10.244869232177734,986800,0.0,0.0
1998-03-30,16.75,16.84375,16.125,16.28125,9.921144485473633,2703000,0.0,0.0
1998-03-31,16.25,16.9375,16.25,16.625,10.13061237335205,1097600,0.0,0.0
1998-04-01,16.75,17.125,16.5,17.125,10.435291290283203,1070600,0.0,0.0
1998-04-02,17.625,17.6875,17.34375,17.375,10.58763313293457,2055600,0.0,0.0
1998-04-03,17.5,17.5,17.0625,17.25,10.511459350585938,1581800,0.0,0.0
1998-04-06,17.28125,17.59375,17.28125,17.46875,10.644758224487305,2139000,0.0,0.0
1998-04-07,17.0625,17.125,16.59375,16.84375,10.263909339904785,3457200,0.0,0.0
1998-04-08,16.90625,17.0625,16.75,16.875,10.282950401306152,1756800,0.0,0.0
1998-04-09,16.9375,17.125,16.8125,17.0,10.359123229980469,697400,0.0,0.0
1998-04-13,17.0,17.34375,16.875,17.28125,10.530503273010254,1164400,0.0,0.0
1998-04-14,17.125,17.40625,16.875,17.40625,10.606674194335938,1820800,0.0,0.0
1998-04-15,18.0,18.5625,17.78125,18.53125,11.29220199584961,4393800,0.0,0.0
1998-04-16,18.5,18.6875,18.15625,18.3125,11.158905029296875,2284200,0.0,0.0
1998-04-17,18.125,18.375,18.03125,18.375,11.196989059448242,1054800,0.0,0.0
1998-04-20,18.28125,19.09375,18.21875,19.09375,11.634969711303711,2836000,0.0,0.0
1998-04-21,19.09375,19.125,18.8125,19.0625,11.615927696228027,1692400,0.0,0.0
1998-04-22,19.0625,19.65625,18.9375,19.375,11.806352615356445,3010000,0.0,0.0
1998-04-23,19.25,19.3125,18.875,18.90625,11.520708084106445,2835600,0.0,0.0
1998-04-24,18.90625,19.21875,18.8125,19.0625,11.615927696228027,802600,0.0,0.0
1998-04-27,18.5625,18.625,18.28125,18.4375,11.235078811645508,977800,0.0,0.0
1998-04-28,18.5,18.75,18.375,18.75,11.42550277709961,884800,0.0,0.0
1998-04-29,18.8125,19.21875,18.78125,19.15625,11.673051834106445,850600,0.0,0.0
1998-04-30,19.15625,19.8125,19.15625,19.46875,11.863481521606445,1557600,0.0,0.0
1998-05-01,19.5,19.53125,19.28125,19.5,11.882524490356445,883000,0.0,0.0
1998-05-04,19.4375,19.5,18.84375,18.90625,11.520708084106445,2627600,0.0,0.0
1998-05-05,18.96875,19.0,18.6875,18.71875,11.406455039978027,1016400,0.0,0.0
1998-05-06,18.75,18.90625,18.625,18.8125,11.463587760925293,521000,0.0,0.0
1998-05-07,18.875,19.0,18.5625,18.59375,11.330291748046875,830600,0.0,0.0
1998-05-08,18.625,19.0625,18.53125,18.84375,11.482625961303711,960000,0.0,0.0
1998-05-11,18.78125,18.875,18.0625,18.09375,11.025609016418457,1664200,0.0,0.0
1998-05-12,18.15625,18.5,17.875,18.5,11.273160934448242,1075800,0.0,0.0
1998-05-13,18.5,18.625,18.15625,18.15625,11.06369400024414,928000,0.0,0.0
1998-05-14,17.75,18.0,17.125,17.15625,10.454334259033203,4444400,0.0,0.0
1998-05-15,16.75,17.0,16.375,16.53125,10.073479652404785,3713400,0.0,0.0
1998-05-18,16.625,17.1875,16.625,16.90625,10.301992416381836,1729200,0.0,0.0
1998-05-19,17.0,17.3125,16.8125,16.875,10.282950401306152,2294600,0.0,0.0
1998-05-20,17.0,17.0625,13.25,13.8125,8.416783332824707,20206600,0.0,0.0
1998-05-21,14.0625,14.09375,13.21875,13.4375,8.188273429870605,11439800,0.0,0.0
1998-05-22,13.375,13.375,12.625,12.875,7.845512866973877,7232000,0.0,0.0
1998-05-26,13.03125,13.0625,12.5,12.625,7.693169593811035,3616400,0.0,0.0
1998-05-27,12.625,12.96875,12.46875,12.6875,7.7312541007995605,4458800,0.0,0.0
1998-05-28,12.71875,12.71875,12.4375,12.5625,7.655084609985352,2909000,0.0,0.0
1998-05-29,12.625,12.6875,12.34375,12.34375,7.521788120269775,1611000,0.0,0.0
1998-06-01,12.0625,12.0625,11.5625,11.5625,7.045724868774414,2571400,0.0,0.0
1998-06-02,11.6875,11.8125,11.46875,11.53125,7.026684761047363,2712200,0.0,0.0
1998-06-03,11.5625,11.84375,11.40625,11.40625,6.950509548187256,3993200,0.0,0.0
1998-06-04,11.5,12.0625,11.46875,12.0,7.312315940856934,4143400,0.0,0.0
1998-06-05,12.0625,12.28125,12.0,12.15625,7.407532691955566,3443400,0.0,0.0
1998-06-08,12.4375,12.5,12.1875,12.21875,7.445621490478516,1604800,0.0,0.0
1998-06-09,12.28125,13.0,12.25,12.9375,7.883597373962402,4523000,0.0,0.0
1998-06-10,12.5625,12.5625,12.125,12.125,7.388491630554199,2476400,0.0,0.0
1998-06-11,12.15625,12.25,11.875,12.03125,7.331362724304199,2825800,0.0,0.0
1998-06-12,11.9375,11.9375,11.0,11.46875,6.98859977722168,4983600,0.0,0.0
1998-06-15,11.46875,11.6875,11.125,11.3125,6.8933868408203125,2468000,0.0,0.0
1998-06-16,11.3125,11.71875,11.3125,11.6875,7.121893405914307,3333600,0.0,0.0
1998-06-17,11.6875,11.8125,11.21875,11.25,6.855301380157471,3669800,0.0,0.0
1998-06-18,11.375,11.53125,11.34375,11.46875,6.98859977722168,2967800,0.0,0.0
1998-06-19,11.46875,11.625,11.09375,11.5625,7.045724868774414,3101400,0.0,0.0
1998-06-22,11.875,11.9375,11.5,11.84375,7.217108249664307,1664400,0.0,0.0
1998-06-23,11.9375,12.5625,11.90625,12.4375,7.578912734985352,2489800,0.0,0.0
1998-06-24,12.53125,12.96875,12.375,12.75,7.769339561462402,3147000,0.0,0.0
1998-06-25,12.875,13.03125,12.40625,12.40625,7.559871196746826,1779000,0.0,0.0
1998-06-26,12.0625,12.5,12.0625,12.46875,7.59796142578125,1106000,0.0,0.0
1998-06-29,12.5,12.6875,12.40625,12.4375,7.578912734985352,2326400,0.0,0.0
1998-06-30,12.4375,12.46875,12.25,12.28125,7.483705043792725,1172400,0.0,0.0
1998-07-01,12.5,12.875,12.46875,12.84375,7.8264665603637695,3076800,0.0,0.0
1998-07-02,12.78125,12.8125,12.40625,12.46875,7.59796142578125,1072200,0.0,0.0
1998-07-06,12.46875,12.5,12.125,12.125,7.388491630554199,1587800,0.0,0.0
1998-07-07,12.03125,12.8125,12.03125,12.8125,7.80742883682251,2594400,0.0,0.0
1998-07-08,12.8125,13.40625,12.5,13.21875,8.05498218536377,3329600,0.0,0.0
1998-07-09,12.9375,13.09375,12.59375,12.625,7.693169593811035,1262600,0.0,0.0
1998-07-10,12.625,12.75,12.375,12.5,7.617002487182617,1118000,0.0,0.0
1998-07-13,12.5,12.90625,12.375,12.8125,7.80742883682251,2090600,0.0,0.0
1998-07-14,12.84375,13.09375,12.78125,12.78125,7.788381099700928,1351800,0.0,0.0
1998-07-15,12.84375,13.4375,12.625,13.4375,8.188273429870605,2660400,0.0,0.0
1998-07-16,13.6875,14.09375,13.4375,14.0,8.531039237976074,3307800,0.0,0.0
1998-07-17,13.90625,13.9375,13.1875,13.46875,8.207317352294922,3441600,0.0,0.0
1998-07-20,12.75,12.8125,11.21875,11.8125,7.198065757751465,9020400,0.0,0.0
1998-07-21,12.0625,12.4375,12.0625,12.1875,7.426577091217041,2014600,0.0,0.0
1998-07-22,11.90625,12.0,11.25,11.25,6.855301380157471,4642400,0.0,0.0
1998-07-23,11.3125,11.625,11.03125,11.0625,6.741044521331787,2724600,0.0,0.0
1998-07-24,11.125,11.40625,10.9375,11.09375,6.760085582733154,2017600,0.0,0.0
1998-07-27,11.1875,11.1875,10.9375,11.09375,6.760085582733154,1308200,0.0,0.0
1998-07-28,11.1875,11.59375,11.0625,11.25,6.855301380157471,915000,0.0,0.0
1998-07-29,11.3125,11.46875,10.71875,10.71875,6.5315775871276855,1985800,0.0,0.0
1998-07-30,11.0,11.125,10.875,11.03125,6.72200345993042,1359600,0.0,0.0
1998-07-31,11.09375,11.21875,10.75,10.75,6.5506181716918945,1323600,0.0,0.0
1998-08-03,10.75,11.15625,10.6875,11.125,6.779129505157471,815200,0.0,0.0
1998-08-04,11.0,11.0,10.5625,10.65625,6.493493556976318,1490200,0.0,0.0
1998-08-05,10.75,10.8125,10.375,10.5625,6.436367034912109,2073000,0.0,0.0
1998-08-06,10.5625,11.0,10.40625,10.875,6.626794338226318,3411600,0.0,0.0
1998-08-07,11.0,11.53125,11.0,11.21875,6.836255073547363,3599600,0.0,0.0
1998-08-10,11.25,11.375,11.09375,11.1875,6.817215919494629,1025600,0.0,0.0
1998-08-11,11.0,11.03125,10.78125,10.84375,6.607751369476318,643400,0.0,0.0
1998-08-12,10.875,11.6875,10.875,11.375,6.931472301483154,3368400,0.0,0.0
1998-08-13,11.75,11.90625,11.1875,11.1875,6.817215919494629,2270200,0.0,0.0
1998-08-14,11.375,11.59375,11.0625,11.09375,6.760085582733154,1016600,0.0,0.0
1998-08-17,11.09375,11.71875,11.0,11.65625,7.102851390838623,1299800,0.0,0.0
1998-08-18,11.75,12.1875,11.65625,12.125,7.388491630554199,2067200,0.0,0.0
1998-08-19,10.75,10.96875,10.5,10.75,6.5506181716918945,4303200,0.0,0.0
1998-08-20,10.375,10.40625,9.75,9.875,6.01743221282959,4464000,0.0,0.0
1998-08-21,9.4375,9.59375,9.28125,9.4375,5.750837326049805,3324400,0.0,0.0
1998-08-24,9.34375,9.59375,9.1875,9.21875,5.617539405822754,2549600,0.0,0.0
1998-08-25,9.28125,9.4375,8.65625,8.78125,5.350943565368652,3160800,0.0,0.0
1998-08-26,7.8125,8.875,7.8125,8.875,5.408071994781494,3127800,0.0,0.0
1998-08-27,8.875,8.875,7.75,8.125,4.951049327850342,4464400,0.0,0.0
1998-08-28,8.15625,8.3125,7.375,7.40625,4.513072967529297,4388000,0.0,0.0
1998-08-31,7.65625,7.71875,6.78125,7.03125,4.284562587738037,3585600,0.0,0.0
1998-09-01,7.21875,7.34375,7.09375,7.15625,4.3607330322265625,4038000,0.0,0.0
1998-09-02,7.625,7.625,7.125,7.1875,4.3797736167907715,2837200,0.0,0.0
1998-09-03,7.0,7.09375,6.65625,6.8125,4.151266574859619,2949400,0.0,0.0
1998-09-04,6.8125,7.0,6.5,6.625,4.03701114654541,2958800,0.0,0.0
1998-09-08,7.0,7.4375,6.96875,7.375,4.494032382965088,4738000,0.0,0.0
1998-09-09,7.46875,7.625,7.34375,7.5,4.570201396942139,2308000,0.0,0.0
1998-09-10,7.28125,7.28125,6.9375,7.09375,4.322646617889404,3034800,0.0,0.0
1998-09-11,7.125,7.375,7.09375,7.25,4.41786003112793,2246800,0.0,0.0
1998-09-14,7.3125,7.4375,7.21875,7.25,4.41786003112793,1669800,0.0,0.0
1998-09-15,7.125,7.28125,7.0625,7.125,4.341691017150879,1188400,0.0,0.0
1998-09-16,7.3125,7.53125,7.25,7.4375,4.532114505767822,2850600,0.0,0.0
1998-09-17,7.1875,7.6875,7.0625,7.4375,4.532114505767822,3194800,0.0,0.0
1998-09-18,7.46875,7.59375,7.34375,7.53125,4.589244842529297,2451400,0.0,0.0
1998-09-21,7.40625,8.15625,7.375,8.09375,4.9320068359375,2596200,0.0,0.0
1998-09-22,8.125,8.40625,7.875,7.875,4.798708915710449,1795600,0.0,0.0
1998-09-23,8.0625,8.5625,8.0625,8.5,5.179561614990234,1758400,0.0,0.0
1998-09-24,8.375,8.625,8.0625,8.15625,4.9700927734375,1212400,0.0,0.0
1998-09-25,8.03125,8.59375,8.03125,8.4375,5.141475200653076,1708600,0.0,0.0
1998-09-28,8.6875,8.78125,8.25,8.28125,5.046262264251709,1433200,0.0,0.0
1998-09-29,8.3125,8.4375,8.0,8.15625,4.9700927734375,1479600,0.0,0.0
1998-09-30,8.15625,8.3125,8.03125,8.03125,4.893922805786133,2927400,0.0,0.0
1998-10-01,8.0,8.125,7.75,7.78125,4.741581916809082,2273400,0.0,0.0
1998-10-02,7.75,7.84375,7.6875,7.78125,4.741581916809082,1518800,0.0,0.0
1998-10-05,7.75,7.78125,7.1875,7.25,4.41786003112793,2567800,0.0,0.0
1998-10-06,7.3125,7.6875,7.125,7.21875,4.398817539215088,1243800,0.0,0.0
1998-10-07,7.15625,7.375,6.75,7.0,4.265519618988037,1560600,0.0,0.0
1998-10-08,6.0,6.9375,6.0,6.6875,4.075096607208252,3133000,0.0,0.0
1998-10-09,6.875,7.28125,6.8125,7.15625,4.3607330322265625,1918000,0.0,0.0
1998-10-12,7.5,7.59375,7.375,7.5,4.570201396942139,2507800,0.0,0.0
1998-10-13,7.4375,7.46875,7.25,7.34375,4.4749884605407715,2686600,0.0,0.0
1998-10-14,7.25,7.75,7.15625,7.5,4.570201396942139,4562200,0.0,0.0
1998-10-15,7.53125,7.59375,7.1875,7.3125,4.455944538116455,4252800,0.0,0.0
1998-10-16,7.375,7.5625,7.375,7.46875,4.551158905029297,4152800,0.0,0.0
1998-10-19,7.5,8.125,7.5,8.125,4.951049327850342,3449800,0.0,0.0
1998-10-20,8.625,9.0,8.40625,8.5,5.179561614990234,4638400,0.0,0.0
1998-10-21,8.625,9.1875,8.5,9.03125,5.503282070159912,2191200,0.0,0.0
1998-10-22,9.03125,9.40625,8.875,9.25,5.636580467224121,2627600,0.0,0.0
1998-10-23,9.34375,9.71875,9.34375,9.4375,5.750837326049805,1940000,0.0,0.0
1998-10-26,9.5,9.5625,9.0625,9.21875,5.617539405822754,1051600,0.0,0.0
1998-10-27,9.25,9.46875,9.1875,9.21875,5.617539405822754,870000,0.0,0.0
1998-10-28,9.0,9.46875,9.0,9.40625,5.7317938804626465,1010400,0.0,0.0
1998-10-29,9.40625,9.9375,9.375,9.5625,5.827005863189697,2384000,0.0,0.0
1998-10-30,9.8125,10.625,9.8125,9.9375,6.055517196655273,4335400,0.0,0.0
1998-11-02,10.0625,10.28125,9.8125,9.9375,6.055517196655273,2237200,0.0,0.0
1998-11-03,9.9375,10.0,9.65625,9.9375,6.055517196655273,1117000,0.0,0.0
1998-11-04,10.25,11.0,10.25,11.0,6.702963829040527,2799600,0.0,0.0
1998-11-05,11.0,11.0,10.53125,10.78125,6.569661617279053,2243600,0.0,0.0
1998-11-06,10.75,10.90625,10.65625,10.875,6.626794338226318,1109000,0.0,0.0
1998-11-09,10.75,10.8125,10.0625,10.65625,6.493493556976318,1451800,0.0,0.0
1998-11-10,10.53125,10.6875,10.0,10.6875,6.51253604888916,1578600,0.0,0.0
1998-11-11,11.15625,11.15625,10.8125,11.0,6.702963829040527,1360200,0.0,0.0
1998-11-12,11.0,11.28125,10.8125,11.25,6.855301380157471,984200,0.0,0.0
1998-11-13,11.21875,12.125,11.21875,11.6875,7.121893405914307,3097600,0.0,0.0
1998-11-16,11.53125,11.6875,11.21875,11.3125,6.8933868408203125,1492800,0.0,0.0
1998-11-17,11.1875,11.25,10.59375,11.125,6.779129505157471,1298800,0.0,0.0
1998-11-18,11.125,11.3125,11.0,11.125,6.779129505157471,1420600,0.0,0.0
1998-11-19,11.09375,11.21875,10.75,11.15625,6.798173427581787,1967200,0.0,0.0
1998-11-20,11.1875,11.25,10.25,10.78125,6.569661617279053,2814600,0.0,0.0
1998-11-23,10.96875,11.25,10.875,11.25,6.855301380157471,2130800,0.0,0.0
1998-11-24,11.25,11.625,10.96875,11.0,6.702963829040527,2080800,0.0,0.0
1998-11-25,11.21875,11.21875,10.75,10.96875,6.68391752243042,1296200,0.0,0.0
1998-11-27,10.96875,11.0625,10.875,10.96875,6.68391752243042,496800,0.0,0.0
1998-11-30,10.96875,11.0,10.21875,10.21875,6.22689962387085,1331000,0.0,0.0
1998-12-01,10.4375,10.59375,9.875,10.5,6.398281097412109,4343800,0.0,0.0
1998-12-02,11.007813453674316,12.0625,11.0,12.0625,7.350405216217041,10834800,0.0,0.0
1998-12-03,12.875,14.0,12.75,13.625,8.302533149719238,18954600,0.0,0.0
1998-12-04,13.625,14.28125,13.625,14.09375,8.588168144226074,10072200,0.0,0.0
1998-12-07,14.09375,14.34375,13.9375,14.34375,8.740510940551758,5809400,0.0,0.0
1998-12-08,14.25,14.625,14.03125,14.5,8.83572006225586,3965600,0.0,0.0
1998-12-09,14.5,14.5,13.9375,13.9375,8.492958068847656,2913200,0.0,0.0
1998-12-10,13.96875,14.0,13.3125,13.4375,8.188273429870605,4693200,0.0,0.0
1998-12-11,13.3125,13.5,12.875,13.03125,7.940723419189453,2475200,0.0,0.0
1998-12-14,13.0,13.0,12.4375,12.5625,7.655084609985352,1831800,0.0,0.0
1998-12-15,12.6875,13.375,12.6875,13.1875,8.035935401916504,1865600,0.0,0.0
1998-12-16,13.3125,13.34375,13.0,13.0625,7.95976448059082,1045400,0.0,0.0
1998-12-17,13.1875,13.5625,13.125,13.5625,8.264447212219238,1516600,0.0,0.0
1998-12-18,13.5625,14.03125,13.5625,13.9375,8.492958068847656,1983400,0.0,0.0
1998-12-21,14.125,14.4375,14.0,14.09375,8.588168144226074,2929200,0.0,0.0
1998-12-22,14.40625,14.4375,13.9375,14.09375,8.588168144226074,2070200,0.0,0.0
1998-12-23,14.21875,14.65625,14.21875,14.625,8.91188907623291,2740400,0.0,0.0
1998-12-24,14.625,14.71875,14.40625,14.46875,8.81667709350586,316400,0.0,0.0
1998-12-28,14.46875,14.78125,14.46875,14.53125,8.85476303100586,792600,0.0,0.0
1998-12-29,14.5625,14.5625,14.4375,14.5,8.83572006225586,1355400,0.0,0.0
1998-12-30,14.5625,15.375,14.5625,15.0,9.140402793884277,2780000,0.0,0.0
1998-12-31,15.0625,16.0,15.0625,15.6875,9.55933666229248,1758200,0.0,0.0
1999-01-04,15.5625,15.71875,14.96875,15.0625,9.178489685058594,2900000,0.0,0.0
1999-01-05,15.09375,15.5,14.9375,15.5,9.44508171081543,2761000,0.0,0.0
1999-01-06,15.5,16.125,15.5,15.875,9.67359447479248,4866200,0.0,0.0
1999-01-07,15.75,15.78125,15.3125,15.5,9.44508171081543,2465200,0.0,0.0
1999-01-08,15.625,15.6875,15.0,15.03125,9.159444808959961,1721000,0.0,0.0
1999-01-11,15.03125,15.34375,14.75,15.0,9.140402793884277,2051000,0.0,0.0
1999-01-12,15.09375,15.125,14.25,14.4375,8.797635078430176,2326400,0.0,0.0
1999-01-13,13.8125,15.125,13.75,14.5,8.83572006225586,4635400,0.0,0.0
1999-01-14,14.53125,14.5625,13.75,14.0625,8.569125175476074,1677000,0.0,0.0
1999-01-15,14.15625,14.9375,14.0625,14.75,8.988064765930176,1589200,0.0,0.0
1999-01-19,15.03125,15.125,14.375,14.59375,8.892850875854492,2667800,0.0,0.0
1999-01-20,15.1875,15.625,14.875,15.25,9.292738914489746,4249000,0.0,0.0
1999-01-21,15.375,15.375,14.8125,14.84375,9.04518985748291,2063400,0.0,0.0
1999-01-22,14.625,14.625,14.28125,14.375,8.759547233581543,1126600,0.0,0.0
1999-01-25,14.25,14.3125,13.90625,14.25,8.683382034301758,1892800,0.0,0.0
1999-01-26,14.625,15.0,14.4375,14.8125,9.026145935058594,1994200,0.0,0.0
1999-01-27,14.875,15.0,14.5,14.59375,8.892850875854492,1765400,0.0,0.0
1999-01-28,14.625,14.875,14.5,14.875,9.064229011535645,1463600,0.0,0.0
1999-01-29,14.96875,15.125,14.5,14.875,9.064229011535645,1875000,0.0,0.0
1999-02-01,14.875,15.0625,14.53125,14.9375,9.102317810058594,1278200,0.0,0.0
1999-02-02,14.6875,14.71875,14.03125,14.0625,8.569125175476074,2318600,0.0,0.0
1999-02-03,15.625,17.0,15.4375,16.9375,10.321036338806152,7775000,0.0,0.0
1999-02-04,17.375,18.625,15.75,16.1875,9.864013671875,8825400,0.0,0.0
1999-02-05,16.0625,16.09375,14.9375,15.4375,9.40699577331543,4098600,0.0,0.0
1999-02-08,15.625,16.1875,15.4375,15.625,9.521251678466797,2316400,0.0,0.0
1999-02-09,15.8125,16.0625,15.09375,15.4375,9.40699577331543,1826200,0.0,0.0
1999-02-10,15.03125,15.1875,14.375,14.65625,8.930937767028809,3087000,0.0,0.0
1999-02-11,14.9375,15.5,14.6875,15.46875,9.42603874206543,3551800,0.0,0.0
1999-02-12,15.34375,15.375,14.90625,15.28125,9.311781883239746,4475000,0.0,0.0
1999-02-16,15.5625,15.78125,15.25,15.4375,9.40699577331543,2707600,0.0,0.0
1999-02-17,15.4375,15.9375,14.21875,14.46875,8.81667709350586,5896000,0.0,0.0
1999-02-18,14.875,14.9375,14.5,14.78125,9.00710391998291,2320800,0.0,0.0
1999-02-19,14.78125,14.8125,14.4375,14.5,8.83572006225586,1842200,0.0,0.0
1999-02-22,14.40625,14.8125,14.125,14.75,8.988064765930176,2403000,0.0,0.0
1999-02-23,14.875,14.9375,14.25,14.28125,8.702425956726074,2474600,0.0,0.0
1999-02-24,14.375,14.84375,14.1875,14.1875,8.645293235778809,2146600,0.0,0.0
1999-02-25,13.75,13.84375,13.3125,13.53125,8.245401382446289,3763000,0.0,0.0
1999-02-26,13.4375,13.4375,12.46875,12.53125,7.636043071746826,3722400,0.0,0.0
1999-03-01,12.375,13.0,12.1875,12.875,7.845512866973877,1543400,0.0,0.0
1999-03-02,12.9375,13.28125,12.65625,12.78125,7.788381099700928,4417600,0.0,0.0
1999-03-03,13.125,13.21875,12.6875,13.0625,7.95976448059082,2011400,0.0,0.0
1999-03-04,13.03125,13.34375,12.75,12.9375,7.883597373962402,3711200,0.0,0.0
1999-03-05,13.5,13.5,13.0,13.125,7.997849941253662,2658200,0.0,0.0
1999-03-08,13.34375,14.09375,13.28125,13.9375,8.492958068847656,4285000,0.0,0.0
1999-03-09,13.90625,14.3125,13.375,13.5625,8.264447212219238,2239400,0.0,0.0
1999-03-10,13.59375,13.84375,13.375,13.75,8.378704071044922,1258600,0.0,0.0
1999-03-11,13.875,13.96875,13.1875,13.34375,8.131150245666504,983200,0.0,0.0
1999-03-12,13.375,13.46875,12.46875,12.75,7.769339561462402,2299400,0.0,0.0
1999-03-15,12.75,13.0625,12.59375,13.0625,7.95976448059082,1256600,0.0,0.0
1999-03-16,13.03125,13.78125,12.84375,13.71875,8.359657287597656,3658600,0.0,0.0
1999-03-17,13.71875,13.71875,13.4375,13.5625,8.264447212219238,1717400,0.0,0.0
1999-03-18,13.6875,14.3125,13.6875,14.3125,8.721466064453125,2641400,0.0,0.0
1999-03-19,14.3125,14.5625,14.0625,14.46875,8.81667709350586,3310400,0.0,0.0
1999-03-22,14.46875,14.46875,13.75,13.9375,8.492958068847656,1268200,0.0,0.0
1999-03-23,13.875,13.875,13.375,13.5,8.226360321044922,1703200,0.0,0.0
1999-03-24,13.46875,14.125,13.375,14.125,8.60721206665039,1491600,0.0,0.0
1999-03-25,14.125,14.65625,14.0,14.625,8.91188907623291,2574000,0.0,0.0
1999-03-26,14.5,14.875,14.40625,14.5,8.83572006225586,1386400,0.0,0.0
1999-03-29,14.4375,15.125,14.375,15.09375,9.197526931762695,2173600,0.0,0.0
1999-03-30,15.1875,15.3125,14.875,15.0,9.140402793884277,2180800,0.0,0.0
1999-03-31,15.5,15.59375,14.875,14.875,9.064229011535645,1692400,0.0,0.0
1999-04-01,15.5,16.0625,15.25,15.84375,9.654545783996582,3755000,0.0,0.0
1999-04-05,15.96875,17.1875,15.9375,16.90625,10.301992416381836,3047400,0.0,0.0
1999-04-06,16.875,17.40625,16.75,17.1875,10.473377227783203,2868400,0.0,0.0
1999-04-07,17.15625,17.3125,16.34375,16.5,10.05444049835205,2553800,0.0,0.0
1999-04-08,16.5,16.71875,16.0625,16.6875,10.168693542480469,1292800,0.0,0.0
1999-04-09,16.75,17.71875,16.53125,17.5,10.663801193237305,2056000,0.0,0.0
1999-04-12,17.0,17.40625,16.875,16.96875,10.340078353881836,1821600,0.0,0.0
1999-04-13,17.03125,17.28125,16.8125,17.03125,10.378161430358887,1179200,0.0,0.0
1999-04-14,17.34375,17.96875,17.0,17.5,10.663801193237305,3254800,0.0,0.0
1999-04-15,17.46875,18.15625,17.3125,18.03125,10.987525939941406,2573400,0.0,0.0
1999-04-16,17.96875,17.96875,17.625,17.78125,10.835182189941406,1450600,0.0,0.0
1999-04-19,18.4375,18.46875,17.28125,17.5,10.663801193237305,2919200,0.0,0.0
1999-04-20,17.46875,18.34375,16.84375,18.3125,11.158905029296875,2648200,0.0,0.0
1999-04-21,18.3125,18.875,18.1875,18.75,11.42550277709961,1825800,0.0,0.0
1999-04-22,19.0,19.1875,18.78125,18.84375,11.482625961303711,2162800,0.0,0.0
1999-04-23,18.8125,18.84375,18.3125,18.53125,11.29220199584961,1059600,0.0,0.0
1999-04-26,18.5625,18.6875,18.40625,18.5,11.273160934448242,1195400,0.0,0.0
1999-04-27,18.5625,18.625,18.3125,18.4375,11.235078811645508,1764200,0.0,0.0
1999-04-28,18.4375,18.5625,18.125,18.21875,11.101780891418457,1479200,0.0,0.0
1999-04-29,18.21875,18.28125,17.8125,18.0,10.96847915649414,1219600,0.0,0.0
1999-04-30,18.125,18.375,17.375,17.5625,10.701887130737305,841800,0.0,0.0
1999-05-03,17.53125,18.3125,17.53125,18.3125,11.158905029296875,703600,0.0,0.0
1999-05-04,18.3125,18.46875,18.15625,18.3125,11.158905029296875,1019600,0.0,0.0
1999-05-05,18.375,18.8125,17.84375,18.8125,11.463587760925293,1803800,0.0,0.0
1999-05-06,18.78125,18.9375,18.5,18.625,11.349329948425293,885200,0.0,0.0
1999-05-07,18.625,18.6875,18.40625,18.5625,11.311247825622559,1071000,0.0,0.0
1999-05-10,18.375,18.8125,18.375,18.40625,11.216036796569824,1189800,0.0,0.0
1999-05-11,18.34375,19.40625,18.34375,19.1875,11.692095756530762,2160200,0.0,0.0
1999-05-12,19.875,20.84375,19.375,20.84375,12.701349258422852,4008600,0.0,0.0
1999-05-13,21.125,21.90625,20.875,21.09375,12.853693008422852,5076000,0.0,0.0
1999-05-14,20.96875,20.96875,19.75,20.03125,12.206243515014648,2624400,0.0,0.0
1999-05-17,20.25,20.25,19.6875,19.96875,12.168153762817383,1467200,0.0,0.0
1999-05-18,20.125,20.3125,19.5625,19.875,12.111034393310547,2249400,0.0,0.0
1999-05-19,20.5,21.125,19.96875,20.59375,12.549004554748535,5803600,0.0,0.0
1999-05-20,20.4375,20.53125,19.3125,19.4375,11.844435691833496,3036600,0.0,0.0
1999-05-21,19.75,19.78125,19.5,19.5625,11.92060375213623,1677200,0.0,0.0
1999-05-24,19.625,19.78125,18.65625,18.90625,11.520708084106445,2233400,0.0,0.0
1999-05-25,18.65625,19.15625,18.0625,18.25,11.120824813842773,1964000,0.0,0.0
1999-05-26,18.25,18.65625,17.625,18.53125,11.29220199584961,2567200,0.0,0.0
1999-05-27,18.5,19.5625,18.46875,19.3125,11.768269538879395,2271200,0.0,0.0
1999-05-28,19.25,19.4375,19.09375,19.21875,11.711135864257812,797800,0.0,0.0
1999-06-01,19.34375,19.75,19.1875,19.21875,11.711135864257812,1124200,0.0,0.0
1999-06-02,19.3125,20.34375,19.15625,20.28125,12.358579635620117,2207000,0.0,0.0
1999-06-03,20.15625,20.15625,19.625,20.0,12.187204360961914,1398200,0.0,0.0
1999-06-04,19.90625,20.5,19.875,20.375,12.41571044921875,1175400,0.0,0.0
1999-06-07,20.5,20.96875,20.5,20.6875,12.60614013671875,1260600,0.0,0.0
1999-06-08,20.6875,21.4375,20.59375,21.125,12.872734069824219,2411600,0.0,0.0
1999-06-09,21.0625,21.6875,21.0625,21.5,13.101236343383789,2277800,0.0,0.0
1999-06-10,21.34375,21.90625,21.0,21.875,13.329742431640625,3384800,0.0,0.0
1999-06-11,21.875,22.125,21.625,21.84375,13.310707092285156,1565600,0.0,0.0
1999-06-14,21.84375,22.0625,21.6875,22.0,13.405927658081055,1593600,0.0,0.0
1999-06-15,22.3125,22.625,22.25,22.4375,13.672510147094727,2384000,0.0,0.0
1999-06-16,22.375,23.34375,22.375,23.03125,14.034326553344727,2556200,0.0,0.0
1999-06-17,23.0,23.28125,22.40625,23.0,14.015279769897461,2485800,0.0,0.0
1999-06-18,22.625,22.8125,22.15625,22.375,13.634431838989258,1686600,0.0,0.0
1999-06-21,22.375,23.6875,22.25,23.6875,14.434216499328613,1584000,0.0,0.0
1999-06-22,23.5,24.21875,22.75,23.6875,14.434216499328613,3916000,0.0,0.0
1999-06-23,23.46875,24.625,23.4375,24.625,15.005495071411133,3066200,0.0,0.0
1999-06-24,24.375,24.40625,23.09375,23.96875,14.60560417175293,2441400,0.0,0.0
1999-06-25,23.96875,24.1875,22.625,23.0,14.015279769897461,1374800,0.0,0.0
1999-06-28,23.1875,23.34375,22.625,23.34375,14.22475528717041,1603400,0.0,0.0
1999-06-29,23.625,24.15625,23.40625,24.15625,14.71985149383545,1782000,0.0,0.0
1999-06-30,23.875,25.5,23.75,25.09375,15.291130065917969,2691800,0.0,0.0
1999-07-01,25.09375,25.09375,24.40625,24.53125,14.948360443115234,1223000,0.0,0.0
1999-07-02,24.375,24.46875,24.0,24.28125,14.7960205078125,912600,0.0,0.0
1999-07-06,24.25,24.5,23.8125,23.8125,14.510385513305664,1743600,0.0,0.0
1999-07-07,23.84375,24.5,23.34375,24.03125,14.64368724822998,3190200,0.0,0.0
1999-07-08,23.9375,24.375,23.8125,24.09375,14.68176555633545,1968000,0.0,0.0
1999-07-09,23.96875,24.25,23.71875,24.125,14.700810432434082,1560200,0.0,0.0
1999-07-12,24.0,24.9375,23.75,24.28125,14.7960205078125,1867400,0.0,0.0
1999-07-13,23.875,23.9375,23.5625,23.75,14.472296714782715,1062400,0.0,0.0
1999-07-14,23.9375,24.8125,23.625,24.6875,15.04357624053955,2166400,0.0,0.0
1999-07-15,24.9375,25.09375,24.53125,25.0,15.234004974365234,2737000,0.0,0.0
1999-07-16,24.875,24.875,24.4375,24.4375,14.891242980957031,857800,0.0,0.0
1999-07-19,24.4375,24.5625,24.0,24.0,14.624631881713867,727400,0.0,0.0
1999-07-20,23.96875,23.96875,22.21875,22.28125,13.577305793762207,1828200,0.0,0.0
1999-07-21,22.375,23.0,22.3125,23.0,14.015279769897461,1381000,0.0,0.0
1999-07-22,22.9375,22.9375,21.3125,21.375,13.02507209777832,1895000,0.0,0.0
1999-07-23,21.75,22.0,21.1875,21.65625,13.196451187133789,1461400,0.0,0.0
1999-07-26,21.375,21.375,20.8125,20.8125,12.6823091506958,1057200,0.0,0.0
1999-07-27,21.0,22.0625,21.0,21.84375,13.310707092285156,2419200,0.0,0.0
1999-07-28,21.9375,22.28125,21.5625,21.9375,13.36783504486084,1562200,0.0,0.0
1999-07-29,22.0,22.0,21.0,21.28125,12.967938423156738,1893400,0.0,0.0
1999-07-30,21.3125,21.65625,21.25,21.5625,13.139323234558105,1580400,0.0,0.0
1999-08-02,21.9375,22.6875,21.5625,22.0,13.405927658081055,1873200,0.0,0.0
1999-08-03,22.0,22.03125,20.8125,21.46875,13.082199096679688,2052800,0.0,0.0
1999-08-04,22.25,22.3125,21.8125,22.0,13.405927658081055,2541600,0.0,0.0
1999-08-05,22.0,22.46875,21.875,22.28125,13.577305793762207,2412800,0.0,0.0
1999-08-06,22.0,22.75,22.0,22.3125,13.596346855163574,2075200,0.0,0.0
1999-08-09,22.4375,23.09375,22.1875,22.875,13.939115524291992,1373400,0.0,0.0
1999-08-10,22.6875,22.9375,22.375,22.625,13.786773681640625,1484000,0.0,0.0
1999-08-11,23.0,25.0,22.75,24.5,14.92931842803955,3867200,0.0,0.0
1999-08-12,24.4375,24.5625,23.78125,24.125,14.700810432434082,1799600,0.0,0.0
1999-08-13,24.125,24.34375,23.6875,24.0,14.624631881713867,2145600,0.0,0.0
1999-08-16,24.0,24.0625,23.5,23.59375,14.377093315124512,1068000,0.0,0.0
1999-08-17,23.8125,23.875,22.78125,23.375,14.243786811828613,2060800,0.0,0.0
1999-08-18,22.5,23.1875,22.375,22.40625,13.653470039367676,3203400,0.0,0.0
1999-08-19,22.0,22.9375,22.0,22.375,13.634431838989258,4227000,0.0,0.0
1999-08-20,22.5,22.96875,22.375,22.9375,13.97719955444336,1561600,0.0,0.0
1999-08-23,23.0,23.4375,22.90625,23.09375,14.072416305541992,2189000,0.0,0.0
1999-08-24,23.0625,24.21875,22.9375,23.90625,14.567513465881348,2663000,0.0,0.0
1999-08-25,24.03125,25.375,24.03125,25.25,15.38633918762207,4354400,0.0,0.0
1999-08-26,25.0,25.96875,24.875,25.375,15.462508201599121,3855400,0.0,0.0
1999-08-27,25.40625,25.96875,25.40625,25.65625,15.633892059326172,2743400,0.0,0.0
1999-08-30,25.53125,25.59375,24.5,24.90625,15.17687702178955,1226000,0.0,0.0
1999-08-31,24.90625,26.0,24.875,25.75,15.691025733947754,3127800,0.0,0.0
1999-09-01,25.9375,27.46875,25.875,26.875,16.37654685974121,4703400,0.0,0.0
1999-09-02,26.0625,26.625,25.5,26.375,16.071870803833008,2523400,0.0,0.0
1999-09-03,26.625,26.96875,26.4375,26.78125,16.319427490234375,3025200,0.0,0.0
1999-09-07,27.0,28.4375,26.75,28.25,17.21442413330078,3157000,0.0,0.0
1999-09-08,28.3125,28.3125,27.375,27.5625,16.795488357543945,2042000,0.0,0.0
1999-09-09,27.5625,28.125,27.53125,28.0,17.06207847595215,2261800,0.0,0.0
1999-09-10,28.75,28.75,27.875,28.125,17.13825035095215,2953000,0.0,0.0
1999-09-13,28.5625,29.125,27.3125,27.3125,16.643142700195312,3005200,0.0,0.0
1999-09-14,27.40625,29.96875,27.375,29.375,17.899953842163086,3411800,0.0,0.0
1999-09-15,29.65625,29.65625,28.25,28.28125,17.23346519470215,1958200,0.0,0.0
1999-09-16,28.4375,28.9375,27.5,28.53125,17.38581085205078,2411400,0.0,0.0
1999-09-17,28.875,30.21875,28.8125,30.21875,18.414100646972656,2064600,0.0,0.0
1999-09-20,29.75,29.8125,28.5625,28.875,17.59527015686035,1617000,0.0,0.0
1999-09-21,28.96875,29.5,27.75,27.78125,16.928781509399414,2103800,0.0,0.0
1999-09-22,27.75,29.375,27.5625,28.96875,17.65239906311035,2319000,0.0,0.0
1999-09-23,29.0,29.75,27.5,27.75,16.909732818603516,3474600,0.0,0.0
1999-09-24,28.0,28.34375,27.28125,28.15625,17.15729522705078,3832000,0.0,0.0
1999-09-27,28.375,29.59375,28.125,28.125,17.13825035095215,2123400,0.0,0.0
1999-09-28,28.5,28.53125,27.375,28.15625,17.15729522705078,1183200,0.0,0.0
1999-09-29,28.375,28.84375,27.5,27.5625,16.795488357543945,1456400,0.0,0.0
1999-09-30,28.0625,28.375,25.40625,25.625,15.61485767364502,4950000,0.0,0.0
1999-10-01,26.0625,27.21875,26.03125,26.96875,16.433683395385742,2901800,0.0,0.0
1999-10-04,27.4375,28.0,26.9375,27.90625,17.00495719909668,1011400,0.0,0.0
1999-10-05,27.96875,28.75,27.53125,27.84375,16.966867446899414,2474800,0.0,0.0
1999-10-06,28.25,29.625,28.03125,29.28125,17.84282684326172,3936600,0.0,0.0
1999-10-07,29.0625,29.6875,28.40625,28.59375,17.42388916015625,3290200,0.0,0.0
1999-10-08,27.25,28.25,26.5,28.25,17.21442413330078,11518000,0.0,0.0
1999-10-11,28.4375,29.25,28.15625,29.25,17.82377815246582,23738600,0.0,0.0
1999-10-12,29.0,29.0,28.1875,28.34375,17.27154541015625,4842200,0.0,0.0
1999-10-13,27.9375,28.4375,25.1875,26.1875,15.95761489868164,5145000,0.0,0.0
1999-10-14,26.5625,27.40625,26.375,27.03125,16.471757888793945,2967800,0.0,0.0
1999-10-15,26.5,28.75,25.5,28.0,17.06207847595215,4181400,0.0,0.0
1999-10-18,27.9375,27.9375,25.8125,26.21875,15.976662635803223,2180800,0.0,0.0
1999-10-19,26.625,26.84375,23.3125,23.8125,14.510385513305664,4883400,0.0,0.0
1999-10-20,24.5,24.6875,23.78125,24.4375,14.891242980957031,3950600,0.0,0.0
1999-10-21,23.5,25.0625,23.5,24.75,15.0816650390625,2169200,0.0,0.0
1999-10-22,25.1875,25.375,24.1875,24.1875,14.738903999328613,1533400,0.0,0.0
1999-10-25,24.21875,25.4375,24.03125,24.875,15.157825469970703,1660600,0.0,0.0
1999-10-26,25.625,25.875,24.5,24.78125,15.10069465637207,1906800,0.0,0.0
1999-10-27,24.625,24.65625,23.3125,23.53125,14.339005470275879,2242000,0.0,0.0
1999-10-28,24.25,24.875,23.375,24.65625,15.024529457092285,3734000,0.0,0.0
1999-10-29,25.875,27.53125,25.75,26.59375,16.205163955688477,3483800,0.0,0.0
1999-11-01,27.0,28.84375,27.0,28.09375,17.119211196899414,3011400,0.0,0.0
1999-11-02,28.0,28.75,27.25,28.0,17.06207847595215,2499000,0.0,0.0
1999-11-03,28.6875,28.96875,28.15625,28.5,17.366764068603516,1882600,0.0,0.0
1999-11-04,28.84375,29.125,27.8125,28.625,17.44293212890625,2151000,0.0,0.0
1999-11-05,29.125,29.5625,28.84375,29.21875,17.80474090576172,1368800,0.0,0.0
1999-11-08,29.3125,30.6875,29.0,29.6875,18.09037971496582,3164000,0.0,0.0
1999-11-09,30.0,30.25,28.125,28.34375,17.27154541015625,2385000,0.0,0.0
1999-11-10,28.0625,30.0,28.0625,29.5,17.97612953186035,2251200,0.0,0.0
1999-11-11,30.25,32.5,30.25,32.25,19.651865005493164,3547400,0.0,0.0
1999-11-12,32.25,32.25,30.53125,31.0,18.89016342163086,3824000,0.0,0.0
1999-11-15,31.0,31.75,30.6875,31.03125,18.909204483032227,2303000,0.0,0.0
1999-11-16,31.125,31.6875,30.6875,30.6875,18.69974136352539,1676800,0.0,0.0
1999-11-17,30.9375,31.40625,28.90625,29.40625,17.918983459472656,2361800,0.0,0.0
1999-11-18,29.5,30.125,29.5,29.90625,18.22367286682129,1948200,0.0,0.0
1999-11-19,29.6875,30.25,29.125,29.40625,17.918983459472656,3012400,0.0,0.0
1999-11-22,29.40625,29.40625,27.5,27.875,16.985916137695312,3512200,0.0,0.0
1999-11-23,28.375,28.59375,27.0625,28.0,17.06207847595215,3471200,0.0,0.0
1999-11-24,28.0,28.6875,27.96875,28.4375,17.328672409057617,2438400,0.0,0.0
1999-11-26,28.5625,29.21875,28.5625,29.15625,17.766653060913086,1385400,0.0,0.0
1999-11-29,29.09375,29.59375,28.5,28.96875,17.65239906311035,2689600,0.0,0.0
1999-11-30,29.5,30.0625,28.34375,28.75,17.519094467163086,5799000,0.0,0.0
1999-12-01,29.5,31.21875,29.375,30.25,18.433137893676758,7875000,0.0,0.0
1999-12-02,31.75,35.25,31.0,35.03125,21.34665298461914,7681600,0.0,0.0
1999-12-03,35.1875,35.625,34.0625,34.8125,21.213348388671875,4601000,0.0,0.0
1999-12-06,34.8125,38.375,34.5625,37.0625,22.58440399169922,3776400,0.0,0.0
1999-12-07,37.25,37.3125,35.96875,36.40625,22.18451690673828,2794800,0.0,0.0
1999-12-08,36.46875,37.0,35.25,35.875,21.86079978942871,3032000,0.0,0.0
1999-12-09,36.375,36.5,33.875,34.6875,21.13717269897461,2632600,0.0,0.0
1999-12-10,35.25,35.25,32.875,33.40625,20.356443405151367,3250200,0.0,0.0
1999-12-13,33.34375,36.375,32.96875,35.84375,21.841745376586914,3617000,0.0,0.0
1999-12-14,35.9375,36.125,33.03125,33.75,20.565900802612305,3768800,0.0,0.0
1999-12-15,33.875,35.90625,33.5,35.25,21.479942321777344,3787600,0.0,0.0
1999-12-16,36.0,38.25,35.96875,37.8125,23.04141616821289,3913000,0.0,0.0
1999-12-17,39.0,39.9375,38.4375,39.5,24.06972885131836,3720400,0.0,0.0
1999-12-20,39.5,39.75,38.1875,38.5,23.460359573364258,2160800,0.0,0.0
1999-12-21,38.59375,40.875,37.75,40.5625,24.717159271240234,3397400,0.0,0.0
1999-12-22,40.5,40.5,39.25,40.21875,24.507701873779297,1590800,0.0,0.0
1999-12-23,41.1875,41.1875,40.0625,40.6875,24.793331146240234,1167200,0.0,0.0
1999-12-27,40.5,40.84375,39.9375,40.3125,24.5648250579834,1127200,0.0,0.0
1999-12-28,40.4375,42.5,40.375,41.625,25.3646183013916,1433800,0.0,0.0
1999-12-29,43.0,44.375,42.78125,44.34375,27.02131462097168,2344000,0.0,0.0
1999-12-30,44.75,46.125,44.4375,45.21875,27.554508209228516,1829600,0.0,0.0
1999-12-31,45.75,47.25,45.65625,46.5,28.335247039794922,591800,0.0,0.0
2000-01-03,46.75,46.9375,44.0,45.09375,27.478328704833984,3655600,0.0,0.0
2000-01-04,44.75,45.75,42.78125,42.8125,26.08822250366211,2533200,0.0,0.0
2000-01-05,42.8125,44.125,41.59375,43.4375,26.46908187866211,3228000,0.0,0.0
2000-01-06,43.4375,43.8125,41.625,42.25,25.745468139648438,2601000,0.0,0.0
2000-01-07,42.0,44.25,41.3125,43.4375,26.46908187866211,1890600,0.0,0.0
2000-01-10,45.0,47.375,44.625,47.21875,28.773210525512695,2570000,0.0,0.0
2000-01-11,46.75,47.0,45.125,45.28125,27.592578887939453,1926200,0.0,0.0
2000-01-12,45.15625,47.75,44.5,46.75,28.487573623657227,2842400,0.0,0.0
2000-01-13,47.875,47.875,46.375,46.90625,28.58279800415039,1685000,0.0,0.0
2000-01-14,47.875,50.96875,47.8125,50.6875,30.886932373046875,4688800,0.0,0.0
2000-01-18,50.25,50.875,49.03125,49.25,30.010990142822266,1968800,0.0,0.0
2000-01-19,49.75,51.125,49.5,50.71875,30.90597915649414,1835600,0.0,0.0
2000-01-20,51.625,52.0,49.5,49.71875,30.296619415283203,1991000,0.0,0.0
2000-01-21,49.9375,49.96875,48.3125,48.3125,29.4397029876709,1788600,0.0,0.0
2000-01-24,50.25,50.75,48.8125,49.28125,30.030019760131836,2860200,0.0,0.0
2000-01-25,49.28125,52.625,49.0,52.5,31.99139976501465,2408200,0.0,0.0
2000-01-26,52.0,52.125,49.3125,50.84375,30.98215103149414,2682800,0.0,0.0
2000-01-27,50.96875,51.546875,47.0,48.03125,29.268325805664062,2682800,0.0,0.0
2000-01-28,47.5,49.0625,46.5,47.75,29.096940994262695,2835800,0.0,0.0
2000-01-31,47.0,47.8125,43.0,46.75,28.487573623657227,3702000,0.0,0.0
2000-02-01,46.5,49.34375,45.0625,49.0,29.8586368560791,2826200,0.0,0.0
2000-02-02,48.9375,49.21875,47.53125,48.125,29.325450897216797,2537200,0.0,0.0
2000-02-03,49.0,53.8125,48.75,52.875,32.21992874145508,4145200,0.0,0.0
2000-02-04,53.0,56.25,51.875,55.75,33.971832275390625,3716200,0.0,0.0
2000-02-07,55.625,59.875,54.59375,59.5,36.25691604614258,2656400,0.0,0.0
2000-02-08,59.9375,60.1875,57.0,57.375,34.96204376220703,2789800,0.0,0.0
2000-02-09,57.34375,58.5,56.125,57.84375,35.247676849365234,2779600,0.0,0.0
2000-02-10,57.375,59.375,57.0,58.0625,35.38096618652344,2870000,0.0,0.0
2000-02-11,59.0,59.90625,56.25,57.3125,34.9239616394043,2038000,0.0,0.0
2000-02-14,58.5,59.375,57.375,58.5,35.64755630493164,2333200,0.0,0.0
2000-02-15,58.5,59.9375,56.0,59.9375,36.52352523803711,3279200,0.0,0.0
2000-02-16,61.875,64.0,61.125,63.75,38.8466911315918,4281400,0.0,0.0
2000-02-17,64.4375,71.8125,62.25,70.5,42.95988464355469,4563800,0.0,0.0
2000-02-18,70.5,71.0,67.4375,67.875,41.360313415527344,3625800,0.0,0.0
2000-02-22,68.0,72.9375,67.9375,71.84375,43.778709411621094,4419200,0.0,0.0
2000-02-23,71.84375,75.25,71.6875,73.8125,44.978389739990234,4011400,0.0,0.0
2000-02-24,75.5,83.65625,75.25,80.65625,49.14869689941406,5406000,0.0,0.0
2000-02-25,78.25,81.125,77.5625,78.4375,47.79668045043945,3421600,0.0,0.0
2000-02-28,77.25,77.5625,69.25,74.71875,45.53062057495117,4315000,0.0,0.0
2000-02-29,78.5,80.25,75.84375,78.625,47.91098403930664,3920000,0.0,0.0
2000-03-01,79.5,82.5,78.625,80.75,49.20582962036133,3680200,0.0,0.0
2000-03-02,80.9375,81.15625,76.59375,78.03125,47.54913330078125,3350400,0.0,0.0
2000-03-03,79.0,83.875,78.03125,83.5,50.88157272338867,3269800,0.0,0.0
2000-03-06,85.5,92.75,85.0,91.3125,55.64217758178711,4014000,0.0,0.0
2000-03-07,91.75,91.75,79.0,82.5,50.272193908691406,3881200,0.0,0.0
2000-03-08,82.5,83.875,78.5,82.8125,50.462623596191406,2986800,0.0,0.0
2000-03-09,82.8125,90.125,81.25,88.5,53.9283561706543,3207800,0.0,0.0
2000-03-10,88.53125,89.125,84.25,86.46875,52.69060134887695,2455000,0.0,0.0
2000-03-13,84.5,85.6875,82.25,82.5,50.272193908691406,2531600,0.0,0.0
2000-03-14,83.75,84.0,72.5,72.8125,44.36903381347656,4549200,0.0,0.0
2000-03-15,72.9375,73.0,67.0,67.0,40.827117919921875,5183200,0.0,0.0
2000-03-16,71.0,79.0,67.9375,79.0,48.13945770263672,4010800,0.0,2.0
2000-03-17,75.0,78.125,73.1875,77.875,47.45392608642578,2173900,0.0,0.0
2000-03-20,84.5,85.5,78.25,80.25,48.901145935058594,2902000,0.0,0.0
2000-03-21,80.0,85.0,76.1875,85.0,51.79560470581055,2278400,0.0,0.0
2000-03-22,87.5,94.0,87.375,92.0,56.061119079589844,2916500,0.0,0.0
2000-03-23,92.0,92.5,85.625,90.5,55.1470947265625,2572000,0.0,0.0
2000-03-24,90.5,94.6875,86.875,87.75,53.47134017944336,1963500,0.0,0.0
2000-03-27,88.0,90.25,87.0,88.0,53.62371063232422,2045300,0.0,0.0
2000-03-28,87.375,87.375,81.5,81.5,49.662841796875,1975700,0.0,0.0
2000-03-29,83.25,86.3125,80.5,86.25,52.55729293823242,4154700,0.0,0.0
2000-03-30,85.125,86.0,69.0,78.0,47.53009796142578,3539500,0.0,0.0
2000-03-31,79.125,81.875,73.1875,80.5,49.053489685058594,3045900,0.0,0.0
2000-04-03,80.5625,81.75,72.0,74.1875,45.20689010620117,2498400,0.0,0.0
2000-04-04,74.0,75.5,63.125,71.0,43.26457595825195,4220800,0.0,0.0
2000-04-05,70.875,75.5,69.5,72.984375,44.47378158569336,3387300,0.0,0.0
2000-04-06,76.875,79.25,75.8125,78.8125,48.02519226074219,2423800,0.0,0.0
2000-04-07,78.625,81.25,78.4375,79.0,48.13945770263672,2218100,0.0,0.0
2000-04-10,80.0,82.125,71.0,71.0,43.26457595825195,2290900,0.0,0.0
2000-04-11,71.0,71.0625,67.0,68.25,41.58882522583008,3181000,0.0,0.0
2000-04-12,66.375,67.625,60.9375,62.25,37.932655334472656,4895900,0.0,0.0
2000-04-13,64.5,67.0,62.0,62.125,37.85649490356445,3691200,0.0,0.0
2000-04-14,59.5,62.125,54.0625,58.625,35.723751068115234,5056500,0.0,0.0
2000-04-17,59.0,65.125,58.0,65.125,39.68457794189453,3956500,0.0,0.0
2000-04-18,63.75,69.5625,62.0,65.5625,39.951171875,2627000,0.0,0.0
2000-04-19,66.5,66.875,60.125,63.0625,38.427757263183594,2686200,0.0,0.0
2000-04-20,62.625,65.0,61.25,64.75,39.4560546875,1590800,0.0,0.0
2000-04-24,63.5,64.0,60.1875,61.5,37.47563934326172,1542300,0.0,0.0
2000-04-25,62.25,66.5,62.0,66.375,40.44626998901367,2780000,0.0,0.0
2000-04-26,65.0,68.75,65.0,65.5625,39.951171875,2147900,0.0,0.0
2000-04-27,63.75,71.9375,62.625,71.5625,43.607337951660156,2000200,0.0,0.0
2000-04-28,73.0,77.53125,72.125,76.8125,46.80647277832031,2354600,0.0,0.0
2000-05-01,77.75,79.75,77.1875,77.6875,47.339664459228516,2942000,0.0,0.0
2000-05-02,77.75,79.25,71.3125,71.3125,43.45497512817383,1476600,0.0,0.0
2000-05-03,73.5,73.9375,64.5,68.25,41.58882522583008,2519700,0.0,0.0
2000-05-04,70.0,70.0,66.4375,68.0,41.436492919921875,2252400,0.0,0.0
2000-05-05,68.0,70.625,67.25,68.9375,42.007774353027344,1711600,0.0,0.0
2000-05-08,68.0,68.75,64.75,64.9375,39.57032775878906,1164900,0.0,0.0
2000-05-09,65.125,66.1875,59.0,60.6875,36.98053741455078,2028800,0.0,0.0
2000-05-10,60.5,61.5,54.0,56.0,34.1241569519043,3950400,0.0,0.0
2000-05-11,58.0,60.3125,56.1875,59.875,36.48542785644531,3075700,0.0,0.0
2000-05-12,60.25,65.0,60.0625,61.75,37.62798309326172,3294400,0.0,0.0
2000-05-15,61.0,61.75,58.0,61.6875,37.589900970458984,2235400,0.0,0.0
2000-05-16,66.0,68.875,65.25,67.75,41.28414535522461,3621100,0.0,0.0
2000-05-17,69.875,75.375,68.5625,73.5,44.78795623779297,4915700,0.0,0.0
2000-05-18,75.0,75.3125,72.625,73.1875,44.59754180908203,2996200,0.0,0.0
2000-05-19,73.125,73.125,68.0625,70.0625,42.69330596923828,2445900,0.0,0.0
2000-05-22,70.5,71.25,65.1875,70.0,42.65520477294922,2385800,0.0,0.0
2000-05-23,71.0,71.0,66.5,67.75,41.28414535522461,1855900,0.0,0.0
2000-05-24,67.8125,69.0,61.0,66.4375,40.48435592651367,2889600,0.0,0.0
2000-05-25,68.125,71.3125,67.5,69.125,42.122013092041016,2439400,0.0,0.0
2000-05-26,69.625,70.1875,63.875,67.9375,41.39838790893555,1385900,0.0,0.0
2000-05-30,69.75,75.0,69.4375,75.0,45.70201110839844,2071400,0.0,0.0
2000-05-31,76.0,79.25,75.125,77.0,46.920719146728516,2845700,0.0,0.0
2000-06-01,79.0,84.625,78.0,83.0,50.57688903808594,2353900,0.0,0.0
2000-06-02,92.25,93.1875,86.8125,89.0,54.233036041259766,4566700,0.0,0.0
2000-06-05,87.625,88.5625,84.5,87.25,53.16667938232422,2233900,0.0,0.0
2000-06-06,87.5,88.5,84.6875,84.875,51.719451904296875,1489900,0.0,0.0
2000-06-07,85.875,89.9375,84.5625,88.625,54.004554748535156,2184300,0.0,0.0
2000-06-08,90.0,96.25,89.9375,94.65625,57.67972946166992,4059500,0.0,0.0
2000-06-09,95.125,95.1875,92.8125,94.71875,57.71782302856445,2410000,0.0,0.0
2000-06-12,95.5,95.625,91.75,92.5,56.36579895019531,1923600,0.0,0.0
2000-06-13,92.25,94.5,89.0625,94.5,57.58452606201172,1728500,0.0,0.0
2000-06-14,94.5,95.375,88.4375,88.75,54.080684661865234,2163800,0.0,0.0
2000-06-15,89.25,89.875,85.9375,87.5,53.3189697265625,2077600,0.0,0.0
2000-06-16,89.375,91.3125,87.75,89.125,54.30922317504883,1784800,0.0,0.0
2000-06-19,91.0,99.8125,90.0625,98.0,59.7172737121582,2764900,0.0,0.0
2000-06-20,98.75,99.0,94.9375,96.0,58.49852752685547,2308800,0.0,0.0
2000-06-21,95.75,98.875,93.875,97.0,59.107933044433594,2395500,0.0,0.0
2000-06-22,97.5,100.0,93.375,94.125,57.356021881103516,3141200,0.0,0.0
2000-06-23,96.0625,96.0625,90.125,90.625,55.22324752807617,1664000,0.0,0.0
2000-06-26,90.5,95.0,89.25,90.3125,55.032840728759766,2618400,0.0,0.0
2000-06-27,92.125,92.25,83.0625,85.75,52.252620697021484,3250200,0.0,0.0
2000-06-28,85.125,85.625,81.375,83.453125,50.85299301147461,2853500,0.0,0.0
2000-06-29,76.0,81.25,71.375,78.6875,47.949012756347656,6721100,0.0,0.0
2000-06-30,78.6875,80.125,75.4375,76.0,46.311370849609375,4613900,0.0,0.0
2000-07-03,77.0,80.1875,76.625,80.0625,48.78688430786133,1735700,0.0,0.0
2000-07-05,75.25,75.3125,69.625,70.4375,42.92177963256836,4753500,0.0,0.0
2000-07-06,70.1875,73.0,67.5,73.0,44.483299255371094,6154000,0.0,0.0
2000-07-07,72.0,76.5625,70.875,76.0,46.311370849609375,3204100,0.0,0.0
2000-07-10,75.875,79.4375,74.1875,75.375,45.930503845214844,2572500,0.0,0.0
2000-07-11,75.0625,79.125,73.125,74.8125,45.587738037109375,2652800,0.0,0.0
2000-07-12,76.0,79.6875,75.5,79.0,48.13945770263672,3224600,0.0,0.0
2000-07-13,83.75,85.0,81.5,82.75,50.424560546875,3469000,0.0,0.0
2000-07-14,85.25,87.0,83.0,86.375,52.633480072021484,2261900,0.0,0.0
2000-07-17,86.125,88.5,85.4375,88.3125,53.81409454345703,1719700,0.0,0.0
2000-07-18,86.5,86.875,81.5625,83.0,50.57688903808594,2259800,0.0,0.0
2000-07-19,83.0625,83.375,78.375,80.0,48.748817443847656,1780600,0.0,0.0
2000-07-20,79.0625,80.625,72.9375,74.4375,45.3592414855957,3774700,0.0,0.0
2000-07-21,73.0,74.9375,69.5625,74.0,45.09264373779297,3267500,0.0,0.0
2000-07-24,74.25,75.0625,66.625,71.25,43.416908264160156,3487500,0.0,0.0
2000-07-25,72.375,75.4375,71.8125,74.875,45.62582015991211,2611000,0.0,0.0
2000-07-26,73.75,73.75,69.0,70.5,42.95988464355469,4456300,0.0,0.0
2000-07-27,65.25,65.25,58.5,63.5,38.69437789916992,6652100,0.0,0.0
2000-07-28,63.8125,67.875,63.125,64.0,38.99905014038086,3850200,0.0,0.0
2000-07-31,65.0625,67.5,62.4375,66.625,40.598609924316406,2733900,0.0,0.0
2000-08-01,65.75,66.5,64.375,65.3125,39.79882049560547,2257400,0.0,0.0
2000-08-02,65.0625,66.5,61.5,63.75,38.8466911315918,2133400,0.0,0.0
2000-08-03,56.5,61.1875,56.0625,59.0,35.9522590637207,5790200,0.0,0.0
2000-08-04,60.8125,61.25,57.0625,58.125,35.41905212402344,3414100,0.0,0.0
2000-08-07,59.0625,60.4375,57.0,59.5625,36.29499816894531,4056300,0.0,0.0
2000-08-08,59.75,64.4375,59.75,63.0,38.389671325683594,2671600,0.0,0.0
2000-08-09,65.25,68.25,65.25,68.0,41.436492919921875,3210400,0.0,0.0
2000-08-10,67.3125,69.5,66.125,69.5,42.35053253173828,3695200,0.0,0.0
2000-08-11,69.5,74.0,65.375,74.0,45.09264373779297,3394800,0.0,0.0
2000-08-14,73.125,76.875,71.875,76.3125,46.50178527832031,2845300,0.0,0.0
2000-08-15,78.8125,83.5,76.0,82.875,50.500701904296875,3063900,0.0,0.0
2000-08-16,84.5,94.625,84.0,94.0625,57.31794738769531,11478600,0.0,0.0
2000-08-17,92.0,94.1875,91.75,92.5,56.36579895019531,4496200,0.0,0.0
2000-08-18,96.0,97.75,93.8125,94.25,57.43217468261719,3260400,0.0,0.0
2000-08-21,95.75,96.375,93.25,95.0,57.88918685913086,3408100,0.0,0.0
2000-08-22,94.75,96.5,94.125,95.3125,58.07963943481445,2025100,0.0,0.0
2000-08-23,95.625,99.0625,94.125,98.5,60.02198028564453,2674900,0.0,0.0
2000-08-24,97.9375,98.0,95.5,96.375,58.7270622253418,2222100,0.0,0.0
2000-08-25,95.5,95.75,92.25,93.25,56.822811126708984,1855000,0.0,0.0
2000-08-28,94.25,95.3125,91.625,94.0,57.27983474731445,1792400,0.0,0.0
2000-08-29,94.625,96.5625,93.4375,96.375,58.7270622253418,1884300,0.0,0.0
2000-08-30,96.0,96.375,94.5625,96.375,58.7270622253418,1624400,0.0,0.0
2000-08-31,95.625,102.875,95.625,100.0,60.93601989746094,3436700,0.0,0.0
2000-09-01,100.625,103.0,99.625,101.375,61.77386474609375,1857200,0.0,0.0
2000-09-05,100.0,100.0625,94.9375,96.25,58.650901794433594,2235300,0.0,0.0
2000-09-06,93.75,95.0,90.5,90.75,55.29941177368164,3008600,0.0,0.0
2000-09-07,90.875,97.375,90.625,96.5,58.80324172973633,2901500,0.0,0.0
2000-09-08,95.375,95.375,88.25,88.8125,54.118812561035156,3236500,0.0,0.0
2000-09-11,86.8125,92.25,85.5,89.0,54.233036041259766,3227600,0.0,0.0
2000-09-12,89.875,91.4375,86.625,87.5,53.3189697265625,2336300,0.0,0.0
2000-09-13,86.75,89.6875,85.625,89.25,54.3853874206543,2391700,0.0,0.0
2000-09-14,90.75,94.0625,89.625,93.25,56.822811126708984,2181400,0.0,0.0
2000-09-15,92.5,92.875,89.75,92.0625,56.09918212890625,2321400,0.0,0.0
2000-09-18,91.25,91.5,83.0,83.0,50.57688903808594,3824000,0.0,0.0
2000-09-19,84.5,90.5,83.0,89.0,54.233036041259766,3978500,0.0,0.0
2000-09-20,90.0,92.0,85.375,90.1875,54.95665740966797,3600000,0.0,0.0
2000-09-21,90.25,91.25,79.0,83.0,50.57688903808594,2391600,0.0,0.0
2000-09-22,85.25,89.375,82.5,88.375,53.85219192504883,4097900,0.0,0.0
2000-09-25,91.0,93.9375,82.0,82.1875,50.08176803588867,3213800,0.0,0.0
2000-09-26,81.0,86.0625,81.0,85.25,51.94794845581055,10253000,0.0,0.0
2000-09-27,85.25,89.5,85.0,86.8125,52.90007400512695,3849900,0.0,0.0
2000-09-28,86.8125,87.5,84.625,87.25,53.16667938232422,2673800,0.0,0.0
2000-09-29,85.0,86.75,82.0,82.75,50.424560546875,3074500,0.0,0.0
2000-10-02,83.5,86.6875,83.5,84.0,51.186248779296875,3047700,0.0,0.0
2000-10-03,85.5,89.0,85.125,85.3125,51.98604202270508,3415600,0.0,0.0
2000-10-04,85.3125,91.9375,84.5,91.5625,55.7945442199707,3394800,0.0,0.0
2000-10-05,91.5625,93.0625,89.5,92.0625,56.09918212890625,4372600,0.0,0.0
2000-10-06,91.875,93.3125,83.375,84.0,51.186248779296875,3290000,0.0,0.0
2000-10-09,84.0,86.0,75.125,78.0,47.53009796142578,5874500,0.0,0.0
2000-10-10,73.25,74.5625,66.625,69.375,42.27434539794922,9743600,0.0,0.0
2000-10-11,66.0,72.375,66.0,67.75,41.28414535522461,7831100,0.0,0.0
2000-10-12,69.75,71.75,63.5,63.8125,38.88479995727539,3871600,0.0,0.0
2000-10-13,63.375,75.4375,63.375,74.5625,45.43540954589844,4696100,0.0,0.0
2000-10-16,74.6875,76.125,66.375,66.8125,40.712886810302734,4391800,0.0,0.0
2000-10-17,66.875,67.875,64.3125,67.25,40.97947692871094,4783200,0.0,0.0
2000-10-18,64.75,69.4375,61.5,65.375,39.83690643310547,5135600,0.0,0.0
2000-10-19,70.0,76.375,68.4375,76.3125,46.50178527832031,4835100,0.0,0.0
2000-10-20,76.0625,82.25,74.125,80.0625,48.78688430786133,3982600,0.0,0.0
2000-10-23,79.8125,83.5625,77.0,79.0,48.13945770263672,3114400,0.0,0.0
2000-10-24,77.0,77.0,70.375,72.625,44.25477600097656,5954400,0.0,0.0
2000-10-25,68.5,70.0,63.125,64.125,39.075218200683594,7721200,0.0,0.0
2000-10-26,63.75,64.0,58.75,61.1875,37.285221099853516,5962000,0.0,0.0
2000-10-27,62.5,64.75,59.625,60.0,36.56161117553711,4469100,0.0,0.0
2000-10-30,60.0,62.0,59.375,60.0625,36.599674224853516,3446400,0.0,0.0
2000-10-31,62.5,68.0,61.5,65.0,39.608394622802734,5172400,0.0,0.0
2000-11-01,63.0,63.0,58.5,59.5,36.25691604614258,5700100,0.0,0.0
2000-11-02,61.0,62.75,59.5,60.0,36.56161117553711,4216100,0.0,0.0
2000-11-03,61.0,63.0,60.25,62.3125,37.97075653076172,3178000,0.0,0.0
2000-11-06,64.625,64.625,61.3125,62.0,37.78032684326172,2529800,0.0,0.0
2000-11-07,59.5,60.0,53.5,53.9375,32.867366790771484,6384800,0.0,0.0
2000-11-08,54.0,54.875,46.5625,46.9375,28.601829528808594,7823600,0.0,0.0
2000-11-09,45.5625,48.0,42.625,45.875,27.95439910888672,8694400,0.0,0.0
2000-11-10,44.5,45.5625,43.1875,44.5,27.116518020629883,4629700,0.0,0.0
2000-11-13,44.25,50.375,43.875,48.1875,29.3635311126709,6942900,0.0,0.0
2000-11-14,50.875,61.0,49.9375,55.5,33.81946563720703,6859300,0.0,0.0
2000-11-15,63.75,67.4375,61.5,63.25,38.54202651977539,11619400,0.0,0.0
2000-11-16,65.5,65.5,60.3125,60.75,37.01863479614258,4604600,0.0,0.0
2000-11-17,60.875,61.125,56.125,59.75,36.409271240234375,5498800,0.0,0.0
2000-11-20,59.0,62.0,57.125,61.5,37.47563934326172,4763400,0.0,0.0
2000-11-21,60.625,61.75,56.875,59.25,36.104583740234375,3507500,0.0,0.0
2000-11-22,61.1875,62.25,57.875,58.5,35.64755630493164,3252600,0.0,0.0
2000-11-24,59.75,62.375,58.9375,62.375,38.00884246826172,1000300,0.0,0.0
2000-11-27,63.25,63.375,54.9375,55.625,33.89564895629883,4198900,0.0,0.0
2000-11-28,55.625,56.4375,52.75,53.6875,32.71501159667969,4632400,0.0,0.0
2000-11-29,54.8125,56.625,51.75,51.875,31.610559463500977,5191400,0.0,0.0
2000-11-30,46.125,50.25,44.75,49.625,30.239484786987305,7658600,0.0,0.0
2000-12-01,50.0,54.375,49.75,52.375,31.91522979736328,3419900,0.0,0.0
2000-12-04,51.25,51.75,46.875,48.9375,29.82053565979004,5043300,0.0,0.0
2000-12-05,49.0,56.5,49.0,56.125,34.20033645629883,6763700,0.0,0.0
2000-12-06,55.875,60.0,54.625,58.8125,35.83796691894531,5630500,0.0,0.0
2000-12-07,57.0,57.0,52.0,55.25,33.66713333129883,4590800,0.0,0.0
2000-12-08,56.5,59.875,56.5,59.5,36.25691604614258,4887500,0.0,0.0
2000-12-11,59.5,61.75,58.5625,60.875,37.09480285644531,4302500,0.0,0.0
2000-12-12,60.0,61.125,58.9375,59.875,36.48542785644531,2707700,0.0,0.0
2000-12-13,60.0,60.5,54.25,54.5625,33.24821090698242,3291500,0.0,0.0
2000-12-14,56.5,56.6875,53.75,55.125,33.59097671508789,3122800,0.0,0.0
2000-12-15,53.1875,54.25,50.4375,54.25,33.05778884887695,3484300,0.0,0.0
2000-12-18,56.0,57.0,52.5625,53.0625,32.334171295166016,3705000,0.0,0.0
2000-12-19,53.3125,59.375,53.25,55.1875,33.629058837890625,4776500,0.0,0.0
2000-12-20,51.0,52.875,50.5,50.8125,30.96312141418457,4971800,0.0,0.0
2000-12-21,50.0625,50.4375,45.875,47.4375,28.906522750854492,5407600,0.0,0.0
2000-12-22,48.6875,49.9375,47.375,49.25,30.010990142822266,4786300,0.0,0.0
2000-12-26,51.0,51.9375,49.9375,51.625,31.458221435546875,1805500,0.0,0.0
2000-12-27,52.0,56.75,51.375,55.5625,33.85756301879883,2364200,0.0,0.0
2000-12-28,55.5625,56.0,52.5,54.0,32.90544128417969,2713000,0.0,0.0
2000-12-29,53.75,54.0,51.0625,51.1875,31.19161605834961,2872600,0.0,0.0
2001-01-02,48.0,48.5,45.75,47.0,28.639917373657227,3520100,0.0,0.0
2001-01-03,47.0,54.5625,43.125,54.5,33.21013259887695,8229000,0.0,0.0
2001-01-04,53.625,53.625,50.625,52.125,31.762893676757812,5871500,0.0,0.0
2001-01-05,52.125,52.125,46.9375,47.625,29.020771026611328,3621200,0.0,0.0
2001-01-08,47.375,47.375,43.8125,46.0,28.030559539794922,3649200,0.0,0.0
2001-01-09,45.9375,46.5,44.125,45.875,27.95439910888672,3517200,0.0,0.0
2001-01-10,44.75,49.625,44.625,49.1875,29.9729061126709,4326600,0.0,0.0
2001-01-11,47.25,52.875,47.1875,51.9375,31.648651123046875,4882700,0.0,0.0
2001-01-12,51.9375,53.0,50.5,52.5,31.99139976501465,3928900,0.0,0.0
2001-01-16,51.75,52.5625,51.0625,52.5625,32.02949523925781,3945700,0.0,0.0
2001-01-17,58.0,58.875,56.4375,57.625,35.11436080932617,5345000,0.0,0.0
2001-01-18,53.875,60.0,51.0,58.5,35.64755630493164,14827800,0.0,0.0
2001-01-19,58.3125,58.375,55.5625,57.3125,34.9239616394043,5100600,0.0,0.0
2001-01-22,57.3125,57.8125,55.375,56.0,34.1241569519043,3146600,0.0,0.0
2001-01-23,56.0,57.5,54.75,56.3125,34.31459045410156,3020200,0.0,0.0
2001-01-24,56.3125,57.9375,55.3125,56.5625,34.4669303894043,2737100,0.0,0.0
2001-01-25,55.75,56.5,54.375,54.6875,33.324378967285156,2255500,0.0,0.0
2001-01-26,53.5,55.25,52.625,54.75,33.36246109008789,2990800,0.0,0.0
2001-01-29,54.75,56.75,53.400001525878906,56.68000030517578,34.538516998291016,2015400,0.0,0.0
2001-01-30,56.29999923706055,60.75,55.75,60.40999984741211,36.81144332885742,3118200,0.0,0.0
2001-01-31,60.189998626708984,64.0,59.900001525878906,62.599998474121094,38.145938873291016,3986700,0.0,0.0
2001-02-01,61.599998474121094,62.5,59.0,59.20000076293945,36.07411575317383,3131100,0.0,0.0
2001-02-02,60.25,60.93000030517578,55.029998779296875,55.20000076293945,33.63666915893555,3414400,0.0,0.0
2001-02-05,54.29999923706055,54.849998474121094,52.349998474121094,53.849998474121094,32.81403350830078,2620100,0.0,0.0
2001-02-06,53.0,55.0099983215332,52.099998474121094,52.439998626708984,31.95484161376953,2304500,0.0,0.0
2001-02-07,52.5,52.5,48.4900016784668,49.400001525878906,30.10238265991211,4271900,0.0,0.0
2001-02-08,50.0,51.70000076293945,49.099998474121094,50.470001220703125,30.75440216064453,2860000,0.0,0.0
2001-02-09,50.470001220703125,51.20000076293945,47.400001525878906,48.4900016784668,29.5478572845459,2416300,0.0,0.0
2001-02-12,46.54999923706055,49.77000045776367,46.54999923706055,48.099998474121094,29.31022071838379,2939500,0.0,0.0
2001-02-13,46.599998474121094,49.0,46.599998474121094,47.5099983215332,28.95067596435547,2619200,0.0,0.0
2001-02-14,46.75,51.900001525878906,46.0,50.959999084472656,31.0529727935791,3535200,0.0,0.0
2001-02-15,51.959999084472656,53.5,50.79999923706055,51.5099983215332,31.388134002685547,3660600,0.0,0.0
2001-02-16,50.5,50.599998474121094,48.29999923706055,49.5,30.163330078125,4370300,0.0,0.0
2001-02-20,48.5,49.0,44.95000076293945,44.95000076293945,27.3907413482666,5744300,0.0,0.0
2001-02-21,44.0,47.119998931884766,44.0,45.5,27.725889205932617,5261400,0.0,0.0
2001-02-22,45.0,47.9900016784668,44.54999923706055,45.5099983215332,27.731977462768555,4388600,0.0,0.0
2001-02-23,45.25,45.900001525878906,42.79999923706055,44.150001525878906,26.903244018554688,4543800,0.0,0.0
2001-02-26,44.5,45.150001525878906,42.0,43.209999084472656,26.3304386138916,3509100,0.0,0.0
2001-02-27,42.599998474121094,42.790000915527344,39.79999923706055,40.25,24.526744842529297,4467400,0.0,0.0
2001-02-28,40.0,40.0,37.0,37.29999923706055,22.729127883911133,5170300,0.0,0.0
2001-03-01,37.20000076293945,41.58000183105469,36.709999084472656,41.20000076293945,25.105642318725586,6101400,0.0,0.0
2001-03-02,39.650001525878906,44.20000076293945,39.650001525878906,42.79999923706055,26.08061981201172,5229800,0.0,0.0
2001-03-05,42.5,43.900001525878906,42.29999923706055,42.54999923706055,25.92827796936035,2708300,0.0,0.0
2001-03-06,44.5,46.75,44.0,44.5,27.116518020629883,3918100,0.0,0.0
2001-03-07,44.5099983215332,44.5099983215332,41.79999923706055,42.5,25.897802352905273,4760600,0.0,0.0
2001-03-08,42.25,42.5,41.25,41.45000076293945,25.257980346679688,2937400,0.0,0.0
2001-03-09,40.25,40.790000915527344,39.04999923706055,39.68000030517578,24.17940902709961,2397900,0.0,0.0
2001-03-12,39.0,40.20000076293945,37.849998474121094,37.900001525878906,23.09475326538086,4945000,0.0,0.0
2001-03-13,38.25,40.290000915527344,37.79999923706055,40.13999938964844,24.459716796875,3409700,0.0,0.0
2001-03-14,39.0,40.90999984741211,38.099998474121094,39.619998931884766,24.14284896850586,3462900,0.0,0.0
2001-03-15,41.599998474121094,41.849998474121094,40.400001525878906,40.560001373291016,24.715641021728516,3902100,0.0,0.0
2001-03-16,39.25,40.9900016784668,39.25,39.61000061035156,24.136751174926758,4478400,0.0,0.0
2001-03-19,40.20000076293945,40.47999954223633,38.689998626708984,40.150001525878906,24.465805053710938,3551100,0.0,0.0
2001-03-20,39.900001525878906,41.20000076293945,38.25,38.45000076293945,23.429895401000977,4346500,0.0,0.0
2001-03-21,38.5,39.849998474121094,37.0,37.29999923706055,22.729127883911133,4409900,0.0,0.0
2001-03-22,36.02000045776367,41.900001525878906,36.02000045776367,40.540000915527344,24.70344352722168,5087700,0.0,0.0
2001-03-23,43.0099983215332,44.650001525878906,40.79999923706055,43.61000061035156,26.57419204711914,5092600,0.0,0.0
2001-03-26,43.61000061035156,43.61000061035156,40.0,41.0,24.983755111694336,3141200,0.0,0.0
2001-03-27,40.5,42.79999923706055,39.4900016784668,40.279998779296875,24.545042037963867,3970800,0.0,0.0
2001-03-28,39.5,40.29999923706055,37.25,37.400001525878906,22.790075302124023,3602100,0.0,0.0
2001-03-29,37.29999923706055,39.29999923706055,35.75,36.599998474121094,22.30257797241211,3833300,0.0,0.0
2001-03-30,37.45000076293945,37.7400016784668,35.20000076293945,36.2400016784668,22.083209991455078,4082700,0.0,0.0
2001-04-02,36.150001525878906,36.599998474121094,32.20000076293945,32.779998779296875,19.974822998046875,4737700,0.0,0.0
2001-04-03,32.70000076293945,33.5,30.850000381469727,31.0,18.89016342163086,4690300,0.0,0.0
2001-04-04,31.489999771118164,33.459999084472656,30.600000381469727,30.989999771118164,18.884063720703125,5672600,0.0,0.0
2001-04-05,33.0,35.77000045776367,32.5,35.220001220703125,21.46165657043457,4040100,0.0,0.0
2001-04-06,34.0,35.06999969482422,32.25,33.0,20.1088809967041,3904800,0.0,0.0
2001-04-09,33.0,33.5,30.5,31.899999618530273,19.43857765197754,3338300,0.0,0.0
2001-04-10,32.599998474121094,36.0,32.25,34.79999923706055,21.205730438232422,3810600,0.0,0.0
2001-04-11,39.75,42.0,38.41999816894531,39.0,23.76504898071289,5398200,0.0,0.0
2001-04-12,38.099998474121094,43.0,36.75,42.369998931884766,25.818588256835938,5019900,0.0,0.0
2001-04-16,41.0,41.900001525878906,38.599998474121094,39.380001068115234,23.99659538269043,4026600,0.0,0.0
2001-04-17,39.0,41.400001525878906,38.16999816894531,39.34000015258789,23.97221565246582,3603900,0.0,0.0
2001-04-18,41.2400016784668,48.5,41.2400016784668,45.29999923706055,27.604021072387695,5959400,0.0,0.0
2001-04-19,45.5,49.5,44.95000076293945,48.65999984741211,29.65144920349121,4700600,0.0,0.0
2001-04-20,48.599998474121094,49.45000076293945,46.81999969482422,47.5099983215332,28.95067596435547,2875300,0.0,0.0
2001-04-23,46.79999923706055,46.79999923706055,44.04999923706055,45.099998474121094,27.482145309448242,2008800,0.0,0.0
2001-04-24,44.900001525878906,46.70000076293945,42.869998931884766,43.54999923706055,26.537614822387695,2549500,0.0,0.0
2001-04-25,43.54999923706055,45.75,42.86000061035156,44.900001525878906,27.360271453857422,2647300,0.0,0.0
2001-04-26,45.150001525878906,46.0,42.650001525878906,42.650001525878906,25.989212036132812,2124200,0.0,0.0
2001-04-27,44.0,44.900001525878906,43.59000015258789,44.75,27.268863677978516,2058600,0.0,0.0
2001-04-30,46.5,48.5099983215332,45.400001525878906,47.310001373291016,28.82882308959961,4063100,0.0,0.0
2001-05-01,46.400001525878906,47.150001525878906,44.79999923706055,47.099998474121094,28.70086669921875,2958600,0.0,0.0
2001-05-02,49.0,50.5,48.349998474121094,50.400001525878906,30.711761474609375,3911400,0.0,0.0
2001-05-03,49.400001525878906,49.5,47.5,47.75,29.096940994262695,2871600,0.0,0.0
2001-05-04,46.25,49.72999954223633,45.70000076293945,48.65999984741211,29.65144920349121,2795200,0.0,0.0
2001-05-07,49.099998474121094,50.0,47.099998474121094,47.400001525878906,28.883678436279297,2755500,0.0,0.0
2001-05-08,48.869998931884766,48.869998931884766,47.439998626708984,47.959999084472656,29.224912643432617,2449000,0.0,0.0
2001-05-09,46.5,47.15999984741211,45.54999923706055,46.349998474121094,28.24383544921875,2295100,0.0,0.0
2001-05-10,47.599998474121094,48.54999923706055,45.75,45.75,27.878231048583984,1970900,0.0,0.0
2001-05-11,46.099998474121094,46.27000045776367,44.400001525878906,45.20000076293945,27.543073654174805,1899500,0.0,0.0
2001-05-14,45.150001525878906,45.150001525878906,43.900001525878906,45.0,27.421205520629883,1772900,0.0,0.0
2001-05-15,45.0,46.91999816894531,44.619998931884766,45.40999984741211,27.671037673950195,2036400,0.0,0.0
2001-05-16,45.40999984741211,47.599998474121094,44.79999923706055,47.16999816894531,28.7435302734375,2194300,0.0,0.0
2001-05-17,47.25,48.97999954223633,46.599998474121094,48.400001525878906,29.493030548095703,2113600,0.0,0.0
2001-05-18,47.79999923706055,49.560001373291016,47.099998474121094,49.25,30.010990142822266,2365600,0.0,0.0
2001-05-21,49.25,53.150001525878906,49.029998779296875,53.150001525878906,32.38748550415039,3236100,0.0,0.0
2001-05-22,53.099998474121094,53.29999923706055,51.099998474121094,52.04999923706055,31.717191696166992,2618900,0.0,0.0
2001-05-23,51.099998474121094,51.25,49.59000015258789,49.849998474121094,30.376588821411133,2312700,0.0,0.0
2001-05-24,49.849998474121094,49.86000061035156,47.43000030517578,48.5,29.553966522216797,2498700,0.0,0.0
2001-05-25,48.75,49.29999923706055,47.95000076293945,48.599998474121094,29.614885330200195,1729800,0.0,0.0
2001-05-29,47.75,47.90999984741211,46.45000076293945,46.900001525878906,28.578977584838867,2080000,0.0,0.0
2001-05-30,46.5,46.5,42.849998474121094,43.4900016784668,26.501079559326172,3410700,0.0,0.0
2001-05-31,43.59000015258789,45.20000076293945,43.59000015258789,44.54999923706055,27.146989822387695,3351900,0.0,0.0
2001-06-01,45.099998474121094,46.33000183105469,44.290000915527344,45.900001525878906,27.969635009765625,2617400,0.0,0.0
2001-06-04,45.900001525878906,46.25,44.5,45.04999923706055,27.451671600341797,1521800,0.0,0.0
2001-06-05,45.150001525878906,49.04999923706055,45.119998931884766,48.599998474121094,29.614885330200195,2263700,0.0,0.0
2001-06-06,48.599998474121094,49.25,47.13999938964844,48.650001525878906,29.64537811279297,2328200,0.0,0.0
2001-06-07,48.04999923706055,51.5099983215332,47.849998474121094,51.29999923706055,31.260173797607422,4831700,0.0,0.0
2001-06-08,51.27000045776367,51.27000045776367,48.20000076293945,49.310001373291016,30.04755973815918,1748300,0.0,0.0
2001-06-11,49.25,49.25,46.77000045776367,47.43000030517578,28.90195655822754,1422400,0.0,0.0
2001-06-12,46.400001525878906,46.900001525878906,43.25,46.04999923706055,28.06102752685547,3753400,0.0,0.0
2001-06-13,46.060001373291016,46.88999938964844,44.099998474121094,44.099998474121094,26.872774124145508,2605100,0.0,0.0
2001-06-14,43.900001525878906,43.900001525878906,39.970001220703125,40.599998474121094,24.74002456665039,3801000,0.0,0.0
2001-06-15,39.5,41.5,39.0,40.63999938964844,24.76439666748047,3933900,0.0,0.0
2001-06-18,41.5,42.5,40.599998474121094,41.099998474121094,25.04469108581543,3585600,0.0,0.0
2001-06-19,42.75,43.400001525878906,41.029998779296875,41.16999816894531,25.087358474731445,4247700,0.0,0.0
2001-06-20,40.900001525878906,41.79999923706055,39.0,40.849998474121094,24.892353057861328,4330600,0.0,0.0
2001-06-21,40.5,41.290000915527344,39.599998474121094,40.25,24.526744842529297,3317800,0.0,0.0
2001-06-22,40.04999923706055,40.95000076293945,39.040000915527344,39.5,24.06972885131836,3193000,0.0,0.0
2001-06-25,40.25,40.650001525878906,39.45000076293945,40.0,24.374408721923828,2472000,0.0,0.0
2001-06-26,39.0,41.95000076293945,39.0,41.630001068115234,25.367664337158203,2868300,0.0,0.0
2001-06-27,41.63999938964844,42.25,40.380001068115234,41.369998931884766,25.209232330322266,2687500,0.0,0.0
2001-06-28,41.599998474121094,44.36000061035156,41.599998474121094,43.650001525878906,26.59856605529785,2779000,0.0,0.0
2001-06-29,43.650001525878906,46.0,43.09000015258789,43.25,26.354812622070312,3357900,0.0,0.0
2001-07-02,44.099998474121094,46.310001373291016,43.27000045776367,45.25,27.57354736328125,2239300,0.0,0.0
2001-07-03,45.25,46.04999923706055,44.849998474121094,45.150001525878906,27.512617111206055,1064800,0.0,0.0
2001-07-05,42.400001525878906,44.95000076293945,42.400001525878906,43.7599983215332,26.66558265686035,1655900,0.0,0.0
2001-07-06,43.20000076293945,43.209999084472656,40.75,40.93000030517578,24.941116333007812,1902600,0.0,0.0
2001-07-09,40.939998626708984,41.900001525878906,40.619998931884766,40.709999084472656,24.807037353515625,3391000,0.0,0.0
2001-07-10,41.5,41.63999938964844,38.40999984741211,38.779998779296875,23.630983352661133,3081600,0.0,0.0
2001-07-11,38.779998779296875,40.41999816894531,38.599998474121094,39.20000076293945,23.886917114257812,3474500,0.0,0.0
2001-07-12,40.900001525878906,46.0,40.599998474121094,44.2400016784668,26.958084106445312,4346700,0.0,0.0
2001-07-13,44.2400016784668,44.720001220703125,42.59000015258789,43.040000915527344,26.226856231689453,3058600,0.0,0.0
2001-07-16,43.290000915527344,43.400001525878906,39.79999923706055,40.5,24.679079055786133,3586400,0.0,0.0
2001-07-17,40.5,42.25,39.04999923706055,42.130001068115234,25.672340393066406,3656600,0.0,0.0
2001-07-18,41.5,42.599998474121094,38.900001525878906,39.060001373291016,23.801603317260742,3324900,0.0,0.0
2001-07-19,40.5,43.5,40.40999984741211,42.04999923706055,25.623594284057617,4434500,0.0,0.0
2001-07-20,41.04999923706055,43.25,40.25,43.25,26.354812622070312,2767800,0.0,0.0
2001-07-23,43.25,43.56999969482422,40.900001525878906,41.11000061035156,25.050796508789062,2155800,0.0,0.0
2001-07-24,41.08000183105469,42.70000076293945,40.77000045776367,42.09000015258789,25.647964477539062,4122000,0.0,0.0
2001-07-25,41.9900016784668,43.599998474121094,40.25,43.380001068115234,26.43404769897461,4059900,0.0,0.0
2001-07-26,42.900001525878906,48.310001373291016,42.75,48.27000045776367,29.413806915283203,5046200,0.0,0.0
2001-07-27,48.279998779296875,48.5,46.349998474121094,47.0,28.639917373657227,3670600,0.0,0.0
2001-07-30,47.25,47.4900016784668,45.849998474121094,46.75,28.487573623657227,2678200,0.0,0.0
2001-07-31,46.25,47.79999923706055,46.0,46.0,28.030559539794922,4089700,0.0,0.0
2001-08-01,49.0,50.83000183105469,48.45000076293945,50.0,30.46800994873047,4894700,0.0,0.0
2001-08-02,50.0,51.060001373291016,49.150001525878906,49.900001525878906,30.407073974609375,3448100,0.0,0.0
2001-08-03,49.900001525878906,49.900001525878906,48.41999816894531,49.0,29.8586368560791,2461600,0.0,0.0
2001-08-06,48.349998474121094,49.45000076293945,47.79999923706055,49.09000015258789,29.913482666015625,2377700,0.0,0.0
2001-08-07,48.75,48.900001525878906,47.209999084472656,47.95000076293945,29.21880340576172,2222400,0.0,0.0
2001-08-08,47.95000076293945,49.79999923706055,46.0,46.0,28.030559539794922,3106900,0.0,0.0
2001-08-09,46.29999923706055,47.099998474121094,45.400001525878906,46.06999969482422,28.073213577270508,2708300,0.0,0.0
2001-08-10,46.09000015258789,47.97999954223633,45.0099983215332,47.45000076293945,28.91413688659668,3458100,0.0,0.0
2001-08-13,48.9900016784668,49.2400016784668,48.400001525878906,48.9900016784668,29.85254669189453,3272900,0.0,0.0
2001-08-14,49.5,49.939998626708984,48.95000076293945,49.0099983215332,29.864734649658203,2398500,0.0,0.0
2001-08-15,49.04999923706055,49.439998626708984,47.0,47.119998931884766,28.713054656982422,2351200,0.0,0.0
2001-08-16,46.900001525878906,48.29999923706055,45.84000015258789,48.220001220703125,29.383346557617188,3338300,0.0,0.0
2001-08-17,47.0,47.70000076293945,46.2400016784668,47.65999984741211,29.042098999023438,3435700,0.0,0.0
2001-08-20,47.650001525878906,48.900001525878906,47.20000076293945,48.16999816894531,29.352867126464844,2414900,0.0,0.0
2001-08-21,48.31999969482422,48.45000076293945,45.20000076293945,45.25,27.57354736328125,3031700,0.0,0.0
2001-08-22,46.0,47.720001220703125,44.75,47.63999938964844,29.02991485595703,4689200,0.0,0.0
2001-08-23,47.63999938964844,49.029998779296875,47.20000076293945,48.41999816894531,29.505199432373047,3265500,0.0,0.0
2001-08-24,48.41999816894531,50.150001525878906,48.41999816894531,50.150001525878906,30.559398651123047,3531600,0.0,0.0
2001-08-27,49.95000076293945,52.65999984741211,49.54999923706055,52.5,31.99139976501465,3948100,0.0,0.0
2001-08-28,52.400001525878906,52.7400016784668,51.25,51.279998779296875,31.247983932495117,3420200,0.0,0.0
2001-08-29,51.150001525878906,51.97999954223633,48.470001220703125,48.7599983215332,29.712383270263672,2968700,0.0,0.0
2001-08-30,48.79999923706055,49.25,46.47999954223633,47.099998474121094,28.70086669921875,3553000,0.0,0.0
2001-08-31,46.54999923706055,48.400001525878906,46.349998474121094,47.869998931884766,29.170068740844727,2176800,0.0,0.0
2001-09-04,48.0,48.869998931884766,45.18000030517578,45.29999923706055,27.604021072387695,3658200,0.0,0.0
2001-09-05,45.04999923706055,45.900001525878906,42.5,44.369998931884766,27.037303924560547,4740600,0.0,0.0
2001-09-06,44.13999938964844,44.63999938964844,41.849998474121094,42.47999954223633,25.885616302490234,4285200,0.0,0.0
2001-09-07,42.0,44.5,41.66999816894531,42.400001525878906,25.836868286132812,4295100,0.0,0.0
2001-09-10,42.150001525878906,43.34000015258789,41.5,41.91999816894531,25.544370651245117,3568400,0.0,0.0
2001-09-17,39.099998474121094,39.849998474121094,37.150001525878906,38.9900016784668,23.758949279785156,3546500,0.0,0.0
2001-09-18,38.9900016784668,39.5,34.779998779296875,34.779998779296875,21.19354820251465,3313400,0.0,0.0
2001-09-19,34.790000915527344,35.20000076293945,30.8799991607666,33.91999816894531,20.669498443603516,4863500,0.0,0.0
2001-09-20,32.900001525878906,35.0,32.06999969482422,32.20000076293945,19.621397018432617,4555200,0.0,0.0
2001-09-21,30.25,32.060001373291016,29.899999618530273,31.25,19.042503356933594,4594200,0.0,0.0
2001-09-24,31.260000228881836,35.400001525878906,31.260000228881836,33.29999923706055,20.29169464111328,4537500,0.0,0.0
2001-09-25,33.29999923706055,35.75,32.900001525878906,35.25,21.479942321777344,5005400,0.0,0.0
2001-09-26,35.2599983215332,35.2599983215332,32.65999984741211,32.849998474121094,20.01747703552246,3457000,0.0,0.0
2001-09-27,32.5,33.0,29.0,32.04999923706055,19.529987335205078,5734600,0.0,0.0
2001-09-28,32.13999938964844,33.650001525878906,31.920000076293945,32.70000076293945,19.92608070373535,4362900,0.0,0.0
2001-10-01,32.79999923706055,33.4900016784668,30.799999237060547,31.790000915527344,19.371559143066406,2766600,0.0,0.0
2001-10-02,31.790000915527344,32.79999923706055,31.600000381469727,32.13999938964844,19.584836959838867,3207400,0.0,0.0
2001-10-03,32.150001525878906,37.88999938964844,31.850000381469727,36.95000076293945,22.51585578918457,5784600,0.0,0.0
2001-10-04,36.959999084472656,39.099998474121094,36.0,38.560001373291016,23.49692726135254,4769300,0.0,0.0
2001-10-05,38.0,38.939998626708984,35.650001525878906,38.2400016784668,23.30193519592285,3654300,0.0,0.0
2001-10-08,38.0,39.83000183105469,37.02000045776367,39.58000183105469,24.118471145629883,3607000,0.0,0.0
2001-10-09,39.08000183105469,39.09000015258789,36.560001373291016,36.56999969482422,22.284297943115234,3479500,0.0,0.0
2001-10-10,36.31999969482422,39.439998626708984,36.29999923706055,39.439998626708984,24.033161163330078,4498200,0.0,0.0
2001-10-11,39.900001525878906,44.20000076293945,39.900001525878906,43.97999954223633,26.79965591430664,5747000,0.0,0.0
2001-10-12,42.599998474121094,43.380001068115234,40.59000015258789,43.11000061035156,26.269508361816406,4325000,0.0,0.0
2001-10-15,41.849998474121094,41.86000061035156,39.65999984741211,40.0,24.374408721923828,4595300,0.0,0.0
2001-10-16,40.7400016784668,42.29999923706055,40.0,42.06999969482422,25.635784149169922,4098100,0.0,0.0
2001-10-17,44.0,44.099998474121094,39.689998626708984,39.7599983215332,24.228151321411133,4763800,0.0,0.0
2001-10-18,39.0,39.77000045776367,35.439998626708984,35.79999923706055,21.815086364746094,7355500,0.0,0.0
2001-10-19,35.95000076293945,36.619998931884766,34.310001373291016,36.16999816894531,22.040557861328125,5613200,0.0,0.0
2001-10-22,36.20000076293945,38.84000015258789,35.099998474121094,38.7400016784668,23.606605529785156,3516100,0.0,0.0
2001-10-23,38.25,39.650001525878906,37.099998474121094,37.810001373291016,23.039905548095703,3797000,0.0,0.0
2001-10-24,37.810001373291016,39.599998474121094,37.70000076293945,38.709999084472656,23.58832550048828,2893600,0.0,0.0
2001-10-25,37.900001525878906,41.70000076293945,37.060001373291016,41.619998931884766,25.3615665435791,3817100,0.0,0.0
2001-10-26,41.0,42.599998474121094,40.779998779296875,42.5,25.897802352905273,4065000,0.0,0.0
2001-10-29,41.75,41.7599983215332,38.0,38.79999923706055,23.64318084716797,3563300,0.0,0.0
2001-10-30,37.75,38.0,35.20000076293945,35.70000076293945,21.754152297973633,5512700,0.0,0.0
2001-10-31,37.0,39.58000183105469,37.0,38.0,23.155685424804688,5319100,0.0,0.0
2001-11-01,38.0,40.20000076293945,37.56999969482422,40.0,24.374408721923828,4166700,0.0,0.0
2001-11-02,40.0,41.599998474121094,39.29999923706055,40.25,24.526744842529297,3926700,0.0,0.0
2001-11-05,41.349998474121094,42.0,40.849998474121094,42.0,25.593124389648438,3750100,0.0,0.0
2001-11-06,41.900001525878906,44.95000076293945,41.5,44.54999923706055,27.146989822387695,4701500,0.0,0.0
2001-11-07,43.900001525878906,46.25,43.5,45.25,27.57354736328125,5194000,0.0,0.0
2001-11-08,46.0,46.0,42.599998474121094,43.0,26.202472686767578,6356900,0.0,0.0
2001-11-09,43.0,44.5,42.56999969482422,44.25,26.96417808532715,3755400,0.0,0.0
2001-11-12,44.599998474121094,46.0,43.15999984741211,45.310001373291016,27.61012077331543,3772000,0.0,0.0
2001-11-13,46.880001068115234,47.54999923706055,46.099998474121094,47.41999816894531,28.895849227905273,3336000,0.0,0.0
2001-11-14,47.41999816894531,48.0,45.75,46.70000076293945,28.45711898803711,3636400,0.0,0.0
2001-11-15,46.54999923706055,46.75,45.29999923706055,45.650001525878906,27.81730079650879,3230600,0.0,0.0
2001-11-16,46.220001220703125,46.880001068115234,45.400001525878906,46.29999923706055,28.213369369506836,2229400,0.0,0.0
2001-11-19,46.790000915527344,46.790000915527344,43.75,43.79999923706055,26.68995475769043,4480500,0.0,0.0
2001-11-20,44.290000915527344,44.290000915527344,40.439998626708984,42.0,25.593124389648438,4486400,0.0,0.0
2001-11-21,42.0,42.0,39.900001525878906,41.599998474121094,25.349365234375,4155200,0.0,0.0
2001-11-23,41.70000076293945,42.4900016784668,40.61000061035156,42.189998626708984,25.70888900756836,954500,0.0,0.0
2001-11-26,42.189998626708984,44.7400016784668,42.189998626708984,44.29999923706055,26.994646072387695,3649700,0.0,0.0
2001-11-27,44.0,44.2400016784668,42.11000061035156,42.810001373291016,26.086711883544922,4783100,0.0,0.0
2001-11-28,42.810001373291016,42.810001373291016,40.61000061035156,40.79999923706055,24.861888885498047,3421200,0.0,0.0
2001-11-29,41.689998626708984,42.7599983215332,40.41999816894531,42.349998474121094,25.80640983581543,3278100,0.0,0.0
2001-11-30,42.36000061035156,42.88999938964844,41.0,42.5,25.897802352905273,3340100,0.0,0.0
2001-12-03,42.29999923706055,42.75,41.40999984741211,41.959999084472656,25.568750381469727,2532500,0.0,0.0
2001-12-04,42.5,44.66999816894531,42.099998474121094,44.650001525878906,27.207929611206055,4392800,0.0,0.0
2001-12-05,45.0,47.849998474121094,44.97999954223633,47.27000045776367,28.804443359375,4018600,0.0,0.0
2001-12-06,47.400001525878906,48.400001525878906,46.540000915527344,47.72999954223633,29.084760665893555,3759300,0.0,0.0
2001-12-07,47.599998474121094,48.20000076293945,45.20000076293945,46.33000183105469,28.23165512084961,2631200,0.0,0.0
2001-12-10,45.5,46.880001068115234,44.720001220703125,44.959999084472656,27.39682388305664,2496900,0.0,0.0
2001-12-11,45.5,46.599998474121094,44.439998626708984,44.68000030517578,27.22620391845703,2730200,0.0,0.0
2001-12-12,45.25,45.97999954223633,44.25,45.90999984741211,27.9757137298584,2675000,0.0,0.0
2001-12-13,44.849998474121094,44.86000061035156,43.099998474121094,44.0,26.81185531616211,6105200,0.0,0.0
2001-12-14,43.77000045776367,45.7599983215332,43.650001525878906,45.33000183105469,27.62229347229004,3248500,0.0,0.0
2001-12-17,45.45000076293945,46.45000076293945,45.400001525878906,45.97999954223633,28.018369674682617,2490100,0.0,0.0
2001-12-18,46.04999923706055,47.650001525878906,46.04999923706055,47.20000076293945,28.76178550720215,3363100,0.0,0.0
2001-12-19,46.0,46.099998474121094,44.75,45.130001068115234,27.50041389465332,3749700,0.0,0.0
2001-12-20,45.18000030517578,45.25,42.439998626708984,42.970001220703125,26.1842041015625,4812400,0.0,0.0
2001-12-21,43.599998474121094,44.81999969482422,43.52000045776367,44.650001525878906,27.207929611206055,2837200,0.0,0.0
2001-12-24,44.02000045776367,44.45000076293945,42.900001525878906,43.099998474121094,26.263416290283203,1169900,0.0,0.0
2001-12-26,43.29999923706055,45.0,43.29999923706055,43.599998474121094,26.568098068237305,1758600,0.0,0.0
2001-12-27,44.0,44.880001068115234,43.79999923706055,44.220001220703125,26.945913314819336,1518700,0.0,0.0
2001-12-28,44.84000015258789,45.349998474121094,44.54999923706055,45.130001068115234,27.50041389465332,1525900,0.0,0.0
2001-12-31,44.880001068115234,45.349998474121094,44.20000076293945,44.38999938964844,27.049497604370117,1725900,0.0,0.0
2002-01-02,44.75,45.79999923706055,43.79999923706055,45.349998474121094,27.634483337402344,3349000,0.0,0.0
2002-01-03,45.25,47.97999954223633,45.25,47.65999984741211,29.042098999023438,4807300,0.0,0.0
2002-01-04,48.0,48.5,46.79999923706055,47.95000076293945,29.21880340576172,5197200,0.0,0.0
2002-01-07,48.20000076293945,48.5,46.290000915527344,46.849998474121094,28.548507690429688,3947700,0.0,0.0
2002-01-08,46.5,47.84000015258789,46.099998474121094,46.59000015258789,28.39008903503418,2895000,0.0,0.0
2002-01-09,47.099998474121094,48.84000015258789,47.099998474121094,47.349998474121094,28.853195190429688,3984400,0.0,0.0
2002-01-10,46.75,47.25,46.099998474121094,46.599998474121094,28.396162033081055,2998600,0.0,0.0
2002-01-11,46.599998474121094,47.70000076293945,46.04999923706055,46.630001068115234,28.414470672607422,2587600,0.0,0.0
2002-01-14,46.630001068115234,47.099998474121094,43.709999084472656,44.11000061035156,26.87887191772461,5840800,0.0,0.0
2002-01-15,44.310001373291016,45.0,43.54999923706055,43.849998474121094,26.72043228149414,3287500,0.0,0.0
2002-01-16,43.349998474121094,44.45000076293945,42.150001525878906,42.70000076293945,26.01967430114746,5546400,0.0,0.0
2002-01-17,43.20000076293945,43.5,42.20000076293945,43.02000045776367,26.21466636657715,3925300,0.0,0.0
2002-01-18,42.119998931884766,43.88999938964844,41.400001525878906,43.0,26.202472686767578,3979300,0.0,0.0
2002-01-22,43.20000076293945,43.4900016784668,40.86000061035156,41.04999923706055,25.01422882080078,2709100,0.0,0.0
2002-01-23,41.060001373291016,42.939998626708984,40.86000061035156,42.0,25.593124389648438,3343000,0.0,0.0
2002-01-24,42.619998931884766,44.47999954223633,42.619998931884766,43.349998474121094,26.415756225585938,3212600,0.0,0.0
2002-01-25,42.75,43.650001525878906,42.150001525878906,43.27000045776367,26.367013931274414,2453600,0.0,0.0
2002-01-28,43.27000045776367,44.150001525878906,42.54999923706055,43.7400016784668,26.653413772583008,2160700,0.0,0.0
2002-01-29,44.5,44.79999923706055,41.0,41.65999984741211,25.38594627380371,4425200,0.0,0.0
2002-01-30,41.900001525878906,43.5,41.060001373291016,43.5,26.507177352905273,3467300,0.0,0.0
2002-01-31,43.849998474121094,44.150001525878906,42.43000030517578,43.79999923706055,26.68995475769043,2699800,0.0,0.0
2002-02-01,44.0,44.0,42.220001220703125,43.13999938964844,26.287792205810547,2084500,0.0,0.0
2002-02-04,43.38999938964844,43.70000076293945,42.20000076293945,42.279998779296875,25.76373863220215,3703700,0.0,0.0
2002-02-05,41.779998779296875,43.33000183105469,40.88999938964844,42.02000045776367,25.605302810668945,3469000,0.0,0.0
2002-02-06,42.41999816894531,42.41999816894531,40.54999923706055,41.0099983215332,24.989866256713867,3785900,0.0,0.0
2002-02-07,41.2599983215332,41.41999816894531,38.90999984741211,39.34000015258789,23.97221565246582,3846300,0.0,0.0
2002-02-08,40.25,40.25,38.0,38.869998931884766,23.68582534790039,6569900,0.0,0.0
2002-02-11,38.5,40.900001525878906,38.5,40.900001525878906,24.92281723022461,3975700,0.0,0.0
2002-02-12,40.5,41.29999923706055,39.5,40.25,24.526744842529297,2692700,0.0,0.0
2002-02-13,41.0,41.31999969482422,39.79999923706055,40.619998931884766,24.7522029876709,2654200,0.0,0.0
2002-02-14,41.0,41.599998474121094,39.66999816894531,39.959999084472656,24.35002326965332,3226800,0.0,0.0
2002-02-15,40.099998474121094,41.849998474121094,40.099998474121094,41.31999969482422,25.178756713867188,4352400,0.0,0.0
2002-02-19,40.63999938964844,40.900001525878906,39.40999984741211,39.630001068115234,24.148942947387695,3034400,0.0,0.0
2002-02-20,40.0,40.18000030517578,37.150001525878906,39.5,24.06972885131836,3721500,0.0,0.0
2002-02-21,39.5099983215332,39.5099983215332,36.88999938964844,37.0,22.546321868896484,3378400,0.0,0.0
2002-02-22,37.45000076293945,38.79999923706055,36.619998931884766,37.58000183105469,22.899755477905273,3434200,0.0,0.0
2002-02-25,38.02000045776367,40.33000183105469,38.0099983215332,40.029998779296875,24.392684936523438,2435100,0.0,0.0
2002-02-26,40.0,40.0099983215332,37.900001525878906,38.720001220703125,23.59442138671875,3803100,0.0,0.0
2002-02-27,39.380001068115234,40.36000061035156,37.70000076293945,38.20000076293945,23.27754783630371,2626600,0.0,0.0
2002-02-28,38.45000076293945,38.95000076293945,36.880001068115234,37.209999084472656,22.674287796020508,3231000,0.0,0.0
2002-03-01,37.849998474121094,41.75,37.849998474121094,41.59000015258789,25.34329605102539,3863000,0.0,0.0
2002-03-04,41.650001525878906,44.5099983215332,41.099998474121094,43.95000076293945,26.7813777923584,4299100,0.0,0.0
2002-03-05,43.95000076293945,45.75,43.619998931884766,45.599998474121094,27.786808013916016,3910300,0.0,0.0
2002-03-06,45.2400016784668,45.29999923706055,43.5,44.720001220703125,27.25057601928711,3232900,0.0,0.0
2002-03-07,45.4900016784668,46.400001525878906,44.400001525878906,45.02000045776367,27.433385848999023,3053800,0.0,0.0
2002-03-08,45.97999954223633,47.95000076293945,45.90999984741211,47.54999923706055,28.975088119506836,4198700,0.0,0.0
2002-03-11,47.33000183105469,47.61000061035156,45.900001525878906,46.95000076293945,28.609458923339844,3112300,0.0,0.0
2002-03-12,45.54999923706055,46.099998474121094,44.220001220703125,45.16999816894531,27.52478790283203,3323400,0.0,0.0
2002-03-13,44.400001525878906,44.40999984741211,42.81999969482422,43.52000045776367,26.51934814453125,3025200,0.0,0.0
2002-03-14,44.0,44.45000076293945,43.310001373291016,44.06999969482422,26.854494094848633,2420100,0.0,0.0
2002-03-15,44.56999969482422,45.29999923706055,44.16999816894531,45.290000915527344,27.59792137145996,2924600,0.0,0.0
2002-03-18,45.540000915527344,46.81999969482422,45.22999954223633,45.79999923706055,27.908695220947266,2395900,0.0,0.0
2002-03-19,46.04999923706055,46.20000076293945,45.2400016784668,46.04999923706055,28.06102752685547,1694900,0.0,0.0
2002-03-20,45.04999923706055,45.25,44.0,44.349998474121094,27.025114059448242,1670700,0.0,0.0
2002-03-21,44.349998474121094,45.41999816894531,43.7599983215332,45.25,27.57354736328125,1666500,0.0,0.0
2002-03-22,44.900001525878906,45.849998474121094,44.25,44.709999084472656,27.244489669799805,1728200,0.0,0.0
2002-03-25,44.709999084472656,45.25,42.79999923706055,42.81999969482422,26.092803955078125,2254400,0.0,0.0
2002-03-26,43.06999969482422,44.5,42.70000076293945,44.04999923706055,26.842300415039062,2257000,0.0,0.0
2002-03-27,44.150001525878906,44.41999816894531,43.25,44.0099983215332,26.817935943603516,1795600,0.0,0.0
2002-03-28,44.61000061035156,45.599998474121094,44.45000076293945,45.040000915527344,27.445560455322266,1657700,0.0,0.0
2002-04-01,44.400001525878906,46.380001068115234,43.849998474121094,45.95000076293945,28.000091552734375,1882300,0.0,0.0
2002-04-02,44.900001525878906,45.099998474121094,43.52000045776367,43.52000045776367,26.51934814453125,2075200,0.0,0.0
2002-04-03,43.77000045776367,44.5,42.150001525878906,42.31999969482422,25.78810691833496,2340200,0.0,0.0
2002-04-04,42.31999969482422,43.75,41.95000076293945,42.810001373291016,26.086711883544922,2758000,0.0,0.0
2002-04-05,43.5,43.79999923706055,42.41999816894531,42.72999954223633,26.037954330444336,2120000,0.0,0.0
2002-04-08,42.72999954223633,42.91999816894531,40.77000045776367,42.779998779296875,26.068416595458984,2822500,0.0,0.0
2002-04-09,42.779998779296875,43.77000045776367,40.599998474121094,41.29999923706055,25.166561126708984,3281100,0.0,0.0
2002-04-10,41.29999923706055,42.04999923706055,39.79999923706055,41.90999984741211,25.53827667236328,4307600,0.0,0.0
2002-04-11,41.70000076293945,41.880001068115234,40.18000030517578,40.400001525878906,24.61813735961914,3115900,0.0,0.0
2002-04-12,40.59000015258789,41.79999923706055,40.349998474121094,41.619998931884766,25.3615665435791,2710700,0.0,0.0
2002-04-15,41.86000061035156,42.47999954223633,40.36000061035156,41.9900016784668,25.587026596069336,2711400,0.0,0.0
2002-04-16,44.0,44.439998626708984,43.45000076293945,43.88999938964844,26.74481201171875,3336200,0.0,0.0
2002-04-17,44.0,45.5,43.720001220703125,44.52000045776367,27.12871742248535,2678500,0.0,0.0
2002-04-18,43.900001525878906,44.349998474121094,42.880001068115234,43.5,26.507177352905273,2407900,0.0,0.0
2002-04-19,43.5099983215332,43.83000183105469,41.400001525878906,41.5,25.28844451904297,3360900,0.0,0.0
2002-04-22,41.349998474121094,41.36000061035156,40.65999984741211,41.04999923706055,25.01422882080078,2086900,0.0,0.0
2002-04-23,41.45000076293945,41.58000183105469,39.599998474121094,39.689998626708984,24.185501098632812,2998400,0.0,0.0
2002-04-24,40.099998474121094,40.349998474121094,37.970001220703125,38.130001068115234,23.234899520874023,3701800,0.0,0.0
2002-04-25,38.130001068115234,38.5,37.099998474121094,37.54999923706055,22.8814697265625,4823300,0.0,0.0
2002-04-26,38.04999923706055,38.310001373291016,36.0,36.2400016784668,22.083209991455078,3709600,0.0,0.0
2002-04-29,36.349998474121094,37.400001525878906,35.25,35.75,21.78462791442871,2756900,0.0,0.0
2002-04-30,36.70000076293945,37.95000076293945,36.029998779296875,36.959999084472656,22.521947860717773,3120200,0.0,0.0
2002-05-01,36.810001373291016,37.52000045776367,35.0,36.79999923706055,22.424453735351562,4516000,0.0,0.0
2002-05-02,36.79999923706055,37.849998474121094,35.849998474121094,36.15999984741211,22.03445816040039,3896300,0.0,0.0
2002-05-03,36.02000045776367,36.20000076293945,34.25,34.43000030517578,20.980274200439453,4109000,0.0,0.0
2002-05-06,34.5,35.5,33.68000030517578,33.810001373291016,20.602476119995117,2813200,0.0,0.0
2002-05-07,34.31999969482422,35.060001373291016,33.0,34.189998626708984,20.834022521972656,3914400,0.0,0.0
2002-05-08,36.5,39.0,36.36000061035156,38.150001525878906,23.247095108032227,5098700,0.0,0.0
2002-05-09,38.060001373291016,38.47999954223633,36.779998779296875,36.849998474121094,22.454906463623047,3124700,0.0,0.0
2002-05-10,37.099998474121094,37.70000076293945,35.25,35.560001373291016,21.668846130371094,2774600,0.0,0.0
2002-05-13,35.79999923706055,38.18000030517578,35.79999923706055,38.150001525878906,23.247095108032227,3472400,0.0,0.0
2002-05-14,39.5,40.20000076293945,39.29999923706055,39.68000030517578,24.17940902709961,3721400,0.0,0.0
2002-05-15,39.52000045776367,40.4900016784668,38.279998779296875,39.15999984741211,23.86254119873047,3552000,0.0,0.0
2002-05-16,39.150001525878906,39.7599983215332,38.150001525878906,39.47999954223633,24.05754280090332,3153200,0.0,0.0
2002-05-17,40.0,40.5,39.650001525878906,40.400001525878906,24.61813735961914,4651500,0.0,0.0
2002-05-20,40.5,40.5,39.650001525878906,40.099998474121094,24.435321807861328,2473200,0.0,0.0
2002-05-21,40.0,40.4900016784668,38.93000030517578,39.54999923706055,24.100196838378906,3387400,0.0,0.0
2002-05-22,39.529998779296875,40.119998931884766,38.0,39.310001373291016,23.95394515991211,2251600,0.0,0.0
2002-05-23,39.310001373291016,39.310001373291016,37.43000030517578,38.790000915527344,23.637075424194336,3093400,0.0,0.0
2002-05-24,38.619998931884766,38.619998931884766,37.599998474121094,37.849998474121094,23.06427764892578,1464600,0.0,0.0
2002-05-28,38.0,38.400001525878906,36.52000045776367,37.150001525878906,22.637723922729492,2210400,0.0,0.0
2002-05-29,37.04999923706055,37.060001373291016,36.0,36.68000030517578,22.351333618164062,1854500,0.0,0.0
2002-05-30,36.099998474121094,36.900001525878906,35.400001525878906,36.45000076293945,22.211177825927734,2816800,0.0,0.0
2002-05-31,37.0,37.59000015258789,36.25,36.619998931884766,22.314767837524414,2736900,0.0,0.0
2002-06-03,36.650001525878906,36.650001525878906,34.900001525878906,35.029998779296875,21.34588050842285,2416300,0.0,0.0
2002-06-04,34.900001525878906,36.349998474121094,34.20000076293945,35.9900016784668,21.930858612060547,3073800,0.0,0.0
2002-06-05,36.29999923706055,36.5,34.70000076293945,35.880001068115234,21.86384391784668,2355400,0.0,0.0
2002-06-06,34.5,36.0099983215332,34.5,34.650001525878906,21.114336013793945,2997600,0.0,0.0
2002-06-07,33.279998779296875,34.790000915527344,32.599998474121094,34.29999923706055,20.901060104370117,2940900,0.0,0.0
2002-06-10,34.45000076293945,35.189998626708984,34.13999938964844,34.43000030517578,20.980274200439453,1988700,0.0,0.0
2002-06-11,35.0,35.43000030517578,33.2400016784668,33.349998474121094,20.322160720825195,2577200,0.0,0.0
2002-06-12,33.45000076293945,34.900001525878906,32.75,33.63999938964844,20.498870849609375,4340200,0.0,0.0
2002-06-13,33.79999923706055,34.900001525878906,32.79999923706055,33.61000061035156,20.480592727661133,2318700,0.0,0.0
2002-06-14,32.70000076293945,33.75,31.65999984741211,33.52000045776367,20.425756454467773,2213800,0.0,0.0
2002-06-17,33.849998474121094,35.349998474121094,33.66999816894531,35.0,21.32760238647461,2012700,0.0,0.0
2002-06-18,34.900001525878906,35.97999954223633,34.04999923706055,34.33000183105469,20.919330596923828,2063900,0.0,0.0
2002-06-19,33.599998474121094,34.25,32.18000030517578,32.45000076293945,19.773738861083984,2698800,0.0,0.0
2002-06-20,33.04999923706055,33.5,30.010000228881836,30.350000381469727,18.49407958984375,4008200,0.0,0.0
2002-06-21,29.75,30.780000686645508,29.100000381469727,29.360000610351562,17.890806198120117,3314900,0.0,0.0
2002-06-24,29.3700008392334,30.559999465942383,28.780000686645508,29.860000610351562,18.195491790771484,4103000,0.0,0.0
2002-06-25,30.399999618530273,30.600000381469727,28.030000686645508,28.190000534057617,17.1778621673584,2994100,0.0,0.0
2002-06-26,26.649999618530273,28.81999969482422,26.600000381469727,28.5,17.366764068603516,3936200,0.0,0.0
2002-06-27,29.020000457763672,30.649999618530273,28.989999771118164,30.020000457763672,18.292991638183594,3892900,0.0,0.0
2002-06-28,30.25,31.299999237060547,29.649999618530273,29.700000762939453,18.097999572753906,3165500,0.0,0.0
2002-07-01,29.899999618530273,30.239999771118164,27.889999389648438,27.989999771118164,17.055988311767578,3261200,0.0,0.0
2002-07-02,27.739999771118164,27.780000686645508,26.700000762939453,26.899999618530273,16.391782760620117,3915500,0.0,0.0
2002-07-03,26.829999923706055,28.649999618530273,26.670000076293945,28.549999237060547,17.39723777770996,3490000,0.0,0.0
2002-07-05,29.25,30.790000915527344,29.25,30.790000915527344,18.76219367980957,1435100,0.0,0.0
2002-07-08,30.299999237060547,31.0,28.530000686645508,28.700000762939453,17.488636016845703,3118100,0.0,0.0
2002-07-09,28.290000915527344,28.420000076293945,27.360000610351562,27.700000762939453,16.8792724609375,3040700,0.0,0.0
2002-07-10,28.360000610351562,28.40999984741211,26.270000457763672,26.299999237060547,16.026166915893555,3915000,0.0,0.0
2002-07-11,26.299999237060547,28.190000534057617,25.790000915527344,27.719999313354492,16.891464233398438,4501600,0.0,0.0
2002-07-12,27.889999389648438,28.690000534057617,27.030000686645508,28.34000015258789,17.269258499145508,2909600,0.0,0.0
2002-07-15,27.899999618530273,28.5,26.25,28.479999542236328,17.354576110839844,4090400,0.0,0.0
2002-07-16,28.479999542236328,30.0,27.75,28.799999237060547,17.549562454223633,4328800,0.0,0.0
2002-07-17,29.850000381469727,30.600000381469727,28.0,28.81999969482422,17.561750411987305,3621400,0.0,0.0
2002-07-18,29.0,29.450000762939453,27.5,27.5,16.757408142089844,2916600,0.0,0.0
2002-07-19,27.100000381469727,28.200000762939453,26.399999618530273,26.6200008392334,16.221162796020508,3730800,0.0,0.0
2002-07-22,26.920000076293945,27.350000381469727,25.170000076293945,25.600000381469727,15.599615097045898,4150900,0.0,0.0
2002-07-23,25.850000381469727,26.5,24.5,25.100000381469727,15.294938087463379,4665800,0.0,0.0
2002-07-24,24.0,25.6299991607666,23.489999771118164,25.469999313354492,15.520400047302246,4577900,0.0,0.0
2002-07-25,24.5,24.510000228881836,21.799999237060547,23.030000686645508,14.03355884552002,5139500,0.0,0.0
2002-07-26,23.229999542236328,23.600000381469727,20.989999771118164,22.100000381469727,13.46685791015625,4802700,0.0,0.0
2002-07-29,23.0,24.34000015258789,22.450000762939453,24.25,14.776983261108398,4249300,0.0,0.0
2002-07-30,24.0,25.329999923706055,23.5,25.149999618530273,15.325407028198242,3039400,0.0,0.0
2002-07-31,25.100000381469727,25.100000381469727,22.690000534057617,24.100000381469727,14.685575485229492,4064100,0.0,0.0
2002-08-01,23.299999237060547,23.959999084472656,21.940000534057617,22.18000030517578,13.515609741210938,2914000,0.0,0.0
2002-08-02,21.8799991607666,21.889999389648438,19.700000762939453,21.0,12.796562194824219,4985900,0.0,0.0
2002-08-05,20.850000381469727,21.149999618530273,19.56999969482422,20.0,12.187204360961914,3137700,0.0,0.0
2002-08-06,20.5,22.040000915527344,20.059999465942383,21.399999618530273,13.04030990600586,3870700,0.0,0.0
2002-08-07,22.350000381469727,22.850000381469727,20.850000381469727,21.6200008392334,13.17436695098877,4156000,0.0,0.0
2002-08-08,21.790000915527344,23.350000381469727,21.280000686645508,23.149999618530273,14.106684684753418,3396700,0.0,0.0
2002-08-09,23.0,23.31999969482422,22.0,22.920000076293945,13.966538429260254,2230300,0.0,0.0
2002-08-12,23.350000381469727,23.350000381469727,22.420000076293945,22.899999618530273,13.954347610473633,2591000,0.0,0.0
2002-08-13,22.510000228881836,23.940000534057617,21.950000762939453,22.010000228881836,13.412020683288574,3017100,0.0,0.0
2002-08-14,22.100000381469727,23.5,21.549999237060547,23.3799991607666,14.246844291687012,2923100,0.0,0.0
2002-08-15,23.389999389648438,24.989999771118164,23.3799991607666,24.0,14.624631881713867,5097200,0.0,0.0
2002-08-16,24.020000457763672,26.649999618530273,23.75,26.5,16.14804458618164,5319000,0.0,0.0
2002-08-19,26.5,28.0,25.969999313354492,27.690000534057617,16.873180389404297,3362700,0.0,0.0
2002-08-20,27.200000762939453,27.209999084472656,25.75,25.899999618530273,15.782426834106445,3282700,0.0,0.0
2002-08-21,26.149999618530273,27.5,26.149999618530273,27.299999237060547,16.635522842407227,2633200,0.0,0.0
2002-08-22,27.299999237060547,28.299999237060547,26.549999237060547,27.6200008392334,16.83051872253418,3393500,0.0,0.0
2002-08-23,27.0,27.299999237060547,25.739999771118164,25.959999084472656,15.818988800048828,2465100,0.0,0.0
2002-08-26,25.829999923706055,26.649999618530273,25.149999618530273,26.360000610351562,16.06273078918457,2640000,0.0,0.0
2002-08-27,26.5,26.59000015258789,25.520000457763672,25.84000015258789,15.745861053466797,3600000,0.0,0.0
2002-08-28,25.25,25.65999984741211,24.0,24.299999237060547,14.807442665100098,3380400,0.0,0.0
2002-08-29,23.5,24.760000228881836,23.3799991607666,24.559999465942383,14.96588134765625,3666000,0.0,0.0
2002-08-30,24.0,24.780000686645508,23.950000762939453,24.100000381469727,14.685575485229492,2461500,0.0,0.0
2002-09-03,23.5,23.649999618530273,22.649999618530273,22.829999923706055,13.911689758300781,3314300,0.0,0.0
2002-09-04,23.079999923706055,23.65999984741211,22.149999618530273,23.540000915527344,14.344338417053223,4723800,0.0,0.0
2002-09-05,23.149999618530273,23.350000381469727,22.31999969482422,22.649999618530273,13.802010536193848,3342900,0.0,0.0
2002-09-06,23.5,23.8799991607666,23.100000381469727,23.5,14.319958686828613,3269100,0.0,0.0
2002-09-09,23.25,24.25,22.639999389648438,23.780000686645508,14.490578651428223,2861000,0.0,0.0
2002-09-10,23.860000610351562,25.239999771118164,23.860000610351562,25.0,15.234004974365234,2671500,0.0,0.0
2002-09-11,25.899999618530273,26.299999237060547,25.059999465942383,25.690000534057617,15.65445613861084,2824900,0.0,0.0
2002-09-12,25.0,25.0,23.5,23.510000228881836,14.326050758361816,2871400,0.0,0.0
2002-09-13,23.510000228881836,23.639999389648438,22.639999389648438,23.0,14.015279769897461,3661400,0.0,0.0
2002-09-16,22.639999389648438,22.799999237060547,21.979999542236328,22.040000915527344,13.430290222167969,2668600,0.0,0.0
2002-09-17,22.799999237060547,22.989999771118164,21.280000686645508,21.68000030517578,13.210926055908203,3239200,0.0,0.0
2002-09-18,21.1200008392334,22.0,21.0,21.350000381469727,13.00983715057373,3349100,0.0,0.0
2002-09-19,21.0,21.260000228881836,20.049999237060547,20.239999771118164,12.333446502685547,3616900,0.0,0.0
2002-09-20,20.309999465942383,20.479999542236328,19.5,19.989999771118164,12.18110466003418,4253800,0.0,0.0
2002-09-23,19.780000686645508,20.049999237060547,19.149999618530273,19.6200008392334,11.955645561218262,3745300,0.0,0.0
2002-09-24,19.100000381469727,20.700000762939453,19.06999969482422,19.889999389648438,12.120171546936035,4653900,0.0,0.0
2002-09-25,20.299999237060547,21.850000381469727,20.049999237060547,21.3700008392334,13.022022247314453,4378800,0.0,0.0
2002-09-26,21.899999618530273,22.200000762939453,20.549999237060547,21.0,12.796562194824219,4504700,0.0,0.0
2002-09-27,20.93000030517578,21.850000381469727,20.510000228881836,20.760000228881836,12.650313377380371,2412600,0.0,0.0
2002-09-30,20.149999618530273,20.329999923706055,19.299999237060547,19.700000762939453,12.00439453125,3728700,0.0,0.0
2002-10-01,19.739999771118164,21.350000381469727,19.559999465942383,21.149999618530273,12.887969017028809,3246100,0.0,0.0
2002-10-02,20.899999618530273,22.5,20.25,21.399999618530273,13.04030990600586,3885900,0.0,0.0
2002-10-03,21.5,21.5,20.420000076293945,20.790000915527344,12.668596267700195,3506600,0.0,0.0
2002-10-04,20.84000015258789,21.0,18.860000610351562,19.309999465942383,11.766740798950195,3812000,0.0,0.0
2002-10-07,19.450000762939453,19.950000762939453,18.56999969482422,18.670000076293945,11.376753807067871,3445100,0.0,0.0
2002-10-08,19.1200008392334,19.1200008392334,17.8799991607666,18.56999969482422,11.315816879272461,4989300,0.0,0.0
2002-10-09,18.049999237060547,18.959999084472656,18.049999237060547,18.290000915527344,11.145197868347168,4978700,0.0,0.0
2002-10-10,18.079999923706055,20.399999618530273,18.079999923706055,20.030000686645508,12.205477714538574,6889800,0.0,0.0
2002-10-11,21.0,22.25,20.75,21.459999084472656,13.076866149902344,6324100,0.0,0.0
2002-10-14,21.0,22.5,20.950000762939453,22.350000381469727,13.619193077087402,2949400,0.0,0.0
2002-10-15,24.0,24.989999771118164,23.8799991607666,24.950000762939453,15.203536987304688,4415200,0.0,0.0
2002-10-16,24.959999084472656,24.959999084472656,23.260000228881836,23.479999542236328,14.307767868041992,4603800,0.0,0.0
2002-10-17,24.950000762939453,26.149999618530273,24.850000381469727,25.459999084472656,15.514312744140625,3693000,0.0,0.0
2002-10-18,25.209999084472656,25.90999984741211,24.100000381469727,25.75,15.691025733947754,3699700,0.0,0.0
2002-10-21,25.639999389648438,27.3799991607666,24.81999969482422,27.280000686645508,16.623340606689453,3736600,0.0,0.0
2002-10-22,25.079999923706055,26.0,24.5,24.799999237060547,15.112139701843262,5270400,0.0,0.0
2002-10-23,24.799999237060547,26.540000915527344,24.559999465942383,26.420000076293945,16.09929656982422,4725000,0.0,0.0
2002-10-24,26.799999237060547,27.09000015258789,25.440000534057617,25.489999771118164,15.5325927734375,3990700,0.0,0.0
2002-10-25,25.520000457763672,27.06999969482422,25.520000457763672,26.959999084472656,16.428340911865234,4203400,0.0,0.0
2002-10-28,27.5,27.65999984741211,26.299999237060547,26.5,16.14804458618164,2922200,0.0,0.0
2002-10-29,26.25,26.579999923706055,24.450000762939453,25.610000610351562,15.605713844299316,3375700,0.0,0.0
2002-10-30,26.25,28.31999969482422,26.170000076293945,28.0,17.06207847595215,4191400,0.0,0.0
2002-10-31,28.0,28.389999389648438,26.670000076293945,26.799999237060547,16.330854415893555,4744100,0.0,0.0
2002-11-01,26.799999237060547,27.899999618530273,26.31999969482422,27.690000534057617,16.873180389404297,5921100,0.0,0.0
2002-11-04,28.68000030517578,31.75,28.559999465942383,30.709999084472656,18.71343994140625,7867700,0.0,0.0
2002-11-05,30.719999313354492,30.719999313354492,28.459999084472656,29.100000381469727,17.732376098632812,5646300,0.0,0.0
2002-11-06,29.100000381469727,29.25,27.610000610351562,29.0,17.67144012451172,5458100,0.0,0.0
2002-11-07,27.799999237060547,29.010000228881836,26.520000457763672,26.899999618530273,16.391782760620117,4620600,0.0,0.0
2002-11-08,26.90999984741211,27.469999313354492,26.010000228881836,26.920000076293945,16.40397834777832,3479300,0.0,0.0
2002-11-11,26.299999237060547,26.309999465942383,25.059999465942383,25.479999542236328,15.52648639678955,2648800,0.0,0.0
2002-11-12,25.489999771118164,27.979999542236328,25.489999771118164,27.200000762939453,16.574586868286133,4626400,0.0,0.0
2002-11-13,27.0,27.889999389648438,26.100000381469727,26.940000534057617,16.416162490844727,3322400,0.0,0.0
2002-11-14,26.950000762939453,29.649999618530273,26.950000762939453,29.459999084472656,17.951749801635742,4209600,0.0,0.0
2002-11-15,29.469999313354492,29.469999313354492,27.25,28.940000534057617,17.634891510009766,5134000,0.0,0.0
2002-11-18,28.950000762939453,29.75,28.3799991607666,28.399999618530273,17.305831909179688,3853400,0.0,0.0
2002-11-19,28.1299991607666,28.34000015258789,27.299999237060547,28.0,17.06207847595215,4581400,0.0,0.0
2002-11-20,28.010000228881836,30.5,28.010000228881836,29.809999465942383,18.16501808166504,6528300,0.0,0.0
2002-11-21,30.0,31.0,29.850000381469727,30.989999771118164,18.884063720703125,5497800,0.0,0.0
2002-11-22,30.989999771118164,30.989999771118164,29.5,29.700000762939453,18.097999572753906,4325800,0.0,0.0
2002-11-25,29.700000762939453,31.43000030517578,29.700000762939453,31.270000457763672,19.0546932220459,4220200,0.0,0.0
2002-11-26,31.280000686645508,31.280000686645508,29.1200008392334,29.209999084472656,17.799406051635742,3440400,0.0,0.0
2002-11-27,30.149999618530273,31.649999618530273,29.8700008392334,31.200000762939453,19.012035369873047,3349000,0.0,0.0
2002-11-29,31.899999618530273,31.920000076293945,30.639999389648438,30.690000534057617,18.701257705688477,1180900,0.0,0.0
2002-12-02,31.950000762939453,32.599998474121094,30.559999465942383,30.84000015258789,18.792667388916016,4828200,0.0,0.0
2002-12-03,30.299999237060547,30.68000030517578,29.5,29.56999969482422,18.018775939941406,2407000,0.0,0.0
2002-12-04,27.5,28.399999618530273,27.0,27.639999389648438,16.842710494995117,7162900,0.0,0.0
2002-12-05,27.649999618530273,27.979999542236328,26.959999084472656,27.020000457763672,16.464908599853516,4309300,0.0,0.0
2002-12-06,27.030000686645508,27.799999237060547,26.360000610351562,27.389999389648438,16.690370559692383,3159600,0.0,0.0
2002-12-09,27.389999389648438,27.389999389648438,25.68000030517578,25.739999771118164,15.684925079345703,2825900,0.0,0.0
2002-12-10,25.75,27.399999618530273,25.75,27.280000686645508,16.623340606689453,3763500,0.0,0.0
2002-12-11,27.290000915527344,28.059999465942383,26.34000015258789,27.270000457763672,16.617244720458984,3338100,0.0,0.0
2002-12-12,27.600000381469727,28.200000762939453,27.049999237060547,27.25,16.605066299438477,3837500,0.0,0.0
2002-12-13,27.260000228881836,27.260000228881836,26.149999618530273,26.309999465942383,16.032264709472656,2541500,0.0,0.0
2002-12-16,26.18000030517578,27.209999084472656,25.940000534057617,26.969999313354492,16.434438705444336,4143600,0.0,0.0
2002-12-17,26.979999542236328,27.600000381469727,26.649999618530273,26.90999984741211,16.397878646850586,2869300,0.0,0.0
2002-12-18,26.920000076293945,26.920000076293945,25.149999618530273,25.25,15.38633918762207,2802800,0.0,0.0
2002-12-19,25.25,25.6299991607666,24.43000030517578,24.950000762939453,15.203536987304688,3708100,0.0,0.0
2002-12-20,24.959999084472656,25.760000228881836,24.959999084472656,25.450000762939453,15.50821304321289,3114700,0.0,0.0
2002-12-23,25.1200008392334,26.280000686645508,25.100000381469727,25.829999923706055,15.739774703979492,2176200,0.0,0.0
2002-12-24,25.5,26.0,25.350000381469727,25.360000610351562,15.453370094299316,789400,0.0,0.0
2002-12-26,25.600000381469727,26.299999237060547,24.829999923706055,24.989999771118164,15.227913856506348,1802500,0.0,0.0
2002-12-27,25.020000457763672,25.389999389648438,24.559999465942383,24.700000762939453,15.051191329956055,1529700,0.0,0.0
2002-12-30,25.0,25.209999084472656,23.700000762939453,23.799999237060547,14.50277328491211,2741800,0.0,0.0
2002-12-31,23.809999465942383,24.200000762939453,23.5,23.8700008392334,14.545425415039062,2465700,0.0,0.0
2003-01-02,24.25,25.899999618530273,23.959999084472656,25.899999618530273,15.782426834106445,2778100,0.0,0.0
2003-01-03,25.5,26.579999923706055,25.450000762939453,26.010000228881836,15.84945297241211,2650900,0.0,0.0
2003-01-06,26.5,27.959999084472656,26.420000076293945,27.610000610351562,16.82442855834961,3486200,0.0,0.0
2003-01-07,27.93000030517578,28.739999771118164,27.549999237060547,27.739999771118164,16.903648376464844,3664100,0.0,0.0
2003-01-08,27.739999771118164,27.739999771118164,26.530000686645508,27.010000228881836,16.45881462097168,3148100,0.0,0.0
2003-01-09,27.149999618530273,28.940000534057617,27.149999618530273,28.350000381469727,17.275358200073242,4192700,0.0,0.0
2003-01-10,27.90999984741211,29.280000686645508,27.780000686645508,28.940000534057617,17.634891510009766,3231800,0.0,0.0
2003-01-13,28.950000762939453,29.75,27.450000762939453,27.700000762939453,16.8792724609375,4312800,0.0,0.0
2003-01-14,27.940000534057617,28.5,27.5,28.010000228881836,17.06817626953125,3581600,0.0,0.0
2003-01-15,28.040000915527344,28.229999542236328,27.149999618530273,27.450000762939453,16.7269287109375,2349900,0.0,0.0
2003-01-16,27.479999542236328,27.690000534057617,26.290000915527344,26.600000381469727,16.208984375,2622800,0.0,0.0
2003-01-17,25.75,25.90999984741211,24.75,24.979999542236328,15.221819877624512,3525000,0.0,0.0
2003-01-21,25.18000030517578,25.399999618530273,24.59000015258789,24.600000381469727,14.990255355834961,2402200,0.0,0.0
2003-01-22,24.600000381469727,25.450000762939453,24.25,24.6200008392334,15.00244426727295,2991000,0.0,0.0
2003-01-23,25.5,26.399999618530273,24.700000762939453,25.6299991607666,15.617897987365723,4013800,0.0,0.0
2003-01-24,25.639999389648438,25.639999389648438,24.75,25.030000686645508,15.25228214263916,2760800,0.0,0.0
2003-01-27,25.040000915527344,25.239999771118164,24.40999984741211,24.610000610351562,14.99635124206543,2227400,0.0,0.0
2003-01-28,24.860000610351562,25.1299991607666,24.190000534057617,25.040000915527344,15.25838565826416,2285800,0.0,0.0
2003-01-29,24.790000915527344,25.450000762939453,24.25,24.75,15.0816650390625,2718100,0.0,0.0
2003-01-30,25.200000762939453,25.219999313354492,23.56999969482422,23.56999969482422,14.362617492675781,4068900,0.0,0.0
2003-01-31,23.110000610351562,24.15999984741211,22.579999923706055,23.93000030517578,14.58198070526123,5694500,0.0,0.0
2003-02-03,23.940000534057617,24.5,23.65999984741211,23.739999771118164,14.466205596923828,2051800,0.0,0.0
2003-02-04,23.75,23.969999313354492,23.309999465942383,23.739999771118164,14.466205596923828,2413100,0.0,0.0
2003-02-05,24.030000686645508,24.5,23.239999771118164,23.489999771118164,14.313867568969727,3281200,0.0,0.0
2003-02-06,23.489999771118164,23.739999771118164,22.920000076293945,23.040000915527344,14.039661407470703,2741700,0.0,0.0
2003-02-07,23.049999237060547,23.540000915527344,22.850000381469727,23.059999465942383,14.051844596862793,2944900,0.0,0.0
2003-02-10,23.25,23.770000457763672,22.81999969482422,23.459999084472656,14.295586585998535,2214000,0.0,0.0
2003-02-11,23.469999313354492,24.510000228881836,23.469999313354492,24.0,14.624631881713867,3682800,0.0,0.0
2003-02-12,24.0,24.530000686645508,23.600000381469727,24.0,14.624631881713867,2793700,0.0,0.0
2003-02-13,24.010000228881836,24.25,23.700000762939453,23.8799991607666,14.551517486572266,3625700,0.0,0.0
2003-02-14,24.850000381469727,26.899999618530273,24.850000381469727,26.899999618530273,16.391782760620117,7019100,0.0,0.0
2003-02-18,27.0,28.0,27.0,27.760000228881836,16.915836334228516,4130900,0.0,0.0
2003-02-19,27.920000076293945,28.100000381469727,26.899999618530273,27.299999237060547,16.635522842407227,4144100,0.0,0.0
2003-02-20,27.84000015258789,28.040000915527344,27.31999969482422,27.899999618530273,17.001144409179688,4115300,0.0,0.0
2003-02-21,28.0,28.520000457763672,27.350000381469727,28.260000228881836,17.220516204833984,3538200,0.0,0.0
2003-02-24,28.270000457763672,28.479999542236328,27.739999771118164,27.860000610351562,16.976778030395508,2495300,0.0,0.0
2003-02-25,27.8700008392334,28.030000686645508,27.020000457763672,27.969999313354492,17.043806076049805,3314900,0.0,0.0
2003-02-26,27.969999313354492,28.25,27.200000762939453,27.260000228881836,16.611154556274414,3147900,0.0,0.0
2003-02-27,27.649999618530273,28.34000015258789,27.299999237060547,28.34000015258789,17.269258499145508,3457800,0.0,0.0
2003-02-28,28.440000534057617,29.579999923706055,28.270000457763672,29.15999984741211,17.768945693969727,4800600,0.0,0.0
2003-03-03,29.31999969482422,29.579999923706055,27.700000762939453,27.899999618530273,17.001144409179688,3669400,0.0,0.0
2003-03-04,28.049999237060547,28.100000381469727,27.020000457763672,27.329999923706055,16.65380859375,4502200,0.0,0.0
2003-03-05,27.329999923706055,28.100000381469727,27.299999237060547,27.84000015258789,16.964588165283203,3328400,0.0,0.0
2003-03-06,27.84000015258789,27.899999618530273,27.0,27.25,16.605066299438477,3243500,0.0,0.0
2003-03-07,27.25,27.25,26.299999237060547,27.0,16.452720642089844,3603200,0.0,0.0
2003-03-10,26.75,26.790000915527344,26.0,26.049999237060547,15.873823165893555,3158700,0.0,0.0
2003-03-11,26.399999618530273,26.5,25.899999618530273,26.1299991607666,15.92258071899414,2341400,0.0,0.0
2003-03-12,26.459999084472656,26.760000228881836,25.75,26.760000228881836,16.306472778320312,3134600,0.0,0.0
2003-03-13,26.899999618530273,29.190000534057617,26.899999618530273,29.110000610351562,17.738475799560547,4806500,0.0,0.0
2003-03-14,29.479999542236328,29.479999542236328,28.5,28.760000228881836,17.525197982788086,4037000,0.0,0.0
2003-03-17,28.5,30.809999465942383,28.31999969482422,30.360000610351562,18.50017547607422,5667000,0.0,0.0
2003-03-18,30.399999618530273,30.8700008392334,29.75,30.8700008392334,18.810945510864258,4448000,0.0,0.0
2003-03-19,30.8700008392334,30.8700008392334,29.770000457763672,30.68000030517578,18.695171356201172,5005300,0.0,0.0
2003-03-20,30.399999618530273,30.959999084472656,30.010000228881836,30.219999313354492,18.41486358642578,5183000,0.0,0.0
2003-03-21,31.100000381469727,31.100000381469727,30.229999542236328,30.6299991607666,18.664695739746094,3907200,0.0,0.0
2003-03-24,29.600000381469727,29.940000534057617,28.700000762939453,28.959999084472656,17.647056579589844,4198300,0.0,0.0
2003-03-25,29.0,30.18000030517578,28.93000030517578,29.850000381469727,18.18940544128418,4131800,0.0,0.0
2003-03-26,29.950000762939453,30.010000228881836,29.350000381469727,29.690000534057617,18.091909408569336,2215500,0.0,0.0
2003-03-27,29.059999465942383,29.649999618530273,28.5,29.399999618530273,17.915189743041992,2319800,0.0,0.0
2003-03-28,29.1200008392334,29.6299991607666,28.600000381469727,28.889999389648438,17.60441017150879,2347900,0.0,0.0
2003-03-31,28.299999237060547,28.299999237060547,27.469999313354492,27.5,16.757408142089844,2514600,0.0,0.0
2003-04-01,27.68000030517578,27.989999771118164,27.40999984741211,27.75,16.909732818603516,3192600,0.0,0.0
2003-04-02,27.700000762939453,29.809999465942383,27.700000762939453,29.579999923706055,18.024864196777344,3805500,0.0,0.0
2003-04-03,29.649999618530273,30.25,29.200000762939453,29.649999618530273,18.067527770996094,3302200,0.0,0.0
2003-04-04,29.649999618530273,29.75,28.829999923706055,29.18000030517578,17.781124114990234,3086200,0.0,0.0
2003-04-07,30.43000030517578,30.809999465942383,29.81999969482422,29.860000610351562,18.195491790771484,4721600,0.0,0.0
2003-04-08,28.670000076293945,29.5,27.25,27.3700008392334,16.678184509277344,6624300,0.0,0.0
2003-04-09,27.440000534057617,28.09000015258789,27.31999969482422,27.3799991607666,16.684276580810547,3906300,0.0,0.0
2003-04-10,27.3799991607666,27.920000076293945,27.139999389648438,27.56999969482422,16.800058364868164,2184900,0.0,0.0
2003-04-11,28.049999237060547,28.110000610351562,26.649999618530273,26.920000076293945,16.40397834777832,2602700,0.0,0.0
2003-04-14,26.950000762939453,28.0,26.75,27.940000534057617,17.02552032470703,1875600,0.0,0.0
2003-04-15,27.940000534057617,28.579999923706055,26.920000076293945,28.309999465942383,17.2509822845459,2745300,0.0,0.0
2003-04-16,29.100000381469727,30.5,29.100000381469727,30.260000228881836,18.439233779907227,6366800,0.0,0.0
2003-04-17,30.260000228881836,31.649999618530273,29.780000686645508,31.31999969482422,19.08515739440918,5277300,0.0,0.0
2003-04-21,31.31999969482422,31.93000030517578,31.06999969482422,31.5,19.194835662841797,3333300,0.0,0.0
2003-04-22,31.5,32.849998474121094,31.049999237060547,32.72999954223633,19.944351196289062,5123300,0.0,0.0
2003-04-23,32.7400016784668,33.380001068115234,32.52000045776367,33.29999923706055,20.29169464111328,3986400,0.0,0.0
2003-04-24,33.29999923706055,33.560001373291016,32.06999969482422,32.9900016784668,20.10279083251953,3171900,0.0,0.0
2003-04-25,32.9900016784668,32.9900016784668,31.149999618530273,31.31999969482422,19.08515739440918,5280300,0.0,0.0
2003-04-28,31.56999969482422,32.869998931884766,31.360000610351562,32.7599983215332,19.962635040283203,3721600,0.0,0.0
2003-04-29,33.029998779296875,34.0,32.91999816894531,33.81999969482422,20.608558654785156,4811600,0.0,0.0
2003-04-30,33.81999969482422,33.81999969482422,32.869998931884766,33.119998931884766,20.181997299194336,3619300,0.0,0.0
2003-05-01,33.119998931884766,33.439998626708984,32.27000045776367,33.15999984741211,20.206378936767578,2739500,0.0,0.0
2003-05-02,33.25,33.66999816894531,33.09000015258789,33.25,20.2612247467041,4688600,0.0,0.0
2003-05-05,33.939998626708984,34.75,33.310001373291016,33.7599983215332,20.571990966796875,4267900,0.0,0.0
2003-05-06,33.75,35.4900016784668,33.599998474121094,34.18000030517578,20.827919006347656,4980500,0.0,0.0
2003-05-07,34.0099983215332,34.2400016784668,33.29999923706055,33.58000183105469,20.462310791015625,2737600,0.0,0.0
2003-05-08,33.11000061035156,33.599998474121094,32.810001373291016,32.91999816894531,20.06013298034668,2531600,0.0,0.0
2003-05-09,33.45000076293945,34.349998474121094,33.29999923706055,34.25,20.870582580566406,4375600,0.0,0.0
2003-05-12,34.25,35.45000076293945,33.95000076293945,35.209999084472656,21.4555721282959,3743800,0.0,0.0
2003-05-13,33.83000183105469,35.119998931884766,33.83000183105469,34.599998474121094,21.083845138549805,3356900,0.0,0.0
2003-05-14,34.599998474121094,34.84000015258789,33.68000030517578,34.0,20.718246459960938,3421800,0.0,0.0
2003-05-15,35.5,35.97999954223633,34.900001525878906,35.2400016784668,21.473834991455078,6406400,0.0,0.0
2003-05-16,35.2400016784668,35.2400016784668,34.52000045776367,34.93000030517578,21.284950256347656,3132400,0.0,0.0
2003-05-19,34.939998626708984,34.939998626708984,33.20000076293945,33.279998779296875,20.27949333190918,3413200,0.0,0.0
2003-05-20,33.599998474121094,34.130001068115234,33.099998474121094,33.630001068115234,20.492782592773438,3334700,0.0,0.0
2003-05-21,33.41999816894531,34.29999923706055,32.79999923706055,34.25,20.870582580566406,4360100,0.0,0.0
2003-05-22,34.119998931884766,35.220001220703125,34.09000015258789,34.91999816894531,21.278844833374023,3009100,0.0,0.0
2003-05-23,34.66999816894531,35.20000076293945,33.68000030517578,34.900001525878906,21.26666831970215,1635600,0.0,0.0
2003-05-27,34.79999923706055,36.79999923706055,34.68000030517578,36.70000076293945,22.36351203918457,4306800,0.0,0.0
2003-05-28,36.70000076293945,37.279998779296875,34.099998474121094,37.04999923706055,22.57678985595703,4158200,0.0,0.0
2003-05-29,37.04999923706055,39.08000183105469,36.5,38.33000183105469,23.35678482055664,4979800,0.0,0.0
2003-05-30,38.33000183105469,38.849998474121094,38.150001525878906,38.54999923706055,23.490835189819336,4150100,0.0,0.0
2003-06-02,39.0,39.20000076293945,37.119998931884766,37.380001068115234,22.77788734436035,6666700,0.0,0.0
2003-06-03,37.369998931884766,37.849998474121094,36.900001525878906,37.849998474121094,23.06427764892578,3535600,0.0,0.0
2003-06-04,37.849998474121094,39.54999923706055,37.349998474121094,39.5,24.06972885131836,3778700,0.0,0.0
2003-06-05,39.5,39.5,37.939998626708984,38.810001373291016,23.649259567260742,4273600,0.0,0.0
2003-06-06,38.810001373291016,40.33000183105469,38.41999816894531,38.529998779296875,23.478639602661133,5183800,0.0,0.0
2003-06-09,37.70000076293945,38.529998779296875,36.400001525878906,36.70000076293945,22.36351203918457,3747100,0.0,0.0
2003-06-10,36.79999923706055,37.279998779296875,35.79999923706055,37.279998779296875,22.716934204101562,3278800,0.0,0.0
2003-06-11,36.4900016784668,36.900001525878906,35.16999816894531,36.439998626708984,22.205080032348633,5488600,0.0,0.0
2003-06-12,36.0099983215332,36.5099983215332,34.790000915527344,35.29999923706055,21.510406494140625,4494600,0.0,0.0
2003-06-13,35.5,35.599998474121094,34.0,34.439998626708984,20.98635482788086,4544400,0.0,0.0
2003-06-16,34.58000183105469,35.150001525878906,33.54999923706055,35.0,21.32760238647461,4405000,0.0,0.0
2003-06-17,34.0099983215332,35.0099983215332,33.79999923706055,33.900001525878906,20.657312393188477,5095000,0.0,0.0
2003-06-18,33.900001525878906,35.5,33.150001525878906,35.16999816894531,21.431180953979492,7298700,0.0,0.0
2003-06-19,34.31999969482422,36.0,34.31999969482422,35.16999816894531,21.431180953979492,4883000,0.0,0.0
2003-06-20,35.380001068115234,35.400001525878906,33.939998626708984,33.9900016784668,20.712148666381836,5090900,0.0,0.0
2003-06-23,33.9900016784668,33.9900016784668,32.689998626708984,33.04999923706055,20.139352798461914,4252800,0.0,0.0
2003-06-24,32.11000061035156,33.20000076293945,32.11000061035156,32.75,19.956539154052734,4557200,0.0,0.0
2003-06-25,32.7599983215332,34.040000915527344,32.7599983215332,33.040000915527344,20.133256912231445,5162900,0.0,0.0
2003-06-26,33.099998474121094,34.66999816894531,33.040000915527344,34.560001373291016,21.059476852416992,3629900,0.0,0.0
2003-06-27,34.540000915527344,34.959999084472656,33.95000076293945,34.04999923706055,20.748706817626953,4031500,0.0,0.0
2003-06-30,34.720001220703125,35.400001525878906,34.689998626708984,34.81999969482422,21.217924118041992,3968400,0.0,0.0
2003-07-01,34.81999969482422,35.33000183105469,33.380001068115234,35.25,21.479942321777344,4756800,0.0,0.0
2003-07-02,35.5,36.150001525878906,35.279998779296875,35.81999969482422,21.827274322509766,4207000,0.0,0.0
2003-07-03,35.650001525878906,36.380001068115234,35.459999084472656,36.0,21.93695831298828,1895500,0.0,0.0
2003-07-07,36.45000076293945,36.86000061035156,36.369998931884766,36.709999084472656,22.369604110717773,5658600,0.0,0.0
2003-07-08,36.5,37.400001525878906,35.900001525878906,37.290000915527344,22.723033905029297,3527600,0.0,0.0
2003-07-09,37.279998779296875,38.0,36.45000076293945,37.439998626708984,22.81444549560547,3276700,0.0,0.0
2003-07-10,36.599998474121094,36.93000030517578,35.939998626708984,36.25,22.089292526245117,2755600,0.0,0.0
2003-07-11,36.5,37.02000045776367,36.27000045776367,36.70000076293945,22.36351203918457,2373700,0.0,0.0
2003-07-14,37.45000076293945,38.650001525878906,37.380001068115234,38.15999984741211,23.253175735473633,3732600,0.0,0.0
2003-07-15,38.47999954223633,38.650001525878906,37.43000030517578,38.040000915527344,23.1800479888916,3034800,0.0,0.0
2003-07-16,38.25,38.400001525878906,36.70000076293945,37.90999984741211,23.10084342956543,2950700,0.0,0.0
2003-07-17,37.90999984741211,37.90999984741211,35.95000076293945,36.130001068115234,22.01617431640625,3365800,0.0,0.0
2003-07-18,36.400001525878906,36.400001525878906,34.95000076293945,35.70000076293945,21.754152297973633,3048100,0.0,0.0
2003-07-21,35.54999923706055,35.93000030517578,34.849998474121094,35.7599983215332,21.79071807861328,3048200,0.0,0.0
2003-07-22,36.08000183105469,37.63999938964844,35.97999954223633,37.47999954223633,22.83880615234375,4526400,0.0,0.0
2003-07-23,37.70000076293945,37.70000076293945,36.56999969482422,37.5,22.85100555419922,2606700,0.0,0.0
2003-07-24,37.84000015258789,38.47999954223633,37.0,37.130001068115234,22.625534057617188,2739300,0.0,0.0
2003-07-25,37.33000183105469,38.400001525878906,36.5,38.18000030517578,23.265369415283203,2521500,0.0,0.0
2003-07-28,38.18000030517578,39.20000076293945,37.529998779296875,38.75,23.61270523071289,2113300,0.0,0.0
2003-07-29,38.5,38.779998779296875,37.68000030517578,38.0,23.155685424804688,2060300,0.0,0.0
2003-07-30,38.0,38.0,37.0,37.290000915527344,22.723033905029297,1763800,0.0,0.0
2003-07-31,38.400001525878906,39.5,37.90999984741211,37.95000076293945,23.12520980834961,2961100,0.0,0.0
2003-08-01,38.189998626708984,39.56999969482422,37.810001373291016,39.5099983215332,24.075809478759766,3473900,0.0,0.0
2003-08-04,38.599998474121094,39.900001525878906,38.599998474121094,39.72999954223633,24.209888458251953,3451300,0.0,0.0
2003-08-05,39.72999954223633,39.72999954223633,38.150001525878906,38.189998626708984,23.271459579467773,3128600,0.0,0.0
2003-08-06,38.0,38.900001525878906,37.650001525878906,38.25,23.30802345275879,2821300,0.0,0.0
2003-08-07,38.04999923706055,38.45000076293945,37.11000061035156,37.27000045776367,22.71084976196289,3395500,0.0,0.0
2003-08-08,37.27000045776367,37.54999923706055,35.650001525878906,36.029998779296875,21.955242156982422,4595000,0.0,0.0
2003-08-11,36.0,36.9900016784668,35.91999816894531,36.77000045776367,22.406177520751953,3405200,0.0,0.0
2003-08-12,36.75,36.95000076293945,35.900001525878906,36.47999954223633,22.22945785522461,4283600,0.0,0.0
2003-08-13,36.900001525878906,37.68000030517578,36.79999923706055,37.060001373291016,22.58289337158203,3862300,0.0,0.0
2003-08-14,37.220001220703125,37.47999954223633,36.7599983215332,37.09000015258789,22.601167678833008,3355300,0.0,0.0
2003-08-15,36.650001525878906,36.95000076293945,35.20000076293945,36.349998474121094,22.15024185180664,3330400,0.0,0.0
2003-08-18,36.619998931884766,38.4900016784668,36.5099983215332,38.400001525878906,23.39943504333496,3413200,0.0,0.0
2003-08-19,38.400001525878906,39.58000183105469,37.900001525878906,38.79999923706055,23.64318084716797,3269800,0.0,0.0
2003-08-20,38.20000076293945,39.189998626708984,38.040000915527344,38.84000015258789,23.66754150390625,2141200,0.0,0.0
2003-08-21,38.939998626708984,40.619998931884766,38.939998626708984,40.5,24.679079055786133,4666800,0.0,0.0
2003-08-22,43.0,43.0,41.45000076293945,41.5099983215332,25.29454231262207,6879200,0.0,0.0
2003-08-25,41.5099983215332,41.689998626708984,40.31999969482422,40.70000076293945,24.800960540771484,2496500,0.0,0.0
2003-08-26,40.70000076293945,40.70000076293945,38.849998474121094,39.599998474121094,24.130647659301758,4601400,0.0,0.0
2003-08-27,39.61000061035156,41.0,39.61000061035156,40.970001220703125,24.965490341186523,3622400,0.0,0.0
2003-08-28,41.0099983215332,41.150001525878906,40.08000183105469,40.959999084472656,24.959388732910156,2345300,0.0,0.0
2003-08-29,40.959999084472656,41.20000076293945,40.650001525878906,41.0,24.983755111694336,1566800,0.0,0.0
2003-09-02,41.25,41.7599983215332,40.779998779296875,41.70000076293945,25.410320281982422,3128400,0.0,0.0
2003-09-03,41.060001373291016,41.720001220703125,40.7400016784668,40.97999954223633,24.97157096862793,3615400,0.0,0.0
2003-09-04,40.599998474121094,41.43000030517578,40.38999938964844,41.150001525878906,25.075157165527344,3248500,0.0,0.0
2003-09-05,40.540000915527344,42.349998474121094,40.5,41.779998779296875,25.45905876159668,4363700,0.0,0.0
2003-09-08,42.11000061035156,42.75,41.66999816894531,42.7400016784668,26.044044494628906,2709600,0.0,0.0
2003-09-09,42.7400016784668,42.7400016784668,41.40999984741211,41.880001068115234,25.51999855041504,2855800,0.0,0.0
2003-09-10,41.45000076293945,41.58000183105469,39.0,39.22999954223633,23.905193328857422,4337300,0.0,0.0
2003-09-11,39.79999923706055,40.849998474121094,38.52000045776367,39.81999969482422,24.264724731445312,5256400,0.0,0.0
2003-09-12,39.81999969482422,40.70000076293945,39.150001525878906,40.540000915527344,24.70344352722168,3204300,0.0,0.0
2003-09-15,40.54999923706055,41.060001373291016,39.5,39.869998931884766,24.2951717376709,2281300,0.0,0.0
2003-09-16,40.0,41.369998931884766,39.970001220703125,41.279998779296875,25.15437889099121,2605900,0.0,0.0
2003-09-17,41.099998474121094,41.61000061035156,40.47999954223633,40.66999816894531,24.782676696777344,2331500,0.0,0.0
2003-09-18,39.5,41.290000915527344,39.5,41.15999984741211,25.081260681152344,2313200,0.0,0.0
2003-09-19,41.15999984741211,41.689998626708984,40.0,41.209999084472656,25.111726760864258,2268600,0.0,0.0
2003-09-22,41.209999084472656,41.209999084472656,39.59000015258789,40.0,24.374408721923828,2637800,0.0,0.0
2003-09-23,40.0,40.810001373291016,39.40999984741211,40.79999923706055,24.861888885498047,2982200,0.0,0.0
2003-09-24,40.79999923706055,40.88999938964844,38.599998474121094,38.79999923706055,23.64318084716797,2830100,0.0,0.0
2003-09-25,38.79999923706055,40.29999923706055,38.68000030517578,38.689998626708984,23.57613754272461,3423500,0.0,0.0
2003-09-26,38.75,39.63999938964844,38.099998474121094,38.189998626708984,23.271459579467773,3344900,0.0,0.0
2003-09-29,38.70000076293945,39.61000061035156,38.630001068115234,39.29999923706055,23.94784927368164,3069800,0.0,0.0
2003-09-30,39.29999923706055,39.29999923706055,38.02000045776367,38.02000045776367,23.16787338256836,3365100,0.0,0.0
2003-10-01,38.400001525878906,39.470001220703125,38.290000915527344,39.29999923706055,23.94784927368164,3570300,0.0,0.0
2003-10-02,39.040000915527344,40.20000076293945,38.97999954223633,39.83000183105469,24.27081298828125,2633400,0.0,0.0
2003-10-03,41.0,42.47999954223633,40.209999084472656,42.0,25.593124389648438,4583500,0.0,0.0
2003-10-06,42.0,42.349998474121094,41.91999816894531,42.0,25.593124389648438,2738900,0.0,0.0
2003-10-07,41.9900016784668,43.0,41.849998474121094,42.97999954223633,26.190298080444336,3371400,0.0,0.0
2003-10-08,42.97999954223633,43.0,41.79999923706055,42.04999923706055,25.623594284057617,3276100,0.0,0.0
2003-10-09,42.88999938964844,43.2400016784668,42.099998474121094,42.790000915527344,26.07451820373535,4013200,0.0,0.0
2003-10-10,42.869998931884766,43.20000076293945,42.349998474121094,42.97999954223633,26.190298080444336,2514000,0.0,0.0
2003-10-13,42.72999954223633,44.0,42.619998931884766,43.11000061035156,26.269508361816406,2077800,0.0,0.0
2003-10-14,42.779998779296875,43.93000030517578,42.369998931884766,43.869998931884766,26.732624053955078,2416800,0.0,0.0
2003-10-15,43.9900016784668,44.34000015258789,42.5099983215332,42.90999984741211,26.147634506225586,4107600,0.0,0.0
2003-10-16,42.90999984741211,43.2599983215332,42.5,43.09000015258789,26.257322311401367,2481700,0.0,0.0
2003-10-17,43.54999923706055,43.65999984741211,41.81999969482422,42.11000061035156,25.660146713256836,2130700,0.0,0.0
2003-10-20,42.150001525878906,43.130001068115234,41.720001220703125,43.02000045776367,26.21466636657715,2543100,0.0,0.0
2003-10-21,43.02000045776367,45.099998474121094,43.02000045776367,44.86000061035156,27.335895538330078,5142000,0.0,0.0
2003-10-22,44.86000061035156,44.86000061035156,42.599998474121094,42.900001525878906,26.14154815673828,3776800,0.0,0.0
2003-10-23,42.0099983215332,42.31999969482422,41.52000045776367,41.869998931884766,25.513898849487305,3734100,0.0,0.0
2003-10-24,41.869998931884766,41.91999816894531,40.45000076293945,41.5,25.28844451904297,3911400,0.0,0.0
2003-10-27,41.5,42.400001525878906,41.5,42.16999816894531,25.69671630859375,2126200,0.0,0.0
2003-10-28,42.16999816894531,44.41999816894531,42.16999816894531,44.380001068115234,27.04340362548828,3645000,0.0,0.0
2003-10-29,44.0099983215332,44.599998474121094,43.560001373291016,44.279998779296875,26.982460021972656,3308800,0.0,0.0
2003-10-30,44.810001373291016,45.540000915527344,44.18000030517578,44.75,27.268863677978516,3466400,0.0,0.0
2003-10-31,44.75,45.040000915527344,43.56999969482422,44.33000183105469,27.012937545776367,2878900,0.0,0.0
2003-11-03,43.36000061035156,45.970001220703125,43.349998474121094,45.7400016784668,27.872129440307617,4000700,0.0,0.0
2003-11-04,45.7400016784668,46.470001220703125,44.900001525878906,46.0099983215332,28.03665542602539,3329200,0.0,0.0
2003-11-05,46.0,46.84000015258789,45.41999816894531,46.72999954223633,28.47539710998535,2710300,0.0,0.0
2003-11-06,46.72999954223633,47.77000045776367,45.9900016784668,47.58000183105469,28.993345260620117,3015100,0.0,0.0
2003-11-07,47.59000015258789,48.25,47.0099983215332,47.810001373291016,29.133506774902344,3687900,0.0,0.0
2003-11-10,47.810001373291016,47.810001373291016,46.599998474121094,46.869998931884766,28.560693740844727,3230700,0.0,0.0
2003-11-11,46.86000061035156,47.18000030517578,46.279998779296875,47.040000915527344,28.664304733276367,2272200,0.0,0.0
2003-11-12,47.040000915527344,48.75,47.040000915527344,48.68000030517578,29.663660049438477,2792200,0.0,0.0
2003-11-13,46.0,48.349998474121094,46.0,47.45000076293945,28.91413688659668,3672100,0.0,0.0
2003-11-14,47.45000076293945,47.93000030517578,45.900001525878906,46.150001525878906,28.12196922302246,3109400,0.0,0.0
2003-11-17,45.29999923706055,47.79999923706055,44.20000076293945,45.2400016784668,27.567441940307617,4813900,0.0,0.0
2003-11-18,45.9900016784668,46.36000061035156,44.75,44.88999938964844,27.354183197021484,4065500,0.0,0.0
2003-11-19,46.349998474121094,47.36000061035156,45.810001373291016,46.59000015258789,28.39008903503418,7457900,0.0,0.0
2003-11-20,46.59000015258789,46.93000030517578,45.650001525878906,45.810001373291016,27.914779663085938,3445100,0.0,0.0
2003-11-21,46.5,47.9900016784668,46.029998779296875,47.18000030517578,28.74959945678711,4120800,0.0,0.0
2003-11-24,47.88999938964844,48.849998474121094,47.650001525878906,48.779998779296875,29.724584579467773,3069100,0.0,0.0
2003-11-25,48.79999923706055,49.5,48.45000076293945,49.099998474121094,29.94414520263672,3347700,0.04,0.0
2003-11-26,49.70000076293945,50.060001373291016,48.54999923706055,49.0099983215332,29.889245986938477,3498300,0.0,0.0
2003-11-28,49.04999923706055,50.0,48.93000030517578,49.75,30.340532302856445,878200,0.0,0.0
2003-12-01,49.4900016784668,50.349998474121094,49.0099983215332,49.79999923706055,30.371030807495117,2985100,0.0,0.0
2003-12-02,49.72999954223633,50.16999816894531,49.20000076293945,49.41999816894531,30.139293670654297,2822500,0.0,0.0
2003-12-03,49.68000030517578,50.189998626708984,48.68000030517578,48.79999923706055,29.76117706298828,2952300,0.0,0.0
2003-12-04,48.79999923706055,49.369998931884766,47.599998474121094,48.54999923706055,29.608707427978516,3195800,0.0,0.0
2003-12-05,48.54999923706055,48.54999923706055,46.79999923706055,47.15999984741211,28.761001586914062,3283300,0.0,0.0
2003-12-08,47.16999816894531,47.45000076293945,46.04999923706055,46.599998474121094,28.41946792602539,3793800,0.0,0.0
2003-12-09,46.900001525878906,47.0,44.849998474121094,45.02000045776367,27.45589828491211,3842500,0.0,0.0
2003-12-10,45.02000045776367,45.59000015258789,44.459999084472656,45.27000045776367,27.608362197875977,5306300,0.0,0.0
2003-12-11,45.52000045776367,47.5,45.25,47.15999984741211,28.761001586914062,4376700,0.0,0.0
2003-12-12,47.150001525878906,47.33000183105469,46.25,46.77000045776367,28.52315902709961,2780600,0.0,0.0
2003-12-15,47.95000076293945,47.95000076293945,44.849998474121094,44.939998626708984,27.4071102142334,4010400,0.0,0.0
2003-12-16,45.0,45.18000030517578,43.099998474121094,43.9900016784668,26.8277530670166,5020900,0.0,0.0
2003-12-17,43.970001220703125,44.06999969482422,43.189998626708984,43.709999084472656,26.656980514526367,4127300,0.0,0.0
2003-12-18,43.9900016784668,45.5,43.900001525878906,45.119998931884766,27.516891479492188,3231600,0.0,0.0
2003-12-19,45.119998931884766,45.279998779296875,43.869998931884766,44.349998474121094,27.047292709350586,3385000,0.0,0.0
2003-12-22,44.25,45.119998931884766,43.939998626708984,44.369998931884766,27.059499740600586,2959600,0.0,0.0
2003-12-23,44.599998474121094,45.0,44.38999938964844,44.84000015258789,27.34611701965332,1966800,0.0,0.0
2003-12-24,44.84000015258789,45.349998474121094,44.54999923706055,44.97999954223633,27.431507110595703,1040100,0.0,0.0
2003-12-26,44.79999923706055,45.20000076293945,44.790000915527344,44.86000061035156,27.358325958251953,631000,0.0,0.0
2003-12-29,45.18000030517578,45.959999084472656,45.18000030517578,45.869998931884766,27.97427749633789,1523400,0.0,0.0
2003-12-30,45.75,46.279998779296875,45.290000915527344,45.689998626708984,27.864501953125,1679200,0.0,0.0
2003-12-31,45.459999084472656,45.900001525878906,44.83000183105469,45.650001525878906,27.84012794494629,2378400,0.0,0.0
2004-01-02,45.95000076293945,46.5,45.470001220703125,45.790000915527344,27.925498962402344,2030400,0.0,0.0
2004-01-05,46.349998474121094,47.4900016784668,46.349998474121094,47.20000076293945,28.785390853881836,2738200,0.0,0.0
2004-01-06,47.189998626708984,48.52000045776367,46.869998931884766,48.2599983215332,29.431846618652344,3198500,0.0,0.0
2004-01-07,48.099998474121094,48.84000015258789,47.849998474121094,48.7400016784668,29.724580764770508,3430200,0.0,0.0
2004-01-08,48.9900016784668,49.650001525878906,48.119998931884766,49.61000061035156,30.255163192749023,3277500,0.0,0.0
2004-01-09,49.02000045776367,49.70000076293945,48.54999923706055,48.81999969482422,29.77337074279785,2856100,0.0,0.0
2004-01-12,49.04999923706055,50.439998626708984,48.560001373291016,50.290000915527344,30.669864654541016,4019700,0.0,0.0
2004-01-13,50.29999923706055,50.38999938964844,49.13999938964844,50.09000015258789,30.547893524169922,4334200,0.0,0.0
2004-01-14,50.29999923706055,50.880001068115234,49.54999923706055,50.70000076293945,30.919912338256836,3952200,0.0,0.0
2004-01-15,50.540000915527344,50.880001068115234,49.86000061035156,50.5099983215332,30.804031372070312,4570000,0.0,0.0
2004-01-16,50.9900016784668,50.9900016784668,50.08000183105469,50.5,30.79792594909668,2869200,0.0,0.0
2004-01-20,50.5,50.5,49.529998779296875,49.91999816894531,30.444215774536133,3050000,0.0,0.0
2004-01-21,49.79999923706055,49.79999923706055,48.560001373291016,48.849998474121094,29.79168128967285,3021300,0.0,0.0
2004-01-22,48.849998474121094,49.709999084472656,48.0099983215332,48.459999084472656,29.55382537841797,3511800,0.0,0.0
2004-01-23,48.939998626708984,49.31999969482422,48.099998474121094,48.650001525878906,29.669706344604492,3404300,0.0,0.0
2004-01-26,48.619998931884766,49.15999984741211,48.52000045776367,49.099998474121094,29.94414520263672,3221500,0.0,0.0
2004-01-27,48.81999969482422,49.08000183105469,47.16999816894531,47.16999816894531,28.76711654663086,2985300,0.0,0.0
2004-01-28,47.59000015258789,48.77000045776367,46.75,47.16999816894531,28.76711654663086,3870700,0.0,0.0
2004-01-29,47.900001525878906,47.91999816894531,46.5099983215332,47.599998474121094,29.02935028076172,3864700,0.0,0.0
2004-01-30,47.470001220703125,48.22999954223633,47.119998931884766,47.849998474121094,29.181798934936523,2316400,0.0,0.0
2004-02-02,47.86000061035156,48.099998474121094,46.5099983215332,46.77000045776367,28.52315902709961,2885100,0.0,0.0
2004-02-03,46.77000045776367,47.380001068115234,46.5099983215332,46.91999816894531,28.61463165283203,2502700,0.0,0.0
2004-02-04,46.52000045776367,46.65999984741211,45.61000061035156,45.779998779296875,27.919391632080078,2613000,0.0,0.0
2004-02-05,46.400001525878906,46.5,45.5,46.0,28.053564071655273,3038600,0.0,0.0
2004-02-06,46.720001220703125,48.29999923706055,46.58000183105469,48.040000915527344,29.29767608642578,4037000,0.0,0.0
2004-02-09,48.650001525878906,48.939998626708984,48.09000015258789,48.09000015258789,29.32817840576172,2051000,0.0,0.0
2004-02-10,48.47999954223633,49.060001373291016,48.22999954223633,48.77000045776367,29.742876052856445,2610800,0.0,0.0
2004-02-11,48.849998474121094,50.0099983215332,48.849998474121094,49.9900016784668,30.486909866333008,3241400,0.0,0.0
2004-02-12,49.9900016784668,50.380001068115234,48.83000183105469,48.9900016784668,29.877050399780273,3244900,0.0,0.0
2004-02-13,51.349998474121094,51.70000076293945,49.7599983215332,50.63999938964844,30.883302688598633,7904100,0.0,0.0
2004-02-17,51.0,51.349998474121094,50.7400016784668,50.939998626708984,31.066272735595703,3713000,0.0,0.0
2004-02-18,51.02000045776367,51.900001525878906,51.0,51.38999938964844,31.340723037719727,2945000,0.0,0.0
2004-02-19,51.9900016784668,52.369998931884766,50.0,50.060001373291016,30.52959632873535,3946900,0.0,0.0
2004-02-20,50.439998626708984,50.439998626708984,48.68000030517578,49.34000015258789,30.090499877929688,3166400,0.0,0.0
2004-02-23,49.84000015258789,49.84000015258789,47.22999954223633,48.220001220703125,29.407459259033203,3799000,0.0,0.0
2004-02-24,47.900001525878906,49.75,47.869998931884766,49.5,30.18808364868164,4389000,0.0,0.0
2004-02-25,49.220001220703125,50.5,49.20000076293945,50.220001220703125,30.651947021484375,3061200,0.04,0.0
2004-02-26,50.25,50.810001373291016,49.560001373291016,50.54999923706055,30.853361129760742,3792500,0.0,0.0
2004-02-27,50.63999938964844,50.779998779296875,49.63999938964844,49.900001525878906,30.456626892089844,3819700,0.0,0.0
2004-03-01,49.900001525878906,51.41999816894531,49.27000045776367,51.38999938964844,31.366050720214844,3022200,0.0,0.0
2004-03-02,51.38999938964844,52.349998474121094,51.150001525878906,51.150001525878906,31.219589233398438,3661500,0.0,0.0
2004-03-03,51.15999984741211,51.70000076293945,50.279998779296875,50.7400016784668,30.96932601928711,2798600,0.0,0.0
2004-03-04,51.099998474121094,51.63999938964844,50.59000015258789,51.0099983215332,31.134124755859375,1978900,0.0,0.0
2004-03-05,50.5,51.400001525878906,50.0099983215332,50.790000915527344,30.99984359741211,2475000,0.0,0.0
2004-03-08,50.79999923706055,51.25,48.75,48.86000061035156,29.821861267089844,2924200,0.0,0.0
2004-03-09,48.849998474121094,48.91999816894531,47.130001068115234,48.04999923706055,29.327478408813477,5374600,0.0,0.0
2004-03-10,47.900001525878906,48.4900016784668,47.04999923706055,47.36000061035156,28.906326293945312,3569800,0.0,0.0
2004-03-11,47.36000061035156,48.95000076293945,47.11000061035156,47.189998626708984,28.802566528320312,4032100,0.0,0.0
2004-03-12,47.560001373291016,48.43000030517578,47.529998779296875,48.2400016784668,29.443443298339844,2478500,0.0,0.0
2004-03-15,48.150001525878906,48.150001525878906,45.619998931884766,46.599998474121094,28.442466735839844,3346700,0.0,0.0
2004-03-16,46.79999923706055,46.970001220703125,45.61000061035156,46.20000076293945,28.198335647583008,4371600,0.0,0.0
2004-03-17,46.75,47.439998626708984,46.54999923706055,47.130001068115234,28.765945434570312,2468900,0.0,0.0
2004-03-18,46.84000015258789,47.16999816894531,45.58000183105469,46.08000183105469,28.125091552734375,3818400,0.0,0.0
2004-03-19,46.08000183105469,46.86000061035156,45.040000915527344,45.11000061035156,27.533039093017578,3105400,0.0,0.0
2004-03-22,44.66999816894531,45.38999938964844,44.439998626708984,45.11000061035156,27.533039093017578,3988200,0.0,0.0
2004-03-23,45.560001373291016,45.970001220703125,44.33000183105469,44.88999938964844,27.398746490478516,3226400,0.0,0.0
2004-03-24,44.900001525878906,46.84000015258789,44.65999984741211,46.09000015258789,28.131187438964844,3723800,0.0,0.0
2004-03-25,46.349998474121094,48.5,46.09000015258789,48.31999969482422,29.492263793945312,4767900,0.0,0.0
2004-03-26,48.06999969482422,48.290000915527344,46.68000030517578,46.70000076293945,28.503498077392578,4309600,0.0,0.0
2004-03-29,47.220001220703125,48.439998626708984,47.18000030517578,48.04999923706055,29.327478408813477,3303900,0.0,0.0
2004-03-30,48.04999923706055,48.2400016784668,46.88999938964844,47.86000061035156,29.211503982543945,2516900,0.0,0.0
2004-03-31,48.0,48.4900016784668,47.2400016784668,48.0099983215332,29.303064346313477,2593500,0.0,0.0
2004-04-01,47.93000030517578,49.279998779296875,47.93000030517578,48.9900016784668,29.901212692260742,3454800,0.0,0.0
2004-04-02,49.70000076293945,50.900001525878906,49.70000076293945,50.72999954223633,30.96322250366211,4520600,0.0,0.0
2004-04-05,50.45000076293945,50.97999954223633,49.88999938964844,50.709999084472656,30.951013565063477,2381500,0.0,0.0
2004-04-06,49.619998931884766,49.970001220703125,48.970001220703125,49.650001525878906,30.30405616760254,3038200,0.0,0.0
2004-04-07,49.650001525878906,49.9900016784668,48.63999938964844,49.470001220703125,30.194175720214844,2286100,0.0,0.0
2004-04-08,50.04999923706055,50.279998779296875,49.41999816894531,49.849998474121094,30.426109313964844,1829600,0.0,0.0
2004-04-12,49.900001525878906,50.119998931884766,49.29999923706055,50.029998779296875,30.535966873168945,1449400,0.0,0.0
2004-04-13,50.099998474121094,50.36000061035156,48.900001525878906,49.2400016784668,30.05379867553711,1986500,0.0,0.0
2004-04-14,49.0,49.77000045776367,48.91999816894531,49.22999954223633,30.04770278930664,3158400,0.0,0.0
2004-04-15,49.5,49.56999969482422,47.25,47.65999984741211,29.08942985534668,4182800,0.0,0.0
2004-04-16,47.59000015258789,47.869998931884766,46.27000045776367,47.599998474121094,29.05280876159668,3302200,0.0,0.0
2004-04-19,47.5,48.43000030517578,47.33000183105469,48.029998779296875,29.315277099609375,2391700,0.0,0.0
2004-04-20,48.20000076293945,48.20000076293945,45.869998931884766,45.95000076293945,28.045738220214844,3374700,0.0,0.0
2004-04-21,45.95000076293945,46.400001525878906,44.91999816894531,46.0,28.076257705688477,5120300,0.0,0.0
2004-04-22,45.349998474121094,46.400001525878906,44.869998931884766,46.209999084472656,28.204425811767578,3983600,0.0,0.0
2004-04-23,46.650001525878906,47.81999969482422,46.61000061035156,47.619998931884766,29.065025329589844,2942300,0.0,0.0
2004-04-26,47.619998931884766,47.7599983215332,45.9900016784668,46.060001373291016,28.112873077392578,3778300,0.0,0.0
2004-04-27,46.47999954223633,46.70000076293945,45.290000915527344,45.43000030517578,27.728347778320312,3532600,0.0,0.0
2004-04-28,45.349998474121094,46.529998779296875,45.04999923706055,45.04999923706055,27.496417999267578,3917100,0.0,0.0
2004-04-29,45.29999923706055,45.56999969482422,43.34000015258789,43.9900016784668,26.849441528320312,5388000,0.0,0.0
2004-04-30,44.09000015258789,44.439998626708984,42.52000045776367,42.599998474121094,26.00105094909668,4351700,0.0,0.0
2004-05-03,43.04999923706055,43.7599983215332,41.5,42.29999923706055,25.817951202392578,4358100,0.0,0.0
2004-05-04,42.70000076293945,43.79999923706055,42.43000030517578,43.18000030517578,26.35505485534668,4653900,0.0,0.0
2004-05-05,43.79999923706055,44.459999084472656,42.97999954223633,44.11000061035156,26.922687530517578,4692300,0.0,0.0
2004-05-06,43.5,44.529998779296875,43.33000183105469,44.130001068115234,26.93488883972168,4112300,0.0,0.0
2004-05-07,44.650001525878906,46.61000061035156,44.5,45.75,27.923673629760742,6229400,0.0,0.0
2004-05-10,45.25,46.709999084472656,45.16999816894531,45.86000061035156,27.99079704284668,5024400,0.0,0.0
2004-05-11,46.29999923706055,46.79999923706055,46.029998779296875,46.619998931884766,28.454673767089844,3147700,0.0,0.0
2004-05-12,46.0,46.279998779296875,44.459999084472656,46.04999923706055,28.10678482055664,4841400,0.0,0.0
2004-05-13,46.0,46.470001220703125,45.349998474121094,45.95000076293945,28.045738220214844,4525300,0.0,0.0
2004-05-14,47.150001525878906,48.2400016784668,46.470001220703125,46.709999084472656,28.509597778320312,7894700,0.0,0.0
2004-05-17,46.459999084472656,46.459999084472656,45.349998474121094,45.720001220703125,27.905345916748047,5482000,0.0,0.0
2004-05-18,46.54999923706055,48.43000030517578,46.349998474121094,47.720001220703125,29.12605857849121,5807000,0.0,0.0
2004-05-19,48.4900016784668,49.290000915527344,47.880001068115234,47.90999984741211,29.242027282714844,4783500,0.0,0.0
2004-05-20,48.04999923706055,48.06999969482422,46.97999954223633,47.58000183105469,29.040616989135742,3639600,0.0,0.0
2004-05-21,47.880001068115234,48.20000076293945,47.45000076293945,48.08000183105469,29.345792770385742,2953100,0.0,0.0
2004-05-24,48.540000915527344,48.7599983215332,47.849998474121094,47.869998931884766,29.217615127563477,2989000,0.0,0.0
2004-05-25,47.70000076293945,48.959999084472656,46.68000030517578,48.70000076293945,29.724205017089844,5586200,0.0,0.0
2004-05-26,48.650001525878906,49.189998626708984,48.29999923706055,48.79999923706055,29.821985244750977,2981000,0.06,0.0
2004-05-27,49.02000045776367,49.470001220703125,48.58000183105469,48.970001220703125,29.925878524780273,3234600,0.0,0.0
2004-05-28,49.13999938964844,49.349998474121094,48.77000045776367,49.150001525878906,30.035873413085938,2536100,0.0,0.0
2004-06-01,48.599998474121094,49.369998931884766,48.040000915527344,48.40999984741211,29.583675384521484,3276800,0.0,0.0
2004-06-02,48.41999816894531,48.43000030517578,47.290000915527344,48.040000915527344,29.3575382232666,4542700,0.0,0.0
2004-06-03,47.79999923706055,47.93000030517578,46.86000061035156,46.959999084472656,28.697555541992188,3606400,0.0,0.0
2004-06-04,48.0,48.38999938964844,47.5099983215332,47.650001525878906,29.119211196899414,2944300,0.0,0.0
2004-06-07,48.279998779296875,50.0,48.11000061035156,49.86000061035156,30.46976089477539,4091400,0.0,0.0
2004-06-08,49.45000076293945,50.16999816894531,49.29999923706055,49.75,30.402536392211914,3624700,0.0,0.0
2004-06-09,49.75,49.75,48.20000076293945,48.2400016784668,29.479764938354492,3204400,0.0,0.0
2004-06-10,48.79999923706055,49.11000061035156,47.54999923706055,48.400001525878906,29.577550888061523,2635000,0.0,0.0
2004-06-14,48.400001525878906,48.59000015258789,47.689998626708984,48.04999923706055,29.363649368286133,3021800,0.0,0.0
2004-06-15,48.5,49.099998474121094,48.34000015258789,48.59000015258789,29.69364356994629,2970700,0.0,0.0
2004-06-16,48.72999954223633,48.7599983215332,47.349998474121094,47.66999816894531,29.131425857543945,2972600,0.0,0.0
2004-06-17,47.66999816894531,47.66999816894531,44.81999969482422,45.650001525878906,27.89699935913086,4982900,0.0,0.0
2004-06-18,45.650001525878906,46.779998779296875,45.5,45.72999954223633,27.94588851928711,3576700,0.0,0.0
2004-06-21,45.86000061035156,46.20000076293945,44.95000076293945,45.029998779296875,27.518112182617188,3220000,0.0,0.0
2004-06-22,45.25,46.59000015258789,45.11000061035156,46.40999984741211,28.361454010009766,3781000,0.0,0.0
2004-06-23,46.40999984741211,46.77000045776367,45.83000183105469,46.529998779296875,28.434755325317383,3970700,0.0,0.0
2004-06-24,46.540000915527344,47.20000076293945,45.91999816894531,46.0,28.11087989807129,3085900,0.0,0.0
2004-06-25,46.0,46.34000015258789,45.70000076293945,46.189998626708984,28.22700309753418,2906200,0.0,0.0
2004-06-28,46.470001220703125,46.52000045776367,45.560001373291016,45.61000061035156,27.87255096435547,2761200,0.0,0.0
2004-06-29,45.619998931884766,46.34000015258789,45.5099983215332,46.150001525878906,28.202556610107422,2661300,0.0,0.0
2004-06-30,46.25,47.369998931884766,46.150001525878906,47.08000183105469,28.770877838134766,3726600,0.0,0.0
2004-07-01,46.7599983215332,46.849998474121094,44.689998626708984,44.849998474121094,27.408119201660156,5350100,0.0,0.0
2004-07-02,44.79999923706055,44.88999938964844,43.5,44.25,27.041460037231445,3683200,0.0,0.0
2004-07-06,43.75,43.880001068115234,42.11000061035156,42.560001373291016,26.008684158325195,5359600,0.0,0.0
2004-07-07,42.400001525878906,43.43000030517578,42.400001525878906,43.150001525878906,26.369243621826172,3401900,0.0,0.0
2004-07-08,42.689998626708984,43.119998931884766,42.150001525878906,42.369998931884766,25.892568588256836,4478000,0.0,0.0
2004-07-09,42.79999923706055,43.349998474121094,42.79999923706055,43.25,26.43034553527832,3685400,0.0,0.0
2004-07-12,42.599998474121094,42.959999084472656,41.650001525878906,42.630001068115234,26.051454544067383,5969100,0.0,0.0
2004-07-13,42.619998931884766,43.06999969482422,42.43000030517578,42.720001220703125,26.106456756591797,3351100,0.0,0.0
2004-07-14,42.20000076293945,42.209999084472656,40.91999816894531,41.369998931884766,25.281463623046875,7139100,0.0,0.0
2004-07-15,41.599998474121094,42.29999923706055,41.29999923706055,41.38999938964844,25.293685913085938,4062100,0.0,0.0
2004-07-16,42.38999938964844,42.38999938964844,40.0,40.040000915527344,24.46868324279785,4331800,0.0,0.0
2004-07-19,40.380001068115234,40.439998626708984,39.310001373291016,39.79999923706055,24.322019577026367,5139800,0.0,0.0
2004-07-20,39.869998931884766,40.72999954223633,39.7599983215332,40.630001068115234,24.82924461364746,4636900,0.0,0.0
2004-07-21,41.41999816894531,41.75,39.7400016784668,39.7400016784668,24.285367965698242,5515700,0.0,0.0
2004-07-22,39.29999923706055,41.189998626708984,39.29999923706055,40.75,24.90258026123047,4154600,0.0,0.0
2004-07-23,40.349998474121094,40.52000045776367,39.2599983215332,39.2599983215332,23.992021560668945,4367300,0.0,0.0
2004-07-26,39.18000030517578,39.41999816894531,38.11000061035156,38.790000915527344,23.704816818237305,4607300,0.0,0.0
2004-07-27,38.790000915527344,39.09000015258789,37.25,38.63999938964844,23.613147735595703,5820000,0.0,0.0
2004-07-28,38.349998474121094,38.59000015258789,37.36000061035156,38.34000015258789,23.4298095703125,4233500,0.0,0.0
2004-07-29,38.5099983215332,39.900001525878906,38.310001373291016,38.91999816894531,23.784250259399414,4392800,0.0,0.0
2004-07-30,38.91999816894531,39.880001068115234,38.529998779296875,39.70000076293945,24.260927200317383,3756200,0.0,0.0
2004-08-02,39.70000076293945,40.459999084472656,39.2400016784668,40.27000045776367,24.609249114990234,4011700,0.0,0.0
2004-08-03,40.0,40.029998779296875,38.220001220703125,38.290000915527344,23.399259567260742,4493800,0.0,0.0
2004-08-04,37.93000030517578,38.59000015258789,37.40999984741211,38.130001068115234,23.301485061645508,3726800,0.0,0.0
2004-08-05,38.130001068115234,38.95000076293945,38.04999923706055,38.130001068115234,23.301485061645508,4294500,0.0,0.0
2004-08-06,37.97999954223633,37.97999954223633,35.86000061035156,36.20000076293945,22.122051239013672,5415800,0.0,0.0
2004-08-09,36.45000076293945,36.650001525878906,35.439998626708984,35.91999816894531,21.950931549072266,4009600,0.0,0.0
2004-08-10,36.150001525878906,36.18000030517578,35.29999923706055,35.84000015258789,21.902053833007812,4688400,0.0,0.0
2004-08-11,33.5,35.81999969482422,32.4900016784668,35.75,21.847049713134766,12330900,0.0,0.0
2004-08-12,35.0,35.40999984741211,33.720001220703125,33.83000183105469,20.67371940612793,9405100,0.0,0.0
2004-08-13,31.360000610351562,33.75,31.360000610351562,33.56999969482422,20.514835357666016,14452300,0.0,0.0
2004-08-16,33.93000030517578,34.400001525878906,33.849998474121094,34.220001220703125,20.91205596923828,5768500,0.0,0.0
2004-08-17,34.349998474121094,35.79999923706055,34.349998474121094,35.369998931884766,21.614818572998047,6329700,0.0,0.0
2004-08-18,35.119998931884766,36.459999084472656,35.029998779296875,36.369998931884766,22.225936889648438,4384900,0.0,0.0
2004-08-19,36.2599983215332,36.90999984741211,36.20000076293945,36.630001068115234,22.38481903076172,5634500,0.0,0.0
2004-08-20,36.630001068115234,36.84000015258789,36.209999084472656,36.720001220703125,22.439823150634766,3090800,0.0,0.0
2004-08-23,36.77000045776367,37.45000076293945,36.599998474121094,36.75,22.45815086364746,3485900,0.0,0.0
2004-08-24,36.970001220703125,36.9900016784668,35.310001373291016,35.61000061035156,21.76148796081543,5519900,0.0,0.0
2004-08-25,35.040000915527344,35.810001373291016,34.810001373291016,35.529998779296875,21.749244689941406,7002900,0.06,0.0
2004-08-26,35.5,35.61000061035156,34.86000061035156,35.0099983215332,21.43094253540039,3485900,0.0,0.0
2004-08-27,35.18000030517578,35.529998779296875,34.939998626708984,35.08000183105469,21.473793029785156,2491100,0.0,0.0
2004-08-30,35.09000015258789,35.18000030517578,34.279998779296875,34.400001525878906,21.057531356811523,2772200,0.0,0.0
2004-08-31,34.400001525878906,34.810001373291016,33.97999954223633,34.720001220703125,21.25343132019043,5974000,0.0,0.0
2004-09-01,34.75,35.72999954223633,34.61000061035156,35.11000061035156,21.492155075073242,4150300,0.0,0.0
2004-09-02,34.869998931884766,35.849998474121094,34.720001220703125,35.7400016784668,21.877803802490234,3384100,0.0,0.0
2004-09-03,35.0,35.59000015258789,34.0,34.16999816894531,20.916748046875,4573400,0.0,0.0
2004-09-07,34.599998474121094,34.77000045776367,33.599998474121094,33.779998779296875,20.678007125854492,4196600,0.0,0.0
2004-09-08,33.599998474121094,34.43000030517578,33.59000015258789,33.869998931884766,20.733104705810547,4088700,0.0,0.0
2004-09-09,34.36000061035156,36.33000183105469,34.279998779296875,35.790000915527344,21.908409118652344,6825900,0.0,0.0
2004-09-10,35.79999923706055,37.470001220703125,35.5,37.220001220703125,22.78376579284668,6595800,0.0,0.0
2004-09-13,38.099998474121094,38.68000030517578,37.33000183105469,37.849998474121094,23.169404983520508,6865400,0.0,0.0
2004-09-14,37.849998474121094,38.060001373291016,37.22999954223633,37.84000015258789,23.163286209106445,4952700,0.0,0.0
2004-09-15,37.849998474121094,37.849998474121094,36.369998931884766,36.599998474121094,22.404232025146484,3815300,0.0,0.0
2004-09-16,36.72999954223633,37.290000915527344,36.52000045776367,36.630001068115234,22.422597885131836,3573300,0.0,0.0
2004-09-17,36.939998626708984,37.68000030517578,36.689998626708984,37.56999969482422,22.99801254272461,4351400,0.0,0.0
2004-09-20,37.25,39.4900016784668,37.11000061035156,39.220001220703125,24.008031845092773,7067500,0.0,0.0
2004-09-21,39.290000915527344,39.86000061035156,39.099998474121094,39.40999984741211,24.12433624267578,4519100,0.0,0.0
2004-09-22,39.150001525878906,39.150001525878906,38.2599983215332,38.369998931884766,23.487714767456055,3688800,0.0,0.0
2004-09-23,38.380001068115234,39.09000015258789,37.849998474121094,38.619998931884766,23.64075469970703,3226500,0.0,0.0
2004-09-24,38.439998626708984,38.7400016784668,37.04999923706055,37.459999084472656,22.93067741394043,4502400,0.0,0.0
2004-09-27,36.650001525878906,37.88999938964844,36.650001525878906,37.29999923706055,22.832733154296875,3417100,0.0,0.0
2004-09-28,37.310001373291016,37.650001525878906,36.93000030517578,37.470001220703125,22.936796188354492,3889300,0.0,0.0
2004-09-29,37.47999954223633,38.79999923706055,37.470001220703125,38.63999938964844,23.653005599975586,4676300,0.0,0.0
2004-09-30,38.650001525878906,39.70000076293945,38.470001220703125,38.779998779296875,23.738685607910156,5358600,0.0,0.0
2004-10-01,39.45000076293945,40.2400016784668,39.209999084472656,39.880001068115234,24.41204833984375,3859900,0.0,0.0
2004-10-04,40.33000183105469,41.45000076293945,40.27000045776367,40.380001068115234,24.718114852905273,4338700,0.0,0.0
2004-10-05,40.02000045776367,40.56999969482422,39.5099983215332,40.0099983215332,24.49162483215332,3828800,0.0,0.0
2004-10-06,39.7599983215332,40.08000183105469,39.02000045776367,40.060001373291016,24.522233963012695,3418100,0.0,0.0
2004-10-07,39.9900016784668,40.29999923706055,39.5,39.59000015258789,24.23453140258789,3881800,0.0,0.0
2004-10-08,39.36000061035156,39.59000015258789,38.09000015258789,38.63999938964844,23.653005599975586,3944200,0.0,0.0
2004-10-11,38.650001525878906,38.650001525878906,37.849998474121094,38.38999938964844,23.49995994567871,3826900,0.0,0.0
2004-10-12,37.5,38.11000061035156,37.310001373291016,37.70000076293945,23.077594757080078,3576700,0.0,0.0
2004-10-13,38.45000076293945,38.84000015258789,38.040000915527344,38.2400016784668,23.40815544128418,4768000,0.0,0.0
2004-10-14,38.130001068115234,38.13999938964844,37.0099983215332,37.2599983215332,22.808244705200195,3631700,0.0,0.0
2004-10-15,37.400001525878906,37.79999923706055,37.029998779296875,37.36000061035156,22.86945915222168,2612100,0.0,0.0
2004-10-18,37.0099983215332,37.45000076293945,36.5,37.400001525878906,22.893949508666992,3961000,0.0,0.0
2004-10-19,37.90999984741211,38.52000045776367,37.75,37.77000045776367,23.120441436767578,4177100,0.0,0.0
2004-10-20,37.779998779296875,38.83000183105469,37.29999923706055,38.2599983215332,23.420381546020508,4052700,0.0,0.0
2004-10-21,38.20000076293945,40.880001068115234,37.400001525878906,40.29999923706055,24.669153213500977,9311700,0.0,0.0
2004-10-22,40.0099983215332,40.06999969482422,38.54999923706055,38.619998931884766,23.64075469970703,5614300,0.0,0.0
2004-10-25,38.9900016784668,39.72999954223633,38.9900016784668,39.040000915527344,23.897855758666992,3723500,0.0,0.0
2004-10-26,39.099998474121094,39.38999938964844,38.380001068115234,38.84000015258789,23.775413513183594,2600300,0.0,0.0
2004-10-27,38.75,40.31999969482422,38.650001525878906,40.22999954223633,24.626300811767578,3113500,0.0,0.0
2004-10-28,40.220001220703125,40.95000076293945,39.720001220703125,40.099998474121094,24.54671859741211,4063300,0.0,0.0
2004-10-29,40.130001068115234,40.5,39.619998931884766,40.2599983215332,24.6446590423584,2493200,0.0,0.0
2004-11-01,40.189998626708984,40.58000183105469,39.790000915527344,40.31999969482422,24.68138885498047,2590100,0.0,0.0
2004-11-02,40.25,40.77000045776367,39.650001525878906,39.9900016784668,24.47939109802246,4471700,0.0,0.0
2004-11-03,40.939998626708984,40.97999954223633,38.83000183105469,38.970001220703125,23.855005264282227,4333200,0.0,0.0
2004-11-04,38.970001220703125,39.849998474121094,38.790000915527344,39.560001373291016,24.216163635253906,3177900,0.0,0.0
2004-11-05,39.95000076293945,40.220001220703125,39.25,39.61000061035156,24.246767044067383,3194800,0.0,0.0
2004-11-08,39.61000061035156,40.130001068115234,39.400001525878906,39.65999984741211,24.277381896972656,1845300,0.0,0.0
2004-11-09,39.810001373291016,40.06999969482422,39.31999969482422,39.45000076293945,24.148828506469727,2328300,0.0,0.0
2004-11-10,39.34000015258789,39.349998474121094,38.31999969482422,38.5,23.567296981811523,4224100,0.0,0.0
2004-11-11,39.099998474121094,39.439998626708984,38.77000045776367,39.099998474121094,23.934579849243164,2807300,0.0,0.0
2004-11-12,39.220001220703125,39.630001068115234,38.70000076293945,39.470001220703125,24.16107177734375,2841000,0.0,0.0
2004-11-15,40.150001525878906,41.65999984741211,39.70000076293945,41.06999969482422,25.140501022338867,5672100,0.0,0.0
2004-11-16,40.56999969482422,41.290000915527344,40.349998474121094,40.47999954223633,24.779333114624023,5010600,0.0,0.0
2004-11-17,41.0,41.56999969482422,40.58000183105469,41.119998931884766,25.171092987060547,4758800,0.0,0.0
2004-11-18,41.119998931884766,41.380001068115234,40.529998779296875,41.34000015258789,25.305757522583008,3579800,0.0,0.0
2004-11-19,41.09000015258789,41.20000076293945,39.81999969482422,39.900001525878906,24.42429542541504,3562400,0.0,0.0
2004-11-22,39.75,39.900001525878906,39.18000030517578,39.400001525878906,24.11823081970215,4381900,0.0,0.0
2004-11-23,39.22999954223633,39.9900016784668,38.56999969482422,39.0099983215332,23.87948226928711,4944400,0.0,0.0
2004-11-24,39.72999954223633,40.16999816894531,38.529998779296875,38.90999984741211,23.818265914916992,5590500,0.0,0.0
2004-11-26,38.810001373291016,39.099998474121094,38.529998779296875,38.70000076293945,23.689716339111328,1207200,0.0,0.0
2004-11-29,38.38999938964844,38.81999969482422,37.58000183105469,37.66999816894531,23.059219360351562,5083800,0.0,0.0
2004-11-30,37.75,37.84000015258789,36.31999969482422,36.95000076293945,22.618486404418945,5371000,0.0,0.0
2004-12-01,37.04999923706055,37.84000015258789,36.54999923706055,37.709999084472656,23.121257781982422,4305600,0.06,0.0
2004-12-02,37.5,38.93000030517578,37.380001068115234,37.709999084472656,23.121257781982422,4447100,0.0,0.0
2004-12-03,38.75,39.08000183105469,38.209999084472656,38.65999984741211,23.703718185424805,4967500,0.0,0.0
2004-12-06,38.459999084472656,38.66999816894531,37.90999984741211,38.380001068115234,23.53205108642578,2734500,0.0,0.0
2004-12-07,38.40999984741211,38.77000045776367,37.5099983215332,37.70000076293945,23.115129470825195,3788100,0.0,0.0
2004-12-08,37.70000076293945,37.709999084472656,35.84000015258789,36.13999938964844,22.15862274169922,5938100,0.0,0.0
2004-12-09,36.0,37.650001525878906,35.290000915527344,36.25,22.22608757019043,8220800,0.0,0.0
2004-12-10,35.70000076293945,36.7400016784668,35.70000076293945,36.41999816894531,22.330312728881836,3988100,0.0,0.0
2004-12-13,36.939998626708984,36.939998626708984,35.93000030517578,36.400001525878906,22.31805419921875,3696600,0.0,0.0
2004-12-14,36.70000076293945,37.84000015258789,36.70000076293945,37.68000030517578,23.10286521911621,4869700,0.0,0.0
2004-12-15,37.880001068115234,38.400001525878906,37.52000045776367,37.9900016784668,23.292932510375977,4923800,0.0,0.0
2004-12-16,37.959999084472656,38.290000915527344,37.029998779296875,37.119998931884766,22.75950813293457,3855100,0.0,0.0
2004-12-17,36.709999084472656,37.7599983215332,36.380001068115234,36.59000015258789,22.43454933166504,5178000,0.0,0.0
2004-12-20,36.9900016784668,37.0,36.0,36.150001525878906,22.164766311645508,3699400,0.0,0.0
2004-12-21,36.5,36.619998931884766,36.0099983215332,36.470001220703125,22.36097526550293,3812200,0.0,0.0
2004-12-22,36.11000061035156,36.959999084472656,36.11000061035156,36.689998626708984,22.495859146118164,2357400,0.0,0.0
2004-12-23,36.59000015258789,37.09000015258789,36.27000045776367,36.45000076293945,22.348709106445312,1652100,0.0,0.0
2004-12-27,36.70000076293945,36.81999969482422,36.04999923706055,36.08000183105469,22.121849060058594,1761000,0.0,0.0
2004-12-28,35.9900016784668,36.439998626708984,35.900001525878906,36.22999954223633,22.213815689086914,2014700,0.0,0.0
2004-12-29,36.099998474121094,36.88999938964844,36.099998474121094,36.63999938964844,22.465208053588867,2006600,0.0,0.0
2004-12-30,36.849998474121094,37.27000045776367,36.84000015258789,37.029998779296875,22.70432472229004,2108800,0.0,0.0
2004-12-31,36.95000076293945,37.290000915527344,36.81999969482422,36.91999816894531,22.636873245239258,1436300,0.0,0.0
2005-01-03,37.02000045776367,37.369998931884766,36.38999938964844,36.38999938964844,22.311925888061523,3211000,0.0,0.0
2005-01-04,36.63999938964844,36.70000076293945,34.5,35.400001525878906,21.704914093017578,5831700,0.0,0.0
2005-01-05,35.11000061035156,35.90999984741211,34.880001068115234,35.560001373291016,21.80301856994629,6026900,0.0,0.0
2005-01-06,35.560001373291016,35.900001525878906,35.27000045776367,35.5,21.766223907470703,4049400,0.0,0.0
2005-01-07,35.5,36.209999084472656,35.22999954223633,35.54999923706055,21.796884536743164,3925700,0.0,0.0
2005-01-10,35.15999984741211,35.93000030517578,35.06999969482422,35.40999984741211,21.711042404174805,2809900,0.0,0.0
2005-01-11,35.099998474121094,35.36000061035156,34.77000045776367,35.08000183105469,21.508712768554688,3394500,0.0,0.0
2005-01-12,35.349998474121094,35.75,34.81999969482422,35.560001373291016,21.80301856994629,3263600,0.0,0.0
2005-01-13,35.560001373291016,35.68000030517578,34.95000076293945,35.099998474121094,21.52098274230957,3907900,0.0,0.0
2005-01-14,35.20000076293945,36.0,35.20000076293945,35.63999938964844,21.852069854736328,2530200,0.0,0.0
2005-01-18,35.5,36.439998626708984,35.290000915527344,36.06999969482422,22.115726470947266,3791200,0.0,0.0
2005-01-19,36.08000183105469,36.38999938964844,35.09000015258789,35.13999938964844,21.545501708984375,3614600,0.0,0.0
2005-01-20,34.95000076293945,35.52000045776367,34.529998779296875,34.650001525878906,21.24506378173828,4633600,0.0,0.0
2005-01-21,34.65999984741211,35.13999938964844,34.43000030517578,34.470001220703125,21.13469886779785,3580200,0.0,0.0
2005-01-24,34.880001068115234,34.880001068115234,33.95000076293945,34.04999923706055,20.877185821533203,3899300,0.0,0.0
2005-01-25,34.20000076293945,34.65999984741211,34.060001373291016,34.29999923706055,21.030475616455078,2803200,0.0,0.0
2005-01-26,34.650001525878906,34.9900016784668,34.34000015258789,34.880001068115234,21.386089324951172,3364400,0.0,0.0
2005-01-27,34.880001068115234,35.11000061035156,34.470001220703125,34.83000183105469,21.35542869567871,2652100,0.0,0.0
2005-01-28,34.79999923706055,35.34000015258789,34.43000030517578,34.7400016784668,21.30025291442871,2777900,0.0,0.0
2005-01-31,35.099998474121094,35.91999816894531,35.099998474121094,35.88999938964844,22.005355834960938,3617300,0.0,0.0
2005-02-01,35.88999938964844,36.720001220703125,35.849998474121094,35.9900016784668,22.066669464111328,3079500,0.0,0.0
2005-02-02,35.849998474121094,36.27000045776367,35.650001525878906,36.0099983215332,22.07892608642578,2316300,0.0,0.0
2005-02-03,36.0099983215332,36.0099983215332,34.95000076293945,35.2400016784668,21.6068172454834,2919800,0.0,0.0
2005-02-04,35.599998474121094,37.599998474121094,35.54999923706055,37.52000045776367,23.004758834838867,5226100,0.0,0.0
2005-02-07,37.349998474121094,38.060001373291016,37.13999938964844,37.52000045776367,23.004758834838867,3296900,0.0,0.0
2005-02-08,37.45000076293945,38.7599983215332,37.38999938964844,38.02000045776367,23.311325073242188,3350400,0.0,0.0
2005-02-09,37.95000076293945,37.95000076293945,36.959999084472656,37.18000030517578,22.79629898071289,3771500,0.0,0.0
2005-02-10,38.18000030517578,38.380001068115234,36.43000030517578,36.83000183105469,22.581707000732422,7508600,0.0,0.0
2005-02-11,36.70000076293945,38.869998931884766,36.630001068115234,38.04999923706055,23.3297119140625,9298400,0.0,0.0
2005-02-14,38.0099983215332,38.099998474121094,37.349998474121094,37.599998474121094,23.05380630493164,3323300,0.0,0.0
2005-02-15,37.61000061035156,38.09000015258789,37.02000045776367,37.31999969482422,22.882143020629883,3464100,0.0,0.0
2005-02-16,37.20000076293945,37.540000915527344,36.709999084472656,37.130001068115234,22.765636444091797,2475400,0.0,0.0
2005-02-17,37.02000045776367,37.400001525878906,36.599998474121094,36.70000076293945,22.501991271972656,3180300,0.0,0.0
2005-02-18,36.70000076293945,36.75,36.2400016784668,36.29999923706055,22.256744384765625,2131500,0.0,0.0
2005-02-22,35.959999084472656,37.5,35.939998626708984,36.5,22.379356384277344,4146100,0.0,0.0
2005-02-23,36.779998779296875,37.099998474121094,36.04999923706055,36.59000015258789,22.47149085998535,3333200,0.06,0.0
2005-02-24,36.470001220703125,37.349998474121094,36.31999969482422,37.31999969482422,22.919824600219727,3340200,0.0,0.0
2005-02-25,37.150001525878906,37.970001220703125,36.90999984741211,37.5,23.030353546142578,3363400,0.0,0.0
2005-02-28,37.560001373291016,38.060001373291016,36.56999969482422,36.720001220703125,22.551321029663086,3373900,0.0,0.0
2005-03-01,37.16999816894531,38.06999969482422,37.16999816894531,38.0,23.337417602539062,3731300,0.0,0.0
2005-03-02,37.5,38.29999923706055,37.27000045776367,37.709999084472656,23.159330368041992,4101600,0.0,0.0
2005-03-03,37.790000915527344,37.900001525878906,36.65999984741211,36.93000030517578,22.68029022216797,3313400,0.0,0.0
2005-03-04,37.400001525878906,37.70000076293945,36.599998474121094,37.119998931884766,22.796977996826172,2799400,0.0,0.0
2005-03-07,37.119998931884766,37.529998779296875,36.900001525878906,37.04999923706055,22.753995895385742,3700200,0.0,0.0
2005-03-08,36.849998474121094,37.43000030517578,36.75,36.95000076293945,22.692569732666016,2862200,0.0,0.0
2005-03-09,37.20000076293945,37.70000076293945,36.86000061035156,36.91999816894531,22.674148559570312,3548800,0.0,0.0
2005-03-10,36.970001220703125,38.0,36.619998931884766,37.849998474121094,23.245304107666016,4794000,0.0,0.0
2005-03-11,38.29999923706055,38.29999923706055,37.0,37.130001068115234,22.803125381469727,5608000,0.0,0.0
2005-03-14,37.130001068115234,37.5099983215332,36.97999954223633,37.209999084472656,22.85225486755371,2840500,0.0,0.0
2005-03-15,37.470001220703125,37.470001220703125,36.5099983215332,36.56999969482422,22.459203720092773,3241600,0.0,0.0
2005-03-16,36.45000076293945,36.86000061035156,35.79999923706055,35.91999816894531,22.06001091003418,3334100,0.0,0.0
2005-03-17,35.939998626708984,36.369998931884766,35.720001220703125,36.02000045776367,22.12141990661621,2211300,0.0,0.0
2005-03-18,36.029998779296875,36.13999938964844,35.540000915527344,35.83000183105469,22.004732131958008,2694300,0.0,0.0
2005-03-21,35.720001220703125,35.9900016784668,35.25,35.709999084472656,21.93104362487793,3221000,0.0,0.0
2005-03-22,36.040000915527344,36.70000076293945,35.83000183105469,35.83000183105469,22.004732131958008,3548900,0.0,0.0
2005-03-23,35.66999816894531,36.81999969482422,35.66999816894531,36.22999954223633,22.250404357910156,2670600,0.0,0.0
2005-03-24,36.22999954223633,36.439998626708984,35.79999923706055,35.79999923706055,21.986305236816406,2507400,0.0,0.0
2005-03-28,35.880001068115234,36.349998474121094,35.65999984741211,35.65999984741211,21.900331497192383,1731800,0.0,0.0
2005-03-29,35.43000030517578,35.959999084472656,35.06999969482422,35.119998931884766,21.568693161010742,3268900,0.0,0.0
2005-03-30,35.22999954223633,36.33000183105469,35.22999954223633,36.33000183105469,22.311811447143555,3461800,0.0,0.0
2005-03-31,36.33000183105469,36.40999984741211,35.95000076293945,36.13999938964844,22.195112228393555,2422900,0.0,0.0
2005-04-01,36.400001525878906,36.5,35.54999923706055,35.709999084472656,21.93104362487793,2696500,0.0,0.0
2005-04-04,35.88999938964844,35.939998626708984,35.20000076293945,35.599998474121094,21.863479614257812,2406300,0.0,0.0
2005-04-05,35.599998474121094,36.04999923706055,35.220001220703125,35.310001373291016,21.685379028320312,2749000,0.0,0.0
2005-04-06,35.560001373291016,35.79999923706055,35.310001373291016,35.40999984741211,21.746795654296875,2844200,0.0,0.0
2005-04-07,35.40999984741211,36.099998474121094,35.33000183105469,36.09000015258789,22.164413452148438,2378800,0.0,0.0
2005-04-08,36.04999923706055,36.2400016784668,35.65999984741211,35.66999816894531,21.906471252441406,1735900,0.0,0.0
2005-04-11,35.75,35.900001525878906,35.279998779296875,35.34000015258789,21.703805923461914,1138800,0.0,0.0
2005-04-12,35.34000015258789,35.349998474121094,34.09000015258789,34.93000030517578,21.452003479003906,3859100,0.0,0.0
2005-04-13,34.79999923706055,34.810001373291016,33.900001525878906,34.099998474121094,20.942270278930664,2250100,0.0,0.0
2005-04-14,34.189998626708984,34.7400016784668,33.400001525878906,33.650001525878906,20.66590118408203,2840200,0.0,0.0
2005-04-15,33.349998474121094,33.36000061035156,32.650001525878906,32.84000015258789,20.168453216552734,4469300,0.0,0.0
2005-04-18,33.099998474121094,33.689998626708984,32.959999084472656,33.36000061035156,20.48780632019043,2893500,0.0,0.0
2005-04-19,33.86000061035156,34.209999084472656,33.75,33.849998474121094,20.78873062133789,3637000,0.0,0.0
2005-04-20,34.02000045776367,34.25,33.2599983215332,33.41999816894531,20.52465057373047,4812100,0.0,0.0
2005-04-21,33.849998474121094,34.43000030517578,33.560001373291016,34.349998474121094,21.095806121826172,2769800,0.0,0.0
2005-04-22,34.150001525878906,34.189998626708984,33.41999816894531,33.79999923706055,20.758024215698242,1997500,0.0,0.0
2005-04-25,33.880001068115234,34.130001068115234,33.650001525878906,33.70000076293945,20.696619033813477,2209300,0.0,0.0
2005-04-26,33.65999984741211,34.619998931884766,33.5,33.52000045776367,20.58606719970703,2597500,0.0,0.0
2005-04-27,33.25,33.81999969482422,32.90999984741211,33.36000061035156,20.48780632019043,2368600,0.0,0.0
2005-04-28,33.43000030517578,34.150001525878906,33.43000030517578,33.52000045776367,20.58606719970703,3089600,0.0,0.0
2005-04-29,33.869998931884766,34.279998779296875,33.25,34.11000061035156,20.948421478271484,2465400,0.0,0.0
2005-05-02,34.11000061035156,34.380001068115234,33.720001220703125,33.849998474121094,20.78873062133789,1902800,0.0,0.0
2005-05-03,33.849998474121094,34.25,33.54999923706055,33.66999816894531,20.678186416625977,2458800,0.0,0.0
2005-05-04,33.9900016784668,34.65999984741211,33.849998474121094,34.560001373291016,21.224773406982422,2862000,0.0,0.0
2005-05-05,34.40999984741211,35.15999984741211,34.40999984741211,34.619998931884766,21.261625289916992,1934000,0.0,0.0
2005-05-06,34.849998474121094,34.900001525878906,34.47999954223633,34.619998931884766,21.261625289916992,1869800,0.0,0.0
2005-05-09,34.5,34.849998474121094,34.29999923706055,34.54999923706055,21.21864128112793,2243000,0.0,0.0
2005-05-10,34.40999984741211,34.58000183105469,34.0,34.130001068115234,20.960695266723633,1872300,0.0,0.0
2005-05-11,34.43000030517578,34.4900016784668,33.5,34.060001373291016,20.917701721191406,2405600,0.0,0.0
2005-05-12,34.2400016784668,34.7599983215332,34.02000045776367,34.310001373291016,21.071243286132812,4304000,0.0,0.0
2005-05-13,34.880001068115234,36.20000076293945,34.54999923706055,35.4900016784668,21.795927047729492,6184600,0.0,0.0
2005-05-16,35.65999984741211,36.45000076293945,35.380001068115234,36.41999816894531,22.367088317871094,4115000,0.0,0.0
2005-05-17,36.33000183105469,36.83000183105469,36.209999084472656,36.70000076293945,22.539045333862305,2487200,0.0,0.0
2005-05-18,36.72999954223633,37.040000915527344,36.25,36.86000061035156,22.63730239868164,2554600,0.0,0.0
2005-05-19,37.0,37.25,36.709999084472656,36.88999938964844,22.65573501586914,2239800,0.0,0.0
2005-05-20,36.970001220703125,37.20000076293945,36.5,37.08000183105469,22.77241325378418,1534000,0.0,0.0
2005-05-23,37.09000015258789,37.18000030517578,36.439998626708984,36.529998779296875,22.434633255004883,2307700,0.0,0.0
2005-05-24,36.40999984741211,36.900001525878906,36.16999816894531,36.849998474121094,22.631155014038086,2341300,0.0,0.0
2005-05-25,36.84000015258789,36.84000015258789,36.02000045776367,36.290000915527344,22.347881317138672,1718700,0.1,0.0
2005-05-26,36.630001068115234,37.119998931884766,36.5,36.9900016784668,22.778959274291992,1772500,0.0,0.0
2005-05-27,36.900001525878906,36.900001525878906,36.29999923706055,36.689998626708984,22.594209671020508,1576000,0.0,0.0
2005-05-31,36.81999969482422,37.20000076293945,36.52000045776367,37.08000183105469,22.83437728881836,2420500,0.0,0.0
2005-06-01,37.08000183105469,37.630001068115234,36.79999923706055,37.040000915527344,22.809741973876953,2239000,0.0,0.0
2005-06-02,37.06999969482422,37.93000030517578,36.95000076293945,37.90999984741211,23.345500946044922,2392900,0.0,0.0
2005-06-03,37.779998779296875,38.45000076293945,37.61000061035156,37.880001068115234,23.327035903930664,3243600,0.0,0.0
2005-06-06,38.0099983215332,38.0099983215332,37.459999084472656,37.790000915527344,23.271604537963867,2739500,0.0,0.0
2005-06-07,37.9900016784668,38.470001220703125,37.43000030517578,37.470001220703125,23.074548721313477,2139200,0.0,0.0
2005-06-08,38.150001525878906,38.20000076293945,37.61000061035156,37.7400016784668,23.240814208984375,2722400,0.0,0.0
2005-06-09,37.7400016784668,38.70000076293945,37.279998779296875,38.630001068115234,23.788890838623047,2672700,0.0,0.0
2005-06-10,38.75,38.7599983215332,38.0,38.08000183105469,23.4501953125,3327700,0.0,0.0
2005-06-13,38.0,38.279998779296875,37.689998626708984,37.95000076293945,23.370126724243164,3182900,0.0,0.0
2005-06-14,37.95000076293945,38.150001525878906,37.459999084472656,37.54999923706055,23.12380027770996,2019000,0.0,0.0
2005-06-15,37.72999954223633,38.0,37.41999816894531,37.86000061035156,23.314714431762695,3345000,0.0,0.0
2005-06-16,37.939998626708984,38.81999969482422,37.79999923706055,38.459999084472656,23.684192657470703,3243100,0.0,0.0
2005-06-17,38.81999969482422,38.81999969482422,38.029998779296875,38.25,23.554882049560547,2274900,0.0,0.0
2005-06-20,38.0,38.25,37.79999923706055,37.90999984741211,23.345500946044922,1557300,0.0,0.0
2005-06-21,37.83000183105469,38.29999923706055,37.77000045776367,37.869998931884766,23.320880889892578,2666300,0.0,0.0
2005-06-22,38.150001525878906,38.41999816894531,37.91999816894531,38.15999984741211,23.49946403503418,1427500,0.0,0.0
2005-06-23,38.209999084472656,39.7599983215332,38.15999984741211,38.63999938964844,23.7950496673584,3530200,0.0,0.0
2005-06-24,38.5,38.560001373291016,37.95000076293945,37.959999084472656,23.376300811767578,3055000,0.0,0.0
2005-06-27,37.959999084472656,38.0,37.279998779296875,37.279998779296875,22.95754623413086,2668900,0.0,0.0
2005-06-28,37.52000045776367,37.790000915527344,37.36000061035156,37.68000030517578,23.20387840270996,2061900,0.0,0.0
2005-06-29,37.709999084472656,37.709999084472656,37.20000076293945,37.40999984741211,23.03759765625,1956700,0.0,0.0
2005-06-30,37.45000076293945,37.779998779296875,37.15999984741211,37.310001373291016,22.976015090942383,2319500,0.0,0.0
2005-07-01,37.45000076293945,37.689998626708984,37.09000015258789,37.33000183105469,22.988327026367188,1149200,0.0,0.0
2005-07-05,37.15999984741211,37.86000061035156,37.099998474121094,37.56999969482422,23.136125564575195,2489700,0.0,0.0
2005-07-06,37.650001525878906,38.689998626708984,37.58000183105469,38.459999084472656,23.684192657470703,3447500,0.0,0.0
2005-07-07,38.529998779296875,39.29999923706055,38.29999923706055,39.279998779296875,24.189172744750977,3986500,0.0,0.0
2005-07-08,39.220001220703125,39.5,39.0,39.4900016784668,24.31848907470703,4019700,0.0,0.0
2005-07-11,39.790000915527344,40.38999938964844,39.709999084472656,40.369998931884766,24.860424041748047,3068300,0.0,0.0
2005-07-12,40.16999816894531,40.83000183105469,40.16999816894531,40.599998474121094,25.002046585083008,3320800,0.0,0.0
2005-07-13,40.45000076293945,40.650001525878906,40.279998779296875,40.5,24.94046401977539,3273500,0.0,0.0
2005-07-14,40.75,41.400001525878906,40.25,40.900001525878906,25.186786651611328,3451300,0.0,0.0
2005-07-15,40.79999923706055,40.880001068115234,40.20000076293945,40.45000076293945,24.90967559814453,3208200,0.0,0.0
2005-07-18,40.22999954223633,40.27000045776367,39.849998474121094,40.2400016784668,24.780345916748047,2097800,0.0,0.0
2005-07-19,40.54999923706055,40.97999954223633,40.150001525878906,40.95000076293945,25.217594146728516,1356200,0.0,0.0
2005-07-20,40.70000076293945,41.380001068115234,40.2599983215332,41.31999969482422,25.445425033569336,2695800,0.0,0.0
2005-07-21,41.31999969482422,41.31999969482422,40.650001525878906,40.86000061035156,25.162155151367188,3052900,0.0,0.0
2005-07-22,40.880001068115234,41.31999969482422,40.34000015258789,40.709999084472656,25.069786071777344,2358500,0.0,0.0
2005-07-25,40.72999954223633,41.08000183105469,40.36000061035156,40.5099983215332,24.946619033813477,1466900,0.0,0.0
2005-07-26,40.81999969482422,40.81999969482422,40.31999969482422,40.599998474121094,25.002046585083008,2385800,0.0,0.0
2005-07-27,40.36000061035156,40.540000915527344,38.90999984741211,39.970001220703125,24.614076614379883,3987400,0.0,0.0
2005-07-28,39.97999954223633,40.18000030517578,39.5,39.91999816894531,24.583297729492188,2031600,0.0,0.0
2005-07-29,39.7599983215332,39.79999923706055,39.029998779296875,39.20000076293945,24.139904022216797,3310100,0.0,0.0
2005-08-01,39.25,39.47999954223633,38.83000183105469,39.060001373291016,24.05370330810547,2492300,0.0,0.0
2005-08-02,39.79999923706055,41.209999084472656,39.56999969482422,40.720001220703125,25.075946807861328,5260400,0.0,0.0
2005-08-03,39.25,39.869998931884766,38.5,38.58000183105469,23.758102416992188,7304800,0.0,0.0
2005-08-04,38.150001525878906,38.380001068115234,37.630001068115234,37.63999938964844,23.179243087768555,3454100,0.0,0.0
2005-08-05,37.599998474121094,37.75,37.040000915527344,37.150001525878906,22.877483367919922,3365900,0.0,0.0
2005-08-08,37.29999923706055,37.68000030517578,37.04999923706055,37.38999938964844,23.02528190612793,2958300,0.0,0.0
2005-08-09,37.4900016784668,37.880001068115234,37.31999969482422,37.5,23.0930233001709,2525500,0.0,0.0
2005-08-10,37.65999984741211,37.9900016784668,37.0,37.11000061035156,22.852855682373047,2697300,0.0,0.0
2005-08-11,38.04999923706055,38.43000030517578,37.58000183105469,38.41999816894531,23.65958595275879,3232300,0.0,0.0
2005-08-12,38.04999923706055,38.08000183105469,36.720001220703125,37.25,22.939067840576172,3921100,0.0,0.0
2005-08-15,37.18000030517578,37.84000015258789,37.0,37.56999969482422,23.136125564575195,2457700,0.0,0.0
2005-08-16,37.5,37.5,36.84000015258789,37.02000045776367,22.797426223754883,1843600,0.0,0.0
2005-08-17,37.09000015258789,37.290000915527344,36.83000183105469,37.040000915527344,22.809741973876953,1919200,0.0,0.0
2005-08-18,36.95000076293945,36.97999954223633,36.47999954223633,36.5,22.47720718383789,2300900,0.0,0.0
2005-08-19,36.630001068115234,36.779998779296875,36.22999954223633,36.2400016784668,22.31708526611328,2150700,0.0,0.0
2005-08-22,36.33000183105469,36.84000015258789,36.20000076293945,36.77000045776367,22.64348030090332,2217000,0.0,0.0
2005-08-23,36.75,37.06999969482422,36.31999969482422,36.58000183105469,22.526473999023438,1585200,0.0,0.0
2005-08-24,36.40999984741211,37.08000183105469,36.04999923706055,36.16999816894531,22.335050582885742,2604100,0.1,0.0
2005-08-25,36.29999923706055,36.630001068115234,36.0,36.15999984741211,22.328872680664062,1922400,0.0,0.0
2005-08-26,36.2400016784668,36.2400016784668,35.52000045776367,35.540000915527344,21.946020126342773,2902600,0.0,0.0
2005-08-29,35.25,36.279998779296875,35.20000076293945,36.150001525878906,22.32269287109375,2290600,0.0,0.0
2005-08-30,35.95000076293945,35.9900016784668,35.209999084472656,35.619998931884766,21.99541473388672,3176000,0.0,0.0
2005-08-31,35.650001525878906,36.470001220703125,35.459999084472656,36.45000076293945,22.507949829101562,3329400,0.0,0.0
2005-09-01,36.45000076293945,36.70000076293945,35.70000076293945,36.20000076293945,22.35357666015625,3715100,0.0,0.0
2005-09-02,36.310001373291016,36.63999938964844,35.959999084472656,36.56999969482422,22.582046508789062,2573400,0.0,0.0
2005-09-06,36.630001068115234,37.2599983215332,36.58000183105469,37.209999084472656,22.977245330810547,2199900,0.0,0.0
2005-09-07,36.29999923706055,37.2599983215332,36.29999923706055,36.880001068115234,22.773466110229492,1831900,0.0,0.0
2005-09-08,37.130001068115234,37.959999084472656,36.880001068115234,37.45000076293945,23.125455856323242,3089900,0.0,0.0
2005-09-09,37.900001525878906,38.52000045776367,37.52000045776367,38.36000061035156,23.6873779296875,4310500,0.0,0.0
2005-09-12,38.2599983215332,38.630001068115234,38.20000076293945,38.310001373291016,23.656494140625,1703700,0.0,0.0
2005-09-13,38.060001373291016,38.630001068115234,38.060001373291016,38.349998474121094,23.681201934814453,3660600,0.0,0.0
2005-09-14,38.29999923706055,38.4900016784668,38.029998779296875,38.150001525878906,23.557703018188477,2120800,0.0,0.0
2005-09-15,38.150001525878906,38.279998779296875,37.59000015258789,37.95000076293945,23.434188842773438,3329500,0.0,0.0
2005-09-16,38.099998474121094,38.2400016784668,37.720001220703125,37.849998474121094,23.37244415283203,3065700,0.0,0.0
2005-09-19,37.70000076293945,37.900001525878906,36.790000915527344,37.06999969482422,22.890798568725586,4234400,0.0,0.0
2005-09-20,37.2599983215332,37.630001068115234,36.630001068115234,36.72999954223633,22.680850982666016,2902100,0.0,0.0
2005-09-21,36.47999954223633,36.61000061035156,35.880001068115234,36.16999816894531,22.335050582885742,2231900,0.0,0.0
2005-09-22,36.0,36.4900016784668,35.709999084472656,36.150001525878906,22.32269287109375,2127800,0.0,0.0
2005-09-23,36.040000915527344,36.15999984741211,35.650001525878906,36.150001525878906,22.32269287109375,2829900,0.0,0.0
2005-09-26,36.459999084472656,36.56999969482422,35.7400016784668,36.09000015258789,22.2856502532959,2920400,0.0,0.0
2005-09-27,36.04999923706055,36.11000061035156,35.29999923706055,35.70000076293945,22.044822692871094,3144700,0.0,0.0
2005-09-28,35.83000183105469,36.36000061035156,35.470001220703125,35.90999984741211,22.174495697021484,2230100,0.0,0.0
2005-09-29,35.810001373291016,36.58000183105469,35.5099983215332,36.439998626708984,22.501760482788086,3276500,0.0,0.0
2005-09-30,36.47999954223633,37.54999923706055,36.47999954223633,37.13999938964844,22.93402099609375,3248600,0.0,0.0
2005-10-03,37.31999969482422,37.900001525878906,37.279998779296875,37.36000061035156,23.06987953186035,2235900,0.0,0.0
2005-10-04,37.41999816894531,37.630001068115234,36.70000076293945,36.77000045776367,22.70555305480957,2481200,0.0,0.0
2005-10-05,36.650001525878906,36.84000015258789,35.45000076293945,35.5099983215332,21.927492141723633,3974600,0.0,0.0
2005-10-06,35.540000915527344,35.540000915527344,33.959999084472656,34.43000030517578,21.26059913635254,6479100,0.0,0.0
2005-10-07,34.7400016784668,35.08000183105469,34.2599983215332,34.470001220703125,21.285289764404297,3066800,0.0,0.0
2005-10-10,34.470001220703125,34.47999954223633,33.0,33.02000045776367,20.389911651611328,5027900,0.0,0.0
2005-10-11,33.18000030517578,33.25,32.209999084472656,32.47999954223633,20.056468963623047,6346900,0.0,0.0
2005-10-12,32.29999923706055,33.0099983215332,31.709999084472656,32.959999084472656,20.352867126464844,6857200,0.0,0.0
2005-10-13,32.849998474121094,33.15999984741211,32.310001373291016,33.0099983215332,20.38373565673828,4658800,0.0,0.0
2005-10-14,33.33000183105469,33.599998474121094,33.0,33.380001068115234,20.61221694946289,4721200,0.0,0.0
2005-10-17,33.36000061035156,33.45000076293945,32.86000061035156,33.0,20.3775634765625,2800200,0.0,0.0
2005-10-18,32.70000076293945,33.18000030517578,32.619998931884766,33.0099983215332,20.38373565673828,2353800,0.0,0.0
2005-10-19,33.0,33.349998474121094,32.349998474121094,33.189998626708984,20.494890213012695,3569400,0.0,0.0
2005-10-20,35.599998474121094,35.900001525878906,35.08000183105469,35.279998779296875,21.78546714782715,8541600,0.0,0.0
2005-10-21,35.70000076293945,35.81999969482422,35.25,35.27000045776367,21.779298782348633,4391900,0.0,0.0
2005-10-24,35.470001220703125,35.599998474121094,34.599998474121094,34.95000076293945,21.581695556640625,3603200,0.0,0.0
2005-10-25,34.95000076293945,35.349998474121094,34.56999969482422,34.59000015258789,21.359390258789062,2692400,0.0,0.0
2005-10-26,35.40999984741211,35.40999984741211,34.220001220703125,34.529998779296875,21.322345733642578,2670400,0.0,0.0
2005-10-27,34.560001373291016,34.599998474121094,33.709999084472656,33.810001373291016,20.877742767333984,2382600,0.0,0.0
2005-10-28,33.70000076293945,34.689998626708984,33.5,34.61000061035156,21.371747970581055,3949800,0.0,0.0
2005-10-31,34.689998626708984,35.279998779296875,34.689998626708984,34.779998779296875,21.476720809936523,3255500,0.0,0.0
2005-11-01,34.779998779296875,34.779998779296875,34.18000030517578,34.5,21.303815841674805,3134000,0.0,0.0
2005-11-02,34.650001525878906,35.56999969482422,34.61000061035156,35.43000030517578,21.87809944152832,3330400,0.0,0.0
2005-11-03,35.5,36.41999816894531,35.470001220703125,36.130001068115234,22.310346603393555,4506800,0.0,0.0
2005-11-04,36.150001525878906,36.47999954223633,35.52000045776367,36.20000076293945,22.35357666015625,2061400,0.0,0.0
2005-11-07,36.5099983215332,36.939998626708984,36.25,36.630001068115234,22.619098663330078,2807800,0.0,0.0
2005-11-08,36.349998474121094,36.630001068115234,36.0,36.099998474121094,22.29182243347168,2124200,0.0,0.0
2005-11-09,36.099998474121094,36.61000061035156,35.72999954223633,36.25,22.384450912475586,2295400,0.0,0.0
2005-11-10,36.29999923706055,37.02000045776367,35.810001373291016,36.9900016784668,22.841400146484375,2519300,0.0,0.0
2005-11-11,37.150001525878906,37.599998474121094,37.06999969482422,37.400001525878906,23.09458351135254,3407700,0.0,0.0
2005-11-14,37.36000061035156,37.790000915527344,37.099998474121094,37.720001220703125,23.29217529296875,2059300,0.0,0.0
2005-11-15,37.68000030517578,37.77000045776367,36.95000076293945,37.09000015258789,22.90315818786621,2349100,0.0,0.0
2005-11-16,37.0,37.0,36.060001373291016,36.40999984741211,22.483245849609375,3326600,0.0,0.0
2005-11-17,36.439998626708984,37.0,36.11000061035156,36.959999084472656,22.82286262512207,2522500,0.0,0.0
2005-11-18,37.40999984741211,37.83000183105469,36.86000061035156,37.27000045776367,23.01428985595703,2682200,0.0,0.0
2005-11-21,37.5,38.029998779296875,37.04999923706055,37.689998626708984,23.273639678955078,2503100,0.0,0.0
2005-11-22,37.33000183105469,38.349998474121094,37.29999923706055,38.0,23.527494430541992,2937100,0.1,0.0
2005-11-23,38.0,38.5,37.72999954223633,37.7400016784668,23.366527557373047,2139800,0.0,0.0
2005-11-25,37.880001068115234,38.369998931884766,37.79999923706055,38.02000045776367,23.539888381958008,811000,0.0,0.0
2005-11-28,37.939998626708984,37.9900016784668,37.18000030517578,37.189998626708984,23.025999069213867,3107800,0.0,0.0
2005-11-29,37.459999084472656,37.59000015258789,37.130001068115234,37.2599983215332,23.069334030151367,2853100,0.0,0.0
2005-11-30,37.27000045776367,38.150001525878906,37.25,37.91999816894531,23.477954864501953,3083000,0.0,0.0
2005-12-01,38.2400016784668,39.41999816894531,38.13999938964844,39.25,24.30143165588379,4150900,0.0,0.0
2005-12-02,39.04999923706055,40.150001525878906,38.95000076293945,39.7400016784668,24.604814529418945,8030000,0.0,0.0
2005-12-05,39.689998626708984,39.81999969482422,38.95000076293945,39.15999984741211,24.24570083618164,4127400,0.0,0.0
2005-12-06,39.630001068115234,40.400001525878906,39.43000030517578,39.439998626708984,24.419065475463867,2972800,0.0,0.0
2005-12-07,39.349998474121094,39.810001373291016,39.040000915527344,39.150001525878906,24.23952865600586,2709400,0.0,0.0
2005-12-08,39.349998474121094,39.380001068115234,37.900001525878906,38.31999969482422,23.725631713867188,4353000,0.0,0.0
2005-12-09,38.41999816894531,38.81999969482422,37.959999084472656,38.439998626708984,23.7999267578125,3100800,0.0,0.0
2005-12-12,38.45000076293945,38.7599983215332,38.25,38.43000030517578,23.793731689453125,1652900,0.0,0.0
2005-12-13,38.349998474121094,39.20000076293945,38.15999984741211,38.790000915527344,24.01662254333496,1882200,0.0,0.0
2005-12-14,38.68000030517578,39.18000030517578,38.060001373291016,38.2599983215332,23.6884822845459,2848700,0.0,0.0
2005-12-15,38.29999923706055,38.47999954223633,37.880001068115234,37.959999084472656,23.502735137939453,2078700,0.0,0.0
2005-12-16,38.099998474121094,38.099998474121094,37.599998474121094,37.70000076293945,23.341745376586914,2465400,0.0,0.0
2005-12-19,37.66999816894531,37.790000915527344,36.77000045776367,36.779998779296875,22.77214241027832,2265400,0.0,0.0
2005-12-20,36.88999938964844,37.290000915527344,36.41999816894531,36.5,22.598785400390625,3288100,0.0,0.0
2005-12-21,36.61000061035156,37.0,36.33000183105469,36.599998474121094,22.660688400268555,2674400,0.0,0.0
2005-12-22,36.66999816894531,36.90999984741211,36.52000045776367,36.81999969482422,22.796913146972656,2077600,0.0,0.0
2005-12-23,36.75,37.22999954223633,36.75,37.0099983215332,22.914552688598633,1489700,0.0,0.0
2005-12-27,37.099998474121094,37.290000915527344,36.2599983215332,36.279998779296875,22.462574005126953,1576100,0.0,0.0
2005-12-28,36.2599983215332,36.70000076293945,36.2400016784668,36.5099983215332,22.6049747467041,1146500,0.0,0.0
2005-12-29,36.400001525878906,36.619998931884766,36.099998474121094,36.220001220703125,22.4254207611084,1304500,0.0,0.0
2005-12-30,35.970001220703125,36.060001373291016,35.61000061035156,35.869998931884766,22.208715438842773,1683300,0.0,0.0
2006-01-03,36.130001068115234,36.779998779296875,35.34000015258789,36.70000076293945,22.72260093688965,3575900,0.0,0.0
2006-01-04,36.54999923706055,37.119998931884766,36.54999923706055,37.040000915527344,22.933120727539062,3351800,0.0,0.0
2006-01-05,37.15999984741211,38.459999084472656,37.15999984741211,38.220001220703125,23.663715362548828,4014300,0.0,0.0
2006-01-06,38.619998931884766,38.959999084472656,37.91999816894531,38.369998931884766,23.756580352783203,3247000,0.0,0.0
2006-01-09,38.38999938964844,39.029998779296875,38.310001373291016,38.90999984741211,24.090927124023438,3102200,0.0,0.0
2006-01-10,38.79999923706055,38.9900016784668,38.4900016784668,38.90999984741211,24.090927124023438,2252200,0.0,0.0
2006-01-11,39.09000015258789,39.38999938964844,38.720001220703125,39.099998474121094,24.208555221557617,2309300,0.0,0.0
2006-01-12,39.15999984741211,39.27000045776367,38.689998626708984,38.77000045776367,24.00423812866211,3137600,0.0,0.0
2006-01-13,38.77000045776367,39.15999984741211,38.529998779296875,39.02000045776367,24.159032821655273,2006900,0.0,0.0
2006-01-17,39.0,39.0099983215332,37.560001373291016,37.81999969482422,23.416059494018555,3658400,0.0,0.0
2006-01-18,37.4900016784668,37.84000015258789,36.9900016784668,37.650001525878906,23.310791015625,4967100,0.0,0.0
2006-01-19,38.04999923706055,38.939998626708984,38.0,38.720001220703125,23.973270416259766,4092000,0.0,0.0
2006-01-20,38.720001220703125,38.720001220703125,37.47999954223633,37.77000045776367,23.385086059570312,4207800,0.0,0.0
2006-01-23,37.86000061035156,38.119998931884766,37.349998474121094,37.869998931884766,23.44700813293457,3198600,0.0,0.0
2006-01-24,38.11000061035156,39.04999923706055,38.02000045776367,38.59000015258789,23.892789840698242,4849100,0.0,0.0
2006-01-25,38.939998626708984,39.04999923706055,38.13999938964844,38.93000030517578,24.10330581665039,3458400,0.0,0.0
2006-01-26,39.08000183105469,39.790000915527344,38.630001068115234,39.7599983215332,24.617198944091797,3617700,0.0,0.0
2006-01-27,39.900001525878906,40.22999954223633,39.45000076293945,39.66999816894531,24.56147575378418,3545500,0.0,0.0
2006-01-30,39.66999816894531,40.20000076293945,39.599998474121094,40.0,24.765783309936523,4436900,0.0,0.0
2006-01-31,40.2400016784668,40.27000045776367,39.68000030517578,39.77000045776367,24.623380661010742,3482800,0.0,0.0
2006-02-01,39.599998474121094,40.40999984741211,39.45000076293945,40.33000183105469,24.970108032226562,3585000,0.0,0.0
2006-02-02,40.38999938964844,40.72999954223633,39.63999938964844,40.0,24.765783309936523,2647900,0.0,0.0
2006-02-03,40.0099983215332,40.279998779296875,39.65999984741211,39.77000045776367,24.623380661010742,3527900,0.0,0.0
2006-02-06,39.650001525878906,40.70000076293945,39.54999923706055,40.18000030517578,24.877235412597656,3080100,0.0,0.0
2006-02-07,40.15999984741211,40.439998626708984,39.83000183105469,40.380001068115234,25.001066207885742,2405700,0.0,0.0
2006-02-08,40.380001068115234,41.0,40.119998931884766,40.900001525878906,25.32302474975586,3385600,0.0,0.0
2006-02-09,41.0,41.47999954223633,40.439998626708984,40.90999984741211,25.329208374023438,5570500,0.0,0.0
2006-02-10,40.0,40.0,38.900001525878906,39.2599983215332,24.307615280151367,8114700,0.0,0.0
2006-02-13,39.11000061035156,39.41999816894531,38.83000183105469,39.349998474121094,24.363346099853516,2595100,0.0,0.0
2006-02-14,39.36000061035156,39.849998474121094,38.810001373291016,39.81999969482422,24.654335021972656,2611200,0.0,0.0
2006-02-15,39.689998626708984,39.7599983215332,38.70000076293945,38.83000183105469,24.041383743286133,4290300,0.0,0.0
2006-02-16,39.130001068115234,39.599998474121094,38.709999084472656,39.58000183105469,24.50575065612793,2497200,0.0,0.0
2006-02-17,39.470001220703125,39.54999923706055,38.779998779296875,38.790000915527344,24.01662254333496,2350900,0.0,0.0
2006-02-21,38.790000915527344,39.0,37.599998474121094,37.880001068115234,23.45321273803711,3446300,0.0,0.0
2006-02-22,37.790000915527344,38.459999084472656,37.47999954223633,38.08000183105469,23.651968002319336,3270400,0.12,0.0
2006-02-23,38.119998931884766,38.880001068115234,37.790000915527344,38.209999084472656,23.73270606994629,2754300,0.0,0.0
2006-02-24,38.11000061035156,38.79999923706055,37.91999816894531,38.36000061035156,23.82587432861328,2148400,0.0,0.0
2006-02-27,38.33000183105469,38.70000076293945,38.150001525878906,38.470001220703125,23.894201278686523,2441700,0.0,0.0
2006-02-28,38.41999816894531,38.720001220703125,37.709999084472656,38.13999938964844,23.689226150512695,3430400,0.0,0.0
2006-03-01,38.38999938964844,39.40999984741211,38.34000015258789,39.20000076293945,24.34760856628418,3353400,0.0,0.0
2006-03-02,39.09000015258789,39.529998779296875,38.459999084472656,38.90999984741211,24.16748809814453,3661400,0.0,0.0
2006-03-03,38.84000015258789,38.95000076293945,38.400001525878906,38.52000045776367,23.925235748291016,3060800,0.0,0.0
2006-03-06,38.720001220703125,38.95000076293945,38.349998474121094,38.709999084472656,24.04326057434082,2872200,0.0,0.0
2006-03-07,38.060001373291016,38.459999084472656,37.38999938964844,37.7599983215332,23.453195571899414,2937300,0.0,0.0
2006-03-08,37.599998474121094,38.2400016784668,37.5,37.880001068115234,23.527746200561523,3073500,0.0,0.0
2006-03-09,37.880001068115234,38.290000915527344,37.119998931884766,37.18000030517578,23.092952728271484,3207600,0.0,0.0
2006-03-10,37.0,37.27000045776367,36.61000061035156,36.849998474121094,22.88799476623535,3894000,0.0,0.0
2006-03-13,37.11000061035156,37.38999938964844,36.880001068115234,36.939998626708984,22.943880081176758,2284400,0.0,0.0
2006-03-14,36.849998474121094,37.79999923706055,36.83000183105469,37.61000061035156,23.36004066467285,3419200,0.0,0.0
2006-03-15,37.79999923706055,38.380001068115234,37.66999816894531,37.9900016784668,23.59606170654297,3117400,0.0,0.0
2006-03-16,38.02000045776367,38.029998779296875,37.22999954223633,37.22999954223633,23.124008178710938,3665700,0.0,0.0
2006-03-17,37.290000915527344,37.45000076293945,36.619998931884766,37.22999954223633,23.124008178710938,3149600,0.0,0.0
2006-03-20,37.380001068115234,37.7599983215332,37.31999969482422,37.5099983215332,23.297927856445312,2409000,0.0,0.0
2006-03-21,37.560001373291016,38.279998779296875,37.06999969482422,37.099998474121094,23.043272018432617,3009800,0.0,0.0
2006-03-22,37.099998474121094,37.70000076293945,36.810001373291016,37.65999984741211,23.391096115112305,2880000,0.0,0.0
2006-03-23,37.54999923706055,38.18000030517578,37.4900016784668,37.83000183105469,23.496679306030273,2678800,0.0,0.0
2006-03-24,37.7599983215332,38.25,37.470001220703125,38.08000183105469,23.651968002319336,2693500,0.0,0.0
2006-03-27,37.83000183105469,38.25,37.75,37.77000045776367,23.459402084350586,2441800,0.0,0.0
2006-03-28,37.59000015258789,37.95000076293945,36.97999954223633,37.060001373291016,23.018421173095703,2381800,0.0,0.0
2006-03-29,37.25,38.040000915527344,37.040000915527344,37.689998626708984,23.409727096557617,3004200,0.0,0.0
2006-03-30,37.95000076293945,38.849998474121094,37.900001525878906,38.29999923706055,23.788604736328125,3805000,0.0,0.0
2006-03-31,38.4900016784668,38.79999923706055,37.97999954223633,38.290000915527344,23.782394409179688,2370700,0.0,0.0
2006-04-03,38.63999938964844,38.849998474121094,38.18000030517578,38.36000061035156,23.82587432861328,2078200,0.0,0.0
2006-04-04,38.2599983215332,38.59000015258789,37.93000030517578,38.20000076293945,23.726490020751953,2468800,0.0,0.0
2006-04-05,38.150001525878906,39.11000061035156,38.13999938964844,38.90999984741211,24.16748809814453,2290600,0.0,0.0
2006-04-06,38.779998779296875,39.4900016784668,38.7599983215332,39.22999954223633,24.366239547729492,2047700,0.0,0.0
2006-04-07,39.34000015258789,39.619998931884766,38.25,38.470001220703125,23.894201278686523,2155100,0.0,0.0
2006-04-10,38.470001220703125,38.47999954223633,37.79999923706055,38.09000015258789,23.658164978027344,1579100,0.0,0.0
2006-04-11,38.25,38.599998474121094,37.560001373291016,37.72999954223633,23.434579849243164,2094700,0.0,0.0
2006-04-12,37.72999954223633,38.029998779296875,37.5,37.970001220703125,23.583633422851562,2021300,0.0,0.0
2006-04-13,37.900001525878906,38.40999984741211,37.810001373291016,38.13999938964844,23.689226150512695,1103300,0.0,0.0
2006-04-17,38.06999969482422,38.5,37.2599983215332,37.5099983215332,23.297927856445312,2031500,0.0,0.0
2006-04-18,37.70000076293945,39.0,37.63999938964844,38.7400016784668,24.061887741088867,3051100,0.0,0.0
2006-04-19,38.75,39.33000183105469,38.43000030517578,39.0,24.223373413085938,2841500,0.0,0.0
2006-04-20,38.849998474121094,39.810001373291016,38.5,39.08000183105469,24.273080825805664,2083800,0.0,0.0
2006-04-21,39.29999923706055,39.29999923706055,38.130001068115234,38.45000076293945,23.88176727294922,3026600,0.0,0.0
2006-04-24,38.36000061035156,38.470001220703125,37.790000915527344,38.38999938964844,23.844499588012695,2525200,0.0,0.0
2006-04-25,38.33000183105469,38.540000915527344,37.72999954223633,37.900001525878906,23.540145874023438,3022900,0.0,0.0
2006-04-26,38.029998779296875,38.290000915527344,37.470001220703125,37.70000076293945,23.415922164916992,2529700,0.0,0.0
2006-04-27,37.599998474121094,38.130001068115234,37.15999984741211,37.81999969482422,23.490480422973633,3426600,0.0,0.0
2006-04-28,37.599998474121094,38.34000015258789,37.599998474121094,37.91999816894531,23.552568435668945,2433900,0.0,0.0
2006-05-01,37.93000030517578,37.959999084472656,36.95000076293945,37.13999938964844,23.068115234375,2602400,0.0,0.0
2006-05-02,37.189998626708984,37.59000015258789,36.29999923706055,36.61000061035156,22.738924026489258,4539100,0.0,0.0
2006-05-03,36.61000061035156,36.7400016784668,36.16999816894531,36.599998474121094,22.732709884643555,3425000,0.0,0.0
2006-05-04,36.650001525878906,37.15999984741211,36.59000015258789,36.810001373291016,22.863143920898438,2785900,0.0,0.0
2006-05-05,36.0099983215332,36.779998779296875,35.16999816894531,35.81999969482422,22.248245239257812,7428400,0.0,0.0
2006-05-08,35.630001068115234,36.18000030517578,35.58000183105469,36.08000183105469,22.40973472595215,3852100,0.0,0.0
2006-05-09,35.88999938964844,35.91999816894531,35.45000076293945,35.66999816894531,22.155075073242188,3085600,0.0,0.0
2006-05-10,35.5099983215332,35.56999969482422,34.72999954223633,35.279998779296875,21.912839889526367,4474400,0.0,0.0
2006-05-11,35.290000915527344,35.529998779296875,34.36000061035156,34.68000030517578,21.540170669555664,5616000,0.0,0.0
2006-05-12,35.5099983215332,36.400001525878906,35.18000030517578,36.029998779296875,22.37866973876953,8899900,0.0,0.0
2006-05-15,35.97999954223633,36.650001525878906,35.54999923706055,36.2400016784668,22.509109497070312,4136000,0.0,0.0
2006-05-16,36.150001525878906,36.27000045776367,35.18000030517578,35.560001373291016,22.086761474609375,3522800,0.0,0.0
2006-05-17,35.560001373291016,36.18000030517578,35.34000015258789,35.79999923706055,22.235820770263672,4293100,0.0,0.0
2006-05-18,35.900001525878906,36.04999923706055,34.900001525878906,34.90999984741211,21.68303108215332,3339000,0.0,0.0
2006-05-19,34.790000915527344,35.47999954223633,34.70000076293945,35.33000183105469,21.943904876708984,3898900,0.0,0.0
2006-05-22,35.33000183105469,35.33000183105469,34.11000061035156,34.689998626708984,21.5463809967041,3516100,0.0,0.0
2006-05-23,34.84000015258789,35.27000045776367,33.56999969482422,33.63999938964844,20.894216537475586,4200800,0.0,0.0
2006-05-24,33.43000030517578,33.79999923706055,32.75,33.38999938964844,20.83805274963379,6732500,0.16,0.0
2006-05-25,33.75,33.900001525878906,33.2599983215332,33.529998779296875,20.925424575805664,4327900,0.0,0.0
2006-05-26,33.75,34.13999938964844,33.58000183105469,33.79999923706055,21.093929290771484,3094500,0.0,0.0
2006-05-30,33.79999923706055,33.970001220703125,33.400001525878906,33.619998931884766,20.98159408569336,2963900,0.0,0.0
2006-05-31,33.63999938964844,33.83000183105469,33.36000061035156,33.72999954223633,21.050241470336914,2991500,0.0,0.0
2006-06-01,33.72999954223633,34.25,33.61000061035156,34.150001525878906,21.312347412109375,2838700,0.0,0.0
2006-06-02,34.41999816894531,34.54999923706055,33.95000076293945,34.439998626708984,21.49333953857422,4249500,0.0,0.0
2006-06-05,34.189998626708984,34.25,32.810001373291016,32.86000061035156,20.507287979125977,3541700,0.0,0.0
2006-06-06,32.900001525878906,33.13999938964844,32.400001525878906,32.65999984741211,20.38248634338379,4238900,0.0,0.0
2006-06-07,32.79999923706055,33.16999816894531,32.209999084472656,32.2400016784668,20.120361328125,3259100,0.0,0.0
2006-06-08,32.2400016784668,32.79999923706055,31.6299991607666,32.38999938964844,20.213972091674805,3712500,0.0,0.0
2006-06-09,33.0,33.41999816894531,32.22999954223633,32.45000076293945,20.25141716003418,3338500,0.0,0.0
2006-06-12,32.43000030517578,32.790000915527344,31.989999771118164,32.0,19.9705810546875,2334300,0.0,0.0
2006-06-13,31.950000762939453,32.68000030517578,31.940000534057617,32.08000183105469,20.020509719848633,3143800,0.0,0.0
2006-06-14,32.25,32.70000076293945,32.09000015258789,32.400001525878906,20.220211029052734,3701100,0.0,0.0
2006-06-15,32.599998474121094,33.45000076293945,32.5,33.380001068115234,20.83181381225586,2486600,0.0,0.0
2006-06-16,33.13999938964844,33.45000076293945,32.72999954223633,32.9900016784668,20.588424682617188,2696100,0.0,0.0
2006-06-19,33.11000061035156,33.209999084472656,32.279998779296875,32.45000076293945,20.25141716003418,1950900,0.0,0.0
2006-06-20,32.38999938964844,32.54999923706055,32.029998779296875,32.31999969482422,20.170286178588867,2096400,0.0,0.0
2006-06-21,32.29999923706055,33.189998626708984,32.29999923706055,33.02000045776367,20.607145309448242,1867300,0.0,0.0
2006-06-22,32.81999969482422,32.88999938964844,31.940000534057617,32.099998474121094,20.03299903869629,2893000,0.0,0.0
2006-06-23,32.040000915527344,32.13999938964844,31.5,31.649999618530273,19.752153396606445,2071200,0.0,0.0
2006-06-26,31.600000381469727,31.989999771118164,31.440000534057617,31.479999542236328,19.646068572998047,2312600,0.0,0.0
2006-06-27,31.549999237060547,31.600000381469727,31.049999237060547,31.260000228881836,19.508760452270508,2116200,0.0,0.0
2006-06-28,31.280000686645508,31.530000686645508,30.889999389648438,31.520000457763672,19.6710205078125,2156000,0.0,0.0
2006-06-29,31.709999084472656,32.41999816894531,31.40999984741211,32.36000061035156,20.19524574279785,2782800,0.0,0.0
2006-06-30,32.369998931884766,32.529998779296875,31.84000015258789,32.13999938964844,20.057950973510742,1868400,0.0,0.0
2006-07-03,32.13999938964844,32.59000015258789,32.11000061035156,32.5,20.282621383666992,801000,0.0,0.0
2006-07-05,32.27000045776367,32.27000045776367,31.649999618530273,31.829999923706055,19.86448097229004,2183500,0.0,0.0
2006-07-06,31.5,31.84000015258789,31.110000610351562,31.329999923706055,19.552444458007812,2435200,0.0,0.0
2006-07-07,31.329999923706055,31.329999923706055,30.399999618530273,30.889999389648438,19.27784538269043,8758100,0.0,0.0
2006-07-10,30.969999313354492,31.299999237060547,30.43000030517578,30.600000381469727,19.09686851501465,2968700,0.0,0.0
2006-07-11,30.399999618530273,31.75,30.299999237060547,31.68000030517578,19.7708740234375,8022600,0.0,0.0
2006-07-12,31.5,31.760000228881836,30.860000610351562,31.149999618530273,19.44011878967285,4161900,0.0,0.0
2006-07-13,31.110000610351562,32.02000045776367,30.81999969482422,31.18000030517578,19.458833694458008,5050500,0.0,0.0
2006-07-14,31.15999984741211,31.760000228881836,31.020000457763672,31.360000610351562,19.571168899536133,2732300,0.0,0.0
2006-07-17,31.270000457763672,31.790000915527344,31.270000457763672,31.540000915527344,19.683509826660156,2381300,0.0,0.0
2006-07-18,31.540000915527344,31.75,30.790000915527344,31.510000228881836,19.664783477783203,3585900,0.0,0.0
2006-07-19,31.540000915527344,32.20000076293945,31.3799991607666,31.979999542236328,19.95809555053711,3636400,0.0,0.0
2006-07-20,31.90999984741211,32.33000183105469,31.020000457763672,31.059999465942383,19.383947372436523,3767500,0.0,0.0
2006-07-21,31.06999969482422,31.06999969482422,29.889999389648438,30.170000076293945,18.828508377075195,4508200,0.0,0.0
2006-07-24,30.239999771118164,31.040000915527344,30.219999313354492,30.899999618530273,19.28409194946289,2375100,0.0,0.0
2006-07-25,31.0,31.350000381469727,30.309999465942383,31.049999237060547,19.37771224975586,3913000,0.0,0.0
2006-07-26,30.950000762939453,31.40999984741211,30.149999618530273,30.959999084472656,19.321535110473633,3630600,0.0,0.0
2006-07-27,31.100000381469727,31.860000610351562,31.100000381469727,31.209999084472656,19.477558135986328,2585800,0.0,0.0
2006-07-28,31.389999389648438,32.41999816894531,31.3799991607666,32.25,20.126598358154297,3443600,0.0,0.0
2006-07-31,32.29999923706055,32.59000015258789,32.0099983215332,32.33000183105469,20.176528930664062,2065400,0.0,0.0
2006-08-01,32.189998626708984,32.189998626708984,31.260000228881836,31.610000610351562,19.72719383239746,2108500,0.0,0.0
2006-08-02,31.700000762939453,31.940000534057617,31.350000381469727,31.540000915527344,19.683509826660156,2481600,0.0,0.0
2006-08-03,31.200000762939453,32.5,31.049999237060547,32.31999969482422,20.170286178588867,2440100,0.0,0.0
2006-08-04,32.66999816894531,33.119998931884766,32.22999954223633,32.34000015258789,20.18276596069336,4535200,0.0,0.0
2006-08-07,32.349998474121094,32.5099983215332,32.0099983215332,32.2400016784668,20.120361328125,2113200,0.0,0.0
2006-08-08,32.349998474121094,32.72999954223633,32.060001373291016,32.2599983215332,20.132837295532227,2403300,0.0,0.0
2006-08-09,32.65999984741211,33.2400016784668,32.18000030517578,32.25,20.126598358154297,3188300,0.0,0.0
2006-08-10,32.25,32.54999923706055,31.889999389648438,31.899999618530273,19.90816879272461,5586900,0.0,0.0
2006-08-11,28.700000762939453,28.940000534057617,26.06999969482422,26.729999542236328,16.681671142578125,27748000,0.0,0.0
2006-08-14,26.959999084472656,27.799999237060547,26.899999618530273,27.59000015258789,17.218385696411133,9650300,0.0,0.0
2006-08-15,27.989999771118164,28.299999237060547,27.700000762939453,27.84000015258789,17.374406814575195,6039800,0.0,0.0
2006-08-16,27.989999771118164,28.18000030517578,27.520000457763672,27.950000762939453,17.44304847717285,7359300,0.0,0.0
2006-08-17,27.68000030517578,28.290000915527344,27.6299991607666,28.100000381469727,17.536664962768555,6206500,0.0,0.0
2006-08-18,28.110000610351562,28.309999465942383,27.549999237060547,28.229999542236328,17.6177978515625,3416700,0.0,0.0
2006-08-21,27.979999542236328,28.0,27.34000015258789,27.420000076293945,17.11229133605957,3575700,0.0,0.0
2006-08-22,27.43000030517578,27.959999084472656,27.40999984741211,27.6299991607666,17.24335479736328,3686600,0.0,0.0
2006-08-23,27.450000762939453,28.309999465942383,27.450000762939453,28.209999084472656,17.707857131958008,4694300,0.16,0.0
2006-08-24,28.239999771118164,29.049999237060547,28.209999084472656,28.959999084472656,18.178647994995117,5390000,0.0,0.0
2006-08-25,28.68000030517578,29.09000015258789,28.549999237060547,28.6299991607666,17.97149658203125,4032300,0.0,0.0
2006-08-28,28.809999465942383,30.139999389648438,28.719999313354492,30.010000228881836,18.837751388549805,9443700,0.0,0.0
2006-08-29,30.020000457763672,30.5,29.739999771118164,30.469999313354492,19.12649917602539,5389200,0.0,0.0
2006-08-30,30.469999313354492,30.75,30.020000457763672,30.56999969482422,19.18926239013672,3933300,0.0,0.0
2006-08-31,30.729999542236328,30.75,30.299999237060547,30.639999389648438,19.23320960998535,2677300,0.0,0.0
2006-09-01,30.75,30.799999237060547,30.09000015258789,30.270000457763672,19.00094985961914,2481000,0.0,0.0
2006-09-05,30.139999389648438,30.510000228881836,29.75,30.420000076293945,19.095117568969727,3517200,0.0,0.0
2006-09-06,30.200000762939453,30.219999313354492,29.799999237060547,30.15999984741211,18.931901931762695,2760900,0.0,0.0
2006-09-07,29.90999984741211,30.049999237060547,29.280000686645508,29.299999237060547,18.392070770263672,6067200,0.0,0.0
2006-09-08,29.399999618530273,29.84000015258789,29.200000762939453,29.6299991607666,18.599218368530273,3535900,0.0,0.0
2006-09-11,29.6299991607666,30.770000457763672,29.489999771118164,30.469999313354492,19.12649917602539,4962900,0.0,0.0
2006-09-12,30.469999313354492,31.479999542236328,30.469999313354492,31.190000534057617,19.578453063964844,3645200,0.0,0.0
2006-09-13,31.100000381469727,31.520000457763672,30.68000030517578,31.139999389648438,19.54706382751465,3437800,0.0,0.0
2006-09-14,31.020000457763672,31.469999313354492,30.739999771118164,31.200000762939453,19.584728240966797,3417900,0.0,0.0
2006-09-15,31.65999984741211,32.060001373291016,31.170000076293945,31.25,19.616117477416992,3846900,0.0,0.0
2006-09-18,31.260000228881836,31.59000015258789,30.920000076293945,31.209999084472656,19.591001510620117,2693100,0.0,0.0
2006-09-19,31.149999618530273,31.149999618530273,30.219999313354492,30.610000610351562,19.214378356933594,5593400,0.0,0.0
2006-09-20,30.690000534057617,31.049999237060547,30.5,30.93000030517578,19.415245056152344,3721100,0.0,0.0
2006-09-21,30.899999618530273,31.049999237060547,30.030000686645508,30.1200008392334,18.906801223754883,4049600,0.0,0.0
2006-09-22,30.049999237060547,30.200000762939453,29.520000457763672,29.719999313354492,18.655702590942383,3440700,0.0,0.0
2006-09-25,30.0,30.34000015258789,29.299999237060547,30.15999984741211,18.931901931762695,7049100,0.0,0.0
2006-09-26,30.0,30.100000381469727,29.59000015258789,30.020000457763672,18.84402847290039,3246300,0.0,0.0
2006-09-27,30.0,30.399999618530273,29.530000686645508,29.670000076293945,18.62432098388672,4959600,0.0,0.0
2006-09-28,29.670000076293945,29.809999465942383,29.40999984741211,29.700000762939453,18.643152236938477,4008700,0.0,0.0
2006-09-29,29.59000015258789,29.760000228881836,29.34000015258789,29.389999389648438,18.448564529418945,2853100,0.0,0.0
2006-10-02,29.489999771118164,29.6299991607666,29.040000915527344,29.31999969482422,18.404626846313477,3253800,0.0,0.0
2006-10-03,29.020000457763672,29.43000030517578,28.81999969482422,29.139999389648438,18.291637420654297,3615400,0.0,0.0
2006-10-04,29.149999618530273,29.639999389648438,29.100000381469727,29.6299991607666,18.599218368530273,4085200,0.0,0.0
2006-10-05,29.5,29.760000228881836,29.350000381469727,29.520000457763672,18.530168533325195,2446300,0.0,0.0
2006-10-06,29.290000915527344,30.239999771118164,29.239999771118164,30.06999969482422,18.87540626525879,3292700,0.0,0.0
2006-10-09,30.0,30.739999771118164,29.93000030517578,30.479999542236328,19.132776260375977,3446800,0.0,0.0
2006-10-10,30.489999771118164,30.6299991607666,29.860000610351562,30.049999237060547,18.86286163330078,3892300,0.0,0.0
2006-10-11,29.799999237060547,30.040000915527344,29.530000686645508,29.84000015258789,18.731035232543945,6487100,0.0,0.0
2006-10-12,30.1299991607666,30.399999618530273,29.90999984741211,30.270000457763672,19.00094985961914,4489400,0.0,0.0
2006-10-13,30.079999923706055,30.780000686645508,30.059999465942383,30.559999465942383,19.182998657226562,4269500,0.0,0.0
2006-10-16,30.729999542236328,31.229999542236328,30.639999389648438,31.09000015258789,19.515668869018555,2985100,0.0,0.0
2006-10-17,30.989999771118164,30.989999771118164,30.329999923706055,30.790000915527344,19.327369689941406,3181700,0.0,0.0
2006-10-18,30.770000457763672,30.770000457763672,29.1299991607666,29.68000030517578,18.63060188293457,6751100,0.0,0.0
2006-10-19,29.520000457763672,30.1200008392334,29.3799991607666,29.6299991607666,18.599218368530273,3283600,0.0,0.0
2006-10-20,29.780000686645508,29.8799991607666,29.3799991607666,29.760000228881836,18.680818557739258,3837800,0.0,0.0
2006-10-23,29.59000015258789,30.34000015258789,29.559999465942383,30.010000228881836,18.837751388549805,3906800,0.0,0.0
2006-10-24,30.010000228881836,30.3700008392334,29.440000534057617,29.65999984741211,18.6180419921875,5907600,0.0,0.0
2006-10-25,29.40999984741211,31.709999084472656,29.40999984741211,31.540000915527344,19.798154830932617,8306800,0.0,0.0
2006-10-26,31.670000076293945,31.670000076293945,30.920000076293945,31.520000457763672,19.785598754882812,4446600,0.0,0.0
2006-10-27,31.520000457763672,31.520000457763672,31.0,31.1299991607666,19.540794372558594,4570800,0.0,0.0
2006-10-30,31.170000076293945,31.579999923706055,31.049999237060547,31.510000228881836,19.779321670532227,3181500,0.0,0.0
2006-10-31,31.670000076293945,31.920000076293945,31.329999923706055,31.81999969482422,19.973907470703125,2987600,0.0,0.0
2006-11-01,31.889999389648438,31.979999542236328,31.610000610351562,31.670000076293945,19.879749298095703,3776800,0.0,0.0
2006-11-02,31.530000686645508,31.989999771118164,31.440000534057617,31.59000015258789,19.829547882080078,2932200,0.0,0.0
2006-11-03,32.65999984741211,32.65999984741211,31.0,31.219999313354492,19.597280502319336,4074300,0.0,0.0
2006-11-06,31.469999313354492,32.0,31.0,31.829999923706055,19.980180740356445,2863100,0.0,0.0
2006-11-07,32.09000015258789,32.810001373291016,31.979999542236328,32.43000030517578,20.35681915283203,3830200,0.0,0.0
2006-11-08,32.349998474121094,32.529998779296875,31.799999237060547,32.349998474121094,20.306610107421875,2884200,0.0,0.0
2006-11-09,32.52000045776367,32.540000915527344,31.780000686645508,31.790000915527344,19.955089569091797,3623400,0.0,0.0
2006-11-10,31.760000228881836,32.15999984741211,31.670000076293945,32.119998931884766,20.162229537963867,2006700,0.0,0.0
2006-11-13,32.130001068115234,32.540000915527344,31.829999923706055,32.20000076293945,20.21245002746582,3928200,0.0,0.0
2006-11-14,32.439998626708984,33.040000915527344,32.02000045776367,33.029998779296875,20.733442306518555,5779400,0.0,0.0
2006-11-15,34.099998474121094,34.29999923706055,33.31999969482422,33.560001373291016,21.066137313842773,9153100,0.0,0.0
2006-11-16,33.560001373291016,34.0,33.290000915527344,33.810001373291016,21.223068237304688,3744100,0.0,0.0
2006-11-17,33.61000061035156,34.0,33.31999969482422,33.66999816894531,21.13518714904785,2125200,0.0,0.0
2006-11-20,33.599998474121094,33.900001525878906,33.31999969482422,33.709999084472656,21.160293579101562,3311600,0.0,0.0
2006-11-21,33.560001373291016,33.70000076293945,32.93000030517578,33.09000015258789,20.87016487121582,3100700,0.16,0.0
2006-11-22,33.119998931884766,33.75,33.119998931884766,33.630001068115234,21.210756301879883,4172800,0.0,0.0
2006-11-24,33.40999984741211,33.68000030517578,33.29999923706055,33.59000015258789,21.18552589416504,1482400,0.0,0.0
2006-11-27,33.22999954223633,33.619998931884766,32.540000915527344,32.7400016784668,20.64942169189453,5991200,0.0,0.0
2006-11-28,32.7400016784668,32.7400016784668,31.889999389648438,32.47999954223633,20.485437393188477,4949200,0.0,0.0
2006-11-29,32.720001220703125,32.81999969482422,31.969999313354492,32.25,20.340375900268555,3518600,0.0,0.0
2006-11-30,32.25,32.83000183105469,32.18000030517578,32.52000045776367,20.510671615600586,3088600,0.0,0.0
2006-12-01,33.0099983215332,33.0099983215332,32.06999969482422,32.619998931884766,20.573732376098633,3833200,0.0,0.0
2006-12-04,32.709999084472656,33.5,32.5,33.22999954223633,20.958463668823242,3358900,0.0,0.0
2006-12-05,33.43000030517578,33.7400016784668,33.290000915527344,33.599998474121094,21.191831588745117,2912400,0.0,0.0
2006-12-06,33.599998474121094,33.81999969482422,33.16999816894531,33.56999969482422,21.17290687561035,2359100,0.0,0.0
2006-12-07,33.75,33.75,32.95000076293945,33.060001373291016,20.85124969482422,3887000,0.0,0.0
2006-12-08,33.060001373291016,33.209999084472656,32.5099983215332,33.119998931884766,20.88909339904785,3455100,0.0,0.0
2006-12-11,33.02000045776367,33.13999938964844,32.65999984741211,32.869998931884766,20.731414794921875,3320500,0.0,0.0
2006-12-12,32.72999954223633,33.099998474121094,32.45000076293945,32.720001220703125,20.63680648803711,4157700,0.0,0.0
2006-12-13,32.790000915527344,32.880001068115234,32.27000045776367,32.4900016784668,20.491744995117188,2972500,0.0,0.0
2006-12-14,32.41999816894531,32.970001220703125,32.41999816894531,32.630001068115234,20.580039978027344,3809700,0.0,0.0
2006-12-15,32.61000061035156,32.84000015258789,32.41999816894531,32.59000015258789,20.554813385009766,3653900,0.0,0.0
2006-12-18,32.58000183105469,33.11000061035156,32.52000045776367,32.86000061035156,20.72510528564453,3105000,0.0,0.0
2006-12-19,32.5099983215332,32.91999816894531,32.310001373291016,32.59000015258789,20.554813385009766,3482500,0.0,0.0
2006-12-20,33.20000076293945,33.45000076293945,32.869998931884766,33.08000183105469,20.863862991333008,2947500,0.0,0.0
2006-12-21,33.040000915527344,33.209999084472656,32.47999954223633,32.790000915527344,20.680952072143555,2647800,0.0,0.0
2006-12-22,32.70000076293945,32.75,32.20000076293945,32.20000076293945,20.308837890625,2946900,0.0,0.0
2006-12-26,32.08000183105469,32.54999923706055,32.06999969482422,32.380001068115234,20.4223690032959,1480700,0.0,0.0
2006-12-27,32.5,33.04999923706055,32.5,32.7400016784668,20.64942169189453,2355100,0.0,0.0
2006-12-28,32.58000183105469,32.97999954223633,32.58000183105469,32.779998779296875,20.67464828491211,1876800,0.0,0.0
2006-12-29,32.689998626708984,33.220001220703125,32.65999984741211,32.869998931884766,20.731414794921875,1619300,0.0,0.0
2007-01-03,32.93000030517578,33.400001525878906,32.5,32.84000015258789,20.71249771118164,3073800,0.0,0.0
2007-01-04,32.84000015258789,33.529998779296875,32.79999923706055,33.40999984741211,21.072002410888672,3483600,0.0,0.0
2007-01-05,33.27000045776367,33.29999923706055,32.650001525878906,33.029998779296875,20.832324981689453,2627900,0.0,0.0
2007-01-08,33.18000030517578,33.619998931884766,32.95000076293945,33.290000915527344,20.996309280395508,2879100,0.0,0.0
2007-01-09,33.279998779296875,33.58000183105469,32.83000183105469,33.2400016784668,20.964780807495117,3316300,0.0,0.0
2007-01-10,33.060001373291016,33.97999954223633,32.869998931884766,33.81999969482422,21.330583572387695,4148000,0.0,0.0
2007-01-11,33.81999969482422,34.529998779296875,33.5,33.88999938964844,21.374740600585938,4466700,0.0,0.0
2007-01-12,33.54999923706055,34.040000915527344,33.43000030517578,33.939998626708984,21.406272888183594,3561300,0.0,0.0
2007-01-16,33.880001068115234,33.91999816894531,33.470001220703125,33.77000045776367,21.29904556274414,2961900,0.0,0.0
2007-01-17,33.459999084472656,33.79999923706055,33.099998474121094,33.22999954223633,20.958463668823242,4137800,0.0,0.0
2007-01-18,33.20000076293945,33.20000076293945,32.59000015258789,32.689998626708984,20.617881774902344,3208200,0.0,0.0
2007-01-19,32.70000076293945,33.27000045776367,32.52000045776367,32.790000915527344,20.680952072143555,3245500,0.0,0.0
2007-01-22,32.40999984741211,32.880001068115234,32.279998779296875,32.369998931884766,20.41605567932129,4154700,0.0,0.0
2007-01-23,32.5,33.099998474121094,32.45000076293945,32.619998931884766,20.573732376098633,2488200,0.0,0.0
2007-01-24,32.619998931884766,33.22999954223633,32.599998474121094,33.0,20.813404083251953,2091600,0.0,0.0
2007-01-25,33.15999984741211,33.70000076293945,32.86000061035156,33.040000915527344,20.838632583618164,2488100,0.0,0.0
2007-01-26,33.13999938964844,33.84000015258789,32.939998626708984,33.31999969482422,21.015233993530273,3585100,0.0,0.0
2007-01-29,33.439998626708984,33.439998626708984,32.720001220703125,32.88999938964844,20.74402618408203,3447000,0.0,0.0
2007-01-30,33.0,33.119998931884766,32.709999084472656,32.83000183105469,20.706193923950195,1936100,0.0,0.0
2007-01-31,32.68000030517578,32.939998626708984,32.310001373291016,32.75,20.655729293823242,4332500,0.0,0.0
2007-02-01,32.75,33.34000015258789,32.72999954223633,33.099998474121094,20.87647819519043,3737000,0.0,0.0
2007-02-02,33.20000076293945,33.560001373291016,33.130001068115234,33.34000015258789,21.02785301208496,3268200,0.0,0.0
2007-02-05,33.369998931884766,33.689998626708984,33.13999938964844,33.189998626708984,20.93324089050293,2989200,0.0,0.0
2007-02-06,33.13999938964844,33.25,32.720001220703125,32.95000076293945,20.781869888305664,2692600,0.0,0.0
2007-02-07,33.0,33.5,33.0,33.2400016784668,20.964780807495117,3109900,0.0,0.0
2007-02-08,33.20000076293945,33.4900016784668,33.040000915527344,33.29999923706055,21.002614974975586,2378800,0.0,0.0
2007-02-09,33.439998626708984,34.0,33.09000015258789,33.099998474121094,20.87647819519043,4328100,0.0,0.0
2007-02-12,33.099998474121094,33.290000915527344,32.72999954223633,32.90999984741211,20.756643295288086,2068100,0.0,0.0
2007-02-13,33.0,33.06999969482422,32.68000030517578,33.02000045776367,20.826025009155273,2266800,0.0,0.0
2007-02-14,33.08000183105469,33.65999984741211,33.08000183105469,33.43000030517578,21.08461570739746,2540600,0.0,0.0
2007-02-15,33.2599983215332,33.63999938964844,33.15999984741211,33.290000915527344,20.996309280395508,2582800,0.0,0.0
2007-02-16,33.209999084472656,33.209999084472656,32.79999923706055,32.97999954223633,20.8007869720459,5311800,0.0,0.0
2007-02-20,33.0,33.099998474121094,32.7599983215332,32.970001220703125,20.794485092163086,4157900,0.0,0.0
2007-02-21,32.900001525878906,33.33000183105469,32.529998779296875,33.31999969482422,21.015233993530273,6576600,0.0,0.0
2007-02-22,35.40999984741211,36.970001220703125,35.25,36.79999923706055,23.21009635925293,13706000,0.0,0.0
2007-02-23,36.43000030517578,37.16999816894531,36.400001525878906,36.95000076293945,23.304712295532227,5841700,0.0,0.0
2007-02-26,36.4900016784668,36.88999938964844,36.18000030517578,36.58000183105469,23.071348190307617,3722100,0.0,0.0
2007-02-27,36.59000015258789,36.7400016784668,35.56999969482422,35.86000061035156,22.617233276367188,6614900,0.0,0.0
2007-02-28,35.869998931884766,36.470001220703125,35.86000061035156,36.310001373291016,22.90104866027832,5157200,0.0,0.0
2007-03-01,35.75,36.369998931884766,35.2599983215332,36.150001525878906,22.800134658813477,5788200,0.0,0.0
2007-03-02,36.150001525878906,36.369998931884766,35.18000030517578,35.349998474121094,22.295574188232422,5141000,0.0,0.0
2007-03-05,35.0,35.9900016784668,34.90999984741211,35.099998474121094,22.13789176940918,4204300,0.0,0.0
2007-03-06,35.599998474121094,35.95000076293945,35.369998931884766,35.880001068115234,22.629844665527344,3765700,0.0,0.0
2007-03-07,35.70000076293945,35.849998474121094,35.25,35.470001220703125,22.48404884338379,2793200,0.18,0.0
2007-03-08,35.880001068115234,36.04999923706055,35.47999954223633,35.63999938964844,22.591814041137695,3821800,0.0,0.0
2007-03-09,36.27000045776367,37.220001220703125,35.81999969482422,36.290000915527344,23.003841400146484,3551200,0.0,0.0
2007-03-12,36.349998474121094,36.720001220703125,36.290000915527344,36.459999084472656,23.111597061157227,2666500,0.0,0.0
2007-03-13,36.349998474121094,36.470001220703125,35.84000015258789,35.84000015258789,22.718599319458008,2655500,0.0,0.0
2007-03-14,35.720001220703125,35.9900016784668,34.970001220703125,35.400001525878906,22.439685821533203,3997000,0.0,0.0
2007-03-15,35.40999984741211,35.540000915527344,35.20000076293945,35.38999938964844,22.43334197998047,2015200,0.0,0.0
2007-03-16,35.40999984741211,35.619998931884766,35.04999923706055,35.33000183105469,22.395313262939453,3907800,0.0,0.0
2007-03-19,35.599998474121094,35.84000015258789,35.36000061035156,35.529998779296875,22.522079467773438,2525400,0.0,0.0
2007-03-20,35.560001373291016,36.08000183105469,35.29999923706055,35.880001068115234,22.743946075439453,2908800,0.0,0.0
2007-03-21,35.91999816894531,36.529998779296875,35.619998931884766,36.130001068115234,22.902420043945312,3105300,0.0,0.0
2007-03-22,36.0,36.189998626708984,35.310001373291016,35.36000061035156,22.41432762145996,4790700,0.0,0.0
2007-03-23,35.36000061035156,35.959999084472656,35.279998779296875,35.56999969482422,22.547439575195312,3077400,0.0,0.0
2007-03-26,35.65999984741211,35.77000045776367,35.060001373291016,35.40999984741211,22.446020126342773,2592000,0.0,0.0
2007-03-27,35.349998474121094,35.779998779296875,35.25,35.369998931884766,22.4206600189209,3025400,0.0,0.0
2007-03-28,35.22999954223633,35.22999954223633,34.61000061035156,34.689998626708984,21.98961639404297,2966100,0.0,0.0
2007-03-29,34.83000183105469,34.9900016784668,34.099998474121094,34.36000061035156,21.780445098876953,3531900,0.0,0.0
2007-03-30,34.459999084472656,34.79999923706055,34.16999816894531,34.4900016784668,21.862838745117188,3033000,0.0,0.0
2007-04-02,34.59000015258789,35.0,34.15999984741211,34.36000061035156,21.780445098876953,3112200,0.0,0.0
2007-04-03,34.5,35.04999923706055,34.40999984741211,34.83000183105469,22.078367233276367,3360400,0.0,0.0
2007-04-04,34.939998626708984,35.439998626708984,34.849998474121094,35.369998931884766,22.4206600189209,2679600,0.0,0.0
2007-04-05,35.38999938964844,36.16999816894531,35.38999938964844,36.130001068115234,22.902420043945312,3554300,0.0,0.0
2007-04-09,36.9900016784668,37.0,35.54999923706055,36.15999984741211,22.921432495117188,2634300,0.0,0.0
2007-04-10,36.060001373291016,36.599998474121094,35.95000076293945,36.59000015258789,23.19400405883789,3705300,0.0,0.0
2007-04-11,36.59000015258789,36.70000076293945,35.869998931884766,35.959999084472656,22.794654846191406,2579900,0.0,0.0
2007-04-12,35.959999084472656,36.25,35.720001220703125,36.2400016784668,22.972148895263672,2660300,0.0,0.0
2007-04-13,37.0,37.0,35.61000061035156,36.09000015258789,22.877050399780273,1893200,0.0,0.0
2007-04-16,36.310001373291016,36.810001373291016,36.06999969482422,36.779998779296875,23.314449310302734,2669000,0.0,0.0
2007-04-17,36.66999816894531,36.7599983215332,36.130001068115234,36.22999954223633,22.965808868408203,2227900,0.0,0.0
2007-04-18,37.04999923706055,38.380001068115234,37.0,37.83000183105469,23.98003387451172,8281100,0.0,0.0
2007-04-19,37.560001373291016,38.75,37.5,38.45000076293945,24.373043060302734,4251000,0.0,0.0
2007-04-20,38.88999938964844,38.91999816894531,38.22999954223633,38.599998474121094,24.468124389648438,3817100,0.0,0.0
2007-04-23,38.41999816894531,38.630001068115234,38.119998931884766,38.20000076293945,24.21457290649414,2293100,0.0,0.0
2007-04-24,39.45000076293945,40.56999969482422,39.099998474121094,39.970001220703125,25.336549758911133,7013600,0.0,0.0
2007-04-25,40.04999923706055,40.18000030517578,39.41999816894531,40.099998474121094,25.41895866394043,3850900,0.0,0.0
2007-04-26,40.02000045776367,40.13999938964844,39.4900016784668,39.849998474121094,25.260482788085938,3004900,0.0,0.0
2007-04-27,39.72999954223633,39.900001525878906,38.099998474121094,39.15999984741211,24.823108673095703,3618700,0.0,0.0
2007-04-30,39.0,39.209999084472656,38.61000061035156,38.619998931884766,24.48080062866211,3639500,0.0,0.0
2007-05-01,38.709999084472656,39.119998931884766,38.47999954223633,38.900001525878906,24.658292770385742,3966600,0.0,0.0
2007-05-02,38.310001373291016,39.4900016784668,38.0099983215332,39.25,24.880155563354492,2737500,0.0,0.0
2007-05-03,39.59000015258789,40.150001525878906,39.310001373291016,39.77000045776367,25.209781646728516,2620700,0.0,0.0
2007-05-04,39.900001525878906,40.150001525878906,39.599998474121094,39.790000915527344,25.22244644165039,2117800,0.0,0.0
2007-05-07,40.029998779296875,40.150001525878906,39.79999923706055,40.08000183105469,25.406282424926758,2153400,0.0,0.0
2007-05-08,40.08000183105469,40.08000183105469,39.349998474121094,39.7400016784668,25.190750122070312,1991900,0.0,0.0
2007-05-09,39.7400016784668,40.599998474121094,39.5099983215332,40.560001373291016,25.710556030273438,3085500,0.0,0.0
2007-05-10,40.650001525878906,40.75,39.630001068115234,39.70000076293945,25.165409088134766,2816300,0.0,0.0
2007-05-11,39.709999084472656,40.54999923706055,39.470001220703125,40.54999923706055,25.704200744628906,2757100,0.0,0.0
2007-05-14,40.900001525878906,41.0,39.72999954223633,39.849998474121094,25.260482788085938,3449600,0.0,0.0
2007-05-15,39.880001068115234,40.0,39.06999969482422,39.130001068115234,24.80409049987793,3521900,0.0,0.0
2007-05-16,39.189998626708984,39.849998474121094,39.189998626708984,39.72999954223633,25.184423446655273,3608500,0.0,0.0
2007-05-17,39.849998474121094,40.70000076293945,39.54999923706055,40.20000076293945,25.482349395751953,5228300,0.0,0.0
2007-05-18,40.349998474121094,40.58000183105469,39.779998779296875,40.150001525878906,25.450654983520508,4362000,0.0,0.0
2007-05-21,40.349998474121094,41.099998474121094,39.95000076293945,40.13999938964844,25.44431495666504,5533300,0.0,0.0
2007-05-22,40.40999984741211,40.9900016784668,39.400001525878906,40.41999816894531,25.621803283691406,6890000,0.0,0.0
2007-05-23,36.849998474121094,37.130001068115234,36.11000061035156,36.38999938964844,23.067232131958008,17552400,0.0,0.0
2007-05-24,36.25,36.52000045776367,35.220001220703125,35.38999938964844,22.43334197998047,8162400,0.0,0.0
2007-05-25,35.38999938964844,35.869998931884766,35.29999923706055,35.66999816894531,22.61081886291504,5753900,0.0,0.0
2007-05-29,35.88999938964844,36.45000076293945,35.720001220703125,36.400001525878906,23.073570251464844,6451900,0.0,0.0
2007-05-30,36.08000183105469,36.08000183105469,35.189998626708984,35.70000076293945,22.74230194091797,6713800,0.18,0.0
2007-05-31,36.29999923706055,36.599998474121094,36.0,36.209999084472656,23.06719970703125,5893200,0.0,0.0
2007-06-01,36.25,36.869998931884766,36.25,36.650001525878906,23.347490310668945,4274200,0.0,0.0
2007-06-04,36.25,37.029998779296875,36.099998474121094,36.72999954223633,23.398452758789062,3442600,0.0,0.0
2007-06-05,36.20000076293945,37.150001525878906,36.20000076293945,36.88999938964844,23.500389099121094,4657600,0.0,0.0
2007-06-06,36.689998626708984,37.13999938964844,36.54999923706055,36.59000015258789,23.309268951416016,4924600,0.0,0.0
2007-06-07,36.59000015258789,37.90999984741211,35.56999969482422,35.56999969482422,22.659494400024414,8511800,0.0,0.0
2007-06-08,36.0,36.56999969482422,35.619998931884766,36.369998931884766,23.16912841796875,7194700,0.0,0.0
2007-06-11,36.380001068115234,36.900001525878906,36.02000045776367,36.099998474121094,22.99711799621582,4928200,0.0,0.0
2007-06-12,35.849998474121094,36.33000183105469,35.61000061035156,35.81999969482422,22.81874656677246,3286200,0.0,0.0
2007-06-13,35.91999816894531,36.79999923706055,35.91999816894531,36.70000076293945,23.379344940185547,5201200,0.0,0.0
2007-06-14,36.619998931884766,37.54999923706055,36.619998931884766,37.459999084472656,23.863500595092773,4154000,0.0,0.0
2007-06-15,37.529998779296875,37.939998626708984,37.45000076293945,37.650001525878906,23.98453140258789,3981300,0.0,0.0
2007-06-18,37.779998779296875,37.86000061035156,37.560001373291016,37.68000030517578,24.00365447998047,2506900,0.0,0.0
2007-06-19,37.279998779296875,37.70000076293945,37.060001373291016,37.529998779296875,23.908098220825195,4027900,0.0,0.0
2007-06-20,37.56999969482422,37.68000030517578,37.029998779296875,37.09000015258789,23.627792358398438,2793200,0.0,0.0
2007-06-21,37.09000015258789,38.56999969482422,37.060001373291016,38.52000045776367,24.53875732421875,4995800,0.0,0.0
2007-06-22,38.290000915527344,38.290000915527344,36.97999954223633,37.09000015258789,23.627792358398438,6518400,0.0,0.0
2007-06-25,37.119998931884766,38.02000045776367,37.02000045776367,37.2599983215332,23.736083984375,4027300,0.0,0.0
2007-06-26,37.2599983215332,37.560001373291016,36.83000183105469,37.2400016784668,23.723352432250977,4543500,0.0,0.0
2007-06-27,36.869998931884766,38.279998779296875,36.84000015258789,38.09000015258789,24.26482391357422,4126000,0.0,0.0
2007-06-28,38.09000015258789,38.16999816894531,37.7400016784668,37.7400016784668,24.041872024536133,2982100,0.0,0.0
2007-06-29,37.86000061035156,38.2599983215332,37.54999923706055,37.63999938964844,23.978166580200195,2655100,0.0,0.0
2007-07-02,37.689998626708984,38.40999984741211,37.619998931884766,38.40999984741211,24.46868324279785,2660500,0.0,0.0
2007-07-03,38.43000030517578,38.560001373291016,37.9900016784668,38.13999938964844,24.296688079833984,1651500,0.0,0.0
2007-07-05,38.130001068115234,38.810001373291016,38.02000045776367,38.599998474121094,24.589725494384766,3273200,0.0,0.0
2007-07-06,38.900001525878906,39.150001525878906,38.529998779296875,39.06999969482422,24.889127731323242,3172600,0.0,0.0
2007-07-09,38.95000076293945,39.279998779296875,38.790000915527344,39.060001373291016,24.882761001586914,4091600,0.0,0.0
2007-07-10,38.720001220703125,39.400001525878906,38.560001373291016,39.0,24.844539642333984,3035700,0.0,0.0
2007-07-11,38.84000015258789,39.13999938964844,38.349998474121094,39.029998779296875,24.863645553588867,2287700,0.0,0.0
2007-07-12,39.66999816894531,39.90999984741211,38.959999084472656,39.81999969482422,25.366907119750977,2446600,0.0,0.0
2007-07-13,39.81999969482422,39.849998474121094,39.380001068115234,39.630001068115234,25.245882034301758,2177600,0.0,0.0
2007-07-16,39.630001068115234,39.650001525878906,39.13999938964844,39.2599983215332,25.01016616821289,2364600,0.0,0.0
2007-07-17,39.310001373291016,39.599998474121094,38.939998626708984,39.0,24.844539642333984,4561500,0.0,0.0
2007-07-18,38.77000045776367,38.810001373291016,37.849998474121094,38.540000915527344,24.551504135131836,4964900,0.0,0.0
2007-07-19,38.63999938964844,38.810001373291016,38.040000915527344,38.40999984741211,24.46868324279785,3180700,0.0,0.0
2007-07-20,37.869998931884766,38.439998626708984,37.70000076293945,38.06999969482422,24.252098083496094,3483700,0.0,0.0
2007-07-23,38.25,38.380001068115234,37.72999954223633,37.83000183105469,24.09920310974121,2064100,0.0,0.0
2007-07-24,37.220001220703125,37.45000076293945,35.970001220703125,36.79999923706055,23.44305419921875,4443300,0.0,0.0
2007-07-25,37.02000045776367,37.529998779296875,36.70000076293945,36.869998931884766,23.487638473510742,3004900,0.0,0.0
2007-07-26,36.65999984741211,36.869998931884766,35.599998474121094,36.04999923706055,22.965274810791016,4297800,0.0,0.0
2007-07-27,35.79999923706055,36.52000045776367,35.58000183105469,35.58000183105469,22.66585922241211,2668900,0.0,0.0
2007-07-30,35.970001220703125,36.439998626708984,35.5,36.060001373291016,22.971647262573242,2860600,0.0,0.0
2007-07-31,36.15999984741211,36.310001373291016,35.34000015258789,35.45000076293945,22.583057403564453,3598900,0.0,0.0
2007-08-01,35.41999816894531,36.38999938964844,35.11000061035156,36.27000045776367,23.105426788330078,4161000,0.0,0.0
2007-08-02,36.08000183105469,36.70000076293945,35.91999816894531,36.599998474121094,23.315643310546875,2496900,0.0,0.0
2007-08-03,36.4900016784668,36.56999969482422,35.45000076293945,35.459999084472656,22.589412689208984,2870100,0.0,0.0
2007-08-06,35.79999923706055,36.709999084472656,35.18000030517578,36.650001525878906,23.347490310668945,4475500,0.0,0.0
2007-08-07,36.38999938964844,37.34000015258789,35.86000061035156,36.72999954223633,23.398452758789062,4591200,0.0,0.0
2007-08-08,37.400001525878906,38.959999084472656,36.099998474121094,38.029998779296875,24.226613998413086,4091600,0.0,0.0
2007-08-09,37.099998474121094,38.70000076293945,36.93000030517578,37.810001373291016,24.086463928222656,3197200,0.0,0.0
2007-08-10,37.060001373291016,38.88999938964844,37.060001373291016,37.720001220703125,24.029138565063477,3582200,0.0,0.0
2007-08-13,37.869998931884766,38.130001068115234,37.47999954223633,37.779998779296875,24.06734848022461,2454800,0.0,0.0
2007-08-14,38.029998779296875,38.459999084472656,37.310001373291016,37.400001525878906,23.825279235839844,2478000,0.0,0.0
2007-08-15,37.33000183105469,37.9900016784668,36.65999984741211,36.83000183105469,23.462167739868164,3035800,0.0,0.0
2007-08-16,36.54999923706055,37.709999084472656,36.189998626708984,37.560001373291016,23.927202224731445,3813300,0.0,0.0
2007-08-17,38.72999954223633,38.7599983215332,37.18000030517578,37.7599983215332,24.05460548400879,3866700,0.0,0.0
2007-08-20,37.7599983215332,38.61000061035156,37.7400016784668,38.15999984741211,24.309425354003906,3007200,0.0,0.0
2007-08-21,37.9900016784668,38.68000030517578,36.7400016784668,37.720001220703125,24.029138565063477,5363100,0.0,0.0
2007-08-22,37.5,37.95000076293945,36.65999984741211,36.869998931884766,23.487638473510742,6486800,0.0,0.0
2007-08-23,36.95000076293945,36.9900016784668,35.84000015258789,36.400001525878906,23.188247680664062,3865200,0.0,0.0
2007-08-24,36.31999969482422,36.630001068115234,35.970001220703125,36.209999084472656,23.06719970703125,4178700,0.0,0.0
2007-08-27,36.04999923706055,36.7599983215332,36.04999923706055,36.45000076293945,23.2200870513916,2586400,0.0,0.0
2007-08-28,36.369998931884766,36.54999923706055,35.560001373291016,35.709999084472656,22.74867820739746,3314300,0.0,0.0
2007-08-29,35.83000183105469,36.689998626708984,35.689998626708984,36.619998931884766,23.44657325744629,2675300,0.18,0.0
2007-08-30,36.380001068115234,37.06999969482422,36.27000045776367,36.52000045776367,23.382537841796875,3043400,0.0,0.0
2007-08-31,36.95000076293945,37.16999816894531,36.5099983215332,36.880001068115234,23.6130428314209,2561400,0.0,0.0
2007-09-04,36.97999954223633,38.060001373291016,36.90999984741211,37.84000015258789,24.22770118713379,3086800,0.0,0.0
2007-09-05,37.54999923706055,37.630001068115234,36.83000183105469,37.27000045776367,23.86274528503418,3045700,0.0,0.0
2007-09-06,37.27000045776367,37.849998474121094,37.27000045776367,37.709999084472656,24.14446258544922,2088800,0.0,0.0
2007-09-07,37.29999923706055,37.540000915527344,36.209999084472656,36.56999969482422,23.414560317993164,3464800,0.0,0.0
2007-09-10,36.56999969482422,37.06999969482422,36.220001220703125,36.720001220703125,23.510595321655273,3493800,0.0,0.0
2007-09-11,36.779998779296875,37.18000030517578,36.59000015258789,36.959999084472656,23.664264678955078,3725900,0.0,0.0
2007-09-12,36.93000030517578,36.959999084472656,36.02000045776367,36.09000015258789,23.107219696044922,2765800,0.0,0.0
2007-09-13,36.34000015258789,36.470001220703125,35.619998931884766,35.83000183105469,22.940757751464844,3263500,0.0,0.0
2007-09-14,35.5,35.61000061035156,35.040000915527344,35.16999816894531,22.5181884765625,3485000,0.0,0.0
2007-09-17,35.150001525878906,35.470001220703125,34.93000030517578,35.209999084472656,22.54379653930664,1930200,0.0,0.0
2007-09-18,35.45000076293945,36.459999084472656,35.38999938964844,36.18000030517578,23.164846420288086,3028400,0.0,0.0
2007-09-19,36.380001068115234,36.59000015258789,36.099998474121094,36.22999954223633,23.196861267089844,2543600,0.0,0.0
2007-09-20,36.25,37.0099983215332,36.09000015258789,36.720001220703125,23.510595321655273,2629600,0.0,0.0
2007-09-21,36.720001220703125,36.90999984741211,36.5099983215332,36.599998474121094,23.433757781982422,4241600,0.0,0.0
2007-09-24,36.45000076293945,36.97999954223633,36.41999816894531,36.68000030517578,23.484994888305664,2537100,0.0,0.0
2007-09-25,36.599998474121094,37.18000030517578,36.40999984741211,37.06999969482422,23.734695434570312,3058400,0.0,0.0
2007-09-26,37.400001525878906,37.43000030517578,36.15999984741211,36.290000915527344,23.23527717590332,4074900,0.0,0.0
2007-09-27,36.47999954223633,37.04999923706055,36.439998626708984,36.459999084472656,23.344120025634766,2334200,0.0,0.0
2007-09-28,36.529998779296875,36.84000015258789,36.119998931884766,36.15999984741211,23.152040481567383,3225300,0.0,0.0
2007-10-01,36.25,37.08000183105469,36.15999984741211,36.939998626708984,23.651445388793945,3550600,0.0,0.0
2007-10-02,36.9900016784668,37.0,36.22999954223633,36.369998931884766,23.2865047454834,2725200,0.0,0.0
2007-10-03,36.08000183105469,36.220001220703125,35.86000061035156,36.08000183105469,23.100831985473633,2435400,0.0,0.0
2007-10-04,36.439998626708984,36.439998626708984,35.70000076293945,36.18000030517578,23.164846420288086,2376400,0.0,0.0
2007-10-05,36.400001525878906,36.84000015258789,36.22999954223633,36.560001373291016,23.408145904541016,2191800,0.0,0.0
2007-10-08,36.59000015258789,36.959999084472656,36.459999084472656,36.779998779296875,23.549013137817383,1533600,0.0,0.0
2007-10-09,36.709999084472656,36.83000183105469,36.33000183105469,36.72999954223633,23.516996383666992,3565500,0.0,0.0
2007-10-10,36.689998626708984,36.93000030517578,36.33000183105469,36.5,23.369739532470703,2885300,0.0,0.0
2007-10-11,36.58000183105469,37.209999084472656,35.599998474121094,35.86000061035156,22.959976196289062,3745500,0.0,0.0
2007-10-12,36.13999938964844,36.79999923706055,36.060001373291016,36.369998931884766,23.2865047454834,2137700,0.0,0.0
2007-10-15,36.25,36.630001068115234,36.029998779296875,36.09000015258789,23.107219696044922,1761200,0.0,0.0
2007-10-16,35.709999084472656,36.58000183105469,35.5,35.790000915527344,22.915149688720703,2765800,0.0,0.0
2007-10-17,36.099998474121094,36.400001525878906,35.380001068115234,35.59000015258789,22.787099838256836,2809900,0.0,0.0
2007-10-18,35.5,35.81999969482422,35.119998931884766,35.54999923706055,22.76148223876953,1701900,0.0,0.0
2007-10-19,35.38999938964844,35.4900016784668,34.52000045776367,34.630001068115234,22.172441482543945,3079900,0.0,0.0
2007-10-22,34.5,34.75,34.119998931884766,34.459999084472656,22.063594818115234,2575700,0.0,0.0
2007-10-23,34.40999984741211,34.619998931884766,33.43000030517578,34.04999923706055,21.801088333129883,4361300,0.0,0.0
2007-10-24,33.900001525878906,33.900001525878906,32.93000030517578,33.79999923706055,21.641016006469727,2975900,0.0,0.0
2007-10-25,33.72999954223633,34.08000183105469,32.880001068115234,33.060001373291016,21.16722297668457,3226700,0.0,0.0
2007-10-26,33.2599983215332,33.459999084472656,32.79999923706055,33.029998779296875,21.148006439208984,2058500,0.0,0.0
2007-10-29,33.20000076293945,33.630001068115234,33.08000183105469,33.16999816894531,21.237655639648438,1529700,0.0,0.0
2007-10-30,33.16999816894531,33.81999969482422,33.16999816894531,33.47999954223633,21.436134338378906,2490600,0.0,0.0
2007-10-31,33.529998779296875,33.75,32.93000030517578,33.459999084472656,21.423328399658203,3616500,0.0,0.0
2007-11-01,33.439998626708984,33.5,32.689998626708984,32.7400016784668,20.96233558654785,3089400,0.0,0.0
2007-11-02,32.790000915527344,32.959999084472656,32.22999954223633,32.900001525878906,21.064775466918945,3605700,0.0,0.0
2007-11-05,32.849998474121094,33.83000183105469,32.63999938964844,33.45000076293945,21.41691780090332,3299300,0.0,0.0
2007-11-06,33.380001068115234,33.79999923706055,33.29999923706055,33.70000076293945,21.576988220214844,2709000,0.0,0.0
2007-11-07,33.36000061035156,33.650001525878906,32.790000915527344,32.81999969482422,21.0135498046875,2697900,0.0,0.0
2007-11-08,33.0099983215332,33.040000915527344,31.93000030517578,32.709999084472656,20.943132400512695,4467600,0.0,0.0
2007-11-09,32.209999084472656,32.84000015258789,32.15999984741211,32.400001525878906,20.74464225769043,3987500,0.0,0.0
2007-11-12,32.279998779296875,32.59000015258789,31.979999542236328,32.08000183105469,20.539756774902344,4067200,0.0,0.0
2007-11-13,32.290000915527344,33.0,32.290000915527344,32.97999954223633,21.115999221801758,3085600,0.0,0.0
2007-11-14,33.11000061035156,33.41999816894531,32.70000076293945,32.849998474121094,21.032758712768555,2999700,0.0,0.0
2007-11-15,32.79999923706055,33.20000076293945,32.439998626708984,32.630001068115234,20.891904830932617,2474300,0.0,0.0
2007-11-16,32.79999923706055,32.9900016784668,32.209999084472656,32.61000061035156,20.879098892211914,3197300,0.0,0.0
2007-11-19,32.470001220703125,32.9900016784668,31.889999389648438,31.979999542236328,20.475738525390625,2980800,0.0,0.0
2007-11-20,31.969999313354492,32.560001373291016,31.149999618530273,31.479999542236328,20.155595779418945,6289700,0.0,0.0
2007-11-21,31.299999237060547,31.540000915527344,30.850000381469727,31.040000915527344,19.873882293701172,4979600,0.0,0.0
2007-11-23,31.1299991607666,31.389999389648438,30.93000030517578,31.15999984741211,19.950714111328125,1516000,0.0,0.0
2007-11-26,31.100000381469727,31.229999542236328,30.450000762939453,30.459999084472656,19.502527236938477,3312800,0.0,0.0
2007-11-27,30.950000762939453,31.260000228881836,30.190000534057617,31.219999313354492,19.989124298095703,4512700,0.0,0.0
2007-11-28,32.83000183105469,33.58000183105469,31.93000030517578,32.22999954223633,20.63579559326172,7327800,0.0,0.0
2007-11-29,32.060001373291016,32.09000015258789,31.170000076293945,31.389999389648438,20.097970962524414,4178900,0.0,0.0
2007-11-30,31.5,31.809999465942383,30.68000030517578,30.780000686645508,19.70741081237793,4081900,0.0,0.0
2007-12-03,31.040000915527344,31.190000534057617,30.65999984741211,30.690000534057617,19.64978790283203,3211600,0.0,0.0
2007-12-04,30.56999969482422,30.969999313354492,30.290000915527344,30.360000610351562,19.43850326538086,3612800,0.0,0.0
2007-12-05,30.649999618530273,31.459999084472656,30.469999313354492,31.309999465942383,20.16631317138672,3760600,0.18,0.0
2007-12-06,31.299999237060547,31.59000015258789,31.079999923706055,31.549999237060547,20.320898056030273,3532500,0.0,0.0
2007-12-07,31.6200008392334,31.649999618530273,31.239999771118164,31.309999465942383,20.16631317138672,3228900,0.0,0.0
2007-12-10,31.329999923706055,31.90999984741211,31.270000457763672,31.770000457763672,20.462602615356445,4821900,0.0,0.0
2007-12-11,32.09000015258789,32.54999923706055,31.6200008392334,31.690000534057617,20.411075592041016,6046000,0.0,0.0
2007-12-12,32.459999084472656,32.63999938964844,31.469999313354492,31.790000915527344,20.475481033325195,4040000,0.0,0.0
2007-12-13,31.739999771118164,32.119998931884766,31.479999542236328,32.02000045776367,20.623620986938477,2221300,0.0,0.0
2007-12-14,31.729999542236328,32.36000061035156,31.65999984741211,32.130001068115234,20.694467544555664,2901300,0.0,0.0
2007-12-17,31.93000030517578,32.04999923706055,31.31999969482422,31.399999618530273,20.224279403686523,2200400,0.0,0.0
2007-12-18,31.459999084472656,31.6200008392334,31.149999618530273,31.399999618530273,20.224279403686523,2010500,0.0,0.0
2007-12-19,31.34000015258789,31.530000686645508,31.030000686645508,31.3799991607666,20.211406707763672,1873100,0.0,0.0
2007-12-20,31.440000534057617,31.709999084472656,31.329999923706055,31.6299991607666,20.372425079345703,1814400,0.0,0.0
2007-12-21,32.0,32.22999954223633,31.719999313354492,31.860000610351562,20.520565032958984,2426400,0.0,0.0
2007-12-24,31.770000457763672,32.130001068115234,31.6200008392334,31.979999542236328,20.597864151000977,707900,0.0,0.0
2007-12-26,31.90999984741211,32.08000183105469,31.75,31.950000762939453,20.578529357910156,1084100,0.0,0.0
2007-12-27,31.799999237060547,32.0,31.219999313354492,31.290000915527344,20.15342903137207,1561100,0.0,0.0
2007-12-28,31.15999984741211,31.56999969482422,31.15999984741211,31.559999465942383,20.327341079711914,2054300,0.0,0.0
2007-12-31,31.399999618530273,31.90999984741211,31.309999465942383,31.700000762939453,20.417512893676758,2506600,0.0,0.0
2008-01-02,31.190000534057617,31.510000228881836,30.31999969482422,30.3700008392334,19.560874938964844,3838200,0.0,0.0
2008-01-03,30.3799991607666,30.469999313354492,29.860000610351562,29.90999984741211,19.26460075378418,3744800,0.0,0.0
2008-01-04,29.84000015258789,29.850000381469727,28.860000610351562,29.1299991607666,18.762210845947266,4037400,0.0,0.0
2008-01-07,29.040000915527344,29.219999313354492,28.440000534057617,28.760000228881836,18.52389907836914,3305000,0.0,0.0
2008-01-08,28.760000228881836,29.1299991607666,27.760000228881836,27.809999465942383,17.91201400756836,4130800,0.0,0.0
2008-01-09,27.969999313354492,27.979999542236328,26.899999618530273,27.420000076293945,17.660829544067383,6033200,0.0,0.0
2008-01-10,27.170000076293945,27.770000457763672,26.899999618530273,27.65999984741211,17.815399169921875,3643900,0.0,0.0
2008-01-11,27.479999542236328,27.479999542236328,26.420000076293945,26.520000457763672,17.08114242553711,3810300,0.0,0.0
2008-01-14,26.68000030517578,27.469999313354492,26.600000381469727,27.200000762939453,17.51913070678711,5746800,0.0,0.0
2008-01-15,26.989999771118164,27.479999542236328,26.360000610351562,26.459999084472656,17.04250144958496,5396300,0.0,0.0
2008-01-16,26.15999984741211,27.989999771118164,26.15999984741211,27.489999771118164,17.70591163635254,6775700,0.0,0.0
2008-01-17,27.520000457763672,27.969999313354492,26.899999618530273,26.969999313354492,17.37098503112793,4002300,0.0,0.0
2008-01-18,27.200000762939453,27.799999237060547,27.0,27.540000915527344,17.738117218017578,4839200,0.0,0.0
2008-01-22,26.989999771118164,27.540000915527344,26.600000381469727,27.18000030517578,17.506240844726562,4406000,0.0,0.0
2008-01-23,26.530000686645508,28.0,26.149999618530273,27.989999771118164,18.027956008911133,5398900,0.0,0.0
2008-01-24,28.0,29.059999465942383,27.90999984741211,28.920000076293945,18.626951217651367,5599800,0.0,0.0
2008-01-25,29.18000030517578,29.5,27.65999984741211,27.719999313354492,17.854047775268555,5718500,0.0,0.0
2008-01-28,27.940000534057617,28.100000381469727,27.280000686645508,28.059999465942383,18.073041915893555,3114200,0.0,0.0
2008-01-29,28.299999237060547,28.34000015258789,27.760000228881836,28.200000762939453,18.163211822509766,3027700,0.0,0.0
2008-01-30,28.0,28.450000762939453,27.6299991607666,28.0,18.034391403198242,4542000,0.0,0.0
2008-01-31,27.68000030517578,28.600000381469727,27.639999389648438,28.360000610351562,18.266258239746094,4778200,0.0,0.0
2008-02-01,27.899999618530273,29.209999084472656,27.899999618530273,29.100000381469727,18.742889404296875,4580500,0.0,0.0
2008-02-04,29.0,29.100000381469727,28.600000381469727,28.700000762939453,18.485258102416992,2636000,0.0,0.0
2008-02-05,28.239999771118164,28.3799991607666,27.579999923706055,27.649999618530273,17.8089656829834,3739200,0.0,0.0
2008-02-06,27.780000686645508,28.059999465942383,27.219999313354492,27.3700008392334,17.62862205505371,3172400,0.0,0.0
2008-02-07,27.260000228881836,27.969999313354492,26.940000534057617,27.729999542236328,17.860490798950195,3685100,0.0,0.0
2008-02-08,27.600000381469727,28.059999465942383,27.459999084472656,27.770000457763672,17.88625717163086,3494600,0.0,0.0
2008-02-11,27.65999984741211,28.559999465942383,27.65999984741211,28.25,18.195417404174805,2893200,0.0,0.0
2008-02-12,28.350000381469727,28.75,28.190000534057617,28.270000457763672,18.208295822143555,2971100,0.0,0.0
2008-02-13,28.530000686645508,28.829999923706055,28.31999969482422,28.549999237060547,18.388641357421875,3274600,0.0,0.0
2008-02-14,28.6200008392334,28.65999984741211,28.1200008392334,28.329999923706055,18.2469425201416,7023000,0.0,0.0
2008-02-15,28.299999237060547,28.309999465942383,27.760000228881836,27.93000030517578,17.989309310913086,4055100,0.0,0.0
2008-02-19,27.6200008392334,28.260000228881836,27.389999389648438,27.43000030517578,17.667253494262695,4237700,0.0,0.0
2008-02-20,27.90999984741211,27.90999984741211,27.18000030517578,27.719999313354492,17.854047775268555,7582900,0.0,0.0
2008-02-21,28.5,29.489999771118164,28.299999237060547,28.6299991607666,18.440166473388672,9493300,0.0,0.0
2008-02-22,28.700000762939453,28.790000915527344,27.780000686645508,28.190000534057617,18.156774520874023,5373500,0.0,0.0
2008-02-25,28.139999389648438,28.649999618530273,27.790000915527344,28.389999389648438,18.285585403442383,4819100,0.0,0.0
2008-02-26,28.290000915527344,28.639999389648438,28.1200008392334,28.479999542236328,18.34355926513672,5808000,0.0,0.0
2008-02-27,28.479999542236328,28.690000534057617,28.059999465942383,28.389999389648438,18.285585403442383,5025000,0.0,0.0
2008-02-28,28.25,28.389999389648438,27.850000381469727,27.950000762939453,18.00218963623047,3011800,0.0,0.0
2008-02-29,27.709999084472656,27.709999084472656,26.850000381469727,26.920000076293945,17.33877944946289,3466100,0.0,0.0
2008-03-03,26.84000015258789,27.139999389648438,26.579999923706055,26.90999984741211,17.332340240478516,4627400,0.0,0.0
2008-03-04,26.700000762939453,27.43000030517578,26.540000915527344,27.31999969482422,17.596416473388672,5008000,0.0,0.0
2008-03-05,27.309999465942383,27.899999618530273,27.229999542236328,27.56999969482422,17.87520408630371,4740800,0.18,0.0
2008-03-06,27.5,27.639999389648438,26.649999618530273,26.719999313354492,17.324106216430664,4046700,0.0,0.0
2008-03-07,26.549999237060547,27.770000457763672,26.549999237060547,27.3700008392334,17.74553871154785,5371800,0.0,0.0
2008-03-10,27.34000015258789,27.770000457763672,27.100000381469727,27.200000762939453,17.635316848754883,3589800,0.0,0.0
2008-03-11,27.760000228881836,27.899999618530273,27.200000762939453,27.799999237060547,18.024330139160156,4114200,0.0,0.0
2008-03-12,27.729999542236328,28.260000228881836,27.600000381469727,27.84000015258789,18.050264358520508,3269500,0.0,0.0
2008-03-13,27.760000228881836,28.510000228881836,27.399999618530273,28.280000686645508,18.33554458618164,4071900,0.0,0.0
2008-03-14,28.5,28.5,27.229999542236328,27.6299991607666,17.91411590576172,5104800,0.0,0.0
2008-03-17,27.030000686645508,28.15999984741211,27.030000686645508,27.93000030517578,18.108617782592773,4720200,0.0,0.0
2008-03-18,28.399999618530273,28.5,27.760000228881836,28.5,18.478191375732422,4446800,0.0,0.0
2008-03-19,28.81999969482422,28.81999969482422,27.40999984741211,27.40999984741211,17.771472930908203,5016200,0.0,0.0
2008-03-20,27.579999923706055,28.420000076293945,27.43000030517578,28.350000381469727,18.380935668945312,6390200,0.0,0.0
2008-03-24,29.739999771118164,30.200000762939453,29.06999969482422,29.469999313354492,19.10708999633789,6984300,0.0,0.0
2008-03-25,29.56999969482422,30.049999237060547,29.3700008392334,29.510000228881836,19.133026123046875,7171800,0.0,0.0
2008-03-26,29.40999984741211,29.450000762939453,28.950000762939453,29.209999084472656,18.93851089477539,2825200,0.0,0.0
2008-03-27,29.260000228881836,29.670000076293945,29.049999237060547,29.15999984741211,18.906091690063477,4262300,0.0,0.0
2008-03-28,29.459999084472656,29.979999542236328,28.959999084472656,28.959999084472656,18.776426315307617,5619100,0.0,0.0
2008-03-31,29.040000915527344,29.75,28.940000534057617,29.520000457763672,19.139503479003906,4900500,0.0,0.0
2008-04-01,29.610000610351562,30.809999465942383,29.610000610351562,30.6200008392334,19.852703094482422,6209600,0.0,0.0
2008-04-02,30.81999969482422,31.079999923706055,30.1299991607666,30.360000610351562,19.684125900268555,4081400,0.0,0.0
2008-04-03,30.1299991607666,30.90999984741211,29.969999313354492,30.709999084472656,19.911043167114258,3224100,0.0,0.0
2008-04-04,30.68000030517578,31.059999465942383,30.350000381469727,30.670000076293945,19.88511085510254,3665000,0.0,0.0
2008-04-07,30.75,30.93000030517578,30.299999237060547,30.6299991607666,19.85917854309082,4062700,0.0,0.0
2008-04-08,30.399999618530273,30.420000076293945,29.719999313354492,29.899999618530273,19.385879516601562,2999100,0.0,0.0
2008-04-09,29.969999313354492,30.1200008392334,29.260000228881836,30.020000457763672,19.463687896728516,3281000,0.0,0.0
2008-04-10,30.709999084472656,31.75,30.600000381469727,31.559999465942383,20.462156295776367,6179500,0.0,0.0
2008-04-11,31.1200008392334,31.299999237060547,30.270000457763672,30.34000015258789,19.67115592956543,3163600,0.0,0.0
2008-04-14,30.389999389648438,30.489999771118164,29.81999969482422,29.850000381469727,19.35346221923828,2210800,0.0,0.0
2008-04-15,29.760000228881836,30.31999969482422,29.5,30.219999313354492,19.593355178833008,3347100,0.0,0.0
2008-04-16,30.549999237060547,31.549999237060547,30.540000915527344,31.440000534057617,20.38435173034668,4672300,0.0,0.0
2008-04-17,31.479999542236328,31.520000457763672,30.799999237060547,31.1299991607666,20.183361053466797,3420800,0.0,0.0
2008-04-18,31.59000015258789,32.08000183105469,31.440000534057617,31.65999984741211,20.52698516845703,3257200,0.0,0.0
2008-04-21,31.799999237060547,32.72999954223633,31.420000076293945,32.630001068115234,21.155902862548828,5122500,0.0,0.0
2008-04-22,32.38999938964844,32.400001525878906,31.06999969482422,31.34000015258789,20.31951904296875,4344000,0.0,0.0
2008-04-23,31.399999618530273,32.779998779296875,31.399999618530273,32.11000061035156,20.818754196166992,4260800,0.0,0.0
2008-04-24,32.0099983215332,32.65999984741211,31.530000686645508,32.36000061035156,20.9808406829834,3440600,0.0,0.0
2008-04-25,32.36000061035156,32.5,31.639999389648438,32.20000076293945,20.877111434936523,3160300,0.0,0.0
2008-04-28,32.349998474121094,32.43000030517578,31.940000534057617,32.279998779296875,20.928970336914062,3113300,0.0,0.0
2008-04-29,32.54999923706055,32.7599983215332,32.290000915527344,32.43000030517578,21.02622413635254,3472000,0.0,0.0
2008-04-30,32.5,32.779998779296875,31.969999313354492,32.209999084472656,20.883590698242188,4677400,0.0,0.0
2008-05-01,32.25,33.91999816894531,32.22999954223633,33.599998474121094,21.784801483154297,5805200,0.0,0.0
2008-05-02,33.79999923706055,33.93000030517578,32.720001220703125,33.31999969482422,21.603271484375,5178800,0.0,0.0
2008-05-05,33.27000045776367,33.970001220703125,33.130001068115234,33.63999938964844,21.810733795166016,5640100,0.0,0.0
2008-05-06,33.79999923706055,34.439998626708984,33.400001525878906,34.29999923706055,22.238664627075195,4888200,0.0,0.0
2008-05-07,34.29999923706055,34.630001068115234,33.959999084472656,34.11000061035156,22.115468978881836,4991800,0.0,0.0
2008-05-08,34.11000061035156,34.189998626708984,33.459999084472656,33.72999954223633,21.869091033935547,4115600,0.0,0.0
2008-05-09,33.209999084472656,34.33000183105469,33.209999084472656,34.13999938964844,22.134916305541992,3608900,0.0,0.0
2008-05-12,34.20000076293945,34.310001373291016,33.849998474121094,34.20000076293945,22.173810958862305,3646100,0.0,0.0
2008-05-13,34.470001220703125,34.599998474121094,34.2400016784668,34.459999084472656,22.342390060424805,3443500,0.0,0.0
2008-05-14,34.529998779296875,35.41999816894531,34.459999084472656,34.650001525878906,22.465572357177734,3598200,0.0,0.0
2008-05-15,34.72999954223633,35.47999954223633,34.5,35.400001525878906,22.951841354370117,4130900,0.0,0.0
2008-05-16,35.38999938964844,35.5,34.709999084472656,35.459999084472656,22.990741729736328,4279400,0.0,0.0
2008-05-19,35.65999984741211,36.349998474121094,35.47999954223633,35.70000076293945,23.146343231201172,4961300,0.0,0.0
2008-05-20,35.459999084472656,35.52000045776367,34.279998779296875,34.75,22.530410766601562,6376600,0.0,0.0
2008-05-21,32.75,33.75,32.459999084472656,33.349998474121094,21.622711181640625,11840800,0.0,0.0
2008-05-22,33.29999923706055,34.27000045776367,33.279998779296875,33.810001373291016,21.920969009399414,5757700,0.0,0.0
2008-05-23,33.779998779296875,33.880001068115234,33.130001068115234,33.810001373291016,21.920969009399414,3669800,0.0,0.0
2008-05-27,33.79999923706055,34.810001373291016,33.79999923706055,34.599998474121094,22.433170318603516,4649000,0.0,0.0
2008-05-28,34.630001068115234,34.810001373291016,34.09000015258789,34.31999969482422,22.380992889404297,3450400,0.2,0.0
2008-05-29,34.119998931884766,34.72999954223633,34.029998779296875,34.40999984741211,22.439685821533203,4343800,0.0,0.0
2008-05-30,34.40999984741211,35.400001525878906,34.40999984741211,35.11000061035156,22.89617156982422,4810200,0.0,0.0
2008-06-02,35.029998779296875,35.31999969482422,34.369998931884766,34.869998931884766,22.739656448364258,4467800,0.0,0.0
2008-06-03,35.119998931884766,35.540000915527344,34.65999984741211,35.189998626708984,22.948339462280273,6694100,0.0,0.0
2008-06-04,35.150001525878906,36.16999816894531,35.099998474121094,35.869998931884766,23.39178466796875,6032500,0.0,0.0
2008-06-05,36.0099983215332,36.279998779296875,35.59000015258789,36.029998779296875,23.496129989624023,4799900,0.0,0.0
2008-06-06,36.08000183105469,36.08000183105469,34.79999923706055,34.79999923706055,22.694019317626953,5389800,0.0,0.0
2008-06-09,34.880001068115234,35.06999969482422,34.04999923706055,34.65999984741211,22.60271453857422,5401400,0.0,0.0
2008-06-10,34.2599983215332,34.34000015258789,33.529998779296875,33.959999084472656,22.146228790283203,5749000,0.0,0.0
2008-06-11,33.93000030517578,33.93000030517578,32.84000015258789,32.84000015258789,21.415849685668945,6234700,0.0,0.0
2008-06-12,32.95000076293945,33.470001220703125,32.7400016784668,33.06999969482422,21.565834045410156,5208400,0.0,0.0
2008-06-13,33.119998931884766,33.95000076293945,33.119998931884766,33.93000030517578,22.126657485961914,4166300,0.0,0.0
2008-06-16,33.79999923706055,34.5,33.79999923706055,34.25,22.335344314575195,4689500,0.0,0.0
2008-06-17,34.31999969482422,34.59000015258789,33.75,33.75,22.009281158447266,4707000,0.0,0.0
2008-06-18,33.34000015258789,33.709999084472656,32.619998931884766,32.790000915527344,21.383243560791016,4603100,0.0,0.0
2008-06-19,32.689998626708984,34.060001373291016,32.689998626708984,33.779998779296875,22.028839111328125,5222900,0.0,0.0
2008-06-20,33.459999084472656,33.75,32.91999816894531,33.25,21.68321990966797,4902700,0.0,0.0
2008-06-23,33.349998474121094,33.84000015258789,32.790000915527344,32.83000183105469,21.409318923950195,2740000,0.0,0.0
2008-06-24,32.70000076293945,33.650001525878906,32.65999984741211,33.099998474121094,21.58538818359375,3429300,0.0,0.0
2008-06-25,33.16999816894531,34.40999984741211,33.13999938964844,33.43000030517578,21.800600051879883,4185100,0.0,0.0
2008-06-26,33.0,33.09000015258789,31.889999389648438,32.0,20.868061065673828,5926200,0.0,0.0
2008-06-27,32.08000183105469,32.16999816894531,31.350000381469727,31.700000762939453,20.67241668701172,3941800,0.0,0.0
2008-06-30,31.709999084472656,32.400001525878906,31.610000610351562,31.770000457763672,20.718069076538086,4834000,0.0,0.0
2008-07-01,31.489999771118164,31.770000457763672,31.020000457763672,31.719999313354492,20.685457229614258,4536600,0.0,0.0
2008-07-02,31.799999237060547,33.099998474121094,30.989999771118164,31.239999771118164,20.372440338134766,4958000,0.0,0.0
2008-07-03,31.450000762939453,31.489999771118164,30.420000076293945,30.709999084472656,20.02680778503418,3002300,0.0,0.0
2008-07-07,31.0,32.060001373291016,30.610000610351562,30.920000076293945,20.163761138916016,7097100,0.0,0.0
2008-07-08,30.979999542236328,31.200000762939453,30.260000228881836,31.059999465942383,20.255056381225586,7270600,0.0,0.0
2008-07-09,30.65999984741211,30.8700008392334,29.739999771118164,29.739999771118164,19.394254684448242,6617300,0.0,0.0
2008-07-10,29.799999237060547,30.299999237060547,29.350000381469727,30.100000381469727,19.629013061523438,5995500,0.0,0.0
2008-07-11,29.700000762939453,30.739999771118164,29.469999313354492,30.34000015258789,19.785524368286133,5742600,0.0,0.0
2008-07-14,30.709999084472656,30.770000457763672,29.649999618530273,30.0,19.56380271911621,4506300,0.0,0.0
2008-07-15,29.8700008392334,30.84000015258789,29.549999237060547,30.31999969482422,19.772483825683594,6427400,0.0,0.0
2008-07-16,30.469999313354492,31.700000762939453,30.110000610351562,31.450000762939453,20.509382247924805,5592300,0.0,0.0
2008-07-17,31.559999465942383,32.099998474121094,31.06999969482422,31.829999923706055,20.75719451904297,3922300,0.0,0.0
2008-07-18,31.829999923706055,31.829999923706055,30.920000076293945,31.649999618530273,20.63981056213379,3310800,0.0,0.0
2008-07-21,31.81999969482422,32.060001373291016,30.899999618530273,31.260000228881836,20.38548469543457,3237200,0.0,0.0
2008-07-22,30.440000534057617,30.68000030517578,29.850000381469727,30.229999542236328,19.71379280090332,5957400,0.0,0.0
2008-07-23,30.219999313354492,31.229999542236328,30.0,30.889999389648438,20.144193649291992,4462100,0.0,0.0
2008-07-24,30.709999084472656,30.75,29.90999984741211,29.989999771118164,19.557279586791992,3215700,0.0,0.0
2008-07-25,30.100000381469727,30.200000762939453,29.540000915527344,30.110000610351562,19.635543823242188,4163500,0.0,0.0
2008-07-28,29.959999084472656,30.190000534057617,29.3799991607666,29.459999084472656,19.211654663085938,3565700,0.0,0.0
2008-07-29,29.5,30.3700008392334,29.450000762939453,29.959999084472656,19.537717819213867,3280900,0.0,0.0
2008-07-30,30.110000610351562,30.799999237060547,30.030000686645508,30.670000076293945,20.000722885131836,3838000,0.0,0.0
2008-07-31,30.309999465942383,31.149999618530273,30.309999465942383,30.510000228881836,19.89638900756836,4134300,0.0,0.0
2008-08-01,30.549999237060547,30.75,29.790000915527344,30.200000762939453,19.694238662719727,2814500,0.0,0.0
2008-08-04,30.25,30.510000228881836,30.059999465942383,30.149999618530273,19.661623001098633,2326800,0.0,0.0
2008-08-05,30.450000762939453,31.149999618530273,30.270000457763672,31.100000381469727,20.281143188476562,3465800,0.0,0.0
2008-08-06,31.049999237060547,31.639999389648438,30.610000610351562,31.489999771118164,20.535470962524414,2930400,0.0,0.0
2008-08-07,31.389999389648438,32.09000015258789,31.059999465942383,31.510000228881836,20.548513412475586,3813000,0.0,0.0
2008-08-08,31.489999771118164,32.34000015258789,31.25,32.2599983215332,21.037609100341797,3432400,0.0,0.0
2008-08-11,32.060001373291016,33.27000045776367,32.060001373291016,32.70000076293945,21.32454490661621,3230100,0.0,0.0
2008-08-12,32.45000076293945,32.709999084472656,32.16999816894531,32.38999938964844,21.122377395629883,3117700,0.0,0.0
2008-08-13,32.5,32.79999923706055,32.189998626708984,32.40999984741211,21.13542938232422,2705800,0.0,0.0
2008-08-14,32.13999938964844,33.029998779296875,32.09000015258789,32.86000061035156,21.428892135620117,2947700,0.0,0.0
2008-08-15,33.529998779296875,33.529998779296875,32.45000076293945,32.56999969482422,21.23977279663086,2966600,0.0,0.0
2008-08-18,32.59000015258789,32.779998779296875,31.81999969482422,32.18000030517578,20.985443115234375,2681200,0.0,0.0
2008-08-19,32.060001373291016,32.56999969482422,31.770000457763672,32.13999938964844,20.95935821533203,5789200,0.0,0.0
2008-08-20,31.139999389648438,31.399999618530273,29.030000686645508,29.290000915527344,19.10079574584961,11062800,0.0,0.0
2008-08-21,29.139999389648438,29.270000457763672,28.549999237060547,28.700000762939453,18.71603775024414,6948600,0.0,0.0
2008-08-22,28.969999313354492,29.1299991607666,28.649999618530273,28.84000015258789,18.80733871459961,5552000,0.0,0.0
2008-08-25,28.790000915527344,28.889999389648438,28.34000015258789,28.360000610351562,18.494319915771484,4161100,0.0,0.0
2008-08-26,28.399999618530273,28.469999313354492,27.969999313354492,28.1299991607666,18.344324111938477,4714000,0.0,0.0
2008-08-27,27.950000762939453,28.280000686645508,27.709999084472656,28.190000534057617,18.515094757080078,3863200,0.2,0.0
2008-08-28,28.270000457763672,28.450000762939453,28.06999969482422,28.18000030517578,18.508520126342773,3913000,0.0,0.0
2008-08-29,28.010000228881836,28.149999618530273,27.75,27.959999084472656,18.364030838012695,3141000,0.0,0.0
2008-09-02,28.360000610351562,28.610000610351562,27.350000381469727,27.59000015258789,18.121017456054688,4761100,0.0,0.0
2008-09-03,27.43000030517578,27.700000762939453,26.100000381469727,26.239999771118164,17.23434066772461,12779300,0.0,0.0
2008-09-04,26.110000610351562,26.59000015258789,26.0,26.190000534057617,17.20150375366211,7300300,0.0,0.0
2008-09-05,25.989999771118164,27.670000076293945,25.989999771118164,27.5,18.06190299987793,8013500,0.0,0.0
2008-09-08,28.010000228881836,28.149999618530273,27.030000686645508,27.399999618530273,17.996231079101562,8123100,0.0,0.0
2008-09-09,27.18000030517578,27.260000228881836,26.219999313354492,26.229999542236328,17.227773666381836,5959200,0.0,0.0
2008-09-10,26.579999923706055,26.829999923706055,26.260000228881836,26.399999618530273,17.339433670043945,4267700,0.0,0.0
2008-09-11,26.100000381469727,26.920000076293945,25.979999542236328,26.709999084472656,17.543031692504883,4968300,0.0,0.0
2008-09-12,26.299999237060547,26.829999923706055,25.829999923706055,26.75,17.56930160522461,5839800,0.0,0.0
2008-09-15,26.149999618530273,26.93000030517578,25.959999084472656,26.229999542236328,17.227773666381836,7361700,0.0,0.0
2008-09-16,25.940000534057617,26.68000030517578,25.6299991607666,26.3799991607666,17.326292037963867,7162500,0.0,0.0
2008-09-17,26.100000381469727,26.100000381469727,25.1200008392334,25.3700008392334,16.662925720214844,9216500,0.0,0.0
2008-09-18,25.850000381469727,30.68000030517578,25.049999237060547,27.8799991607666,18.311487197875977,9333600,0.0,0.0
2008-09-19,29.309999465942383,29.540000915527344,27.170000076293945,27.670000076293945,18.173555374145508,8962400,0.0,0.0
2008-09-22,27.670000076293945,27.8700008392334,26.829999923706055,26.969999313354492,17.71379852294922,4775900,0.0,0.0
2008-09-23,26.979999542236328,27.549999237060547,26.170000076293945,26.600000381469727,17.470781326293945,4312100,0.0,0.0
2008-09-24,26.420000076293945,27.030000686645508,26.18000030517578,26.610000610351562,17.477354049682617,3635000,0.0,0.0
2008-09-25,26.780000686645508,27.18000030517578,26.34000015258789,26.559999465942383,17.44451141357422,4522800,0.0,0.0
2008-09-26,26.559999465942383,26.93000030517578,26.0,26.8700008392334,17.648113250732422,4222600,0.0,0.0
2008-09-29,26.540000915527344,26.649999618530273,24.950000762939453,25.260000228881836,16.59068489074707,5998000,0.0,0.0
2008-09-30,25.65999984741211,26.450000762939453,25.389999389648438,26.350000381469727,17.306594848632812,4586100,0.0,0.0
2008-10-01,26.079999923706055,26.299999237060547,25.65999984741211,26.170000076293945,17.18836784362793,3845600,0.0,0.0
2008-10-02,25.81999969482422,25.829999923706055,24.850000381469727,25.0,16.419904708862305,4354300,0.0,0.0
2008-10-03,25.100000381469727,25.690000534057617,24.520000457763672,24.639999389648438,16.183462142944336,5423300,0.0,0.0
2008-10-06,24.270000457763672,24.270000457763672,22.559999465942383,23.68000030517578,15.552946090698242,9524500,0.0,0.0
2008-10-07,23.530000686645508,24.09000015258789,22.34000015258789,22.40999984741211,14.718806266784668,6008900,0.0,0.0
2008-10-08,21.90999984741211,23.8799991607666,21.90999984741211,22.709999084472656,14.915851593017578,8642400,0.0,0.0
2008-10-09,22.670000076293945,23.440000534057617,22.059999465942383,22.1200008392334,14.528336524963379,6813200,0.0,0.0
2008-10-10,21.34000015258789,22.8700008392334,20.3700008392334,21.399999618530273,14.05544662475586,10232200,0.0,0.0
2008-10-13,21.959999084472656,24.040000915527344,21.600000381469727,24.020000457763672,15.776251792907715,6865700,0.0,0.0
2008-10-14,24.43000030517578,24.799999237060547,22.25,22.770000457763672,14.955257415771484,5473900,0.0,0.0
2008-10-15,21.5,22.770000457763672,19.65999984741211,19.75,12.97172737121582,8983900,0.0,0.0
2008-10-16,20.020000457763672,20.239999771118164,18.59000015258789,20.229999542236328,13.286996841430664,11215100,0.0,0.0
2008-10-17,19.979999542236328,20.920000076293945,19.149999618530273,20.100000381469727,13.20160961151123,6586300,0.0,0.0
2008-10-20,20.40999984741211,20.760000228881836,19.84000015258789,20.329999923706055,13.352669715881348,7120200,0.0,0.0
2008-10-21,19.75,20.469999313354492,19.649999618530273,19.940000534057617,13.096518516540527,5031500,0.0,0.0
2008-10-22,19.84000015258789,20.34000015258789,19.100000381469727,19.530000686645508,12.827238082885742,5444900,0.0,0.0
2008-10-23,19.610000610351562,19.770000457763672,18.770000457763672,19.559999465942383,12.846942901611328,7190500,0.0,0.0
2008-10-24,18.459999084472656,19.93000030517578,18.020000457763672,19.270000457763672,12.65647029876709,6166100,0.0,0.0
2008-10-27,18.920000076293945,20.219999313354492,18.8799991607666,19.34000015258789,12.702448844909668,5914900,0.0,0.0
2008-10-28,19.860000610351562,21.399999618530273,19.510000228881836,21.3700008392334,14.035746574401855,6288200,0.0,0.0
2008-10-29,21.25,21.649999618530273,20.6200008392334,20.950000762939453,13.759891510009766,6275500,0.0,0.0
2008-10-30,21.5,21.979999542236328,20.760000228881836,21.450000762939453,14.088284492492676,7926400,0.0,0.0
2008-10-31,21.200000762939453,21.860000610351562,21.010000228881836,21.360000610351562,14.029167175292969,5740600,0.0,0.0
2008-11-03,21.43000030517578,21.610000610351562,21.06999969482422,21.139999389648438,13.884679794311523,3123500,0.0,0.0
2008-11-04,21.719999313354492,22.399999618530273,21.389999389648438,22.200000762939453,14.580880165100098,6337000,0.0,0.0
2008-11-05,21.950000762939453,22.09000015258789,20.889999389648438,20.920000076293945,13.740180015563965,5245300,0.0,0.0
2008-11-06,20.540000915527344,21.079999923706055,19.729999542236328,19.860000610351562,13.043973922729492,4843100,0.0,0.0
2008-11-07,19.84000015258789,20.520000457763672,19.520000457763672,20.5,13.464327812194824,3783600,0.0,0.0
2008-11-10,20.81999969482422,20.959999084472656,19.540000915527344,19.790000915527344,12.998002052307129,3847000,0.0,0.0
2008-11-11,19.5,20.06999969482422,19.450000762939453,19.639999389648438,12.89948558807373,5113300,0.0,0.0
2008-11-12,19.31999969482422,20.079999923706055,19.200000762939453,19.229999542236328,12.63020133972168,6218900,0.0,0.0
2008-11-13,19.360000610351562,20.290000915527344,18.459999084472656,20.229999542236328,13.286996841430664,9382600,0.0,0.0
2008-11-14,19.90999984741211,20.31999969482422,19.170000076293945,19.290000915527344,12.669608116149902,5988500,0.0,0.0
2008-11-17,18.649999618530273,19.510000228881836,18.649999618530273,18.799999237060547,12.347776412963867,4378400,0.0,0.0
2008-11-18,18.90999984741211,19.309999465942383,18.170000076293945,18.75,12.314931869506836,5862000,0.0,0.0
2008-11-19,18.549999237060547,18.8700008392334,17.530000686645508,17.530000686645508,11.513642311096191,4490400,0.0,0.0
2008-11-20,17.469999313354492,18.399999618530273,16.6200008392334,16.940000534057617,11.12613296508789,6036200,0.0,0.0
2008-11-21,17.239999771118164,17.3700008392334,16.229999542236328,16.920000076293945,11.112996101379395,9731600,0.0,0.0
2008-11-24,17.100000381469727,18.549999237060547,16.950000762939453,18.170000076293945,11.933988571166992,6792400,0.0,0.0
2008-11-25,18.350000381469727,19.799999237060547,16.309999465942383,16.950000762939453,11.132698059082031,12015200,0.0,0.0
2008-11-26,16.950000762939453,17.93000030517578,16.670000076293945,17.75,11.658133506774902,5794100,0.0,0.0
2008-11-28,17.6299991607666,17.719999313354492,16.950000762939453,17.100000381469727,11.231216430664062,2172600,0.0,0.0
2008-12-01,16.719999313354492,16.729999542236328,16.09000015258789,16.100000381469727,10.574424743652344,7295100,0.0,0.0
2008-12-02,16.15999984741211,16.5,15.6899995803833,16.350000381469727,10.738621711730957,6109900,0.0,0.0
2008-12-03,16.0,17.350000381469727,15.869999885559082,17.299999237060547,11.503292083740234,8417900,0.2,0.0
2008-12-04,17.0,17.100000381469727,15.930000305175781,16.190000534057617,10.765222549438477,6056000,0.0,0.0
2008-12-05,15.579999923706055,16.68000030517578,15.289999961853027,16.65999984741211,11.077738761901855,8356400,0.0,0.0
2008-12-08,17.06999969482422,17.270000457763672,16.459999084472656,16.709999084472656,11.110982894897461,7111700,0.0,0.0
2008-12-09,16.5,18.610000610351562,16.389999389648438,18.059999465942383,12.008635520935059,11045400,0.0,0.0
2008-12-10,18.420000076293945,18.510000228881836,17.799999237060547,18.18000030517578,12.088430404663086,5364900,0.0,0.0
2008-12-11,18.149999618530273,18.969999313354492,17.899999618530273,18.459999084472656,12.274608612060547,8383800,0.0,0.0
2008-12-12,18.030000686645508,19.600000381469727,17.829999923706055,19.3799991607666,12.886344909667969,6481200,0.0,0.0
2008-12-15,19.3799991607666,19.399999618530273,18.399999618530273,18.8700008392334,12.547233581542969,4629600,0.0,0.0
2008-12-16,18.760000228881836,20.139999389648438,18.6200008392334,19.979999542236328,13.285305976867676,6552300,0.0,0.0
2008-12-17,19.84000015258789,20.010000228881836,19.170000076293945,19.68000030517578,13.085824966430664,4899000,0.0,0.0
2008-12-18,19.40999984741211,19.68000030517578,17.959999084472656,18.239999771118164,12.128323554992676,5280600,0.0,0.0
2008-12-19,18.459999084472656,19.139999389648438,18.43000030517578,18.969999313354492,12.613722801208496,6016200,0.0,0.0
2008-12-22,18.989999771118164,19.0,17.989999771118164,18.350000381469727,12.201467514038086,4945200,0.0,0.0
2008-12-23,18.479999542236328,18.799999237060547,17.920000076293945,18.030000686645508,11.988692283630371,2453400,0.0,0.0
2008-12-24,18.200000762939453,18.34000015258789,18.0,18.190000534057617,12.095080375671387,607000,0.0,0.0
2008-12-26,18.270000457763672,18.34000015258789,18.09000015258789,18.139999389648438,12.061833381652832,872200,0.0,0.0
2008-12-29,18.25,18.260000228881836,17.920000076293945,18.110000610351562,12.041887283325195,3589100,0.0,0.0
2008-12-30,18.15999984741211,18.940000534057617,18.15999984741211,18.84000015258789,12.527291297912598,2498200,0.0,0.0
2008-12-31,18.81999969482422,19.34000015258789,18.739999771118164,19.020000457763672,12.64696979522705,2585200,0.0,0.0
2009-01-02,19.0,19.780000686645508,18.760000228881836,19.670000076293945,13.079179763793945,3264900,0.0,0.0
2009-01-05,19.520000457763672,19.969999313354492,19.40999984741211,19.56999969482422,13.01268482208252,4380100,0.0,0.0
2009-01-06,19.56999969482422,20.600000381469727,19.559999465942383,20.520000457763672,13.644365310668945,5710900,0.0,0.0
2009-01-07,19.799999237060547,20.020000457763672,19.420000076293945,19.75,13.132369041442871,4462900,0.0,0.0
2009-01-08,19.700000762939453,19.829999923706055,19.170000076293945,19.770000457763672,13.145674705505371,3763200,0.0,0.0
2009-01-09,19.739999771118164,19.84000015258789,19.170000076293945,19.3700008392334,12.8796968460083,3264700,0.0,0.0
2009-01-12,19.31999969482422,19.329999923706055,18.81999969482422,19.049999237060547,12.66691780090332,3393500,0.0,0.0
2009-01-13,19.079999923706055,19.850000381469727,18.920000076293945,19.350000381469727,12.8663969039917,4729000,0.0,0.0
2009-01-14,19.0,19.15999984741211,18.440000534057617,18.600000381469727,12.367704391479492,5254700,0.0,0.0
2009-01-15,18.59000015258789,19.290000915527344,18.3700008392334,19.100000381469727,12.70016860961914,6168900,0.0,0.0
2009-01-16,19.440000534057617,20.020000457763672,19.010000228881836,19.829999923706055,13.185569763183594,6052900,0.0,0.0
2009-01-20,19.639999389648438,19.770000457763672,18.760000228881836,18.770000457763672,12.480742454528809,5205000,0.0,0.0
2009-01-21,18.059999465942383,19.06999969482422,18.059999465942383,18.899999618530273,12.567178726196289,6770100,0.0,0.0
2009-01-22,18.649999618530273,19.149999618530273,18.389999389648438,18.93000030517578,12.587128639221191,6430400,0.0,0.0
2009-01-23,18.420000076293945,20.030000686645508,18.420000076293945,19.65999984741211,13.072529792785645,6308800,0.0,0.0
2009-01-26,19.709999084472656,20.3700008392334,19.389999389648438,19.690000534057617,13.092476844787598,5753700,0.0,0.0
2009-01-27,19.829999923706055,20.670000076293945,19.559999465942383,20.540000915527344,13.657670021057129,5448100,0.0,0.0
2009-01-28,20.93000030517578,21.700000762939453,20.790000915527344,21.290000915527344,14.156370162963867,8227500,0.0,0.0
2009-01-29,21.010000228881836,21.440000534057617,20.239999771118164,20.440000534057617,13.59117603302002,5654300,0.0,0.0
2009-01-30,20.760000228881836,20.809999465942383,19.84000015258789,19.979999542236328,13.285305976867676,6515400,0.0,0.0
2009-02-02,19.979999542236328,20.520000457763672,19.40999984741211,20.31999969482422,13.511382102966309,5056600,0.0,0.0
2009-02-03,20.31999969482422,20.959999084472656,19.850000381469727,20.81999969482422,13.843846321105957,6039800,0.0,0.0
2009-02-04,20.81999969482422,21.860000610351562,20.59000015258789,21.040000915527344,13.990134239196777,5860000,0.0,0.0
2009-02-05,20.809999465942383,22.389999389648438,20.709999084472656,21.979999542236328,14.61515998840332,9566400,0.0,0.0
2009-02-06,21.850000381469727,22.530000686645508,21.780000686645508,22.3799991607666,14.881135940551758,5539600,0.0,0.0
2009-02-09,22.34000015258789,22.479999542236328,22.0,22.309999465942383,14.834586143493652,3796000,0.0,0.0
2009-02-10,22.139999389648438,22.479999542236328,20.860000610351562,21.020000457763672,13.976832389831543,7781500,0.0,0.0
2009-02-11,21.06999969482422,21.260000228881836,20.440000534057617,20.899999618530273,13.897043228149414,6279800,0.0,0.0
2009-02-12,20.56999969482422,21.350000381469727,20.469999313354492,21.1299991607666,14.049973487854004,7062800,0.0,0.0
2009-02-13,21.030000686645508,21.8700008392334,21.010000228881836,21.3799991607666,14.216209411621094,6320200,0.0,0.0
2009-02-17,20.969999313354492,21.0,19.8700008392334,20.0,13.298606872558594,7753900,0.0,0.0
2009-02-18,20.399999618530273,20.5,19.790000915527344,20.020000457763672,13.311903953552246,9218300,0.0,0.0
2009-02-19,20.149999618530273,20.739999771118164,19.360000610351562,19.399999618530273,12.899643898010254,7847000,0.0,0.0
2009-02-20,19.079999923706055,19.799999237060547,19.059999465942383,19.299999237060547,12.833151817321777,9542600,0.0,0.0
2009-02-23,19.450000762939453,19.610000610351562,18.209999084472656,18.34000015258789,12.194819450378418,8867900,0.0,0.0
2009-02-24,18.450000762939453,18.84000015258789,18.270000457763672,18.780000686645508,12.487387657165527,6642300,0.0,0.0
2009-02-25,18.65999984741211,19.709999084472656,18.559999465942383,19.260000228881836,12.806550979614258,8259900,0.0,0.0
2009-02-26,19.5,19.959999084472656,18.760000228881836,18.770000457763672,12.480742454528809,7597500,0.0,0.0
2009-02-27,18.489999771118164,19.049999237060547,18.43000030517578,18.639999389648438,12.394295692443848,7272600,0.0,0.0
2009-03-02,18.290000915527344,18.6299991607666,17.81999969482422,17.93000030517578,11.922200202941895,6576000,0.0,0.0
2009-03-03,18.190000534057617,18.59000015258789,17.90999984741211,18.239999771118164,12.128323554992676,8783100,0.0,0.0
2009-03-04,18.280000686645508,19.219999313354492,18.270000457763672,18.920000076293945,12.719949722290039,9190500,0.2,0.0
2009-03-05,18.559999465942383,19.18000030517578,18.549999237060547,18.780000686645508,12.62583065032959,7292400,0.0,0.0
2009-03-06,18.93000030517578,19.3799991607666,18.110000610351562,18.479999542236328,12.424140930175781,8557800,0.0,0.0
2009-03-09,18.549999237060547,18.899999618530273,18.010000228881836,18.049999237060547,12.135050773620605,7075500,0.0,0.0
2009-03-10,18.399999618530273,19.209999084472656,18.200000762939453,19.170000076293945,12.888030052185059,6567400,0.0,0.0
2009-03-11,19.329999923706055,19.739999771118164,19.06999969482422,19.43000030517578,13.062829971313477,6022900,0.0,0.0
2009-03-12,19.43000030517578,20.030000686645508,19.299999237060547,19.950000762939453,13.412429809570312,7107600,0.0,0.0
2009-03-13,19.969999313354492,20.219999313354492,19.6200008392334,20.15999984741211,13.553606033325195,7264400,0.0,0.0
2009-03-16,20.270000457763672,20.350000381469727,19.559999465942383,19.59000015258789,13.170390129089355,7824900,0.0,0.0
2009-03-17,19.709999084472656,20.239999771118164,19.520000457763672,20.239999771118164,13.607392311096191,5394800,0.0,0.0
2009-03-18,20.15999984741211,20.75,19.969999313354492,20.610000610351562,13.856145858764648,6603900,0.0,0.0
2009-03-19,20.8799991607666,20.90999984741211,20.059999465942383,20.280000686645508,13.634284973144531,5734500,0.0,0.0
2009-03-20,20.290000915527344,20.469999313354492,19.479999542236328,19.59000015258789,13.170390129089355,6233500,0.0,0.0
2009-03-23,20.0,20.709999084472656,19.739999771118164,20.31999969482422,13.661173820495605,7027400,0.0,0.0
2009-03-24,20.06999969482422,20.299999237060547,19.829999923706055,20.040000915527344,13.472935676574707,4579200,0.0,0.0
2009-03-25,20.350000381469727,20.6299991607666,19.420000076293945,19.829999923706055,13.331751823425293,7193100,0.0,0.0
2009-03-26,20.100000381469727,20.40999984741211,19.8700008392334,20.200000762939453,13.580497741699219,6851200,0.0,0.0
2009-03-27,19.90999984741211,20.139999389648438,19.799999237060547,19.979999542236328,13.432589530944824,4045100,0.0,0.0
2009-03-30,19.84000015258789,19.940000534057617,19.18000030517578,19.31999969482422,12.988875389099121,3602000,0.0,0.0
2009-03-31,19.68000030517578,19.68000030517578,19.18000030517578,19.270000457763672,12.955260276794434,4449100,0.0,0.0
2009-04-01,18.899999618530273,19.190000534057617,18.59000015258789,19.0,12.773733139038086,9714700,0.0,0.0
2009-04-02,19.440000534057617,20.040000915527344,19.260000228881836,19.59000015258789,13.170390129089355,4629700,0.0,0.0
2009-04-03,19.40999984741211,20.700000762939453,19.360000610351562,20.6299991607666,13.869585990905762,8555100,0.0,0.0
2009-04-06,20.489999771118164,20.489999771118164,19.780000686645508,20.34000015258789,13.674617767333984,5794700,0.0,0.0
2009-04-07,20.010000228881836,20.43000030517578,19.770000457763672,19.8700008392334,13.35864543914795,3924400,0.0,0.0
2009-04-08,20.149999618530273,20.260000228881836,19.739999771118164,20.1299991607666,13.53343677520752,4006800,0.0,0.0
2009-04-09,20.479999542236328,20.950000762939453,20.280000686645508,20.760000228881836,13.956986427307129,4836200,0.0,0.0
2009-04-13,20.5,20.670000076293945,20.200000762939453,20.549999237060547,13.815800666809082,7503700,0.0,0.0
2009-04-14,20.309999465942383,20.940000534057617,20.229999542236328,20.850000381469727,14.017498016357422,4723100,0.0,0.0
2009-04-15,20.479999542236328,20.479999542236328,20.079999923706055,20.420000076293945,13.728397369384766,5555100,0.0,0.0
2009-04-16,20.450000762939453,21.389999389648438,20.450000762939453,21.290000915527344,14.313307762145996,5849800,0.0,0.0
2009-04-17,21.06999969482422,21.510000228881836,20.739999771118164,21.40999984741211,14.3939847946167,5064400,0.0,0.0
2009-04-20,21.059999465942383,21.270000457763672,20.3700008392334,20.68000030517578,13.903202056884766,4485400,0.0,0.0
2009-04-21,20.799999237060547,21.100000381469727,20.15999984741211,20.75,13.950263977050781,6539100,0.0,0.0
2009-04-22,20.6299991607666,21.350000381469727,20.239999771118164,20.93000030517578,14.071284294128418,5674900,0.0,0.0
2009-04-23,20.8700008392334,20.950000762939453,20.31999969482422,20.90999984741211,14.057828903198242,5884000,0.0,0.0
2009-04-24,21.020000457763672,21.299999237060547,20.530000686645508,21.15999984741211,14.225907325744629,4387900,0.0,0.0
2009-04-27,20.809999465942383,21.3700008392334,20.760000228881836,20.84000015258789,14.01077651977539,4282400,0.0,0.0
2009-04-28,20.65999984741211,20.920000076293945,20.34000015258789,20.549999237060547,13.815800666809082,3181800,0.0,0.0
2009-04-29,20.799999237060547,21.030000686645508,20.5,20.780000686645508,13.970434188842773,3388500,0.0,0.0
2009-04-30,20.75,21.809999465942383,20.75,21.280000686645508,14.306587219238281,4857000,0.0,0.0
2009-05-01,21.040000915527344,21.610000610351562,20.850000381469727,21.149999618530273,14.219185829162598,4972200,0.0,0.0
2009-05-04,21.40999984741211,22.1200008392334,21.149999618530273,22.059999465942383,14.830985069274902,5724700,0.0,0.0
2009-05-05,22.049999237060547,22.149999618530273,21.6299991607666,22.0,14.790645599365234,4190600,0.0,0.0
2009-05-06,22.200000762939453,22.84000015258789,21.8799991607666,22.6200008392334,15.20746898651123,7191400,0.0,0.0
2009-05-07,22.899999618530273,22.899999618530273,21.18000030517578,21.559999465942383,14.494830131530762,5504000,0.0,0.0
2009-05-08,21.8799991607666,21.8799991607666,20.530000686645508,20.670000076293945,13.89648151397705,7735600,0.0,0.0
2009-05-11,20.440000534057617,21.329999923706055,20.100000381469727,20.809999465942383,13.990599632263184,6008300,0.0,0.0
2009-05-12,20.90999984741211,20.969999313354492,20.219999313354492,20.610000610351562,13.856145858764648,5658200,0.0,0.0
2009-05-13,20.309999465942383,20.700000762939453,20.010000228881836,20.1200008392334,13.526712417602539,4437800,0.0,0.0
2009-05-14,20.15999984741211,20.459999084472656,20.010000228881836,20.09000015258789,13.50654411315918,7099500,0.0,0.0
2009-05-15,20.1299991607666,20.1299991607666,19.139999389648438,19.459999084472656,13.082993507385254,10767400,0.0,0.0
2009-05-18,19.639999389648438,20.010000228881836,19.510000228881836,19.899999618530273,13.378808975219727,7538900,0.0,0.0
2009-05-19,19.93000030517578,20.790000915527344,19.729999542236328,20.579999923706055,13.835977554321289,7499800,0.0,0.0
2009-05-20,23.43000030517578,24.31999969482422,23.299999237060547,23.799999237060547,16.000789642333984,27693900,0.0,0.0
2009-05-21,23.59000015258789,23.790000915527344,23.0,23.56999969482422,15.84615707397461,9536500,0.0,0.0
2009-05-22,23.709999084472656,23.799999237060547,23.200000762939453,23.59000015258789,15.859601020812988,5595900,0.0,0.0
2009-05-26,23.5,23.8700008392334,23.360000610351562,23.65999984741211,15.906668663024902,6963400,0.0,0.0
2009-05-27,23.600000381469727,24.489999771118164,23.43000030517578,23.940000534057617,16.232112884521484,8399000,0.2,0.0
2009-05-28,24.079999923706055,24.190000534057617,23.3799991607666,24.149999618530273,16.37450408935547,6439400,0.0,0.0
2009-05-29,24.149999618530273,24.459999084472656,23.6200008392334,24.40999984741211,16.550800323486328,7810000,0.0,0.0
2009-06-01,24.84000015258789,25.31999969482422,24.780000686645508,25.030000686645508,16.971176147460938,6267500,0.0,0.0
2009-06-02,24.969999313354492,24.969999313354492,24.229999542236328,24.479999542236328,16.598255157470703,4862800,0.0,0.0
2009-06-03,24.1299991607666,24.360000610351562,23.790000915527344,24.350000381469727,16.510107040405273,4741500,0.0,0.0
2009-06-04,24.3700008392334,24.8700008392334,23.979999542236328,24.559999465942383,16.652498245239258,4576300,0.0,0.0
2009-06-05,24.860000610351562,24.8799991607666,24.100000381469727,24.43000030517578,16.56435775756836,3396900,0.0,0.0
2009-06-08,24.329999923706055,24.639999389648438,23.979999542236328,24.43000030517578,16.56435775756836,3098100,0.0,0.0
2009-06-09,24.940000534057617,26.049999237060547,24.780000686645508,25.729999542236328,17.445804595947266,8904200,0.0,0.0
2009-06-10,25.850000381469727,25.850000381469727,25.25,25.709999084472656,17.43223762512207,5917300,0.0,0.0
2009-06-11,25.760000228881836,25.940000534057617,25.59000015258789,25.739999771118164,17.45258140563965,5723800,0.0,0.0
2009-06-12,25.770000457763672,25.81999969482422,25.200000762939453,25.399999618530273,17.222047805786133,4751700,0.0,0.0
2009-06-15,25.1200008392334,25.299999237060547,24.40999984741211,25.0,16.950834274291992,4724000,0.0,0.0
2009-06-16,25.06999969482422,25.1299991607666,24.170000076293945,24.40999984741211,16.550800323486328,4609300,0.0,0.0
2009-06-17,24.450000762939453,24.969999313354492,24.139999389648438,24.639999389648438,16.706743240356445,4625100,0.0,0.0
2009-06-18,24.6200008392334,24.770000457763672,24.239999771118164,24.40999984741211,16.550800323486328,2989400,0.0,0.0
2009-06-19,24.31999969482422,24.75,24.309999465942383,24.540000915527344,16.638938903808594,3000000,0.0,0.0
2009-06-22,24.43000030517578,24.719999313354492,23.6200008392334,23.649999618530273,16.035490036010742,4152400,0.0,0.0
2009-06-23,23.649999618530273,23.899999618530273,23.229999542236328,23.34000015258789,15.825305938720703,4682500,0.0,0.0
2009-06-24,23.489999771118164,24.010000228881836,23.399999618530273,23.729999542236328,16.0897216796875,4573800,0.0,0.0
2009-06-25,24.360000610351562,24.809999465942383,23.950000762939453,24.790000915527344,16.808441162109375,7470900,0.0,0.0
2009-06-26,24.709999084472656,25.149999618530273,24.5,24.780000686645508,16.801666259765625,3994400,0.0,0.0
2009-06-29,24.8700008392334,25.110000610351562,24.579999923706055,24.68000030517578,16.733869552612305,3125000,0.0,0.0
2009-06-30,24.690000534057617,25.06999969482422,24.399999618530273,24.780000686645508,16.801666259765625,3876300,0.0,0.0
2009-07-01,24.8799991607666,25.350000381469727,24.770000457763672,24.860000610351562,16.855907440185547,2762700,0.0,0.0
2009-07-02,24.510000228881836,24.770000457763672,24.25,24.700000762939453,16.747425079345703,3727600,0.0,0.0
2009-07-06,24.56999969482422,24.690000534057617,23.739999771118164,24.079999923706055,16.327043533325195,3511800,0.0,0.0
2009-07-07,24.049999237060547,24.479999542236328,23.780000686645508,23.799999237060547,16.137197494506836,4022500,0.0,0.0
2009-07-08,23.8799991607666,24.06999969482422,23.209999084472656,23.459999084472656,15.906664848327637,4248600,0.0,0.0
2009-07-09,23.530000686645508,24.229999542236328,23.440000534057617,24.030000686645508,16.29313850402832,4197700,0.0,0.0
2009-07-10,23.889999389648438,24.200000762939453,23.31999969482422,23.950000762939453,16.2388973236084,4647500,0.0,0.0
2009-07-13,23.959999084472656,24.299999237060547,23.420000076293945,24.270000457763672,16.455873489379883,3478100,0.0,0.0
2009-07-14,24.06999969482422,24.309999465942383,23.920000076293945,24.18000030517578,16.394853591918945,4552800,0.0,0.0
2009-07-15,24.549999237060547,25.15999984741211,24.520000457763672,24.940000534057617,16.910154342651367,4831700,0.0,0.0
2009-07-16,24.65999984741211,25.469999313354492,24.610000610351562,25.329999923706055,17.174585342407227,4477500,0.0,0.0
2009-07-17,25.399999618530273,25.68000030517578,25.139999389648438,25.610000610351562,17.364437103271484,3731800,0.0,0.0
2009-07-20,25.809999465942383,26.0,25.520000457763672,25.81999969482422,17.50682258605957,4795300,0.0,0.0
2009-07-21,25.739999771118164,25.899999618530273,25.100000381469727,25.68000030517578,17.411903381347656,3939000,0.0,0.0
2009-07-22,25.510000228881836,26.84000015258789,25.5,26.700000762939453,18.10349464416504,7585100,0.0,0.0
2009-07-23,26.739999771118164,27.610000610351562,26.5,27.389999389648438,18.571331024169922,5782700,0.0,0.0
2009-07-24,27.049999237060547,27.3700008392334,26.739999771118164,27.3700008392334,18.55777931213379,3333600,0.0,0.0
2009-07-27,27.350000381469727,27.56999969482422,26.969999313354492,27.520000457763672,18.659482955932617,3027300,0.0,0.0
2009-07-28,27.350000381469727,27.84000015258789,27.149999618530273,27.549999237060547,18.679821014404297,3074300,0.0,0.0
2009-07-29,27.31999969482422,27.520000457763672,27.100000381469727,27.5,18.645919799804688,2828400,0.0,0.0
2009-07-30,27.770000457763672,28.209999084472656,27.309999465942383,27.469999313354492,18.62557601928711,5026000,0.0,0.0
2009-07-31,27.530000686645508,27.809999465942383,27.25,27.3700008392334,18.55777931213379,3103700,0.0,0.0
2009-08-03,27.489999771118164,27.829999923706055,27.34000015258789,27.600000381469727,18.713722229003906,3381500,0.0,0.0
2009-08-04,27.510000228881836,27.8799991607666,27.350000381469727,27.799999237060547,18.84932518005371,2894900,0.0,0.0
2009-08-05,27.889999389648438,28.079999923706055,27.280000686645508,27.56999969482422,18.693374633789062,1796500,0.0,0.0
2009-08-06,27.799999237060547,27.889999389648438,27.020000457763672,27.280000686645508,18.496747970581055,2546100,0.0,0.0
2009-08-07,27.3700008392334,27.780000686645508,26.850000381469727,27.049999237060547,18.340805053710938,4519900,0.0,0.0
2009-08-10,27.010000228881836,27.420000076293945,26.809999465942383,27.15999984741211,18.415380477905273,3136700,0.0,0.0
2009-08-11,26.950000762939453,27.479999542236328,26.90999984741211,27.100000381469727,18.37470817565918,2490200,0.0,0.0
2009-08-12,27.149999618530273,27.549999237060547,27.06999969482422,27.200000762939453,18.4425106048584,3295300,0.0,0.0
2009-08-13,27.969999313354492,28.0,27.31999969482422,27.809999465942383,18.856103897094727,4374100,0.0,0.0
2009-08-14,27.68000030517578,27.700000762939453,27.020000457763672,27.389999389648438,18.571331024169922,4344000,0.0,0.0
2009-08-17,27.110000610351562,27.149999618530273,26.559999465942383,26.760000228881836,18.144176483154297,4428500,0.0,0.0
2009-08-18,26.81999969482422,27.299999237060547,26.760000228881836,27.219999313354492,18.45606803894043,4816200,0.0,0.0
2009-08-19,25.979999542236328,27.899999618530273,25.799999237060547,27.799999237060547,18.84932518005371,11696100,0.0,0.0
2009-08-20,27.65999984741211,28.040000915527344,27.399999618530273,27.969999313354492,18.964599609375,6342800,0.0,0.0
2009-08-21,28.209999084472656,28.440000534057617,27.639999389648438,28.420000076293945,19.26970863342285,6469700,0.0,0.0
2009-08-24,28.489999771118164,28.6200008392334,28.079999923706055,28.239999771118164,19.14766502380371,5868700,0.0,0.0
2009-08-25,28.079999923706055,28.489999771118164,28.06999969482422,28.3700008392334,19.373010635375977,5187400,0.2,0.0
2009-08-26,28.399999618530273,28.780000686645508,28.34000015258789,28.639999389648438,19.557382583618164,4009700,0.0,0.0
2009-08-27,28.5,28.6299991607666,28.149999618530273,28.59000015258789,19.52324104309082,4668800,0.0,0.0
2009-08-28,28.850000381469727,29.219999313354492,28.489999771118164,28.68000030517578,19.584697723388672,3937300,0.0,0.0
2009-08-31,28.440000534057617,28.579999923706055,28.09000015258789,28.25,19.29106903076172,2865000,0.0,0.0
2009-09-01,28.079999923706055,28.940000534057617,27.68000030517578,27.760000228881836,18.956459045410156,4116300,0.0,0.0
2009-09-02,27.56999969482422,28.149999618530273,27.469999313354492,27.559999465942383,18.81988525390625,2801200,0.0,0.0
2009-09-03,27.829999923706055,28.15999984741211,27.530000686645508,28.149999618530273,19.2227783203125,3980400,0.0,0.0
2009-09-04,28.030000686645508,28.850000381469727,27.959999084472656,28.799999237060547,19.66664695739746,2990500,0.0,0.0
2009-09-08,28.969999313354492,29.329999923706055,28.75,29.299999237060547,20.008081436157227,4383800,0.0,0.0
2009-09-09,29.299999237060547,29.420000076293945,28.899999618530273,29.280000686645508,19.994426727294922,2928900,0.0,0.0
2009-09-10,29.1200008392334,29.709999084472656,29.09000015258789,29.399999618530273,20.076372146606445,5288400,0.0,0.0
2009-09-11,29.3799991607666,29.3799991607666,28.25,28.389999389648438,19.386667251586914,7519700,0.0,0.0
2009-09-14,28.3700008392334,28.690000534057617,28.280000686645508,28.68000030517578,19.584697723388672,3756900,0.0,0.0
2009-09-15,28.790000915527344,28.979999542236328,28.5,28.549999237060547,19.495925903320312,3042000,0.0,0.0
2009-09-16,28.049999237060547,28.350000381469727,27.530000686645508,27.65999984741211,18.888179779052734,7857400,0.0,0.0
2009-09-17,27.450000762939453,27.84000015258789,27.3700008392334,27.469999313354492,18.7584228515625,4373900,0.0,0.0
2009-09-18,27.649999618530273,27.799999237060547,27.190000534057617,27.280000686645508,18.62868309020996,5134700,0.0,0.0
2009-09-21,27.170000076293945,27.440000534057617,26.93000030517578,27.200000762939453,18.57405662536621,3976300,0.0,0.0
2009-09-22,27.290000915527344,27.420000076293945,26.920000076293945,27.280000686645508,18.62868309020996,4367500,0.0,0.0
2009-09-23,27.3700008392334,28.360000610351562,27.360000610351562,27.700000762939453,18.915489196777344,5829600,0.0,0.0
2009-09-24,27.8799991607666,27.889999389648438,27.18000030517578,27.3799991607666,18.69697380065918,4114400,0.0,0.0
2009-09-25,27.299999237060547,27.739999771118164,27.1299991607666,27.579999923706055,18.833547592163086,4194600,0.0,0.0
2009-09-28,27.770000457763672,28.25,27.670000076293945,28.020000457763672,19.13400650024414,2331600,0.0,0.0
2009-09-29,28.049999237060547,28.139999389648438,27.25,27.280000686645508,18.62868309020996,4968300,0.0,0.0
2009-09-30,27.09000015258789,27.899999618530273,27.09000015258789,27.579999923706055,18.833547592163086,6399000,0.0,0.0
2009-10-01,27.56999969482422,27.700000762939453,26.56999969482422,26.56999969482422,18.143848419189453,5957300,0.0,0.0
2009-10-02,26.43000030517578,26.8700008392334,26.219999313354492,26.260000228881836,17.932153701782227,4945400,0.0,0.0
2009-10-05,26.260000228881836,26.520000457763672,26.049999237060547,26.360000610351562,18.000436782836914,4871100,0.0,0.0
2009-10-06,26.549999237060547,27.049999237060547,26.43000030517578,26.979999542236328,18.423812866210938,4348000,0.0,0.0
2009-10-07,26.959999084472656,27.049999237060547,26.649999618530273,26.770000457763672,18.280418395996094,2599800,0.0,0.0
2009-10-08,26.860000610351562,26.93000030517578,26.200000762939453,26.3700008392334,18.00727081298828,4559700,0.0,0.0
2009-10-09,26.280000686645508,27.450000762939453,26.260000228881836,27.40999984741211,18.717456817626953,4082200,0.0,0.0
2009-10-12,27.479999542236328,28.399999618530273,27.440000534057617,28.100000381469727,19.18863868713379,5440000,0.0,0.0
2009-10-13,28.010000228881836,28.309999465942383,27.75,28.020000457763672,19.13400650024414,5956800,0.0,0.0
2009-10-14,28.6200008392334,28.989999771118164,28.139999389648438,28.649999618530273,19.564218521118164,6003700,0.0,0.0
2009-10-15,28.59000015258789,28.6200008392334,28.030000686645508,28.15999984741211,19.229602813720703,3888000,0.0,0.0
2009-10-16,27.860000610351562,27.90999984741211,27.420000076293945,27.65999984741211,18.888179779052734,4164700,0.0,0.0
2009-10-19,27.68000030517578,28.170000076293945,27.549999237060547,27.809999465942383,18.9905948638916,4393600,0.0,0.0
2009-10-20,27.90999984741211,28.049999237060547,27.530000686645508,27.670000076293945,18.89499855041504,3124700,0.0,0.0
2009-10-21,27.559999465942383,27.93000030517578,27.15999984741211,27.25,18.60820198059082,3117900,0.0,0.0
2009-10-22,27.219999313354492,27.610000610351562,26.68000030517578,27.56999969482422,18.82671356201172,3799200,0.0,0.0
2009-10-23,28.1200008392334,28.1200008392334,27.0,27.1200008392334,18.51941680908203,3171000,0.0,0.0
2009-10-26,27.049999237060547,27.670000076293945,26.920000076293945,27.200000762939453,18.57405662536621,2989000,0.0,0.0
2009-10-27,27.209999084472656,27.600000381469727,26.510000228881836,26.59000015258789,18.157501220703125,3648600,0.0,0.0
2009-10-28,26.3700008392334,26.729999542236328,25.790000915527344,25.790000915527344,17.611207962036133,5547000,0.0,0.0
2009-10-29,25.93000030517578,26.43000030517578,25.920000076293945,26.360000610351562,18.000436782836914,2841400,0.0,0.0
2009-10-30,26.290000915527344,26.440000534057617,25.540000915527344,25.6299991607666,17.501955032348633,4343700,0.0,0.0
2009-11-02,25.65999984741211,25.969999313354492,25.260000228881836,25.799999237060547,17.618030548095703,3824100,0.0,0.0
2009-11-03,25.639999389648438,26.0,25.299999237060547,25.829999923706055,17.63852310180664,4836300,0.0,0.0
2009-11-04,26.110000610351562,26.489999771118164,25.979999542236328,26.1299991607666,17.8433780670166,2965800,0.0,0.0
2009-11-05,26.5,27.020000457763672,26.25,26.8700008392334,18.34870147705078,3295100,0.0,0.0
2009-11-06,26.709999084472656,27.030000686645508,26.3799991607666,26.520000457763672,18.109704971313477,3521800,0.0,0.0
2009-11-09,26.68000030517578,27.25,26.579999923706055,27.1299991607666,18.52625274658203,3382500,0.0,0.0
2009-11-10,27.299999237060547,27.739999771118164,27.219999313354492,27.709999084472656,18.922313690185547,4434700,0.0,0.0
2009-11-11,27.790000915527344,28.34000015258789,27.610000610351562,27.719999313354492,18.92914390563965,3771500,0.0,0.0
2009-11-12,27.639999389648438,28.100000381469727,27.3700008392334,27.399999618530273,18.710630416870117,2679600,0.0,0.0
2009-11-13,27.360000610351562,27.559999465942383,27.15999984741211,27.360000610351562,18.683311462402344,4294300,0.0,0.0
2009-11-16,27.540000915527344,28.34000015258789,27.520000457763672,28.18000030517578,19.243263244628906,3369900,0.0,0.0
2009-11-17,28.170000076293945,28.200000762939453,27.780000686645508,28.190000534057617,19.250093460083008,1568300,0.0,0.0
2009-11-18,28.899999618530273,28.899999618530273,28.170000076293945,28.299999237060547,19.3252010345459,3752400,0.0,0.0
2009-11-19,27.8799991607666,28.0,27.18000030517578,27.84000015258789,19.01108741760254,4149700,0.0,0.0
2009-11-20,27.649999618530273,27.75,27.239999771118164,27.479999542236328,18.765256881713867,3589100,0.0,0.0
2009-11-23,27.989999771118164,27.989999771118164,27.649999618530273,27.940000534057617,19.07937240600586,4719000,0.0,0.0
2009-11-24,29.149999618530273,30.059999465942383,27.940000534057617,29.739999771118164,20.30853843688965,14627100,0.0,0.0
2009-11-25,29.489999771118164,30.149999618530273,29.489999771118164,29.84000015258789,20.3768253326416,4187900,0.0,0.0
2009-11-27,29.479999542236328,29.950000762939453,29.0,29.75,20.315370559692383,2813000,0.0,0.0
2009-11-30,29.68000030517578,29.989999771118164,29.420000076293945,29.989999771118164,20.4792537689209,4378500,0.0,0.0
2009-12-01,30.100000381469727,30.479999542236328,29.969999313354492,30.3700008392334,20.738752365112305,5497900,0.0,0.0
2009-12-02,30.15999984741211,30.600000381469727,30.059999465942383,30.389999389648438,20.88996696472168,5137300,0.2,0.0
2009-12-03,30.68000030517578,30.729999542236328,30.389999389648438,30.65999984741211,21.075572967529297,4638100,0.0,0.0
2009-12-04,30.75,30.979999542236328,30.079999923706055,30.600000381469727,21.034324645996094,6824700,0.0,0.0
2009-12-07,30.469999313354492,30.75,30.350000381469727,30.440000534057617,20.924345016479492,3956100,0.0,0.0
2009-12-08,30.3799991607666,30.600000381469727,30.030000686645508,30.219999313354492,20.77311897277832,3829200,0.0,0.0
2009-12-09,30.1299991607666,30.489999771118164,29.850000381469727,30.489999771118164,20.958715438842773,4327800,0.0,0.0
2009-12-10,30.59000015258789,30.649999618530273,30.219999313354492,30.450000762939453,20.931222915649414,2997400,0.0,0.0
2009-12-11,30.6200008392334,30.649999618530273,30.25,30.489999771118164,20.958715438842773,3209300,0.0,0.0
2009-12-14,30.56999969482422,30.690000534057617,30.329999923706055,30.600000381469727,21.034324645996094,2601500,0.0,0.0
2009-12-15,30.690000534057617,30.75,30.360000610351562,30.450000762939453,20.931222915649414,2282700,0.0,0.0
2009-12-16,30.6200008392334,31.030000686645508,30.450000762939453,30.690000534057617,21.09619903564453,3635300,0.0,0.0
2009-12-17,30.670000076293945,30.799999237060547,30.440000534057617,30.469999313354492,20.944963455200195,2885500,0.0,0.0
2009-12-18,30.889999389648438,31.0,30.559999465942383,30.8799991607666,21.22679901123047,3975200,0.0,0.0
2009-12-21,31.010000228881836,31.290000915527344,30.920000076293945,31.1200008392334,21.39177703857422,3593500,0.0,0.0
2009-12-22,31.260000228881836,31.389999389648438,31.049999237060547,31.31999969482422,21.529254913330078,2045000,0.0,0.0
2009-12-23,31.299999237060547,31.3799991607666,31.049999237060547,31.3799991607666,21.570497512817383,1443800,0.0,0.0
2009-12-24,31.399999618530273,31.729999542236328,31.360000610351562,31.690000534057617,21.783594131469727,862500,0.0,0.0
2009-12-28,31.729999542236328,31.729999542236328,31.290000915527344,31.3799991607666,21.570497512817383,2259700,0.0,0.0
2009-12-29,31.3799991607666,31.420000076293945,31.149999618530273,31.309999465942383,21.522380828857422,1798700,0.0,0.0
2009-12-30,31.200000762939453,31.760000228881836,31.1200008392334,31.760000228881836,21.83171272277832,1849500,0.0,0.0
2009-12-31,31.719999313354492,31.90999984741211,31.549999237060547,31.579999923706055,21.707979202270508,1445100,0.0,0.0
2010-01-04,31.790000915527344,32.189998626708984,31.610000610351562,31.670000076293945,21.76984405517578,2102700,0.0,0.0
2010-01-05,31.670000076293945,31.809999465942383,31.40999984741211,31.6200008392334,21.7354736328125,2040100,0.0,0.0
2010-01-06,31.709999084472656,31.850000381469727,31.34000015258789,31.559999465942383,21.69422721862793,2105000,0.0,0.0
2010-01-07,31.459999084472656,31.649999618530273,31.06999969482422,31.309999465942383,21.522380828857422,2033400,0.0,0.0
2010-01-08,31.200000762939453,31.510000228881836,31.0,31.489999771118164,21.646106719970703,2393100,0.0,0.0
2010-01-11,31.579999923706055,31.59000015258789,30.84000015258789,31.309999465942383,21.522380828857422,2963900,0.0,0.0
2010-01-12,30.549999237060547,30.75,29.700000762939453,30.010000228881836,20.628765106201172,6868800,0.0,0.0
2010-01-13,30.200000762939453,30.200000762939453,29.389999389648438,30.0,20.621883392333984,5327100,0.0,0.0
2010-01-14,30.0,30.049999237060547,29.3799991607666,29.969999313354492,20.60126495361328,5073700,0.0,0.0
2010-01-15,29.850000381469727,29.850000381469727,28.93000030517578,28.959999084472656,19.90699577331543,5807800,0.0,0.0
2010-01-19,29.030000686645508,29.549999237060547,29.020000457763672,29.469999313354492,20.2575740814209,3906700,0.0,0.0
2010-01-20,29.520000457763672,29.520000457763672,28.549999237060547,28.93000030517578,19.88637351989746,4657200,0.0,0.0
2010-01-21,29.1299991607666,29.520000457763672,28.780000686645508,29.059999465942383,19.975744247436523,4415200,0.0,0.0
2010-01-22,29.100000381469727,29.100000381469727,27.65999984741211,27.760000228881836,19.082122802734375,4761400,0.0,0.0
2010-01-25,27.8700008392334,28.31999969482422,27.780000686645508,28.010000228881836,19.253965377807617,2937000,0.0,0.0
2010-01-26,27.739999771118164,27.989999771118164,27.549999237060547,27.600000381469727,18.972143173217773,3203300,0.0,0.0
2010-01-27,27.43000030517578,28.0,27.3700008392334,27.700000762939453,19.040882110595703,4760700,0.0,0.0
2010-01-28,27.65999984741211,27.700000762939453,26.6200008392334,27.149999618530273,18.66280746459961,7521600,0.0,0.0
2010-01-29,27.600000381469727,27.950000762939453,26.760000228881836,26.959999084472656,18.532203674316406,7080100,0.0,0.0
2010-02-01,27.049999237060547,27.610000610351562,26.920000076293945,27.520000457763672,18.917152404785156,4133900,0.0,0.0
2010-02-02,27.549999237060547,27.93000030517578,27.350000381469727,27.780000686645508,19.095867156982422,2902000,0.0,0.0
2010-02-03,27.6200008392334,27.8700008392334,27.469999313354492,27.649999618530273,19.006513595581055,2201000,0.0,0.0
2010-02-04,27.440000534057617,27.440000534057617,26.5,26.5,18.216007232666016,5900100,0.0,0.0
2010-02-05,26.5,26.950000762939453,26.3799991607666,26.899999618530273,18.4909610748291,5844800,0.0,0.0
2010-02-08,26.979999542236328,27.149999618530273,26.479999542236328,26.799999237060547,18.422225952148438,5526400,0.0,0.0
2010-02-09,27.209999084472656,27.559999465942383,26.920000076293945,27.1200008392334,18.642189025878906,4841300,0.0,0.0
2010-02-10,27.030000686645508,27.420000076293945,26.81999969482422,27.049999237060547,18.594072341918945,4745300,0.0,0.0
2010-02-11,27.18000030517578,27.979999542236328,26.93000030517578,27.670000076293945,19.0202579498291,8066300,0.0,0.0
2010-02-12,27.510000228881836,28.200000762939453,27.190000534057617,27.989999771118164,19.24022102355957,7836200,0.0,0.0
2010-02-16,28.600000381469727,28.690000534057617,28.139999389648438,28.600000381469727,19.65953826904297,6318100,0.0,0.0
2010-02-17,28.670000076293945,28.850000381469727,28.010000228881836,28.3799991607666,19.50831413269043,6629000,0.0,0.0
2010-02-18,28.959999084472656,29.799999237060547,28.530000686645508,29.56999969482422,20.326305389404297,10230000,0.0,0.0
2010-02-19,29.360000610351562,30.0,29.280000686645508,29.75,20.45004653930664,3853400,0.0,0.0
2010-02-22,29.950000762939453,30.040000915527344,29.59000015258789,29.889999389648438,20.546279907226562,4298200,0.0,0.0
2010-02-23,29.770000457763672,29.8799991607666,28.920000076293945,29.149999618530273,20.037601470947266,6081200,0.0,0.0
2010-02-24,29.299999237060547,29.65999984741211,29.209999084472656,29.489999771118164,20.271320343017578,3698100,0.0,0.0
2010-02-25,29.200000762939453,29.6299991607666,28.75,29.6299991607666,20.367551803588867,4270500,0.0,0.0
2010-02-26,29.790000915527344,29.790000915527344,28.979999542236328,29.239999771118164,20.09947395324707,3606800,0.0,0.0
2010-03-01,29.309999465942383,29.850000381469727,29.299999237060547,29.81999969482422,20.498157501220703,3629400,0.0,0.0
2010-03-02,29.90999984741211,30.139999389648438,29.450000762939453,29.6200008392334,20.360675811767578,4293600,0.0,0.0
2010-03-03,29.6200008392334,29.760000228881836,29.15999984741211,29.190000534057617,20.20150375366211,2398800,0.2,0.0
2010-03-04,29.299999237060547,29.399999618530273,28.889999389648438,29.06999969482422,20.118450164794922,2814600,0.0,0.0
2010-03-05,29.299999237060547,29.790000915527344,29.1200008392334,29.5,20.416046142578125,3195700,0.0,0.0
2010-03-08,29.43000030517578,29.600000381469727,29.329999923706055,29.520000457763672,20.42989158630371,2995700,0.0,0.0
2010-03-09,29.270000457763672,29.440000534057617,28.90999984741211,29.25,20.24302864074707,4010700,0.0,0.0
2010-03-10,29.760000228881836,30.420000076293945,29.68000030517578,30.079999923706055,20.817445755004883,5723100,0.0,0.0
2010-03-11,30.0,30.0,28.979999542236328,29.170000076293945,20.18765640258789,5894800,0.0,0.0
2010-03-12,29.309999465942383,29.510000228881836,28.950000762939453,28.979999542236328,20.05617332458496,3475400,0.0,0.0
2010-03-15,29.020000457763672,29.049999237060547,28.75,28.920000076293945,20.014650344848633,2589200,0.0,0.0
2010-03-16,29.059999465942383,30.049999237060547,28.959999084472656,30.010000228881836,20.769001007080078,5235400,0.0,0.0
2010-03-17,30.110000610351562,30.579999923706055,30.030000686645508,30.43000030517578,21.059673309326172,3439300,0.0,0.0
2010-03-18,30.540000915527344,30.540000915527344,30.0,30.15999984741211,20.87281608581543,2673600,0.0,0.0
2010-03-19,29.75,30.3799991607666,29.639999389648438,29.75,20.589069366455078,4870300,0.0,0.0
2010-03-22,29.600000381469727,30.219999313354492,29.59000015258789,30.06999969482422,20.810523986816406,2386500,0.0,0.0
2010-03-23,30.110000610351562,30.440000534057617,30.010000228881836,30.43000030517578,21.059673309326172,1911000,0.0,0.0
2010-03-24,30.31999969482422,30.31999969482422,29.030000686645508,29.059999465942383,20.11153221130371,7601100,0.0,0.0
2010-03-25,29.299999237060547,29.520000457763672,28.8700008392334,28.940000534057617,20.028491973876953,5233800,0.0,0.0
2010-03-26,28.940000534057617,29.18000030517578,28.209999084472656,28.489999771118164,19.717052459716797,5712500,0.0,0.0
2010-03-29,28.530000686645508,29.079999923706055,28.530000686645508,28.81999969482422,19.94544219970703,4141500,0.0,0.0
2010-03-30,28.889999389648438,29.1299991607666,28.6299991607666,29.010000228881836,20.076927185058594,2870600,0.0,0.0
2010-03-31,28.809999465942383,29.1200008392334,28.719999313354492,28.81999969482422,19.94544219970703,2956500,0.0,0.0
2010-04-01,29.0,29.350000381469727,28.530000686645508,28.81999969482422,19.94544219970703,2076900,0.0,0.0
2010-04-05,28.889999389648438,29.56999969482422,28.889999389648438,29.450000762939453,20.38144302368164,2608700,0.0,0.0
2010-04-06,29.34000015258789,29.450000762939453,28.979999542236328,29.290000915527344,20.270715713500977,2424000,0.0,0.0
2010-04-07,29.15999984741211,29.649999618530273,29.040000915527344,29.459999084472656,20.388364791870117,3822900,0.0,0.0
2010-04-08,29.299999237060547,29.399999618530273,28.75,28.989999771118164,20.063091278076172,4642300,0.0,0.0
2010-04-09,29.049999237060547,29.1200008392334,28.809999465942383,29.110000610351562,20.146141052246094,3324000,0.0,0.0
2010-04-12,29.190000534057617,29.75,29.110000610351562,29.549999237060547,20.450637817382812,3073900,0.0,0.0
2010-04-13,29.559999465942383,29.799999237060547,29.350000381469727,29.780000686645508,20.609821319580078,2674100,0.0,0.0
2010-04-14,30.239999771118164,31.3700008392334,30.229999542236328,31.350000381469727,21.696372985839844,7090600,0.0,0.0
2010-04-15,31.190000534057617,31.5,30.989999771118164,31.350000381469727,21.696372985839844,4419200,0.0,0.0
2010-04-16,31.18000030517578,31.18000030517578,30.329999923706055,30.579999923706055,21.16347312927246,7443100,0.0,0.0
2010-04-19,30.459999084472656,30.65999984741211,29.729999542236328,30.40999984741211,21.045833587646484,3712800,0.0,0.0
2010-04-20,30.520000457763672,30.940000534057617,30.399999618530273,30.75,21.281129837036133,3036800,0.0,0.0
2010-04-21,30.899999618530273,31.059999465942383,29.93000030517578,30.290000915527344,20.962783813476562,4365200,0.0,0.0
2010-04-22,29.950000762939453,30.479999542236328,29.239999771118164,30.420000076293945,21.05274772644043,3105000,0.0,0.0
2010-04-23,30.3700008392334,30.68000030517578,29.780000686645508,30.670000076293945,21.22577476501465,3670800,0.0,0.0
2010-04-26,30.760000228881836,31.309999465942383,30.690000534057617,31.1299991607666,21.544118881225586,4520200,0.0,0.0
2010-04-27,30.969999313354492,30.989999771118164,30.030000686645508,30.040000915527344,20.789764404296875,6192100,0.0,0.0
2010-04-28,30.239999771118164,30.43000030517578,29.530000686645508,30.25,20.93509864807129,7435300,0.0,0.0
2010-04-29,30.329999923706055,30.940000534057617,30.06999969482422,30.850000381469727,21.3503360748291,4682900,0.0,0.0
2010-04-30,30.959999084472656,30.959999084472656,29.690000534057617,29.93000030517578,20.713642120361328,6010000,0.0,0.0
2010-05-03,30.229999542236328,30.43000030517578,29.8700008392334,30.09000015258789,20.824365615844727,3746900,0.0,0.0
2010-05-04,29.65999984741211,29.65999984741211,28.899999618530273,29.399999618530273,20.34684181213379,4985100,0.0,0.0
2010-05-05,29.040000915527344,29.690000534057617,28.469999313354492,29.239999771118164,20.236106872558594,3901900,0.0,0.0
2010-05-06,29.040000915527344,29.469999313354492,26.280000686645508,28.079999923706055,19.433307647705078,6378100,0.0,0.0
2010-05-07,27.90999984741211,28.549999237060547,27.059999465942383,27.739999771118164,19.198007583618164,10258200,0.0,0.0
2010-05-10,28.920000076293945,29.190000534057617,28.6200008392334,29.18000030517578,20.194583892822266,4676900,0.0,0.0
2010-05-11,28.8799991607666,29.239999771118164,28.209999084472656,28.860000610351562,19.97312355041504,4861500,0.0,0.0
2010-05-12,29.020000457763672,29.399999618530273,28.829999923706055,29.360000610351562,20.31916046142578,2668600,0.0,0.0
2010-05-13,29.1299991607666,29.43000030517578,28.459999084472656,28.579999923706055,19.77934455871582,3480500,0.0,0.0
2010-05-14,28.40999984741211,28.40999984741211,27.25,27.780000686645508,19.22568702697754,5488900,0.0,0.0
2010-05-17,27.81999969482422,28.389999389648438,27.3700008392334,28.350000381469727,19.620168685913086,4415500,0.0,0.0
2010-05-18,28.670000076293945,28.860000610351562,27.450000762939453,27.600000381469727,19.101112365722656,6255600,0.0,0.0
2010-05-19,28.06999969482422,29.18000030517578,27.56999969482422,28.770000457763672,19.91083526611328,12425800,0.0,0.0
2010-05-20,28.110000610351562,28.670000076293945,27.75,28.1200008392334,19.460987091064453,9662300,0.0,0.0
2010-05-21,27.760000228881836,29.040000915527344,27.510000228881836,28.639999389648438,19.82086181640625,8347300,0.0,0.0
2010-05-24,28.549999237060547,28.899999618530273,28.18000030517578,28.469999313354492,19.70321273803711,7039800,0.0,0.0
2010-05-25,27.729999542236328,28.670000076293945,27.389999389648438,28.670000076293945,19.841630935668945,6176600,0.0,0.0
2010-05-26,28.850000381469727,28.979999542236328,28.43000030517578,28.479999542236328,19.862550735473633,6733400,0.22,0.0
2010-05-27,29.020000457763672,29.719999313354492,28.950000762939453,29.719999313354492,20.727354049682617,5626100,0.0,0.0
2010-05-28,29.65999984741211,29.739999771118164,28.860000610351562,29.170000076293945,20.343765258789062,4655000,0.0,0.0
2010-06-01,28.979999542236328,29.489999771118164,28.75,28.8700008392334,20.134544372558594,4551400,0.0,0.0
2010-06-02,28.940000534057617,29.809999465942383,28.690000534057617,29.809999465942383,20.79012680053711,4572500,0.0,0.0
2010-06-03,29.690000534057617,30.399999618530273,29.690000534057617,30.3700008392334,21.180686950683594,6176800,0.0,0.0
2010-06-04,29.600000381469727,30.1299991607666,28.809999465942383,29.0,20.225210189819336,5744000,0.0,0.0
2010-06-07,29.1299991607666,29.299999237060547,27.93000030517578,27.959999084472656,19.49989128112793,6785900,0.0,0.0
2010-06-08,28.110000610351562,28.139999389648438,27.280000686645508,28.09000015258789,19.59055519104004,7374000,0.0,0.0
2010-06-09,28.309999465942383,28.6200008392334,27.719999313354492,27.8700008392334,19.437122344970703,5059700,0.0,0.0
2010-06-10,28.239999771118164,28.770000457763672,28.15999984741211,28.6200008392334,19.9601993560791,3913500,0.0,0.0
2010-06-11,28.110000610351562,29.110000610351562,28.110000610351562,29.040000915527344,20.253103256225586,3395000,0.0,0.0
2010-06-14,29.3700008392334,29.450000762939453,28.850000381469727,28.8799991607666,20.141517639160156,3706100,0.0,0.0
2010-06-15,29.079999923706055,30.420000076293945,28.8700008392334,30.360000610351562,21.173704147338867,4369300,0.0,0.0
2010-06-16,30.170000076293945,30.829999923706055,29.969999313354492,30.600000381469727,21.341081619262695,4786500,0.0,0.0
2010-06-17,30.799999237060547,30.860000610351562,30.31999969482422,30.649999618530273,21.375957489013672,4123500,0.0,0.0
2010-06-18,30.639999389648438,30.81999969482422,30.420000076293945,30.520000457763672,21.28528594970703,2752000,0.0,0.0
2010-06-21,30.90999984741211,30.979999542236328,30.06999969482422,30.280000686645508,21.117916107177734,3379100,0.0,0.0
2010-06-22,30.34000015258789,30.65999984741211,29.489999771118164,29.579999923706055,20.629718780517578,3194100,0.0,0.0
2010-06-23,29.610000610351562,30.15999984741211,29.219999313354492,29.799999237060547,20.78314781188965,3745900,0.0,0.0
2010-06-24,29.770000457763672,29.780000686645508,29.1200008392334,29.270000457763672,20.413516998291016,2590900,0.0,0.0
2010-06-25,29.3700008392334,29.3700008392334,28.649999618530273,29.1200008392334,20.308908462524414,4210000,0.0,0.0
2010-06-28,29.190000534057617,29.450000762939453,28.969999313354492,29.219999313354492,20.378643035888672,3596500,0.0,0.0
2010-06-29,28.739999771118164,28.760000228881836,27.950000762939453,28.239999771118164,19.695171356201172,4053200,0.0,0.0
2010-06-30,28.229999542236328,28.520000457763672,27.75,27.860000610351562,19.430150985717773,4373200,0.0,0.0
2010-07-01,27.860000610351562,28.260000228881836,27.25,27.920000076293945,19.471996307373047,4596700,0.0,0.0
2010-07-02,28.020000457763672,28.1200008392334,27.43000030517578,27.8700008392334,19.437122344970703,3150900,0.0,0.0
2010-07-06,28.260000228881836,28.56999969482422,27.610000610351562,27.889999389648438,19.45107650756836,2926500,0.0,0.0
2010-07-07,27.8799991607666,29.450000762939453,27.8799991607666,29.440000534057617,20.532079696655273,4017000,0.0,0.0
2010-07-08,29.760000228881836,29.760000228881836,28.670000076293945,29.079999923706055,20.281005859375,4818200,0.0,0.0
2010-07-09,29.1200008392334,29.329999923706055,28.899999618530273,29.299999237060547,20.434438705444336,2078200,0.0,0.0
2010-07-12,29.149999618530273,29.639999389648438,29.100000381469727,29.360000610351562,20.476285934448242,3672400,0.0,0.0
2010-07-13,29.649999618530273,30.190000534057617,29.540000915527344,30.049999237060547,20.95750617980957,3992100,0.0,0.0
2010-07-14,30.399999618530273,30.5,29.40999984741211,29.600000381469727,20.643659591674805,4864400,0.0,0.0
2010-07-15,29.56999969482422,29.81999969482422,29.219999313354492,29.729999542236328,20.734329223632812,3511400,0.0,0.0
2010-07-16,29.540000915527344,29.700000762939453,29.18000030517578,29.209999084472656,20.371667861938477,4451100,0.0,0.0
2010-07-19,29.299999237060547,30.049999237060547,29.25,30.010000228881836,20.92960548400879,2949300,0.0,0.0
2010-07-20,29.3799991607666,30.049999237060547,28.950000762939453,30.049999237060547,20.95750617980957,3493800,0.0,0.0
2010-07-21,30.06999969482422,30.139999389648438,29.360000610351562,29.56999969482422,20.62274169921875,4005400,0.0,0.0
2010-07-22,29.93000030517578,30.65999984741211,29.729999542236328,30.610000610351562,21.348054885864258,5531400,0.0,0.0
2010-07-23,30.56999969482422,30.860000610351562,30.170000076293945,30.860000610351562,21.522415161132812,3570200,0.0,0.0
2010-07-26,30.670000076293945,31.209999084472656,30.3700008392334,31.200000762939453,21.759540557861328,2629700,0.0,0.0
2010-07-27,31.329999923706055,31.3700008392334,30.850000381469727,31.040000915527344,21.6479549407959,3254100,0.0,0.0
2010-07-28,30.8799991607666,31.040000915527344,30.190000534057617,30.309999465942383,21.13882827758789,4314400,0.0,0.0
2010-07-29,30.510000228881836,30.59000015258789,29.399999618530273,29.739999771118164,20.74129867553711,4572800,0.0,0.0
2010-07-30,29.5,29.8799991607666,29.06999969482422,29.709999084472656,20.720378875732422,3133000,0.0,0.0
2010-08-02,30.15999984741211,30.260000228881836,29.639999389648438,30.09000015258789,20.985397338867188,2730700,0.0,0.0
2010-08-03,30.06999969482422,30.06999969482422,29.700000762939453,29.8700008392334,20.83196258544922,2032800,0.0,0.0
2010-08-04,30.020000457763672,30.260000228881836,29.729999542236328,30.239999771118164,21.09001350402832,2366900,0.0,0.0
2010-08-05,30.09000015258789,30.610000610351562,30.049999237060547,30.229999542236328,21.083038330078125,1918900,0.0,0.0
2010-08-06,29.90999984741211,30.389999389648438,29.780000686645508,30.170000076293945,21.041189193725586,3333300,0.0,0.0
2010-08-09,30.3799991607666,30.59000015258789,30.020000457763672,30.489999771118164,21.26436424255371,1727500,0.0,0.0
2010-08-10,30.1200008392334,30.1200008392334,29.459999084472656,29.889999389648438,20.845916748046875,4049800,0.0,0.0
2010-08-11,29.31999969482422,29.31999969482422,28.760000228881836,29.09000015258789,20.287975311279297,4872500,0.0,0.0
2010-08-12,28.600000381469727,29.09000015258789,28.030000686645508,28.229999542236328,19.68819236755371,6619800,0.0,0.0
2010-08-13,28.15999984741211,28.420000076293945,28.020000457763672,28.06999969482422,19.576608657836914,2710100,0.0,0.0
2010-08-16,27.950000762939453,28.440000534057617,27.719999313354492,28.360000610351562,19.77886390686035,3273200,0.0,0.0
2010-08-17,28.6200008392334,29.06999969482422,28.399999618530273,28.809999465942383,20.09270668029785,4393000,0.0,0.0
2010-08-18,29.3700008392334,30.25,29.049999237060547,30.079999923706055,20.978418350219727,11079100,0.0,0.0
2010-08-19,30.020000457763672,30.219999313354492,29.530000686645508,29.670000076293945,20.69248390197754,6124600,0.0,0.0
2010-08-20,29.579999923706055,29.950000762939453,29.270000457763672,29.6200008392334,20.657611846923828,5005500,0.0,0.0
2010-08-23,29.75,29.93000030517578,29.329999923706055,29.90999984741211,20.85986328125,6099500,0.0,0.0
2010-08-24,29.469999313354492,29.5,28.68000030517578,29.31999969482422,20.44838523864746,7688100,0.0,0.0
2010-08-25,29.0,29.059999465942383,28.510000228881836,29.010000228881836,20.385135650634766,6037600,0.22,0.0
2010-08-26,29.100000381469727,29.239999771118164,28.700000762939453,28.959999084472656,20.35000228881836,5504600,0.0,0.0
2010-08-27,29.209999084472656,29.31999969482422,28.219999313354492,29.219999313354492,20.532703399658203,6747600,0.0,0.0
2010-08-30,29.1200008392334,29.1200008392334,28.3799991607666,28.3799991607666,19.942447662353516,4537300,0.0,0.0
2010-08-31,28.3799991607666,28.459999084472656,27.649999618530273,27.8799991607666,19.591096878051758,7700400,0.0,0.0
2010-09-01,28.190000534057617,28.75,27.899999618530273,28.5,20.026765823364258,5865200,0.0,0.0
2010-09-02,28.639999389648438,29.200000762939453,28.579999923706055,29.190000534057617,20.511627197265625,2942400,0.0,0.0
2010-09-03,29.469999313354492,29.760000228881836,29.079999923706055,29.59000015258789,20.792707443237305,2831300,0.0,0.0
2010-09-07,29.450000762939453,29.450000762939453,28.600000381469727,28.670000076293945,20.146228790283203,4545600,0.0,0.0
2010-09-08,28.75,28.979999542236328,28.31999969482422,28.81999969482422,20.251628875732422,4812500,0.0,0.0
2010-09-09,29.18000030517578,29.190000534057617,28.68000030517578,28.809999465942383,20.244609832763672,2868900,0.0,0.0
2010-09-10,28.40999984741211,28.520000457763672,27.450000762939453,27.93000030517578,19.626237869262695,12363500,0.0,0.0
2010-09-13,28.25,28.829999923706055,28.100000381469727,28.729999542236328,20.188390731811523,4427300,0.0,0.0
2010-09-14,28.719999313354492,29.450000762939453,28.5,29.149999618530273,20.48351287841797,4335000,0.0,0.0
2010-09-15,28.950000762939453,29.0,28.459999084472656,28.899999618530273,20.307844161987305,4830700,0.0,0.0
2010-09-16,28.829999923706055,29.489999771118164,28.68000030517578,29.479999542236328,20.71540069580078,4112100,0.0,0.0
2010-09-17,29.6299991607666,29.959999084472656,29.360000610351562,29.90999984741211,21.01757049560547,6120500,0.0,0.0
2010-09-20,30.0,30.06999969482422,29.469999313354492,30.020000457763672,21.09486961364746,5350800,0.0,0.0
2010-09-21,30.020000457763672,30.190000534057617,29.739999771118164,30.020000457763672,21.09486961364746,4532200,0.0,0.0
2010-09-22,29.799999237060547,30.079999923706055,29.190000534057617,29.309999465942383,20.595947265625,6592500,0.0,0.0
2010-09-23,29.010000228881836,29.969999313354492,28.760000228881836,29.450000762939453,20.694332122802734,3886400,0.0,0.0
2010-09-24,29.81999969482422,30.8700008392334,29.760000228881836,30.8700008392334,21.69215965270996,5116800,0.0,0.0
2010-09-27,30.829999923706055,31.239999771118164,30.670000076293945,31.010000228881836,21.7905330657959,3983500,0.0,0.0
2010-09-28,30.979999542236328,31.729999542236328,30.670000076293945,31.670000076293945,22.25430679321289,7174000,0.0,0.0
2010-09-29,31.34000015258789,31.959999084472656,31.219999313354492,31.56999969482422,22.184038162231445,5407400,0.0,0.0
2010-09-30,31.6299991607666,31.950000762939453,31.040000915527344,31.3799991607666,22.05052375793457,4083000,0.0,0.0
2010-10-01,31.530000686645508,31.989999771118164,31.079999923706055,31.389999389648438,22.057554244995117,4713500,0.0,0.0
2010-10-04,31.219999313354492,31.450000762939453,30.690000534057617,31.030000686645508,21.804584503173828,4134400,0.0,0.0
2010-10-05,31.350000381469727,32.0099983215332,31.1299991607666,32.0099983215332,22.49321937561035,4238600,0.0,0.0
2010-10-06,31.760000228881836,31.979999542236328,31.25,31.600000381469727,22.205116271972656,3944600,0.0,0.0
2010-10-07,31.709999084472656,32.0,31.270000457763672,31.90999984741211,22.422954559326172,3600000,0.0,0.0
2010-10-08,31.850000381469727,32.43000030517578,31.479999542236328,32.34000015258789,22.725109100341797,4984600,0.0,0.0
2010-10-11,32.34000015258789,32.83000183105469,32.20000076293945,32.4900016784668,22.83051300048828,2852400,0.0,0.0
2010-10-12,32.5,32.7400016784668,32.279998779296875,32.560001373291016,22.87970542907715,5494600,0.0,0.0
2010-10-13,31.690000534057617,32.0099983215332,31.3700008392334,31.420000076293945,22.07863426208496,8798300,0.0,0.0
2010-10-14,31.59000015258789,31.790000915527344,31.25,31.420000076293945,22.07863426208496,7141900,0.0,0.0
2010-10-15,31.729999542236328,31.84000015258789,31.280000686645508,31.670000076293945,22.25430679321289,4622800,0.0,0.0
2010-10-18,31.59000015258789,31.649999618530273,30.920000076293945,31.549999237060547,22.16998291015625,3672700,0.0,0.0
2010-10-19,31.15999984741211,31.799999237060547,30.860000610351562,31.270000457763672,21.973228454589844,5103900,0.0,0.0
2010-10-20,31.25,31.75,31.219999313354492,31.540000915527344,22.162961959838867,4160400,0.0,0.0
2010-10-21,31.65999984741211,31.799999237060547,31.149999618530273,31.399999618530273,22.06458282470703,3905800,0.0,0.0
2010-10-22,31.360000610351562,32.029998779296875,31.360000610351562,32.0099983215332,22.49321937561035,2729900,0.0,0.0
2010-10-25,32.150001525878906,32.59000015258789,32.150001525878906,32.27000045776367,22.67591667175293,3172400,0.0,0.0
2010-10-26,32.0,32.11000061035156,31.709999084472656,31.989999771118164,22.479171752929688,3073500,0.0,0.0
2010-10-27,31.739999771118164,32.869998931884766,31.739999771118164,32.790000915527344,23.041330337524414,4811800,0.0,0.0
2010-10-28,32.849998474121094,32.95000076293945,32.18000030517578,32.93000030517578,23.13970375061035,4292700,0.0,0.0
2010-10-29,32.90999984741211,34.09000015258789,32.779998779296875,33.66999816894531,23.65969467163086,7019000,0.0,0.0
2010-11-01,33.93000030517578,34.060001373291016,33.540000915527344,33.79999923706055,23.751041412353516,3508500,0.0,0.0
2010-11-02,34.029998779296875,34.41999816894531,33.880001068115234,34.349998474121094,24.13751983642578,3313800,0.0,0.0
2010-11-03,34.34000015258789,34.65999984741211,33.91999816894531,34.65999984741211,24.35536003112793,4040200,0.0,0.0
2010-11-04,34.970001220703125,35.630001068115234,34.7400016784668,35.630001068115234,25.036977767944336,6189300,0.0,0.0
2010-11-05,35.5,35.65999984741211,35.189998626708984,35.529998779296875,24.966699600219727,4794100,0.0,0.0
2010-11-08,35.38999938964844,35.70000076293945,35.060001373291016,35.41999816894531,24.889408111572266,4130900,0.0,0.0
2010-11-09,35.54999923706055,35.599998474121094,34.93000030517578,35.06999969482422,24.643468856811523,3049200,0.0,0.0
2010-11-10,35.0099983215332,35.0099983215332,34.290000915527344,34.709999084472656,24.390504837036133,4929300,0.0,0.0
2010-11-11,33.66999816894531,34.18000030517578,33.18000030517578,34.06999969482422,23.94076156616211,6462000,0.0,0.0
2010-11-12,33.95000076293945,34.439998626708984,33.72999954223633,34.209999084472656,24.039148330688477,4014600,0.0,0.0
2010-11-15,34.31999969482422,34.439998626708984,34.0,34.04999923706055,23.926721572875977,2761300,0.0,0.0
2010-11-16,33.84000015258789,34.189998626708984,33.52000045776367,33.7599983215332,23.722936630249023,3922900,0.0,0.0
2010-11-17,33.84000015258789,34.15999984741211,33.59000015258789,33.91999816894531,23.835365295410156,1881600,0.0,0.0
2010-11-18,34.06999969482422,34.68000030517578,34.040000915527344,34.54999923706055,24.27805519104004,2989300,0.0,0.0
2010-11-19,34.58000183105469,35.220001220703125,34.560001373291016,35.18000030517578,24.720762252807617,3780500,0.0,0.0
2010-11-22,35.2599983215332,36.0,35.02000045776367,35.959999084472656,25.26885414123535,6321800,0.0,0.0
2010-11-23,35.52000045776367,36.06999969482422,35.29999923706055,35.709999084472656,25.093198776245117,4943800,0.0,0.0
2010-11-24,36.0099983215332,36.4900016784668,35.86000061035156,36.369998931884766,25.556964874267578,2863800,0.0,0.0
2010-11-26,35.9900016784668,36.16999816894531,35.779998779296875,35.86000061035156,25.198596954345703,1468500,0.0,0.0
2010-11-29,35.77000045776367,36.220001220703125,35.31999969482422,35.779998779296875,25.142377853393555,4080000,0.0,0.0
2010-11-30,35.52000045776367,35.70000076293945,34.93000030517578,35.560001373291016,24.987791061401367,4288800,0.0,0.0
2010-12-01,36.02000045776367,36.79999923706055,35.91999816894531,36.65999984741211,25.92111587524414,5062300,0.22,0.0
2010-12-02,36.619998931884766,37.38999938964844,36.47999954223633,37.2599983215332,26.345361709594727,4077700,0.0,0.0
2010-12-03,37.15999984741211,37.689998626708984,37.09000015258789,37.630001068115234,26.606979370117188,2942000,0.0,0.0
2010-12-06,37.959999084472656,37.970001220703125,37.040000915527344,37.18000030517578,26.288795471191406,4624000,0.0,0.0
2010-12-07,37.58000183105469,38.119998931884766,37.529998779296875,37.86000061035156,26.769596099853516,6648500,0.0,0.0
2010-12-08,37.880001068115234,38.31999969482422,37.779998779296875,38.22999954223633,27.031206130981445,4369900,0.0,0.0
2010-12-09,38.45000076293945,38.599998474121094,38.04999923706055,38.130001068115234,26.96050453186035,4132800,0.0,0.0
2010-12-10,37.97999954223633,38.08000183105469,37.59000015258789,37.7400016784668,26.68474006652832,2795100,0.0,0.0
2010-12-13,37.91999816894531,37.93000030517578,37.43000030517578,37.560001373291016,26.557476043701172,3774300,0.0,0.0
2010-12-14,37.68000030517578,37.84000015258789,37.31999969482422,37.4900016784668,26.50798225402832,3278800,0.0,0.0
2010-12-15,37.38999938964844,37.56999969482422,36.959999084472656,37.13999938964844,26.260513305664062,2885400,0.0,0.0
2010-12-16,37.279998779296875,37.349998474121094,36.959999084472656,37.279998779296875,26.3594970703125,2311900,0.0,0.0
2010-12-17,37.380001068115234,37.61000061035156,37.279998779296875,37.4900016784668,26.50798225402832,2895100,0.0,0.0
2010-12-20,37.59000015258789,37.68000030517578,37.290000915527344,37.52000045776367,26.529184341430664,2282000,0.0,0.0
2010-12-21,37.75,38.22999954223633,37.75,37.97999954223633,26.85445213317871,4328300,0.0,0.0
2010-12-22,37.61000061035156,37.81999969482422,37.40999984741211,37.58000183105469,26.571617126464844,3574700,0.0,0.0
2010-12-23,37.45000076293945,37.75,37.45000076293945,37.66999816894531,26.635244369506836,1568200,0.0,0.0
2010-12-27,37.47999954223633,38.16999816894531,37.439998626708984,38.119998931884766,26.953426361083984,1689100,0.0,0.0
2010-12-28,38.02000045776367,38.16999816894531,37.52000045776367,37.54999923706055,26.550399780273438,1888000,0.0,0.0
2010-12-29,37.70000076293945,37.88999938964844,37.54999923706055,37.63999938964844,26.614036560058594,1648700,0.0,0.0
2010-12-30,37.68000030517578,38.150001525878906,37.52000045776367,37.959999084472656,26.840303421020508,1647700,0.0,0.0
2010-12-31,37.90999984741211,38.02000045776367,37.61000061035156,37.66999816894531,26.635244369506836,826800,0.0,0.0
2011-01-03,37.68000030517578,38.43000030517578,37.130001068115234,37.95000076293945,26.833234786987305,3606200,0.0,0.0
2011-01-04,38.20000076293945,38.20000076293945,37.41999816894531,37.52000045776367,26.529184341430664,2907600,0.0,0.0
2011-01-05,37.43000030517578,37.599998474121094,36.900001525878906,37.599998474121094,26.585763931274414,3651300,0.0,0.0
2011-01-06,37.75,38.130001068115234,37.560001373291016,37.810001373291016,26.7342529296875,2987200,0.0,0.0
2011-01-07,37.939998626708984,38.099998474121094,37.5,37.59000015258789,26.578689575195312,3963300,0.0,0.0
2011-01-10,37.45000076293945,37.88999938964844,37.2599983215332,37.70000076293945,26.656450271606445,3407400,0.0,0.0
2011-01-11,37.7400016784668,38.11000061035156,37.619998931884766,38.029998779296875,26.889787673950195,2362200,0.0,0.0
2011-01-12,37.7599983215332,38.119998931884766,37.75,38.040000915527344,26.89687156677246,2618600,0.0,0.0
2011-01-13,37.939998626708984,38.04999923706055,37.72999954223633,37.849998474121094,26.76251983642578,2124100,0.0,0.0
2011-01-14,37.79999923706055,38.70000076293945,37.709999084472656,38.599998474121094,27.292829513549805,3651100,0.0,0.0
2011-01-18,38.75,39.86000061035156,38.709999084472656,39.86000061035156,28.183734893798828,5599600,0.0,0.0
2011-01-19,38.900001525878906,39.4900016784668,38.900001525878906,39.040000915527344,27.60393714904785,3999700,0.0,0.0
2011-01-20,39.189998626708984,39.2599983215332,38.40999984741211,38.93000030517578,27.526161193847656,4843600,0.0,0.0
2011-01-21,39.2599983215332,39.439998626708984,38.619998931884766,38.77000045776367,27.41303062438965,3637600,0.0,0.0
2011-01-24,38.7599983215332,39.5,38.59000015258789,39.349998474121094,27.823129653930664,3161600,0.0,0.0
2011-01-25,39.2599983215332,39.31999969482422,38.56999969482422,38.779998779296875,27.42010498046875,2937700,0.0,0.0
2011-01-26,39.02000045776367,39.02000045776367,38.470001220703125,38.88999938964844,27.49787139892578,3254700,0.0,0.0
2011-01-27,39.029998779296875,39.66999816894531,38.97999954223633,39.18000030517578,27.702924728393555,3211700,0.0,0.0
2011-01-28,39.29999923706055,39.4900016784668,38.2599983215332,38.29999923706055,27.08070182800293,4059500,0.0,0.0
2011-01-31,38.439998626708984,39.02000045776367,38.16999816894531,38.83000183105469,27.455448150634766,3630300,0.0,0.0
2011-02-01,39.09000015258789,39.70000076293945,39.060001373291016,39.66999816894531,28.049386978149414,2860600,0.0,0.0
2011-02-02,39.59000015258789,39.959999084472656,39.540000915527344,39.7599983215332,28.11302947998047,2779200,0.0,0.0
2011-02-03,39.7400016784668,39.79999923706055,39.130001068115234,39.22999954223633,27.738265991210938,2370900,0.0,0.0
2011-02-04,39.40999984741211,40.0,39.27000045776367,40.0,28.28272819519043,3040800,0.0,0.0
2011-02-07,40.09000015258789,40.47999954223633,39.72999954223633,39.86000061035156,28.183734893798828,3113400,0.0,0.0
2011-02-08,39.81999969482422,39.81999969482422,39.16999816894531,39.619998931884766,28.014026641845703,2760200,0.0,0.0
2011-02-09,39.5099983215332,39.95000076293945,39.349998474121094,39.810001373291016,28.148378372192383,2338000,0.0,0.0
2011-02-10,39.52000045776367,40.0,39.279998779296875,39.9900016784668,28.27565574645996,1919200,0.0,0.0
2011-02-11,39.7599983215332,40.75,39.689998626708984,40.59000015258789,28.69989585876465,2840300,0.0,0.0
2011-02-14,40.70000076293945,41.119998931884766,40.70000076293945,40.9900016784668,28.98271369934082,2524600,0.0,0.0
2011-02-15,41.52000045776367,41.65999984741211,40.880001068115234,41.0,28.989789962768555,3731500,0.0,0.0
2011-02-16,40.20000076293945,41.11000061035156,40.150001525878906,40.84000015258789,28.87665367126465,5198400,0.0,0.0
2011-02-17,40.77000045776367,41.36000061035156,40.540000915527344,41.189998626708984,29.124141693115234,2863700,0.0,0.0
2011-02-18,41.279998779296875,41.380001068115234,40.869998931884766,41.119998931884766,29.074644088745117,2490300,0.0,0.0
2011-02-22,40.56999969482422,40.810001373291016,39.900001525878906,40.060001373291016,28.325149536132812,2915800,0.0,0.0
2011-02-23,39.959999084472656,40.119998931884766,38.790000915527344,39.209999084472656,27.72412872314453,3064800,0.0,0.0
2011-02-24,39.130001068115234,39.65999984741211,38.869998931884766,39.27000045776367,27.766571044921875,3035200,0.0,0.0
2011-02-25,39.45000076293945,40.08000183105469,39.43000030517578,39.9900016784668,28.27565574645996,1597200,0.0,0.0
2011-02-28,40.22999954223633,40.31999969482422,39.34000015258789,39.880001068115234,28.197872161865234,2184800,0.0,0.0
2011-03-01,39.790000915527344,40.150001525878906,39.029998779296875,39.16999816894531,27.69585609436035,3113600,0.0,0.0
2011-03-02,39.02000045776367,40.06999969482422,38.91999816894531,39.7400016784668,28.257606506347656,2661800,0.22,0.0
2011-03-03,40.119998931884766,40.9900016784668,40.08000183105469,40.959999084472656,29.125097274780273,3159600,0.0,0.0
2011-03-04,40.84000015258789,40.9900016784668,40.33000183105469,40.630001068115234,28.89042854309082,2456500,0.0,0.0
2011-03-07,40.63999938964844,40.7400016784668,39.060001373291016,39.619998931884766,28.17226219177246,3370800,0.0,0.0
2011-03-08,39.72999954223633,40.11000061035156,39.25,39.81999969482422,28.314472198486328,2225400,0.0,0.0
2011-03-09,39.650001525878906,39.65999984741211,38.209999084472656,38.5099983215332,27.38298797607422,3074700,0.0,0.0
2011-03-10,38.130001068115234,38.470001220703125,37.630001068115234,37.91999816894531,26.963462829589844,2794700,0.0,0.0
2011-03-11,37.90999984741211,38.650001525878906,37.790000915527344,38.150001525878906,27.127004623413086,3498200,0.0,0.0
2011-03-14,37.959999084472656,38.45000076293945,37.7400016784668,38.16999816894531,27.141237258911133,2190000,0.0,0.0
2011-03-15,37.060001373291016,37.810001373291016,36.36000061035156,37.599998474121094,26.735918045043945,4167200,0.0,0.0
2011-03-16,37.45000076293945,37.86000061035156,36.290000915527344,36.540000915527344,25.982192993164062,4665600,0.0,0.0
2011-03-17,37.099998474121094,37.75,36.84000015258789,37.36000061035156,26.565265655517578,4271000,0.0,0.0
2011-03-18,37.880001068115234,37.939998626708984,37.310001373291016,37.81999969482422,26.892362594604492,4827000,0.0,0.0
2011-03-21,37.9900016784668,38.54999923706055,37.9900016784668,38.119998931884766,27.10567283630371,2204300,0.0,0.0
2011-03-22,38.13999938964844,38.45000076293945,37.81999969482422,37.970001220703125,26.999013900756836,1936800,0.0,0.0
2011-03-23,37.869998931884766,38.45000076293945,37.619998931884766,38.380001068115234,27.290546417236328,1786300,0.0,0.0
2011-03-24,38.66999816894531,39.130001068115234,38.41999816894531,39.099998474121094,27.802522659301758,3714100,0.0,0.0
2011-03-25,39.20000076293945,39.459999084472656,38.9900016784668,39.02000045776367,27.745624542236328,1726300,0.0,0.0
2011-03-28,39.130001068115234,39.5,38.91999816894531,38.959999084472656,27.70296287536621,1713100,0.0,0.0
2011-03-29,38.91999816894531,39.5099983215332,38.5,39.5,28.086929321289062,1543300,0.0,0.0
2011-03-30,39.79999923706055,39.84000015258789,39.11000061035156,39.5,28.086929321289062,1382600,0.0,0.0
2011-03-31,39.349998474121094,39.65999984741211,39.189998626708984,39.380001068115234,28.001619338989258,1724100,0.0,0.0
2011-04-01,39.81999969482422,39.869998931884766,39.029998779296875,39.15999984741211,27.845169067382812,2003900,0.0,0.0
2011-04-04,39.119998931884766,39.20000076293945,38.290000915527344,38.5,27.375885009765625,2569600,0.0,0.0
2011-04-05,38.959999084472656,38.9900016784668,38.099998474121094,38.380001068115234,27.290546417236328,4831600,0.0,0.0
2011-04-06,38.529998779296875,39.36000061035156,38.380001068115234,39.279998779296875,27.93050193786621,3163300,0.0,0.0
2011-04-07,39.279998779296875,39.58000183105469,38.900001525878906,39.33000183105469,27.966064453125,3115600,0.0,0.0
2011-04-08,39.4900016784668,39.599998474121094,38.86000061035156,39.060001373291016,27.774070739746094,2068600,0.0,0.0
2011-04-11,39.06999969482422,39.099998474121094,38.25,38.439998626708984,27.333219528198242,2796300,0.0,0.0
2011-04-12,38.18000030517578,38.2599983215332,37.5,37.75,26.84258270263672,2757000,0.0,0.0
2011-04-13,37.95000076293945,38.09000015258789,37.619998931884766,37.849998474121094,26.913686752319336,2838800,0.0,0.0
2011-04-14,37.650001525878906,37.720001220703125,37.310001373291016,37.66999816894531,26.785694122314453,2999700,0.0,0.0
2011-04-15,37.70000076293945,38.16999816894531,37.22999954223633,38.15999984741211,27.13411521911621,2757300,0.0,0.0
2011-04-18,37.61000061035156,37.72999954223633,36.95000076293945,37.02000045776367,26.323505401611328,3819200,0.0,0.0
2011-04-19,37.13999938964844,37.41999816894531,36.900001525878906,37.34000015258789,26.551055908203125,3026500,0.0,0.0
2011-04-20,38.09000015258789,39.04999923706055,37.95000076293945,38.97999954223633,27.717185974121094,2778900,0.0,0.0
2011-04-21,39.20000076293945,39.380001068115234,39.0,39.099998474121094,27.802522659301758,1610300,0.0,0.0
2011-04-25,39.209999084472656,39.459999084472656,39.099998474121094,39.15999984741211,27.845169067382812,1482100,0.0,0.0
2011-04-26,39.369998931884766,40.08000183105469,39.119998931884766,39.97999954223633,28.428247451782227,2600000,0.0,0.0
2011-04-27,40.11000061035156,40.56999969482422,39.880001068115234,40.54999923706055,28.833547592163086,2167500,0.0,0.0
2011-04-28,40.40999984741211,40.75,40.220001220703125,40.540000915527344,28.82644271850586,1514000,0.0,0.0
2011-04-29,40.5,40.720001220703125,40.2599983215332,40.310001373291016,28.66290855407715,1933500,0.0,0.0
2011-05-02,40.52000045776367,40.779998779296875,40.2599983215332,40.38999938964844,28.719776153564453,2576700,0.0,0.0
2011-05-03,40.36000061035156,40.41999816894531,39.790000915527344,40.18000030517578,28.570470809936523,1391600,0.0,0.0
2011-05-04,40.099998474121094,40.630001068115234,39.779998779296875,40.400001525878906,28.726890563964844,2228900,0.0,0.0
2011-05-05,40.220001220703125,41.0,40.209999084472656,40.34000015258789,28.68422508239746,2047700,0.0,0.0
2011-05-06,40.72999954223633,41.189998626708984,40.41999816894531,40.529998779296875,28.819334030151367,2114900,0.0,0.0
2011-05-09,40.5,40.9900016784668,40.41999816894531,40.81999969482422,29.025541305541992,2125800,0.0,0.0
2011-05-10,41.099998474121094,41.56999969482422,40.83000183105469,41.369998931884766,29.41663932800293,2843100,0.0,0.0
2011-05-11,41.310001373291016,41.4900016784668,40.61000061035156,40.75,28.97577476501465,1992200,0.0,0.0
2011-05-12,40.54999923706055,41.70000076293945,40.4900016784668,41.470001220703125,29.487749099731445,2073200,0.0,0.0
2011-05-13,41.400001525878906,41.5,40.77000045776367,40.790000915527344,29.004201889038086,2392400,0.0,0.0
2011-05-16,40.77000045776367,41.27000045776367,40.5,40.54999923706055,28.833547592163086,1897200,0.0,0.0
2011-05-17,40.470001220703125,40.470001220703125,39.81999969482422,40.22999954223633,28.60600471496582,2914000,0.0,0.0
2011-05-18,42.0,43.279998779296875,41.20000076293945,42.599998474121094,30.291240692138672,10044200,0.0,0.0
2011-05-19,42.66999816894531,42.880001068115234,42.0099983215332,42.310001373291016,30.085037231445312,6321200,0.0,0.0
2011-05-20,42.20000076293945,42.20000076293945,41.75,41.79999923706055,29.722370147705078,4045000,0.0,0.0
2011-05-23,41.439998626708984,41.439998626708984,40.790000915527344,41.029998779296875,29.174861907958984,4174600,0.0,0.0
2011-05-24,41.220001220703125,41.220001220703125,40.36000061035156,40.45000076293945,28.76243782043457,3647200,0.0,0.0
2011-05-25,40.18000030517578,40.220001220703125,39.869998931884766,39.959999084472656,28.59072494506836,5421500,0.25,0.0
2011-05-26,39.900001525878906,40.540000915527344,39.84000015258789,40.380001068115234,28.89122772216797,2800400,0.0,0.0
2011-05-27,40.54999923706055,40.66999816894531,40.400001525878906,40.54999923706055,29.012855529785156,1895400,0.0,0.0
2011-05-31,41.220001220703125,41.220001220703125,40.619998931884766,41.16999816894531,29.456464767456055,3553400,0.0,0.0
2011-06-01,40.93000030517578,41.06999969482422,39.68000030517578,39.86000061035156,28.51917839050293,3208700,0.0,0.0
2011-06-02,39.9900016784668,40.189998626708984,39.58000183105469,39.84000015258789,28.50487518310547,2371900,0.0,0.0
2011-06-03,39.310001373291016,39.68000030517578,38.959999084472656,39.08000183105469,27.961109161376953,2346600,0.0,0.0
2011-06-06,39.08000183105469,39.349998474121094,38.970001220703125,39.0,27.903860092163086,2503300,0.0,0.0
2011-06-07,39.11000061035156,39.75,39.040000915527344,39.439998626708984,28.218673706054688,2946000,0.0,0.0
2011-06-08,39.27000045776367,39.27000045776367,38.439998626708984,38.540000915527344,27.574735641479492,2722400,0.0,0.0
2011-06-09,38.900001525878906,38.900001525878906,38.38999938964844,38.439998626708984,27.503202438354492,3149500,0.0,0.0
2011-06-10,38.310001373291016,38.38999938964844,37.52000045776367,37.869998931884766,27.095367431640625,2875100,0.0,0.0
2011-06-13,37.90999984741211,38.08000183105469,37.279998779296875,37.47999954223633,26.81633186340332,2406900,0.0,0.0
2011-06-14,37.90999984741211,38.119998931884766,37.79999923706055,37.88999938964844,27.10968017578125,3286500,0.0,0.0
2011-06-15,37.529998779296875,37.91999816894531,36.83000183105469,36.959999084472656,26.444276809692383,4330200,0.0,0.0
2011-06-16,37.0,37.20000076293945,36.54999923706055,36.72999954223633,26.27971649169922,4749100,0.0,0.0
2011-06-17,37.18000030517578,37.2599983215332,36.43000030517578,36.58000183105469,26.17240333557129,3376500,0.0,0.0
2011-06-20,36.439998626708984,36.86000061035156,36.380001068115234,36.7400016784668,26.286861419677734,2569400,0.0,0.0
2011-06-21,36.83000183105469,37.810001373291016,36.59000015258789,37.54999923706055,26.866411209106445,3429600,0.0,0.0
2011-06-22,37.29999923706055,37.65999984741211,37.220001220703125,37.31999969482422,26.701860427856445,1866700,0.0,0.0
2011-06-23,36.880001068115234,38.040000915527344,36.689998626708984,37.97999954223633,27.174068450927734,3872800,0.0,0.0
2011-06-24,37.88999938964844,38.060001373291016,37.20000076293945,37.31999969482422,26.701860427856445,3222400,0.0,0.0
2011-06-27,37.38999938964844,38.099998474121094,36.90999984741211,37.84000015258789,27.073911666870117,2400100,0.0,0.0
2011-06-28,37.900001525878906,38.290000915527344,37.68000030517578,38.279998779296875,27.388723373413086,2628800,0.0,0.0
2011-06-29,38.68000030517578,38.77000045776367,38.119998931884766,38.29999923706055,27.403024673461914,2900100,0.0,0.0
2011-06-30,38.40999984741211,39.310001373291016,38.40999984741211,39.13999938964844,28.0040283203125,3196100,0.0,0.0
2011-07-01,39.099998474121094,40.189998626708984,38.849998474121094,39.970001220703125,28.597890853881836,3090000,0.0,0.0
2011-07-05,39.880001068115234,39.9900016784668,39.27000045776367,39.459999084472656,28.23297882080078,2068100,0.0,0.0
2011-07-06,39.45000076293945,39.65999984741211,38.88999938964844,39.630001068115234,28.35462188720703,2666000,0.0,0.0
2011-07-07,39.93000030517578,40.4900016784668,39.689998626708984,40.189998626708984,28.755287170410156,2435200,0.0,0.0
2011-07-08,39.599998474121094,39.7599983215332,39.20000076293945,39.619998931884766,28.347471237182617,2172600,0.0,0.0
2011-07-11,39.18000030517578,39.59000015258789,38.38999938964844,38.540000915527344,27.574735641479492,3429700,0.0,0.0
2011-07-12,37.88999938964844,37.88999938964844,36.22999954223633,36.560001373291016,26.1580867767334,8342400,0.0,0.0
2011-07-13,36.869998931884766,36.959999084472656,36.09000015258789,36.2599983215332,25.943449020385742,4021700,0.0,0.0
2011-07-14,36.43000030517578,36.7400016784668,35.630001068115234,35.88999938964844,25.678709030151367,4670400,0.0,0.0
2011-07-15,36.189998626708984,36.189998626708984,35.560001373291016,35.77000045776367,25.592851638793945,3904500,0.0,0.0
2011-07-18,35.70000076293945,35.70000076293945,35.040000915527344,35.459999084472656,25.371049880981445,3606900,0.0,0.0
2011-07-19,35.720001220703125,36.209999084472656,35.720001220703125,36.09000015258789,25.821807861328125,3005100,0.0,0.0
2011-07-20,36.63999938964844,36.779998779296875,35.959999084472656,36.11000061035156,25.836116790771484,3820200,0.0,0.0
2011-07-21,36.279998779296875,36.560001373291016,35.599998474121094,36.4900016784668,26.108009338378906,3105900,0.0,0.0
2011-07-22,36.38999938964844,37.16999816894531,36.349998474121094,37.060001373291016,26.515823364257812,3135000,0.0,0.0
2011-07-25,36.540000915527344,36.790000915527344,36.25,36.400001525878906,26.04361915588379,3678400,0.0,0.0
2011-07-26,36.47999954223633,37.060001373291016,36.47999954223633,36.790000915527344,26.322647094726562,3002400,0.0,0.0
2011-07-27,35.86000061035156,36.22999954223633,34.7599983215332,34.849998474121094,24.93461036682129,6495400,0.0,0.0
2011-07-28,34.79999923706055,35.20000076293945,34.43000030517578,34.689998626708984,24.820133209228516,4097300,0.0,0.0
2011-07-29,34.36000061035156,34.91999816894531,34.02000045776367,34.400001525878906,24.612646102905273,3756700,0.0,0.0
2011-08-01,34.90999984741211,34.939998626708984,33.72999954223633,34.08000183105469,24.383684158325195,4379000,0.0,0.0
2011-08-02,33.65999984741211,34.04999923706055,32.97999954223633,32.97999954223633,23.59665298461914,4854100,0.0,0.0
2011-08-03,32.68000030517578,33.560001373291016,32.56999969482422,33.5,23.968700408935547,5070100,0.0,0.0
2011-08-04,33.119998931884766,33.20000076293945,31.6299991607666,31.6299991607666,22.63075065612793,6785200,0.0,0.0
2011-08-05,32.08000183105469,32.25,30.690000534057617,31.5,22.537738800048828,9427700,0.0,0.0
2011-08-08,30.690000534057617,31.3700008392334,30.079999923706055,30.18000030517578,21.59330177307129,8762000,0.0,0.0
2011-08-09,30.93000030517578,31.079999923706055,29.229999542236328,31.0,22.180004119873047,11665300,0.0,0.0
2011-08-10,30.450000762939453,31.34000015258789,29.739999771118164,30.670000076293945,21.943889617919922,12990200,0.0,0.0
2011-08-11,30.690000534057617,31.81999969482422,30.549999237060547,31.5,22.537738800048828,9291000,0.0,0.0
2011-08-12,31.639999389648438,31.780000686645508,30.93000030517578,31.489999771118164,22.530580520629883,5900500,0.0,0.0
2011-08-15,31.709999084472656,32.08000183105469,31.34000015258789,32.08000183105469,22.95272445678711,5220000,0.0,0.0
2011-08-16,31.809999465942383,31.860000610351562,31.06999969482422,31.350000381469727,22.430419921875,6122200,0.0,0.0
2011-08-17,31.479999542236328,32.34000015258789,31.110000610351562,31.690000534057617,22.67367935180664,8532100,0.0,0.0
2011-08-18,30.780000686645508,30.979999542236328,29.799999237060547,30.889999389648438,22.10129165649414,9435500,0.0,0.0
2011-08-19,30.5,32.02000045776367,30.5,30.799999237060547,22.036897659301758,8084300,0.0,0.0
2011-08-22,31.459999084472656,31.59000015258789,30.860000610351562,31.200000762939453,22.323097229003906,4903900,0.0,0.0
2011-08-23,31.389999389648438,32.7599983215332,31.1299991607666,32.7599983215332,23.439245223999023,6208300,0.0,0.0
2011-08-24,32.560001373291016,32.560001373291016,31.790000915527344,32.349998474121094,23.323883056640625,5743600,0.25,0.0
2011-08-25,32.31999969482422,32.65999984741211,31.75,31.790000915527344,22.92014503479004,7150500,0.0,0.0
2011-08-26,31.6299991607666,32.459999084472656,31.170000076293945,32.380001068115234,23.345518112182617,4168000,0.0,0.0
2011-08-29,32.790000915527344,33.150001525878906,32.619998931884766,33.119998931884766,23.879053115844727,3723600,0.0,0.0
2011-08-30,33.02000045776367,33.310001373291016,32.58000183105469,33.119998931884766,23.879053115844727,4168600,0.0,0.0
2011-08-31,33.290000915527344,33.459999084472656,32.77000045776367,33.02000045776367,23.80694580078125,4942000,0.0,0.0
2011-09-01,33.099998474121094,33.58000183105469,32.779998779296875,32.84000015258789,23.677169799804688,4369900,0.0,0.0
2011-09-02,32.25,32.34000015258789,31.799999237060547,32.0099983215332,23.078754425048828,3540700,0.0,0.0
2011-09-06,30.90999984741211,31.670000076293945,30.90999984741211,31.610000610351562,22.790361404418945,3767300,0.0,0.0
2011-09-07,32.20000076293945,32.72999954223633,32.16999816894531,32.72999954223633,23.597869873046875,3313600,0.0,0.0
2011-09-08,32.599998474121094,33.4900016784668,32.40999984741211,32.65999984741211,23.547395706176758,4992700,0.0,0.0
2011-09-09,32.310001373291016,32.9900016784668,31.940000534057617,32.11000061035156,23.150856018066406,6544500,0.0,0.0
2011-09-12,31.690000534057617,32.83000183105469,31.690000534057617,32.83000183105469,23.669958114624023,3765200,0.0,0.0
2011-09-13,32.93000030517578,33.369998931884766,32.68000030517578,33.279998779296875,23.994413375854492,3525900,0.0,0.0
2011-09-14,33.59000015258789,34.7599983215332,33.189998626708984,34.400001525878906,24.80191421508789,6232900,0.0,0.0
2011-09-15,34.65999984741211,34.91999816894531,34.099998474121094,34.36000061035156,24.7730712890625,4524900,0.0,0.0
2011-09-16,34.779998779296875,35.130001068115234,34.40999984741211,34.599998474121094,24.946107864379883,3966400,0.0,0.0
2011-09-19,34.540000915527344,34.75,33.880001068115234,34.59000015258789,24.938901901245117,3553800,0.0,0.0
2011-09-20,34.75,34.84000015258789,34.119998931884766,34.16999816894531,24.63608169555664,2810700,0.0,0.0
2011-09-21,34.33000183105469,34.650001525878906,33.220001220703125,33.2400016784668,23.965566635131836,4242200,0.0,0.0
2011-09-22,32.290000915527344,32.630001068115234,31.559999465942383,32.08000183105469,23.129226684570312,6891300,0.0,0.0
2011-09-23,32.0099983215332,33.060001373291016,31.829999923706055,32.849998474121094,23.684383392333984,4614800,0.0,0.0
2011-09-26,33.029998779296875,33.04999923706055,31.75,32.630001068115234,23.5257625579834,5029100,0.0,0.0
2011-09-27,33.119998931884766,34.20000076293945,33.029998779296875,33.599998474121094,24.225120544433594,4215900,0.0,0.0
2011-09-28,33.599998474121094,33.7599983215332,32.439998626708984,32.54999923706055,23.46808624267578,3203200,0.0,0.0
2011-09-29,33.02000045776367,33.209999084472656,31.719999313354492,32.40999984741211,23.367149353027344,5280400,0.0,0.0
2011-09-30,31.8799991607666,32.27000045776367,31.25,31.25,22.530805587768555,5667500,0.0,0.0
2011-10-03,31.780000686645508,32.15999984741211,31.020000457763672,31.06999969482422,22.401031494140625,6494200,0.0,0.0
2011-10-04,30.68000030517578,32.310001373291016,30.649999618530273,32.310001373291016,23.29505157470703,5500000,0.0,0.0
2011-10-05,32.33000183105469,33.4900016784668,31.940000534057617,33.45000076293945,24.11697006225586,3875700,0.0,0.0
2011-10-06,33.2599983215332,33.970001220703125,33.119998931884766,33.93000030517578,24.46304702758789,4405400,0.0,0.0
2011-10-07,34.060001373291016,34.7400016784668,33.72999954223633,34.25,24.693758010864258,4439500,0.0,0.0
2011-10-10,34.900001525878906,35.119998931884766,34.59000015258789,34.970001220703125,25.212867736816406,2406300,0.0,0.0
2011-10-11,34.689998626708984,34.900001525878906,34.45000076293945,34.65999984741211,24.98937225341797,2619100,0.0,0.0
2011-10-12,35.11000061035156,35.43000030517578,34.81999969482422,34.88999938964844,25.155200958251953,3563300,0.0,0.0
2011-10-13,34.66999816894531,35.86000061035156,34.599998474121094,35.689998626708984,25.731979370117188,5019100,0.0,0.0
2011-10-14,36.0099983215332,36.0099983215332,35.20000076293945,35.81999969482422,25.825712203979492,2458400,0.0,0.0
2011-10-17,35.54999923706055,35.72999954223633,34.630001068115234,34.77000045776367,25.068681716918945,3210700,0.0,0.0
2011-10-18,34.7599983215332,35.810001373291016,34.4900016784668,35.68000030517578,25.72477149963379,4063300,0.0,0.0
2011-10-19,35.56999969482422,35.77000045776367,34.72999954223633,34.81999969482422,25.1047306060791,3818000,0.0,0.0
2011-10-20,34.7400016784668,34.86000061035156,33.93000030517578,34.130001068115234,24.60724639892578,6011100,0.0,0.0
2011-10-21,34.779998779296875,35.5,34.560001373291016,35.130001068115234,25.328229904174805,4598100,0.0,0.0
2011-10-24,35.29999923706055,36.5,35.279998779296875,36.06999969482422,26.005958557128906,3151500,0.0,0.0
2011-10-25,35.68000030517578,36.36000061035156,35.349998474121094,35.939998626708984,25.912221908569336,4142400,0.0,0.0
2011-10-26,36.25,36.529998779296875,35.599998474121094,36.18000030517578,26.08527183532715,3788800,0.0,0.0
2011-10-27,37.09000015258789,37.47999954223633,36.70000076293945,37.25,26.856718063354492,3101000,0.0,0.0
2011-10-28,36.97999954223633,37.75,36.779998779296875,37.70000076293945,27.181156158447266,4155000,0.0,0.0
2011-10-31,37.209999084472656,37.34000015258789,36.560001373291016,36.56999969482422,26.3664608001709,3337200,0.0,0.0
2011-11-01,35.47999954223633,35.90999984741211,35.220001220703125,35.43000030517578,25.544517517089844,4180900,0.0,0.0
2011-11-02,35.900001525878906,35.93000030517578,35.220001220703125,35.5,25.59499168395996,2348100,0.0,0.0
2011-11-03,35.83000183105469,36.650001525878906,35.34000015258789,36.59000015258789,26.380874633789062,3243200,0.0,0.0
2011-11-04,36.310001373291016,37.38999938964844,36.27000045776367,37.25,26.856718063354492,2961200,0.0,0.0
2011-11-07,37.119998931884766,37.279998779296875,36.47999954223633,36.7400016784668,26.48900604248047,2755500,0.0,0.0
2011-11-08,36.90999984741211,37.20000076293945,36.470001220703125,37.130001068115234,26.77019691467285,2512300,0.0,0.0
2011-11-09,36.220001220703125,36.34000015258789,35.16999816894531,35.25,25.414745330810547,4614900,0.0,0.0
2011-11-10,35.709999084472656,36.0099983215332,35.290000915527344,35.88999938964844,25.876176834106445,3257300,0.0,0.0
2011-11-11,36.290000915527344,36.97999954223633,36.2599983215332,36.86000061035156,26.575546264648438,1835200,0.0,0.0
2011-11-14,36.880001068115234,37.130001068115234,36.150001525878906,36.369998931884766,26.222248077392578,1846500,0.0,0.0
2011-11-15,36.11000061035156,36.970001220703125,36.11000061035156,36.65999984741211,26.431333541870117,1986800,0.0,0.0
2011-11-16,36.22999954223633,37.52000045776367,36.040000915527344,36.54999923706055,26.352022171020508,4165600,0.0,0.0
2011-11-17,36.41999816894531,36.58000183105469,35.060001373291016,35.5,25.59499168395996,4777200,0.0,0.0
2011-11-18,35.88999938964844,35.939998626708984,35.209999084472656,35.29999923706055,25.450794219970703,2926500,0.0,0.0
2011-11-21,34.79999923706055,34.970001220703125,33.97999954223633,34.34000015258789,24.75865364074707,4364300,0.0,0.0
2011-11-22,34.029998779296875,34.25,32.93000030517578,33.31999969482422,24.02325439453125,5792500,0.0,0.0
2011-11-23,32.93000030517578,33.04999923706055,32.290000915527344,32.5099983215332,23.439250946044922,4282800,0.0,0.0
2011-11-25,32.279998779296875,32.84000015258789,32.18000030517578,32.279998779296875,23.27341651916504,1677600,0.0,0.0
2011-11-28,33.2400016784668,33.41999816894531,32.650001525878906,32.900001525878906,23.72043228149414,3551500,0.0,0.0
2011-11-29,32.970001220703125,33.70000076293945,32.849998474121094,33.22999954223633,23.958349227905273,4504900,0.0,0.0
2011-11-30,33.7599983215332,34.90999984741211,33.650001525878906,34.86000061035156,25.32407569885254,4086700,0.25,0.0
2011-12-01,34.66999816894531,35.33000183105469,34.58000183105469,35.209999084472656,25.578344345092773,3218600,0.0,0.0
2011-12-02,36.470001220703125,36.79999923706055,35.18000030517578,35.2599983215332,25.614660263061523,3790600,0.0,0.0
2011-12-05,35.83000183105469,36.36000061035156,35.4900016784668,35.95000076293945,26.115917205810547,4112400,0.0,0.0
2011-12-06,35.9900016784668,36.189998626708984,35.65999984741211,35.869998931884766,26.057790756225586,2417900,0.0,0.0
2011-12-07,35.650001525878906,35.970001220703125,35.2599983215332,35.79999923706055,26.0069522857666,2694500,0.0,0.0
2011-12-08,35.58000183105469,35.91999816894531,34.66999816894531,34.7400016784668,25.236913681030273,4334700,0.0,0.0
2011-12-09,34.279998779296875,35.400001525878906,33.90999984741211,35.20000076293945,25.571075439453125,3950500,0.0,0.0
2011-12-12,34.7599983215332,34.779998779296875,34.029998779296875,34.36000061035156,24.960859298706055,3691100,0.0,0.0
2011-12-13,34.40999984741211,34.72999954223633,33.72999954223633,33.90999984741211,24.633960723876953,4092400,0.0,0.0
2011-12-14,33.90999984741211,34.09000015258789,33.650001525878906,33.689998626708984,24.474143981933594,4241500,0.0,0.0
2011-12-15,34.08000183105469,34.45000076293945,33.900001525878906,34.04999923706055,24.73565673828125,3122200,0.0,0.0
2011-12-16,34.29999923706055,34.790000915527344,34.04999923706055,34.15999984741211,24.815576553344727,4078300,0.0,0.0
2011-12-19,34.18000030517578,34.369998931884766,33.380001068115234,33.459999084472656,24.307056427001953,2761300,0.0,0.0
2011-12-20,33.93000030517578,35.43000030517578,33.91999816894531,35.279998779296875,25.62919807434082,4406700,0.0,0.0
2011-12-21,35.16999816894531,35.40999984741211,34.439998626708984,35.119998931884766,25.51295280456543,3249600,0.0,0.0
2011-12-22,35.130001068115234,36.060001373291016,35.130001068115234,35.939998626708984,26.1086483001709,2493100,0.0,0.0
2011-12-23,36.04999923706055,36.33000183105469,35.779998779296875,36.209999084472656,26.304794311523438,1334000,0.0,0.0
2011-12-27,36.0,36.619998931884766,36.0,36.380001068115234,26.428281784057617,1553000,0.0,0.0
2011-12-28,36.34000015258789,36.34000015258789,35.58000183105469,35.599998474121094,25.861656188964844,1993900,0.0,0.0
2011-12-29,35.79999923706055,36.0,35.689998626708984,35.849998474121094,26.04326820373535,1658500,0.0,0.0
2011-12-30,35.93000030517578,36.11000061035156,35.72999954223633,35.779998779296875,25.99241828918457,1030900,0.0,0.0
2012-01-03,36.459999084472656,36.709999084472656,35.90999984741211,36.029998779296875,26.174030303955078,3021500,0.0,0.0
2012-01-04,36.0099983215332,36.08000183105469,35.650001525878906,35.97999954223633,26.13770866394043,1428000,0.0,0.0
2012-01-05,35.72999954223633,36.220001220703125,35.72999954223633,36.13999938964844,26.253948211669922,2124300,0.0,0.0
2012-01-06,36.11000061035156,36.220001220703125,35.779998779296875,35.900001525878906,26.07959747314453,3533000,0.0,0.0
2012-01-09,35.90999984741211,36.689998626708984,35.90999984741211,36.599998474121094,26.588106155395508,2593900,0.0,0.0
2012-01-10,36.86000061035156,36.97999954223633,36.58000183105469,36.7599983215332,26.704347610473633,1953500,0.0,0.0
2012-01-11,36.560001373291016,37.0,36.560001373291016,36.90999984741211,26.813308715820312,1526100,0.0,0.0
2012-01-12,37.0,37.4900016784668,36.86000061035156,37.310001373291016,27.103893280029297,2653300,0.0,0.0
2012-01-13,37.04999923706055,37.11000061035156,36.43000030517578,36.619998931884766,26.6026554107666,3376600,0.0,0.0
2012-01-17,36.93000030517578,37.279998779296875,36.849998474121094,37.040000915527344,26.90774917602539,2580800,0.0,0.0
2012-01-18,38.290000915527344,39.45000076293945,38.15999984741211,39.150001525878906,28.4405574798584,7307100,0.0,0.0
2012-01-19,39.16999816894531,39.75,39.06999969482422,39.66999816894531,28.81830596923828,3599800,0.0,0.0
2012-01-20,39.689998626708984,39.84000015258789,39.38999938964844,39.779998779296875,28.898218154907227,3180500,0.0,0.0
2012-01-23,39.81999969482422,39.959999084472656,39.34000015258789,39.5,28.69481086730957,2800700,0.0,0.0
2012-01-24,39.290000915527344,39.970001220703125,39.2599983215332,39.849998474121094,28.949071884155273,2977600,0.0,0.0
2012-01-25,39.720001220703125,39.849998474121094,39.08000183105469,39.779998779296875,28.898218154907227,2866300,0.0,0.0
2012-01-26,39.88999938964844,40.380001068115234,39.15999984741211,39.279998779296875,28.535003662109375,3810200,0.0,0.0
2012-01-27,38.970001220703125,39.58000183105469,38.880001068115234,39.36000061035156,28.593124389648438,3069400,0.0,0.0
2012-01-30,38.91999816894531,39.20000076293945,38.72999954223633,39.08000183105469,28.389713287353516,2322400,0.0,0.0
2012-01-31,39.349998474121094,39.540000915527344,38.97999954223633,39.130001068115234,28.42603874206543,2492700,0.0,0.0
2012-02-01,39.459999084472656,39.86000061035156,39.20000076293945,39.349998474121094,28.585844039916992,3186300,0.0,0.0
2012-02-02,39.43000030517578,39.81999969482422,39.27000045776367,39.34000015258789,28.57859230041504,2300900,0.0,0.0
2012-02-03,39.779998779296875,40.15999984741211,39.619998931884766,40.08000183105469,29.116161346435547,3688000,0.0,0.0
2012-02-06,39.849998474121094,39.86000061035156,39.45000076293945,39.56999969482422,28.745685577392578,3152900,0.0,0.0
2012-02-07,39.349998474121094,39.790000915527344,39.2400016784668,39.66999816894531,28.81830596923828,2013400,0.0,0.0
2012-02-08,39.66999816894531,40.279998779296875,39.599998474121094,39.88999938964844,28.9781436920166,2361900,0.0,0.0
2012-02-09,39.97999954223633,40.15999984741211,39.75,40.099998474121094,29.130691528320312,2520400,0.0,0.0
2012-02-10,39.7400016784668,39.7400016784668,39.310001373291016,39.459999084472656,28.66574478149414,2381100,0.0,0.0
2012-02-13,39.7400016784668,39.79999923706055,38.97999954223633,39.5,28.69481086730957,2056500,0.0,0.0
2012-02-14,39.22999954223633,39.52000045776367,39.06999969482422,39.43000030517578,28.64396095275879,2109800,0.0,0.0
2012-02-15,39.63999938964844,40.040000915527344,39.470001220703125,39.619998931884766,28.78199577331543,2222300,0.0,0.0
2012-02-16,39.689998626708984,40.5099983215332,39.650001525878906,40.36000061035156,29.31955337524414,3169300,0.0,0.0
2012-02-17,40.81999969482422,40.83000183105469,40.2400016784668,40.41999816894531,29.363143920898438,2035100,0.0,0.0
2012-02-21,40.70000076293945,40.70000076293945,40.08000183105469,40.189998626708984,29.196067810058594,2088000,0.0,0.0
2012-02-22,39.7400016784668,40.369998931884766,39.61000061035156,39.81999969482422,28.927282333374023,3278600,0.0,0.0
2012-02-23,39.86000061035156,40.16999816894531,39.060001373291016,39.33000183105469,28.57132911682129,6144100,0.0,0.0
2012-02-24,39.459999084472656,39.459999084472656,38.650001525878906,38.849998474121094,28.222631454467773,4719500,0.0,0.0
2012-02-27,38.630001068115234,39.22999954223633,38.40999984741211,38.81999969482422,28.20083236694336,3258500,0.0,0.0
2012-02-28,38.95000076293945,39.70000076293945,38.81999969482422,39.56999969482422,28.745685577392578,2687400,0.0,0.0
2012-02-29,39.720001220703125,39.77000045776367,39.150001525878906,39.209999084472656,28.484148025512695,2958500,0.0,0.0
2012-03-01,39.31999969482422,39.459999084472656,38.84000015258789,39.150001525878906,28.4405574798584,2693700,0.0,0.0
2012-03-02,38.9900016784668,39.27000045776367,38.59000015258789,38.65999984741211,28.084590911865234,2334100,0.0,0.0
2012-03-05,38.54999923706055,38.630001068115234,37.689998626708984,37.959999084472656,27.57607650756836,2673600,0.0,0.0
2012-03-06,37.540000915527344,38.31999969482422,37.5099983215332,38.08000183105469,27.663249969482422,3586300,0.0,0.0
2012-03-07,37.83000183105469,38.279998779296875,37.83000183105469,38.20000076293945,27.97079086303711,2091800,0.3,0.0
2012-03-08,38.41999816894531,38.650001525878906,38.189998626708984,38.58000183105469,28.249040603637695,1872100,0.0,0.0
2012-03-09,38.58000183105469,39.0099983215332,38.540000915527344,38.88999938964844,28.476022720336914,2667700,0.0,0.0
2012-03-12,38.79999923706055,39.040000915527344,38.54999923706055,38.63999938964844,28.29296875,1484500,0.0,0.0
2012-03-13,38.790000915527344,39.43000030517578,38.72999954223633,39.41999816894531,28.864097595214844,2042100,0.0,0.0
2012-03-14,39.369998931884766,39.959999084472656,39.0,39.04999923706055,28.59317398071289,2876300,0.0,0.0
2012-03-15,39.18000030517578,39.869998931884766,39.029998779296875,39.790000915527344,29.135019302368164,2263000,0.0,0.0
2012-03-16,39.93000030517578,39.970001220703125,39.63999938964844,39.70000076293945,29.069128036499023,2274100,0.0,0.0
2012-03-19,39.52000045776367,40.41999816894531,39.439998626708984,40.290000915527344,29.501134872436523,3344600,0.0,0.0
2012-03-20,39.959999084472656,40.06999969482422,39.599998474121094,40.04999923706055,29.325397491455078,2938500,0.0,0.0
2012-03-21,40.02000045776367,40.290000915527344,40.0,40.13999938964844,29.39130210876465,2211900,0.0,0.0
2012-03-22,39.810001373291016,40.16999816894531,39.68000030517578,39.81999969482422,29.156982421875,2231400,0.0,0.0
2012-03-23,39.81999969482422,39.9900016784668,39.66999816894531,39.91999816894531,29.23019027709961,1558000,0.0,0.0
2012-03-26,40.20000076293945,40.439998626708984,40.09000015258789,40.439998626708984,29.6109619140625,1312500,0.0,0.0
2012-03-27,40.43000030517578,40.599998474121094,40.33000183105469,40.380001068115234,29.567031860351562,1675600,0.0,0.0
2012-03-28,40.33000183105469,40.529998779296875,39.86000061035156,40.119998931884766,29.37665557861328,2422000,0.0,0.0
2012-03-29,39.880001068115234,40.09000015258789,39.66999816894531,40.0099983215332,29.296104431152344,2356900,0.0,0.0
2012-03-30,40.2400016784668,40.560001373291016,39.959999084472656,40.400001525878906,29.58167266845703,2125800,0.0,0.0
2012-04-02,40.38999938964844,40.459999084472656,39.83000183105469,39.900001525878906,29.215564727783203,2424800,0.0,0.0
2012-04-03,39.810001373291016,40.0,38.970001220703125,39.08000183105469,28.615137100219727,3624000,0.0,0.0
2012-04-04,38.779998779296875,38.790000915527344,38.279998779296875,38.689998626708984,28.329574584960938,2598600,0.0,0.0
2012-04-05,38.47999954223633,38.83000183105469,38.41999816894531,38.790000915527344,28.40279769897461,1575200,0.0,0.0
2012-04-09,38.290000915527344,38.29999923706055,37.880001068115234,38.040000915527344,27.853635787963867,2326300,0.0,0.0
2012-04-10,37.95000076293945,38.22999954223633,37.52000045776367,37.61000061035156,27.53878402709961,2018600,0.0,0.0
2012-04-11,37.970001220703125,38.290000915527344,37.869998931884766,37.939998626708984,27.780410766601562,1845400,0.0,0.0
2012-04-12,38.06999969482422,38.970001220703125,37.869998931884766,38.83000183105469,28.43208122253418,2496200,0.0,0.0
2012-04-13,38.75,38.880001068115234,38.040000915527344,38.040000915527344,27.853635787963867,1868200,0.0,0.0
2012-04-16,38.220001220703125,38.52000045776367,37.849998474121094,37.93000030517578,27.77309226989746,1833900,0.0,0.0
2012-04-17,38.209999084472656,38.75,38.11000061035156,38.63999938964844,28.29296875,2518200,0.0,0.0
2012-04-18,38.27000045776367,38.52000045776367,38.06999969482422,38.38999938964844,28.109907150268555,1870000,0.0,0.0
2012-04-19,38.400001525878906,38.849998474121094,38.02000045776367,38.279998779296875,28.029359817504883,2874500,0.0,0.0
2012-04-20,38.31999969482422,38.45000076293945,37.75,37.810001373291016,27.685230255126953,3630100,0.0,0.0
2012-04-23,37.439998626708984,37.459999084472656,36.95000076293945,37.220001220703125,27.253217697143555,2703900,0.0,0.0
2012-04-24,37.4900016784668,37.779998779296875,37.279998779296875,37.459999084472656,27.4289493560791,2897600,0.0,0.0
2012-04-25,37.900001525878906,37.95000076293945,37.36000061035156,37.83000183105469,27.699872970581055,2506200,0.0,0.0
2012-04-26,37.779998779296875,38.56999969482422,37.779998779296875,38.380001068115234,28.10259437561035,1651500,0.0,0.0
2012-04-27,38.540000915527344,39.11000061035156,38.34000015258789,38.970001220703125,28.53459930419922,2451200,0.0,0.0
2012-04-30,38.90999984741211,39.040000915527344,38.790000915527344,38.97999954223633,28.54192352294922,2040800,0.0,0.0
2012-05-01,39.150001525878906,39.310001373291016,38.86000061035156,39.040000915527344,28.585847854614258,1422500,0.0,0.0
2012-05-02,38.79999923706055,39.08000183105469,38.650001525878906,38.9900016784668,28.549245834350586,1864000,0.0,0.0
2012-05-03,38.7599983215332,39.11000061035156,38.119998931884766,38.20000076293945,27.97079086303711,2177500,0.0,0.0
2012-05-04,38.0,38.119998931884766,37.38999938964844,37.5,27.458232879638672,1740000,0.0,0.0
2012-05-07,37.529998779296875,37.65999984741211,37.20000076293945,37.439998626708984,27.414306640625,1232500,0.0,0.0
2012-05-08,37.119998931884766,37.56999969482422,36.689998626708984,37.45000076293945,27.42161750793457,1946400,0.0,0.0
2012-05-09,36.619998931884766,37.27000045776367,36.290000915527344,37.09000015258789,27.15801429748535,3785700,0.0,0.0
2012-05-10,37.369998931884766,37.369998931884766,36.54999923706055,37.130001068115234,27.18731117248535,3186800,0.0,0.0
2012-05-11,37.029998779296875,37.720001220703125,36.880001068115234,37.33000183105469,27.333757400512695,1250000,0.0,0.0
2012-05-14,37.0,37.310001373291016,36.7599983215332,37.189998626708984,27.23125648498535,1196700,0.0,0.0
2012-05-15,37.189998626708984,37.36000061035156,36.58000183105469,36.900001525878906,27.01889419555664,2065200,0.0,0.0
2012-05-16,37.099998474121094,37.130001068115234,36.2400016784668,36.349998474121094,26.616182327270508,3452600,0.0,0.0
2012-05-17,36.5099983215332,36.5099983215332,35.65999984741211,35.68000030517578,26.125595092773438,2689500,0.0,0.0
2012-05-18,35.81999969482422,35.81999969482422,35.0,35.09000015258789,25.693578720092773,3300400,0.0,0.0
2012-05-21,35.060001373291016,35.95000076293945,35.060001373291016,35.869998931884766,26.264719009399414,1629700,0.0,0.0
2012-05-22,35.959999084472656,36.04999923706055,35.5099983215332,35.79999923706055,26.213464736938477,2625300,0.0,0.0
2012-05-23,34.25,35.7599983215332,34.25,35.68000030517578,26.125595092773438,3874800,0.0,0.0
2012-05-24,35.790000915527344,36.16999816894531,35.29999923706055,36.0,26.359914779663086,3225000,0.0,0.0
2012-05-25,35.90999984741211,36.380001068115234,35.779998779296875,36.189998626708984,26.499027252197266,1825800,0.0,0.0
2012-05-29,36.560001373291016,36.91999816894531,36.36000061035156,36.900001525878906,27.01889419555664,2553300,0.0,0.0
2012-05-30,36.369998931884766,36.400001525878906,35.900001525878906,36.150001525878906,26.68670654296875,2265900,0.3,0.0
2012-05-31,36.18000030517578,36.63999938964844,35.88999938964844,36.369998931884766,26.849105834960938,2957800,0.0,0.0
2012-06-01,35.58000183105469,36.279998779296875,35.58000183105469,35.7400016784668,26.384033203125,3471700,0.0,0.0
2012-06-04,35.72999954223633,36.20000076293945,35.18000030517578,35.68000030517578,26.339738845825195,2661500,0.0,0.0
2012-06-05,35.619998931884766,36.34000015258789,35.59000015258789,36.20000076293945,26.72361946105957,1830200,0.0,0.0
2012-06-06,36.439998626708984,37.34000015258789,36.369998931884766,37.31999969482422,27.5504207611084,1923200,0.0,0.0
2012-06-07,37.79999923706055,37.880001068115234,36.790000915527344,36.84000015258789,27.196090698242188,2257700,0.0,0.0
2012-06-08,36.83000183105469,37.20000076293945,36.68000030517578,37.099998474121094,27.388015747070312,1886500,0.0,0.0
2012-06-11,37.619998931884766,37.630001068115234,36.290000915527344,36.33000183105469,26.81957244873047,1829300,0.0,0.0
2012-06-12,36.560001373291016,37.310001373291016,36.43000030517578,37.29999923706055,27.53565788269043,2034100,0.0,0.0
2012-06-13,37.15999984741211,37.16999816894531,36.4900016784668,36.619998931884766,27.033666610717773,1921800,0.0,0.0
2012-06-14,36.79999923706055,36.79999923706055,36.09000015258789,36.439998626708984,26.900789260864258,2253500,0.0,0.0
2012-06-15,36.61000061035156,36.95000076293945,36.34000015258789,36.90999984741211,27.24774742126465,2957800,0.0,0.0
2012-06-18,36.7599983215332,37.599998474121094,36.65999984741211,37.560001373291016,27.727584838867188,1881000,0.0,0.0
2012-06-19,37.79999923706055,38.16999816894531,37.61000061035156,38.0,28.052412033081055,2606300,0.0,0.0
2012-06-20,38.15999984741211,38.47999954223633,37.95000076293945,38.27000045776367,28.251733779907227,2218100,0.0,0.0
2012-06-21,38.13999938964844,38.220001220703125,37.2599983215332,37.31999969482422,27.5504207611084,2123200,0.0,0.0
2012-06-22,37.56999969482422,37.91999816894531,37.45000076293945,37.72999954223633,27.853092193603516,7928300,0.0,0.0
2012-06-25,37.290000915527344,37.310001373291016,36.79999923706055,36.959999084472656,27.284664154052734,2295700,0.0,0.0
2012-06-26,37.0,37.06999969482422,36.22999954223633,36.630001068115234,27.04106330871582,2434700,0.0,0.0
2012-06-27,36.77000045776367,37.290000915527344,36.619998931884766,37.08000183105469,27.37325096130371,2328300,0.0,0.0
2012-06-28,36.63999938964844,36.869998931884766,36.099998474121094,36.52000045776367,26.959842681884766,3074600,0.0,0.0
2012-06-29,37.06999969482422,37.66999816894531,37.02000045776367,37.66999816894531,27.808794021606445,2371900,0.0,0.0
2012-07-02,37.70000076293945,37.70000076293945,36.939998626708984,37.2400016784668,27.491363525390625,2138400,0.0,0.0
2012-07-03,37.2599983215332,37.31999969482422,36.75,37.279998779296875,27.520902633666992,1691000,0.0,0.0
2012-07-05,37.189998626708984,37.58000183105469,36.79999923706055,37.43000030517578,27.631629943847656,1593700,0.0,0.0
2012-07-06,37.11000061035156,37.20000076293945,36.189998626708984,36.619998931884766,27.033666610717773,2143900,0.0,0.0
2012-07-09,36.599998474121094,36.619998931884766,35.97999954223633,36.310001373291016,26.80482292175293,2122100,0.0,0.0
2012-07-10,36.18000030517578,36.650001525878906,35.880001068115234,36.119998931884766,26.664552688598633,2177900,0.0,0.0
2012-07-11,36.25,36.709999084472656,36.09000015258789,36.439998626708984,26.900789260864258,2881900,0.0,0.0
2012-07-12,36.130001068115234,36.209999084472656,35.61000061035156,35.83000183105469,26.450468063354492,1970300,0.0,0.0
2012-07-13,35.959999084472656,36.56999969482422,35.93000030517578,36.470001220703125,26.922931671142578,1431400,0.0,0.0
2012-07-16,36.349998474121094,36.56999969482422,36.06999969482422,36.18000030517578,26.708845138549805,2102700,0.0,0.0
2012-07-17,36.31999969482422,36.75,35.790000915527344,36.56999969482422,26.996755599975586,2828400,0.0,0.0
2012-07-18,36.54999923706055,37.88999938964844,36.43000030517578,37.59000015258789,27.74974822998047,2294000,0.0,0.0
2012-07-19,37.88999938964844,38.33000183105469,37.630001068115234,37.9900016784668,28.04502296447754,2894300,0.0,0.0
2012-07-20,37.91999816894531,37.93000030517578,37.290000915527344,37.4900016784668,27.675926208496094,1697200,0.0,0.0
2012-07-23,37.150001525878906,37.150001525878906,36.36000061035156,36.9900016784668,27.30681037902832,2215900,0.0,0.0
2012-07-24,36.90999984741211,37.0099983215332,36.380001068115234,36.70000076293945,27.09273338317871,1662000,0.0,0.0
2012-07-25,36.84000015258789,38.150001525878906,36.790000915527344,37.95000076293945,28.015504837036133,3353500,0.0,0.0
2012-07-26,38.40999984741211,38.81999969482422,38.130001068115234,38.34000015258789,28.30340576171875,2500300,0.0,0.0
2012-07-27,38.650001525878906,39.5099983215332,38.4900016784668,39.369998931884766,29.063766479492188,2492700,0.0,0.0
2012-07-30,39.400001525878906,39.599998474121094,38.849998474121094,39.220001220703125,28.953041076660156,1771700,0.0,0.0
2012-07-31,39.29999923706055,39.70000076293945,39.06999969482422,39.08000183105469,28.849685668945312,2609500,0.0,0.0
2012-08-01,39.43000030517578,39.58000183105469,38.88999938964844,39.349998474121094,29.04901885986328,3029800,0.0,0.0
2012-08-02,38.900001525878906,39.529998779296875,38.720001220703125,39.08000183105469,28.849685668945312,2250500,0.0,0.0
2012-08-03,39.5,39.939998626708984,39.29999923706055,39.79999923706055,29.381210327148438,2329200,0.0,0.0
2012-08-06,39.959999084472656,40.040000915527344,39.790000915527344,39.84000015258789,29.410747528076172,1805900,0.0,0.0
2012-08-07,39.86000061035156,40.5,39.86000061035156,40.0099983215332,29.536235809326172,2491100,0.0,0.0
2012-08-08,40.060001373291016,40.29999923706055,39.810001373291016,40.18000030517578,29.661733627319336,1672200,0.0,0.0
2012-08-09,40.040000915527344,40.4900016784668,40.0099983215332,40.36000061035156,29.79461669921875,1520800,0.0,0.0
2012-08-10,40.29999923706055,40.5,40.060001373291016,40.43000030517578,29.846290588378906,2020500,0.0,0.0
2012-08-13,40.349998474121094,40.529998779296875,40.040000915527344,40.529998779296875,29.920120239257812,1654200,0.0,0.0
2012-08-14,40.59000015258789,40.720001220703125,40.130001068115234,40.279998779296875,29.735553741455078,1676100,0.0,0.0
2012-08-15,40.2599983215332,40.720001220703125,40.209999084472656,40.43000030517578,29.846290588378906,1338800,0.0,0.0
2012-08-16,40.43000030517578,40.90999984741211,40.400001525878906,40.849998474121094,30.15634536743164,1011600,0.0,0.0
2012-08-17,40.869998931884766,40.88999938964844,40.45000076293945,40.81999969482422,30.134197235107422,1275000,0.0,0.0
2012-08-20,40.58000183105469,40.75,40.2400016784668,40.540000915527344,29.927505493164062,2074600,0.0,0.0
2012-08-21,40.599998474121094,40.79999923706055,40.20000076293945,40.34000015258789,29.779842376708984,3239900,0.0,0.0
2012-08-22,40.0,40.20000076293945,39.41999816894531,39.70000076293945,29.30739974975586,3983200,0.0,0.0
2012-08-23,39.68000030517578,39.75,39.25,39.56999969482422,29.211416244506836,1820000,0.0,0.0
2012-08-24,39.4900016784668,39.91999816894531,39.33000183105469,39.7400016784668,29.33690643310547,1920100,0.0,0.0
2012-08-27,39.83000183105469,39.84000015258789,39.349998474121094,39.599998474121094,29.23357391357422,1349400,0.0,0.0
2012-08-28,39.540000915527344,39.7599983215332,39.41999816894531,39.54999923706055,29.1966552734375,1384900,0.0,0.0
2012-08-29,39.0099983215332,39.599998474121094,39.0099983215332,39.52000045776367,29.397489547729492,1357800,0.3,0.0
2012-08-30,39.459999084472656,39.689998626708984,39.13999938964844,39.38999938964844,29.300800323486328,1557600,0.0,0.0
2012-08-31,39.5,39.779998779296875,39.16999816894531,39.7400016784668,29.56114387512207,1693300,0.0,0.0
2012-09-04,39.599998474121094,39.90999984741211,39.06999969482422,39.36000061035156,29.27849006652832,1618400,0.0,0.0
2012-09-05,39.34000015258789,39.47999954223633,39.0099983215332,39.29999923706055,29.233854293823242,1697800,0.0,0.0
2012-09-06,39.560001373291016,40.540000915527344,39.0,40.34000015258789,30.007474899291992,1918600,0.0,0.0
2012-09-07,40.20000076293945,40.47999954223633,40.04999923706055,40.45000076293945,30.08929443359375,1741300,0.0,0.0
2012-09-10,40.290000915527344,40.5,40.04999923706055,40.06999969482422,29.806612014770508,2388800,0.0,0.0
2012-09-11,40.25,40.5,40.0,40.22999954223633,29.925643920898438,1991400,0.0,0.0
2012-09-12,40.41999816894531,40.470001220703125,40.029998779296875,40.2599983215332,29.947965621948242,1513200,0.0,0.0
2012-09-13,39.7599983215332,41.02000045776367,39.7599983215332,40.88999938964844,30.416584014892578,2342900,0.0,0.0
2012-09-14,41.02000045776367,41.790000915527344,40.779998779296875,41.68000030517578,31.004249572753906,3316400,0.0,0.0
2012-09-17,41.459999084472656,41.5,40.84000015258789,41.15999984741211,30.617427825927734,3857600,0.0,0.0
2012-09-18,40.439998626708984,40.9900016784668,40.40999984741211,40.77000045776367,30.32733917236328,2699200,0.0,0.0
2012-09-19,41.06999969482422,41.06999969482422,40.52000045776367,40.91999816894531,30.43890380859375,1875900,0.0,0.0
2012-09-20,40.83000183105469,40.93000030517578,40.349998474121094,40.5099983215332,30.133926391601562,2116900,0.0,0.0
2012-09-21,40.72999954223633,40.959999084472656,40.279998779296875,40.31999969482422,29.992591857910156,2422600,0.0,0.0
2012-09-24,40.599998474121094,40.77000045776367,39.7599983215332,39.83000183105469,29.62810516357422,1994500,0.0,0.0
2012-09-25,40.13999938964844,40.16999816894531,38.9900016784668,39.0099983215332,29.01812744140625,3840500,0.0,0.0
2012-09-26,39.0099983215332,39.099998474121094,38.439998626708984,38.7599983215332,28.832172393798828,3103200,0.0,0.0
2012-09-27,39.0,39.72999954223633,38.90999984741211,39.59000015258789,29.44957160949707,1946200,0.0,0.0
2012-09-28,39.25,39.4900016784668,39.02000045776367,39.18000030517578,29.144590377807617,2264200,0.0,0.0
2012-10-01,39.349998474121094,39.9900016784668,39.29999923706055,39.5,29.38261604309082,3046100,0.0,0.0
2012-10-02,39.63999938964844,39.790000915527344,39.33000183105469,39.63999938964844,29.48676109313965,1434400,0.0,0.0
2012-10-03,39.63999938964844,39.77000045776367,39.349998474121094,39.54999923706055,29.41982650756836,1269200,0.0,0.0
2012-10-04,39.599998474121094,39.68000030517578,39.2400016784668,39.58000183105469,29.44214630126953,1429000,0.0,0.0
2012-10-05,39.79999923706055,40.130001068115234,39.599998474121094,39.720001220703125,29.54627227783203,1220900,0.0,0.0
2012-10-08,39.209999084472656,39.5,39.0,39.290000915527344,29.226409912109375,1272400,0.0,0.0
2012-10-09,39.18000030517578,39.209999084472656,38.58000183105469,38.66999816894531,28.765216827392578,1778600,0.0,0.0
2012-10-10,38.70000076293945,38.70000076293945,38.09000015258789,38.18000030517578,28.400724411010742,2112600,0.0,0.0
2012-10-11,37.81999969482422,38.310001373291016,37.81999969482422,37.959999084472656,28.23706817626953,3522000,0.0,0.0
2012-10-12,38.11000061035156,38.34000015258789,37.97999954223633,38.11000061035156,28.348651885986328,1852300,0.0,0.0
2012-10-15,38.33000183105469,38.599998474121094,38.15999984741211,38.560001373291016,28.683393478393555,1391200,0.0,0.0
2012-10-16,38.65999984741211,39.4900016784668,38.619998931884766,39.45000076293945,29.34542465209961,2219500,0.0,0.0
2012-10-17,39.220001220703125,39.66999816894531,38.900001525878906,39.529998779296875,29.404943466186523,2178800,0.0,0.0
2012-10-18,39.61000061035156,39.61000061035156,38.9900016784668,39.22999954223633,29.18177604675293,1365800,0.0,0.0
2012-10-19,39.20000076293945,39.2400016784668,38.31999969482422,38.45000076293945,28.6015682220459,1926000,0.0,0.0
2012-10-22,38.59000015258789,38.7599983215332,38.18000030517578,38.439998626708984,28.59413719177246,1448600,0.0,0.0
2012-10-23,38.13999938964844,38.70000076293945,38.0,38.54999923706055,28.675954818725586,1976300,0.0,0.0
2012-10-24,38.88999938964844,38.900001525878906,38.06999969482422,38.16999816894531,28.39328384399414,1543100,0.0,0.0
2012-10-25,38.45000076293945,38.70000076293945,38.2400016784668,38.689998626708984,28.780101776123047,1693200,0.0,0.0
2012-10-26,38.779998779296875,39.130001068115234,38.619998931884766,39.040000915527344,29.04044532775879,1645700,0.0,0.0
2012-10-31,39.25,39.400001525878906,38.91999816894531,39.119998931884766,29.099960327148438,2032200,0.0,0.0
2012-11-01,39.08000183105469,40.4900016784668,39.02000045776367,40.33000183105469,30.00003433227539,2461400,0.0,0.0
2012-11-02,40.33000183105469,40.470001220703125,39.77000045776367,39.81999969482422,29.62065887451172,1936000,0.0,0.0
2012-11-05,39.63999938964844,40.880001068115234,39.63999938964844,40.77000045776367,30.32733917236328,1682400,0.0,0.0
2012-11-06,40.86000061035156,41.4900016784668,40.75,41.33000183105469,30.743885040283203,2733700,0.0,0.0
2012-11-07,40.43000030517578,40.900001525878906,40.18000030517578,40.45000076293945,30.08929443359375,3484600,0.0,0.0
2012-11-08,40.45000076293945,40.650001525878906,39.97999954223633,40.0,29.754566192626953,2488600,0.0,0.0
2012-11-09,40.11000061035156,40.79999923706055,39.959999084472656,40.279998779296875,29.962827682495117,2242700,0.0,0.0
2012-11-12,40.34000015258789,40.369998931884766,39.95000076293945,40.25,29.940521240234375,1119300,0.0,0.0
2012-11-13,39.93000030517578,40.709999084472656,39.849998474121094,40.45000076293945,30.08929443359375,1974300,0.0,0.0
2012-11-14,40.5,40.720001220703125,39.65999984741211,39.7400016784668,29.56114387512207,1663600,0.0,0.0
2012-11-15,39.70000076293945,39.9900016784668,39.2400016784668,39.38999938964844,29.300800323486328,2632600,0.0,0.0
2012-11-16,39.40999984741211,39.529998779296875,38.7400016784668,39.33000183105469,29.256162643432617,2004000,0.0,0.0
2012-11-19,39.97999954223633,40.22999954223633,39.34000015258789,40.209999084472656,29.910764694213867,1497400,0.0,0.0
2012-11-20,40.0,40.43000030517578,39.709999084472656,40.040000915527344,29.784313201904297,2350700,0.0,0.0
2012-11-21,38.959999084472656,40.2599983215332,38.959999084472656,40.11000061035156,29.83638572692871,1187700,0.0,0.0
2012-11-23,40.150001525878906,40.810001373291016,40.0,40.7400016784668,30.305011749267578,741500,0.0,0.0
2012-11-26,40.54999923706055,40.88999938964844,40.220001220703125,40.380001068115234,30.037221908569336,2377300,0.0,0.0
2012-11-27,40.220001220703125,40.72999954223633,39.970001220703125,40.11000061035156,29.83638572692871,2981000,0.0,0.0
2012-11-28,38.88999938964844,40.4900016784668,38.81999969482422,40.400001525878906,30.052101135253906,4887200,0.0,0.0
2012-11-29,40.5099983215332,40.86000061035156,39.900001525878906,40.599998474121094,30.20086097717285,2170400,0.0,0.0
2012-11-30,40.279998779296875,40.790000915527344,40.15999984741211,40.599998474121094,30.20086097717285,2547600,0.0,0.0
2012-12-03,40.84000015258789,40.97999954223633,40.369998931884766,40.439998626708984,30.08185577392578,2223200,0.0,0.0
2012-12-04,40.52000045776367,40.810001373291016,40.25,40.650001525878906,30.23806381225586,1368500,0.0,0.0
2012-12-05,40.540000915527344,40.77000045776367,40.220001220703125,40.56999969482422,30.40293312072754,1572200,0.3,0.0
2012-12-06,40.56999969482422,41.040000915527344,40.529998779296875,40.72999954223633,30.5228328704834,1877800,0.0,0.0
2012-12-07,40.91999816894531,41.349998474121094,40.72999954223633,41.279998779296875,30.93499755859375,2193600,0.0,0.0
2012-12-10,41.06999969482422,41.59000015258789,41.06999969482422,41.43000030517578,31.047412872314453,2282300,0.0,0.0
2012-12-11,41.630001068115234,42.36000061035156,41.40999984741211,42.25,31.661916732788086,2715300,0.0,0.0
2012-12-12,42.2599983215332,42.45000076293945,41.95000076293945,42.02000045776367,31.489540100097656,1742500,0.0,0.0
2012-12-13,41.70000076293945,41.9900016784668,41.36000061035156,41.52000045776367,31.11485481262207,1539900,0.0,0.0
2012-12-14,41.369998931884766,41.599998474121094,41.11000061035156,41.349998474121094,30.987464904785156,2243900,0.0,0.0
2012-12-17,41.41999816894531,41.779998779296875,41.290000915527344,41.54999923706055,31.137344360351562,2518200,0.0,0.0
2012-12-18,41.75,42.310001373291016,41.75,42.15999984741211,31.594465255737305,2128500,0.0,0.0
2012-12-19,42.38999938964844,42.72999954223633,42.150001525878906,42.310001373291016,31.706880569458008,2965200,0.0,0.0
2012-12-20,42.38999938964844,42.459999084472656,41.97999954223633,42.349998474121094,31.73686408996582,2324000,0.0,0.0
2012-12-21,41.939998626708984,42.2400016784668,41.34000015258789,42.189998626708984,31.616954803466797,11347400,0.0,0.0
2012-12-24,42.029998779296875,42.279998779296875,41.70000076293945,42.11000061035156,31.55699920654297,945400,0.0,0.0
2012-12-26,42.18000030517578,42.40999984741211,41.72999954223633,41.790000915527344,31.31719970703125,1419300,0.0,0.0
2012-12-27,41.869998931884766,42.02000045776367,41.40999984741211,41.88999938964844,31.392135620117188,2134700,0.0,0.0
2012-12-28,41.63999938964844,41.9900016784668,41.439998626708984,41.470001220703125,31.0773868560791,1439700,0.0,0.0
2012-12-31,41.470001220703125,42.09000015258789,41.189998626708984,42.060001373291016,31.51953887939453,2366100,0.0,0.0
2013-01-02,42.79999923706055,44.0099983215332,42.79999923706055,44.0,32.97336196899414,3761100,0.0,0.0
2013-01-03,43.599998474121094,43.709999084472656,42.63999938964844,43.290000915527344,32.44129180908203,2953000,0.0,0.0
2013-01-04,43.22999954223633,43.290000915527344,42.43000030517578,42.52000045776367,31.8642635345459,3502800,0.0,0.0
2013-01-07,42.0099983215332,42.810001373291016,42.0,42.650001525878906,31.961681365966797,2377000,0.0,0.0
2013-01-08,42.61000061035156,42.75,42.13999938964844,42.209999084472656,31.631942749023438,1797800,0.0,0.0
2013-01-09,42.189998626708984,42.40999984741211,41.810001373291016,42.099998474121094,31.54951286315918,3117500,0.0,0.0
2013-01-10,42.25,42.630001068115234,42.189998626708984,42.61000061035156,31.93170738220215,2275800,0.0,0.0
2013-01-11,42.400001525878906,42.599998474121094,42.16999816894531,42.2599983215332,31.669397354125977,1952700,0.0,0.0
2013-01-14,42.810001373291016,42.959999084472656,42.09000015258789,42.2400016784668,31.654417037963867,2768400,0.0,0.0
2013-01-15,42.0099983215332,42.290000915527344,41.81999969482422,42.02000045776367,31.489540100097656,2272600,0.0,0.0
2013-01-16,41.91999816894531,42.29999923706055,41.709999084472656,42.08000183105469,31.53451919555664,2620700,0.0,0.0
2013-01-17,42.25,43.189998626708984,42.209999084472656,43.060001373291016,32.268924713134766,2567800,0.0,0.0
2013-01-18,42.849998474121094,43.09000015258789,42.630001068115234,43.060001373291016,32.268924713134766,1916700,0.0,0.0
2013-01-22,42.939998626708984,43.15999984741211,42.7400016784668,43.150001525878906,32.33637237548828,1852900,0.0,0.0
2013-01-23,43.310001373291016,43.45000076293945,43.029998779296875,43.349998474121094,32.486244201660156,2265300,0.0,0.0
2013-01-24,43.380001068115234,43.7599983215332,43.13999938964844,43.43000030517578,32.54621124267578,2379700,0.0,0.0
2013-01-25,43.63999938964844,43.97999954223633,43.54999923706055,43.79999923706055,32.82347869873047,2142400,0.0,0.0
2013-01-28,43.900001525878906,44.16999816894531,43.81999969482422,44.029998779296875,32.99583435058594,1842500,0.0,0.0
2013-01-29,43.9900016784668,44.310001373291016,43.599998474121094,44.150001525878906,33.08575439453125,1781200,0.0,0.0
2013-01-30,44.02000045776367,44.33000183105469,43.869998931884766,44.16999816894531,33.10074234008789,1894800,0.0,0.0
2013-01-31,44.25,44.25,43.529998779296875,43.63999938964844,32.70357131958008,2649300,0.0,0.0
2013-02-01,44.060001373291016,44.7400016784668,44.0,44.66999816894531,33.47544479370117,2684600,0.0,0.0
2013-02-04,44.56999969482422,44.81999969482422,44.04999923706055,44.04999923706055,33.01082229614258,2324200,0.0,0.0
2013-02-05,44.31999969482422,44.86000061035156,44.13999938964844,44.68000030517578,33.482948303222656,2057700,0.0,0.0
2013-02-06,44.36000061035156,44.91999816894531,44.349998474121094,44.7400016784668,33.52790451049805,1962700,0.0,0.0
2013-02-07,44.619998931884766,44.66999816894531,44.060001373291016,44.38999938964844,33.26560974121094,1817600,0.0,0.0
2013-02-08,44.720001220703125,45.900001525878906,44.45000076293945,45.70000076293945,34.2473258972168,2962900,0.0,0.0
2013-02-11,45.9900016784668,46.13999938964844,45.77000045776367,46.08000183105469,34.532108306884766,2383000,0.0,0.0
2013-02-12,46.150001525878906,46.349998474121094,45.959999084472656,46.27000045776367,34.67448425292969,2313600,0.0,0.0
2013-02-13,46.290000915527344,46.630001068115234,46.060001373291016,46.2599983215332,34.66698455810547,2376100,0.0,0.0
2013-02-14,46.02000045776367,46.70000076293945,45.97999954223633,46.540000915527344,34.8768196105957,1991400,0.0,0.0
2013-02-15,46.38999938964844,46.630001068115234,45.86000061035156,46.18000030517578,34.6070442199707,3187400,0.0,0.0
2013-02-19,46.400001525878906,47.040000915527344,46.20000076293945,47.0099983215332,35.229034423828125,2734400,0.0,0.0
2013-02-20,46.900001525878906,47.27000045776367,45.7599983215332,45.790000915527344,34.31477355957031,3472900,0.0,0.0
2013-02-21,45.70000076293945,45.77000045776367,44.84000015258789,45.119998931884766,33.81268310546875,2923100,0.0,0.0
2013-02-22,45.189998626708984,45.88999938964844,45.189998626708984,45.52000045776367,34.11241912841797,2320100,0.0,0.0
2013-02-25,46.11000061035156,46.27000045776367,44.75,44.77000045776367,33.550384521484375,2626700,0.0,0.0
2013-02-26,45.08000183105469,45.310001373291016,44.650001525878906,45.0,33.72275161743164,4383900,0.0,0.0
2013-02-27,44.58000183105469,45.619998931884766,44.310001373291016,45.380001068115234,34.266422271728516,2095000,0.34,0.0
2013-02-28,45.279998779296875,45.81999969482422,43.68000030517578,45.220001220703125,34.14561080932617,2627200,0.0,0.0
2013-03-01,45.0,45.439998626708984,44.40999984741211,45.22999954223633,34.15314483642578,2392800,0.0,0.0
2013-03-04,45.290000915527344,45.349998474121094,44.88999938964844,45.29999923706055,34.20600891113281,1971700,0.0,0.0
2013-03-05,45.5,45.93000030517578,45.5,45.77000045776367,34.560916900634766,1425100,0.0,0.0
2013-03-06,45.83000183105469,46.189998626708984,45.79999923706055,46.119998931884766,34.8251838684082,1908600,0.0,0.0
2013-03-07,46.25,46.2599983215332,45.59000015258789,45.709999084472656,34.515602111816406,1975200,0.0,0.0
2013-03-08,45.959999084472656,46.27000045776367,45.529998779296875,46.04999923706055,34.7723388671875,1663200,0.0,0.0
2013-03-11,45.959999084472656,46.45000076293945,45.790000915527344,46.439998626708984,35.06682586669922,1731700,0.0,0.0
2013-03-12,46.400001525878906,46.63999938964844,46.150001525878906,46.47999954223633,35.09703826904297,1967400,0.0,0.0
2013-03-13,46.40999984741211,46.630001068115234,46.209999084472656,46.47999954223633,35.09703826904297,1864300,0.0,0.0
2013-03-14,46.650001525878906,46.9900016784668,46.470001220703125,46.5099983215332,35.11968994140625,1902600,0.0,0.0
2013-03-15,46.33000183105469,46.529998779296875,45.38999938964844,45.529998779296875,34.37968826293945,4695300,0.0,0.0
2013-03-18,45.25,45.349998474121094,44.72999954223633,44.849998474121094,33.86621856689453,2326900,0.0,0.0
2013-03-19,44.97999954223633,45.15999984741211,44.33000183105469,44.90999984741211,33.911529541015625,1778100,0.0,0.0
2013-03-20,45.290000915527344,45.75,45.130001068115234,45.65999984741211,34.47785568237305,1811300,0.0,0.0
2013-03-21,45.220001220703125,45.400001525878906,44.52000045776367,44.54999923706055,33.639678955078125,1645400,0.0,0.0
2013-03-22,44.81999969482422,45.15999984741211,44.70000076293945,44.900001525878906,33.90398406982422,2071600,0.0,0.0
2013-03-25,45.040000915527344,45.060001373291016,44.369998931884766,44.63999938964844,33.707645416259766,1900100,0.0,0.0
2013-03-26,44.900001525878906,45.779998779296875,44.77000045776367,45.75,34.54581069946289,1623400,0.0,0.0
2013-03-27,45.29999923706055,45.869998931884766,45.02000045776367,45.75,34.54581069946289,1471200,0.0,0.0
2013-03-28,45.630001068115234,46.529998779296875,45.61000061035156,46.4900016784668,35.10457992553711,2095900,0.0,0.0
2013-04-01,46.279998779296875,46.36000061035156,45.310001373291016,45.40999984741211,34.28907012939453,2542600,0.0,0.0
2013-04-02,45.720001220703125,45.7400016784668,44.939998626708984,45.20000076293945,34.13050842285156,2177100,0.0,0.0
2013-04-03,45.09000015258789,45.189998626708984,43.88999938964844,44.060001373291016,33.26968765258789,2431100,0.0,0.0
2013-04-04,44.130001068115234,44.189998626708984,43.619998931884766,43.7400016784668,33.02806091308594,3513900,0.0,0.0
2013-04-05,43.0099983215332,43.68000030517578,42.45000076293945,43.61000061035156,32.929908752441406,3381400,0.0,0.0
2013-04-08,43.63999938964844,44.0,43.349998474121094,44.0,33.22439193725586,2301900,0.0,0.0
2013-04-09,44.029998779296875,44.27000045776367,43.529998779296875,44.06999969482422,33.277252197265625,2574900,0.0,0.0
2013-04-10,44.279998779296875,45.119998931884766,44.040000915527344,45.099998474121094,34.054988861083984,2386200,0.0,0.0
2013-04-11,45.13999938964844,45.400001525878906,44.7400016784668,44.900001525878906,33.90398406982422,2459300,0.0,0.0
2013-04-12,44.709999084472656,44.83000183105469,44.08000183105469,44.59000015258789,33.669883728027344,2311900,0.0,0.0
2013-04-15,44.40999984741211,44.70000076293945,43.84000015258789,43.84000015258789,33.10356903076172,2781000,0.0,0.0
2013-04-16,44.09000015258789,44.779998779296875,43.900001525878906,44.7400016784668,33.78315734863281,2382100,0.0,0.0
2013-04-17,43.56999969482422,43.86000061035156,42.2400016784668,42.849998474121094,32.356021881103516,4737000,0.0,0.0
2013-04-18,43.349998474121094,43.349998474121094,42.15999984741211,42.34000015258789,31.970928192138672,2803000,0.0,0.0
2013-04-19,42.20000076293945,42.689998626708984,41.810001373291016,42.36000061035156,31.986013412475586,2746300,0.0,0.0
2013-04-22,42.619998931884766,42.91999816894531,41.880001068115234,42.65999984741211,32.21255874633789,2253700,0.0,0.0
2013-04-23,42.97999954223633,43.630001068115234,42.849998474121094,43.43000030517578,32.79398727416992,2371400,0.0,0.0
2013-04-24,43.65999984741211,43.810001373291016,43.439998626708984,43.459999084472656,32.81661605834961,2926900,0.0,0.0
2013-04-25,43.970001220703125,43.970001220703125,43.56999969482422,43.650001525878906,32.960105895996094,6025300,0.0,0.0
2013-04-26,43.5099983215332,43.70000076293945,43.209999084472656,43.29999923706055,32.6958122253418,2081200,0.0,0.0
2013-04-29,43.599998474121094,43.77000045776367,43.38999938964844,43.65999984741211,32.96764373779297,1548100,0.0,0.0
2013-04-30,43.560001373291016,44.040000915527344,43.36000061035156,43.9900016784668,33.216827392578125,2572500,0.0,0.0
2013-05-01,44.119998931884766,44.349998474121094,43.7599983215332,43.880001068115234,33.13378143310547,1876200,0.0,0.0
2013-05-02,43.959999084472656,44.45000076293945,43.58000183105469,44.209999084472656,33.382965087890625,2883700,0.0,0.0
2013-05-03,44.709999084472656,45.11000061035156,44.5,45.0,33.97948455810547,2395300,0.0,0.0
2013-05-06,45.279998779296875,45.959999084472656,45.02000045776367,45.81999969482422,34.59867858886719,3211200,0.0,0.0
2013-05-07,45.810001373291016,45.90999984741211,45.54999923706055,45.779998779296875,34.56847381591797,1658400,0.0,0.0
2013-05-08,45.810001373291016,46.130001068115234,45.5,46.08000183105469,34.79500198364258,1441000,0.0,0.0
2013-05-09,45.95000076293945,46.61000061035156,45.95000076293945,46.380001068115234,35.021522521972656,2240500,0.0,0.0
2013-05-10,46.560001373291016,46.83000183105469,46.36000061035156,46.790000915527344,35.33110809326172,1671000,0.0,0.0
2013-05-13,46.529998779296875,46.65999984741211,46.150001525878906,46.25,34.92335510253906,1373800,0.0,0.0
2013-05-14,46.220001220703125,46.529998779296875,46.189998626708984,46.34000015258789,34.991310119628906,1844600,0.0,0.0
2013-05-15,46.290000915527344,46.72999954223633,46.20000076293945,46.689998626708984,35.255592346191406,1443600,0.0,0.0
2013-05-16,46.689998626708984,47.060001373291016,46.470001220703125,46.5,35.11214065551758,1745200,0.0,0.0
2013-05-17,46.84000015258789,47.02000045776367,46.52000045776367,47.02000045776367,35.504791259765625,1816100,0.0,0.0
2013-05-20,46.81999969482422,47.20000076293945,46.7400016784668,46.869998931884766,35.39153289794922,1720300,0.0,0.0
2013-05-21,46.68000030517578,46.880001068115234,46.11000061035156,46.560001373291016,35.15742874145508,2491000,0.0,0.0
2013-05-22,45.650001525878906,46.47999954223633,45.27000045776367,45.54999923706055,34.39479064941406,4085600,0.0,0.0
2013-05-23,45.220001220703125,45.529998779296875,44.4900016784668,45.4900016784668,34.349491119384766,2427300,0.0,0.0
2013-05-24,45.20000076293945,45.40999984741211,44.88999938964844,45.369998931884766,34.25886917114258,1113100,0.0,0.0
2013-05-28,45.619998931884766,46.040000915527344,45.380001068115234,45.47999954223633,34.341941833496094,1664400,0.0,0.0
2013-05-29,45.70000076293945,45.93000030517578,45.2599983215332,45.619998931884766,34.70710754394531,2322200,0.34,0.0
2013-05-30,45.65999984741211,46.650001525878906,45.650001525878906,46.2400016784668,35.178802490234375,2269800,0.0,0.0
2013-05-31,45.91999816894531,46.189998626708984,45.720001220703125,45.93000030517578,34.94293975830078,3349100,0.0,0.0
2013-06-03,45.939998626708984,46.189998626708984,45.369998931884766,45.81999969482422,34.85927200317383,2991400,0.0,0.0
2013-06-04,46.220001220703125,46.81999969482422,45.91999816894531,46.130001068115234,35.09511947631836,2243100,0.0,0.0
2013-06-05,45.91999816894531,46.040000915527344,45.349998474121094,45.38999938964844,34.532135009765625,1871900,0.0,0.0
2013-06-06,45.58000183105469,45.7599983215332,45.0,45.470001220703125,34.59299087524414,1837700,0.0,0.0
2013-06-07,45.72999954223633,46.2599983215332,45.290000915527344,46.209999084472656,35.15597915649414,2423500,0.0,0.0
2013-06-10,46.209999084472656,46.209999084472656,45.7400016784668,45.95000076293945,34.95817184448242,1804800,0.0,0.0
2013-06-11,45.470001220703125,45.68000030517578,44.9900016784668,45.02000045776367,34.250633239746094,1300800,0.0,0.0
2013-06-12,45.43000030517578,45.52000045776367,44.150001525878906,44.150001525878906,33.5887451171875,2172500,0.0,0.0
2013-06-13,44.119998931884766,45.220001220703125,43.86000061035156,45.099998474121094,34.31150436401367,1527400,0.0,0.0
2013-06-14,45.13999938964844,45.41999816894531,44.81999969482422,44.95000076293945,34.1973762512207,1413100,0.0,0.0
2013-06-17,45.11000061035156,46.040000915527344,45.040000915527344,45.95000076293945,34.95817184448242,2558600,0.0,0.0
2013-06-18,46.02000045776367,46.7400016784668,45.91999816894531,46.65999984741211,35.498329162597656,2244100,0.0,0.0
2013-06-19,46.439998626708984,46.70000076293945,45.9900016784668,46.040000915527344,35.02664566040039,1683200,0.0,0.0
2013-06-20,45.599998474121094,45.619998931884766,44.59000015258789,44.66999816894531,33.9843635559082,2047700,0.0,0.0
2013-06-21,44.90999984741211,45.2599983215332,44.58000183105469,45.15999984741211,34.35713577270508,3840000,0.0,0.0
2013-06-24,44.68000030517578,45.029998779296875,43.95000076293945,44.029998779296875,33.49745559692383,2495900,0.0,0.0
2013-06-25,44.619998931884766,44.619998931884766,43.90999984741211,44.52000045776367,33.87024688720703,2382500,0.0,0.0
2013-06-26,45.0099983215332,45.18000030517578,44.380001068115234,45.06999969482422,34.28868103027344,1725300,0.0,0.0
2013-06-27,45.41999816894531,45.5099983215332,45.119998931884766,45.369998931884766,34.51691818237305,1627800,0.0,0.0
2013-06-28,45.13999938964844,45.310001373291016,44.619998931884766,45.060001373291016,34.28105926513672,3925900,0.0,0.0
2013-07-01,45.0,45.599998474121094,45.0,45.369998931884766,34.51691818237305,1489400,0.0,0.0
2013-07-02,45.279998779296875,45.7400016784668,44.9900016784668,45.310001373291016,34.47126388549805,1680700,0.0,0.0
2013-07-03,45.16999816894531,45.95000076293945,44.900001525878906,45.68000030517578,34.752750396728516,666700,0.0,0.0
2013-07-05,45.9900016784668,46.2599983215332,45.68000030517578,46.209999084472656,35.15597915649414,936200,0.0,0.0
2013-07-08,46.27000045776367,46.529998779296875,45.540000915527344,45.7599983215332,34.81361389160156,1588800,0.0,0.0
2013-07-09,46.11000061035156,46.41999816894531,45.88999938964844,46.2599983215332,35.194007873535156,1318400,0.0,0.0
2013-07-10,46.279998779296875,46.7599983215332,46.13999938964844,46.72999954223633,35.55159378051758,1358500,0.0,0.0
2013-07-11,47.2599983215332,48.04999923706055,47.20000076293945,48.0,36.517791748046875,3064600,0.0,0.0
2013-07-12,48.08000183105469,48.43000030517578,47.61000061035156,48.349998474121094,36.78404998779297,1969300,0.0,0.0
2013-07-15,48.27000045776367,48.529998779296875,48.119998931884766,48.400001525878906,36.822086334228516,1594900,0.0,0.0
2013-07-16,48.470001220703125,48.63999938964844,48.279998779296875,48.52000045776367,36.91337966918945,1201100,0.0,0.0
2013-07-17,48.56999969482422,48.93000030517578,48.47999954223633,48.65999984741211,37.01990509033203,2189600,0.0,0.0
2013-07-18,48.790000915527344,48.83000183105469,47.95000076293945,48.34000015258789,36.776458740234375,3021700,0.0,0.0
2013-07-19,48.400001525878906,48.400001525878906,47.84000015258789,47.97999954223633,36.50257110595703,2554400,0.0,0.0
2013-07-22,48.4900016784668,48.4900016784668,47.7599983215332,47.939998626708984,36.47214889526367,2275600,0.0,0.0
2013-07-23,48.52000045776367,48.83000183105469,48.18000030517578,48.380001068115234,36.806884765625,3267200,0.0,0.0
2013-07-24,48.72999954223633,48.779998779296875,47.959999084472656,48.22999954223633,36.69275665283203,2520900,0.0,0.0
2013-07-25,48.11000061035156,48.790000915527344,48.040000915527344,48.75,37.0883674621582,1601500,0.0,0.0
2013-07-26,48.34000015258789,48.560001373291016,48.04999923706055,48.560001373291016,36.94382095336914,1439300,0.0,0.0
2013-07-29,48.52000045776367,48.709999084472656,48.209999084472656,48.5,36.898170471191406,1132100,0.0,0.0
2013-07-30,48.83000183105469,49.02000045776367,48.63999938964844,48.93000030517578,37.225318908691406,1250700,0.0,0.0
2013-07-31,49.13999938964844,49.66999816894531,48.97999954223633,49.380001068115234,37.567665100097656,2615800,0.0,0.0
2013-08-01,49.56999969482422,50.0,49.56999969482422,49.939998626708984,37.99370574951172,1448500,0.0,0.0
2013-08-02,49.72999954223633,49.880001068115234,49.2599983215332,49.869998931884766,37.940467834472656,1384100,0.0,0.0
2013-08-05,49.7400016784668,49.790000915527344,49.470001220703125,49.58000183105469,37.71983337402344,801400,0.0,0.0
2013-08-06,49.540000915527344,49.650001525878906,49.25,49.41999816894531,37.59810256958008,1087200,0.0,0.0
2013-08-07,49.45000076293945,49.45000076293945,48.81999969482422,49.150001525878906,37.3926887512207,1114500,0.0,0.0
2013-08-08,49.52000045776367,49.61000061035156,48.790000915527344,49.099998474121094,37.354652404785156,836500,0.0,0.0
2013-08-09,49.06999969482422,49.22999954223633,48.7599983215332,49.0,37.2785758972168,1187900,0.0,0.0
2013-08-12,48.91999816894531,49.54999923706055,48.88999938964844,49.40999984741211,37.590484619140625,1374000,0.0,0.0
2013-08-13,49.400001525878906,49.689998626708984,48.83000183105469,49.58000183105469,37.71983337402344,1000600,0.0,0.0
2013-08-14,49.400001525878906,49.400001525878906,48.869998931884766,48.880001068115234,37.187286376953125,914300,0.0,0.0
2013-08-15,48.459999084472656,48.47999954223633,47.79999923706055,47.83000183105469,36.38844680786133,1385400,0.0,0.0
2013-08-16,47.77000045776367,48.5099983215332,47.77000045776367,48.29999923706055,36.74601364135742,1333700,0.0,0.0
2013-08-19,48.349998474121094,48.56999969482422,47.779998779296875,47.779998779296875,36.35040283203125,1424800,0.0,0.0
2013-08-20,47.84000015258789,48.22999954223633,47.709999084472656,47.849998474121094,36.40367889404297,2313400,0.0,0.0
2013-08-21,46.650001525878906,47.290000915527344,46.41999816894531,46.95000076293945,35.71894454956055,4024900,0.0,0.0
2013-08-22,47.0,47.59000015258789,46.84000015258789,47.2400016784668,35.93959045410156,1154300,0.0,0.0
2013-08-23,47.34000015258789,47.560001373291016,46.90999984741211,47.33000183105469,36.008052825927734,1770100,0.0,0.0
2013-08-26,47.2599983215332,47.630001068115234,47.13999938964844,47.220001220703125,35.92436981201172,1302200,0.0,0.0
2013-08-27,46.810001373291016,46.90999984741211,46.040000915527344,46.15999984741211,35.11794662475586,2064300,0.0,0.0
2013-08-28,46.0099983215332,46.369998931884766,45.75,46.16999816894531,35.38618850708008,1825700,0.34,0.0
2013-08-29,46.04999923706055,46.77000045776367,45.93000030517578,46.4900016784668,35.63144302368164,1064400,0.0,0.0
2013-08-30,46.4900016784668,47.09000015258789,45.9900016784668,46.279998779296875,35.47049331665039,1441000,0.0,0.0
2013-09-03,46.970001220703125,47.380001068115234,46.54999923706055,46.65999984741211,35.76173782348633,1808700,0.0,0.0
2013-09-04,46.599998474121094,47.65999984741211,46.56999969482422,47.45000076293945,36.367218017578125,1555900,0.0,0.0
2013-09-05,47.5099983215332,47.68000030517578,47.209999084472656,47.290000915527344,36.24457931518555,1705300,0.0,0.0
2013-09-06,47.43000030517578,47.54999923706055,46.70000076293945,47.040000915527344,36.052978515625,1253200,0.0,0.0
2013-09-09,47.2400016784668,47.459999084472656,47.0,47.29999923706055,36.252254486083984,1011700,0.0,0.0
2013-09-10,47.72999954223633,47.95000076293945,47.52000045776367,47.880001068115234,36.69679260253906,1686200,0.0,0.0
2013-09-11,47.619998931884766,48.290000915527344,47.599998474121094,48.2400016784668,36.972713470458984,1710400,0.0,0.0
2013-09-12,48.27000045776367,48.380001068115234,47.86000061035156,47.959999084472656,36.75811004638672,1276700,0.0,0.0
2013-09-13,48.0099983215332,48.13999938964844,47.599998474121094,47.95000076293945,36.75044631958008,754300,0.0,0.0
2013-09-16,48.56999969482422,48.619998931884766,48.04999923706055,48.29999923706055,37.01868438720703,950500,0.0,0.0
2013-09-17,48.349998474121094,48.54999923706055,48.25,48.4900016784668,37.16431427001953,1089200,0.0,0.0
2013-09-18,48.43000030517578,48.540000915527344,47.959999084472656,48.5,37.17197036743164,1842300,0.0,0.0
2013-09-19,48.72999954223633,48.75,48.2400016784668,48.380001068115234,37.08000564575195,1683800,0.0,0.0
2013-09-20,48.38999938964844,48.63999938964844,47.93000030517578,47.9900016784668,36.78109359741211,3518300,0.0,0.0
2013-09-23,48.09000015258789,48.22999954223633,47.439998626708984,47.560001373291016,36.451534271240234,1543000,0.0,0.0
2013-09-24,47.650001525878906,48.04999923706055,47.36000061035156,47.7400016784668,36.5894889831543,1531400,0.0,0.0
2013-09-25,47.77000045776367,47.91999816894531,47.27000045776367,47.58000183105469,36.46686553955078,1031700,0.0,0.0
2013-09-26,47.880001068115234,47.880001068115234,47.34000015258789,47.45000076293945,36.367218017578125,968200,0.0,0.0
2013-09-27,47.20000076293945,47.20000076293945,46.84000015258789,46.88999938964844,35.938011169433594,1957900,0.0,0.0
2013-09-30,46.560001373291016,47.4900016784668,46.36000061035156,47.04999923706055,36.06064987182617,2440000,0.0,0.0
2013-10-01,47.06999969482422,47.310001373291016,46.75,47.11000061035156,36.10662841796875,1722600,0.0,0.0
2013-10-02,46.560001373291016,46.939998626708984,46.5099983215332,46.79999923706055,35.869049072265625,1436800,0.0,0.0
2013-10-03,46.790000915527344,46.83000183105469,45.939998626708984,46.31999969482422,35.50115203857422,2677800,0.0,0.0
2013-10-04,46.380001068115234,47.0099983215332,46.220001220703125,46.9900016784668,36.01466369628906,1865200,0.0,0.0
2013-10-07,46.40999984741211,47.0,46.27000045776367,46.63999938964844,35.74641418457031,1474300,0.0,0.0
2013-10-08,46.619998931884766,46.88999938964844,45.470001220703125,45.70000076293945,35.02595901489258,2388200,0.0,0.0
2013-10-09,45.83000183105469,45.9900016784668,45.279998779296875,45.689998626708984,35.01829147338867,1726300,0.0,0.0
2013-10-10,46.15999984741211,46.709999084472656,45.970001220703125,46.650001525878906,35.75407409667969,1437500,0.0,0.0
2013-10-11,46.79999923706055,47.04999923706055,46.349998474121094,46.97999954223633,36.00700378417969,1428300,0.0,0.0
2013-10-14,46.59000015258789,47.31999969482422,46.310001373291016,47.27000045776367,36.22926330566406,1040000,0.0,0.0
2013-10-15,47.02000045776367,47.209999084472656,46.599998474121094,46.72999954223633,35.815391540527344,1659300,0.0,0.0
2013-10-16,46.599998474121094,47.290000915527344,46.47999954223633,47.2400016784668,36.206268310546875,1607300,0.0,0.0
2013-10-17,46.93000030517578,47.619998931884766,46.70000076293945,47.52000045776367,36.42086410522461,1613500,0.0,0.0
2013-10-18,47.599998474121094,47.66999816894531,47.189998626708984,47.65999984741211,36.528175354003906,1462000,0.0,0.0
2013-10-21,47.77000045776367,47.970001220703125,47.43000030517578,47.75,36.597145080566406,1294200,0.0,0.0
2013-10-22,48.0,48.0,47.20000076293945,47.63999938964844,36.51283645629883,2200200,0.0,0.0
2013-10-23,47.29999923706055,47.29999923706055,46.15999984741211,46.47999954223633,35.62379455566406,1659300,0.0,0.0
2013-10-24,46.66999816894531,46.95000076293945,46.45000076293945,46.95000076293945,35.984004974365234,1617500,0.0,0.0
2013-10-25,47.16999816894531,47.40999984741211,46.59000015258789,46.75,35.83071517944336,1976500,0.0,0.0
2013-10-28,46.7400016784668,47.5,46.54999923706055,47.47999954223633,36.39021301269531,1599700,0.0,0.0
2013-10-29,47.97999954223633,49.18000030517578,47.4900016784668,49.16999816894531,37.68548583984375,2618500,0.0,0.0
2013-10-30,49.11000061035156,49.43000030517578,48.439998626708984,48.779998779296875,37.38657760620117,1939900,0.0,0.0
2013-10-31,48.81999969482422,49.540000915527344,48.81999969482422,49.29999923706055,37.78513717651367,2107800,0.0,0.0
2013-11-01,49.68000030517578,49.75,49.04999923706055,49.68000030517578,38.07635498046875,4688500,0.0,0.0
2013-11-04,49.560001373291016,49.68000030517578,49.0099983215332,49.15999984741211,37.67781448364258,1763000,0.0,0.0
2013-11-05,48.83000183105469,50.040000915527344,48.56999969482422,49.790000915527344,38.16067886352539,6844300,0.0,0.0
2013-11-06,49.9900016784668,50.04999923706055,49.54999923706055,49.93000030517578,38.26798629760742,1085500,0.0,0.0
2013-11-07,49.95000076293945,50.040000915527344,49.08000183105469,49.13999938964844,37.662498474121094,1497800,0.0,0.0
2013-11-08,49.29999923706055,49.810001373291016,48.88999938964844,49.79999923706055,38.1683349609375,1240200,0.0,0.0
2013-11-11,49.66999816894531,49.83000183105469,49.34000015258789,49.65999984741211,38.06104278564453,1088900,0.0,0.0
2013-11-12,49.43000030517578,49.93000030517578,49.369998931884766,49.849998474121094,38.20665740966797,1344600,0.0,0.0
2013-11-13,49.59000015258789,50.380001068115234,49.52000045776367,50.349998474121094,38.589881896972656,1514000,0.0,0.0
2013-11-14,50.369998931884766,50.40999984741211,49.959999084472656,50.36000061035156,38.5975456237793,1070800,0.0,0.0
2013-11-15,50.310001373291016,50.790000915527344,50.04999923706055,50.689998626708984,38.8504524230957,1796000,0.0,0.0
2013-11-18,50.689998626708984,50.70000076293945,50.02000045776367,50.11000061035156,38.405941009521484,1780900,0.0,0.0
2013-11-19,50.189998626708984,50.25,49.38999938964844,49.45000076293945,37.900081634521484,1500900,0.0,0.0
2013-11-20,49.459999084472656,49.540000915527344,48.79999923706055,49.08000183105469,37.61650085449219,2245800,0.0,0.0
2013-11-21,49.41999816894531,49.900001525878906,49.0,49.77000045776367,38.14533996582031,1197000,0.0,0.0
2013-11-22,49.77000045776367,49.849998474121094,49.470001220703125,49.7599983215332,38.13768005371094,1459500,0.0,0.0
2013-11-25,49.88999938964844,49.900001525878906,49.2400016784668,49.65999984741211,38.06104278564453,1902300,0.0,0.0
2013-11-26,49.130001068115234,50.040000915527344,49.130001068115234,49.91999816894531,38.26030731201172,1918100,0.0,0.0
2013-11-27,47.20000076293945,48.56999969482422,46.119998931884766,48.540000915527344,37.202632904052734,7832300,0.0,0.0
2013-11-29,48.65999984741211,48.810001373291016,48.189998626708984,48.220001220703125,36.95737838745117,1909500,0.0,0.0
2013-12-02,47.79999923706055,48.439998626708984,47.79999923706055,48.400001525878906,37.0953369140625,2629500,0.0,0.0
2013-12-03,48.400001525878906,49.81999969482422,48.400001525878906,49.560001373291016,37.98439025878906,5500700,0.0,0.0
2013-12-04,49.15999984741211,49.36000061035156,48.470001220703125,48.77000045776367,37.63711929321289,2455100,0.34,0.0
2013-12-05,48.779998779296875,48.970001220703125,48.58000183105469,48.81999969482422,37.67570495605469,2226300,0.0,0.0
2013-12-06,49.38999938964844,49.5,48.91999816894531,49.27000045776367,38.02297592163086,2217900,0.0,0.0
2013-12-09,49.5,49.59000015258789,48.900001525878906,49.0099983215332,37.822330474853516,1563300,0.0,0.0
2013-12-10,48.849998474121094,49.220001220703125,48.720001220703125,48.90999984741211,37.74516296386719,1485100,0.0,0.0
2013-12-11,49.0099983215332,49.209999084472656,48.61000061035156,48.66999816894531,37.55994415283203,1376900,0.0,0.0
2013-12-12,48.72999954223633,48.869998931884766,48.0099983215332,48.11000061035156,37.12777328491211,2107200,0.0,0.0
2013-12-13,48.40999984741211,48.43000030517578,48.02000045776367,48.40999984741211,37.35929870605469,1831800,0.0,0.0
2013-12-16,48.5,48.84000015258789,48.38999938964844,48.7400016784668,37.613956451416016,1536300,0.0,0.0
2013-12-17,48.63999938964844,49.0,48.540000915527344,48.939998626708984,37.76830291748047,1419600,0.0,0.0
2013-12-18,48.900001525878906,49.779998779296875,48.630001068115234,49.779998779296875,38.41656494140625,1771600,0.0,0.0
2013-12-19,49.77000045776367,49.77000045776367,49.09000015258789,49.65999984741211,38.32395553588867,1589500,0.0,0.0
2013-12-20,49.630001068115234,50.2599983215332,49.45000076293945,50.0099983215332,38.59405517578125,2828400,0.0,0.0
2013-12-23,50.22999954223633,50.630001068115234,50.04999923706055,50.619998931884766,39.0648078918457,1873100,0.0,0.0
2013-12-24,50.369998931884766,50.84000015258789,50.349998474121094,50.630001068115234,39.07253646850586,710000,0.0,0.0
2013-12-26,50.84000015258789,50.90999984741211,50.560001373291016,50.7400016784668,39.15740966796875,688700,0.0,0.0
2013-12-27,50.77000045776367,50.93000030517578,50.630001068115234,50.70000076293945,39.126556396484375,631000,0.0,0.0
2013-12-30,50.5099983215332,50.900001525878906,50.5099983215332,50.849998474121094,39.2423095703125,918400,0.0,0.0
2013-12-31,51.0,51.20000076293945,50.70000076293945,50.93000030517578,39.304039001464844,857000,0.0,0.0
2014-01-02,49.52000045776367,49.75,49.040000915527344,49.279998779296875,38.030704498291016,2799000,0.0,0.0
2014-01-03,49.27000045776367,49.790000915527344,49.13999938964844,49.61000061035156,38.28536605834961,1644700,0.0,0.0
2014-01-06,49.349998474121094,49.5,49.150001525878906,49.33000183105469,38.06928634643555,2165000,0.0,0.0
2014-01-07,49.4900016784668,49.779998779296875,49.34000015258789,49.59000015258789,38.269935607910156,1338500,0.0,0.0
2014-01-08,49.709999084472656,49.900001525878906,49.380001068115234,49.709999084472656,38.36253356933594,1201600,0.0,0.0
2014-01-09,49.45000076293945,49.630001068115234,49.189998626708984,49.52000045776367,38.21590805053711,2470900,0.0,0.0
2014-01-10,49.43000030517578,49.59000015258789,49.13999938964844,49.529998779296875,38.2236213684082,2072200,0.0,0.0
2014-01-13,49.209999084472656,49.54999923706055,48.65999984741211,48.869998931884766,37.71427917480469,2989700,0.0,0.0
2014-01-14,48.93000030517578,50.02000045776367,48.88999938964844,49.709999084472656,38.36253356933594,2879900,0.0,0.0
2014-01-15,49.75,50.33000183105469,49.72999954223633,50.02000045776367,38.601783752441406,2120700,0.0,0.0
2014-01-16,50.47999954223633,50.5,49.72999954223633,49.81999969482422,38.447425842285156,2885000,0.0,0.0
2014-01-17,49.56999969482422,49.939998626708984,49.209999084472656,49.380001068115234,38.10786437988281,3104300,0.0,0.0
2014-01-21,49.95000076293945,50.119998931884766,49.459999084472656,49.97999954223633,38.570899963378906,2228500,0.0,0.0
2014-01-22,49.86000061035156,50.540000915527344,49.7599983215332,50.369998931884766,38.87187576293945,1659900,0.0,0.0
2014-01-23,50.220001220703125,50.310001373291016,49.33000183105469,49.40999984741211,38.13102340698242,2236500,0.0,0.0
2014-01-24,49.38999938964844,49.38999938964844,48.209999084472656,48.25,37.235816955566406,2628300,0.0,0.0
2014-01-27,48.31999969482422,48.720001220703125,48.11000061035156,48.220001220703125,37.21267318725586,1888300,0.0,0.0
2014-01-28,48.16999816894531,48.75,48.11000061035156,48.5099983215332,37.436458587646484,1777400,0.0,0.0
2014-01-29,48.31999969482422,48.90999984741211,48.099998474121094,48.27000045776367,37.25124740600586,1994100,0.0,0.0
2014-01-30,48.869998931884766,49.119998931884766,48.41999816894531,48.88999938964844,37.72972106933594,1385400,0.0,0.0
2014-01-31,48.34000015258789,48.72999954223633,48.06999969482422,48.27000045776367,37.25124740600586,1927500,0.0,0.0
2014-02-03,48.22999954223633,48.349998474121094,47.13999938964844,47.2599983215332,36.4718132019043,2892200,0.0,0.0
2014-02-04,47.70000076293945,47.75,47.22999954223633,47.689998626708984,36.80363845825195,2333300,0.0,0.0
2014-02-05,47.43000030517578,48.0099983215332,47.27000045776367,47.849998474121094,36.9271354675293,2589400,0.0,0.0
2014-02-06,48.0099983215332,48.68000030517578,47.86000061035156,48.349998474121094,37.31298828125,1797900,0.0,0.0
2014-02-07,48.58000183105469,48.970001220703125,48.2599983215332,48.970001220703125,37.79146194458008,1822100,0.0,0.0
2014-02-10,48.779998779296875,49.31999969482422,48.75,49.220001220703125,37.98439407348633,1458700,0.0,0.0
2014-02-11,49.310001373291016,49.88999938964844,49.189998626708984,49.75,38.39341354370117,1230800,0.0,0.0
2014-02-12,49.959999084472656,50.189998626708984,49.720001220703125,49.88999938964844,38.501434326171875,1802500,0.0,0.0
2014-02-13,49.689998626708984,50.70000076293945,49.630001068115234,50.689998626708984,39.11882400512695,2124700,0.0,0.0
2014-02-14,50.41999816894531,50.9900016784668,50.27000045776367,50.77000045776367,39.180572509765625,2168200,0.0,0.0
2014-02-18,50.439998626708984,51.34000015258789,50.439998626708984,51.22999954223633,39.535552978515625,3936600,0.0,0.0
2014-02-19,51.900001525878906,52.380001068115234,51.40999984741211,51.56999969482422,39.797950744628906,4079500,0.0,0.0
2014-02-20,51.720001220703125,51.869998931884766,51.0099983215332,51.400001525878906,39.6667594909668,3741300,0.0,0.0
2014-02-21,51.369998931884766,51.599998474121094,51.09000015258789,51.119998931884766,39.45066833496094,1969500,0.0,0.0
2014-02-24,51.290000915527344,51.61000061035156,50.95000076293945,50.959999084472656,39.32719802856445,2096300,0.0,0.0
2014-02-25,50.9900016784668,51.040000915527344,50.4900016784668,50.79999923706055,39.2037239074707,2206400,0.0,0.0
2014-02-26,50.66999816894531,51.36000061035156,50.560001373291016,50.84000015258789,39.52244186401367,1579000,0.37,0.0
2014-02-27,50.810001373291016,51.20000076293945,50.75,51.029998779296875,39.670143127441406,1395200,0.0,0.0
2014-02-28,51.150001525878906,51.150001525878906,50.47999954223633,50.81999969482422,39.50690460205078,2141400,0.0,0.0
2014-03-03,50.58000183105469,50.779998779296875,50.22999954223633,50.58000183105469,39.32032775878906,1309800,0.0,0.0
2014-03-04,50.939998626708984,51.41999816894531,50.86000061035156,51.20000076293945,39.802310943603516,1646600,0.0,0.0
2014-03-05,51.2599983215332,51.279998779296875,50.86000061035156,51.2400016784668,39.83340072631836,1057400,0.0,0.0
2014-03-06,51.290000915527344,51.619998931884766,51.08000183105469,51.56999969482422,40.08993148803711,1248900,0.0,0.0
2014-03-07,51.77000045776367,51.83000183105469,51.2599983215332,51.83000183105469,40.29206466674805,2847300,0.0,0.0
2014-03-10,51.849998474121094,51.900001525878906,51.54999923706055,51.79999923706055,40.268741607666016,1822800,0.0,0.0
2014-03-11,51.849998474121094,51.93000030517578,51.369998931884766,51.52000045776367,40.051082611083984,1464900,0.0,0.0
2014-03-12,51.18000030517578,51.72999954223633,51.130001068115234,51.72999954223633,40.21432876586914,1490500,0.0,0.0
2014-03-13,51.939998626708984,51.939998626708984,50.189998626708984,50.45000076293945,39.219268798828125,2162100,0.0,0.0
2014-03-14,50.25,50.849998474121094,50.029998779296875,50.09000015258789,38.939422607421875,1724100,0.0,0.0
2014-03-17,50.2599983215332,50.93000030517578,50.2599983215332,50.68000030517578,39.398075103759766,2297000,0.0,0.0
2014-03-18,50.869998931884766,51.54999923706055,50.709999084472656,51.439998626708984,39.988861083984375,1744500,0.0,0.0
2014-03-19,51.439998626708984,51.68000030517578,51.18000030517578,51.599998474121094,40.11327362060547,2126100,0.0,0.0
2014-03-20,51.439998626708984,53.2599983215332,51.20000076293945,53.22999954223633,41.38041687011719,4521800,0.0,0.0
2014-03-21,53.7400016784668,54.310001373291016,53.0,53.2400016784668,41.388187408447266,6903900,0.0,0.0
2014-03-24,53.16999816894531,53.77000045776367,52.7400016784668,53.61000061035156,41.67581558227539,3019300,0.0,0.0
2014-03-25,53.869998931884766,54.33000183105469,53.279998779296875,53.290000915527344,41.427059173583984,3611000,0.0,0.0
2014-03-26,53.5099983215332,53.72999954223633,52.75,52.75,41.00725555419922,2616000,0.0,0.0
2014-03-27,52.779998779296875,53.15999984741211,52.380001068115234,52.58000183105469,40.87510681152344,1197500,0.0,0.0
2014-03-28,52.849998474121094,53.290000915527344,52.619998931884766,52.84000015258789,41.07722091674805,1242400,0.0,0.0
2014-03-31,53.029998779296875,53.380001068115234,52.869998931884766,53.13999938964844,41.310447692871094,1732000,0.0,0.0
2014-04-01,53.5,54.099998474121094,53.220001220703125,54.08000183105469,42.04118347167969,2045600,0.0,0.0
2014-04-02,54.06999969482422,54.279998779296875,53.75,54.060001373291016,42.02565002441406,1945800,0.0,0.0
2014-04-03,54.15999984741211,54.400001525878906,53.790000915527344,53.97999954223633,41.96345138549805,1603300,0.0,0.0
2014-04-04,54.2400016784668,54.369998931884766,52.810001373291016,52.91999816894531,41.1394157409668,2272600,0.0,0.0
2014-04-07,52.970001220703125,53.849998474121094,52.84000015258789,53.119998931884766,41.294898986816406,2231100,0.0,0.0
2014-04-08,52.9900016784668,54.0099983215332,52.9900016784668,53.959999084472656,41.947906494140625,2136000,0.0,0.0
2014-04-09,54.15999984741211,54.33000183105469,53.70000076293945,54.29999923706055,42.21220779418945,1417500,0.0,0.0
2014-04-10,54.150001525878906,54.36000061035156,52.47999954223633,52.4900016784668,40.805137634277344,1905700,0.0,0.0
2014-04-11,52.43000030517578,52.93000030517578,52.06999969482422,52.09000015258789,40.49419021606445,2104100,0.0,0.0
2014-04-14,52.650001525878906,52.75,52.060001373291016,52.459999084472656,40.78181457519531,1486300,0.0,0.0
2014-04-15,52.400001525878906,53.290000915527344,52.22999954223633,53.18000030517578,41.3415412902832,2280600,0.0,0.0
2014-04-16,53.150001525878906,53.150001525878906,51.34000015258789,52.150001525878906,40.54084014892578,3049900,0.0,0.0
2014-04-17,52.09000015258789,53.189998626708984,52.06999969482422,52.849998474121094,41.08500289916992,2051900,0.0,0.0
2014-04-21,53.06999969482422,53.18000030517578,52.560001373291016,52.900001525878906,41.123870849609375,786800,0.0,0.0
2014-04-22,52.86000061035156,53.41999816894531,52.59000015258789,53.29999923706055,41.434814453125,1113200,0.0,0.0
2014-04-23,53.279998779296875,53.56999969482422,53.09000015258789,53.290000915527344,41.427059173583984,956500,0.0,0.0
2014-04-24,53.900001525878906,54.369998931884766,53.560001373291016,53.70000076293945,41.74578094482422,2437300,0.0,0.0
2014-04-25,53.02000045776367,53.150001525878906,51.02000045776367,51.41999816894531,39.97332763671875,3307000,0.0,0.0
2014-04-28,51.209999084472656,51.90999984741211,50.06999969482422,50.9900016784668,39.63905715942383,2243800,0.0,0.0
2014-04-29,50.66999816894531,51.41999816894531,50.66999816894531,51.189998626708984,39.79453659057617,1350600,0.0,0.0
2014-04-30,50.97999954223633,51.349998474121094,50.560001373291016,51.290000915527344,39.87228012084961,1762500,0.0,0.0
2014-05-01,51.380001068115234,51.529998779296875,50.77000045776367,50.81999969482422,39.50690460205078,1529100,0.0,0.0
2014-05-02,50.939998626708984,51.83000183105469,50.790000915527344,51.40999984741211,39.96556091308594,2033200,0.0,0.0
2014-05-05,50.9900016784668,51.5,50.869998931884766,51.18000030517578,39.7867546081543,674100,0.0,0.0
2014-05-06,51.25,51.310001373291016,50.7400016784668,50.7400016784668,39.4447021484375,1731600,0.0,0.0
2014-05-07,50.720001220703125,50.93000030517578,50.08000183105469,50.79999923706055,39.49135208129883,1788200,0.0,0.0
2014-05-08,50.720001220703125,51.91999816894531,50.5099983215332,51.310001373291016,39.887821197509766,1967000,0.0,0.0
2014-05-09,51.290000915527344,51.400001525878906,50.83000183105469,51.25,39.84117126464844,1039200,0.0,0.0
2014-05-12,51.810001373291016,52.349998474121094,51.439998626708984,52.22999954223633,40.60301208496094,1496000,0.0,0.0
2014-05-13,52.369998931884766,52.459999084472656,51.34000015258789,51.470001220703125,40.012210845947266,2074500,0.0,0.0
2014-05-14,51.279998779296875,51.369998931884766,51.02000045776367,51.060001373291016,39.6934700012207,1816200,0.0,0.0
2014-05-15,50.91999816894531,51.220001220703125,50.40999984741211,50.779998779296875,39.475799560546875,2559100,0.0,0.0
2014-05-16,50.9900016784668,51.65999984741211,50.720001220703125,51.599998474121094,40.11327362060547,3128200,0.0,0.0
2014-05-19,51.599998474121094,52.189998626708984,51.560001373291016,51.97999954223633,40.40867233276367,1700900,0.0,0.0
2014-05-20,52.06999969482422,52.22999954223633,51.689998626708984,51.97999954223633,40.40867233276367,4419000,0.0,0.0
2014-05-21,52.7400016784668,52.75,50.880001068115234,51.33000183105469,39.90338134765625,4534700,0.0,0.0
2014-05-22,51.349998474121094,52.029998779296875,51.349998474121094,51.7400016784668,40.222103118896484,2021300,0.0,0.0
2014-05-23,51.88999938964844,52.459999084472656,51.61000061035156,52.38999938964844,40.72740936279297,1578600,0.0,0.0
2014-05-27,52.560001373291016,53.130001068115234,52.36000061035156,53.02000045776367,41.217159271240234,1920900,0.0,0.0
2014-05-28,52.58000183105469,52.59000015258789,52.09000015258789,52.45000076293945,41.06059265136719,1659700,0.37,0.0
2014-05-29,52.650001525878906,52.720001220703125,52.20000076293945,52.2599983215332,40.911842346191406,1683400,0.0,0.0
2014-05-30,52.439998626708984,52.52000045776367,52.18000030517578,52.380001068115234,41.00579071044922,1265300,0.0,0.0
2014-06-02,52.40999984741211,52.560001373291016,51.91999816894531,52.369998931884766,40.997947692871094,1401500,0.0,0.0
2014-06-03,52.25,52.619998931884766,52.150001525878906,52.470001220703125,41.07624435424805,1145700,0.0,0.0
2014-06-04,52.209999084472656,52.619998931884766,52.209999084472656,52.4900016784668,41.091896057128906,1079600,0.0,0.0
2014-06-05,52.310001373291016,52.66999816894531,52.040000915527344,52.56999969482422,41.1545295715332,1353100,0.0,0.0
2014-06-06,52.86000061035156,53.279998779296875,52.599998474121094,52.689998626708984,41.248470306396484,1201200,0.0,0.0
2014-06-09,54.279998779296875,56.18000030517578,54.279998779296875,55.310001373291016,43.299537658691406,6815600,0.0,0.0
2014-06-10,55.189998626708984,56.040000915527344,55.13999938964844,55.790000915527344,43.675315856933594,2720900,0.0,0.0
2014-06-11,55.13999938964844,56.02000045776367,55.13999938964844,55.630001068115234,43.55006790161133,2147200,0.0,0.0
2014-06-12,55.619998931884766,55.900001525878906,55.27000045776367,55.439998626708984,43.40130615234375,1534200,0.0,0.0
2014-06-13,55.540000915527344,55.97999954223633,55.290000915527344,55.619998931884766,43.542213439941406,1649700,0.0,0.0
2014-06-16,55.4900016784668,55.81999969482422,55.15999984741211,55.5,43.44829559326172,1882700,0.0,0.0
2014-06-17,55.33000183105469,55.91999816894531,55.29999923706055,55.70000076293945,43.60486602783203,1251900,0.0,0.0
2014-06-18,55.63999938964844,55.70000076293945,54.79999923706055,55.130001068115234,43.158634185791016,1751800,0.0,0.0
2014-06-19,55.27000045776367,55.27000045776367,54.47999954223633,54.93000030517578,43.00206756591797,1853500,0.0,0.0
2014-06-20,55.0,55.0,54.47999954223633,54.689998626708984,42.81418228149414,3092400,0.0,0.0
2014-06-23,54.77000045776367,54.959999084472656,54.45000076293945,54.52000045776367,42.681087493896484,894000,0.0,0.0
2014-06-24,54.52000045776367,54.689998626708984,53.779998779296875,53.869998931884766,42.17222595214844,1113900,0.0,0.0
2014-06-25,53.81999969482422,54.04999923706055,53.45000076293945,53.75,42.07830047607422,1757900,0.0,0.0
2014-06-26,53.65999984741211,53.7599983215332,53.06999969482422,53.54999923706055,41.921714782714844,1481600,0.0,0.0
2014-06-27,53.81999969482422,53.880001068115234,53.279998779296875,53.5,41.88257598876953,1485500,0.0,0.0
2014-06-30,53.650001525878906,54.13999938964844,53.4900016784668,54.06999969482422,42.32880783081055,2167000,0.0,0.0
2014-07-01,53.77000045776367,54.65999984741211,53.72999954223633,54.52000045776367,42.681087493896484,2201400,0.0,0.0
2014-07-02,54.38999938964844,54.720001220703125,54.18000030517578,54.40999984741211,42.59498977661133,1740400,0.0,0.0
2014-07-03,54.41999816894531,54.84000015258789,54.2599983215332,54.83000183105469,42.92377853393555,711200,0.0,0.0
2014-07-07,54.59000015258789,54.93000030517578,54.5,54.65999984741211,42.79069519042969,1197900,0.0,0.0
2014-07-08,54.68000030517578,54.90999984741211,54.25,54.45000076293945,42.62630081176758,1645600,0.0,0.0
2014-07-09,54.47999954223633,54.869998931884766,53.4900016784668,54.7400016784668,42.85331726074219,1200300,0.0,0.0
2014-07-10,54.11000061035156,54.66999816894531,53.83000183105469,54.400001525878906,42.58714294433594,982600,0.0,0.0
2014-07-11,54.459999084472656,54.459999084472656,54.0099983215332,54.290000915527344,42.501033782958984,933900,0.0,0.0
2014-07-14,54.7599983215332,54.93000030517578,53.7599983215332,53.849998474121094,42.15657043457031,2179400,0.0,0.0
2014-07-15,53.77000045776367,54.20000076293945,53.45000076293945,53.72999954223633,42.062625885009766,1900200,0.0,0.0
2014-07-16,53.83000183105469,54.060001373291016,53.5099983215332,53.66999816894531,42.01567459106445,1787400,0.0,0.0
2014-07-17,53.38999938964844,53.540000915527344,52.93000030517578,52.939998626708984,41.444183349609375,1369700,0.0,0.0
2014-07-18,53.040000915527344,53.689998626708984,52.939998626708984,53.47999954223633,41.86691665649414,1173100,0.0,0.0
2014-07-21,53.349998474121094,53.75,53.11000061035156,53.459999084472656,41.85125732421875,977900,0.0,0.0
2014-07-22,53.599998474121094,53.869998931884766,53.560001373291016,53.75,42.07830047607422,1165800,0.0,0.0
2014-07-23,53.400001525878906,53.400001525878906,51.209999084472656,51.279998779296875,40.1446647644043,3931100,0.0,0.0
2014-07-24,51.36000061035156,51.63999938964844,50.810001373291016,51.29999923706055,40.16029357910156,2517500,0.0,0.0
2014-07-25,51.0099983215332,51.04999923706055,50.0,50.15999984741211,39.26784133911133,3059800,0.0,0.0
2014-07-28,50.15999984741211,50.720001220703125,49.65999984741211,50.54999923706055,39.57316970825195,2407900,0.0,0.0
2014-07-29,50.5,51.18000030517578,50.459999084472656,50.52000045776367,39.5496826171875,1508500,0.0,0.0
2014-07-30,50.81999969482422,51.130001068115234,50.56999969482422,50.86000061035156,39.815860748291016,1887200,0.0,0.0
2014-07-31,50.400001525878906,50.83000183105469,49.619998931884766,49.630001068115234,38.85293960571289,1888300,0.0,0.0
2014-08-01,49.61000061035156,50.18000030517578,49.470001220703125,50.0099983215332,39.150428771972656,1698900,0.0,0.0
2014-08-04,50.0,50.11000061035156,49.380001068115234,49.689998626708984,38.899925231933594,1851700,0.0,0.0
2014-08-05,49.61000061035156,49.970001220703125,49.279998779296875,49.650001525878906,38.86861038208008,1752800,0.0,0.0
2014-08-06,49.58000183105469,50.189998626708984,49.36000061035156,50.04999923706055,39.18173599243164,2074300,0.0,0.0
2014-08-07,50.18000030517578,50.29999923706055,48.86000061035156,48.93000030517578,38.30493927001953,2243300,0.0,0.0
2014-08-08,49.060001373291016,49.619998931884766,48.810001373291016,49.540000915527344,38.782493591308594,2026000,0.0,0.0
2014-08-11,49.810001373291016,50.29999923706055,49.56999969482422,49.93000030517578,39.08781051635742,1137800,0.0,0.0
2014-08-12,49.75,50.220001220703125,49.63999938964844,50.18000030517578,39.28350830078125,1192700,0.0,0.0
2014-08-13,50.15999984741211,50.65999984741211,50.08000183105469,50.529998779296875,39.557518005371094,1754000,0.0,0.0
2014-08-14,50.41999816894531,50.900001525878906,50.400001525878906,50.7400016784668,39.721900939941406,1566900,0.0,0.0
2014-08-15,51.189998626708984,51.619998931884766,50.75,51.18000030517578,40.06635665893555,1930700,0.0,0.0
2014-08-18,51.220001220703125,51.5099983215332,51.08000183105469,51.34000015258789,40.191619873046875,1016600,0.0,0.0
2014-08-19,51.45000076293945,51.91999816894531,51.290000915527344,51.720001220703125,40.48910140991211,1105700,0.0,0.0
2014-08-20,51.52000045776367,52.290000915527344,51.52000045776367,52.16999816894531,40.841400146484375,1357400,0.0,0.0
2014-08-21,52.029998779296875,52.58000183105469,51.7599983215332,52.540000915527344,41.13104248046875,1181600,0.0,0.0
2014-08-22,52.66999816894531,52.790000915527344,52.34000015258789,52.5,41.099735260009766,900100,0.0,0.0
2014-08-25,52.75,52.95000076293945,51.849998474121094,51.93000030517578,40.65351486206055,1902700,0.0,0.0
2014-08-26,52.0,52.34000015258789,51.7599983215332,52.209999084472656,40.87270736694336,2658900,0.0,0.0
2014-08-27,51.650001525878906,52.11000061035156,49.9900016784668,51.029998779296875,39.94892883300781,4754300,0.0,0.0
2014-08-28,50.95000076293945,51.40999984741211,50.709999084472656,51.290000915527344,40.15248489379883,2094900,0.0,0.0
2014-08-29,51.66999816894531,51.70000076293945,50.90999984741211,51.119998931884766,40.01939392089844,1631500,0.0,0.0
2014-09-02,51.099998474121094,51.349998474121094,50.400001525878906,50.619998931884766,39.62796401977539,2045500,0.0,0.0
2014-09-03,50.38999938964844,50.79999923706055,50.09000015258789,50.25,39.62796401977539,1931600,0.37,0.0
2014-09-04,50.25,50.66999816894531,50.25,50.40999984741211,39.754150390625,1435400,0.0,0.0
2014-09-05,50.400001525878906,50.779998779296875,50.130001068115234,50.220001220703125,39.604312896728516,1893500,0.0,0.0
2014-09-08,50.06999969482422,50.41999816894531,49.86000061035156,50.06999969482422,39.48603057861328,2252700,0.0,0.0
2014-09-09,49.93000030517578,50.25,49.75,49.79999923706055,39.27309799194336,1918400,0.0,0.0
2014-09-10,49.689998626708984,49.91999816894531,49.470001220703125,49.63999938964844,39.14691162109375,2327000,0.0,0.0
2014-09-11,49.31999969482422,49.90999984741211,49.2599983215332,49.7599983215332,39.24155044555664,2132400,0.0,0.0
2014-09-12,49.68000030517578,49.7599983215332,48.900001525878906,49.119998931884766,38.7368278503418,2238000,0.0,0.0
2014-09-15,49.22999954223633,49.349998474121094,48.650001525878906,48.869998931884766,38.539676666259766,1777300,0.0,0.0
2014-09-16,48.650001525878906,49.33000183105469,48.63999938964844,49.20000076293945,38.799930572509766,2001400,0.0,0.0
2014-09-17,49.0,50.02000045776367,49.0,49.630001068115234,39.1390266418457,1814300,0.0,0.0
2014-09-18,49.790000915527344,50.369998931884766,49.56999969482422,50.290000915527344,39.65951156616211,1594600,0.0,0.0
2014-09-19,50.63999938964844,50.63999938964844,49.810001373291016,49.9900016784668,39.42292022705078,2917300,0.0,0.0
2014-09-22,49.75,50.08000183105469,49.369998931884766,49.91999816894531,39.36772155761719,3344700,0.0,0.0
2014-09-23,49.459999084472656,50.099998474121094,49.25,49.66999816894531,39.17057418823242,3190000,0.0,0.0
2014-09-24,49.720001220703125,50.189998626708984,49.599998474121094,50.0,39.430824279785156,2203700,0.0,0.0
2014-09-25,49.939998626708984,50.04999923706055,49.54999923706055,49.63999938964844,39.14691162109375,3193900,0.0,0.0
2014-09-26,49.72999954223633,50.11000061035156,49.619998931884766,50.029998779296875,39.4544677734375,1613600,0.0,0.0
2014-09-29,49.689998626708984,50.0,49.52000045776367,49.810001373291016,39.280982971191406,1632900,0.0,0.0
2014-09-30,49.81999969482422,50.0099983215332,49.45000076293945,49.4900016784668,39.02861785888672,3185500,0.0,0.0
2014-10-01,49.349998474121094,49.41999816894531,48.16999816894531,48.25,38.05073165893555,2480500,0.0,0.0
2014-10-02,48.2400016784668,48.349998474121094,47.2400016784668,47.79999923706055,37.69587326049805,3576600,0.0,0.0
2014-10-03,47.970001220703125,48.130001068115234,47.5,47.58000183105469,37.52235794067383,1821800,0.0,0.0
2014-10-06,47.79999923706055,48.04999923706055,47.029998779296875,47.150001525878906,37.18326950073242,2351400,0.0,0.0
2014-10-07,46.790000915527344,46.97999954223633,46.119998931884766,46.209999084472656,36.44197082519531,3086700,0.0,0.0
2014-10-08,46.099998474121094,47.810001373291016,46.0,47.75,37.656429290771484,3219000,0.0,0.0
2014-10-09,47.75,47.939998626708984,46.34000015258789,46.34000015258789,36.544471740722656,6539900,0.0,0.0
2014-10-10,44.29999923706055,44.470001220703125,42.56999969482422,43.45000076293945,34.265380859375,10052700,0.0,0.0
2014-10-13,43.43000030517578,44.380001068115234,42.86000061035156,43.099998474121094,33.98936462402344,4187800,0.0,0.0
2014-10-14,43.93000030517578,44.65999984741211,43.380001068115234,43.459999084472656,34.27326965332031,4012100,0.0,0.0
2014-10-15,42.7599983215332,44.439998626708984,42.59000015258789,44.119998931884766,34.79375457763672,4467400,0.0,0.0
2014-10-16,43.439998626708984,44.90999984741211,43.20000076293945,44.599998474121094,35.17227554321289,3386200,0.0,0.0
2014-10-17,44.9900016784668,45.900001525878906,44.86000061035156,44.939998626708984,35.44042205810547,3334900,0.0,0.0
2014-10-20,44.75,45.400001525878906,44.61000061035156,45.31999969482422,35.7401008605957,1884400,0.0,0.0
2014-10-21,45.88999938964844,46.81999969482422,45.5099983215332,46.720001220703125,36.84415054321289,2765700,0.0,0.0
2014-10-22,46.900001525878906,47.150001525878906,46.0,46.02000045776367,36.292110443115234,2549900,0.0,0.0
2014-10-23,46.56999969482422,46.720001220703125,46.209999084472656,46.41999816894531,36.607574462890625,2234000,0.0,0.0
2014-10-24,46.70000076293945,47.11000061035156,46.25,46.849998474121094,36.94667434692383,1862800,0.0,0.0
2014-10-27,46.68000030517578,46.7599983215332,46.220001220703125,46.619998931884766,36.76529312133789,1817800,0.0,0.0
2014-10-28,46.77000045776367,47.119998931884766,46.33000183105469,46.9900016784668,37.05708312988281,1791000,0.0,0.0
2014-10-29,46.93000030517578,47.33000183105469,46.400001525878906,47.310001373291016,37.3094367980957,2415400,0.0,0.0
2014-10-30,47.290000915527344,47.29999923706055,46.380001068115234,47.0,37.064971923828125,3025800,0.0,0.0
2014-10-31,48.709999084472656,50.540000915527344,48.47999954223633,49.619998931884766,39.13113784790039,6689200,0.0,0.0
2014-11-03,49.720001220703125,50.209999084472656,49.47999954223633,49.720001220703125,39.21000289916992,3318900,0.0,0.0
2014-11-04,49.599998474121094,49.91999816894531,49.33000183105469,49.45000076293945,38.99708557128906,1684500,0.0,0.0
2014-11-05,49.779998779296875,50.04999923706055,49.18000030517578,50.029998779296875,39.4544677734375,1493500,0.0,0.0
2014-11-06,50.0,50.369998931884766,49.41999816894531,50.220001220703125,39.604312896728516,2017900,0.0,0.0
2014-11-07,50.400001525878906,50.40999984741211,49.70000076293945,50.2400016784668,39.620086669921875,1962600,0.0,0.0
2014-11-10,50.15999984741211,50.54999923706055,49.97999954223633,50.41999816894531,39.76202392578125,1771600,0.0,0.0
2014-11-11,50.38999938964844,50.52000045776367,49.880001068115234,50.13999938964844,39.541229248046875,1211800,0.0,0.0
2014-11-12,50.02000045776367,50.36000061035156,49.810001373291016,50.2599983215332,39.63584899902344,1226400,0.0,0.0
2014-11-13,50.43000030517578,50.63999938964844,49.95000076293945,50.209999084472656,39.59641647338867,1113400,0.0,0.0
2014-11-14,50.34000015258789,50.689998626708984,49.84000015258789,50.619998931884766,39.919742584228516,1509900,0.0,0.0
2014-11-17,50.34000015258789,50.4900016784668,49.810001373291016,50.349998474121094,39.70682907104492,1662900,0.0,0.0
2014-11-18,50.310001373291016,51.27000045776367,50.22999954223633,51.2599983215332,40.424468994140625,2333300,0.0,0.0
2014-11-19,51.41999816894531,51.439998626708984,50.5,50.75,40.02227783203125,1795000,0.0,0.0
2014-11-20,50.349998474121094,51.20000076293945,50.349998474121094,51.16999816894531,40.35348892211914,1762700,0.0,0.0
2014-11-21,51.95000076293945,51.95000076293945,51.150001525878906,51.650001525878906,40.732032775878906,1638800,0.0,0.0
2014-11-24,51.959999084472656,51.959999084472656,51.27000045776367,51.79999923706055,40.85032653808594,1615600,0.0,0.0
2014-11-25,51.7400016784668,51.97999954223633,51.5,51.709999084472656,40.77934646606445,2500300,0.0,0.0
2014-11-26,52.529998779296875,54.689998626708984,52.5099983215332,54.560001373291016,43.026893615722656,5683400,0.0,0.0
2014-11-28,54.95000076293945,54.95000076293945,54.31999969482422,54.63999938964844,43.089988708496094,1336800,0.0,0.0
2014-12-01,54.47999954223633,54.939998626708984,54.189998626708984,54.650001525878906,43.09788513183594,2463400,0.0,0.0
2014-12-02,54.540000915527344,55.25,54.279998779296875,55.209999084472656,43.53950119018555,2182200,0.0,0.0
2014-12-03,54.95000076293945,56.880001068115234,54.95000076293945,56.5099983215332,44.86538314819336,6303000,0.37,0.0
2014-12-04,56.459999084472656,56.70000076293945,55.9900016784668,56.619998931884766,44.95270538330078,3137500,0.0,0.0
2014-12-05,56.75,57.380001068115234,56.310001373291016,57.34000015258789,45.524356842041016,2266400,0.0,0.0
2014-12-08,56.95000076293945,57.34000015258789,55.81999969482422,56.18000030517578,44.60338592529297,2124000,0.0,0.0
2014-12-09,55.83000183105469,56.38999938964844,55.43000030517578,56.369998931884766,44.75422668457031,2445900,0.0,0.0
2014-12-10,56.36000061035156,56.650001525878906,55.41999816894531,55.63999938964844,44.17466354370117,2177800,0.0,0.0
2014-12-11,57.9900016784668,57.9900016784668,55.619998931884766,56.25,44.65896224975586,2559400,0.0,0.0
2014-12-12,55.52000045776367,56.38999938964844,55.43000030517578,55.91999816894531,44.39695739746094,3175800,0.0,0.0
2014-12-15,56.0099983215332,56.810001373291016,55.310001373291016,55.41999816894531,43.99998474121094,2000700,0.0,0.0
2014-12-16,55.43000030517578,56.029998779296875,54.72999954223633,54.779998779296875,43.49187088012695,2362100,0.0,0.0
2014-12-17,54.849998474121094,56.09000015258789,54.220001220703125,55.9900016784668,44.452537536621094,2358300,0.0,0.0
2014-12-18,56.81999969482422,57.060001373291016,56.02000045776367,57.060001373291016,45.30205154418945,2337600,0.0,0.0
2014-12-19,57.029998779296875,57.36000061035156,56.41999816894531,56.75,45.055931091308594,3194100,0.0,0.0
2014-12-22,56.880001068115234,57.5,56.77000045776367,57.4900016784668,45.643436431884766,1008600,0.0,0.0
2014-12-23,57.5,57.88999938964844,56.5099983215332,56.65999984741211,44.984474182128906,3065300,0.0,0.0
2014-12-24,56.900001525878906,56.97999954223633,56.560001373291016,56.709999084472656,45.024166107177734,1262100,0.0,0.0
2014-12-26,56.79999923706055,56.97999954223633,56.189998626708984,56.279998779296875,44.68278503417969,1555500,0.0,0.0
2014-12-29,56.20000076293945,56.380001068115234,55.7400016784668,56.08000183105469,44.52399444580078,1777400,0.0,0.0
2014-12-30,55.84000015258789,56.09000015258789,55.31999969482422,55.560001373291016,44.11114501953125,1677700,0.0,0.0
2014-12-31,55.939998626708984,56.40999984741211,55.4900016784668,55.52000045776367,44.07938766479492,1746800,0.0,0.0
2015-01-02,55.68000030517578,56.25,54.970001220703125,55.540000915527344,44.09525680541992,1323200,0.0,0.0
2015-01-05,55.400001525878906,55.45000076293945,54.5,54.529998779296875,43.29338455200195,1445200,0.0,0.0
2015-01-06,54.72999954223633,54.79999923706055,53.209999084472656,53.25,42.277137756347656,1707500,0.0,0.0
2015-01-07,53.4900016784668,54.130001068115234,53.029998779296875,53.810001373291016,42.72174835205078,1723000,0.0,0.0
2015-01-08,54.38999938964844,55.18000030517578,54.08000183105469,54.7599983215332,43.47598648071289,1874900,0.0,0.0
2015-01-09,54.9900016784668,55.040000915527344,54.119998931884766,54.720001220703125,43.44422912597656,1720300,0.0,0.0
2015-01-12,54.619998931884766,54.75,53.86000061035156,54.16999816894531,43.00756072998047,1250500,0.0,0.0
2015-01-13,54.689998626708984,55.52000045776367,53.27000045776367,53.54999923706055,42.51532745361328,2340100,0.0,0.0
2015-01-14,53.41999816894531,54.459999084472656,52.93000030517578,53.5099983215332,42.48356246948242,2523800,0.0,0.0
2015-01-15,53.70000076293945,54.20000076293945,52.66999816894531,52.72999954223633,41.86430358886719,1990300,0.0,0.0
2015-01-16,52.459999084472656,53.7599983215332,52.209999084472656,53.689998626708984,42.62647247314453,1998000,0.0,0.0
2015-01-20,54.189998626708984,54.689998626708984,53.66999816894531,54.38999938964844,43.18223571777344,1786400,0.0,0.0
2015-01-21,54.2400016784668,54.869998931884766,53.81999969482422,54.58000183105469,43.33308792114258,1585100,0.0,0.0
2015-01-22,54.709999084472656,54.7599983215332,53.220001220703125,54.75,43.46805191040039,2555700,0.0,0.0
2015-01-23,54.86000061035156,54.959999084472656,54.2599983215332,54.5099983215332,43.27750778198242,1935300,0.0,0.0
2015-01-26,54.650001525878906,54.93000030517578,54.02000045776367,54.65999984741211,43.3965950012207,1341100,0.0,0.0
2015-01-27,53.91999816894531,54.11000061035156,53.11000061035156,53.369998931884766,42.37242889404297,1963300,0.0,0.0
2015-01-28,53.869998931884766,54.31999969482422,52.83000183105469,52.93000030517578,42.02307891845703,1687800,0.0,0.0
2015-01-29,52.9900016784668,53.61000061035156,52.43000030517578,53.22999954223633,42.26126480102539,1568500,0.0,0.0
2015-01-30,52.81999969482422,53.36000061035156,52.04999923706055,52.11000061035156,41.3720703125,1928800,0.0,0.0
2015-02-02,52.099998474121094,52.470001220703125,51.290000915527344,52.29999923706055,41.52290344238281,2536000,0.0,0.0
2015-02-03,52.59000015258789,54.040000915527344,52.56999969482422,53.970001220703125,42.84878158569336,2214500,0.0,0.0
2015-02-04,53.63999938964844,54.150001525878906,53.45000076293945,53.779998779296875,42.69794464111328,1466500,0.0,0.0
2015-02-05,53.79999923706055,55.0099983215332,53.5,54.95000076293945,43.626834869384766,2207600,0.0,0.0
2015-02-06,54.869998931884766,55.88999938964844,54.810001373291016,55.0099983215332,43.67447280883789,1917800,0.0,0.0
2015-02-09,54.709999084472656,55.11000061035156,54.400001525878906,54.560001373291016,43.31719970703125,1436600,0.0,0.0
2015-02-10,54.75,55.599998474121094,54.38999938964844,55.540000915527344,44.09525680541992,1253500,0.0,0.0
2015-02-11,55.529998779296875,56.0,55.2400016784668,55.619998931884766,44.158775329589844,909100,0.0,0.0
2015-02-12,56.36000061035156,56.72999954223633,55.959999084472656,56.720001220703125,45.0321159362793,1687400,0.0,0.0
2015-02-13,56.84000015258789,57.2400016784668,56.5,57.04999923706055,45.29411315917969,1404300,0.0,0.0
2015-02-17,56.5,58.86000061035156,56.40999984741211,58.810001373291016,46.69144058227539,5685100,0.0,0.0
2015-02-18,58.400001525878906,58.72999954223633,57.099998474121094,58.380001068115234,46.35006332397461,4095300,0.0,0.0
2015-02-19,58.40999984741211,58.66999816894531,58.16999816894531,58.650001525878906,46.56440353393555,1837900,0.0,0.0
2015-02-20,58.619998931884766,59.13999938964844,58.18000030517578,59.130001068115234,46.945499420166016,1420200,0.0,0.0
2015-02-23,58.95000076293945,58.9900016784668,58.38999938964844,58.97999954223633,46.82640838623047,1029500,0.0,0.0
2015-02-24,58.900001525878906,59.650001525878906,57.81999969482422,59.61000061035156,47.326595306396484,1863100,0.0,0.0
2015-02-25,59.310001373291016,59.38999938964844,58.79999923706055,58.9900016784668,47.15073776245117,1344400,0.4,0.0
2015-02-26,59.060001373291016,59.220001220703125,58.59000015258789,58.880001068115234,47.06282424926758,1671600,0.0,0.0
2015-02-27,59.0,59.040000915527344,58.5099983215332,58.540000915527344,46.791053771972656,1198200,0.0,0.0
2015-03-02,58.810001373291016,59.779998779296875,58.540000915527344,59.779998779296875,47.78219985961914,1854000,0.0,0.0
2015-03-03,59.540000915527344,59.599998474121094,58.439998626708984,58.7400016784668,46.95090866088867,1499300,0.0,0.0
2015-03-04,58.33000183105469,58.720001220703125,57.95000076293945,58.400001525878906,46.67915344238281,1037700,0.0,0.0
2015-03-05,58.560001373291016,58.869998931884766,58.18000030517578,58.45000076293945,46.71912384033203,985000,0.0,0.0
2015-03-06,58.290000915527344,58.56999969482422,57.45000076293945,57.93000030517578,46.3034782409668,1584100,0.0,0.0
2015-03-09,57.970001220703125,58.59000015258789,57.970001220703125,58.459999084472656,46.727108001708984,1313300,0.0,0.0
2015-03-10,57.81999969482422,58.11000061035156,57.20000076293945,57.20000076293945,45.71999740600586,1381700,0.0,0.0
2015-03-11,57.41999816894531,57.88999938964844,57.099998474121094,57.290000915527344,45.79192352294922,1412900,0.0,0.0
2015-03-12,56.810001373291016,57.54999923706055,56.68000030517578,57.5099983215332,45.967777252197266,1010000,0.0,0.0
2015-03-13,57.310001373291016,57.70000076293945,56.79999923706055,57.529998779296875,45.98375701904297,1276300,0.0,0.0
2015-03-16,57.810001373291016,58.83000183105469,57.650001525878906,58.79999923706055,46.998878479003906,1367500,0.0,0.0
2015-03-17,58.41999816894531,58.79999923706055,58.08000183105469,58.7599983215332,46.9669075012207,1845200,0.0,0.0
2015-03-18,58.54999923706055,59.88999938964844,58.34000015258789,59.66999816894531,47.69427490234375,3023200,0.0,0.0
2015-03-19,59.43000030517578,60.119998931884766,59.11000061035156,60.0,47.95802307128906,2724600,0.0,0.0
2015-03-20,60.380001068115234,61.31999969482422,59.95000076293945,61.06999969482422,48.81328201293945,4481000,0.0,0.0
2015-03-23,60.68000030517578,61.09000015258789,60.29999923706055,60.400001525878906,48.27776336669922,2177600,0.0,0.0
2015-03-24,60.27000045776367,60.5099983215332,60.0,60.36000061035156,48.245792388916016,2737800,0.0,0.0
2015-03-25,60.34000015258789,60.34000015258789,57.540000915527344,57.560001373291016,46.00773239135742,3767300,0.0,0.0
2015-03-26,56.91999816894531,57.88999938964844,56.27000045776367,57.41999816894531,45.895843505859375,2847200,0.0,0.0
2015-03-27,57.459999084472656,58.869998931884766,57.0099983215332,58.84000015258789,47.03085708618164,2521400,0.0,0.0
2015-03-30,62.099998474121094,64.94000244140625,61.849998474121094,64.80999755859375,51.80267333984375,10493700,0.0,0.0
2015-03-31,64.18000030517578,64.5199966430664,62.86000061035156,63.0,50.35592269897461,3694200,0.0,0.0
2015-04-01,62.83000183105469,63.220001220703125,62.0099983215332,62.56999969482422,50.01224136352539,2374700,0.0,0.0
2015-04-02,62.29999923706055,63.33000183105469,61.95000076293945,62.2400016784668,49.748470306396484,2200500,0.0,0.0
2015-04-06,61.59000015258789,62.939998626708984,61.33000183105469,62.779998779296875,50.180084228515625,2329800,0.0,0.0
2015-04-07,62.709999084472656,63.65999984741211,62.279998779296875,63.2400016784668,50.54777526855469,2118300,0.0,0.0
2015-04-08,63.130001068115234,63.88999938964844,63.02000045776367,63.66999816894531,50.8914680480957,2266200,0.0,0.0
2015-04-09,63.31999969482422,64.0999984741211,63.22999954223633,64.02999877929688,51.17921829223633,1574600,0.0,0.0
2015-04-10,64.27999877929688,64.38999938964844,63.849998474121094,64.23999786376953,51.34706497192383,1274000,0.0,0.0
2015-04-13,64.25,64.6500015258789,63.61000061035156,63.75,50.95541000366211,1475200,0.0,0.0
2015-04-14,63.630001068115234,63.86000061035156,62.459999084472656,62.56999969482422,50.01224136352539,2292600,0.0,0.0
2015-04-15,62.93000030517578,64.05999755859375,62.86000061035156,63.93000030517578,51.09928894042969,1557000,0.0,0.0
2015-04-16,63.52000045776367,64.2300033569336,63.4900016784668,64.11000061035156,51.24315643310547,1453700,0.0,0.0
2015-04-17,63.36000061035156,63.7599983215332,63.06999969482422,63.41999816894531,50.691654205322266,2449500,0.0,0.0
2015-04-20,63.66999816894531,64.41000366210938,63.619998931884766,63.720001220703125,50.93143081665039,1508900,0.0,0.0
2015-04-21,64.1500015258789,64.54000091552734,63.790000915527344,64.37000274658203,51.45096969604492,1435900,0.0,0.0
2015-04-22,64.73999786376953,64.73999786376953,63.66999816894531,64.48999786376953,51.54689025878906,1021800,0.0,0.0
2015-04-23,63.040000915527344,63.81999969482422,62.79999923706055,63.59000015258789,50.827510833740234,2707700,0.0,0.0
2015-04-24,63.58000183105469,63.599998474121094,61.849998474121094,62.529998779296875,49.98027801513672,3916500,0.0,0.0
2015-04-27,62.02000045776367,63.27000045776367,62.02000045776367,62.66999816894531,50.092166900634766,1689400,0.0,0.0
2015-04-28,62.68000030517578,63.459999084472656,62.5,63.220001220703125,50.53178024291992,1912300,0.0,0.0
2015-04-29,63.04999923706055,63.650001525878906,62.310001373291016,62.81999969482422,50.21205520629883,1547500,0.0,0.0
2015-04-30,62.54999923706055,62.66999816894531,61.290000915527344,61.84000015258789,49.42874526977539,2985900,0.0,0.0
2015-05-01,62.349998474121094,63.56999969482422,62.34000015258789,63.27000045776367,50.57174301147461,3636800,0.0,0.0
2015-05-04,63.630001068115234,63.900001525878906,63.150001525878906,63.25,50.55576705932617,1436400,0.0,0.0
2015-05-05,63.040000915527344,63.040000915527344,61.720001220703125,61.77000045776367,49.372798919677734,1630200,0.0,0.0
2015-05-06,62.06999969482422,62.27000045776367,61.2599983215332,61.63999938964844,49.268898010253906,1673100,0.0,0.0
2015-05-07,61.83000183105469,62.619998931884766,61.56999969482422,62.040000915527344,49.588619232177734,1760100,0.0,0.0
2015-05-08,62.75,63.439998626708984,62.400001525878906,62.720001220703125,50.13212585449219,2026900,0.0,0.0
2015-05-11,62.75,63.0,62.630001068115234,62.63999938964844,50.06818771362305,1396700,0.0,0.0
2015-05-12,62.2400016784668,62.4900016784668,61.59000015258789,62.08000183105469,49.620582580566406,1614400,0.0,0.0
2015-05-13,62.25,62.869998931884766,62.029998779296875,62.2400016784668,49.748470306396484,1659000,0.0,0.0
2015-05-14,62.970001220703125,63.83000183105469,62.709999084472656,63.400001525878906,50.67566680908203,1918800,0.0,0.0
2015-05-15,63.88999938964844,63.93000030517578,62.959999084472656,63.18000030517578,50.499813079833984,2333200,0.0,0.0
2015-05-18,63.22999954223633,63.709999084472656,63.029998779296875,63.36000061035156,50.64369583129883,3453600,0.0,0.0
2015-05-19,63.79999923706055,64.33999633789062,63.29999923706055,63.45000076293945,50.71562194824219,4538900,0.0,0.0
2015-05-20,64.19999694824219,66.8499984741211,64.0,66.18000030517578,52.89771270751953,7012400,0.0,0.0
2015-05-21,66.0,66.0199966430664,65.05000305175781,65.48999786376953,52.34620666503906,3560700,0.0,0.0
2015-05-22,65.54000091552734,67.47000122070312,65.47000122070312,67.0999984741211,53.63307189941406,3560300,0.0,0.0
2015-05-26,66.94999694824219,67.1500015258789,65.94000244140625,66.8499984741211,53.43324279785156,2970000,0.0,0.0
2015-05-27,66.56999969482422,68.44000244140625,66.4800033569336,68.29000091552734,54.91279220581055,2995700,0.4,0.0
2015-05-28,68.3499984741211,68.75,67.68000030517578,68.30999755859375,54.92888259887695,1722500,0.0,0.0
2015-05-29,68.5,68.51000213623047,67.58999633789062,67.95999908447266,54.6474494934082,2371200,0.0,0.0
2015-06-01,68.41000366210938,68.97000122070312,67.80000305175781,68.75,55.282691955566406,2453000,0.0,0.0
2015-06-02,68.69000244140625,68.69999694824219,67.51000213623047,67.70999908447266,54.44642639160156,1853100,0.0,0.0
2015-06-03,68.08000183105469,68.08000183105469,67.19000244140625,67.29000091552734,54.108699798583984,1227200,0.0,0.0
2015-06-04,66.91999816894531,67.43000030517578,66.62000274658203,66.94000244140625,53.82724380493164,2167500,0.0,0.0
2015-06-05,66.94999694824219,67.61000061035156,66.41000366210938,67.37000274658203,54.17304611206055,1769500,0.0,0.0
2015-06-08,67.43000030517578,67.5199966430664,65.72000122070312,65.94999694824219,53.03118133544922,2311900,0.0,0.0
2015-06-09,66.06999969482422,66.38999938964844,65.2699966430664,65.69000244140625,52.822120666503906,2278400,0.0,0.0
2015-06-10,66.08000183105469,67.87999725341797,65.73999786376953,67.72000122070312,54.45446014404297,2998100,0.0,0.0
2015-06-11,67.73999786376953,67.8499984741211,67.12999725341797,67.22000122070312,54.052406311035156,1384200,0.0,0.0
2015-06-12,66.75,66.91999816894531,66.06999969482422,66.26000213623047,53.28046798706055,1241500,0.0,0.0
2015-06-15,65.75,66.7699966430664,65.37000274658203,66.69999694824219,53.63426208496094,1701900,0.0,0.0
2015-06-16,66.55000305175781,66.94000244140625,66.33999633789062,66.62999725341797,53.577972412109375,1384800,0.0,0.0
2015-06-17,66.81999969482422,67.61000061035156,66.81999969482422,67.2300033569336,54.060447692871094,2190600,0.0,0.0
2015-06-18,67.5999984741211,68.62999725341797,67.51000213623047,68.30000305175781,54.92084503173828,1988400,0.0,0.0
2015-06-19,68.33999633789062,68.55000305175781,67.29000091552734,67.91000366210938,54.60724639892578,3150800,0.0,0.0
2015-06-22,68.33999633789062,68.5999984741211,67.41000366210938,68.0199966430664,54.6956901550293,1999900,0.0,0.0
2015-06-23,68.04000091552734,68.26000213623047,67.38999938964844,67.52999877929688,54.30167770385742,1391800,0.0,0.0
2015-06-24,67.45999908447266,67.6500015258789,66.75,66.83999633789062,53.74684524536133,1361900,0.0,0.0
2015-06-25,67.05999755859375,67.33000183105469,66.30000305175781,66.58999633789062,53.54582595825195,1589300,0.0,0.0
2015-06-26,66.37000274658203,67.16999816894531,65.26000213623047,65.80000305175781,52.91057205200195,5640200,0.0,0.0
2015-06-29,65.41000366210938,65.5999984741211,63.83000183105469,63.9900016784668,51.455135345458984,2736500,0.0,0.0
2015-06-30,64.33999633789062,64.68000030517578,63.81999969482422,64.19000244140625,51.615943908691406,1927600,0.0,0.0
2015-07-01,65.08000183105469,66.27999877929688,64.37999725341797,64.56999969482422,51.921512603759766,2100300,0.0,0.0
2015-07-02,64.58000183105469,64.9000015258789,63.900001525878906,64.37999725341797,51.76872634887695,1860000,0.0,0.0
2015-07-06,63.849998474121094,64.30999755859375,63.369998931884766,63.59000015258789,51.133480072021484,2055500,0.0,0.0
2015-07-07,63.470001220703125,63.65999984741211,61.689998626708984,63.380001068115234,50.964622497558594,2417800,0.0,0.0
2015-07-08,62.79999923706055,62.97999954223633,61.38999938964844,61.939998626708984,49.80670166015625,2945200,0.0,0.0
2015-07-09,62.81999969482422,63.220001220703125,60.880001068115234,60.88999938964844,48.9623908996582,3328900,0.0,0.0
2015-07-10,61.400001525878906,62.04999923706055,61.09000015258789,61.5099983215332,49.46092987060547,1777300,0.0,0.0
2015-07-13,62.060001373291016,62.150001525878906,61.650001525878906,61.869998931884766,49.75040817260742,1589200,0.0,0.0
2015-07-14,62.0,62.77000045776367,61.900001525878906,62.619998931884766,50.35348892211914,1968300,0.0,0.0
2015-07-15,62.2400016784668,63.150001525878906,62.13999938964844,62.91999816894531,50.5947265625,2252400,0.0,0.0
2015-07-16,62.5099983215332,63.25,62.2400016784668,62.83000183105469,50.52235412597656,1782600,0.0,0.0
2015-07-17,62.81999969482422,62.83000183105469,62.060001373291016,62.459999084472656,50.224830627441406,1574400,0.0,0.0
2015-07-20,62.61000061035156,62.72999954223633,61.95000076293945,61.9900016784668,49.846920013427734,1395300,0.0,0.0
2015-07-21,61.900001525878906,62.470001220703125,60.599998474121094,62.08000183105469,49.919273376464844,1655900,0.0,0.0
2015-07-22,58.72999954223633,58.95000076293945,57.15999984741211,58.650001525878906,47.161170959472656,5695500,0.0,0.0
2015-07-23,58.9900016784668,61.220001220703125,58.75,60.04999923706055,48.28692626953125,3235500,0.0,0.0
2015-07-24,60.369998931884766,60.59000015258789,58.36000061035156,58.4900016784668,47.03252410888672,2506600,0.0,0.0
2015-07-27,58.220001220703125,58.400001525878906,57.529998779296875,57.88999938964844,46.550052642822266,2084700,0.0,0.0
2015-07-28,58.27000045776367,59.560001373291016,57.619998931884766,58.9900016784668,47.4345703125,2581500,0.0,0.0
2015-07-29,58.869998931884766,59.0099983215332,58.25,58.790000915527344,47.27375030517578,2355100,0.0,0.0
2015-07-30,58.65999984741211,59.060001373291016,57.97999954223633,58.81999969482422,47.29787063598633,2131900,0.0,0.0
2015-07-31,59.04999923706055,59.04999923706055,58.209999084472656,58.33000183105469,46.903865814208984,1930700,0.0,0.0
2015-08-03,58.43000030517578,59.040000915527344,58.349998474121094,58.66999816894531,47.17724609375,2262300,0.0,0.0
2015-08-04,58.529998779296875,59.20000076293945,58.04999923706055,58.47999954223633,47.02446746826172,1620800,0.0,0.0
2015-08-05,59.13999938964844,60.84000015258789,58.869998931884766,60.70000076293945,48.80958938598633,3227900,0.0,0.0
2015-08-06,60.31999969482422,60.790000915527344,58.72999954223633,58.869998931884766,47.33806610107422,2922600,0.0,0.0
2015-08-07,58.810001373291016,59.75,58.0,59.61000061035156,47.93312072753906,2469300,0.0,0.0
2015-08-10,59.95000076293945,61.22999954223633,59.95000076293945,61.09000015258789,49.12320327758789,1957500,0.0,0.0
2015-08-11,60.61000061035156,60.849998474121094,59.15999984741211,59.380001068115234,47.74817657470703,2065800,0.0,0.0
2015-08-12,58.779998779296875,60.0099983215332,58.27000045776367,59.7400016784668,48.03765106201172,2127000,0.0,0.0
2015-08-13,59.65999984741211,59.88999938964844,58.869998931884766,59.0,47.4426155090332,1895700,0.0,0.0
2015-08-14,58.849998474121094,59.27000045776367,58.529998779296875,58.84000015258789,47.31394958496094,1612100,0.0,0.0
2015-08-17,58.470001220703125,59.52000045776367,58.29999923706055,59.5,47.84466552734375,1408700,0.0,0.0
2015-08-18,58.9900016784668,59.41999816894531,57.33000183105469,57.900001525878906,46.55808639526367,4584900,0.0,0.0
2015-08-19,60.72999954223633,60.81999969482422,57.75,58.380001068115234,46.944068908691406,9485000,0.0,0.0
2015-08-20,57.2599983215332,57.400001525878906,53.79999923706055,53.81999969482422,43.277313232421875,5913900,0.0,0.0
2015-08-21,53.349998474121094,55.25,53.029998779296875,53.779998779296875,43.245147705078125,5870900,0.0,0.0
2015-08-24,51.4900016784668,54.0,50.86000061035156,51.66999816894531,41.54848098754883,6843300,0.0,0.0
2015-08-25,53.29999923706055,53.63999938964844,50.560001373291016,50.61000061035156,40.696109771728516,3945500,0.0,0.0
2015-08-26,51.88999938964844,54.290000915527344,50.959999084472656,54.220001220703125,43.9462890625,5216300,0.4,0.0
2015-08-27,54.75,56.5099983215332,54.619998931884766,56.47999954223633,45.77804946899414,5323200,0.0,0.0
2015-08-28,56.099998474121094,56.9900016784668,55.689998626708984,56.45000076293945,45.75373458862305,3329700,0.0,0.0
2015-08-31,56.31999969482422,56.40999984741211,55.5099983215332,55.86000061035156,45.27552795410156,2647000,0.0,0.0
2015-09-01,54.25,54.880001068115234,53.22999954223633,53.54999923706055,43.40323257446289,3574400,0.0,0.0
2015-09-02,54.68000030517578,54.68000030517578,53.59000015258789,54.59000015258789,44.24617004394531,2095700,0.0,0.0
2015-09-03,55.25,55.880001068115234,54.70000076293945,55.16999816894531,44.716278076171875,2318700,0.0,0.0
2015-09-04,54.08000183105469,54.65999984741211,53.70000076293945,53.959999084472656,43.735538482666016,1693700,0.0,0.0
2015-09-08,55.9900016784668,57.81999969482422,55.459999084472656,57.77000045776367,46.823631286621094,4119600,0.0,0.0
2015-09-09,57.939998626708984,58.650001525878906,56.119998931884766,56.27000045776367,45.60784912109375,2814600,0.0,0.0
2015-09-10,55.9900016784668,56.54999923706055,55.310001373291016,56.0099983215332,45.397117614746094,3366000,0.0,0.0
2015-09-11,55.599998474121094,56.459999084472656,55.33000183105469,56.349998474121094,45.67268753051758,1762800,0.0,0.0
2015-09-14,57.279998779296875,57.599998474121094,56.83000183105469,57.560001373291016,46.653404235839844,3124700,0.0,0.0
2015-09-15,57.560001373291016,58.599998474121094,57.560001373291016,58.29999923706055,47.25319290161133,2950300,0.0,0.0
2015-09-16,58.540000915527344,58.54999923706055,57.75,58.45000076293945,47.374786376953125,2085300,0.0,0.0
2015-09-17,58.380001068115234,58.959999084472656,57.86000061035156,57.93000030517578,46.953311920166016,2521100,0.0,0.0
2015-09-18,57.119998931884766,57.33000183105469,56.209999084472656,56.66999816894531,45.93204879760742,3925900,0.0,0.0
2015-09-21,56.880001068115234,57.380001068115234,56.15999984741211,56.630001068115234,45.899635314941406,2856500,0.0,0.0
2015-09-22,55.900001525878906,56.380001068115234,55.029998779296875,55.18000030517578,44.7243766784668,2912200,0.0,0.0
2015-09-23,55.58000183105469,56.0,55.029998779296875,55.20000076293945,44.7405891418457,1800100,0.0,0.0
2015-09-24,54.529998779296875,54.70000076293945,52.47999954223633,54.0,43.76797103881836,3544000,0.0,0.0
2015-09-25,54.529998779296875,55.290000915527344,53.880001068115234,54.439998626708984,44.124603271484375,2143100,0.0,0.0
2015-09-28,54.27000045776367,54.939998626708984,53.459999084472656,53.470001220703125,43.338401794433594,2287600,0.0,0.0
2015-09-29,53.47999954223633,54.310001373291016,53.130001068115234,54.04999923706055,43.808494567871094,2368500,0.0,0.0
2015-09-30,55.02000045776367,56.540000915527344,54.83000183105469,56.40999984741211,45.721309661865234,3340700,0.0,0.0
2015-10-01,56.349998474121094,56.540000915527344,53.709999084472656,54.939998626708984,44.52985382080078,4106800,0.0,0.0
2015-10-02,54.0,55.689998626708984,53.70000076293945,55.689998626708984,45.13774490356445,3297000,0.0,0.0
2015-10-05,56.18000030517578,57.810001373291016,55.91999816894531,57.43000030517578,46.54805374145508,2778600,0.0,0.0
2015-10-06,57.380001068115234,57.720001220703125,56.31999969482422,56.88999938964844,46.11036682128906,2504700,0.0,0.0
2015-10-07,57.599998474121094,58.060001373291016,56.63999938964844,57.869998931884766,46.9046745300293,3340300,0.0,0.0
2015-10-08,57.95000076293945,57.9900016784668,56.59000015258789,57.720001220703125,46.783103942871094,2303000,0.0,0.0
2015-10-09,57.56999969482422,57.970001220703125,56.5,56.689998626708984,45.948272705078125,3683400,0.0,0.0
2015-10-12,56.779998779296875,56.900001525878906,56.33000183105469,56.58000183105469,45.859107971191406,1717200,0.0,0.0
2015-10-13,56.06999969482422,56.63999938964844,55.959999084472656,56.04999923706055,45.42953872680664,2100300,0.0,0.0
2015-10-14,56.90999984741211,64.16000366210938,56.75,60.9900016784668,49.43348693847656,11994700,0.0,0.0
2015-10-15,61.5,61.7599983215332,60.38999938964844,61.279998779296875,49.66853713989258,4908100,0.0,0.0
2015-10-16,61.310001373291016,61.540000915527344,59.880001068115234,60.189998626708984,48.78508377075195,3067800,0.0,0.0
2015-10-19,59.939998626708984,60.38999938964844,59.529998779296875,60.220001220703125,48.80939865112305,2107900,0.0,0.0
2015-10-20,60.310001373291016,60.970001220703125,59.84000015258789,60.400001525878906,48.95529556274414,1730700,0.0,0.0
2015-10-21,61.02000045776367,62.5,61.02000045776367,61.75,50.04949188232422,4551000,0.0,0.0
2015-10-22,63.279998779296875,63.95000076293945,62.41999816894531,63.400001525878906,51.3868408203125,3499200,0.0,0.0
2015-10-23,64.04000091552734,64.11000061035156,63.099998474121094,63.619998931884766,51.56515121459961,2277000,0.0,0.0
2015-10-26,63.25,63.38999938964844,61.439998626708984,61.529998779296875,49.87116622924805,2608600,0.0,0.0
2015-10-27,60.83000183105469,61.779998779296875,60.83000183105469,61.38999938964844,49.75769805908203,1608900,0.0,0.0
2015-10-28,62.5,63.20000076293945,60.209999084472656,61.86000061035156,50.138648986816406,4532600,0.0,0.0
2015-10-29,59.959999084472656,60.95000076293945,59.27000045776367,59.97999954223633,48.614864349365234,2390700,0.0,0.0
2015-10-30,60.209999084472656,60.61000061035156,59.95000076293945,60.119998931884766,48.72834014892578,2097600,0.0,0.0
2015-11-02,60.189998626708984,60.790000915527344,59.83000183105469,60.34000015258789,48.90665054321289,1778900,0.0,0.0
2015-11-03,60.220001220703125,60.939998626708984,60.220001220703125,60.65999984741211,49.166019439697266,1140500,0.0,0.0
2015-11-04,60.61000061035156,60.70000076293945,60.09000015258789,60.4900016784668,49.02822494506836,1444900,0.0,0.0
2015-11-05,60.83000183105469,60.91999816894531,60.04999923706055,60.36000061035156,48.922874450683594,1202300,0.0,0.0
2015-11-06,60.41999816894531,61.97999954223633,60.290000915527344,61.70000076293945,50.00896072387695,1866500,0.0,0.0
2015-11-09,61.529998779296875,61.54999923706055,60.560001373291016,60.959999084472656,49.4091682434082,1519600,0.0,0.0
2015-11-10,59.56999969482422,60.279998779296875,59.540000915527344,59.970001220703125,48.60675811767578,1850400,0.0,0.0
2015-11-11,60.34000015258789,60.79999923706055,59.79999923706055,59.900001525878906,48.55002975463867,1268900,0.0,0.0
2015-11-12,59.720001220703125,60.7599983215332,59.33000183105469,59.459999084472656,48.193397521972656,2120800,0.0,0.0
2015-11-13,59.459999084472656,59.650001525878906,57.79999923706055,58.130001068115234,47.11540985107422,2230200,0.0,0.0
2015-11-16,58.08000183105469,58.540000915527344,57.779998779296875,58.47999954223633,47.399085998535156,2617600,0.0,0.0
2015-11-17,58.4900016784668,59.709999084472656,58.27000045776367,59.29999923706055,48.0637321472168,2341500,0.0,0.0
2015-11-18,59.33000183105469,60.83000183105469,59.29999923706055,60.7400016784668,49.23086166381836,1797300,0.0,0.0
2015-11-19,60.38999938964844,60.40999984741211,59.43000030517578,59.77000045776367,48.44466018676758,2755000,0.0,0.0
2015-11-20,60.209999084472656,60.209999084472656,59.220001220703125,59.41999816894531,48.160980224609375,3044000,0.0,0.0
2015-11-23,58.900001525878906,59.0,56.5,56.79999923706055,46.037418365478516,7029300,0.0,0.0
2015-11-24,59.380001068115234,61.02000045776367,57.41999816894531,60.41999816894531,48.97148895263672,7189300,0.0,0.0
2015-11-25,60.459999084472656,61.36000061035156,59.83000183105469,60.25,48.833709716796875,3348400,0.0,0.0
2015-11-27,60.22999954223633,60.72999954223633,60.0,60.45000076293945,48.995819091796875,915700,0.0,0.0
2015-11-30,60.38999938964844,62.08000183105469,60.38999938964844,61.630001068115234,49.95222091674805,3358100,0.0,0.0
2015-12-01,62.09000015258789,62.400001525878906,61.279998779296875,61.56999969482422,49.90359878540039,3044400,0.0,0.0
2015-12-02,61.33000183105469,61.970001220703125,60.619998931884766,60.7400016784668,49.552791595458984,2031100,0.4,0.0
2015-12-03,61.400001525878906,61.459999084472656,58.810001373291016,59.04999923706055,48.1740608215332,3560400,0.0,0.0
2015-12-04,57.7599983215332,59.709999084472656,56.77000045776367,59.209999084472656,48.304588317871094,5550200,0.0,0.0
2015-12-07,59.220001220703125,59.4900016784668,58.34000015258789,58.5,47.725364685058594,2590700,0.0,0.0
2015-12-08,58.08000183105469,58.33000183105469,57.5099983215332,58.02000045776367,47.33376693725586,2178100,0.0,0.0
2015-12-09,58.0,58.060001373291016,56.439998626708984,56.650001525878906,46.216094970703125,2479200,0.0,0.0
2015-12-10,56.66999816894531,57.5099983215332,56.439998626708984,57.150001525878906,46.62401580810547,3175600,0.0,0.0
2015-12-11,56.290000915527344,57.11000061035156,56.290000915527344,56.93000030517578,46.44452667236328,3886300,0.0,0.0
2015-12-14,56.880001068115234,57.27000045776367,56.400001525878906,56.81999969482422,46.354801177978516,2896200,0.0,0.0
2015-12-15,55.849998474121094,57.849998474121094,55.70000076293945,56.54999923706055,46.134521484375,4702100,0.0,0.0
2015-12-16,56.939998626708984,57.7400016784668,56.310001373291016,57.529998779296875,46.934024810791016,1960100,0.0,0.0
2015-12-17,57.439998626708984,57.869998931884766,56.11000061035156,56.119998931884766,45.78371047973633,2249600,0.0,0.0
2015-12-18,55.75,56.369998931884766,55.119998931884766,55.16999816894531,45.008689880371094,4719900,0.0,0.0
2015-12-21,55.83000183105469,55.86000061035156,55.349998474121094,55.83000183105469,45.54713439941406,1763500,0.0,0.0
2015-12-22,56.54999923706055,56.97999954223633,55.849998474121094,56.02000045776367,45.70212936401367,1136200,0.0,0.0
2015-12-23,56.36000061035156,56.84000015258789,56.22999954223633,56.47999954223633,46.07741928100586,1153100,0.0,0.0
2015-12-24,56.47999954223633,57.0,56.47999954223633,56.79999923706055,46.338462829589844,536300,0.0,0.0
2015-12-28,56.66999816894531,56.84000015258789,55.869998931884766,56.45000076293945,46.05292510986328,1205500,0.0,0.0
2015-12-29,56.79999923706055,57.75,56.689998626708984,57.310001373291016,46.75453567504883,1347700,0.0,0.0
2015-12-30,57.16999816894531,57.47999954223633,56.5099983215332,56.54999923706055,46.134521484375,1459900,0.0,0.0
2015-12-31,56.45000076293945,56.54999923706055,55.31999969482422,55.31999969482422,45.13105010986328,1409400,0.0,0.0
2016-01-04,54.2400016784668,54.470001220703125,53.630001068115234,54.439998626708984,44.41313552856445,2648900,0.0,0.0
2016-01-05,54.72999954223633,54.84000015258789,53.86000061035156,54.040000915527344,44.086814880371094,2689500,0.0,0.0
2016-01-06,53.06999969482422,53.540000915527344,51.43000030517578,51.7400016784668,42.2104377746582,3779700,0.0,0.0
2016-01-07,50.45000076293945,51.459999084472656,50.029998779296875,50.41999816894531,41.133548736572266,5163000,0.0,0.0
2016-01-08,50.7400016784668,51.54999923706055,49.97999954223633,49.97999954223633,40.77458572387695,3805200,0.0,0.0
2016-01-11,51.040000915527344,51.7599983215332,50.41999816894531,51.16999816894531,41.74540710449219,3437900,0.0,0.0
2016-01-12,51.54999923706055,52.220001220703125,50.970001220703125,51.650001525878906,42.13701248168945,2445900,0.0,0.0
2016-01-13,51.720001220703125,52.349998474121094,50.029998779296875,50.099998474121094,40.87248611450195,2659500,0.0,0.0
2016-01-14,50.540000915527344,51.060001373291016,49.90999984741211,50.5,41.19881820678711,3377000,0.0,0.0
2016-01-15,48.15999984741211,49.95000076293945,47.2400016784668,49.81999969482422,40.6440544128418,8245400,0.0,0.0
2016-01-19,50.33000183105469,50.97999954223633,48.4900016784668,49.38999938964844,40.29326629638672,3707100,0.0,0.0
2016-01-20,49.349998474121094,51.130001068115234,49.0,50.58000183105469,41.26408386230469,5069700,0.0,0.0
2016-01-21,51.5099983215332,51.68000030517578,50.11000061035156,50.529998779296875,41.22329330444336,3972000,0.0,0.0
2016-01-22,51.5,51.7599983215332,50.810001373291016,51.380001068115234,41.91673278808594,1767600,0.0,0.0
2016-01-25,51.27000045776367,51.52000045776367,50.77000045776367,51.04999923706055,41.64751052856445,2642200,0.0,0.0
2016-01-26,51.34000015258789,51.959999084472656,50.900001525878906,51.290000915527344,41.84332275390625,2362700,0.0,0.0
2016-01-27,51.029998779296875,52.209999084472656,50.81999969482422,51.279998779296875,41.83515167236328,2747900,0.0,0.0
2016-01-28,51.66999816894531,51.970001220703125,51.13999938964844,51.7599983215332,42.22675323486328,2693200,0.0,0.0
2016-01-29,52.06999969482422,53.939998626708984,51.33000183105469,53.86000061035156,43.93996047973633,3378100,0.0,0.0
2016-02-01,53.380001068115234,53.70000076293945,52.959999084472656,53.16999816894531,43.377044677734375,2295700,0.0,0.0
2016-02-02,52.040000915527344,52.65999984741211,51.27000045776367,51.34000015258789,41.884090423583984,3151700,0.0,0.0
2016-02-03,51.939998626708984,51.970001220703125,50.459999084472656,51.380001068115234,41.91673278808594,2425600,0.0,0.0
2016-02-04,51.209999084472656,52.150001525878906,50.88999938964844,51.66999816894531,42.153316497802734,1772300,0.0,0.0
2016-02-05,51.400001525878906,51.810001373291016,49.560001373291016,49.81999969482422,40.6440544128418,2506000,0.0,0.0
2016-02-08,49.25,49.68000030517578,48.290000915527344,49.15999984741211,40.105628967285156,2994100,0.0,0.0
2016-02-09,48.84000015258789,50.130001068115234,48.619998931884766,49.310001373291016,40.227989196777344,3112100,0.0,0.0
2016-02-10,49.709999084472656,50.060001373291016,48.91999816894531,48.959999084472656,39.94245147705078,1897500,0.0,0.0
2016-02-11,48.369998931884766,49.34000015258789,48.16999816894531,48.84000015258789,39.844539642333984,2416700,0.0,0.0
2016-02-12,49.599998474121094,49.79999923706055,48.68000030517578,49.63999938964844,40.49720764160156,3741500,0.0,0.0
2016-02-16,49.790000915527344,52.349998474121094,49.790000915527344,52.06999969482422,42.479652404785156,4819000,0.0,0.0
2016-02-17,51.119998931884766,53.97999954223633,51.119998931884766,52.72999954223633,43.0180778503418,3909900,0.0,0.0
2016-02-18,53.0099983215332,53.630001068115234,51.93000030517578,52.040000915527344,42.45517349243164,2184100,0.0,0.0
2016-02-19,51.880001068115234,52.40999984741211,51.66999816894531,52.099998474121094,42.504127502441406,2276700,0.0,0.0
2016-02-22,52.66999816894531,53.119998931884766,52.099998474121094,52.61000061035156,42.92018508911133,1776700,0.0,0.0
2016-02-23,52.459999084472656,52.72999954223633,51.38999938964844,51.459999084472656,41.981998443603516,1781400,0.0,0.0
2016-02-24,50.599998474121094,51.849998474121094,50.099998474121094,51.810001373291016,42.615352630615234,2690900,0.42,0.0
2016-02-25,53.060001373291016,53.119998931884766,51.43000030517578,52.9900016784668,43.585941314697266,2430200,0.0,0.0
2016-02-26,53.29999923706055,53.619998931884766,52.880001068115234,53.439998626708984,43.95606231689453,1758200,0.0,0.0
2016-02-29,53.459999084472656,53.95000076293945,52.9900016784668,52.9900016784668,43.585941314697266,2159600,0.0,0.0
2016-03-01,53.95000076293945,54.720001220703125,53.0099983215332,54.70000076293945,44.99246597290039,2188600,0.0,0.0
2016-03-02,54.720001220703125,55.709999084472656,54.599998474121094,55.40999984741211,45.576454162597656,2411300,0.0,0.0
2016-03-03,55.61000061035156,55.779998779296875,54.65999984741211,55.470001220703125,45.62581253051758,2071100,0.0,0.0
2016-03-04,55.66999816894531,56.209999084472656,55.11000061035156,55.779998779296875,45.880794525146484,2312000,0.0,0.0
2016-03-07,55.15999984741211,56.4900016784668,55.15999984741211,56.4900016784668,46.46479415893555,2180100,0.0,0.0
2016-03-08,55.97999954223633,56.209999084472656,55.060001373291016,55.34000015258789,45.51888656616211,2726400,0.0,0.0
2016-03-09,55.709999084472656,55.90999984741211,54.84000015258789,54.93000030517578,45.18163299560547,2212700,0.0,0.0
2016-03-10,55.459999084472656,55.810001373291016,54.41999816894531,55.119998931884766,45.337921142578125,1749700,0.0,0.0
2016-03-11,55.83000183105469,56.029998779296875,55.0,55.939998626708984,46.01239776611328,1760300,0.0,0.0
2016-03-14,55.56999969482422,56.220001220703125,55.2599983215332,55.66999816894531,45.790313720703125,1403000,0.0,0.0
2016-03-15,55.34000015258789,56.13999938964844,55.15999984741211,56.11000061035156,46.15222930908203,1986300,0.0,0.0
2016-03-16,55.720001220703125,56.88999938964844,55.66999816894531,56.86000061035156,46.769126892089844,1721500,0.0,0.0
2016-03-17,56.5,57.95000076293945,56.5,57.869998931884766,47.59988784790039,2495700,0.0,0.0
2016-03-18,57.869998931884766,59.060001373291016,57.72999954223633,59.0099983215332,48.537574768066406,4820100,0.0,0.0
2016-03-21,58.7599983215332,58.97999954223633,58.150001525878906,58.849998474121094,48.405967712402344,2575100,0.0,0.0
2016-03-22,58.68000030517578,58.81999969482422,57.97999954223633,58.52000045776367,48.134525299072266,1828500,0.0,0.0
2016-03-23,58.58000183105469,58.58000183105469,58.150001525878906,58.33000183105469,47.97825622558594,1711700,0.0,0.0
2016-03-24,58.04999923706055,58.650001525878906,57.66999816894531,58.63999938964844,48.23323440551758,1947800,0.0,0.0
2016-03-28,58.630001068115234,58.630001068115234,58.13999938964844,58.31999969482422,47.970027923583984,1455700,0.0,0.0
2016-03-29,58.04999923706055,59.0,57.88999938964844,58.79999923706055,48.364845275878906,1338500,0.0,0.0
2016-03-30,59.0,59.43000030517578,58.45000076293945,59.11000061035156,48.61981964111328,1305500,0.0,0.0
2016-03-31,58.90999984741211,59.45000076293945,58.689998626708984,59.189998626708984,48.68562316894531,1775900,0.0,0.0
2016-04-01,58.689998626708984,59.060001373291016,58.54999923706055,58.97999954223633,48.51290512084961,1393600,0.0,0.0
2016-04-04,58.970001220703125,59.04999923706055,58.599998474121094,58.7599983215332,48.331932067871094,938800,0.0,0.0
2016-04-05,58.43000030517578,58.86000061035156,58.290000915527344,58.47999954223633,48.10163497924805,1689400,0.0,0.0
2016-04-06,58.310001373291016,59.25,57.83000183105469,59.15999984741211,48.660953521728516,1401800,0.0,0.0
2016-04-07,58.790000915527344,59.06999969482422,57.9900016784668,58.36000061035156,48.002925872802734,1484800,0.0,0.0
2016-04-08,58.70000076293945,59.0099983215332,58.290000915527344,58.79999923706055,48.364845275878906,1824600,0.0,0.0
2016-04-11,59.09000015258789,59.63999938964844,58.56999969482422,58.599998474121094,48.20034408569336,1505800,0.0,0.0
2016-04-12,58.72999954223633,58.9900016784668,58.06999969482422,58.79999923706055,48.364845275878906,1456200,0.0,0.0
2016-04-13,59.18000030517578,59.849998474121094,58.810001373291016,59.79999923706055,49.1873779296875,1354200,0.0,0.0
2016-04-14,59.22999954223633,59.619998931884766,58.68000030517578,59.439998626708984,48.891258239746094,1558000,0.0,0.0
2016-04-15,59.38999938964844,59.38999938964844,58.63999938964844,58.65999984741211,48.24968719482422,2076600,0.0,0.0
2016-04-18,58.68000030517578,58.869998931884766,58.369998931884766,58.70000076293945,48.282588958740234,1666700,0.0,0.0
2016-04-19,58.61000061035156,58.779998779296875,57.7599983215332,58.22999954223633,47.895999908447266,1674800,0.0,0.0
2016-04-20,58.52000045776367,59.369998931884766,58.439998626708984,59.18000030517578,48.67740249633789,1812300,0.0,0.0
2016-04-21,59.04999923706055,59.13999938964844,58.47999954223633,58.810001373291016,48.37306213378906,1464600,0.0,0.0
2016-04-22,58.90999984741211,59.369998931884766,58.20000076293945,58.47999954223633,48.10163497924805,1944800,0.0,0.0
2016-04-25,58.45000076293945,58.88999938964844,57.75,58.43000030517578,48.06050491333008,1282400,0.0,0.0
2016-04-26,58.77000045776367,59.869998931884766,58.52000045776367,59.33000183105469,48.800785064697266,1776000,0.0,0.0
2016-04-27,58.5,59.7599983215332,58.209999084472656,59.63999938964844,49.05577087402344,1775700,0.0,0.0
2016-04-28,59.20000076293945,59.560001373291016,57.560001373291016,57.86000061035156,47.5916633605957,2470400,0.0,0.0
2016-04-29,57.599998474121094,57.630001068115234,55.880001068115234,56.31999969482422,46.32497787475586,2612100,0.0,0.0
2016-05-02,56.310001373291016,57.040000915527344,55.959999084472656,57.0099983215332,46.89250946044922,1704000,0.0,0.0
2016-05-03,56.33000183105469,56.720001220703125,56.08000183105469,56.22999954223633,46.25093460083008,1653800,0.0,0.0
2016-05-04,55.790000915527344,56.130001068115234,55.4900016784668,55.83000183105469,45.921932220458984,2345000,0.0,0.0
2016-05-05,55.97999954223633,56.209999084472656,55.41999816894531,55.689998626708984,45.8067626953125,1523300,0.0,0.0
2016-05-06,55.470001220703125,55.68000030517578,54.84000015258789,55.470001220703125,45.62581253051758,2666900,0.0,0.0
2016-05-09,55.689998626708984,56.09000015258789,55.18000030517578,55.22999954223633,45.42840576171875,2125700,0.0,0.0
2016-05-10,55.54999923706055,56.16999816894531,55.16999816894531,56.099998474121094,46.14399337768555,2622800,0.0,0.0
2016-05-11,56.04999923706055,56.52000045776367,55.68000030517578,55.75,45.85612487792969,1591700,0.0,0.0
2016-05-12,55.959999084472656,56.220001220703125,54.47999954223633,54.900001525878906,45.1569709777832,2279000,0.0,0.0
2016-05-13,54.7599983215332,55.31999969482422,54.33000183105469,54.720001220703125,45.00891876220703,1882100,0.0,0.0
2016-05-16,54.869998931884766,55.810001373291016,54.540000915527344,55.43000030517578,45.59291458129883,1897100,0.0,0.0
2016-05-17,55.310001373291016,56.02000045776367,55.25,55.369998931884766,45.543556213378906,2907300,0.0,0.0
2016-05-18,53.060001373291016,56.13999938964844,53.0,55.81999969482422,45.913692474365234,3217600,0.0,0.0
2016-05-19,55.66999816894531,56.029998779296875,55.029998779296875,55.70000076293945,45.815006256103516,1779100,0.0,0.0
2016-05-20,56.0099983215332,57.099998474121094,55.97999954223633,56.540000915527344,46.505924224853516,1928900,0.0,0.0
2016-05-23,56.77000045776367,57.439998626708984,56.61000061035156,56.7599983215332,46.68688201904297,1515300,0.0,0.0
2016-05-24,57.099998474121094,58.349998474121094,56.959999084472656,58.220001220703125,47.88777542114258,1649100,0.0,0.0
2016-05-25,57.95000076293945,58.38999938964844,57.810001373291016,58.27000045776367,48.277164459228516,1445400,0.42,0.0
2016-05-26,58.209999084472656,58.4900016784668,57.9900016784668,58.290000915527344,48.29374694824219,1034300,0.0,0.0
2016-05-27,58.349998474121094,58.720001220703125,58.130001068115234,58.439998626708984,48.41801071166992,1000800,0.0,0.0
2016-05-31,58.43000030517578,58.61000061035156,58.040000915527344,58.5,48.467735290527344,1348300,0.0,0.0
2016-06-01,58.11000061035156,58.77000045776367,58.11000061035156,58.650001525878906,48.59202194213867,1077100,0.0,0.0
2016-06-02,57.20000076293945,58.34000015258789,57.20000076293945,58.279998779296875,48.285438537597656,1708200,0.0,0.0
2016-06-03,58.560001373291016,58.560001373291016,57.779998779296875,58.11000061035156,48.14460754394531,1462900,0.0,0.0
2016-06-06,58.04999923706055,58.400001525878906,57.040000915527344,57.09000015258789,47.299530029296875,4243500,0.0,0.0
2016-06-07,57.47999954223633,57.95000076293945,56.880001068115234,57.790000915527344,47.879486083984375,3267900,0.0,0.0
2016-06-08,57.880001068115234,58.119998931884766,57.5,57.779998779296875,47.87119674682617,1241200,0.0,0.0
2016-06-09,57.56999969482422,57.61000061035156,57.20000076293945,57.560001373291016,47.688934326171875,1052700,0.0,0.0
2016-06-10,56.88999938964844,57.279998779296875,56.61000061035156,56.959999084472656,47.19182586669922,1364100,0.0,0.0
2016-06-13,56.86000061035156,57.54999923706055,56.70000076293945,56.869998931884766,47.11725997924805,1103200,0.0,0.0
2016-06-14,56.81999969482422,57.25,56.56999969482422,57.06999969482422,47.282955169677734,2202500,0.0,0.0
2016-06-15,57.2599983215332,57.290000915527344,56.72999954223633,56.869998931884766,47.11725997924805,2391100,0.0,0.0
2016-06-16,56.5099983215332,57.0,55.900001525878906,56.900001525878906,47.14212417602539,1088000,0.0,0.0
2016-06-17,56.849998474121094,56.849998474121094,55.61000061035156,55.9900016784668,46.38817596435547,2659100,0.0,0.0
2016-06-20,56.779998779296875,57.369998931884766,56.72999954223633,56.790000915527344,47.05097198486328,1850700,0.0,0.0
2016-06-21,56.9900016784668,57.15999984741211,56.650001525878906,57.060001373291016,47.27467727661133,1243600,0.0,0.0
2016-06-22,57.13999938964844,57.560001373291016,56.779998779296875,56.849998474121094,47.10069274902344,1718400,0.0,0.0
2016-06-23,57.52000045776367,58.119998931884766,57.31999969482422,58.11000061035156,48.14460754394531,1608900,0.0,0.0
2016-06-24,54.90999984741211,56.369998931884766,54.75,55.040000915527344,45.60108947753906,8490000,0.0,0.0
2016-06-27,53.86000061035156,54.18000030517578,52.16999816894531,52.54999923706055,43.5380973815918,3599600,0.0,0.0
2016-06-28,53.529998779296875,54.31999969482422,53.11000061035156,54.310001373291016,44.99628448486328,3244200,0.0,0.0
2016-06-29,54.689998626708984,55.650001525878906,54.61000061035156,55.619998931884766,46.08162307739258,2484700,0.0,0.0
2016-06-30,55.75,56.689998626708984,55.400001525878906,56.63999938964844,46.92670822143555,2573300,0.0,0.0
2016-07-01,56.150001525878906,56.91999816894531,55.849998474121094,56.630001068115234,46.91841506958008,1910900,0.0,0.0
2016-07-05,55.9900016784668,56.400001525878906,55.040000915527344,55.36000061035156,45.8662109375,1711600,0.0,0.0
2016-07-06,55.150001525878906,55.599998474121094,54.54999923706055,55.459999084472656,45.949066162109375,1434000,0.0,0.0
2016-07-07,55.4900016784668,56.36000061035156,55.290000915527344,55.95000076293945,46.35502243041992,1382000,0.0,0.0
2016-07-08,56.5099983215332,57.790000915527344,56.43000030517578,57.7400016784668,47.83805465698242,2287100,0.0,0.0
2016-07-11,57.9900016784668,58.54999923706055,57.84000015258789,58.25,48.26060104370117,1788500,0.0,0.0
2016-07-12,58.68000030517578,59.029998779296875,58.2599983215332,58.9900016784668,48.87368392944336,1309500,0.0,0.0
2016-07-13,59.27000045776367,59.619998931884766,58.9900016784668,59.52000045776367,49.31280517578125,2477700,0.0,0.0
2016-07-14,60.0,60.18000030517578,59.66999816894531,60.02000045776367,49.72706985473633,1721700,0.0,0.0
2016-07-15,60.25,60.25,59.970001220703125,60.150001525878906,49.83476638793945,1984700,0.0,0.0
2016-07-18,60.5,60.83000183105469,60.2599983215332,60.43000030517578,50.06675338745117,1836800,0.0,0.0
2016-07-19,60.09000015258789,60.47999954223633,59.88999938964844,60.27000045776367,49.93418502807617,1366100,0.0,0.0
2016-07-20,60.43000030517578,60.91999816894531,60.150001525878906,60.689998626708984,50.282161712646484,1397800,0.0,0.0
2016-07-21,60.650001525878906,60.650001525878906,59.720001220703125,59.95000076293945,49.66907501220703,1379500,0.0,0.0
2016-07-22,60.04999923706055,60.439998626708984,59.65999984741211,60.400001525878906,50.04188537597656,823700,0.0,0.0
2016-07-25,60.4900016784668,60.59000015258789,60.20000076293945,60.529998779296875,50.14960479736328,1195600,0.0,0.0
2016-07-26,61.150001525878906,64.22000122070312,61.08000183105469,62.869998931884766,52.08830261230469,5046000,0.0,0.0
2016-07-27,66.77999877929688,66.91000366210938,62.95000076293945,63.33000183105469,52.46942138671875,14963000,0.0,0.0
2016-07-28,63.459999084472656,64.38999938964844,62.75,64.22000122070312,53.2067985534668,4724100,0.0,0.0
2016-07-29,64.19999694824219,64.44000244140625,63.5,63.83000183105469,52.8836784362793,3241900,0.0,0.0
2016-08-01,64.19000244140625,64.31999969482422,63.540000915527344,63.97999954223633,53.007957458496094,2669100,0.0,0.0
2016-08-02,63.779998779296875,63.84000015258789,62.4900016784668,62.84000015258789,52.063453674316406,2740500,0.0,0.0
2016-08-03,62.650001525878906,63.58000183105469,62.2400016784668,62.869998931884766,52.08830261230469,1899900,0.0,0.0
2016-08-04,63.06999969482422,63.38999938964844,62.70000076293945,63.34000015258789,52.47770309448242,1783800,0.0,0.0
2016-08-05,63.5,63.72999954223633,63.06999969482422,63.689998626708984,52.7676887512207,1843000,0.0,0.0
2016-08-08,63.83000183105469,63.939998626708984,63.290000915527344,63.439998626708984,52.56056213378906,1839200,0.0,0.0
2016-08-09,63.880001068115234,64.1500015258789,63.630001068115234,63.81999969482422,52.875389099121094,1933800,0.0,0.0
2016-08-10,64.0,64.0,63.15999984741211,63.790000915527344,52.85053634643555,2054900,0.0,0.0
2016-08-11,63.9900016784668,64.13999938964844,62.869998931884766,64.13999938964844,53.1405143737793,1324900,0.0,0.0
2016-08-12,64.05999755859375,64.36000061035156,63.77000045776367,64.23999786376953,53.223358154296875,1357800,0.0,0.0
2016-08-15,64.23999786376953,65.48999786376953,64.23999786376953,65.2699966430664,54.076744079589844,2534100,0.0,0.0
2016-08-16,65.1500015258789,65.1500015258789,64.58999633789062,64.87999725341797,53.75361251831055,2475600,0.0,0.0
2016-08-17,64.26000213623047,64.83999633789062,63.15999984741211,64.19999694824219,53.19023132324219,3247300,0.0,0.0
2016-08-18,64.30000305175781,64.8499984741211,63.75,64.12999725341797,53.13222885131836,2130600,0.0,0.0
2016-08-19,63.91999816894531,64.58000183105469,63.83000183105469,64.13999938964844,53.1405143737793,1964600,0.0,0.0
2016-08-22,64.4000015258789,64.41000366210938,63.75,63.84000015258789,52.8919563293457,1942000,0.0,0.0
2016-08-23,64.37999725341797,64.73999786376953,63.790000915527344,63.79999923706055,52.858821868896484,1936000,0.0,0.0
2016-08-24,63.59000015258789,63.84000015258789,62.70000076293945,62.70000076293945,52.291709899902344,2613100,0.42,0.0
2016-08-25,62.81999969482422,63.040000915527344,62.560001373291016,62.720001220703125,52.30836868286133,2336700,0.0,0.0
2016-08-26,63.0,63.529998779296875,62.56999969482422,62.959999084472656,52.508544921875,2144400,0.0,0.0
2016-08-29,63.09000015258789,63.45000076293945,62.810001373291016,62.88999938964844,52.450157165527344,1512900,0.0,0.0
2016-08-30,63.060001373291016,63.349998474121094,62.650001525878906,62.900001525878906,52.45849609375,1432500,0.0,0.0
2016-08-31,62.900001525878906,62.970001220703125,62.36000061035156,62.560001373291016,52.17494583129883,1860600,0.0,0.0
2016-09-01,62.099998474121094,63.06999969482422,61.599998474121094,63.060001373291016,52.59194564819336,1814000,0.0,0.0
2016-09-02,63.290000915527344,63.529998779296875,62.90999984741211,63.150001525878906,52.66701126098633,1989300,0.0,0.0
2016-09-06,63.2400016784668,63.43000030517578,62.5099983215332,62.72999954223633,52.31672286987305,1779400,0.0,0.0
2016-09-07,62.540000915527344,62.86000061035156,61.439998626708984,61.650001525878906,51.41600799560547,2215400,0.0,0.0
2016-09-08,61.65999984741211,61.79999923706055,61.119998931884766,61.40999984741211,51.21584701538086,2025800,0.0,0.0
2016-09-09,60.83000183105469,61.119998931884766,59.369998931884766,59.619998931884766,49.72298812866211,3609600,0.0,0.0
2016-09-12,59.130001068115234,60.66999816894531,59.0099983215332,60.619998931884766,50.556983947753906,2520700,0.0,0.0
2016-09-13,60.38999938964844,60.869998931884766,59.939998626708984,60.45000076293945,50.41521072387695,3161700,0.0,0.0
2016-09-14,60.5099983215332,61.18000030517578,60.119998931884766,60.91999816894531,50.80718231201172,1906400,0.0,0.0
2016-09-15,60.880001068115234,62.720001220703125,60.869998931884766,62.650001525878906,52.250003814697266,3235500,0.0,0.0
2016-09-16,62.77000045776367,62.849998474121094,61.459999084472656,62.04999923706055,51.74960708618164,2947800,0.0,0.0
2016-09-19,62.41999816894531,63.04999923706055,62.209999084472656,62.459999084472656,52.091552734375,2167200,0.0,0.0
2016-09-20,62.689998626708984,62.90999984741211,62.25,62.34000015258789,51.991458892822266,2304200,0.0,0.0
2016-09-21,62.599998474121094,63.400001525878906,62.52000045776367,63.29999923706055,52.79209899902344,2042300,0.0,0.0
2016-09-22,63.88999938964844,64.0199966430664,63.369998931884766,63.68000030517578,53.10902786254883,2323900,0.0,0.0
2016-09-23,63.70000076293945,63.81999969482422,63.22999954223633,63.22999954223633,52.73373031616211,3185500,0.0,0.0
2016-09-26,62.790000915527344,62.97999954223633,62.220001220703125,62.279998779296875,51.94142150878906,3196400,0.0,0.0
2016-09-27,62.279998779296875,63.93000030517578,61.810001373291016,63.810001373291016,53.217445373535156,2551000,0.0,0.0
2016-09-28,64.0199966430664,64.12999725341797,63.27000045776367,63.93000030517578,53.31752014160156,2313200,0.0,0.0
2016-09-29,63.9900016784668,64.2699966430664,62.93000030517578,63.7400016784668,53.1590576171875,1820100,0.0,0.0
2016-09-30,64.13999938964844,64.97000122070312,63.40999984741211,64.44999694824219,53.75120162963867,3104700,0.0,0.0
2016-10-03,64.29000091552734,64.73999786376953,64.05999755859375,64.25,53.58440017700195,1921100,0.0,0.0
2016-10-04,64.20999908447266,64.93000030517578,63.97999954223633,64.23999786376953,53.57605743408203,1571300,0.0,0.0
2016-10-05,64.4800033569336,65.18000030517578,63.79999923706055,64.68000030517578,53.943016052246094,2089100,0.0,0.0
2016-10-06,64.5999984741211,64.83000183105469,64.04000091552734,64.73999786376953,53.99305725097656,1355300,0.0,0.0
2016-10-07,64.62000274658203,64.62000274658203,63.7400016784668,64.41999816894531,53.726173400878906,1851900,0.0,0.0
2016-10-10,64.77999877929688,64.87999725341797,63.34000015258789,63.349998474121094,52.833805084228516,2117300,0.0,0.0
2016-10-11,63.310001373291016,63.650001525878906,61.63999938964844,62.099998474121094,51.79130935668945,3533100,0.0,0.0
2016-10-12,62.150001525878906,62.15999984741211,60.70000076293945,61.189998626708984,51.03236389160156,3305100,0.0,0.0
2016-10-13,60.79999923706055,60.86000061035156,59.540000915527344,60.709999084472656,50.632057189941406,3570700,0.0,0.0
2016-10-14,61.11000061035156,62.709999084472656,60.970001220703125,62.060001373291016,51.75794219970703,3834700,0.0,0.0
2016-10-17,61.650001525878906,62.290000915527344,61.33000183105469,61.70000076293945,51.45770263671875,2475900,0.0,0.0
2016-10-18,62.33000183105469,62.84000015258789,62.02000045776367,62.13999938964844,51.82466506958008,2759200,0.0,0.0
2016-10-19,61.84000015258789,62.06999969482422,61.27000045776367,61.90999984741211,51.63284683227539,1380400,0.0,0.0
2016-10-20,62.279998779296875,63.68000030517578,61.66999816894531,63.470001220703125,52.93388366699219,4556300,0.0,0.0
2016-10-21,63.130001068115234,63.33000183105469,62.220001220703125,62.90999984741211,52.46685791015625,1827100,0.0,0.0
2016-10-24,63.529998779296875,64.05000305175781,63.439998626708984,64.0199966430664,53.392581939697266,1316300,0.0,0.0
2016-10-25,64.0199966430664,64.26000213623047,63.7400016784668,64.05999755859375,53.425941467285156,3078000,0.0,0.0
2016-10-26,63.56999969482422,63.75,63.099998474121094,63.439998626708984,52.90886306762695,2576100,0.0,0.0
2016-10-27,63.869998931884766,64.16000366210938,63.060001373291016,63.27000045776367,52.7670783996582,2067200,0.0,0.0
2016-10-28,63.45000076293945,64.29000091552734,63.349998474121094,63.529998779296875,52.983917236328125,2412200,0.0,0.0
2016-10-31,64.04000091552734,64.44000244140625,63.7400016784668,64.0999984741211,53.45930480957031,2175500,0.0,0.0
2016-11-01,64.4000015258789,64.4000015258789,62.84000015258789,63.599998474121094,53.042301177978516,3643400,0.0,0.0
2016-11-02,63.790000915527344,64.18000030517578,63.400001525878906,63.65999984741211,53.09234619140625,2359000,0.0,0.0
2016-11-03,63.75,64.02999877929688,63.34000015258789,63.849998474121094,53.250797271728516,2329000,0.0,0.0
2016-11-04,62.88999938964844,64.0199966430664,62.88999938964844,63.43000030517578,52.900535583496094,2136500,0.0,0.0
2016-11-07,64.52999877929688,64.55000305175781,63.959999084472656,64.36000061035156,53.67613220214844,2982700,0.0,0.0
2016-11-08,64.08000183105469,65.4000015258789,63.709999084472656,64.8499984741211,54.08481216430664,2224500,0.0,0.0
2016-11-09,63.08000183105469,65.29000091552734,62.5,64.97000122070312,54.18487548828125,2448800,0.0,0.0
2016-11-10,65.20999908447266,65.97000122070312,63.45000076293945,64.25,53.58440017700195,2189000,0.0,0.0
2016-11-11,64.29000091552734,65.44000244140625,64.11000061035156,65.31999969482422,54.47678756713867,2172200,0.0,0.0
2016-11-14,65.41999816894531,66.83000183105469,65.33000183105469,66.45999908447266,55.42752456665039,4326300,0.0,0.0
2016-11-15,66.7300033569336,68.48999786376953,66.47000122070312,68.20999908447266,56.88703918457031,3345000,0.0,0.0
2016-11-16,68.13999938964844,68.5,67.68000030517578,67.87999725341797,56.61179733276367,3532300,0.0,0.0
2016-11-17,67.88999938964844,68.31999969482422,67.37999725341797,68.20999908447266,56.88703918457031,1610800,0.0,0.0
2016-11-18,67.91999816894531,68.58000183105469,67.62000274658203,68.47000122070312,57.103878021240234,1580100,0.0,0.0
2016-11-21,68.75,69.91000366210938,68.70999908447266,69.81999969482422,58.229766845703125,3583500,0.0,0.0
2016-11-22,73.05000305175781,74.87000274658203,72.5199966430664,72.88999938964844,60.790138244628906,7844300,0.0,0.0
2016-11-23,73.66999816894531,74.11000061035156,72.61000061035156,73.58999633789062,61.373939514160156,5922900,0.0,0.0
2016-11-25,73.44999694824219,74.31999969482422,72.91000366210938,74.19999694824219,61.88267135620117,1998300,0.0,0.0
2016-11-28,74.01000213623047,74.45999908447266,73.52999877929688,74.16000366210938,61.849308013916016,3126700,0.0,0.0
2016-11-29,74.16999816894531,74.86000061035156,73.44999694824219,74.52999877929688,62.15790939331055,2918000,0.0,0.0
2016-11-30,74.36000061035156,74.75,73.62000274658203,74.23999786376953,62.266963958740234,3803300,0.42,0.0
2016-12-01,73.55999755859375,74.18000030517578,68.66999816894531,69.01000213623047,57.880401611328125,5518200,0.0,0.0
2016-12-02,68.66000366210938,70.26000213623047,68.41999816894531,70.11000061035156,58.803001403808594,3248100,0.0,0.0
2016-12-05,70.83999633789062,71.2300033569336,70.1500015258789,70.5999984741211,59.2139892578125,2445000,0.0,0.0
2016-12-06,71.0199966430664,71.5,70.26000213623047,71.0,59.549476623535156,2196800,0.0,0.0
2016-12-07,70.9800033569336,72.95999908447266,70.5199966430664,72.94000244140625,61.17660903930664,2648400,0.0,0.0
2016-12-08,72.98999786376953,74.25,72.75,73.87999725341797,61.964996337890625,2153600,0.0,0.0
2016-12-09,74.54000091552734,74.81999969482422,72.48999786376953,73.13999938964844,61.34431838989258,2106700,0.0,0.0
2016-12-12,72.8499984741211,73.26000213623047,72.19999694824219,72.9000015258789,61.14304733276367,2194600,0.0,0.0
2016-12-13,73.11000061035156,73.7300033569336,72.79000091552734,73.0999984741211,61.310787200927734,2171900,0.0,0.0
2016-12-14,73.2300033569336,73.43000030517578,72.29000091552734,72.54000091552734,60.841121673583984,2482200,0.0,0.0
2016-12-15,72.80999755859375,73.94000244140625,72.54000091552734,73.61000061035156,61.73855209350586,2165700,0.0,0.0
2016-12-16,73.7699966430664,74.0,71.97000122070312,72.08999633789062,60.46367263793945,5131300,0.0,0.0
2016-12-19,72.41000366210938,73.0,72.1500015258789,72.80999755859375,61.06756591796875,1947700,0.0,0.0
2016-12-20,72.91999816894531,73.58999633789062,72.80999755859375,73.4000015258789,61.562400817871094,1729600,0.0,0.0
2016-12-21,73.69000244140625,74.29000091552734,73.2699966430664,73.5999984741211,61.730167388916016,1868000,0.0,0.0
2016-12-22,73.88999938964844,73.94999694824219,73.01000213623047,73.44999694824219,61.60432815551758,1680600,0.0,0.0
2016-12-23,73.37000274658203,73.87000274658203,73.33999633789062,73.83999633789062,61.93145751953125,1229100,0.0,0.0
2016-12-27,73.80999755859375,74.62000274658203,73.80999755859375,74.30999755859375,62.32564926147461,897000,0.0,0.0
2016-12-28,74.54000091552734,74.5999984741211,73.52999877929688,73.55999755859375,61.696590423583984,1851000,0.0,0.0
2016-12-29,73.37999725341797,73.87999725341797,73.2300033569336,73.58000183105469,61.713382720947266,1331000,0.0,0.0
2016-12-30,73.80000305175781,74.0199966430664,72.38999938964844,72.62000274658203,60.90822982788086,1758500,0.0,0.0
2017-01-03,72.5999984741211,74.12999725341797,72.08999633789062,72.51000213623047,60.815940856933594,2687200,0.0,0.0
2017-01-04,72.7699966430664,73.02999877929688,72.25,72.36000061035156,60.69012451171875,1971000,0.0,0.0
2017-01-05,72.41000366210938,72.61000061035156,71.27999877929688,71.31999969482422,59.817874908447266,2067300,0.0,0.0
2017-01-06,71.58000183105469,71.94999694824219,71.0,71.5999984741211,60.052711486816406,2069700,0.0,0.0
2017-01-09,71.63999938964844,72.51000213623047,71.5199966430664,71.94000244140625,60.337867736816406,2399500,0.0,0.0
2017-01-10,71.87000274658203,72.51000213623047,71.8499984741211,72.3499984741211,60.6817512512207,2403200,0.0,0.0
2017-01-11,72.2699966430664,72.66000366210938,72.06999969482422,72.62000274658203,60.90822982788086,1580900,0.0,0.0
2017-01-12,72.41999816894531,72.41999816894531,71.0,72.22000122070312,60.57270050048828,2099200,0.0,0.0
2017-01-13,72.36000061035156,72.87999725341797,72.11000061035156,72.66999816894531,60.950138092041016,1509100,0.0,0.0
2017-01-17,72.2300033569336,73.41000366210938,71.8499984741211,72.27999877929688,60.623043060302734,2374600,0.0,0.0
2017-01-18,72.63999938964844,73.62999725341797,72.22000122070312,73.01000213623047,61.23530197143555,2107100,0.0,0.0
2017-01-19,72.87999725341797,73.38999938964844,72.29000091552734,72.44000244140625,60.75724411010742,1988200,0.0,0.0
2017-01-20,72.08999633789062,73.6500015258789,72.08999633789062,72.87999725341797,61.126258850097656,1811600,0.0,0.0
2017-01-23,72.73999786376953,73.23999786376953,72.41000366210938,72.77999877929688,61.042396545410156,2205600,0.0,0.0
2017-01-24,73.01000213623047,73.68000030517578,72.55999755859375,73.51000213623047,61.654685974121094,3312900,0.0,0.0
2017-01-25,74.69000244140625,75.58999633789062,74.51000213623047,74.54000091552734,62.5185546875,3944300,0.0,0.0
2017-01-26,74.37000274658203,74.54000091552734,73.7699966430664,74.19999694824219,62.23337173461914,4172100,0.0,0.0
2017-01-27,74.55000305175781,76.94000244140625,74.25,76.93000030517578,64.52310943603516,3820600,0.0,0.0
2017-01-30,76.76000213623047,76.76000213623047,75.2300033569336,76.27999877929688,63.977943420410156,2476300,0.0,0.0
2017-01-31,76.13999938964844,76.19000244140625,74.5999984741211,74.94000244140625,62.85406494140625,2609900,0.0,0.0
2017-02-01,75.76000213623047,76.7300033569336,75.41999816894531,76.16999816894531,63.88566589355469,2588600,0.0,0.0
2017-02-02,75.66000366210938,76.02999877929688,75.13999938964844,75.2300033569336,63.09727096557617,2490000,0.0,0.0
2017-02-03,75.5199966430664,75.7300033569336,75.26000213623047,75.5199966430664,63.340518951416016,2143100,0.0,0.0
2017-02-06,75.6500015258789,75.6500015258789,74.94000244140625,75.52999877929688,63.348899841308594,1789200,0.0,0.0
2017-02-07,75.69000244140625,76.58000183105469,75.38999938964844,76.30999755859375,64.00309753417969,2136100,0.0,0.0
2017-02-08,77.0,77.75,76.77999877929688,77.4800033569336,64.98441314697266,3397800,0.0,0.0
2017-02-09,77.7699966430664,77.7699966430664,76.4800033569336,76.51000213623047,64.1708755493164,2192300,0.0,0.0
2017-02-10,76.77999877929688,76.77999877929688,75.54000091552734,76.52999877929688,64.1876220703125,1667900,0.0,0.0
2017-02-13,77.01000213623047,78.02999877929688,76.80999755859375,77.91999816894531,65.35344696044922,2637600,0.0,0.0
2017-02-14,77.83999633789062,77.97000122070312,77.06999969482422,77.83999633789062,65.28633880615234,2589600,0.0,0.0
2017-02-15,80.80000305175781,81.62999725341797,77.95999908447266,81.5999984741211,68.43995666503906,7032700,0.0,0.0
2017-02-16,81.0,82.56999969482422,80.75,81.97000122070312,68.75027465820312,3465000,0.0,0.0
2017-02-17,81.80000305175781,82.5,81.4800033569336,82.4800033569336,69.17803192138672,2933200,0.0,0.0
2017-02-21,82.5,82.87000274658203,81.98999786376953,82.81999969482422,69.46318817138672,2375600,0.0,0.0
2017-02-22,82.30999755859375,82.38999938964844,81.5199966430664,82.05999755859375,69.2017593383789,3679500,0.45,0.0
2017-02-23,82.1500015258789,82.16000366210938,81.02999877929688,81.61000061035156,68.82229614257812,2277500,0.0,0.0
2017-02-24,80.97000122070312,81.69999694824219,80.81999969482422,81.68000030517578,68.8813247680664,2841100,0.0,0.0
2017-02-27,81.6500015258789,82.43000030517578,81.23999786376953,82.27999877929688,69.38729858398438,1793100,0.0,0.0
2017-02-28,82.18000030517578,82.23999786376953,81.58000183105469,81.93000030517578,69.09215545654297,2045400,0.0,0.0
2017-03-01,82.44999694824219,83.79000091552734,82.1500015258789,83.76000213623047,70.6353759765625,2265100,0.0,0.0
2017-03-02,83.38999938964844,84.08000183105469,83.04000091552734,83.6500015258789,70.54265594482422,2714300,0.0,0.0
2017-03-03,83.62000274658203,83.6500015258789,83.04000091552734,83.18000030517578,70.1462631225586,2357200,0.0,0.0
2017-03-06,83.0,84.23999786376953,82.3499984741211,83.8499984741211,70.71129608154297,3717400,0.0,0.0
2017-03-07,83.69999694824219,84.16999816894531,83.20999908447266,83.41000366210938,70.3402328491211,2892700,0.0,0.0
2017-03-08,83.7699966430664,83.8499984741211,83.18000030517578,83.4800033569336,70.3992691040039,2381400,0.0,0.0
2017-03-09,83.37999725341797,83.66000366210938,82.80000305175781,83.16999816894531,70.1378402709961,2005300,0.0,0.0
2017-03-10,83.87000274658203,83.87000274658203,82.02999877929688,82.19999694824219,69.31986236572266,7495200,0.0,0.0
2017-03-13,82.1500015258789,82.98999786376953,82.05000305175781,82.76000213623047,69.7920913696289,4873800,0.0,0.0
2017-03-14,82.5199966430664,83.7300033569336,82.4000015258789,83.68000030517578,70.56791687011719,4881100,0.0,0.0
2017-03-15,83.44999694824219,83.66999816894531,82.55999755859375,83.51000213623047,70.42457580566406,4499200,0.0,0.0
2017-03-16,83.29000091552734,83.5,82.41000366210938,82.72000122070312,69.75836181640625,4107700,0.0,0.0
2017-03-17,83.30999755859375,83.33999633789062,82.7300033569336,83.26000213623047,70.21373748779297,4184000,0.0,0.0
2017-03-20,83.26000213623047,83.69999694824219,82.87999725341797,82.9000015258789,69.91014099121094,2714000,0.0,0.0
2017-03-21,83.25,83.45999908447266,81.69000244140625,81.80000305175781,68.9825210571289,3316600,0.0,0.0
2017-03-22,81.83999633789062,82.26000213623047,81.6500015258789,82.12000274658203,69.25235748291016,2604300,0.0,0.0
2017-03-23,82.23999786376953,82.33000183105469,81.30999755859375,81.54000091552734,68.76327514648438,3395000,0.0,0.0
2017-03-24,81.86000061035156,82.94999694824219,81.4000015258789,81.63999938964844,68.84757995605469,2223500,0.0,0.0
2017-03-27,81.0,81.54000091552734,80.38999938964844,81.4000015258789,68.64518737792969,2450700,0.0,0.0
2017-03-28,81.30999755859375,82.51000213623047,81.06999969482422,82.19999694824219,69.31986236572266,2916400,0.0,0.0
2017-03-29,81.88999938964844,82.22000122070312,81.47000122070312,81.91000366210938,69.07527923583984,2040500,0.0,0.0
2017-03-30,81.87000274658203,82.61000061035156,81.62999725341797,82.19999694824219,69.31986236572266,1337700,0.0,0.0
2017-03-31,82.05000305175781,82.4800033569336,81.7699966430664,81.94999694824219,69.10899353027344,2337300,0.0,0.0
2017-04-03,82.0199966430664,82.2699966430664,80.86000061035156,81.23999786376953,68.51026153564453,3084400,0.0,0.0
2017-04-04,80.80999755859375,81.38999938964844,80.5,81.23999786376953,68.51026153564453,5040800,0.0,0.0
2017-04-05,81.58999633789062,81.6500015258789,80.0,80.04000091552734,67.49829864501953,3513800,0.0,0.0
2017-04-06,80.11000061035156,80.66000366210938,79.58999633789062,80.31999969482422,67.73441314697266,3970800,0.0,0.0
2017-04-07,80.30000305175781,80.58999633789062,79.6500015258789,80.01000213623047,67.4729995727539,3308900,0.0,0.0
2017-04-10,80.0,80.12000274658203,79.19000244140625,79.33000183105469,66.8995590209961,2907000,0.0,0.0
2017-04-11,78.94000244140625,78.94999694824219,76.94000244140625,78.08000183105469,65.84542846679688,6040200,0.0,0.0
2017-04-12,78.2699966430664,78.44999694824219,76.62999725341797,76.87000274658203,64.82499694824219,2904100,0.0,0.0
2017-04-13,76.87000274658203,77.8499984741211,76.47000122070312,76.51000213623047,64.52143096923828,2223200,0.0,0.0
2017-04-17,76.77999877929688,77.19999694824219,76.1500015258789,76.38999938964844,64.42023468017578,2462200,0.0,0.0
2017-04-18,75.83000183105469,77.52999877929688,75.81999969482422,77.41000366210938,65.2804183959961,3342500,0.0,0.0
2017-04-19,77.69000244140625,78.19999694824219,76.93000030517578,76.98999786376953,64.92617797851562,2625500,0.0,0.0
2017-04-20,77.5199966430664,78.88999938964844,77.19999694824219,78.66000366210938,66.33454895019531,2898900,0.0,0.0
2017-04-21,77.19999694824219,78.18000030517578,76.41000366210938,77.62999725341797,65.4659194946289,4476600,0.0,0.0
2017-04-24,79.47000122070312,80.06999969482422,78.98999786376953,79.22000122070312,66.80677032470703,2993600,0.0,0.0
2017-04-25,79.4000015258789,79.7300033569336,78.94999694824219,79.3499984741211,66.91641235351562,2570300,0.0,0.0
2017-04-26,79.41000366210938,79.45999908447266,77.58000183105469,77.9800033569336,65.7610855102539,2998700,0.0,0.0
2017-04-27,78.6500015258789,78.87999725341797,77.55999755859375,77.8499984741211,65.6514663696289,2375300,0.0,0.0
2017-04-28,77.86000061035156,77.9800033569336,75.95999908447266,76.19999694824219,64.25999450683594,4316400,0.0,0.0
2017-05-01,75.05000305175781,76.41999816894531,74.6500015258789,76.22000122070312,64.27687072753906,4571800,0.0,0.0
2017-05-02,76.4800033569336,76.48999786376953,75.30000305175781,75.51000213623047,63.6781120300293,5528100,0.0,0.0
2017-05-03,75.30999755859375,75.86000061035156,75.16000366210938,75.5999984741211,63.75400924682617,3132000,0.0,0.0
2017-05-04,75.73999786376953,76.16999816894531,75.20999908447266,75.66000366210938,63.804595947265625,2300600,0.0,0.0
2017-05-05,75.77999877929688,75.87000274658203,75.2699966430664,75.79000091552734,63.91424560546875,3283400,0.0,0.0
2017-05-08,75.66000366210938,76.58999633789062,75.36000061035156,76.37999725341797,64.41178894042969,5040200,0.0,0.0
2017-05-09,76.83000183105469,79.19000244140625,76.7699966430664,78.5,66.1996078491211,5265300,0.0,0.0
2017-05-10,79.51000213623047,80.01000213623047,78.62000274658203,79.02999877929688,66.64653778076172,3944400,0.0,0.0
2017-05-11,78.7300033569336,79.25,77.80999755859375,78.44000244140625,66.14899444580078,2288800,0.0,0.0
2017-05-12,78.62000274658203,79.04000091552734,78.45999908447266,78.62999725341797,66.30923461914062,1975300,0.0,0.0
2017-05-15,79.16999816894531,80.37000274658203,78.80999755859375,80.20999908447266,67.64166259765625,4034200,0.0,0.0
2017-05-16,80.44999694824219,81.30999755859375,80.08000183105469,81.05000305175781,68.35004425048828,3011900,0.0,0.0
2017-05-17,80.0199966430664,80.2699966430664,78.37000274658203,78.41999816894531,66.13213348388672,3592000,0.0,0.0
2017-05-18,79.5199966430664,81.31999969482422,79.02999877929688,80.4800033569336,67.86934661865234,5026600,0.0,0.0
2017-05-19,80.6500015258789,82.2699966430664,80.6500015258789,81.23999786376953,68.51026153564453,4024400,0.0,0.0
2017-05-22,81.56999969482422,82.36000061035156,81.43000030517578,82.08999633789062,69.22706604003906,2009500,0.0,0.0
2017-05-23,82.08999633789062,82.31999969482422,80.9000015258789,81.95999908447266,69.117431640625,2146500,0.0,0.0
2017-05-24,82.45999908447266,82.58000183105469,81.66999816894531,82.12000274658203,69.25235748291016,1749100,0.0,0.0
2017-05-25,82.31999969482422,82.94999694824219,81.73999786376953,82.33999633789062,69.43788146972656,4015000,0.0,0.0
2017-05-26,82.5,82.88999938964844,81.94000244140625,82.80999755859375,69.83426666259766,1910600,0.0,0.0
2017-05-30,83.0,85.16999816894531,83.0,84.80000305175781,71.512451171875,6744900,0.0,0.0
2017-05-31,88.98999786376953,90.48999786376953,85.76000213623047,85.76000213623047,72.322021484375,14864300,0.0,0.0
2017-06-01,86.27999877929688,86.31999969482422,81.9000015258789,82.20999908447266,69.32825469970703,11366000,0.0,0.0
2017-06-02,81.61000061035156,82.13999938964844,79.91999816894531,80.91000366210938,68.23197937011719,8927600,0.0,0.0
2017-06-05,81.01000213623047,81.30000305175781,78.26000213623047,78.75,66.41043090820312,8580200,0.0,0.0
2017-06-06,78.61000061035156,80.44000244140625,78.61000061035156,80.0999984741211,67.54888153076172,5486300,0.0,0.0
2017-06-07,80.1500015258789,81.0999984741211,80.12999725341797,80.83000183105469,68.54961395263672,3913700,0.45,0.0
2017-06-08,81.30000305175781,82.51000213623047,80.33999633789062,82.44000244140625,69.91502380371094,3754700,0.0,0.0
2017-06-09,82.93000030517578,82.9800033569336,77.58000183105469,78.5999984741211,66.6584243774414,4941900,0.0,0.0
2017-06-12,78.01000213623047,80.47000122070312,77.93000030517578,79.73999786376953,67.6252212524414,5528600,0.0,0.0
2017-06-13,80.1500015258789,81.7300033569336,80.1500015258789,81.2300033569336,68.88883209228516,4063400,0.0,0.0
2017-06-14,81.69000244140625,81.86000061035156,79.9800033569336,80.94000244140625,68.64290618896484,3173900,0.0,0.0
2017-06-15,79.77999877929688,80.75,79.54000091552734,79.75,67.63371276855469,2986100,0.0,0.0
2017-06-16,80.18000030517578,80.2300033569336,78.97000122070312,80.04000091552734,67.87964630126953,5700600,0.0,0.0
2017-06-19,81.0,81.25,79.83999633789062,80.37000274658203,68.15950775146484,3118000,0.0,0.0
2017-06-20,80.27999877929688,81.6500015258789,79.18000030517578,79.19999694824219,67.1672592163086,3918100,0.0,0.0
2017-06-21,79.5,80.20999908447266,79.0,79.9800033569336,67.82875061035156,3525100,0.0,0.0
2017-06-22,80.80000305175781,81.66999816894531,80.0,81.31999969482422,68.96515655517578,4364500,0.0,0.0
2017-06-23,81.16000366210938,82.13999938964844,80.9000015258789,81.55000305175781,69.16023254394531,10736900,0.0,0.0
2017-06-26,81.94999694824219,82.0999984741211,79.91000366210938,80.56999969482422,68.3291244506836,2536500,0.0,0.0
2017-06-27,80.13999938964844,80.55000305175781,77.81999969482422,78.13999938964844,66.26829528808594,4009800,0.0,0.0
2017-06-28,78.55000305175781,79.38999938964844,77.86000061035156,79.19999694824219,67.1672592163086,2721300,0.0,0.0
2017-06-29,78.94000244140625,79.12000274658203,76.18000030517578,77.73999786376953,65.92906188964844,3580600,0.0,0.0
2017-06-30,78.30000305175781,78.33000183105469,77.22000122070312,77.80000305175781,65.97997283935547,2193600,0.0,0.0
2017-07-03,78.2699966430664,78.55000305175781,76.06999969482422,76.11000061035156,64.54672241210938,1368100,0.0,0.0
2017-07-05,76.48999786376953,78.11000061035156,76.37999725341797,77.73999786376953,65.92906188964844,2767400,0.0,0.0
2017-07-06,76.91000366210938,77.7300033569336,76.51000213623047,77.33000183105469,65.58135986328125,2898000,0.0,0.0
2017-07-07,77.63999938964844,78.8499984741211,77.5,78.47000122070312,66.54816436767578,2803700,0.0,0.0
2017-07-10,78.51000213623047,78.86000061035156,77.76000213623047,78.7300033569336,66.76868438720703,2167800,0.0,0.0
2017-07-11,78.94999694824219,80.36000061035156,78.2699966430664,79.86000061035156,67.72698211669922,2763000,0.0,0.0
2017-07-12,80.4000015258789,81.16999816894531,80.02999877929688,80.37000274658203,68.15950775146484,2590800,0.0,0.0
2017-07-13,80.31999969482422,80.75,79.86000061035156,80.2699966430664,68.07470703125,1709300,0.0,0.0
2017-07-14,80.72000122070312,81.69000244140625,80.51000213623047,81.55000305175781,69.16023254394531,2153600,0.0,0.0
2017-07-17,81.61000061035156,81.8499984741211,80.94000244140625,81.08999633789062,68.77012634277344,1483000,0.0,0.0
2017-07-18,80.95999908447266,81.19000244140625,80.1500015258789,81.13999938964844,68.81253051757812,1686000,0.0,0.0
2017-07-19,81.3499984741211,81.37999725341797,80.12000274658203,80.37000274658203,68.15950775146484,2810300,0.0,0.0
2017-07-20,80.3499984741211,80.88999938964844,79.98999786376953,80.8499984741211,68.56658172607422,1804800,0.0,0.0
2017-07-21,80.06999969482422,80.22000122070312,78.43000030517578,78.95999908447266,66.9637222290039,3122500,0.0,0.0
2017-07-24,78.95999908447266,79.45999908447266,78.41999816894531,78.75,66.7856216430664,1924700,0.0,0.0
2017-07-25,78.79000091552734,80.0999984741211,78.44999694824219,79.5199966430664,67.43864440917969,1865700,0.0,0.0
2017-07-26,80.13999938964844,81.30000305175781,79.80000305175781,80.72000122070312,68.4563217163086,2298100,0.0,0.0
2017-07-27,80.83000183105469,81.27999877929688,78.95999908447266,79.55000305175781,67.46408081054688,2683400,0.0,0.0
2017-07-28,79.23999786376953,79.37000274658203,78.48999786376953,79.23999786376953,67.20120239257812,1677700,0.0,0.0
2017-07-31,79.45999908447266,79.93000030517578,78.94000244140625,79.01000213623047,67.0061264038086,2199700,0.0,0.0
2017-08-01,79.2300033569336,79.47000122070312,78.63999938964844,78.94999694824219,66.95523834228516,1728100,0.0,0.0
2017-08-02,79.48999786376953,79.6500015258789,78.36000061035156,78.81999969482422,66.84500122070312,2250800,0.0,0.0
2017-08-03,78.66999816894531,78.98999786376953,77.7300033569336,77.94000244140625,66.09867858886719,2162900,0.0,0.0
2017-08-04,78.08999633789062,78.4000015258789,77.52999877929688,77.77999877929688,65.96298217773438,2382200,0.0,0.0
2017-08-07,79.6500015258789,79.6500015258789,77.76000213623047,78.87000274658203,66.88738250732422,2047900,0.0,0.0
2017-08-08,78.66000366210938,79.87999725341797,78.41000366210938,78.97000122070312,66.97221374511719,1894200,0.0,0.0
2017-08-09,78.5199966430664,78.6500015258789,77.41999816894531,77.9800033569336,66.13260650634766,1979000,0.0,0.0
2017-08-10,77.47000122070312,77.94999694824219,76.6500015258789,76.83000183105469,65.15731811523438,2355400,0.0,0.0
2017-08-11,76.76000213623047,78.29000091552734,76.41000366210938,78.04000091552734,66.1834716796875,1919400,0.0,0.0
2017-08-14,78.66000366210938,80.16000366210938,78.56999969482422,79.9000015258789,67.76092529296875,2230200,0.0,0.0
2017-08-15,79.93000030517578,80.37000274658203,79.27999877929688,79.95999908447266,67.81179809570312,1784200,0.0,0.0
2017-08-16,80.01000213623047,80.9000015258789,79.79000091552734,80.05999755859375,67.8966064453125,2147200,0.0,0.0
2017-08-17,79.80000305175781,79.88999938964844,77.55000305175781,77.55999755859375,65.77642822265625,2064500,0.0,0.0
2017-08-18,77.5999984741211,78.06999969482422,77.02999877929688,77.73999786376953,65.92906188964844,1884400,0.0,0.0
2017-08-21,77.80999755859375,77.98999786376953,76.94999694824219,77.69999694824219,65.8951644897461,1461300,0.0,0.0
2017-08-22,78.12000274658203,79.30000305175781,78.08999633789062,79.16999816894531,67.14180755615234,1735400,0.0,0.0
2017-08-23,78.5,79.30000305175781,78.12000274658203,79.06999969482422,67.05702209472656,1597900,0.0,0.0
2017-08-24,79.3499984741211,79.44000244140625,78.83000183105469,79.2699966430664,67.22663116455078,1316900,0.0,0.0
2017-08-25,79.56999969482422,79.83999633789062,78.80999755859375,78.97000122070312,66.97221374511719,1006600,0.0,0.0
2017-08-28,79.20999908447266,79.70999908447266,79.19999694824219,79.44000244140625,67.37078857421875,1888500,0.0,0.0
2017-08-29,78.69000244140625,79.81999969482422,78.54000091552734,79.55000305175781,67.46408081054688,2737200,0.0,0.0
2017-08-30,82.12999725341797,83.88999938964844,81.23999786376953,83.72000122070312,71.00053405761719,6868400,0.0,0.0
2017-08-31,84.33999633789062,85.0,83.4000015258789,83.66999816894531,70.95813751220703,5136800,0.0,0.0
2017-09-01,83.97000122070312,85.18000030517578,83.5999984741211,84.37999725341797,71.56026458740234,2647300,0.0,0.0
2017-09-05,83.73999786376953,84.0999984741211,82.01000213623047,83.0,70.38994598388672,2890500,0.0,0.0
2017-09-06,83.20999908447266,83.55999755859375,82.22000122070312,82.51000213623047,69.9743881225586,3021700,0.0,0.0
2017-09-07,82.6500015258789,82.68000030517578,80.80000305175781,81.0999984741211,69.15576171875,3993100,0.45,0.0
2017-09-08,81.20999908447266,81.58999633789062,80.0999984741211,80.44000244140625,68.59295654296875,2695200,0.0,0.0
2017-09-11,80.80999755859375,82.69000244140625,80.80999755859375,82.22000122070312,70.1108169555664,4105000,0.0,0.0
2017-09-12,82.62999725341797,82.80000305175781,81.48999786376953,82.1500015258789,70.05113983154297,2657200,0.0,0.0
2017-09-13,81.83000183105469,82.38999938964844,81.69999694824219,82.05999755859375,69.974365234375,1964200,0.0,0.0
2017-09-14,81.75,83.13999938964844,81.70999908447266,82.33999633789062,70.21312713623047,2226100,0.0,0.0
2017-09-15,82.37000274658203,84.05999755859375,82.19000244140625,83.83999633789062,71.49222564697266,2923800,0.0,0.0
2017-09-18,85.0,85.54000091552734,84.06999969482422,85.16999816894531,72.62633514404297,3348500,0.0,0.0
2017-09-19,85.20999908447266,85.70999908447266,84.33000183105469,85.23999786376953,72.68601989746094,1790900,0.0,0.0
2017-09-20,85.20999908447266,85.29000091552734,82.91000366210938,83.69000244140625,71.36431884765625,2171800,0.0,0.0
2017-09-21,83.5199966430664,84.37999725341797,83.08999633789062,84.23999786376953,71.83332061767578,2885200,0.0,0.0
2017-09-22,83.80999755859375,85.23999786376953,83.75,84.91999816894531,72.41316223144531,2097700,0.0,0.0
2017-09-25,84.47000122070312,85.0,83.62000274658203,83.87999725341797,71.52631378173828,1923100,0.0,0.0
2017-09-26,84.58000183105469,84.66000366210938,83.5999984741211,83.91000366210938,71.55191040039062,1281400,0.0,0.0
2017-09-27,84.56999969482422,85.2300033569336,83.80999755859375,84.91999816894531,72.41316223144531,1513000,0.0,0.0
2017-09-28,84.58999633789062,85.77999877929688,84.44999694824219,85.63999938964844,73.02713012695312,1570100,0.0,0.0
2017-09-29,85.68000030517578,86.41000366210938,85.58000183105469,86.16999816894531,73.47903442382812,1712500,0.0,0.0
2017-10-02,86.58999633789062,86.7699966430664,85.68000030517578,85.81999969482422,73.18061828613281,1688500,0.0,0.0
2017-10-03,85.95999908447266,86.52999877929688,85.83999633789062,85.9000015258789,73.24881744384766,2215100,0.0,0.0
2017-10-04,85.75,87.08000183105469,85.58000183105469,87.0,74.18681335449219,2533900,0.0,0.0
2017-10-05,87.0999984741211,88.3499984741211,86.69999694824219,87.88999938964844,74.94576263427734,2683500,0.0,0.0
2017-10-06,87.48999786376953,87.98999786376953,87.4000015258789,87.87000274658203,74.9287109375,1118500,0.0,0.0
2017-10-09,87.95999908447266,88.2699966430664,87.27999877929688,87.70999908447266,74.79226684570312,1748400,0.0,0.0
2017-10-10,88.08000183105469,88.13999938964844,87.37000274658203,87.98999786376953,75.03102111816406,1294000,0.0,0.0
2017-10-11,87.70999908447266,88.58999633789062,87.69000244140625,88.56999969482422,75.52558898925781,1761900,0.0,0.0
2017-10-12,88.4800033569336,89.05999755859375,88.30000305175781,88.83000183105469,75.74729919433594,2309600,0.0,0.0
2017-10-13,88.94999694824219,89.66999816894531,88.51000213623047,89.05999755859375,75.94341278076172,2230900,0.0,0.0
2017-10-16,89.4800033569336,89.62999725341797,88.20999908447266,88.83000183105469,75.74729919433594,2007700,0.0,0.0
2017-10-17,88.66999816894531,89.05999755859375,88.37000274658203,88.94000244140625,75.84110260009766,1247300,0.0,0.0
2017-10-18,89.20999908447266,89.26000213623047,88.27999877929688,89.0,75.89227294921875,1129500,0.0,0.0
2017-10-19,88.31999969482422,88.83000183105469,87.37999725341797,88.80000305175781,75.72172546386719,1577500,0.0,0.0
2017-10-20,89.61000061035156,89.93000030517578,88.76000213623047,88.93000030517578,75.83256530761719,1778500,0.0,0.0
2017-10-23,89.43000030517578,89.66999816894531,88.55999755859375,88.7699966430664,75.69612884521484,2031000,0.0,0.0
2017-10-24,88.7699966430664,90.79000091552734,88.37999725341797,90.29000091552734,76.99230194091797,2671600,0.0,0.0
2017-10-25,89.66000366210938,90.44999694824219,89.2300033569336,89.86000061035156,76.62561798095703,2039600,0.0,0.0
2017-10-26,90.26000213623047,90.95999908447266,89.86000061035156,90.55999755859375,77.22252655029297,1239700,0.0,0.0
2017-10-27,90.7699966430664,91.37999725341797,89.95999908447266,91.20999908447266,77.77678680419922,1625000,0.0,0.0
2017-10-30,91.3499984741211,91.95999908447266,90.88999938964844,91.31999969482422,77.87056732177734,1248000,0.0,0.0
2017-10-31,91.47000122070312,91.73999786376953,90.75,91.30000305175781,77.8535385131836,1530500,0.0,0.0
2017-11-01,91.8499984741211,92.11000061035156,90.58999633789062,90.98999786376953,77.58919525146484,2374000,0.0,0.0
2017-11-02,90.8499984741211,91.47000122070312,90.26000213623047,90.79000091552734,77.41864013671875,1448200,0.0,0.0
2017-11-03,90.97000122070312,91.83000183105469,90.19000244140625,91.80999755859375,78.28842163085938,1367400,0.0,0.0
2017-11-06,92.41999816894531,92.95999908447266,91.6500015258789,92.27999877929688,78.6891860961914,1531300,0.0,0.0
2017-11-07,92.08000183105469,92.56999969482422,91.69999694824219,91.9000015258789,78.36515045166016,1416500,0.0,0.0
2017-11-08,91.9000015258789,92.44999694824219,91.04000091552734,92.0,78.4504165649414,1617600,0.0,0.0
2017-11-09,91.66999816894531,91.69000244140625,87.9800033569336,89.69999694824219,76.48918914794922,3143600,0.0,0.0
2017-11-10,89.54000091552734,90.02999877929688,88.87999725341797,89.58999633789062,76.39537048339844,2736400,0.0,0.0
2017-11-13,89.36000061035156,90.20999908447266,89.0,90.02999877929688,76.77056884765625,2428800,0.0,0.0
2017-11-14,89.79000091552734,90.48999786376953,89.4000015258789,90.44000244140625,77.12017059326172,2172600,0.0,0.0
2017-11-15,89.58000183105469,89.94999694824219,88.66999816894531,89.16000366210938,76.02872467041016,2250500,0.0,0.0
2017-11-16,89.79000091552734,90.75,89.41000366210938,90.4800033569336,77.15431213378906,2297900,0.0,0.0
2017-11-17,91.0,91.05000305175781,90.23999786376953,90.41999816894531,77.10313415527344,2342900,0.0,0.0
2017-11-20,90.97000122070312,93.98999786376953,90.7300033569336,93.06999969482422,79.36286163330078,6529600,0.0,0.0
2017-11-21,92.62000274658203,92.83000183105469,88.87999725341797,90.19000244140625,76.90699768066406,6028700,0.0,0.0
2017-11-22,89.61000061035156,90.73999786376953,88.43000030517578,88.6500015258789,75.59381103515625,4028200,0.0,0.0
2017-11-24,88.66999816894531,89.25,88.01000213623047,89.1500015258789,76.02017974853516,1623800,0.0,0.0
2017-11-27,88.48999786376953,88.83000183105469,87.4000015258789,87.44999694824219,74.57054901123047,2890700,0.0,0.0
2017-11-28,87.08000183105469,87.44000244140625,86.38999938964844,87.06999969482422,74.24651336669922,3843100,0.0,0.0
2017-11-29,87.08000183105469,87.29000091552734,83.9000015258789,85.66000366210938,73.04418182373047,6130300,0.0,0.0
2017-11-30,85.81999969482422,86.2699966430664,84.98999786376953,86.11000061035156,73.81565856933594,3866600,0.45,0.0
2017-12-01,85.51000213623047,85.7699966430664,83.58999633789062,85.4000015258789,73.2070541381836,3545000,0.0,0.0
2017-12-04,85.55999755859375,85.63999938964844,83.8499984741211,84.79000091552734,72.68415832519531,3723600,0.0,0.0
2017-12-05,84.52999877929688,85.69999694824219,84.16000366210938,84.83000183105469,72.71842193603516,2340800,0.0,0.0
2017-12-06,84.26000213623047,85.4800033569336,84.02999877929688,85.41000366210938,73.21559143066406,2805100,0.0,0.0
2017-12-07,85.61000061035156,86.51000213623047,85.16999816894531,86.11000061035156,73.81565856933594,3914200,0.0,0.0
2017-12-08,86.44999694824219,86.91999816894531,84.91000366210938,85.5199966430664,73.30988311767578,3411400,0.0,0.0
2017-12-11,85.48999786376953,86.36000061035156,85.29000091552734,85.80000305175781,73.54995727539062,2322700,0.0,0.0
2017-12-12,85.75,85.9800033569336,84.91000366210938,85.4800033569336,73.27565002441406,2248900,0.0,0.0
2017-12-13,85.81999969482422,85.93000030517578,85.12999725341797,85.18000030517578,73.01846313476562,2068000,0.0,0.0
2017-12-14,85.16999816894531,85.97000122070312,84.81999969482422,85.44000244140625,73.24132537841797,2288000,0.0,0.0
2017-12-15,86.06999969482422,87.20999908447266,85.29000091552734,86.69000244140625,74.31288146972656,3766000,0.0,0.0
2017-12-18,87.20999908447266,88.3499984741211,87.19999694824219,88.08999633789062,75.51296997070312,2743100,0.0,0.0
2017-12-19,87.77999877929688,88.47000122070312,87.41000366210938,87.94999694824219,75.3929672241211,2098600,0.0,0.0
2017-12-20,88.12000274658203,88.93000030517578,87.83999633789062,88.6500015258789,75.9930419921875,2093000,0.0,0.0
2017-12-21,89.0,89.13999938964844,88.41999816894531,88.6500015258789,75.9930419921875,1917100,0.0,0.0
2017-12-22,88.5,88.87000274658203,88.26000213623047,88.8499984741211,76.16448211669922,1680400,0.0,0.0
2017-12-26,88.27999877929688,88.8499984741211,87.68000030517578,88.62999725341797,75.97589111328125,1378700,0.0,0.0
2017-12-27,88.88999938964844,89.58000183105469,88.56999969482422,89.0999984741211,76.37877655029297,1827400,0.0,0.0
2017-12-28,89.30000305175781,89.86000061035156,88.69999694824219,89.37999725341797,76.61880493164062,1973000,0.0,0.0
2017-12-29,89.36000061035156,89.68000030517578,88.7699966430664,89.02999877929688,76.31874084472656,3414800,0.0,0.0
2018-01-02,89.23999786376953,90.6500015258789,88.93000030517578,90.27999877929688,77.39031982421875,2343200,0.0,0.0
2018-01-03,90.27999877929688,91.61000061035156,90.05000305175781,91.4000015258789,78.35041809082031,2009600,0.0,0.0
2018-01-04,91.87000274658203,92.27999877929688,91.25,91.30000305175781,78.26467895507812,1879600,0.0,0.0
2018-01-05,91.5199966430664,92.2699966430664,90.83000183105469,91.66999816894531,78.58186340332031,1799100,0.0,0.0
2018-01-08,91.80999755859375,92.20999908447266,91.36000061035156,91.83000183105469,78.71900177001953,1907400,0.0,0.0
2018-01-09,91.80000305175781,92.33000183105469,91.41999816894531,91.63999938964844,78.55613708496094,2779700,0.0,0.0
2018-01-10,91.08000183105469,91.1500015258789,89.79000091552734,90.11000061035156,77.24459838867188,2654400,0.0,0.0
2018-01-11,90.4000015258789,91.26000213623047,89.94000244140625,91.19000244140625,78.17036437988281,1924200,0.0,0.0
2018-01-12,91.05999755859375,92.58999633789062,90.56999969482422,92.0199966430664,78.88188934326172,3175700,0.0,0.0
2018-01-16,92.37999725341797,93.69999694824219,92.3499984741211,93.0999984741211,79.80766296386719,3373700,0.0,0.0
2018-01-17,94.0,95.95999908447266,93.61000061035156,95.56999969482422,81.92500305175781,4011300,0.0,0.0
2018-01-18,95.58000183105469,98.37999725341797,95.33000183105469,97.23999786376953,83.35660552978516,5285100,0.0,0.0
2018-01-19,97.63999938964844,97.94000244140625,96.13999938964844,96.13999938964844,82.41363525390625,2762400,0.0,0.0
2018-01-22,96.38999938964844,97.0,95.7699966430664,96.6500015258789,82.850830078125,4442400,0.0,0.0
2018-01-23,96.69000244140625,97.12000274658203,95.88999938964844,96.47000122070312,82.69652557373047,3247100,0.0,0.0
2018-01-24,94.37999725341797,96.63999938964844,93.20999908447266,95.33999633789062,81.72786712646484,6258400,0.0,0.0
2018-01-25,96.19000244140625,96.98999786376953,91.93000030517578,91.9800033569336,78.84757232666016,3655900,0.0,0.0
2018-01-26,93.08999633789062,94.16999816894531,92.58000183105469,93.83999633789062,80.4420166015625,4752300,0.0,0.0
2018-01-29,93.19999694824219,94.44000244140625,92.41000366210938,93.77999877929688,80.39057922363281,3078100,0.0,0.0
2018-01-30,92.7699966430664,93.38999938964844,91.37000274658203,91.55000305175781,78.47899627685547,3684900,0.0,0.0
2018-01-31,91.88999938964844,92.55000305175781,91.41999816894531,91.87999725341797,78.7618637084961,3462000,0.0,0.0
2018-02-01,91.25,92.58000183105469,91.25,91.6500015258789,78.5647201538086,2312200,0.0,0.0
2018-02-02,90.73999786376953,91.29000091552734,89.05999755859375,89.11000061035156,76.38733673095703,2922600,0.0,0.0
2018-02-05,88.75,89.61000061035156,85.33000183105469,85.4000015258789,73.2070541381836,3817400,0.0,0.0
2018-02-06,84.19999694824219,88.70999908447266,82.76000213623047,88.54000091552734,75.89875030517578,5440800,0.0,0.0
2018-02-07,86.75,87.94999694824219,85.29000091552734,85.3499984741211,73.16417694091797,4555800,0.0,0.0
2018-02-08,85.54000091552734,85.5999984741211,82.56999969482422,82.68000030517578,70.87540435791016,5279100,0.0,0.0
2018-02-09,83.91000366210938,84.58000183105469,80.94999694824219,83.93000030517578,71.9469223022461,5649700,0.0,0.0
2018-02-12,84.30000305175781,85.9000015258789,84.02999877929688,85.05000305175781,72.90703582763672,3287700,0.0,0.0
2018-02-13,86.01000213623047,86.43000030517578,83.7699966430664,84.33999633789062,72.29838562011719,2688900,0.0,0.0
2018-02-14,83.5199966430664,85.44999694824219,83.38999938964844,85.12999725341797,72.9755859375,2819600,0.0,0.0
2018-02-15,85.94000244140625,85.94000244140625,84.20999908447266,85.4000015258789,73.2070541381836,2214400,0.0,0.0
2018-02-16,85.27999877929688,86.79000091552734,85.16999816894531,86.08999633789062,73.79852294921875,2570000,0.0,0.0
2018-02-20,87.27999877929688,89.48999786376953,86.91999816894531,88.41000366210938,75.78728485107422,3961000,0.0,0.0
2018-02-21,88.70999908447266,90.04000091552734,87.8499984741211,88.41000366210938,75.78728485107422,2604400,0.0,0.0
2018-02-22,88.45999908447266,89.36000061035156,88.06999969482422,88.55999755859375,75.91588592529297,2430000,0.0,0.0
2018-02-23,89.3499984741211,90.43000030517578,89.16999816894531,90.37000274658203,77.46745300292969,2114900,0.0,0.0
2018-02-26,90.56999969482422,92.41999816894531,90.56999969482422,92.36000061035156,79.17334747314453,2683600,0.0,0.0
2018-02-27,92.20999908447266,93.6500015258789,91.62999725341797,92.26000213623047,79.0876235961914,3256300,0.0,0.0
2018-02-28,94.5,94.91999816894531,89.5999984741211,90.1500015258789,77.27886962890625,4248500,0.0,0.0
2018-03-01,89.88999938964844,90.52999877929688,86.79000091552734,88.30999755859375,75.70155334472656,4136100,0.0,0.0
2018-03-02,87.44000244140625,89.66999816894531,86.9800033569336,89.52999877929688,76.74739074707031,2298700,0.0,0.0
2018-03-05,88.83000183105469,91.69999694824219,88.7699966430664,91.13999938964844,78.12752532958984,2972200,0.0,0.0
2018-03-06,91.7300033569336,92.56999969482422,91.18000030517578,91.93000030517578,78.80473327636719,1958600,0.0,0.0
2018-03-07,91.33000183105469,92.80000305175781,90.55000305175781,92.73999786376953,79.49906921386719,2981100,0.0,0.0
2018-03-08,92.9000015258789,93.30000305175781,92.06999969482422,92.72000122070312,79.89543914794922,2175600,0.48,0.0
2018-03-09,93.30000305175781,94.8499984741211,93.30000305175781,94.7300033569336,81.62745666503906,2768700,0.0,0.0
2018-03-12,94.73999786376953,95.7300033569336,94.66999816894531,95.52999877929688,82.31680297851562,2766100,0.0,0.0
2018-03-13,96.0,96.8499984741211,94.22000122070312,94.66000366210938,81.56713104248047,3521800,0.0,0.0
2018-03-14,94.94000244140625,95.33000183105469,93.2699966430664,94.08999633789062,81.07598876953125,1549700,0.0,0.0
2018-03-15,93.91999816894531,94.36000061035156,93.16000366210938,93.94000244140625,80.94673156738281,1274000,0.0,0.0
2018-03-16,94.0999984741211,95.01000213623047,93.76000213623047,94.1500015258789,81.1276626586914,4067800,0.0,0.0
2018-03-19,93.7300033569336,93.81999969482422,91.83999633789062,93.5,80.56757354736328,2900300,0.0,0.0
2018-03-20,93.51000213623047,93.62999725341797,92.37000274658203,92.70999908447266,79.88683319091797,1764000,0.0,0.0
2018-03-21,92.5,93.88999938964844,92.31999969482422,92.80000305175781,79.9643783569336,1612700,0.0,0.0
2018-03-22,91.52999877929688,92.43000030517578,90.4800033569336,90.54000091552734,78.01697540283203,2842400,0.0,0.0
2018-03-23,90.36000061035156,90.8499984741211,87.6500015258789,87.69999694824219,75.56979370117188,2613300,0.0,0.0
2018-03-26,89.33000183105469,93.19000244140625,88.94000244140625,93.11000061035156,80.23152160644531,3669400,0.0,0.0
2018-03-27,93.77999877929688,94.31999969482422,90.2699966430664,91.05000305175781,78.45642852783203,4507500,0.0,0.0
2018-03-28,90.70999908447266,91.62000274658203,89.41000366210938,89.91000366210938,77.47412109375,2602000,0.0,0.0
2018-03-29,90.69999694824219,92.0199966430664,89.8499984741211,91.12999725341797,78.5253677368164,2663500,0.0,0.0
2018-04-02,90.47000122070312,90.87999725341797,87.91999816894531,88.75,76.47455596923828,3308600,0.0,0.0
2018-04-03,89.61000061035156,89.91999816894531,87.9000015258789,89.5199966430664,77.1380615234375,2721600,0.0,0.0
2018-04-04,87.80999755859375,91.52999877929688,87.54000091552734,91.23999786376953,78.62017822265625,2069900,0.0,0.0
2018-04-05,92.0999984741211,92.44999694824219,90.26000213623047,90.94000244140625,78.36166381835938,1769400,0.0,0.0
2018-04-06,89.8499984741211,90.4800033569336,88.12999725341797,88.30999755859375,76.09542846679688,2294300,0.0,0.0
2018-04-09,89.12000274658203,90.44000244140625,87.9000015258789,87.98999786376953,75.8196792602539,2513900,0.0,0.0
2018-04-10,89.5,90.80999755859375,88.76000213623047,90.02999877929688,77.57752990722656,2210200,0.0,0.0
2018-04-11,89.25,91.1500015258789,89.18000030517578,90.80000305175781,78.24101257324219,1785200,0.0,0.0
2018-04-12,91.69000244140625,93.23999786376953,91.19999694824219,93.0199966430664,80.15397644042969,2984200,0.0,0.0
2018-04-13,93.5,93.5999984741211,92.19999694824219,92.77999877929688,79.94717407226562,1869700,0.0,0.0
2018-04-16,93.18000030517578,93.58000183105469,92.4800033569336,93.13999938964844,80.25735473632812,2125300,0.0,0.0
2018-04-17,93.6500015258789,95.54000091552734,93.6500015258789,95.16999816894531,82.00657653808594,1920000,0.0,0.0
2018-04-18,94.77999877929688,95.44999694824219,94.02999877929688,94.56999969482422,81.48958587646484,1909600,0.0,0.0
2018-04-19,92.9800033569336,92.9800033569336,89.76000213623047,89.8499984741211,77.42242431640625,3774200,0.0,0.0
2018-04-20,89.38999938964844,90.0,88.66000366210938,89.76000213623047,77.3448715209961,4413800,0.0,0.0
2018-04-23,90.16999816894531,90.19000244140625,87.5199966430664,88.0,75.82830047607422,2790300,0.0,0.0
2018-04-24,89.2699966430664,89.47000122070312,87.31999969482422,87.6500015258789,75.52671813964844,3137000,0.0,0.0
2018-04-25,88.05999755859375,88.91999816894531,87.33000183105469,87.7699966430664,75.630126953125,2652400,0.0,0.0
2018-04-26,88.44999694824219,89.02999877929688,87.72000122070312,88.69999694824219,76.43148040771484,1981400,0.0,0.0
2018-04-27,89.2699966430664,89.37999725341797,87.20999908447266,87.68000030517578,75.55254364013672,2738600,0.0,0.0
2018-04-30,87.7699966430664,88.20999908447266,86.02999877929688,87.3499984741211,75.26822662353516,3756200,0.0,0.0
2018-05-01,87.13999938964844,89.0,86.73999786376953,88.86000061035156,76.56935119628906,2094300,0.0,0.0
2018-05-02,89.01000213623047,89.20999908447266,87.4800033569336,88.30000305175781,76.08680725097656,1586700,0.0,0.0
2018-05-03,87.5199966430664,88.2699966430664,86.2300033569336,87.91000366210938,75.75077056884766,2261100,0.0,0.0
2018-05-04,87.55000305175781,90.31999969482422,87.12000274658203,90.2699966430664,77.7843246459961,2404800,0.0,0.0
2018-05-07,89.86000061035156,91.16999816894531,89.86000061035156,90.5,77.98252868652344,1867000,0.0,0.0
2018-05-08,90.93000030517578,91.44999694824219,90.11000061035156,91.41999816894531,78.77527618408203,1575000,0.0,0.0
2018-05-09,91.86000061035156,92.73999786376953,91.41999816894531,92.62000274658203,79.80929565429688,1939400,0.0,0.0
2018-05-10,93.08000183105469,93.4000015258789,92.38999938964844,93.33999633789062,80.42969512939453,1914400,0.0,0.0
2018-05-11,93.08000183105469,93.63999938964844,92.41999816894531,92.5999984741211,79.79206848144531,1359000,0.0,0.0
2018-05-14,93.19000244140625,94.91999816894531,93.19000244140625,93.87000274658203,80.88642883300781,2173500,0.0,0.0
2018-05-15,93.06999969482422,93.8499984741211,92.79000091552734,93.55999755859375,80.6192626953125,2074900,0.0,0.0
2018-05-16,93.94999694824219,94.80000305175781,93.58000183105469,94.7699966430664,81.66190338134766,1472800,0.0,0.0
2018-05-17,94.20999908447266,95.18000030517578,94.16000366210938,95.04000091552734,81.89456176757812,3344100,0.0,0.0
2018-05-18,94.69999694824219,95.56999969482422,94.08000183105469,94.87999725341797,81.75668334960938,3222000,0.0,0.0
2018-05-21,95.56999969482422,96.06999969482422,94.5,95.30000305175781,82.11862182617188,1694200,0.0,0.0
2018-05-22,95.77999877929688,96.37000274658203,95.33999633789062,95.70999908447266,82.4719009399414,1336100,0.0,0.0
2018-05-23,94.61000061035156,95.06999969482422,94.05000305175781,94.38999938964844,81.33448791503906,3026100,0.0,0.0
2018-05-24,94.51000213623047,95.2699966430664,93.98999786376953,95.04000091552734,81.89456176757812,1920700,0.0,0.0
2018-05-25,94.93000030517578,95.5,94.54000091552734,95.44999694824219,82.24786376953125,1467900,0.0,0.0
2018-05-29,94.68000030517578,95.31999969482422,93.87999725341797,94.38999938964844,81.33448791503906,3474600,0.0,0.0
2018-05-30,93.06999969482422,96.9800033569336,93.0,94.9800033569336,81.8428726196289,3232400,0.0,0.0
2018-05-31,95.91000366210938,98.38999938964844,95.55000305175781,97.18000030517578,83.73859405517578,5076800,0.0,0.0
2018-06-01,97.68000030517578,98.43000030517578,96.45999908447266,98.4000015258789,84.78982543945312,2301700,0.0,0.0
2018-06-04,98.5,100.29000091552734,97.43000030517578,99.9800033569336,86.15130615234375,2619700,0.0,0.0
2018-06-05,100.01000213623047,100.91999816894531,99.6500015258789,100.63999938964844,86.7199935913086,1869400,0.0,0.0
2018-06-06,100.86000061035156,102.1500015258789,100.11000061035156,102.0999984741211,87.97806549072266,2183500,0.0,0.0
2018-06-07,102.30999755859375,103.58999633789062,101.55000305175781,101.95999908447266,88.27242279052734,3660600,0.48,0.0
2018-06-08,101.19999694824219,101.30999755859375,100.0,101.05999755859375,87.49322509765625,2304800,0.0,0.0
2018-06-11,100.86000061035156,101.8499984741211,100.69999694824219,101.38999938964844,87.77893829345703,1635500,0.0,0.0
2018-06-12,101.58000183105469,102.06999969482422,100.94999694824219,102.0199966430664,88.32437133789062,1998400,0.0,0.0
2018-06-13,102.13999938964844,102.22000122070312,100.7300033569336,101.05000305175781,87.4845962524414,2064300,0.0,0.0
2018-06-14,101.7300033569336,102.9800033569336,101.30999755859375,101.69999694824219,88.0473403930664,1855700,0.0,0.0
2018-06-15,101.95999908447266,101.95999908447266,100.0999984741211,101.5,87.87416076660156,3118200,0.0,0.0
2018-06-18,100.44999694824219,101.26000213623047,99.83000183105469,101.08999633789062,87.51921081542969,1859100,0.0,0.0
2018-06-19,99.5,100.12999725341797,98.9000015258789,100.05999755859375,86.62747955322266,1759000,0.0,0.0
2018-06-20,100.3499984741211,101.06999969482422,99.77999877929688,101.0,87.44129180908203,1419200,0.0,0.0
2018-06-21,101.33999633789062,101.33999633789062,98.9800033569336,99.16000366210938,85.84829711914062,1691500,0.0,0.0
2018-06-22,99.83000183105469,99.87999725341797,98.68000030517578,99.08999633789062,85.7876968383789,6226500,0.0,0.0
2018-06-25,98.13999938964844,98.5,96.88999938964844,98.1500015258789,84.97390747070312,4653500,0.0,0.0
2018-06-26,98.44999694824219,99.41000366210938,98.05000305175781,98.70999908447266,85.45872497558594,2365600,0.0,0.0
2018-06-27,98.68000030517578,99.3499984741211,96.44000244140625,96.5,83.54539489746094,4415200,0.0,0.0
2018-06-28,96.19000244140625,96.69000244140625,95.05000305175781,95.94999694824219,83.06922912597656,2349500,0.0,0.0
2018-06-29,96.43000030517578,97.83000183105469,95.75,95.91999816894531,83.04325866699219,3116700,0.0,0.0
2018-07-02,95.04000091552734,96.37000274658203,94.62000274658203,96.30999755859375,83.38091278076172,2058400,0.0,0.0
2018-07-03,96.73999786376953,96.83999633789062,94.37000274658203,94.51000213623047,81.82254028320312,876000,0.0,0.0
2018-07-05,95.33000183105469,96.54000091552734,94.93000030517578,96.4000015258789,83.45881652832031,1977700,0.0,0.0
2018-07-06,96.38999938964844,97.41000366210938,95.91999816894531,97.19999694824219,84.15143585205078,1551000,0.0,0.0
2018-07-09,97.41999816894531,97.86000061035156,96.16999816894531,97.18000030517578,84.13412475585938,1861300,0.0,0.0
2018-07-10,97.41000366210938,98.66999816894531,97.0199966430664,98.54000091552734,85.31153869628906,2229000,0.0,0.0
2018-07-11,97.4000015258789,97.91000366210938,95.97000122070312,96.22000122070312,83.3030014038086,1509700,0.0,0.0
2018-07-12,96.18000030517578,98.58000183105469,95.9000015258789,98.4000015258789,85.19032287597656,2328900,0.0,0.0
2018-07-13,98.62000274658203,98.73999786376953,97.88999938964844,98.12000274658203,84.94792938232422,1130200,0.0,0.0
2018-07-16,98.3499984741211,98.38999938964844,97.31999969482422,97.63999938964844,84.53236389160156,1380000,0.0,0.0
2018-07-17,96.97000122070312,98.33999633789062,96.45999908447266,98.26000213623047,85.06914520263672,1928500,0.0,0.0
2018-07-18,98.52999877929688,99.4000015258789,98.47000122070312,99.08999633789062,85.7876968383789,1635200,0.0,0.0
2018-07-19,98.79000091552734,98.95999908447266,97.4000015258789,98.26000213623047,85.06914520263672,1389500,0.0,0.0
2018-07-20,98.0199966430664,98.69000244140625,97.30000305175781,97.80999755859375,84.67953491210938,1387500,0.0,0.0
2018-07-23,97.38999938964844,97.95999908447266,96.33000183105469,97.79000091552734,84.66222381591797,1403700,0.0,0.0
2018-07-24,98.04000091552734,99.18000030517578,97.30999755859375,97.44999694824219,84.36786651611328,2964600,0.0,0.0
2018-07-25,97.4800033569336,98.1500015258789,95.08999633789062,96.55000305175781,83.58868408203125,2612700,0.0,0.0
2018-07-26,97.56999969482422,98.55999755859375,96.7300033569336,97.69999694824219,84.58429718017578,2546000,0.0,0.0
2018-07-27,98.08999633789062,99.08999633789062,96.70999908447266,96.9800033569336,83.9609603881836,2147600,0.0,0.0
2018-07-30,97.56999969482422,97.56999969482422,95.01000213623047,95.30999755859375,82.51513671875,2545000,0.0,0.0
2018-07-31,95.68000030517578,96.86000061035156,95.58000183105469,96.13999938964844,83.23371887207031,2500900,0.0,0.0
2018-08-01,95.43000030517578,96.73999786376953,95.43000030517578,96.04000091552734,83.14716339111328,1717700,0.0,0.0
2018-08-02,95.0,96.55000305175781,94.75,96.19000244140625,83.27700805664062,1711800,0.0,0.0
2018-08-03,96.08000183105469,96.69999694824219,95.87000274658203,96.55999755859375,83.59732818603516,1017800,0.0,0.0
2018-08-06,96.19000244140625,97.41999816894531,96.05999755859375,97.37999725341797,84.30724334716797,1322200,0.0,0.0
2018-08-07,97.70999908447266,98.69000244140625,97.44999694824219,98.58999633789062,85.35482788085938,1128800,0.0,0.0
2018-08-08,98.5,98.70999908447266,97.94000244140625,98.48999786376953,85.26824188232422,1256600,0.0,0.0
2018-08-09,98.54000091552734,98.66999816894531,97.73999786376953,97.73999786376953,84.61892700195312,1451100,0.0,0.0
2018-08-10,95.33000183105469,96.70999908447266,94.08000183105469,94.94000244140625,82.19481658935547,2817400,0.0,0.0
2018-08-13,95.19000244140625,96.12999725341797,94.83999633789062,95.12999725341797,82.35929107666016,1939300,0.0,0.0
2018-08-14,95.58000183105469,96.23999786376953,94.81999969482422,94.8499984741211,82.11689758300781,1761600,0.0,0.0
2018-08-15,93.94000244140625,94.5199966430664,92.80999755859375,93.76000213623047,81.1732406616211,2022300,0.0,0.0
2018-08-16,94.38999938964844,95.06999969482422,93.95999908447266,94.26000213623047,81.60608673095703,1828700,0.0,0.0
2018-08-17,93.45999908447266,94.83000183105469,92.66999816894531,94.58000183105469,81.8831558227539,2869400,0.0,0.0
2018-08-20,94.79000091552734,94.91000366210938,93.23999786376953,93.73999786376953,81.15592956542969,2161000,0.0,0.0
2018-08-21,94.05999755859375,96.45999908447266,93.41999816894531,95.91999816894531,83.04325866699219,4051300,0.0,0.0
2018-08-22,92.55000305175781,98.12000274658203,92.05000305175781,97.91999816894531,84.77474975585938,7540400,0.0,0.0
2018-08-23,98.29000091552734,98.9800033569336,97.23999786376953,97.38999938964844,84.31592559814453,2666100,0.0,0.0
2018-08-24,98.05999755859375,98.88999938964844,97.44000244140625,98.77999877929688,85.5193099975586,2674800,0.0,0.0
2018-08-27,99.29000091552734,100.72000122070312,99.0,100.06999969482422,86.63613891601562,2907200,0.0,0.0
2018-08-28,100.61000061035156,100.87000274658203,99.45999908447266,100.41999816894531,86.93915557861328,3673300,0.0,0.0
2018-08-29,100.41999816894531,100.41999816894531,99.75,100.16999816894531,86.72271728515625,2370100,0.0,0.0
2018-08-30,99.4800033569336,100.16999816894531,98.27999877929688,98.56999969482422,85.7483901977539,1891700,0.48,0.0
2018-08-31,98.20999908447266,99.23999786376953,98.19999694824219,98.8499984741211,85.99198913574219,1710000,0.0,0.0
2018-09-04,97.48999786376953,98.88999938964844,97.11000061035156,98.11000061035156,85.34825134277344,4053200,0.0,0.0
2018-09-05,98.12000274658203,98.83999633789062,97.48999786376953,97.87000274658203,85.13945007324219,2689000,0.0,0.0
2018-09-06,97.44999694824219,98.08999633789062,96.11000061035156,97.08999633789062,84.46092987060547,2809800,0.0,0.0
2018-09-07,94.86000061035156,95.91999816894531,93.58999633789062,93.95999908447266,81.73805236816406,5451300,0.0,0.0
2018-09-10,94.55999755859375,95.18000030517578,93.05000305175781,94.58999633789062,82.28609466552734,3120100,0.0,0.0
2018-09-11,94.12000274658203,94.38999938964844,93.0999984741211,93.25,81.12041473388672,3229900,0.0,0.0
2018-09-12,92.0999984741211,92.55999755859375,89.3499984741211,91.0199966430664,79.18047332763672,5793600,0.0,0.0
2018-09-13,92.19000244140625,93.06999969482422,90.87999725341797,92.4000015258789,80.38096618652344,3516800,0.0,0.0
2018-09-14,92.55000305175781,93.43000030517578,92.08999633789062,92.52999877929688,80.49404907226562,2843300,0.0,0.0
2018-09-17,92.11000061035156,92.81999969482422,91.16000366210938,91.30999755859375,79.4327392578125,1976300,0.0,0.0
2018-09-18,91.66999816894531,92.47000122070312,91.3499984741211,91.86000061035156,79.91124725341797,2354900,0.0,0.0
2018-09-19,92.0199966430664,92.80999755859375,91.80000305175781,92.58000183105469,80.5375747680664,1843200,0.0,0.0
2018-09-20,93.55000305175781,95.66000366210938,93.44999694824219,95.0999984741211,82.72976684570312,3494900,0.0,0.0
2018-09-21,95.55999755859375,95.69999694824219,94.19000244140625,94.55999755859375,82.260009765625,4416500,0.0,0.0
2018-09-24,94.13999938964844,95.37000274658203,93.33000183105469,95.0,82.64278411865234,2558800,0.0,0.0
2018-09-25,92.4000015258789,93.48999786376953,90.55000305175781,92.55999755859375,80.52017211914062,6037200,0.0,0.0
2018-09-26,92.4000015258789,93.75,92.19000244140625,92.31999969482422,80.31139373779297,3802500,0.0,0.0
2018-09-27,92.30999755859375,92.54000091552734,91.61000061035156,92.18000030517578,80.18959045410156,1963500,0.0,0.0
2018-09-28,91.95999908447266,92.5199966430664,91.5999984741211,92.45999908447266,80.43319702148438,1650200,0.0,0.0
2018-10-01,92.80999755859375,93.38999938964844,92.25,92.38999938964844,80.37226867675781,1728800,0.0,0.0
2018-10-02,92.19999694824219,93.91999816894531,92.11000061035156,92.29000091552734,80.2852783203125,1737100,0.0,0.0
2018-10-03,91.70999908447266,93.04000091552734,90.86000061035156,91.83000183105469,79.88512420654297,2915000,0.0,0.0
2018-10-04,91.13999938964844,91.5999984741211,89.56999969482422,89.98999786376953,78.28445434570312,4047400,0.0,0.0
2018-10-05,89.0,89.4800033569336,86.26000213623047,87.1500015258789,75.81388092041016,5815600,0.0,0.0
2018-10-08,86.79000091552734,87.2300033569336,85.5199966430664,86.4800033569336,75.23103332519531,2879400,0.0,0.0
2018-10-09,86.62000274658203,86.94999694824219,85.58999633789062,86.76000213623047,75.47460174560547,3950200,0.0,0.0
2018-10-10,85.45999908447266,86.04000091552734,83.18000030517578,83.9000015258789,72.98661041259766,8523800,0.0,0.0
2018-10-11,85.55999755859375,86.58999633789062,83.25,83.66999816894531,72.78652954101562,4849900,0.0,0.0
2018-10-12,85.2300033569336,85.7699966430664,83.06999969482422,84.16999816894531,73.22148132324219,3600600,0.0,0.0
2018-10-15,83.70999908447266,84.66999816894531,83.0999984741211,83.9000015258789,72.98661041259766,3153700,0.0,0.0
2018-10-16,84.79000091552734,85.83999633789062,84.13999938964844,85.76000213623047,74.60469818115234,3397300,0.0,0.0
2018-10-17,86.3499984741211,86.41999816894531,84.5999984741211,85.25,74.16101837158203,3529100,0.0,0.0
2018-10-18,83.0,84.29000091552734,81.55000305175781,83.16999816894531,72.35157012939453,4923200,0.0,0.0
2018-10-19,82.93000030517578,84.22000122070312,81.87000274658203,82.33999633789062,71.62952423095703,2564400,0.0,0.0
2018-10-22,83.01000213623047,83.38999938964844,82.36000061035156,82.55000305175781,71.81224060058594,2337000,0.0,0.0
2018-10-23,80.73999786376953,83.01000213623047,79.69999694824219,82.6500015258789,71.89920043945312,4656400,0.0,0.0
2018-10-24,80.31999969482422,80.73999786376953,77.76000213623047,77.81999969482422,67.69747161865234,7790900,0.0,0.0
2018-10-25,78.94000244140625,79.9000015258789,78.76000213623047,79.08000183105469,68.7936019897461,4192500,0.0,0.0
2018-10-26,77.55999755859375,80.0999984741211,76.62000274658203,79.02999877929688,68.75009155273438,4536600,0.0,0.0
2018-10-29,81.31999969482422,81.94999694824219,78.9800033569336,80.41000366210938,69.95057678222656,5055500,0.0,0.0
2018-10-30,80.62000274658203,82.86000061035156,80.41999816894531,82.80000305175781,72.02970886230469,4698800,0.0,0.0
2018-10-31,83.93000030517578,84.30000305175781,82.87999725341797,83.70999908447266,72.82132720947266,3498700,0.0,0.0
2018-11-01,84.16000366210938,88.5,83.72000122070312,88.0,76.55331420898438,3669500,0.0,0.0
2018-11-02,88.31999969482422,89.01000213623047,86.25,87.18000030517578,75.83997344970703,3754900,0.0,0.0
2018-11-05,87.08999633789062,87.41999816894531,85.58999633789062,86.37999725341797,75.14403533935547,2143600,0.0,0.0
2018-11-06,86.55999755859375,88.0,86.37000274658203,87.95999908447266,76.51851654052734,1751300,0.0,0.0
2018-11-07,89.01000213623047,89.0199966430664,87.38999938964844,88.30999755859375,76.82298278808594,2253800,0.0,0.0
2018-11-08,87.58999633789062,90.08000183105469,87.58999633789062,89.93000030517578,78.23225402832031,2551100,0.0,0.0
2018-11-09,89.45999908447266,89.7300033569336,87.01000213623047,87.58999633789062,76.19664001464844,3043200,0.0,0.0
2018-11-12,86.4000015258789,86.62000274658203,84.0999984741211,84.19999694824219,73.24760437011719,3334300,0.0,0.0
2018-11-13,84.83999633789062,86.80999755859375,84.62999725341797,85.30000305175781,74.20451354980469,3042500,0.0,0.0
2018-11-14,86.31999969482422,87.11000061035156,85.47000122070312,86.12999725341797,74.92654418945312,2395700,0.0,0.0
2018-11-15,86.02999877929688,89.87000274658203,86.02999877929688,89.81999969482422,78.1365737915039,4772900,0.0,0.0
2018-11-16,88.0999984741211,89.95999908447266,87.63999938964844,89.4800033569336,77.8407974243164,3167900,0.0,0.0
2018-11-19,89.62000274658203,89.97000122070312,85.44999694824219,85.5199966430664,74.39586639404297,6808500,0.0,0.0
2018-11-20,84.76000213623047,89.87000274658203,83.83999633789062,89.0199966430664,77.44063568115234,6660100,0.0,0.0
2018-11-21,89.55000305175781,90.83000183105469,88.20999908447266,89.68000030517578,78.01477813720703,3561100,0.0,0.0
2018-11-23,88.6500015258789,89.4000015258789,87.87000274658203,88.63999938964844,77.11006927490234,1163000,0.0,0.0
2018-11-26,90.30999755859375,90.62999725341797,89.0199966430664,90.06999969482422,78.35405731201172,2474600,0.0,0.0
2018-11-27,89.45999908447266,90.13999938964844,88.36000061035156,89.58000183105469,77.92778015136719,2614600,0.0,0.0
2018-11-28,89.43000030517578,90.79000091552734,88.0,90.72000122070312,79.34465026855469,3864600,0.48,0.0
2018-11-29,89.9800033569336,90.58999633789062,89.3499984741211,89.5199966430664,78.29510498046875,2831700,0.0,0.0
2018-11-30,89.69999694824219,91.97000122070312,88.79000091552734,91.91999816894531,80.39419555664062,3335800,0.0,0.0
2018-12-03,93.33999633789062,94.62000274658203,92.80999755859375,93.51000213623047,81.78483581542969,3563800,0.0,0.0
2018-12-04,93.13999938964844,93.37999725341797,90.33999633789062,90.44000244140625,79.0997543334961,3858000,0.0,0.0
2018-12-06,87.33000183105469,89.55000305175781,86.16999816894531,89.52999877929688,78.30388641357422,2957300,0.0,0.0
2018-12-07,89.06999969482422,89.9800033569336,86.19000244140625,86.41999816894531,75.58381652832031,2961000,0.0,0.0
2018-12-10,86.36000061035156,88.63999938964844,86.0,88.4800033569336,77.38554382324219,2600600,0.0,0.0
2018-12-11,89.91000366210938,91.04000091552734,88.27999877929688,88.63999938964844,77.52546691894531,2094300,0.0,0.0
2018-12-12,90.5199966430664,90.5199966430664,89.0,89.08000183105469,77.91029357910156,2301000,0.0,0.0
2018-12-13,89.66999816894531,89.98999786376953,88.08000183105469,88.45999908447266,77.3680419921875,1668400,0.0,0.0
2018-12-14,87.4800033569336,88.38999938964844,86.97000122070312,87.2699966430664,76.32723236083984,2947800,0.0,0.0
2018-12-17,87.25,88.95999908447266,86.75,87.30999755859375,76.36223602294922,2933800,0.0,0.0
2018-12-18,88.2300033569336,89.36000061035156,87.5,88.05000305175781,77.00946044921875,2873900,0.0,0.0
2018-12-19,86.7300033569336,87.91999816894531,83.23999786376953,83.69000244140625,73.1961669921875,4216200,0.0,0.0
2018-12-20,83.23999786376953,84.55000305175781,81.52999877929688,82.73999786376953,72.3652572631836,3555400,0.0,0.0
2018-12-21,83.41000366210938,85.11000061035156,81.94000244140625,82.31999969482422,71.99793243408203,5189000,0.0,0.0
2018-12-24,82.11000061035156,82.91000366210938,80.36000061035156,80.41999816894531,70.3361587524414,1353300,0.0,0.0
2018-12-26,81.19000244140625,84.43000030517578,80.08000183105469,84.33999633789062,73.76463317871094,2519000,0.0,0.0
2018-12-27,83.26000213623047,85.43000030517578,81.86000061035156,85.36000061035156,74.65674591064453,2070300,0.0,0.0
2018-12-28,85.48999786376953,86.9000015258789,84.43000030517578,85.45999908447266,74.74418640136719,2070700,0.0,0.0
2018-12-31,86.08999633789062,86.54000091552734,84.97000122070312,85.83000183105469,75.06783294677734,1748400,0.0,0.0
2019-01-02,84.02999877929688,86.43000030517578,83.95999908447266,85.91999816894531,75.14653015136719,2523900,0.0,0.0
2019-01-03,82.98999786376953,84.3499984741211,80.55000305175781,80.7300033569336,70.60728454589844,4376600,0.0,0.0
2019-01-04,81.45999908447266,83.01000213623047,80.45999908447266,82.69000244140625,72.32154083251953,3470000,0.0,0.0
2019-01-07,82.54000091552734,84.19000244140625,82.08000183105469,83.20999908447266,72.77632141113281,2656300,0.0,0.0
2019-01-08,84.2699966430664,85.27999877929688,82.66999816894531,85.23999786376953,74.55179595947266,3993500,0.0,0.0
2019-01-09,85.81999969482422,88.5,85.81999969482422,87.4000015258789,76.4409408569336,3321600,0.0,0.0
2019-01-10,86.88999938964844,88.66000366210938,86.56999969482422,88.61000061035156,77.49922180175781,2042400,0.0,0.0
2019-01-11,88.06999969482422,91.11000061035156,88.06999969482422,90.05999755859375,78.76739501953125,3029800,0.0,0.0
2019-01-14,88.68000030517578,88.98999786376953,87.36000061035156,87.5,76.52839660644531,2239300,0.0,0.0
2019-01-15,87.66000366210938,88.54000091552734,87.01000213623047,87.61000061035156,76.6246109008789,1960500,0.0,0.0
2019-01-16,87.5999984741211,88.5199966430664,86.88999938964844,87.0,76.09109497070312,1667100,0.0,0.0
2019-01-17,86.51000213623047,88.8499984741211,85.44000244140625,88.80999755859375,77.67413330078125,2563000,0.0,0.0
2019-01-18,89.61000061035156,91.52999877929688,88.43000030517578,91.36000061035156,79.9044189453125,3471600,0.0,0.0
2019-01-22,90.56999969482422,90.75,88.20999908447266,89.12999725341797,77.95403289794922,2749500,0.0,0.0
2019-01-23,89.4000015258789,89.70999908447266,87.7699966430664,88.86000061035156,77.7178955078125,1590400,0.0,0.0
2019-01-24,90.52999877929688,95.5,90.52999877929688,94.75,82.86933135986328,6478700,0.0,0.0
2019-01-25,95.80000305175781,98.1500015258789,95.55000305175781,97.66999816894531,85.4231948852539,4301100,0.0,0.0
2019-01-28,94.94999694824219,97.69999694824219,94.86000061035156,97.33999633789062,85.13457489013672,2260100,0.0,0.0
2019-01-29,98.30000305175781,98.30000305175781,96.56999969482422,97.01000213623047,84.84595489501953,2171800,0.0,0.0
2019-01-30,97.56999969482422,99.44000244140625,97.11000061035156,99.01000213623047,86.59518432617188,2653700,0.0,0.0
2019-01-31,98.73999786376953,98.95999908447266,98.02999877929688,98.86000061035156,86.46397399902344,2588200,0.0,0.0
2019-02-01,99.16999816894531,100.62999725341797,98.83999633789062,100.54000091552734,87.933349609375,3074200,0.0,0.0
2019-02-04,100.47000122070312,100.79000091552734,98.7300033569336,99.69999694824219,87.19866180419922,2541900,0.0,0.0
2019-02-05,99.54000091552734,100.51000213623047,99.05000305175781,100.4000015258789,87.81088256835938,2472600,0.0,0.0
2019-02-06,101.05000305175781,103.4800033569336,101.0,102.41000366210938,89.56883239746094,3279400,0.0,0.0
2019-02-07,101.31999969482422,102.0999984741211,99.54000091552734,100.62999725341797,88.01203155517578,3471800,0.0,0.0
2019-02-08,99.44999694824219,100.91999816894531,99.06999969482422,100.7300033569336,88.09949493408203,2407700,0.0,0.0
2019-02-11,102.4000015258789,102.6500015258789,101.0199966430664,101.75,88.99161529541016,2232300,0.0,0.0
2019-02-12,103.12999725341797,104.87999725341797,102.87999725341797,104.05999755859375,91.011962890625,3693600,0.0,0.0
2019-02-13,104.43000030517578,105.08999633789062,103.47000122070312,104.41999816894531,91.32681274414062,2417100,0.0,0.0
2019-02-14,104.2300033569336,105.04000091552734,103.61000061035156,104.48999786376953,91.38804626464844,2971500,0.0,0.0
2019-02-15,105.37000274658203,105.83000183105469,104.29000091552734,105.73999786376953,92.48131561279297,2289400,0.0,0.0
2019-02-19,105.44000244140625,105.69999694824219,104.1500015258789,104.22000122070312,91.15191650390625,3722200,0.0,0.0
2019-02-20,105.0999984741211,108.27999877929688,104.70999908447266,106.81999969482422,93.4258804321289,4811700,0.0,0.0
2019-02-21,106.33000183105469,106.80000305175781,104.91999816894531,105.27999877929688,92.0789794921875,3518500,0.0,0.0
2019-02-22,106.08000183105469,106.33000183105469,105.19000244140625,105.91000366210938,92.62999725341797,2248000,0.0,0.0
2019-02-25,106.80000305175781,108.22000122070312,106.61000061035156,107.9000015258789,94.3704605102539,3987500,0.0,0.0
2019-02-26,107.36000061035156,107.86000061035156,106.80000305175781,107.18000030517578,93.74073791503906,2083400,0.0,0.0
2019-02-27,106.33000183105469,106.62000274658203,104.97000122070312,105.93000030517578,92.64746856689453,2617100,0.0,0.0
2019-02-28,104.94999694824219,107.22000122070312,104.94999694824219,106.95999908447266,94.02764892578125,3212300,0.54,0.0
2019-03-01,107.83999633789062,108.79000091552734,106.75,108.44000244140625,95.32872009277344,2821400,0.0,0.0
2019-03-04,109.0,109.4800033569336,106.76000213623047,108.66000366210938,95.52210998535156,2518100,0.0,0.0
2019-03-05,108.61000061035156,109.04000091552734,107.95999908447266,108.2300033569336,95.14410400390625,2843100,0.0,0.0
2019-03-06,108.31999969482422,108.66000366210938,106.55999755859375,106.79000091552734,93.87821197509766,2028000,0.0,0.0
2019-03-07,106.76000213623047,106.76000213623047,105.22000122070312,105.68000030517578,92.90242004394531,2507000,0.0,0.0
2019-03-08,104.75,105.68000030517578,104.12000274658203,105.41000366210938,92.66506958007812,4791700,0.0,0.0
2019-03-11,105.44999694824219,107.73999786376953,105.43000030517578,107.68000030517578,94.66059875488281,2884100,0.0,0.0
2019-03-12,107.66999816894531,108.55000305175781,106.66000366210938,107.91000366210938,94.86280059814453,2392000,0.0,0.0
2019-03-13,108.41999816894531,109.05999755859375,107.69000244140625,108.08000183105469,95.01223754882812,1814100,0.0,0.0
2019-03-14,108.38999938964844,108.38999938964844,107.12000274658203,108.25,95.16168212890625,1961300,0.0,0.0
2019-03-15,108.9800033569336,110.6500015258789,108.3499984741211,109.38999938964844,96.16386413574219,4574400,0.0,0.0
2019-03-18,109.02999877929688,110.37000274658203,108.43000030517578,109.1500015258789,95.9528579711914,2745900,0.0,0.0
2019-03-19,109.91000366210938,110.37999725341797,109.29000091552734,109.94999694824219,96.6561279296875,1944900,0.0,0.0
2019-03-20,109.97000122070312,110.2699966430664,108.12000274658203,108.61000061035156,95.4781723022461,2640800,0.0,0.0
2019-03-21,109.0,111.12000274658203,108.5,110.18000030517578,96.85832214355469,3724900,0.0,0.0
2019-03-22,109.79000091552734,109.98999786376953,107.31999969482422,107.4000015258789,94.41446685791016,2300200,0.0,0.0
2019-03-25,104.83999633789062,106.08999633789062,104.0,105.25,92.52439880371094,2690800,0.0,0.0
2019-03-26,106.02999877929688,107.13999938964844,105.72000122070312,107.0999984741211,94.15071868896484,3310000,0.0,0.0
2019-03-27,106.95999908447266,107.47000122070312,103.77999877929688,104.95999908447266,92.26947021484375,2621100,0.0,0.0
2019-03-28,105.05999755859375,105.63999938964844,103.30000305175781,104.06999969482422,91.48709106445312,2615200,0.0,0.0
2019-03-29,105.16999816894531,105.76000213623047,104.5999984741211,105.2699966430664,92.54198455810547,2777700,0.0,0.0
2019-04-01,106.5199966430664,108.62000274658203,106.26000213623047,108.27999877929688,95.18804931640625,3445800,0.0,0.0
2019-04-02,108.12999725341797,108.48999786376953,107.41000366210938,108.11000061035156,95.0385971069336,1684200,0.0,0.0
2019-04-03,109.62000274658203,111.05999755859375,109.16000366210938,109.83999633789062,96.5594482421875,2739500,0.0,0.0
2019-04-04,109.76000213623047,110.95999908447266,109.13999938964844,110.54000091552734,97.17479705810547,2435700,0.0,0.0
2019-04-05,111.08999633789062,111.80000305175781,110.55000305175781,111.45999908447266,97.98356628417969,2529000,0.0,0.0
2019-04-08,110.75,111.83000183105469,110.36000061035156,111.73999786376953,98.22970581054688,2237900,0.0,0.0
2019-04-09,111.5,111.7300033569336,110.08000183105469,110.48999786376953,97.13086700439453,1856900,0.0,0.0
2019-04-10,110.4000015258789,112.12000274658203,109.94999694824219,112.06999969482422,98.51981353759766,1966700,0.0,0.0
2019-04-11,112.37000274658203,112.68000030517578,111.16999816894531,111.81999969482422,98.30003356933594,1784900,0.0,0.0
2019-04-12,112.81999969482422,114.29000091552734,112.13999938964844,114.20999908447266,100.40109252929688,1984200,0.0,0.0
2019-04-15,114.44000244140625,114.58999633789062,112.62000274658203,112.94000244140625,99.28461456298828,1420500,0.0,0.0
2019-04-16,113.33000183105469,114.98999786376953,113.25,114.5999984741211,100.7439193725586,2298600,0.0,0.0
2019-04-17,115.08000183105469,115.93000030517578,113.8499984741211,114.4000015258789,100.5680923461914,2505900,0.0,0.0
2019-04-18,115.08999633789062,115.08999633789062,113.76000213623047,114.79000091552734,100.91094970703125,2052800,0.0,0.0
2019-04-22,114.41000366210938,114.5999984741211,113.44999694824219,113.61000061035156,99.87358093261719,2295900,0.0,0.0
2019-04-23,113.56999969482422,114.4000015258789,113.22000122070312,114.11000061035156,100.31315612792969,3437900,0.0,0.0
2019-04-24,114.77999877929688,118.54000091552734,114.1500015258789,117.29000091552734,103.1086654663086,5727100,0.0,0.0
2019-04-25,116.37999725341797,116.4000015258789,113.51000213623047,115.0199966430664,101.11315155029297,2952900,0.0,0.0
2019-04-26,113.25,114.58999633789062,112.16000366210938,114.44000244140625,100.60326385498047,2244900,0.0,0.0
2019-04-29,114.25,114.79000091552734,113.4000015258789,113.87999725341797,100.11097717285156,1877100,0.0,0.0
2019-04-30,114.45999908447266,116.83000183105469,113.93000030517578,116.23999786376953,102.18562316894531,2624800,0.0,0.0
2019-05-01,116.55999755859375,116.95999908447266,114.63999938964844,114.69999694824219,100.83182525634766,1601800,0.0,0.0
2019-05-02,114.83000183105469,117.41999816894531,114.55000305175781,116.95999908447266,102.81857299804688,2223200,0.0,0.0
2019-05-03,117.58000183105469,117.95999908447266,115.93000030517578,116.94999694824219,102.80976867675781,2476300,0.0,0.0
2019-05-06,114.06999969482422,115.38999938964844,113.4000015258789,114.93000030517578,101.03401184082031,2247800,0.0,0.0
2019-05-07,113.4000015258789,114.29000091552734,111.79000091552734,113.68000030517578,99.93516540527344,2965400,0.0,0.0
2019-05-08,112.45999908447266,112.97000122070312,110.47000122070312,110.55000305175781,97.18357849121094,3819500,0.0,0.0
2019-05-09,109.13999938964844,111.08999633789062,107.8499984741211,110.55000305175781,97.18357849121094,3408800,0.0,0.0
2019-05-10,110.20999908447266,111.1500015258789,107.68000030517578,110.5999984741211,97.2275619506836,2422000,0.0,0.0
2019-05-13,107.13999938964844,107.68000030517578,103.66000366210938,104.2300033569336,91.62774658203125,4900300,0.0,0.0
2019-05-14,105.16999816894531,107.20999908447266,104.9800033569336,106.75,93.84303283691406,2271900,0.0,0.0
2019-05-15,105.58999633789062,108.83000183105469,105.52999877929688,107.88999938964844,94.84520721435547,2305600,0.0,0.0
2019-05-16,105.66000366210938,106.18000030517578,104.05999755859375,104.69999694824219,92.0408935546875,4409800,0.0,0.0
2019-05-17,103.22000122070312,103.86000061035156,100.19000244140625,100.83000183105469,88.63883209228516,5468000,0.0,0.0
2019-05-20,97.87999725341797,99.23999786376953,96.72000122070312,97.5,85.71144104003906,4506000,0.0,0.0
2019-05-21,101.41999816894531,101.75,99.0999984741211,99.87999725341797,87.80368041992188,4636600,0.0,0.0
2019-05-22,98.83999633789062,103.0999984741211,98.58999633789062,101.44000244140625,89.17509460449219,5187100,0.0,0.0
2019-05-23,99.4800033569336,100.55999755859375,97.5999984741211,98.7300033569336,86.79273223876953,3387300,0.0,0.0
2019-05-24,99.56999969482422,100.41999816894531,98.33000183105469,98.41999816894531,86.52021026611328,2283100,0.0,0.0
2019-05-28,98.66000366210938,99.13999938964844,96.76000213623047,97.11000061035156,85.36860656738281,3602400,0.0,0.0
2019-05-29,96.12000274658203,98.83000183105469,95.94000244140625,98.11000061035156,86.24769592285156,3051200,0.0,0.0
2019-05-30,97.81999969482422,99.56999969482422,97.37000274658203,98.05999755859375,86.68082427978516,2099600,0.54,0.0
2019-05-31,96.98999786376953,98.58999633789062,96.4800033569336,96.62000274658203,85.4079360961914,2156800,0.0,0.0
2019-06-03,97.30999755859375,98.31999969482422,95.51000213623047,96.06999969482422,84.9217529296875,2900000,0.0,0.0
2019-06-04,97.51000213623047,101.08000183105469,96.91000366210938,100.97000122070312,89.25315856933594,3588600,0.0,0.0
2019-06-05,101.63999938964844,102.43000030517578,98.43000030517578,99.87000274658203,88.28079986572266,1785600,0.0,0.0
2019-06-06,99.70999908447266,100.30999755859375,98.62999725341797,99.97000122070312,88.36919403076172,1881100,0.0,0.0
2019-06-07,100.66999816894531,100.98999786376953,99.7300033569336,100.69000244140625,89.00563049316406,3046400,0.0,0.0
2019-06-10,104.29000091552734,107.52999877929688,103.12999725341797,106.55000305175781,94.18563079833984,4179100,0.0,0.0
2019-06-11,107.66999816894531,108.55999755859375,104.66999816894531,105.16999816894531,92.96576690673828,2325100,0.0,0.0
2019-06-12,104.88999938964844,104.88999938964844,103.66000366210938,104.37000274658203,92.25861358642578,1506600,0.0,0.0
2019-06-13,104.77999877929688,105.87000274658203,104.48999786376953,105.77999877929688,93.50499725341797,1696200,0.0,0.0
2019-06-14,103.44000244140625,104.41000366210938,102.77999877929688,104.0199966430664,91.94921875,2327200,0.0,0.0
2019-06-17,104.19999694824219,105.77999877929688,103.47000122070312,105.0999984741211,92.90387725830078,1859200,0.0,0.0
2019-06-18,106.69000244140625,110.58999633789062,106.05000305175781,109.94000244140625,97.1822280883789,3190000,0.0,0.0
2019-06-19,110.48999786376953,111.52999877929688,109.5,111.04000091552734,98.15458679199219,2474500,0.0,0.0
2019-06-20,113.55000305175781,113.94000244140625,111.51000213623047,112.55999755859375,99.49822235107422,2437100,0.0,0.0
2019-06-21,112.12000274658203,114.36000061035156,111.52999877929688,113.66999816894531,100.47938537597656,4351300,0.0,0.0
2019-06-24,113.70999908447266,114.31999969482422,112.66000366210938,112.9000015258789,99.79876708984375,2052100,0.0,0.0
2019-06-25,113.01000213623047,113.54000091552734,109.8499984741211,110.27999877929688,97.4827880859375,2516200,0.0,0.0
2019-06-26,111.48999786376953,112.73999786376953,110.38999938964844,110.87000274658203,98.00431060791016,3823400,0.0,0.0
2019-06-27,111.69000244140625,113.72000122070312,111.27999877929688,112.83999633789062,99.7457046508789,2054000,0.0,0.0
2019-06-28,113.36000061035156,114.41999816894531,112.61000061035156,112.87000274658203,99.77223205566406,6136800,0.0,0.0
2019-07-01,117.16999816894531,118.13999938964844,114.41000366210938,115.0,101.6550521850586,2586300,0.0,0.0
2019-07-02,114.48999786376953,114.5,112.63999938964844,113.51000213623047,100.33797454833984,1357300,0.0,0.0
2019-07-03,113.62000274658203,113.66999816894531,111.86000061035156,113.16999816894531,100.03740692138672,1444500,0.0,0.0
2019-07-05,112.06999969482422,112.9800033569336,111.30999755859375,112.86000061035156,99.76339721679688,1022100,0.0,0.0
2019-07-08,112.19000244140625,112.62000274658203,111.43000030517578,111.83000183105469,98.8529052734375,1790500,0.0,0.0
2019-07-09,111.76000213623047,113.91999816894531,111.4000015258789,113.29000091552734,100.14350891113281,1952600,0.0,0.0
2019-07-10,114.68000030517578,115.7300033569336,112.94000244140625,114.01000213623047,100.77996063232422,1762000,0.0,0.0
2019-07-11,114.2699966430664,114.2699966430664,113.02999877929688,113.91999816894531,100.70039367675781,1414200,0.0,0.0
2019-07-12,114.22000122070312,116.26000213623047,114.22000122070312,116.19999694824219,102.7158203125,2139300,0.0,0.0
2019-07-15,116.9000015258789,117.69000244140625,116.22000122070312,117.0199966430664,103.44065856933594,1228300,0.0,0.0
2019-07-16,116.0,116.08999633789062,114.16000366210938,115.45999908447266,102.06167602539062,2007400,0.0,0.0
2019-07-17,115.94000244140625,116.01000213623047,113.93000030517578,113.94000244140625,100.71806335449219,1545000,0.0,0.0
2019-07-18,114.0,116.25,113.25,116.01000213623047,102.54785919189453,2245000,0.0,0.0
2019-07-19,116.29000091552734,117.06999969482422,115.5199966430664,115.77999877929688,102.34454345703125,1558600,0.0,0.0
2019-07-22,116.05000305175781,118.08000183105469,115.55000305175781,117.70999908447266,104.05058288574219,1667000,0.0,0.0
2019-07-23,118.5,119.93000030517578,117.69000244140625,119.91999816894531,106.00411987304688,2307800,0.0,0.0
2019-07-24,121.0199966430664,124.79000091552734,120.51000213623047,124.63999938964844,110.1764144897461,4240300,0.0,0.0
2019-07-25,123.19000244140625,124.0999984741211,120.58000183105469,122.18000030517578,108.00187683105469,2675400,0.0,0.0
2019-07-26,122.77999877929688,123.04000091552734,121.70999908447266,121.80000305175781,107.66596984863281,1372900,0.0,0.0
2019-07-29,122.08000183105469,122.5,120.81999969482422,121.20999908447266,107.14442443847656,1694700,0.0,0.0
2019-07-30,120.30000305175781,121.37999725341797,119.56999969482422,120.95999908447266,106.92344665527344,1163000,0.0,0.0
2019-07-31,120.97000122070312,120.97000122070312,116.05999755859375,117.45999908447266,103.82962799072266,2460100,0.0,0.0
2019-08-01,117.77999877929688,120.1500015258789,113.11000061035156,114.45999908447266,101.17772674560547,2978600,0.0,0.0
2019-08-02,114.20999908447266,114.94000244140625,112.23999786376953,112.68000030517578,99.6042709350586,2717700,0.0,0.0
2019-08-05,109.44000244140625,109.8499984741211,106.13999938964844,107.62999725341797,95.14033508300781,3642300,0.0,0.0
2019-08-06,108.86000061035156,110.38999938964844,108.12999725341797,109.27999877929688,96.59883117675781,2868500,0.0,0.0
2019-08-07,107.8499984741211,110.26000213623047,107.16000366210938,109.81999969482422,97.07614135742188,2048700,0.0,0.0
2019-08-08,110.22000122070312,112.45999908447266,109.4000015258789,112.33000183105469,99.2948989868164,1837600,0.0,0.0
2019-08-09,111.2300033569336,111.8499984741211,109.77999877929688,110.66000366210938,97.81868743896484,1713700,0.0,0.0
2019-08-12,110.22000122070312,110.62000274658203,108.27999877929688,108.95999908447266,96.31596374511719,1395200,0.0,0.0
2019-08-13,109.11000061035156,113.58000183105469,108.13999938964844,113.0199966430664,99.9048080444336,3047900,0.0,0.0
2019-08-14,110.58000183105469,111.70999908447266,109.55000305175781,110.30999755859375,97.50932312011719,1840600,0.0,0.0
2019-08-15,110.61000061035156,110.94999694824219,107.80999755859375,108.44999694824219,95.86512756347656,2161500,0.0,0.0
2019-08-16,109.80999755859375,111.25,109.19999694824219,110.5199966430664,97.69493103027344,2576200,0.0,0.0
2019-08-19,113.05999755859375,113.72000122070312,110.80999755859375,111.16999816894531,98.26951599121094,2784500,0.0,0.0
2019-08-20,110.37000274658203,111.45999908447266,109.93000030517578,110.29000091552734,97.49163055419922,2254700,0.0,0.0
2019-08-21,109.0,111.69999694824219,107.77999877929688,108.58999633789062,95.98888397216797,3236500,0.0,0.0
2019-08-22,108.55000305175781,109.4000015258789,107.22000122070312,108.62999725341797,96.02423095703125,2761400,0.0,0.0
2019-08-23,106.9800033569336,107.51000213623047,103.72000122070312,104.16999816894531,92.08179473876953,4382700,0.0,0.0
2019-08-26,105.56999969482422,106.08999633789062,105.0,106.02999877929688,93.72595977783203,2510400,0.0,0.0
2019-08-27,107.29000091552734,107.79000091552734,106.31999969482422,107.05000305175781,94.62757873535156,2222700,0.0,0.0
2019-08-28,106.44000244140625,108.05999755859375,105.83000183105469,108.02999877929688,95.49388885498047,1553300,0.0,0.0
2019-08-29,109.26000213623047,110.37000274658203,108.83999633789062,109.0199966430664,96.8531265258789,1949100,0.54,0.0
2019-08-30,109.95999908447266,110.95999908447266,109.16999816894531,109.83000183105469,97.5727310180664,1881700,0.0,0.0
2019-09-03,108.70999908447266,108.94999694824219,105.83000183105469,106.37999725341797,94.50775146484375,2607300,0.0,0.0
2019-09-04,108.20999908447266,109.2300033569336,108.13999938964844,109.19000244140625,97.00416564941406,1181100,0.0,0.0
2019-09-05,111.2699966430664,113.9000015258789,111.0999984741211,113.0199966430664,100.40670013427734,2294800,0.0,0.0
2019-09-06,113.2300033569336,113.55000305175781,112.43000030517578,112.66999816894531,100.09577941894531,1217100,0.0,0.0
2019-09-09,113.19000244140625,113.7699966430664,112.27999877929688,112.87000274658203,100.27346801757812,1208600,0.0,0.0
2019-09-10,112.36000061035156,113.9800033569336,111.25,113.9800033569336,101.25957489013672,1459700,0.0,0.0
2019-09-11,114.02999877929688,116.37999725341797,113.20999908447266,115.04000091552734,102.2012939453125,2387300,0.0,0.0
2019-09-12,118.0,118.45999908447266,115.52999877929688,116.20999908447266,103.24072265625,2053700,0.0,0.0
2019-09-13,116.02999877929688,116.98999786376953,115.41999816894531,116.5199966430664,103.51609802246094,1646300,0.0,0.0
2019-09-16,115.18000030517578,115.80999755859375,114.56999969482422,115.26000213623047,102.39675903320312,1192000,0.0,0.0
2019-09-17,114.9800033569336,115.87000274658203,114.44000244140625,115.27999877929688,102.41450500488281,1426800,0.0,0.0
2019-09-18,115.20999908447266,116.62000274658203,114.81999969482422,116.55999755859375,103.55167388916016,1350500,0.0,0.0
2019-09-19,116.0999984741211,116.83999633789062,115.06999969482422,115.87999725341797,102.94755554199219,1636000,0.0,0.0
2019-09-20,115.76000213623047,116.62000274658203,114.62000274658203,115.33000183105469,102.45893859863281,3204100,0.0,0.0
2019-09-23,114.94999694824219,115.13999938964844,113.4000015258789,114.29000091552734,101.53498077392578,1593900,0.0,0.0
2019-09-24,115.04000091552734,115.05999755859375,110.61000061035156,110.95999908447266,98.57662200927734,2916400,0.0,0.0
2019-09-25,111.13999938964844,113.05999755859375,109.76000213623047,112.68000030517578,100.10466003417969,2349700,0.0,0.0
2019-09-26,112.8499984741211,113.44000244140625,111.66999816894531,113.13999938964844,100.51335906982422,1020500,0.0,0.0
2019-09-27,112.95999908447266,113.86000061035156,110.37000274658203,111.04000091552734,98.64769744873047,1517800,0.0,0.0
2019-09-30,112.1500015258789,112.23999786376953,110.54000091552734,111.7300033569336,99.26068878173828,2276600,0.0,0.0
2019-10-01,114.80999755859375,116.19000244140625,109.55999755859375,109.77999877929688,97.52831268310547,2901800,0.0,0.0
2019-10-02,109.12999725341797,109.80999755859375,108.11000061035156,108.97000122070312,96.80870819091797,1545800,0.0,0.0
2019-10-03,108.87000274658203,111.30000305175781,108.0,110.87000274658203,98.49666595458984,1816100,0.0,0.0
2019-10-04,111.8499984741211,113.22000122070312,111.19000244140625,113.02999877929688,100.41561889648438,1437500,0.0,0.0
2019-10-07,112.91999816894531,113.29000091552734,110.77999877929688,110.83999633789062,98.47000885009766,1658300,0.0,0.0
2019-10-08,109.98999786376953,110.36000061035156,106.08999633789062,106.12999725341797,94.28568267822266,3196500,0.0,0.0
2019-10-09,107.7699966430664,108.87000274658203,106.77999877929688,108.06999969482422,96.0091552734375,1869200,0.0,0.0
2019-10-10,107.80000305175781,109.7699966430664,107.5199966430664,108.44000244140625,96.33786010742188,1883200,0.0,0.0
2019-10-11,109.7300033569336,112.72000122070312,109.7300033569336,111.22000122070312,98.80760192871094,2613900,0.0,0.0
2019-10-14,110.56999969482422,111.0,109.98999786376953,110.33999633789062,98.02582550048828,1755600,0.0,0.0
2019-10-15,110.75,113.41000366210938,110.5,113.29000091552734,100.6466064453125,2615400,0.0,0.0
2019-10-16,112.70999908447266,113.25,110.38999938964844,110.58999633789062,98.2479248046875,1928100,0.0,0.0
2019-10-17,111.7699966430664,112.26000213623047,109.62999725341797,110.0,97.72374725341797,1494100,0.0,0.0
2019-10-18,110.16999816894531,110.43000030517578,108.41999816894531,109.4800033569336,97.26181030273438,1444800,0.0,0.0
2019-10-21,110.19000244140625,111.4800033569336,109.98999786376953,111.11000061035156,98.70989227294922,1327300,0.0,0.0
2019-10-22,111.25,112.23999786376953,110.7300033569336,110.87999725341797,98.50555419921875,1641100,0.0,0.0
2019-10-23,107.5,107.75,104.58000183105469,105.56999969482422,93.78816986083984,4584000,0.0,0.0
2019-10-24,106.37000274658203,106.68000030517578,104.91999816894531,105.31999969482422,93.56607055664062,3038400,0.0,0.0
2019-10-25,105.55000305175781,107.02999877929688,105.12000274658203,106.83000183105469,94.90751647949219,1867700,0.0,0.0
2019-10-28,107.69999694824219,109.08000183105469,107.41999816894531,108.83000183105469,96.6843490600586,2085000,0.0,0.0
2019-10-29,109.23999786376953,110.12000274658203,107.83999633789062,108.05000305175781,95.99137878417969,2765800,0.0,0.0
2019-10-30,110.51000213623047,110.98999786376953,107.7699966430664,108.25,96.16908264160156,2543700,0.0,0.0
2019-10-31,107.69999694824219,107.69999694824219,104.94999694824219,106.62999725341797,94.72987365722656,3847400,0.0,0.0
2019-11-01,107.62000274658203,109.91999816894531,107.55999755859375,109.37000274658203,97.1640853881836,1991800,0.0,0.0
2019-11-04,111.06999969482422,112.26000213623047,110.3499984741211,111.38999938964844,98.95865631103516,1681300,0.0,0.0
2019-11-05,111.47000122070312,114.43000030517578,111.33999633789062,113.44999694824219,100.78872680664062,3043500,0.0,0.0
2019-11-06,113.0,113.22000122070312,110.6500015258789,112.02999877929688,99.52721405029297,1676800,0.0,0.0
2019-11-07,113.7699966430664,113.81999969482422,111.52999877929688,112.29000091552734,99.7582015991211,1139200,0.0,0.0
2019-11-08,111.9800033569336,113.04000091552734,111.16999816894531,113.0199966430664,100.40670013427734,1123900,0.0,0.0
2019-11-11,112.55000305175781,112.73999786376953,111.41999816894531,112.55000305175781,99.98920440673828,1263500,0.0,0.0
2019-11-12,113.02999877929688,114.01000213623047,112.73999786376953,113.26000213623047,100.61994171142578,2277100,0.0,0.0
2019-11-13,112.26000213623047,114.38999938964844,111.91000366210938,114.16999816894531,101.4283676147461,1683600,0.0,0.0
2019-11-14,113.69999694824219,113.69999694824219,112.54000091552734,113.31999969482422,100.6732406616211,1102200,0.0,0.0
2019-11-15,114.69999694824219,114.94999694824219,112.58999633789062,113.4000015258789,100.74432373046875,1767400,0.0,0.0
2019-11-18,113.02999877929688,113.02999877929688,111.69999694824219,111.97000122070312,99.47388458251953,1845200,0.0,0.0
2019-11-19,112.7300033569336,113.02999877929688,111.56999969482422,111.70999908447266,99.2429428100586,1876200,0.0,0.0
2019-11-20,110.80000305175781,110.83000183105469,108.22000122070312,108.58000183105469,96.46222686767578,2987600,0.0,0.0
2019-11-21,109.05999755859375,109.23999786376953,107.8499984741211,108.77999877929688,96.63990783691406,2903000,0.0,0.0
2019-11-22,111.08000183105469,111.08000183105469,109.13999938964844,110.6500015258789,98.30121612548828,1783600,0.0,0.0
2019-11-25,111.62000274658203,113.47000122070312,111.31999969482422,112.93000030517578,100.32676696777344,3030500,0.0,0.0
2019-11-26,108.62000274658203,115.44999694824219,107.51000213623047,114.88999938964844,102.06802368164062,7432900,0.0,0.0
2019-11-27,116.11000061035156,116.30999755859375,113.02999877929688,113.69999694824219,101.01082611083984,3948800,0.0,0.0
2019-11-29,113.02999877929688,114.38999938964844,112.44000244140625,112.94999694824219,100.34452056884766,1036700,0.0,0.0
2019-12-02,113.05999755859375,113.36000061035156,110.93000030517578,111.26000213623047,98.84315490722656,1715800,0.0,0.0
2019-12-03,109.54000091552734,110.43000030517578,108.66999816894531,110.25,97.94585418701172,2108500,0.0,0.0
2019-12-04,111.80000305175781,114.51000213623047,111.80000305175781,114.38999938964844,101.62384033203125,2890100,0.0,0.0
2019-12-05,113.94999694824219,115.2300033569336,113.16000366210938,113.43000030517578,101.24893188476562,2443400,0.54,0.0
2019-12-06,114.73999786376953,116.0999984741211,114.4000015258789,115.88999938964844,103.44477081298828,2150300,0.0,0.0
2019-12-09,115.77999877929688,115.77999877929688,114.51000213623047,114.62000274658203,102.31114959716797,1551800,0.0,0.0
2019-12-10,114.58000183105469,115.44000244140625,114.02999877929688,114.41000366210938,102.12369537353516,2815900,0.0,0.0
2019-12-11,114.94999694824219,116.48999786376953,114.79000091552734,115.8499984741211,103.4090347290039,2203200,0.0,0.0
2019-12-12,115.87000274658203,118.66000366210938,115.61000061035156,117.80999755859375,105.1585693359375,2424000,0.0,0.0
2019-12-13,117.58000183105469,119.47000122070312,116.9000015258789,118.7699966430664,106.0154800415039,1644300,0.0,0.0
2019-12-16,119.5199966430664,120.5,118.48999786376953,118.86000061035156,106.0958251953125,2062500,0.0,0.0
2019-12-17,118.91000366210938,119.41000366210938,118.06999969482422,118.81999969482422,106.0600814819336,1467400,0.0,0.0
2019-12-18,118.88999938964844,119.52999877929688,116.86000061035156,117.0,104.43555450439453,2708400,0.0,0.0
2019-12-19,117.37999725341797,118.81999969482422,117.12999725341797,118.69999694824219,105.95301055908203,1591000,0.0,0.0
2019-12-20,120.18000030517578,120.22000122070312,117.9000015258789,119.81999969482422,106.9527359008789,4449000,0.0,0.0
2019-12-23,120.0,120.55000305175781,119.02999877929688,119.16999816894531,106.37252807617188,1565700,0.0,0.0
2019-12-24,119.26000213623047,119.87999725341797,119.11000061035156,119.72000122070312,106.86346435546875,487800,0.0,0.0
2019-12-26,119.66999816894531,120.12999725341797,119.26000213623047,119.7300033569336,106.87238311767578,912600,0.0,0.0
2019-12-27,119.72000122070312,120.0,118.98999786376953,119.44999694824219,106.6224594116211,1360900,0.0,0.0
2019-12-30,119.27999877929688,119.44999694824219,117.94000244140625,118.86000061035156,106.0958251953125,1107300,0.0,0.0
2019-12-31,118.81999969482422,119.13999938964844,118.13999938964844,118.83999633789062,106.07795715332031,963500,0.0,0.0
2020-01-02,120.11000061035156,120.6500015258789,118.73999786376953,120.43000030517578,107.4972152709961,1279300,0.0,0.0
2020-01-03,118.0,119.66999816894531,117.7300033569336,118.30999755859375,105.60485076904297,1374400,0.0,0.0
2020-01-06,116.25,117.31999969482422,115.61000061035156,116.91999816894531,104.36412048339844,1979400,0.0,0.0
2020-01-07,118.9000015258789,120.87999725341797,118.4000015258789,119.58000183105469,106.73848724365234,2214700,0.0,0.0
2020-01-08,120.30999755859375,121.45999908447266,119.69000244140625,120.66000366210938,107.70252227783203,2036500,0.0,0.0
2020-01-09,121.62999725341797,121.69000244140625,119.73999786376953,120.66000366210938,107.70252227783203,1418500,0.0,0.0
2020-01-10,120.80000305175781,120.80999755859375,118.37000274658203,118.56999969482422,105.83695220947266,1610500,0.0,0.0
2020-01-13,118.77999877929688,119.63999938964844,118.22000122070312,119.05999755859375,106.27433013916016,1357600,0.0,0.0
2020-01-14,118.9800033569336,120.58999633789062,118.69999694824219,119.52999877929688,106.69387817382812,1326800,0.0,0.0
2020-01-15,119.41000366210938,119.41000366210938,117.2300033569336,117.51000213623047,104.89079284667969,1729200,0.0,0.0
2020-01-16,118.4800033569336,119.22000122070312,118.01000213623047,119.12999725341797,106.33683013916016,1413600,0.0,0.0
2020-01-17,119.75,119.91999816894531,119.0199966430664,119.47000122070312,106.64029693603516,2303300,0.0,0.0
2020-01-21,118.19000244140625,119.66999816894531,118.0,119.30999755859375,106.49747467041016,2548400,0.0,0.0
2020-01-22,119.63999938964844,121.05000305175781,119.27999877929688,120.41999816894531,107.48828887939453,1654700,0.0,0.0
2020-01-23,120.41999816894531,121.06999969482422,118.8499984741211,120.86000061035156,107.88105010986328,2170200,0.0,0.0
2020-01-24,121.77999877929688,122.19999694824219,116.9000015258789,117.56999969482422,104.9443588256836,1972200,0.0,0.0
2020-01-27,114.6500015258789,114.9800033569336,112.19999694824219,112.20999908447266,100.15994262695312,2737800,0.0,0.0
2020-01-28,114.02999877929688,114.58999633789062,113.05000305175781,114.30999755859375,102.03441619873047,2670500,0.0,0.0
2020-01-29,114.30999755859375,114.47000122070312,112.5999984741211,113.2300033569336,101.0704116821289,3500900,0.0,0.0
2020-01-30,112.2300033569336,113.5,110.95999908447266,112.37000274658203,100.30278015136719,2761000,0.0,0.0
2020-01-31,111.66000366210938,111.72000122070312,109.19999694824219,109.75,97.9641342163086,3245400,0.0,0.0
2020-02-03,110.69999694824219,111.61000061035156,109.55000305175781,110.0,98.18726348876953,2134800,0.0,0.0
2020-02-04,112.26000213623047,113.37999725341797,111.62000274658203,112.45999908447266,100.3830795288086,2249800,0.0,0.0
2020-02-05,115.08000183105469,117.05999755859375,114.11000061035156,116.68000030517578,104.14990234375,2192400,0.0,0.0
2020-02-06,116.94000244140625,117.19000244140625,115.3499984741211,115.79000091552734,103.35550689697266,1398100,0.0,0.0
2020-02-07,115.0,115.13999938964844,112.11000061035156,112.2699966430664,100.2135009765625,1663800,0.0,0.0
2020-02-10,110.91000366210938,112.9000015258789,110.44999694824219,112.9000015258789,100.7758560180664,1813900,0.0,0.0
2020-02-11,113.44999694824219,117.7699966430664,113.44999694824219,116.87999725341797,104.32843017578125,2765500,0.0,0.0
2020-02-12,117.41000366210938,119.05000305175781,117.29000091552734,118.80999755859375,106.05120086669922,1856000,0.0,0.0
2020-02-13,118.2300033569336,119.04000091552734,116.94999694824219,118.87999725341797,106.11365509033203,2391100,0.0,0.0
2020-02-14,119.05000305175781,119.37000274658203,116.69999694824219,117.6500015258789,105.01575469970703,1869000,0.0,0.0
2020-02-18,116.2300033569336,118.88999938964844,116.06999969482422,118.56999969482422,105.83695220947266,3074300,0.0,0.0
2020-02-19,125.05999755859375,127.30000305175781,122.38999938964844,123.88999938964844,110.58565521240234,4598900,0.0,0.0
2020-02-20,124.4000015258789,125.56999969482422,122.37000274658203,124.55000305175781,111.1747817993164,3062400,0.0,0.0
2020-02-21,122.91999816894531,123.97000122070312,120.80999755859375,122.76000213623047,109.57701110839844,2813700,0.0,0.0
2020-02-24,119.33999633789062,119.69000244140625,116.97000122070312,117.36000061035156,104.75688934326172,3041400,0.0,0.0
2020-02-25,118.54000091552734,118.77999877929688,113.37999725341797,114.66000366210938,102.34685516357422,3251400,0.0,0.0
2020-02-26,115.9800033569336,117.38999938964844,114.29000091552734,114.83999633789062,102.50750732421875,2896600,0.0,0.0
2020-02-27,111.81999969482422,113.70999908447266,107.56999969482422,107.72000122070312,96.67405700683594,3541300,0.62,0.0
2020-02-28,103.95999908447266,110.05999755859375,103.5,109.05000305175781,97.86766052246094,6033200,0.0,0.0
2020-03-02,110.08999633789062,111.44000244140625,107.23999786376953,111.2699966430664,99.86001586914062,3979400,0.0,0.0
2020-03-03,110.12999725341797,113.19000244140625,106.56999969482422,107.19999694824219,96.20735168457031,3416000,0.0,0.0
2020-03-04,109.0,112.54000091552734,106.68000030517578,112.45999908447266,100.92798614501953,2181000,0.0,0.0
2020-03-05,109.02999877929688,112.06999969482422,107.91999816894531,108.87000274658203,97.70610809326172,2197200,0.0,0.0
2020-03-06,105.0,107.45999908447266,104.51000213623047,107.0,96.02788543701172,3801200,0.0,0.0
2020-03-09,99.61000061035156,103.61000061035156,97.11000061035156,97.51000213623047,87.51102447509766,4936400,0.0,0.0
2020-03-10,100.12999725341797,102.54000091552734,96.12000274658203,102.44000244140625,91.93545532226562,4355300,0.0,0.0
2020-03-11,99.4800033569336,100.6500015258789,93.95999908447266,94.41000366210938,84.7288818359375,4167900,0.0,0.0
2020-03-12,89.79000091552734,95.36000061035156,87.25,90.01000213623047,80.78008270263672,8483800,0.0,0.0
2020-03-13,94.87999725341797,100.45999908447266,89.36000061035156,99.79000091552734,89.55720520019531,6399300,0.0,0.0
2020-03-16,89.83999633789062,92.86000061035156,83.0199966430664,83.20999908447266,74.67736053466797,7287000,0.0,0.0
2020-03-17,86.13999938964844,96.9000015258789,82.31999969482422,95.44000244140625,85.65328979492188,5555700,0.0,0.0
2020-03-18,87.44000244140625,92.48999786376953,79.08000183105469,82.2300033569336,73.79786682128906,5725800,0.0,0.0
2020-03-19,82.44000244140625,91.69999694824219,79.44000244140625,90.31999969482422,81.05831146240234,4465000,0.0,0.0
2020-03-20,92.41000366210938,93.37000274658203,84.87999725341797,85.08000183105469,76.35562896728516,4567500,0.0,0.0
2020-03-23,85.77999877929688,87.51000213623047,80.51000213623047,85.16000366210938,76.42740631103516,4063700,0.0,0.0
2020-03-24,89.77999877929688,94.0,87.44000244140625,93.7300033569336,84.11861419677734,3651400,0.0,0.0
2020-03-25,92.66000366210938,97.44000244140625,89.73999786376953,94.36000061035156,84.68400573730469,3859600,0.0,0.0
2020-03-26,94.52999877929688,96.5,90.86000061035156,92.62000274658203,83.1224365234375,5063600,0.0,0.0
2020-03-27,89.26000213623047,92.62999725341797,88.26000213623047,88.66999816894531,79.5774917602539,3009900,0.0,0.0
2020-03-30,89.54000091552734,91.47000122070312,87.5999984741211,90.97000122070312,81.64166259765625,3268200,0.0,0.0
2020-03-31,90.55999755859375,92.2699966430664,89.18000030517578,89.6500015258789,80.45699310302734,3432100,0.0,0.0
2020-04-01,86.04000091552734,88.11000061035156,83.66999816894531,84.08999633789062,75.46712493896484,3231900,0.0,0.0
2020-04-02,83.12999725341797,88.2699966430664,82.9000015258789,87.69999694824219,78.70697021484375,3638200,0.0,0.0
2020-04-03,87.38999938964844,88.80000305175781,85.33999633789062,86.55999755859375,77.68383026123047,2253800,0.0,0.0
2020-04-06,90.13999938964844,96.30000305175781,89.91999816894531,95.80000305175781,85.97637176513672,3673600,0.0,0.0
2020-04-07,99.0199966430664,100.91999816894531,95.8499984741211,96.25,86.38021850585938,3814800,0.0,0.0
2020-04-08,97.22000122070312,101.55999755859375,95.75,101.4000015258789,91.00211334228516,3001300,0.0,0.0
2020-04-09,101.33999633789062,103.56999969482422,97.87000274658203,98.79000091552734,88.65975952148438,2806200,0.0,0.0
2020-04-13,97.5199966430664,100.22000122070312,97.33000183105469,99.66999816894531,89.44949340820312,2348300,0.0,0.0
2020-04-14,101.80000305175781,103.30000305175781,100.06999969482422,103.0199966430664,92.45600128173828,3177900,0.0,0.0
2020-04-15,100.7300033569336,101.16000366210938,98.2699966430664,100.44999694824219,90.14952087402344,1884100,0.0,0.0
2020-04-16,101.5199966430664,102.33999633789062,99.11000061035156,101.83000183105469,91.38802337646484,2621700,0.0,0.0
2020-04-17,103.95999908447266,104.7300033569336,101.38999938964844,102.80000305175781,92.2585678100586,1917000,0.0,0.0
2020-04-20,102.16000366210938,103.02999877929688,100.0,100.91000366210938,90.5623779296875,1498300,0.0,0.0
2020-04-21,98.05999755859375,99.06999969482422,96.05000305175781,96.47000122070312,86.57765197753906,4028000,0.0,0.0
2020-04-22,99.93000030517578,102.72000122070312,99.26000213623047,102.12000274658203,91.6482925415039,3170600,0.0,0.0
2020-04-23,102.08000183105469,103.94000244140625,101.12000274658203,101.80999755859375,91.37005615234375,2585200,0.0,0.0
2020-04-24,101.61000061035156,106.43000030517578,101.61000061035156,105.91999816894531,95.0586166381836,2899900,0.0,0.0
2020-04-27,106.61000061035156,108.55999755859375,106.22000122070312,108.02999877929688,96.9522705078125,1848900,0.0,0.0
2020-04-28,110.93000030517578,111.80000305175781,107.48999786376953,107.61000061035156,96.57533264160156,1648700,0.0,0.0
2020-04-29,109.33999633789062,114.05999755859375,109.19999694824219,113.33999633789062,101.71774291992188,2544300,0.0,0.0
2020-04-30,111.44999694824219,113.0,109.3499984741211,109.5999984741211,98.36127471923828,2455900,0.0,0.0
2020-05-01,106.37000274658203,107.29000091552734,103.2300033569336,103.63999938964844,93.01242065429688,2782100,0.0,0.0
2020-05-04,103.12999725341797,103.83999633789062,100.98999786376953,103.4000015258789,92.79703521728516,2550500,0.0,0.0
2020-05-05,105.73999786376953,107.30000305175781,105.13999938964844,105.94000244140625,95.0765609741211,1818400,0.0,0.0
2020-05-06,106.83000183105469,107.69999694824219,104.80000305175781,105.25,94.45731353759766,1328700,0.0,0.0
2020-05-07,106.95999908447266,107.73999786376953,105.83000183105469,106.3499984741211,95.44451904296875,1159000,0.0,0.0
2020-05-08,107.12000274658203,109.87000274658203,106.5,109.83000183105469,98.56768035888672,1286200,0.0,0.0
2020-05-11,108.04000091552734,109.44000244140625,107.25,108.41999816894531,97.30225372314453,1436600,0.0,0.0
2020-05-12,109.37999725341797,110.66000366210938,106.44999694824219,106.5999984741211,95.66889953613281,2018400,0.0,0.0
2020-05-13,106.51000213623047,107.37999725341797,102.36000061035156,103.80000305175781,93.15601348876953,2470100,0.0,0.0
2020-05-14,103.51000213623047,105.56999969482422,100.45999908447266,105.48999786376953,94.67272186279297,2053000,0.0,0.0
2020-05-15,103.05000305175781,103.55999755859375,100.08999633789062,101.80000305175781,91.36112976074219,4237500,0.0,0.0
2020-05-18,105.08000183105469,109.16000366210938,104.56999969482422,108.33999633789062,97.23046112060547,2536200,0.0,0.0
2020-05-19,107.80999755859375,110.37999725341797,106.11000061035156,106.33000183105469,95.42657470703125,3591500,0.0,0.0
2020-05-20,111.69000244140625,115.56999969482422,110.86000061035156,114.56999969482422,102.82162475585938,4753400,0.0,0.0
2020-05-21,113.41999816894531,114.23999786376953,110.0999984741211,111.01000213623047,99.6266860961914,3021000,0.0,0.0
2020-05-22,110.76000213623047,111.80000305175781,109.5199966430664,111.05999755859375,99.67153930664062,1764900,0.0,0.0
2020-05-26,113.87000274658203,115.23999786376953,112.55000305175781,112.69999694824219,101.14336395263672,2112200,0.0,0.0
2020-05-27,113.81999969482422,115.38999938964844,111.62999725341797,114.68000030517578,102.92035675048828,1825600,0.0,0.0
2020-05-28,114.16999816894531,114.36000061035156,110.45999908447266,110.95999908447266,100.12308502197266,2274200,0.62,0.0
2020-05-29,111.30999755859375,113.30999755859375,110.41000366210938,112.94999694824219,101.91874694824219,2913300,0.0,0.0
2020-06-01,112.37000274658203,113.44000244140625,111.33000183105469,112.77999877929688,101.7653579711914,1209500,0.0,0.0
2020-06-02,113.0,116.87000274658203,112.44000244140625,116.80000305175781,105.39276123046875,3112600,0.0,0.0
2020-06-03,118.8499984741211,122.87000274658203,118.38999938964844,121.62000274658203,109.74198913574219,3762300,0.0,0.0
2020-06-04,119.87000274658203,122.86000061035156,119.87000274658203,122.37999725341797,110.42776489257812,1653200,0.0,0.0
2020-06-05,124.8499984741211,127.38999938964844,123.95999908447266,124.58999633789062,112.42190551757812,3549800,0.0,0.0
2020-06-08,125.0,125.3499984741211,122.83000183105469,123.70999908447266,111.62787628173828,1809800,0.0,0.0
2020-06-09,122.05000305175781,124.36000061035156,121.56999969482422,123.38999938964844,111.33914184570312,2471500,0.0,0.0
2020-06-10,124.19000244140625,124.58000183105469,121.98999786376953,122.87999725341797,110.87895965576172,1892700,0.0,0.0
2020-06-11,120.95999908447266,121.18000030517578,115.43000030517578,115.6500015258789,104.35503387451172,3210500,0.0,0.0
2020-06-12,119.51000213623047,119.69999694824219,115.5,118.41000366210938,106.84549713134766,3138700,0.0,0.0
2020-06-15,116.1500015258789,118.66999816894531,115.06999969482422,118.5,106.92671203613281,1695500,0.0,0.0
2020-06-16,123.62999725341797,124.3499984741211,120.19999694824219,122.69000244140625,110.70750427246094,2706300,0.0,0.0
2020-06-17,122.58999633789062,123.73999786376953,121.8499984741211,122.52999877929688,110.56310272216797,1478900,0.0,0.0
2020-06-18,122.36000061035156,123.47000122070312,121.98999786376953,122.80999755859375,110.8157730102539,1248700,0.0,0.0
2020-06-19,124.38999938964844,124.38999938964844,119.94000244140625,120.18000030517578,108.44264221191406,4495800,0.0,0.0
2020-06-22,120.0199966430664,120.7300033569336,118.3499984741211,120.5,108.73136901855469,2034600,0.0,0.0
2020-06-23,122.5,124.51000213623047,120.97000122070312,123.25,111.21281433105469,2693900,0.0,0.0
2020-06-24,122.37999725341797,122.61000061035156,118.62999725341797,119.47000122070312,107.80196380615234,2102900,0.0,0.0
2020-06-25,119.81999969482422,120.30000305175781,117.61000061035156,120.0999984741211,108.37045288085938,1809100,0.0,0.0
2020-06-26,119.87000274658203,120.0199966430664,117.13999938964844,117.87000274658203,106.35822296142578,2264100,0.0,0.0
2020-06-29,118.91000366210938,119.30999755859375,117.11000061035156,119.0,107.37786865234375,1406200,0.0,0.0
2020-06-30,119.5199966430664,123.19999694824219,119.01000213623047,122.63999938964844,110.66236877441406,2400500,0.0,0.0
2020-07-01,122.29000091552734,122.41999816894531,120.30000305175781,120.37000274658203,108.61408233642578,1587300,0.0,0.0
2020-07-02,122.41000366210938,122.80999755859375,120.73999786376953,121.23999786376953,109.39911651611328,1624100,0.0,0.0
2020-07-06,122.95999908447266,124.51000213623047,122.87999725341797,123.62000274658203,111.54668426513672,1273300,0.0,0.0
2020-07-07,121.69000244140625,124.36000061035156,121.54000091552734,122.62000274658203,110.64431762695312,1920300,0.0,0.0
2020-07-08,123.06999969482422,123.5999984741211,120.98999786376953,122.86000061035156,110.86090087890625,1818900,0.0,0.0
2020-07-09,122.47000122070312,125.04000091552734,121.04000091552734,124.19000244140625,112.06098175048828,1840900,0.0,0.0
2020-07-10,124.41000366210938,125.08000183105469,122.80999755859375,124.5,112.3407211303711,1769000,0.0,0.0
2020-07-13,121.7300033569336,122.93000030517578,116.45999908447266,117.25,105.79879760742188,14320000,0.0,0.0
2020-07-14,116.19000244140625,118.27999877929688,113.80999755859375,118.01000213623047,106.48458099365234,6274100,0.0,0.0
2020-07-15,119.26000213623047,119.36000061035156,116.95999908447266,117.9000015258789,106.38530731201172,4159200,0.0,0.0
2020-07-16,116.72000122070312,116.9000015258789,114.91000366210938,115.9800033569336,104.65283203125,4183100,0.0,0.0
2020-07-17,116.45999908447266,117.16999816894531,115.76000213623047,116.75,105.34762573242188,2709200,0.0,0.0
2020-07-20,117.04000091552734,117.8499984741211,115.54000091552734,117.05999755859375,105.6273422241211,3532200,0.0,0.0
2020-07-21,117.29000091552734,117.48999786376953,113.88999938964844,114.58000183105469,103.38954162597656,5033300,0.0,0.0
2020-07-22,114.63999938964844,115.01000213623047,113.05000305175781,113.87999725341797,102.75794219970703,4271300,0.0,0.0
2020-07-23,113.55999755859375,113.98999786376953,110.47000122070312,111.94000244140625,101.00739288330078,4216300,0.0,0.0
2020-07-24,110.98999786376953,113.97000122070312,110.83999633789062,112.20999908447266,101.25102233886719,3736100,0.0,0.0
2020-07-27,113.12000274658203,116.08000183105469,112.91000366210938,115.80000305175781,104.49040222167969,3977500,0.0,0.0
2020-07-28,114.7699966430664,115.98999786376953,113.7699966430664,115.43000030517578,104.15653991699219,4393700,0.0,0.0
2020-07-29,115.95999908447266,117.76000213623047,115.61000061035156,117.52999877929688,106.05142974853516,3944200,0.0,0.0
2020-07-30,114.73999786376953,116.55999755859375,114.16999816894531,116.30000305175781,104.94156646728516,3164100,0.0,0.0
2020-07-31,116.52999877929688,116.52999877929688,113.37000274658203,114.8499984741211,103.63317108154297,3293300,0.0,0.0
2020-08-03,115.87000274658203,116.80999755859375,115.11000061035156,116.56999969482422,105.18521118164062,3068200,0.0,0.0
2020-08-04,116.37000274658203,118.04000091552734,116.12000274658203,117.18000030517578,105.73562622070312,3310000,0.0,0.0
2020-08-05,116.58000183105469,116.73999786376953,114.93000030517578,116.16999816894531,104.82427215576172,3115000,0.0,0.0
2020-08-06,116.11000061035156,117.1500015258789,115.06999969482422,116.73999786376953,105.33858489990234,2299200,0.0,0.0
2020-08-07,116.87000274658203,117.30000305175781,115.5199966430664,116.31999969482422,104.9596176147461,2110800,0.0,0.0
2020-08-10,116.23999786376953,117.30999755859375,115.45999908447266,116.76000213623047,105.35665130615234,3412000,0.0,0.0
2020-08-11,117.31999969482422,119.43000030517578,116.33000183105469,116.55999755859375,105.17617797851562,4316100,0.0,0.0
2020-08-12,117.19999694824219,119.56999969482422,116.75,119.22000122070312,107.57638549804688,3601900,0.0,0.0
2020-08-13,118.25,119.13999938964844,117.55000305175781,118.11000061035156,106.57479858398438,2894300,0.0,0.0
2020-08-14,118.56999969482422,119.05999755859375,117.06999969482422,117.18000030517578,105.73562622070312,2079800,0.0,0.0
2020-08-17,118.43000030517578,118.5,117.25,117.44000244140625,105.97021484375,2592400,0.0,0.0
2020-08-18,118.01000213623047,118.69000244140625,117.19000244140625,117.87999725341797,106.36726379394531,5718000,0.0,0.0
2020-08-19,118.5,119.47000122070312,117.51000213623047,118.1500015258789,106.61089324951172,4722400,0.0,0.0
2020-08-20,117.72000122070312,118.5,116.63999938964844,117.44999694824219,105.979248046875,2866800,0.0,0.0
2020-08-21,117.06999969482422,117.2300033569336,115.73999786376953,116.0199966430664,104.68891906738281,3055900,0.0,0.0
2020-08-24,117.20999908447266,117.54000091552734,116.22000122070312,117.2300033569336,105.78076171875,2292200,0.0,0.0
2020-08-25,117.4000015258789,120.0,117.4000015258789,119.9000015258789,108.18998718261719,3007000,0.0,0.0
2020-08-26,119.91000366210938,121.25,118.9800033569336,120.51000213623047,108.74040985107422,3462600,0.0,0.0
2020-08-27,120.94999694824219,120.97000122070312,117.94999694824219,119.04000091552734,107.9694595336914,3055400,0.62,0.0
2020-08-28,119.12999725341797,119.62000274658203,118.29000091552734,119.58000183105469,108.45921325683594,2123100,0.0,0.0
2020-08-31,118.75,118.9800033569336,116.80000305175781,116.87999725341797,106.01031494140625,2948000,0.0,0.0
2020-09-01,117.79000091552734,118.87000274658203,116.86000061035156,118.76000213623047,107.71548461914062,2787000,0.0,0.0
2020-09-02,119.12999725341797,122.5199966430664,118.75,121.83000183105469,110.49999237060547,5158000,0.0,0.0
2020-09-03,121.3499984741211,121.36000061035156,116.76000213623047,117.12000274658203,106.22801971435547,5880300,0.0,0.0
2020-09-04,117.11000061035156,118.38999938964844,114.25,117.44000244140625,106.51822662353516,3766400,0.0,0.0
2020-09-08,114.38999938964844,116.23999786376953,112.80000305175781,112.93000030517578,102.42765045166016,5379100,0.0,0.0
2020-09-09,114.95999908447266,116.25,114.20999908447266,115.45999908447266,104.72238159179688,3698400,0.0,0.0
2020-09-10,115.80999755859375,116.8499984741211,113.66999816894531,114.2699966430664,103.64303588867188,2403800,0.0,0.0
2020-09-11,115.12000274658203,115.79000091552734,112.5,113.80000305175781,103.21676635742188,2361900,0.0,0.0
2020-09-14,115.77999877929688,115.77999877929688,113.69000244140625,114.62000274658203,103.96050262451172,2350500,0.0,0.0
2020-09-15,115.5199966430664,116.9800033569336,115.1500015258789,116.05999755859375,105.2666015625,2237300,0.0,0.0
2020-09-16,117.01000213623047,117.7300033569336,115.44000244140625,115.55999755859375,104.81307220458984,2476800,0.0,0.0
2020-09-17,112.80999755859375,115.62999725341797,112.5999984741211,115.48999786376953,104.74958801269531,2537800,0.0,0.0
2020-09-18,116.04000091552734,116.30000305175781,114.08999633789062,114.91000366210938,104.22354888916016,5849900,0.0,0.0
2020-09-21,112.97000122070312,114.04000091552734,111.87999725341797,113.93000030517578,103.33465576171875,3282100,0.0,0.0
2020-09-22,114.13999938964844,114.75,112.91000366210938,114.69999694824219,104.03306579589844,2220100,0.0,0.0
2020-09-23,114.88999938964844,115.62999725341797,112.18000030517578,112.5,102.03765106201172,3149800,0.0,0.0
2020-09-24,111.98999786376953,114.31999969482422,111.45999908447266,112.68000030517578,102.20091247558594,2255500,0.0,0.0
2020-09-25,111.7699966430664,113.66000366210938,110.66000366210938,113.4800033569336,102.92652893066406,2293600,0.0,0.0
2020-09-28,115.31999969482422,117.06999969482422,114.7699966430664,117.05999755859375,106.173583984375,2071500,0.0,0.0
2020-09-29,115.98999786376953,117.94000244140625,115.83999633789062,116.6500015258789,105.80171203613281,2293900,0.0,0.0
2020-09-30,116.70999908447266,118.25,116.20999908447266,116.73999786376953,105.88333892822266,3185100,0.0,0.0
2020-10-01,118.9800033569336,119.63999938964844,117.37000274658203,118.98999786376953,107.9240951538086,3092800,0.0,0.0
2020-10-02,116.5,117.94999694824219,114.0,114.01000213623047,103.4072265625,3172700,0.0,0.0
2020-10-05,115.36000061035156,116.69000244140625,114.97000122070312,116.5999984741211,105.75636291503906,4414000,0.0,0.0
2020-10-06,115.95999908447266,118.93000030517578,115.02999877929688,115.54000091552734,104.79492950439453,3773000,0.0,0.0
2020-10-07,117.0999984741211,118.9800033569336,115.79000091552734,118.66999816894531,107.63384246826172,4256000,0.0,0.0
2020-10-08,119.93000030517578,121.0999984741211,119.29000091552734,120.33999633789062,109.14855194091797,3992900,0.0,0.0
2020-10-09,122.33000183105469,124.41000366210938,121.76000213623047,123.33000183105469,111.8604736328125,3984700,0.0,0.0
2020-10-12,124.72000122070312,126.31999969482422,124.01000213623047,126.11000061035156,114.38195037841797,3053000,0.0,0.0
2020-10-13,126.3499984741211,126.48999786376953,123.31999969482422,123.58999633789062,112.09632110595703,2439600,0.0,0.0
2020-10-14,123.70999908447266,124.19000244140625,122.48999786376953,123.04000091552734,111.59745788574219,1494900,0.0,0.0
2020-10-15,121.44000244140625,124.55999755859375,120.9000015258789,123.9800033569336,112.45003509521484,2033100,0.0,0.0
2020-10-16,124.75,125.81999969482422,123.54000091552734,123.63999938964844,112.14163970947266,2232500,0.0,0.0
2020-10-19,124.62000274658203,125.26000213623047,122.33000183105469,122.61000061035156,111.20745086669922,2390800,0.0,0.0
2020-10-20,122.95999908447266,124.5199966430664,122.48999786376953,123.62000274658203,112.12353515625,2898400,0.0,0.0
2020-10-21,124.08000183105469,125.80999755859375,123.0,124.76000213623047,113.1574935913086,3992800,0.0,0.0
2020-10-22,124.55999755859375,125.13999938964844,122.91999816894531,124.75,113.14842987060547,2070400,0.0,0.0
2020-10-23,125.22000122070312,125.6500015258789,123.44999694824219,124.19999694824219,112.64957427978516,2304100,0.0,0.0
2020-10-26,123.37999725341797,123.6500015258789,119.80999755859375,121.12999725341797,109.86508178710938,2186200,0.0,0.0
2020-10-27,121.58999633789062,122.19999694824219,120.2300033569336,120.29000091552734,109.10320281982422,2475100,0.0,0.0
2020-10-28,118.9000015258789,119.54000091552734,116.19999694824219,116.47000122070312,105.63845825195312,3387200,0.0,0.0
2020-10-29,116.2300033569336,119.44999694824219,115.63999938964844,118.4800033569336,107.46151733398438,2680200,0.0,0.0
2020-10-30,117.30999755859375,118.66000366210938,116.33000183105469,118.52999877929688,107.50686645507812,3099200,0.0,0.0
2020-11-02,120.13999938964844,120.13999938964844,117.62000274658203,118.4800033569336,107.46151733398438,2445300,0.0,0.0
2020-11-03,119.5,121.30999755859375,119.2699966430664,119.75,108.6134033203125,2549900,0.0,0.0
2020-11-04,122.38999938964844,126.37999725341797,121.0199966430664,125.94000244140625,114.22776794433594,3765300,0.0,0.0
2020-11-05,127.44999694824219,130.9499969482422,126.86000061035156,130.39999389648438,118.27297973632812,3752900,0.0,0.0
2020-11-06,130.97999572753906,133.77999877929688,130.0,133.5,121.08467864990234,3814600,0.0,0.0
2020-11-09,138.55999755859375,140.3800048828125,135.6999969482422,135.82000732421875,123.18895721435547,5150800,0.0,0.0
2020-11-10,135.0,136.86000061035156,133.89999389648438,134.77999877929688,122.2456283569336,4742600,0.0,0.0
2020-11-11,135.55999755859375,138.63999938964844,135.55999755859375,137.3800048828125,124.60389709472656,2515200,0.0,0.0
2020-11-12,137.35000610351562,137.69000244140625,134.38999938964844,135.47999572753906,122.88055419921875,2013500,0.0,0.0
2020-11-13,137.42999267578125,137.92999267578125,135.67999267578125,136.27000427246094,123.59709930419922,2220300,0.0,0.0
2020-11-16,137.77999877929688,140.1699981689453,136.80999755859375,138.00999450683594,125.1752700805664,3433200,0.0,0.0
2020-11-17,136.99000549316406,137.4600067138672,135.14999389648438,135.8699951171875,123.2342758178711,2978000,0.0,0.0
2020-11-18,135.9499969482422,136.50999450683594,132.97000122070312,133.22999572753906,120.83976745605469,2359100,0.0,0.0
2020-11-19,131.66000366210938,136.22999572753906,131.5,136.1699981689453,123.50638580322266,2473900,0.0,0.0
2020-11-20,136.6199951171875,136.91000366210938,134.67999267578125,134.8800048828125,122.33635711669922,2295000,0.0,0.0
2020-11-23,135.27999877929688,137.33999633789062,135.17999267578125,137.07000732421875,124.32270050048828,2881900,0.0,0.0
2020-11-24,137.69000244140625,137.9199981689453,132.83999633789062,136.88999938964844,124.15940856933594,4677800,0.0,0.0
2020-11-25,136.61000061035156,137.9499969482422,134.9600067138672,135.9499969482422,123.30681610107422,2040200,0.0,0.0
2020-11-27,138.1199951171875,138.5500030517578,137.24000549316406,137.75,124.93943786621094,1305700,0.0,0.0
2020-11-30,137.64999389648438,139.32000732421875,137.10000610351562,139.0800018310547,126.14576721191406,3010400,0.0,0.0
2020-12-01,140.0,141.91000366210938,138.80999755859375,140.72999572753906,127.64229583740234,3161000,0.0,0.0
2020-12-02,140.7100067138672,141.63999938964844,140.07000732421875,140.66000366210938,127.57882690429688,2193000,0.0,0.0
2020-12-03,140.5800018310547,141.4199981689453,139.3300018310547,139.75,127.31465148925781,1734100,0.62,0.0
2020-12-04,139.75,144.13999938964844,139.2100067138672,143.97000122070312,131.15908813476562,3349100,0.0,0.0
2020-12-07,144.67999267578125,144.67999267578125,142.5,143.7100067138672,130.92225646972656,1734400,0.0,0.0
2020-12-08,143.25,146.30999755859375,143.2100067138672,146.1300048828125,133.12692260742188,2837400,0.0,0.0
2020-12-09,145.39999389648438,146.30999755859375,140.91000366210938,141.77999877929688,129.1639862060547,3019500,0.0,0.0
2020-12-10,140.57000732421875,142.6699981689453,140.13999938964844,141.27999877929688,128.70849609375,2704300,0.0,0.0
2020-12-11,140.0399932861328,142.05999755859375,139.49000549316406,141.14999389648438,128.59005737304688,3216000,0.0,0.0
2020-12-14,142.05999755859375,143.92999267578125,141.66000366210938,142.3300018310547,129.66500854492188,2214400,0.0,0.0
2020-12-15,145.25999450683594,145.25999450683594,143.49000549316406,144.05999755859375,131.2410888671875,2554500,0.0,0.0
2020-12-16,144.75999450683594,144.75999450683594,141.57000732421875,142.8000030517578,130.0932159423828,1583100,0.0,0.0
2020-12-17,143.5500030517578,143.8699951171875,142.61000061035156,143.77999877929688,130.98599243164062,2354200,0.0,0.0
2020-12-18,144.3800048828125,145.0,143.44000244140625,144.55999755859375,131.6966094970703,4230700,0.0,0.0
2020-12-21,141.72999572753906,143.38999938964844,141.30999755859375,142.58999633789062,129.9019317626953,1827200,0.0,0.0
2020-12-22,142.72999572753906,144.67999267578125,142.6699981689453,144.27999877929688,131.4415283203125,2161600,0.0,0.0
2020-12-23,144.8000030517578,145.6199951171875,143.0800018310547,143.22000122070312,130.475830078125,2200900,0.0,0.0
2020-12-24,144.11000061035156,144.47999572753906,143.00999450683594,144.47000122070312,131.61460876464844,466400,0.0,0.0
2020-12-28,146.41000366210938,147.47999572753906,144.44000244140625,144.67999267578125,131.80592346191406,1630800,0.0,0.0
2020-12-29,145.17999267578125,145.24000549316406,142.74000549316406,143.66000366210938,130.87667846679688,1130900,0.0,0.0
2020-12-30,144.64999389648438,146.61000061035156,144.5,146.17999267578125,133.1724853515625,1138800,0.0,0.0
2020-12-31,146.5,147.8300018310547,145.6999969482422,147.72999572753906,134.58453369140625,1626800,0.0,0.0
2021-01-04,148.4499969482422,150.5399932861328,144.6199951171875,146.02000427246094,133.0266876220703,2496600,0.0,0.0
2021-01-05,145.77000427246094,148.6699981689453,145.13999938964844,148.6300048828125,135.4044647216797,1513700,0.0,0.0
2021-01-06,147.72999572753906,152.2899932861328,147.11000061035156,149.3000030517578,136.01483154296875,2498200,0.0,0.0
2021-01-07,151.8300018310547,156.2100067138672,151.13999938964844,155.61000061035156,141.76333618164062,2661100,0.0,0.0
2021-01-08,156.02000427246094,159.80999755859375,155.82000732421875,156.74000549316406,142.7927703857422,4204900,0.0,0.0
2021-01-11,156.1300048828125,159.1999969482422,155.00999450683594,158.3000030517578,144.2139892578125,2609400,0.0,0.0
2021-01-12,157.00999450683594,159.33999633789062,156.52000427246094,159.08999633789062,144.9336700439453,2573800,0.0,0.0
2021-01-13,160.0,161.77999877929688,158.14999389648438,158.47999572753906,144.37796020507812,2622900,0.0,0.0
2021-01-14,159.17999267578125,160.82000732421875,159.17999267578125,159.4600067138672,145.27078247070312,2028100,0.0,0.0
2021-01-15,158.02999877929688,159.05999755859375,155.52999877929688,157.75,143.71292114257812,2338000,0.0,0.0
2021-01-19,158.4600067138672,160.97000122070312,158.3000030517578,160.5399932861328,146.254638671875,2992100,0.0,0.0
2021-01-20,161.42999267578125,162.97999572753906,159.5800018310547,159.8300018310547,145.60781860351562,2296100,0.0,0.0
2021-01-21,160.61000061035156,160.92999267578125,157.55999755859375,159.2899932861328,145.11585998535156,2469500,0.0,0.0
2021-01-22,157.72999572753906,158.94000244140625,155.4199981689453,155.5800018310547,141.73599243164062,3147200,0.0,0.0
2021-01-25,157.0,157.2899932861328,152.49000549316406,153.72000122070312,140.04153442382812,3697100,0.0,0.0
2021-01-26,153.92999267578125,155.52999877929688,152.02999877929688,154.94000244140625,141.15293884277344,2329100,0.0,0.0
2021-01-27,151.08999633789062,152.82000732421875,146.75,147.47999572753906,134.3567657470703,5644400,0.0,0.0
2021-01-28,150.3699951171875,151.86000061035156,148.4499969482422,149.2100067138672,135.9328155517578,4352000,0.0,0.0
2021-01-29,148.5800018310547,149.52999877929688,146.64999389648438,147.3300018310547,134.22010803222656,3512700,0.0,0.0
2021-02-01,148.33999633789062,152.25999450683594,147.32000732421875,151.8800048828125,138.36524963378906,2958500,0.0,0.0
2021-02-02,153.02000427246094,154.25,150.99000549316406,151.8699951171875,138.35614013671875,2536500,0.0,0.0
2021-02-03,152.0,152.41000366210938,147.4600067138672,147.5800018310547,134.44789123535156,2703600,0.0,0.0
2021-02-04,147.8300018310547,150.64999389648438,147.0,150.52000427246094,137.1262664794922,2027600,0.0,0.0
2021-02-05,151.72000122070312,151.92999267578125,148.61000061035156,148.75999450683594,135.52288818359375,2169300,0.0,0.0
2021-02-08,150.16000366210938,153.3000030517578,148.75999450683594,153.1999969482422,139.5677947998047,2295700,0.0,0.0
2021-02-09,152.6999969482422,153.50999450683594,151.72999572753906,152.85000610351562,139.24896240234375,1689300,0.0,0.0
2021-02-10,154.6999969482422,154.7899932861328,151.60000610351562,153.22999572753906,139.59515380859375,1761800,0.0,0.0
2021-02-11,154.61000061035156,159.00999450683594,154.61000061035156,158.8000030517578,144.6695098876953,2981500,0.0,0.0
2021-02-12,158.99000549316406,161.39999389648438,157.91000366210938,160.77999877929688,146.4732666015625,2387900,0.0,0.0
2021-02-16,162.85000610351562,163.9499969482422,160.36000061035156,160.49000549316406,146.20909118652344,3172400,0.0,0.0
2021-02-17,157.14999389648438,162.11000061035156,155.0,159.75,145.5349578857422,3815900,0.0,0.0
2021-02-18,157.94000244140625,158.77000427246094,155.66000366210938,158.08999633789062,144.02267456054688,3807700,0.0,0.0
2021-02-19,160.6300048828125,164.39999389648438,160.0,163.8000030517578,149.22459411621094,2944000,0.0,0.0
2021-02-22,162.30999755859375,163.41000366210938,158.47000122070312,159.24000549316406,145.07032775878906,3510200,0.0,0.0
2021-02-23,157.36000061035156,158.6699981689453,153.30999755859375,157.6999969482422,143.6673583984375,3022200,0.0,0.0
2021-02-24,156.52000427246094,161.9199981689453,155.16000366210938,161.75999450683594,147.36611938476562,2748700,0.0,0.0
2021-02-25,158.6999969482422,160.14999389648438,153.2899932861328,153.67999267578125,140.60484313964844,3282600,0.69,0.0
2021-02-26,156.55999755859375,157.75,152.25999450683594,155.82000732421875,142.56280517578125,5574200,0.0,0.0
2021-03-01,157.0800018310547,158.77999877929688,155.02999877929688,158.58999633789062,145.09710693359375,3385500,0.0,0.0
2021-03-02,159.41000366210938,159.41000366210938,154.02999877929688,154.2899932861328,141.16294860839844,3016500,0.0,0.0
2021-03-03,153.1699981689453,155.0,149.52000427246094,149.94000244140625,137.18304443359375,2665700,0.0,0.0
2021-03-04,149.19000244140625,149.58999633789062,142.25,144.52000427246094,132.2241973876953,4870000,0.0,0.0
2021-03-05,149.0,149.6199951171875,143.38999938964844,148.8800048828125,136.21324157714844,4040100,0.0,0.0
2021-03-08,147.77000427246094,149.55999755859375,143.77000427246094,144.05999755859375,131.80335998535156,3996300,0.0,0.0
2021-03-09,148.72999572753906,151.11000061035156,148.1699981689453,149.42999267578125,136.71641540527344,5203400,0.0,0.0
2021-03-10,151.3300018310547,151.52000427246094,147.08999633789062,147.11000061035156,134.5938262939453,3137300,0.0,0.0
2021-03-11,150.35000610351562,152.1199951171875,149.99000549316406,151.02999877929688,138.18031311035156,4462100,0.0,0.0
2021-03-12,148.60000610351562,149.8300018310547,147.5500030517578,149.5399932861328,136.81707763671875,3658500,0.0,0.0
2021-03-15,149.6199951171875,151.11000061035156,147.9600067138672,151.0,138.15289306640625,2113200,0.0,0.0
2021-03-16,152.33999633789062,154.50999450683594,151.94000244140625,153.0800018310547,140.05587768554688,2324600,0.0,0.0
2021-03-17,150.4199981689453,154.8699951171875,150.07000732421875,154.16000366210938,141.04400634765625,2852800,0.0,0.0
2021-03-18,151.35000610351562,153.27999877929688,149.27999877929688,149.4499969482422,136.73475646972656,3853400,0.0,0.0
2021-03-19,149.39999389648438,153.2100067138672,147.74000549316406,151.91000366210938,138.9854278564453,4624900,0.0,0.0
2021-03-22,153.22000122070312,156.32000732421875,153.22000122070312,154.5,141.35507202148438,3321600,0.0,0.0
2021-03-23,154.58999633789062,154.97000122070312,149.6300048828125,150.49000549316406,137.6862030029297,2505200,0.0,0.0
2021-03-24,152.33999633789062,153.97000122070312,150.1999969482422,150.44000244140625,137.64051818847656,2792800,0.0,0.0
2021-03-25,148.44000244140625,150.91000366210938,146.50999450683594,149.89999389648438,137.14642333984375,2725300,0.0,0.0
2021-03-26,148.4199981689453,157.3699951171875,148.0,157.11000061035156,143.74302673339844,3686200,0.0,0.0
2021-03-29,155.02999877929688,156.2100067138672,152.02000427246094,153.85000610351562,140.7603759765625,2779000,0.0,0.0
2021-03-30,152.14999389648438,153.42999267578125,151.5,152.61000061035156,139.62588500976562,2114000,0.0,0.0
2021-03-31,154.22000122070312,156.11000061035156,153.61000061035156,155.0800018310547,141.8857421875,3457000,0.0,0.0
2021-04-01,157.3800048828125,160.49000549316406,156.8800048828125,160.3800048828125,146.73484802246094,3345800,0.0,0.0
2021-04-05,162.16000366210938,163.89999389648438,160.60000610351562,163.49000549316406,149.58021545410156,2628400,0.0,0.0
2021-04-06,162.3000030517578,163.08999633789062,159.75999450683594,161.7100067138672,147.95167541503906,2422100,0.0,0.0
2021-04-07,161.67999267578125,161.97999572753906,158.6300048828125,159.4499969482422,145.8839111328125,2062700,0.0,0.0
2021-04-08,161.6199951171875,162.22999572753906,159.5,162.1199951171875,148.32679748535156,2599500,0.0,0.0
2021-04-09,160.8000030517578,161.97000122070312,160.1699981689453,161.24000549316406,147.52163696289062,2250400,0.0,0.0
2021-04-12,160.63999938964844,160.88999938964844,158.9600067138672,159.72999572753906,146.14010620117188,2026700,0.0,0.0
2021-04-13,160.5500030517578,160.9499969482422,157.36000061035156,159.16000366210938,145.6186065673828,1704600,0.0,0.0
2021-04-14,157.7100067138672,160.6300048828125,157.64999389648438,158.4600067138672,144.97817993164062,1596400,0.0,0.0
2021-04-15,160.0,161.32000732421875,158.69000244140625,160.7100067138672,147.03677368164062,1816000,0.0,0.0
2021-04-16,160.99000549316406,161.3300018310547,159.13999938964844,159.50999450683594,145.93885803222656,1861900,0.0,0.0
2021-04-19,158.47999572753906,159.0,155.6999969482422,156.91000366210938,143.56002807617188,3405000,0.0,0.0
2021-04-20,154.89999389648438,156.25999450683594,153.57000732421875,154.47000122070312,141.32765197753906,2339700,0.0,0.0
2021-04-21,155.49000549316406,158.33999633789062,154.1199951171875,158.2899932861328,144.82264709472656,2713100,0.0,0.0
2021-04-22,157.27000427246094,158.1300048828125,154.91000366210938,155.3699951171875,142.15106201171875,2487900,0.0,0.0
2021-04-23,156.6999969482422,159.97000122070312,156.11000061035156,159.02000427246094,145.4905242919922,3415500,0.0,0.0
2021-04-26,158.6300048828125,161.89999389648438,158.27000427246094,160.63999938964844,146.97268676757812,2705500,0.0,0.0
2021-04-27,161.33999633789062,161.9199981689453,159.47000122070312,159.5500030517578,145.97543334960938,3232400,0.0,0.0
2021-04-28,158.5,158.75999450683594,155.0399932861328,156.05999755859375,142.78236389160156,3304600,0.0,0.0
2021-04-29,156.5399932861328,158.11000061035156,154.00999450683594,158.00999450683594,144.5664520263672,5833000,0.0,0.0
2021-04-30,155.5399932861328,156.30999755859375,152.57000732421875,153.16000366210938,140.12908935546875,4035000,0.0,0.0
2021-05-03,154.0,154.17999267578125,150.6999969482422,151.32000732421875,138.44561767578125,3265500,0.0,0.0
2021-05-04,150.0,152.0,148.5500030517578,151.91000366210938,138.9854278564453,3849600,0.0,0.0
2021-05-05,153.27999877929688,155.22000122070312,152.3000030517578,153.92999267578125,140.8335723876953,4415400,0.0,0.0
2021-05-06,153.99000549316406,156.47999572753906,152.86000061035156,155.4199981689453,142.19683837890625,4775100,0.0,0.0
2021-05-07,156.6699981689453,158.35000610351562,156.02000427246094,157.25999450683594,143.88023376464844,2706500,0.0,0.0
2021-05-10,156.8300018310547,157.1699981689453,150.75999450683594,150.7899932861328,137.9607391357422,4132300,0.0,0.0
2021-05-11,148.33999633789062,152.08999633789062,147.85000610351562,150.83999633789062,138.00648498535156,4643100,0.0,0.0
2021-05-12,147.39999389648438,149.00999450683594,145.64999389648438,146.0500030517578,133.6240234375,4733000,0.0,0.0
2021-05-13,147.61000061035156,149.3300018310547,145.6199951171875,146.6300048828125,134.1546630859375,4053200,0.0,0.0
2021-05-14,147.99000549316406,150.77000427246094,146.6300048828125,149.61000061035156,136.88113403320312,4852100,0.0,0.0
2021-05-17,148.3699951171875,148.82000732421875,145.8300018310547,148.10000610351562,135.49960327148438,5079800,0.0,0.0
2021-05-18,149.61000061035156,149.7899932861328,145.80999755859375,145.88999938964844,133.4776611328125,4223000,0.0,0.0
2021-05-19,145.7899932861328,153.3300018310547,144.07000732421875,153.1199951171875,140.09249877929688,7065800,0.0,0.0
2021-05-20,155.3699951171875,161.1999969482422,154.8699951171875,159.47000122070312,145.90219116210938,5986500,0.0,0.0
2021-05-21,159.69000244140625,160.77000427246094,158.97999572753906,159.36000061035156,145.8015594482422,3526700,0.0,0.0
2021-05-24,160.99000549316406,162.99000549316406,160.72999572753906,162.50999450683594,148.68357849121094,3434600,0.0,0.0
2021-05-25,164.30999755859375,165.1699981689453,162.69000244140625,163.72000122070312,149.79061889648438,3327300,0.0,0.0
2021-05-26,163.72000122070312,165.16000366210938,162.6699981689453,163.8800048828125,149.93699645996094,4016300,0.0,0.0
2021-05-27,163.19000244140625,165.35000610351562,162.94000244140625,163.2100067138672,149.95541381835938,3469200,0.69,0.0
2021-05-28,163.72999572753906,165.6199951171875,163.0800018310547,164.60000610351562,151.2324981689453,2750200,0.0,0.0
2021-06-01,163.75999450683594,166.32000732421875,162.1699981689453,163.69000244140625,150.39642333984375,2981800,0.0,0.0
2021-06-02,163.86000061035156,165.32000732421875,163.36000061035156,164.5,151.140625,2071800,0.0,0.0
2021-06-03,161.63999938964844,163.72999572753906,161.02000427246094,162.07000732421875,148.9080047607422,2553700,0.0,0.0
2021-06-04,162.38999938964844,166.14999389648438,162.38999938964844,165.5800018310547,152.1329345703125,2443000,0.0,0.0
2021-06-07,164.66000366210938,165.57000732421875,164.00999450683594,164.47999572753906,151.1222381591797,1999200,0.0,0.0
2021-06-08,166.50999450683594,166.50999450683594,163.24000549316406,164.91000366210938,151.5173797607422,2437100,0.0,0.0
2021-06-09,165.4199981689453,166.91000366210938,164.94000244140625,166.3699951171875,152.85879516601562,3245400,0.0,0.0
2021-06-10,167.19000244140625,167.8699951171875,164.69000244140625,167.33999633789062,153.75001525878906,2905800,0.0,0.0
2021-06-11,167.69000244140625,167.74000549316406,166.44000244140625,167.60000610351562,153.9888916015625,2383300,0.0,0.0
2021-06-14,167.77000427246094,168.44000244140625,165.77999877929688,168.44000244140625,154.7606658935547,2755500,0.0,0.0
2021-06-15,168.42999267578125,168.92999267578125,167.08999633789062,167.6199951171875,154.00726318359375,2377800,0.0,0.0
2021-06-16,168.05999755859375,168.6300048828125,164.4499969482422,166.02000427246094,152.5372314453125,2360900,0.0,0.0
2021-06-17,166.02000427246094,168.22000122070312,165.08999633789062,166.22000122070312,152.720947265625,2391500,0.0,0.0
2021-06-18,165.33999633789062,165.33999633789062,161.47000122070312,162.19000244140625,149.01824951171875,3936500,0.0,0.0
2021-06-21,162.57000732421875,164.30999755859375,162.17999267578125,164.14999389648438,150.819091796875,2973200,0.0,0.0
2021-06-22,163.5399932861328,164.1999969482422,162.42999267578125,163.6699981689453,150.37806701660156,2983800,0.0,0.0
2021-06-23,163.6300048828125,164.92999267578125,163.0,163.6300048828125,150.34130859375,2257000,0.0,0.0
2021-06-24,166.1999969482422,167.27000427246094,165.24000549316406,167.0399932861328,153.47433471679688,2059900,0.0,0.0
2021-06-25,167.52999877929688,169.47000122070312,167.07000732421875,167.66000366210938,154.0440673828125,2959500,0.0,0.0
2021-06-28,168.94000244140625,171.16000366210938,168.44000244140625,170.57000732421875,156.71768188476562,2265900,0.0,0.0
2021-06-29,170.27999877929688,171.83999633789062,169.89999389648438,171.39999389648438,157.48028564453125,2121400,0.0,0.0
2021-06-30,171.14999389648438,172.4499969482422,170.1999969482422,172.16000366210938,158.1785430908203,2954400,0.0,0.0
2021-07-01,172.02999877929688,172.08999633789062,168.88999938964844,169.1699981689453,155.43136596679688,2865100,0.0,0.0
2021-07-02,170.2899932861328,171.22999572753906,169.6300048828125,170.6699981689453,156.80960083007812,1563500,0.0,0.0
2021-07-06,171.52999877929688,171.52999877929688,166.75,168.32000732421875,154.650390625,2293400,0.0,0.0
2021-07-07,169.27000427246094,169.42999267578125,164.63999938964844,165.42999267578125,151.99508666992188,4204600,0.0,0.0
2021-07-08,162.30999755859375,164.3000030517578,160.17999267578125,163.91000366210938,150.59860229492188,3152500,0.0,0.0
2021-07-09,163.9600067138672,166.61000061035156,162.74000549316406,166.27000427246094,152.7669219970703,2346200,0.0,0.0
2021-07-12,166.52000427246094,167.6199951171875,165.6699981689453,167.5500030517578,153.9429473876953,2074000,0.0,0.0
2021-07-13,167.02000427246094,168.36000061035156,165.97999572753906,167.25999450683594,153.67648315429688,2127100,0.0,0.0
2021-07-14,168.6699981689453,170.0,165.8699951171875,166.16000366210938,152.66583251953125,2012800,0.0,0.0
2021-07-15,165.91000366210938,165.91000366210938,162.32000732421875,163.66000366210938,150.3688507080078,3505900,0.0,0.0
2021-07-16,163.99000549316406,164.75,160.25999450683594,160.44000244140625,147.41038513183594,2284100,0.0,0.0
2021-07-19,158.72000122070312,159.61000061035156,156.5500030517578,158.97999572753906,146.0689239501953,2772000,0.0,0.0
2021-07-20,159.33999633789062,161.80999755859375,157.9199981689453,160.91000366210938,147.84219360351562,2831100,0.0,0.0
2021-07-21,161.2899932861328,164.83999633789062,160.77999877929688,164.83999633789062,151.4530029296875,2076000,0.0,0.0
2021-07-22,162.25999450683594,163.02999877929688,160.8300018310547,162.02000427246094,148.86204528808594,3250900,0.0,0.0
2021-07-23,163.22999572753906,163.83999633789062,161.6699981689453,163.5500030517578,150.26780700683594,2178700,0.0,0.0
2021-07-26,161.27000427246094,164.33999633789062,161.27000427246094,163.89999389648438,150.58937072753906,1733600,0.0,0.0
2021-07-27,163.50999450683594,163.75,159.5399932861328,162.58999633789062,149.38575744628906,4077700,0.0,0.0
2021-07-28,163.32000732421875,164.64999389648438,162.83999633789062,164.0399932861328,150.71800231933594,3632400,0.0,0.0
2021-07-29,164.77999877929688,167.16000366210938,164.5399932861328,166.5399932861328,153.01499938964844,3164400,0.0,0.0
2021-07-30,165.5800018310547,168.1999969482422,165.13999938964844,167.4199981689453,153.82351684570312,2678800,0.0,0.0
2021-08-02,168.63999938964844,171.3300018310547,167.3699951171875,167.6199951171875,154.00726318359375,2822000,0.0,0.0
2021-08-03,168.3699951171875,169.02000427246094,165.58999633789062,168.67999267578125,154.98117065429688,3271200,0.0,0.0
2021-08-04,168.74000549316406,175.25,168.60000610351562,172.5800018310547,158.564453125,10201100,0.0,0.0
2021-08-05,173.55999755859375,173.77000427246094,168.8300018310547,169.92999267578125,156.1296844482422,3468300,0.0,0.0
2021-08-06,168.8300018310547,171.88999938964844,168.3699951171875,171.1300048828125,157.23219299316406,3164200,0.0,0.0
2021-08-09,171.05999755859375,172.52999877929688,169.38999938964844,171.30999755859375,157.39761352539062,2580800,0.0,0.0
2021-08-10,171.30999755859375,171.63999938964844,169.0,171.0,157.11279296875,1943800,0.0,0.0
2021-08-11,172.0399932861328,172.08999633789062,168.67999267578125,170.4600067138672,156.61660766601562,1946400,0.0,0.0
2021-08-12,169.5,169.7100067138672,166.55999755859375,168.5800018310547,154.88929748535156,2562100,0.0,0.0
2021-08-13,169.35000610351562,170.77000427246094,168.38999938964844,170.0800018310547,156.26747131347656,2040700,0.0,0.0
2021-08-16,169.6300048828125,171.55999755859375,169.47000122070312,171.07000732421875,157.1770782470703,2163200,0.0,0.0
2021-08-17,170.13999938964844,170.13999938964844,165.66000366210938,166.3000030517578,152.79449462890625,4593000,0.0,0.0
2021-08-18,164.89999389648438,168.0399932861328,161.2899932861328,165.77999877929688,152.3166961669922,5452700,0.0,0.0
2021-08-19,165.1199951171875,166.97000122070312,163.5500030517578,166.7899932861328,153.24462890625,3451100,0.0,0.0
2021-08-20,166.8699951171875,168.17999267578125,165.07000732421875,166.63999938964844,153.10684204101562,2913000,0.0,0.0
2021-08-23,170.24000549316406,172.8000030517578,166.05999755859375,169.6300048828125,155.85403442382812,13465500,0.0,0.0
2021-08-24,169.83999633789062,170.36000061035156,164.75,165.85000610351562,152.3809814453125,8137000,0.0,0.0
2021-08-25,166.11000061035156,167.92999267578125,163.0800018310547,164.0,150.68128967285156,19156400,0.0,0.0
2021-08-26,165.0,168.47999572753906,163.69000244140625,167.36000061035156,154.41807556152344,7306300,0.69,0.0
2021-08-27,167.3000030517578,169.80999755859375,166.1699981689453,166.47999572753906,153.60610961914062,9136200,0.0,0.0
2021-08-30,166.97000122070312,168.27000427246094,166.64999389648438,166.97999572753906,154.06744384765625,4901600,0.0,0.0
2021-08-31,166.14999389648438,166.52000427246094,161.33999633789062,162.9499969482422,150.34906005859375,9136300,0.0,0.0
2021-09-01,163.77000427246094,164.1999969482422,161.0399932861328,161.11000061035156,148.65135192871094,6513600,0.0,0.0
2021-09-02,162.1300048828125,162.94000244140625,161.22000122070312,162.6199951171875,150.0446014404297,4514700,0.0,0.0
2021-09-03,162.52000427246094,163.5,161.74000549316406,162.44000244140625,149.87850952148438,2385600,0.0,0.0
2021-09-07,162.66000366210938,163.74000549316406,162.14999389648438,163.27000427246094,150.6443634033203,5132100,0.0,0.0
2021-09-08,163.7100067138672,165.6699981689453,162.39999389648438,163.6699981689453,151.01341247558594,4620100,0.0,0.0
2021-09-09,163.27000427246094,170.1300048828125,163.27000427246094,168.80999755859375,155.75592041015625,7601800,0.0,0.0
2021-09-10,169.60000610351562,172.08999633789062,169.5500030517578,169.94000244140625,156.79856872558594,4280800,0.0,0.0
2021-09-13,171.58999633789062,173.13999938964844,170.3000030517578,172.80999755859375,159.44659423828125,7431700,0.0,0.0
2021-09-14,173.5399932861328,174.10000610351562,171.5399932861328,173.47000122070312,160.05555725097656,5335200,0.0,0.0
2021-09-15,173.94000244140625,174.4600067138672,172.0800018310547,174.0800018310547,160.618408203125,4498500,0.0,0.0
2021-09-16,172.42999267578125,174.4600067138672,172.42999267578125,173.2100067138672,159.81568908691406,4582700,0.0,0.0
2021-09-17,171.39999389648438,173.02000427246094,170.2899932861328,171.52000427246094,158.25634765625,13056400,0.0,0.0
2021-09-20,170.10000610351562,170.75999450683594,167.02999877929688,169.47999572753906,156.37413024902344,10189700,0.0,0.0
2021-09-21,170.82000732421875,171.63999938964844,168.24000549316406,170.57000732421875,157.3798370361328,4011300,0.0,0.0
2021-09-22,172.0,174.25999450683594,171.22999572753906,173.85000610351562,160.40621948242188,3484500,0.0,0.0
2021-09-23,174.5,177.7899932861328,174.14999389648438,177.22999572753906,163.52481079101562,3391900,0.0,0.0
2021-09-24,176.5500030517578,178.83999633789062,175.83999633789062,178.52999877929688,164.72427368164062,2393300,0.0,0.0
2021-09-27,177.27000427246094,178.1300048828125,175.60000610351562,176.91000366210938,163.22958374023438,4497200,0.0,0.0
2021-09-28,172.27999877929688,174.8800048828125,171.17999267578125,171.2899932861328,158.04417419433594,5494000,0.0,0.0
2021-09-29,170.5399932861328,171.8300018310547,168.1199951171875,168.83999633789062,155.7836456298828,3498400,0.0,0.0
2021-09-30,170.36000061035156,171.25999450683594,167.36000061035156,167.47999572753906,154.52880859375,4820600,0.0,0.0
2021-10-01,167.8300018310547,168.8800048828125,164.75999450683594,167.3699951171875,154.42726135253906,3549200,0.0,0.0
2021-10-04,166.74000549316406,167.6999969482422,163.64999389648438,164.25999450683594,151.5577850341797,5377500,0.0,0.0
2021-10-05,165.24000549316406,166.72999572753906,163.9600067138672,165.3699951171875,152.58197021484375,2899100,0.0,0.0
2021-10-06,163.77999877929688,166.27000427246094,163.13999938964844,166.0500030517578,153.20936584472656,2754000,0.0,0.0
2021-10-07,167.42999267578125,169.2899932861328,166.74000549316406,166.97999572753906,154.06744384765625,2174100,0.0,0.0
2021-10-08,168.47999572753906,168.9499969482422,166.67999267578125,168.6199951171875,155.5806121826172,3145900,0.0,0.0
2021-10-11,168.1199951171875,171.5399932861328,167.8000030517578,167.89999389648438,154.91632080078125,1964800,0.0,0.0
2021-10-12,168.50999450683594,169.57000732421875,163.82000732421875,164.02000427246094,151.33636474609375,3018000,0.0,0.0
2021-10-13,165.9600067138672,166.7100067138672,163.57000732421875,164.35000610351562,151.64083862304688,3416600,0.0,0.0
2021-10-14,166.52000427246094,168.60000610351562,166.1300048828125,168.1999969482422,155.19309997558594,5043100,0.0,0.0
2021-10-15,170.02999877929688,172.10000610351562,169.72000122070312,172.0399932861328,158.73614501953125,2887000,0.0,0.0
2021-10-18,170.3800048828125,173.66000366210938,169.72000122070312,173.3300018310547,159.92642211914062,2541500,0.0,0.0
2021-10-19,173.74000549316406,176.75,172.5500030517578,176.6300048828125,162.9712371826172,3336700,0.0,0.0
2021-10-20,176.91000366210938,177.86000061035156,175.9199981689453,176.9199981689453,163.23876953125,3025800,0.0,0.0
2021-10-21,176.66000366210938,179.0500030517578,176.13999938964844,178.80999755859375,164.9826202392578,2744000,0.0,0.0
2021-10-22,179.24000549316406,180.77000427246094,177.67999267578125,178.4199981689453,164.62277221679688,3074300,0.0,0.0
2021-10-25,178.5800018310547,181.10000610351562,178.4199981689453,180.52000427246094,166.56040954589844,2498200,0.0,0.0
2021-10-26,181.97000122070312,182.38999938964844,179.63999938964844,179.8800048828125,165.96987915039062,2209200,0.0,0.0
2021-10-27,174.11000061035156,175.0,170.0,170.4600067138672,157.2783203125,6263900,0.0,0.0
2021-10-28,172.25999450683594,174.35000610351562,171.52999877929688,172.4600067138672,159.12367248535156,2781100,0.0,0.0
2021-10-29,171.39999389648438,173.86000061035156,170.58999633789062,173.49000549316406,160.0740203857422,3137400,0.0,0.0
2021-11-01,173.17999267578125,175.25,172.91000366210938,174.99000549316406,161.45806884765625,2180700,0.0,0.0
2021-11-02,174.99000549316406,178.25,174.6999969482422,177.94000244140625,164.17990112304688,2405800,0.0,0.0
2021-11-03,177.4199981689453,179.27000427246094,175.8699951171875,178.8000030517578,164.9734649658203,1997700,0.0,0.0
2021-11-04,179.0,180.9600067138672,176.25,180.72999572753906,166.754150390625,5252700,0.0,0.0
2021-11-05,183.75,186.10000610351562,182.1999969482422,184.17999267578125,169.9373779296875,3415700,0.0,0.0
2021-11-08,183.47000122070312,185.94000244140625,183.36000061035156,184.4600067138672,170.19573974609375,2582300,0.0,0.0
2021-11-09,184.32000732421875,185.88999938964844,182.82000732421875,185.0,170.6939697265625,2508500,0.0,0.0
2021-11-10,183.0,185.5,180.0399932861328,180.86000061035156,166.8740997314453,2735500,0.0,0.0
2021-11-11,183.22999572753906,183.3699951171875,180.42999267578125,183.10000610351562,168.94091796875,1703300,0.0,0.0
2021-11-12,183.57000732421875,185.6999969482422,181.5500030517578,184.7899932861328,170.5001678466797,1847600,0.0,0.0
2021-11-15,185.72000122070312,185.72000122070312,183.74000549316406,185.05999755859375,170.7493133544922,1337200,0.0,0.0
2021-11-16,184.5800018310547,187.85000610351562,184.5,187.6699981689453,173.15750122070312,2126300,0.0,0.0
2021-11-17,188.02999877929688,188.10000610351562,185.5399932861328,187.0399932861328,172.5762176513672,2242300,0.0,0.0
2021-11-18,188.10000610351562,188.69000244140625,185.99000549316406,188.08999633789062,173.54501342773438,2091800,0.0,0.0
2021-11-19,188.08999633789062,190.0,187.72000122070312,188.8000030517578,174.20013427734375,3299800,0.0,0.0
2021-11-22,190.0,191.9499969482422,185.36000061035156,185.5,171.15528869628906,5228600,0.0,0.0
2021-11-23,186.25,188.0,180.22999572753906,182.4499969482422,168.34115600585938,4976400,0.0,0.0
2021-11-24,181.4499969482422,182.50999450683594,179.6699981689453,182.47000122070312,168.359619140625,2914800,0.0,0.0
2021-11-26,179.0,180.41000366210938,176.77999877929688,178.0,164.2352752685547,2539100,0.0,0.0
2021-11-29,180.5399932861328,183.69000244140625,178.4499969482422,183.1999969482422,169.0331573486328,4374800,0.0,0.0
2021-11-30,182.61000061035156,184.25999450683594,178.91000366210938,180.25,166.31129455566406,4561800,0.0,0.0
2021-12-01,182.27999877929688,188.1999969482422,180.64999389648438,180.83999633789062,166.85569763183594,4831300,0.0,0.0
2021-12-02,180.0,182.52999877929688,178.0,180.6300048828125,167.30023193359375,3795600,0.69,0.0
2021-12-03,182.97000122070312,183.9499969482422,178.7100067138672,180.7899932861328,167.4484100341797,2958600,0.0,0.0
2021-12-06,182.32000732421875,182.6699981689453,176.19000244140625,181.05999755859375,167.6985321044922,3938200,0.0,0.0
2021-12-07,183.6699981689453,187.69000244140625,183.58999633789062,186.63999938964844,172.86671447753906,4850000,0.0,0.0
2021-12-08,185.75999450683594,186.52000427246094,184.3300018310547,186.25999450683594,172.51473999023438,3167800,0.0,0.0
2021-12-09,184.92999267578125,187.66000366210938,183.47999572753906,183.67999267578125,170.1251678466797,3457800,0.0,0.0
2021-12-10,186.41000366210938,186.5,181.1300048828125,183.42999267578125,169.89358520507812,2570800,0.0,0.0
2021-12-13,183.4499969482422,184.66000366210938,178.22000122070312,178.47000122070312,165.2996368408203,4457700,0.0,0.0
2021-12-14,176.9499969482422,178.24000549316406,173.58999633789062,176.27999877929688,163.271240234375,3770900,0.0,0.0
2021-12-15,177.61000061035156,179.67999267578125,174.13999938964844,179.52999877929688,166.28143310546875,3598700,0.0,0.0
2021-12-16,180.14999389648438,180.8000030517578,172.16000366210938,172.60000610351562,159.8628387451172,4817300,0.0,0.0
2021-12-17,171.1199951171875,172.4199981689453,169.0399932861328,170.11000061035156,157.55654907226562,7659800,0.0,0.0
2021-12-20,166.83999633789062,169.1199951171875,166.35000610351562,168.32000732421875,155.898681640625,4087400,0.0,0.0
2021-12-21,170.1199951171875,172.33999633789062,168.92999267578125,172.0800018310547,159.3811798095703,3018100,0.0,0.0
2021-12-22,171.64999389648438,172.6199951171875,170.97999572753906,172.2899932861328,159.57569885253906,2025500,0.0,0.0
2021-12-23,172.8000030517578,174.44000244140625,172.57000732421875,172.66000366210938,159.9183807373047,2026200,0.0,0.0
2021-12-27,173.00999450683594,175.52999877929688,173.00999450683594,175.47000122070312,162.52102661132812,2134900,0.0,0.0
2021-12-28,176.4199981689453,176.7899932861328,174.02999877929688,174.3800048828125,161.51145935058594,1634800,0.0,0.0
2021-12-29,174.52999877929688,176.5500030517578,174.52999877929688,175.52000427246094,162.56735229492188,1685500,0.0,0.0
2021-12-30,176.0,176.9600067138672,174.47000122070312,174.77999877929688,161.8819122314453,1638600,0.0,0.0
2021-12-31,174.75,176.66000366210938,174.5800018310547,175.77000427246094,162.79888916015625,1917200,0.0,0.0
2022-01-03,175.1699981689453,177.60000610351562,174.75,177.14999389648438,164.0770263671875,2667500,0.0,0.0
2022-01-04,177.67999267578125,179.52000427246094,174.1199951171875,175.5500030517578,162.59510803222656,3889300,0.0,0.0
2022-01-05,175.32000732421875,177.17999267578125,172.72999572753906,172.83999633789062,160.0850830078125,3655200,0.0,0.0
2022-01-06,173.10000610351562,174.9600067138672,172.0399932861328,173.38999938964844,160.5945281982422,3584400,0.0,0.0
2022-01-07,173.10000610351562,173.75999450683594,166.0,168.83999633789062,156.38026428222656,6747500,0.0,0.0
2022-01-10,168.11000061035156,170.72999572753906,165.3800048828125,170.39999389648438,157.82516479492188,6017100,0.0,0.0
2022-01-11,168.77000427246094,174.02999877929688,168.4600067138672,173.6300048828125,160.81678771972656,3789300,0.0,0.0
2022-01-12,175.38999938964844,175.38999938964844,171.97000122070312,173.75,160.92794799804688,1993400,0.0,0.0
2022-01-13,175.61000061035156,176.27000427246094,169.24000549316406,169.77999877929688,157.25094604492188,3954000,0.0,0.0
2022-01-14,168.41000366210938,172.1199951171875,168.08999633789062,172.0,159.30706787109375,2869600,0.0,0.0
2022-01-18,168.69000244140625,170.1199951171875,166.1699981689453,166.5,154.21298217773438,4160300,0.0,0.0
2022-01-19,167.10000610351562,168.7899932861328,162.97000122070312,163.05999755859375,151.02682495117188,3736600,0.0,0.0
2022-01-20,163.82000732421875,164.75999450683594,158.60000610351562,158.6300048828125,146.92376708984375,4021300,0.0,0.0
2022-01-21,158.82000732421875,162.67999267578125,156.9600067138672,159.52000427246094,147.7481231689453,5547500,0.0,0.0
2022-01-24,159.00999450683594,161.72000122070312,151.47000122070312,161.44000244140625,149.5263671875,6665200,0.0,0.0
2022-01-25,157.38999938964844,159.58999633789062,155.4199981689453,155.77000427246094,144.27479553222656,4064200,0.0,0.0
2022-01-26,159.0,165.10000610351562,157.33999633789062,159.77000427246094,147.97962951660156,5850000,0.0,0.0
2022-01-27,162.60000610351562,163.75,154.0399932861328,154.58999633789062,143.18190002441406,4691100,0.0,0.0
2022-01-28,154.1199951171875,158.7100067138672,151.17999267578125,158.6300048828125,146.92376708984375,3839700,0.0,0.0
2022-01-31,158.32000732421875,164.22999572753906,157.2100067138672,163.97000122070312,151.8696746826172,4504800,0.0,0.0
2022-02-01,164.10000610351562,165.5,161.0500030517578,165.3699951171875,153.1663818359375,3038000,0.0,0.0
2022-02-02,165.42999267578125,169.42999267578125,164.89999389648438,168.91000366210938,156.44508361816406,2824500,0.0,0.0
2022-02-03,165.63999938964844,167.6199951171875,161.57000732421875,162.02000427246094,150.06358337402344,4452100,0.0,0.0
2022-02-04,160.14999389648438,162.3800048828125,156.77000427246094,161.02999877929688,149.14662170410156,5174400,0.0,0.0
2022-02-07,161.0800018310547,163.25,160.3000030517578,160.82000732421875,148.9521484375,2443300,0.0,0.0
2022-02-08,160.92999267578125,163.67999267578125,160.39999389648438,163.1300048828125,151.09169006347656,3173200,0.0,0.0
2022-02-09,165.3800048828125,168.33999633789062,163.47999572753906,168.2100067138672,155.7967987060547,3207900,0.0,0.0
2022-02-10,163.82000732421875,168.3300018310547,161.02999877929688,161.6699981689453,149.73941040039062,3462600,0.0,0.0
2022-02-11,161.9600067138672,163.27999877929688,153.0800018310547,153.89999389648438,142.54281616210938,5455500,0.0,0.0
2022-02-14,154.9199981689453,157.08999633789062,151.52000427246094,153.97999572753906,142.61691284179688,4501500,0.0,0.0
2022-02-15,157.27000427246094,162.33999633789062,157.10000610351562,162.0399932861328,150.0820770263672,4909600,0.0,0.0
2022-02-16,161.88999938964844,168.88999938964844,161.57000732421875,168.33999633789062,155.9171600341797,5825200,0.0,0.0
2022-02-17,166.1300048828125,166.27000427246094,160.3300018310547,160.42999267578125,148.59091186523438,4702700,0.0,0.0
2022-02-18,161.11000061035156,162.6999969482422,158.57000732421875,160.36000061035156,148.52609252929688,3921600,0.0,0.0
2022-02-22,158.89999389648438,162.8800048828125,158.2899932861328,160.8800048828125,149.00772094726562,4269500,0.0,0.0
2022-02-23,162.07000732421875,163.5,156.1699981689453,156.49000549316406,144.94168090820312,5087000,0.0,0.0
2022-02-24,154.3300018310547,160.0,152.02999877929688,159.7899932861328,148.72042846679688,4152200,0.76,0.0
2022-02-25,159.8800048828125,162.17999267578125,157.6699981689453,162.1199951171875,150.88897705078125,2741600,0.0,0.0
2022-02-28,161.3300018310547,161.3300018310547,157.24000549316406,160.2899932861328,149.18577575683594,3606900,0.0,0.0
2022-03-01,159.52999877929688,160.75,155.5500030517578,156.9499969482422,146.07713317871094,3761800,0.0,0.0
2022-03-02,157.47000122070312,161.52999877929688,157.11000061035156,159.82000732421875,148.7483367919922,2578700,0.0,0.0
2022-03-03,161.4600067138672,161.6999969482422,156.97000122070312,159.27999877929688,148.2457733154297,2656100,0.0,0.0
2022-03-04,157.67999267578125,159.27000427246094,155.75,156.85000610351562,145.98410034179688,2778600,0.0,0.0
2022-03-07,157.02000427246094,157.33999633789062,146.2100067138672,146.27999877929688,136.14630126953125,5701300,0.0,0.0
2022-03-08,146.02000427246094,152.77999877929688,143.85000610351562,148.52000427246094,138.23118591308594,4745200,0.0,0.0
2022-03-09,153.08999633789062,155.05999755859375,151.3000030517578,153.6199951171875,142.97784423828125,3046300,0.0,0.0
2022-03-10,150.85000610351562,151.7899932861328,147.85000610351562,150.55999755859375,140.1298065185547,4035700,0.0,0.0
2022-03-11,153.1999969482422,153.77999877929688,147.2899932861328,147.60000610351562,137.3748779296875,3964300,0.0,0.0
2022-03-14,147.52000427246094,148.83999633789062,143.80999755859375,145.6300048828125,135.54136657714844,3910500,0.0,0.0
2022-03-15,147.32000732421875,151.4600067138672,146.41000366210938,150.9199981689453,140.4648895263672,3309900,0.0,0.0
2022-03-16,153.08999633789062,158.75,152.52999877929688,158.57000732421875,147.5849151611328,4376200,0.0,0.0
2022-03-17,156.8699951171875,160.0500030517578,155.75999450683594,159.97999572753906,148.8972625732422,4272400,0.0,0.0
2022-03-18,158.55999755859375,163.94000244140625,157.08999633789062,163.4499969482422,152.12686157226562,9901900,0.0,0.0
2022-03-21,161.8000030517578,164.74000549316406,161.47000122070312,164.22000122070312,152.84353637695312,3258900,0.0,0.0
2022-03-22,163.7899932861328,166.49000549316406,163.4199981689453,164.77000427246094,153.35543823242188,2568300,0.0,0.0
2022-03-23,163.3800048828125,164.30999755859375,158.7899932861328,159.13999938964844,148.1154327392578,3409900,0.0,0.0
2022-03-24,160.82000732421875,165.05999755859375,159.86000061035156,164.9600067138672,153.53228759765625,3152200,0.0,0.0
2022-03-25,165.05999755859375,165.9199981689453,162.86000061035156,165.6300048828125,154.1558380126953,2236300,0.0,0.0
2022-03-28,164.17999267578125,167.4499969482422,163.35000610351562,167.25999450683594,155.6728973388672,2745200,0.0,0.0
2022-03-29,169.0500030517578,171.55999755859375,167.72999572753906,170.17999267578125,158.39065551757812,3127700,0.0,0.0
2022-03-30,168.77999877929688,170.0,165.77999877929688,166.47999572753906,154.94696044921875,2689100,0.0,0.0
2022-03-31,166.9600067138672,167.94000244140625,165.0800018310547,165.17999267578125,153.7370147705078,3881500,0.0,0.0
2022-04-01,166.5,167.13999938964844,162.85000610351562,165.36000061035156,153.90452575683594,2941000,0.0,0.0
2022-04-04,165.1699981689453,165.9499969482422,161.72000122070312,164.5,153.10414123535156,4159600,0.0,0.0
2022-04-05,162.50999450683594,163.50999450683594,155.8699951171875,159.97999572753906,148.8972625732422,7223600,0.0,0.0
2022-04-06,157.4199981689453,164.27999877929688,157.27000427246094,160.27999877929688,149.17648315429688,6036000,0.0,0.0
2022-04-07,159.27000427246094,162.91000366210938,159.13999938964844,161.25,150.0792694091797,3161800,0.0,0.0
2022-04-08,160.4600067138672,161.00999450683594,158.39999389648438,158.74000549316406,147.74314880371094,3025000,0.0,0.0
2022-04-11,157.6699981689453,158.08999633789062,154.69000244140625,154.88999938964844,144.1598663330078,3693700,0.0,0.0
2022-04-12,157.3300018310547,159.55999755859375,154.99000549316406,155.5,144.72760009765625,2580000,0.0,0.0
2022-04-13,156.72000122070312,158.9600067138672,155.2100067138672,158.1199951171875,147.16607666015625,2335200,0.0,0.0
2022-04-14,158.3699951171875,159.86000061035156,156.2899932861328,156.5,145.65830993652344,5228700,0.0,0.0
2022-04-18,156.27999877929688,161.25,156.1699981689453,160.33999633789062,149.23228454589844,2728500,0.0,0.0
2022-04-19,160.33999633789062,162.8000030517578,158.61000061035156,162.32000732421875,151.0751495361328,2674700,0.0,0.0
2022-04-20,164.4600067138672,165.55999755859375,160.5399932861328,161.3800048828125,150.20025634765625,2582400,0.0,0.0
2022-04-21,162.5,164.67999267578125,157.97000122070312,158.7100067138672,147.71522521972656,3555000,0.0,0.0
2022-04-22,157.97999572753906,159.6300048828125,155.1699981689453,155.25,144.49493408203125,2640400,0.0,0.0
2022-04-25,154.19000244140625,159.14999389648438,153.75999450683594,158.9199981689453,147.91065979003906,4487500,0.0,0.0
2022-04-26,156.92999267578125,157.32000732421875,152.74000549316406,152.80999755859375,142.22393798828125,3661200,0.0,0.0
2022-04-27,150.0,155.72999572753906,149.67999267578125,151.72000122070312,141.20948791503906,3077300,0.0,0.0
2022-04-28,154.1300048828125,162.27000427246094,153.72999572753906,160.4499969482422,149.33468627929688,4156000,0.0,0.0
2022-04-29,158.0399932861328,159.72000122070312,154.24000549316406,154.3800048828125,143.68521118164062,4835800,0.0,0.0
2022-05-02,155.33999633789062,158.5399932861328,152.7899932861328,158.14999389648438,147.1940155029297,2865900,0.0,0.0
2022-05-03,157.8800048828125,159.7100067138672,156.50999450683594,158.8699951171875,147.86415100097656,2441900,0.0,0.0
2022-05-04,158.67999267578125,164.9199981689453,154.25999450683594,164.77000427246094,153.35543823242188,3940400,0.0,0.0
2022-05-05,162.02000427246094,163.3699951171875,156.50999450683594,158.24000549316406,147.27780151367188,3961500,0.0,0.0
2022-05-06,156.5500030517578,158.77000427246094,154.35000610351562,156.1300048828125,145.31394958496094,2710400,0.0,0.0
2022-05-09,154.1999969482422,156.02999877929688,151.77999877929688,152.25,141.7027587890625,4123100,0.0,0.0
2022-05-10,155.94000244140625,158.50999450683594,152.64999389648438,155.22000122070312,144.4669952392578,3157800,0.0,0.0
2022-05-11,153.42999267578125,157.30999755859375,151.75,151.99000549316406,141.46080017089844,3861700,0.0,0.0
2022-05-12,151.0399932861328,153.67999267578125,149.97000122070312,152.88999938964844,142.29840087890625,3117700,0.0,0.0
2022-05-13,155.0399932861328,159.6999969482422,153.8800048828125,158.74000549316406,147.74314880371094,4783200,0.0,0.0
2022-05-16,157.22999572753906,159.17999267578125,155.5800018310547,157.44000244140625,146.533203125,2328400,0.0,0.0
2022-05-17,160.99000549316406,164.3800048828125,160.6199951171875,163.83999633789062,152.4898223876953,4952200,0.0,0.0
2022-05-18,166.3300018310547,166.3300018310547,159.24000549316406,159.9199981689453,148.8414306640625,5684400,0.0,0.0
2022-05-19,160.85000610351562,164.1699981689453,159.0800018310547,160.94000244140625,149.79074096679688,3812600,0.0,0.0
2022-05-20,163.60000610351562,165.16000366210938,156.72000122070312,162.44000244140625,151.1868133544922,3977400,0.0,0.0
2022-05-23,161.6199951171875,163.5,159.8800048828125,161.5500030517578,150.3584747314453,2291100,0.0,0.0
2022-05-24,159.8800048828125,163.25,158.80999755859375,161.85000610351562,150.6376953125,3172000,0.0,0.0
2022-05-25,160.47000122070312,163.24000549316406,159.33999633789062,162.32000732421875,151.0751495361328,2500300,0.0,0.0
2022-05-26,162.36000061035156,165.88999938964844,161.41000366210938,164.0,152.63873291015625,3820100,0.0,0.0
2022-05-27,165.49000549316406,168.16000366210938,164.1699981689453,167.5500030517578,156.66885375976562,4942300,0.76,0.0
2022-05-31,166.89999389648438,169.58999633789062,163.58999633789062,168.39999389648438,157.46363830566406,5102500,0.0,0.0
2022-06-01,169.17999267578125,169.30999755859375,163.32000732421875,164.77000427246094,154.0694122314453,3283600,0.0,0.0
2022-06-02,164.50999450683594,169.41000366210938,163.67999267578125,169.24000549316406,158.24913024902344,2637700,0.0,0.0
2022-06-03,166.58999633789062,166.97999572753906,164.80999755859375,165.24000549316406,154.5088653564453,2539100,0.0,0.0
2022-06-06,167.35000610351562,168.8300018310547,164.55999755859375,165.27000427246094,154.53692626953125,2273800,0.0,0.0
2022-06-07,163.74000549316406,167.33999633789062,162.83999633789062,166.9499969482422,156.10780334472656,2108000,0.0,0.0
2022-06-08,165.86000061035156,167.9600067138672,163.92999267578125,165.00999450683594,154.29379272460938,2928800,0.0,0.0
2022-06-09,163.99000549316406,167.02999877929688,161.50999450683594,161.61000061035156,151.1146240234375,3144800,0.0,0.0
2022-06-10,158.35000610351562,160.17999267578125,156.80999755859375,156.9199981689453,146.72918701171875,3369800,0.0,0.0
2022-06-13,153.22999572753906,154.42999267578125,147.3300018310547,147.77000427246094,138.17343139648438,5861600,0.0,0.0
2022-06-14,149.2100067138672,150.13999938964844,146.0500030517578,147.1699981689453,137.61239624023438,2765000,0.0,0.0
2022-06-15,149.1699981689453,152.47000122070312,146.72999572753906,150.0800018310547,140.33338928222656,3263200,0.0,0.0
2022-06-16,146.36000061035156,146.36000061035156,141.69000244140625,143.4600067138672,134.1433563232422,4722800,0.0,0.0
2022-06-17,144.02000427246094,145.5,141.7899932861328,144.6300048828125,135.23733520507812,6723900,0.0,0.0
2022-06-21,147.3300018310547,150.2899932861328,147.2899932861328,148.35000610351562,138.71575927734375,3085600,0.0,0.0
2022-06-22,146.9499969482422,148.97999572753906,145.86000061035156,147.64999389648438,138.0612030029297,3720400,0.0,0.0
2022-06-23,149.02000427246094,149.2100067138672,143.94000244140625,145.5399932861328,136.08822631835938,2946000,0.0,0.0
2022-06-24,147.58999633789062,150.0500030517578,147.1999969482422,149.69000244140625,139.96873474121094,5108900,0.0,0.0
2022-06-27,151.10000610351562,152.3300018310547,149.5399932861328,150.58999633789062,140.81027221679688,2048300,0.0,0.0
2022-06-28,151.41000366210938,153.16000366210938,148.3699951171875,148.49000549316406,138.84669494628906,2786500,0.0,0.0
2022-06-29,146.91000366210938,147.50999450683594,144.75,147.27000427246094,137.7058868408203,2586600,0.0,0.0
2022-06-30,145.4499969482422,149.22000122070312,143.3000030517578,146.08999633789062,136.6025390625,4158000,0.0,0.0
2022-07-01,143.94000244140625,145.10000610351562,140.52000427246094,142.91000366210938,133.62904357910156,3175000,0.0,0.0
2022-07-05,139.89999389648438,143.1699981689453,138.5,143.07000732421875,133.7786102294922,3792500,0.0,0.0
2022-07-06,143.63999938964844,145.91000366210938,142.02999877929688,144.6999969482422,135.30276489257812,2708600,0.0,0.0
2022-07-07,147.7100067138672,149.67999267578125,147.24000549316406,148.57000732421875,138.9214630126953,2742600,0.0,0.0
2022-07-08,147.39999389648438,150.5399932861328,145.72000122070312,149.94000244140625,140.20249938964844,1997900,0.0,0.0
2022-07-11,148.17999267578125,149.25999450683594,146.25999450683594,147.55999755859375,137.97703552246094,2684900,0.0,0.0
2022-07-12,148.4600067138672,150.17999267578125,147.39999389648438,148.0500030517578,138.4352264404297,2305800,0.0,0.0
2022-07-13,145.49000549316406,149.97000122070312,145.19000244140625,149.19000244140625,139.5011749267578,2306900,0.0,0.0
2022-07-14,148.75,154.16000366210938,147.22000122070312,153.30999755859375,143.35365295410156,3794000,0.0,0.0
2022-07-15,153.83999633789062,158.27999877929688,153.3300018310547,157.97000122070312,147.7110137939453,3736600,0.0,0.0
2022-07-18,158.83999633789062,159.38999938964844,154.3699951171875,155.25,145.16766357421875,2930000,0.0,0.0
2022-07-19,156.92999267578125,162.0,156.8300018310547,161.4499969482422,150.9650115966797,3582000,0.0,0.0
2022-07-20,159.64999389648438,163.72000122070312,158.75999450683594,163.1199951171875,152.52655029296875,3126000,0.0,0.0
2022-07-21,164.3800048828125,165.24000549316406,162.27999877929688,165.19000244140625,154.46212768554688,2990800,0.0,0.0
2022-07-22,165.66000366210938,165.66000366210938,162.30999755859375,163.27000427246094,152.66680908203125,2944900,0.0,0.0
2022-07-25,162.9499969482422,163.14999389648438,160.27000427246094,163.0399932861328,152.4517364501953,3085800,0.0,0.0
2022-07-26,163.5500030517578,164.27000427246094,161.25999450683594,161.77999877929688,151.27354431152344,3151300,0.0,0.0
2022-07-27,163.25999450683594,169.6300048828125,163.25999450683594,168.3300018310547,157.398193359375,4672500,0.0,0.0
2022-07-28,168.7100067138672,170.9499969482422,167.3000030517578,169.6699981689453,158.6511688232422,3880200,0.0,0.0
2022-07-29,168.39999389648438,172.72000122070312,167.7100067138672,171.9600067138672,160.79244995117188,4744400,0.0,0.0
2022-08-01,170.7100067138672,172.3699951171875,169.44000244140625,171.4600067138672,160.32492065429688,2277100,0.0,0.0
2022-08-02,170.27999877929688,172.52999877929688,169.61000061035156,170.77000427246094,159.67974853515625,2179600,0.0,0.0
2022-08-03,171.0,176.97999572753906,171.0,176.36000061035156,164.90672302246094,2766400,0.0,0.0
2022-08-04,176.3699951171875,177.9499969482422,175.13999938964844,176.9600067138672,165.4677276611328,2395100,0.0,0.0
2022-08-05,174.75,177.52000427246094,174.10000610351562,177.25,165.73890686035156,2495300,0.0,0.0
2022-08-08,176.22000122070312,177.75,173.77999877929688,175.86000061035156,164.43917846679688,2308600,0.0,0.0
2022-08-09,173.41000366210938,173.88999938964844,169.0399932861328,170.3699951171875,159.30572509765625,3717700,0.0,0.0
2022-08-10,173.72000122070312,175.3000030517578,171.22000122070312,175.0800018310547,163.7098388671875,3213500,0.0,0.0
2022-08-11,176.16000366210938,178.27999877929688,174.22999572753906,174.5500030517578,163.21424865722656,2709900,0.0,0.0
2022-08-12,175.22999572753906,179.75999450683594,175.22999572753906,179.25999450683594,167.6183624267578,3198300,0.0,0.0
2022-08-15,178.41000366210938,180.00999450683594,177.42999267578125,179.88999938964844,168.20745849609375,2798500,0.0,0.0
2022-08-16,179.32000732421875,179.72999572753906,176.80999755859375,179.0399932861328,167.4126739501953,3138200,0.0,0.0
2022-08-17,174.0,174.02000427246094,167.10000610351562,170.1300048828125,159.081298828125,6158600,0.0,0.0
2022-08-18,167.72999572753906,172.47999572753906,165.94000244140625,170.1300048828125,159.081298828125,4513300,0.0,0.0
2022-08-19,168.42999267578125,168.89999389648438,167.02000427246094,168.0,157.08963012695312,3396500,0.0,0.0
2022-08-22,165.16000366210938,166.27999877929688,162.92999267578125,163.83999633789062,153.19976806640625,3731100,0.0,0.0
2022-08-23,163.47999572753906,166.2899932861328,163.47999572753906,164.41000366210938,153.73277282714844,2128300,0.0,0.0
2022-08-24,163.80999755859375,164.85000610351562,162.24000549316406,163.64999389648438,153.0220947265625,3253100,0.0,0.0
2022-08-25,164.2899932861328,167.25,164.17999267578125,167.07000732421875,156.22003173828125,2981700,0.0,0.0
2022-08-26,166.83999633789062,167.47999572753906,158.50999450683594,158.6699981689453,148.3655242919922,4238300,0.0,0.0
2022-08-29,156.82000732421875,157.85000610351562,154.1699981689453,155.19000244140625,145.8099365234375,3353300,0.76,0.0
2022-08-30,156.1300048828125,156.25999450683594,151.52000427246094,152.72999572753906,143.49862670898438,3670100,0.0,0.0
2022-08-31,153.4600067138672,153.4600067138672,150.33999633789062,151.52999877929688,142.37118530273438,3535300,0.0,0.0
2022-09-01,148.99000549316406,151.0399932861328,146.5399932861328,150.69000244140625,141.58193969726562,3783900,0.0,0.0
2022-09-02,151.66000366210938,153.25,147.85000610351562,148.6300048828125,139.64646911621094,2787500,0.0,0.0
2022-09-06,148.61000061035156,150.07000732421875,146.52999877929688,148.22999572753906,139.27061462402344,2480300,0.0,0.0
2022-09-07,149.5800018310547,151.80999755859375,148.22000122070312,150.6999969482422,141.59132385253906,2496600,0.0,0.0
2022-09-08,149.5800018310547,152.83999633789062,148.85000610351562,152.1300048828125,142.9348907470703,2457600,0.0,0.0
2022-09-09,152.49000549316406,155.1999969482422,152.49000549316406,154.17999267578125,144.8610076904297,2620300,0.0,0.0
2022-09-12,155.44000244140625,155.85000610351562,153.69000244140625,155.64999389648438,146.24217224121094,3866800,0.0,0.0
2022-09-13,151.0,152.1999969482422,147.8000030517578,148.25,139.28939819335938,4202100,0.0,0.0
2022-09-14,149.52000427246094,151.2899932861328,147.99000549316406,150.25,141.1685333251953,2272900,0.0,0.0
2022-09-15,149.6999969482422,150.75999450683594,146.99000549316406,147.8699951171875,138.932373046875,3142400,0.0,0.0
2022-09-16,146.72999572753906,149.47999572753906,145.1699981689453,149.30999755859375,140.2853546142578,4592400,0.0,0.0
2022-09-19,148.07000732421875,150.38999938964844,147.8699951171875,149.61000061035156,140.56724548339844,2398200,0.0,0.0
2022-09-20,148.6999969482422,150.50999450683594,148.25999450683594,149.77999877929688,140.72691345214844,2574300,0.0,0.0
2022-09-21,149.9600067138672,154.0,148.33999633789062,148.44000244140625,139.46792602539062,3315600,0.0,0.0
2022-09-22,147.99000549316406,148.3300018310547,144.1999969482422,145.33999633789062,136.5552978515625,3355700,0.0,0.0
2022-09-23,143.80999755859375,144.3800048828125,140.08999633789062,141.9199981689453,133.3419952392578,4839300,0.0,0.0
2022-09-26,142.6699981689453,143.74000549316406,140.6199951171875,140.82000732421875,132.3085174560547,4502400,0.0,0.0
2022-09-27,142.69000244140625,143.92999267578125,139.8699951171875,141.80999755859375,133.23866271972656,2964300,0.0,0.0
2022-09-28,140.85000610351562,145.35000610351562,139.9199981689453,144.5800018310547,135.84124755859375,3307000,0.0,0.0
2022-09-29,142.89999389648438,142.89999389648438,139.9199981689453,141.99000549316406,133.4077911376953,3453500,0.0,0.0
2022-09-30,140.86000061035156,142.6300048828125,139.24000549316406,139.33999633789062,130.91795349121094,3525900,0.0,0.0
2022-10-03,141.27999877929688,146.61000061035156,139.85000610351562,145.1300048828125,136.35801696777344,4708300,0.0,0.0
2022-10-04,148.25,151.75,148.00999450683594,150.85000610351562,141.73226928710938,4181800,0.0,0.0
2022-10-05,149.10000610351562,152.9600067138672,148.83999633789062,151.88999938964844,142.7094268798828,3052000,0.0,0.0
2022-10-06,151.3300018310547,153.6199951171875,150.72000122070312,150.97000122070312,141.84503173828125,2286500,0.0,0.0
2022-10-07,147.6699981689453,148.6300048828125,144.1300048828125,144.9199981689453,136.1606903076172,4351100,0.0,0.0
2022-10-10,145.13999938964844,145.47999572753906,138.91000366210938,140.89999389648438,132.38365173339844,3828700,0.0,0.0
2022-10-11,139.66000366210938,141.07000732421875,136.9600067138672,138.8000030517578,130.41061401367188,4735300,0.0,0.0
2022-10-12,139.02999877929688,140.33999633789062,138.39999389648438,138.58999633789062,130.21328735351562,2541100,0.0,0.0
2022-10-13,134.6999969482422,143.94000244140625,133.47999572753906,142.75,134.12184143066406,5040500,0.0,0.0
2022-10-14,144.6199951171875,144.9499969482422,136.5,136.72999572753906,128.46571350097656,4970400,0.0,0.0
2022-10-17,140.0500030517578,141.27999877929688,137.75,139.1199951171875,130.71127319335938,5039800,0.0,0.0
2022-10-18,144.63999938964844,145.2100067138672,139.33999633789062,141.10000610351562,132.57159423828125,3280300,0.0,0.0
2022-10-19,140.75999450683594,142.97000122070312,139.25999450683594,141.3300018310547,132.7877197265625,2465400,0.0,0.0
2022-10-20,142.44000244140625,146.75,141.25,142.0800018310547,133.49234008789062,3341100,0.0,0.0
2022-10-21,141.92999267578125,147.4199981689453,140.9499969482422,146.58999633789062,137.72975158691406,3612400,0.0,0.0
2022-10-24,144.97999572753906,146.8800048828125,142.3800048828125,144.52999877929688,135.7942657470703,3334500,0.0,0.0
2022-10-25,145.05999755859375,147.50999450683594,144.41000366210938,146.3699951171875,137.52304077148438,3644800,0.0,0.0
2022-10-26,142.77000427246094,145.64999389648438,140.5399932861328,141.3800048828125,132.8346710205078,6726400,0.0,0.0
2022-10-27,142.49000549316406,143.35000610351562,140.0399932861328,140.67999267578125,132.17697143554688,4666400,0.0,0.0
2022-10-28,141.5,145.99000549316406,141.14999389648438,144.8800048828125,136.12310791015625,3482000,0.0,0.0
2022-10-31,143.80999755859375,143.8800048828125,140.60000610351562,142.6199951171875,133.9997100830078,3078300,0.0,0.0
2022-11-01,145.11000061035156,145.91000366210938,143.32000732421875,144.6999969482422,135.95399475097656,2322800,0.0,0.0
2022-11-02,145.44000244140625,147.80999755859375,141.02000427246094,141.24000549316406,132.70310974121094,3327700,0.0,0.0
2022-11-03,139.39999389648438,141.00999450683594,137.7899932861328,138.02000427246094,129.677734375,3706400,0.0,0.0
2022-11-04,142.32000732421875,145.39999389648438,141.11000061035156,144.2899932861328,135.5687713623047,5004300,0.0,0.0
2022-11-07,145.80999755859375,149.19000244140625,143.8800048828125,148.92999267578125,139.9282989501953,3981600,0.0,0.0
2022-11-08,151.13999938964844,155.60000610351562,150.02999877929688,151.0399932861328,141.91075134277344,4968300,0.0,0.0
2022-11-09,149.13999938964844,150.83999633789062,147.58999633789062,148.22999572753906,139.27061462402344,3696300,0.0,0.0
2022-11-10,155.91000366210938,160.75999450683594,154.5,160.3699951171875,150.67684936523438,5617300,0.0,0.0
2022-11-11,159.39999389648438,164.88999938964844,159.30999755859375,164.05999755859375,154.14382934570312,3211500,0.0,0.0
2022-11-14,163.1199951171875,166.80999755859375,160.85000610351562,161.25999450683594,151.51304626464844,4269700,0.0,0.0
2022-11-15,167.4600067138672,167.86000061035156,162.55999755859375,165.1699981689453,155.18675231933594,4158100,0.0,0.0
2022-11-16,161.88999938964844,162.11000061035156,160.22999572753906,161.27000427246094,151.52243041992188,3859000,0.0,0.0
2022-11-17,158.4499969482422,161.69000244140625,158.08999633789062,161.47000122070312,151.7103729248047,2835400,0.0,0.0
2022-11-18,163.55999755859375,163.8800048828125,160.97000122070312,161.85000610351562,152.0673828125,4016500,0.0,0.0
2022-11-21,161.16000366210938,162.00999450683594,159.14999389648438,159.24000549316406,149.61517333984375,6276300,0.0,0.0
2022-11-22,165.17999267578125,168.85000610351562,162.7100067138672,168.42999267578125,158.2497100830078,5739900,0.0,0.0
2022-11-23,169.35000610351562,173.3000030517578,167.6999969482422,169.1999969482422,158.97315979003906,3851800,0.0,0.0
2022-11-25,169.0399932861328,169.5,166.97999572753906,167.08999633789062,156.9906768798828,1698600,0.0,0.0
2022-11-28,164.88999938964844,167.3000030517578,162.5399932861328,164.00999450683594,154.0968780517578,3910900,0.0,0.0
2022-11-29,164.75999450683594,165.00999450683594,162.41000366210938,163.88999938964844,153.98410034179688,2685800,0.0,0.0
2022-11-30,164.55999755859375,172.19000244140625,162.6999969482422,171.91000366210938,161.5193634033203,5396300,0.0,0.0
2022-12-01,173.2100067138672,173.2100067138672,169.75999450683594,171.47999572753906,161.11534118652344,3222200,0.0,0.0
2022-12-02,167.1999969482422,168.7899932861328,165.24000549316406,168.6300048828125,159.14292907714844,3055200,0.76,0.0
2022-12-05,167.86000061035156,168.89999389648438,166.77999877929688,167.83999633789062,158.39735412597656,2615800,0.0,0.0
2022-12-06,167.75,168.4499969482422,165.3000030517578,166.50999450683594,157.14219665527344,3572100,0.0,0.0
2022-12-07,166.2899932861328,168.47999572753906,165.00999450683594,166.00999450683594,156.6703338623047,1881600,0.0,0.0
2022-12-08,167.07000732421875,169.8000030517578,165.9199981689453,169.64999389648438,160.10556030273438,2836300,0.0,0.0
2022-12-09,168.47000122070312,170.36000061035156,167.89999389648438,168.67999267578125,159.19012451171875,2514900,0.0,0.0
2022-12-12,169.1699981689453,172.33999633789062,167.74000549316406,172.25999450683594,162.56869506835938,2966800,0.0,0.0
2022-12-13,178.00999450683594,179.9499969482422,173.67999267578125,175.49000549316406,165.61700439453125,4778100,0.0,0.0
2022-12-14,175.8699951171875,176.85000610351562,170.11000061035156,171.67999267578125,162.0213165283203,3202500,0.0,0.0
2022-12-15,169.22000122070312,169.77000427246094,165.49000549316406,166.08999633789062,156.745849609375,3985000,0.0,0.0
2022-12-16,165.27999877929688,167.25,164.07000732421875,166.82000732421875,157.4347686767578,7411900,0.0,0.0
2022-12-19,167.44000244140625,167.49000549316406,163.75,165.13999938964844,155.84925842285156,2621800,0.0,0.0
2022-12-20,163.72000122070312,165.80999755859375,163.55999755859375,164.3300018310547,155.08486938476562,2102300,0.0,0.0
2022-12-21,165.3800048828125,167.83999633789062,165.22000122070312,167.41000366210938,157.99159240722656,2181400,0.0,0.0
2022-12-22,164.8300018310547,164.8300018310547,161.05999755859375,163.75,154.53749084472656,2972000,0.0,0.0
2022-12-23,162.6999969482422,164.1199951171875,161.25,163.83999633789062,154.6223907470703,1498300,0.0,0.0
2022-12-27,163.57000732421875,163.6999969482422,161.14999389648438,162.1999969482422,153.07467651367188,1932000,0.0,0.0
2022-12-28,161.5,163.57000732421875,160.05999755859375,160.27999877929688,151.2626953125,1499900,0.0,0.0
2022-12-29,162.5800018310547,164.77999877929688,161.5,163.97999572753906,154.75454711914062,2148900,0.0,0.0
2022-12-30,162.36000061035156,164.16000366210938,160.75999450683594,164.02999877929688,154.80172729492188,1619400,0.0,0.0
2023-01-03,165.57000732421875,166.1999969482422,161.44000244140625,162.4499969482422,153.31060791015625,4475700,0.0,0.0
2023-01-04,165.3800048828125,167.58999633789062,163.75999450683594,165.91000366210938,156.57594299316406,3477900,0.0,0.0
2023-01-05,164.47000122070312,165.6300048828125,159.5800018310547,159.69000244140625,150.70591735839844,4750300,0.0,0.0
2023-01-06,161.75999450683594,166.75,159.92999267578125,165.52000427246094,156.20790100097656,3483400,0.0,0.0
2023-01-09,167.38999938964844,169.91000366210938,165.67999267578125,167.10000610351562,157.69903564453125,3734100,0.0,0.0
2023-01-10,166.5,169.75,166.5,169.22000122070312,159.69972229003906,2351900,0.0,0.0
2023-01-11,167.72000122070312,170.1300048828125,167.30999755859375,169.7899932861328,160.2376708984375,3068900,0.0,0.0
2023-01-12,170.02000427246094,170.63999938964844,167.16000366210938,168.6699981689453,159.18069458007812,2478100,0.0,0.0
2023-01-13,167.5,169.42999267578125,166.4199981689453,168.97999572753906,159.47325134277344,1891200,0.0,0.0
2023-01-17,167.91000366210938,169.1699981689453,166.0500030517578,166.91000366210938,157.5196990966797,3320200,0.0,0.0
2023-01-18,168.52999877929688,169.3800048828125,165.89999389648438,166.0,156.660888671875,2627700,0.0,0.0
2023-01-19,165.55999755859375,165.63999938964844,162.10000610351562,163.1300048828125,153.952392578125,3082500,0.0,0.0
2023-01-20,163.82000732421875,165.24000549316406,161.0399932861328,165.1699981689453,155.87759399414062,3841900,0.0,0.0
2023-01-23,166.5399932861328,170.25,165.6199951171875,169.66000366210938,160.114990234375,3521900,0.0,0.0
2023-01-24,167.91000366210938,170.02999877929688,167.36000061035156,168.86000061035156,159.35997009277344,2407100,0.0,0.0
2023-01-25,166.6199951171875,168.72999572753906,164.2100067138672,168.4499969482422,158.97305297851562,2739800,0.0,0.0
2023-01-26,169.94000244140625,170.9499969482422,166.86000061035156,170.74000549316406,161.1342315673828,3539900,0.0,0.0
2023-01-27,169.07000732421875,172.02999877929688,168.39999389648438,170.8300018310547,161.21914672851562,2453400,0.0,0.0
2023-01-30,169.10000610351562,171.14999389648438,168.33999633789062,168.92999267578125,159.426025390625,3135600,0.0,0.0
2023-01-31,168.92999267578125,171.52000427246094,168.89999389648438,171.47000122070312,161.82313537597656,2549400,0.0,0.0
2023-02-01,171.3300018310547,178.50999450683594,171.22999572753906,176.58999633789062,166.65513610839844,4200300,0.0,0.0
2023-02-02,177.86000061035156,180.0500030517578,176.19000244140625,179.3000030517578,169.212646484375,4206200,0.0,0.0
2023-02-03,176.92999267578125,181.33999633789062,176.22000122070312,178.82000732421875,168.75967407226562,4005700,0.0,0.0
2023-02-06,176.99000549316406,179.32000732421875,176.3699951171875,177.5500030517578,167.56109619140625,2916600,0.0,0.0
2023-02-07,178.38999938964844,181.86000061035156,177.00999450683594,181.02000427246094,170.8358612060547,3531600,0.0,0.0
2023-02-08,178.64999389648438,179.8699951171875,177.39999389648438,177.75999450683594,167.75927734375,3520600,0.0,0.0
2023-02-09,180.75,182.22999572753906,177.32000732421875,178.52000427246094,168.47653198242188,2983300,0.0,0.0
2023-02-10,177.13999938964844,179.02000427246094,176.07000732421875,178.4600067138672,168.41990661621094,4003300,0.0,0.0
2023-02-13,179.3800048828125,181.6300048828125,178.9499969482422,180.4499969482422,170.2979278564453,3975500,0.0,0.0
2023-02-14,179.07000732421875,183.1300048828125,178.52999877929688,182.5399932861328,172.2703399658203,3784200,0.0,0.0
2023-02-15,194.33999633789062,196.41000366210938,191.10000610351562,196.17999267578125,185.1429901123047,7456000,0.0,0.0
2023-02-16,194.55999755859375,196.3000030517578,192.9600067138672,193.8300018310547,182.92520141601562,4481700,0.0,0.0
2023-02-17,193.08999633789062,194.39999389648438,191.36000061035156,192.7100067138672,181.8682098388672,3774900,0.0,0.0
2023-02-21,190.6300048828125,191.17999267578125,185.47999572753906,185.97000122070312,175.5074005126953,5117800,0.0,0.0
2023-02-22,186.67999267578125,186.67999267578125,182.83999633789062,183.75999450683594,173.4217071533203,3512600,0.0,0.0
2023-02-23,186.97999572753906,187.47000122070312,183.13999938964844,185.64999389648438,175.20538330078125,4501800,0.0,0.0
2023-02-24,183.27999877929688,183.8699951171875,181.61000061035156,182.94000244140625,173.4513397216797,3177900,0.86,0.0
2023-02-27,185.5800018310547,185.89999389648438,182.94000244140625,183.1699981689453,173.66941833496094,2769500,0.0,0.0
2023-02-28,183.0,185.52999877929688,182.5399932861328,183.47000122070312,173.953857421875,2644400,0.0,0.0
2023-03-01,183.86000061035156,185.52999877929688,182.6999969482422,183.11000061035156,173.6125030517578,2600300,0.0,0.0
2023-03-02,181.1300048828125,185.30999755859375,179.22000122070312,184.58999633789062,175.0157470703125,2906400,0.0,0.0
2023-03-03,185.30999755859375,186.8000030517578,182.94000244140625,186.25,176.5896453857422,3112400,0.0,0.0
2023-03-06,187.32000732421875,188.55999755859375,185.08999633789062,185.52000427246094,175.89752197265625,2664100,0.0,0.0
2023-03-07,186.02999877929688,186.94000244140625,183.50999450683594,184.94000244140625,175.34759521484375,2415100,0.0,0.0
2023-03-08,186.3699951171875,187.4499969482422,185.1999969482422,186.57000732421875,176.89308166503906,3182000,0.0,0.0
2023-03-09,187.1199951171875,188.7899932861328,183.3800048828125,183.55999755859375,174.03919982910156,3627300,0.0,0.0
2023-03-10,184.72999572753906,185.5800018310547,181.3300018310547,181.75999450683594,172.33255004882812,3166800,0.0,0.0
2023-03-13,179.80999755859375,184.3000030517578,179.0800018310547,182.5500030517578,173.08154296875,3310200,0.0,0.0
2023-03-14,184.9600067138672,188.02999877929688,183.99000549316406,186.5800018310547,176.9025421142578,4147400,0.0,0.0
2023-03-15,184.22999572753906,185.50999450683594,180.33999633789062,182.92999267578125,173.4418487548828,3972700,0.0,0.0
2023-03-16,181.32000732421875,187.30999755859375,180.1999969482422,186.6300048828125,176.949951171875,3753500,0.0,0.0
2023-03-17,187.38999938964844,188.8000030517578,184.47000122070312,185.85000610351562,176.2104034423828,6216500,0.0,0.0
2023-03-20,186.10000610351562,187.52000427246094,185.1199951171875,187.05999755859375,177.35765075683594,3033500,0.0,0.0
2023-03-21,188.8800048828125,189.9199981689453,186.0,188.39999389648438,178.6281280517578,3232700,0.0,0.0
2023-03-22,188.86000061035156,191.5,186.35000610351562,186.61000061035156,176.93096923828125,3481000,0.0,0.0
2023-03-23,188.97000122070312,192.5399932861328,187.05999755859375,189.4499969482422,179.62368774414062,2658300,0.0,0.0
2023-03-24,189.10000610351562,189.4199981689453,185.66000366210938,187.69000244140625,177.9549560546875,3401800,0.0,0.0
2023-03-27,188.25,188.36000061035156,184.47999572753906,184.77000427246094,175.18641662597656,3616900,0.0,0.0
2023-03-28,183.72000122070312,184.0,180.8800048828125,183.60000610351562,174.07713317871094,3319900,0.0,0.0
2023-03-29,186.0399932861328,190.3000030517578,186.0399932861328,189.1699981689453,179.35821533203125,3577800,0.0,0.0
2023-03-30,191.25,195.1300048828125,190.88999938964844,194.2100067138672,184.13681030273438,4367100,0.0,0.0
2023-03-31,193.52000427246094,197.55999755859375,193.25,197.22000122070312,186.99066162109375,3873000,0.0,0.0
2023-04-03,196.47000122070312,197.75,194.25999450683594,196.27999877929688,186.0994415283203,3120700,0.0,0.0
2023-04-04,197.55999755859375,198.25,193.7899932861328,195.1199951171875,184.9995880126953,3633600,0.0,0.0
2023-04-05,194.36000061035156,194.50999450683594,189.0500030517578,190.3699951171875,180.49595642089844,3368300,0.0,0.0
2023-04-06,188.74000549316406,189.8000030517578,186.82000732421875,187.1699981689453,177.46192932128906,3010100,0.0,0.0
2023-04-10,185.6300048828125,191.2100067138672,185.00999450683594,190.9499969482422,181.04588317871094,2573500,0.0,0.0
2023-04-11,192.22000122070312,192.32000732421875,189.07000732421875,189.41000366210938,179.5857696533203,2336400,0.0,0.0
2023-04-12,190.8000030517578,190.8000030517578,187.02000427246094,187.2899932861328,177.57569885253906,2085400,0.0,0.0
2023-04-13,187.3000030517578,190.10000610351562,186.16000366210938,189.10000610351562,179.2918243408203,2020200,0.0,0.0
2023-04-14,188.1300048828125,191.0800018310547,187.0399932861328,188.50999450683594,178.732421875,1988100,0.0,0.0
2023-04-17,187.66000366210938,189.9499969482422,187.39999389648438,189.57000732421875,179.7374725341797,2095000,0.0,0.0
2023-04-18,190.9199981689453,191.9600067138672,188.44000244140625,189.5800018310547,179.7469482421875,1745500,0.0,0.0
2023-04-19,187.88999938964844,189.02999877929688,187.55999755859375,188.5500030517578,178.77035522460938,1556000,0.0,0.0
2023-04-20,185.57000732421875,189.22000122070312,183.10000610351562,186.97999572753906,177.2817840576172,2807800,0.0,0.0
2023-04-21,186.25,187.1999969482422,184.63999938964844,186.33999633789062,176.67498779296875,1975300,0.0,0.0
2023-04-24,186.33999633789062,187.38999938964844,185.7100067138672,186.9600067138672,177.26283264160156,1782000,0.0,0.0
2023-04-25,186.1300048828125,186.13999938964844,181.07000732421875,181.13999938964844,171.74468994140625,3474800,0.0,0.0
2023-04-26,181.22999572753906,182.47999572753906,179.64999389648438,180.66000366210938,171.28961181640625,3603100,0.0,0.0
2023-04-27,178.52999877929688,178.94000244140625,171.24000549316406,177.6199951171875,168.4072723388672,4621700,0.0,0.0
2023-04-28,177.63999938964844,180.16000366210938,176.27000427246094,179.8800048828125,170.550048828125,3167800,0.0,0.0
2023-05-01,180.75,182.92999267578125,180.66000366210938,182.5399932861328,173.07208251953125,2572800,0.0,0.0
2023-05-02,184.44000244140625,186.58999633789062,182.1199951171875,183.66000366210938,174.13400268554688,2710800,0.0,0.0
2023-05-03,183.4199981689453,185.17999267578125,182.02999877929688,182.38999938964844,172.9298553466797,1788500,0.0,0.0
2023-05-04,182.0,182.97000122070312,180.47999572753906,181.3300018310547,171.92483520507812,2308200,0.0,0.0
2023-05-05,180.63999938964844,184.4499969482422,179.57000732421875,183.38999938964844,173.87802124023438,3672100,0.0,0.0
2023-05-08,183.7899932861328,184.57000732421875,181.72999572753906,184.52000427246094,174.9493865966797,1936900,0.0,0.0
2023-05-09,182.52999877929688,182.72000122070312,178.02999877929688,179.6199951171875,170.30352783203125,3353300,0.0,0.0
2023-05-10,181.67999267578125,182.2899932861328,179.55999755859375,181.42999267578125,172.0196533203125,3364700,0.0,0.0
2023-05-11,180.39999389648438,181.08999633789062,178.74000549316406,180.58999633789062,171.2232208251953,2252600,0.0,0.0
2023-05-12,181.44000244140625,182.5500030517578,178.8699951171875,180.57000732421875,171.2042694091797,1376800,0.0,0.0
2023-05-15,180.67999267578125,184.72000122070312,180.27999877929688,184.3699951171875,174.8071746826172,2435800,0.0,0.0
2023-05-16,183.6300048828125,185.25999450683594,182.58999633789062,182.7899932861328,173.30908203125,2178800,0.0,0.0
2023-05-17,184.0,188.60000610351562,183.14999389648438,187.9600067138672,178.2109832763672,3002200,0.0,0.0
2023-05-18,188.9499969482422,193.0399932861328,188.3699951171875,192.25999450683594,182.28793334960938,2959000,0.0,0.0
2023-05-19,192.25999450683594,192.64999389648438,189.75999450683594,190.52999877929688,180.64767456054688,3598300,0.0,0.0
2023-05-22,189.91000366210938,193.13999938964844,189.4600067138672,191.30999755859375,181.38720703125,2494400,0.0,0.0
2023-05-23,189.7899932861328,190.36000061035156,187.39999389648438,187.9199981689453,178.17303466796875,3864700,0.0,0.0
2023-05-24,171.5,176.6300048828125,169.74000549316406,173.1999969482422,164.21652221679688,10367100,0.0,0.0
2023-05-25,166.50999450683594,173.94000244140625,161.92999267578125,172.38999938964844,163.4485321044922,9915900,0.0,0.0
2023-05-26,172.47999572753906,177.74000549316406,171.49000549316406,176.52999877929688,167.3738250732422,6794800,0.0,0.0
2023-05-30,178.1199951171875,178.83999633789062,174.80999755859375,177.42999267578125,168.22714233398438,5233100,0.0,0.0
2023-05-31,175.39999389648438,180.0,175.24000549316406,177.69000244140625,168.47366333007812,7035300,0.0,0.0
2023-06-01,179.22000122070312,182.1999969482422,176.6999969482422,180.41000366210938,171.05255126953125,4361700,0.0,0.0
2023-06-02,181.30999755859375,182.0,178.9199981689453,179.8000030517578,171.29075622558594,3697400,0.86,0.0
2023-06-05,179.1699981689453,179.33999633789062,173.66000366210938,174.97999572753906,166.69883728027344,3311400,0.0,0.0
2023-06-06,173.61000061035156,178.72000122070312,173.41000366210938,177.97000122070312,169.5473175048828,3487400,0.0,0.0
2023-06-07,178.27000427246094,183.36000061035156,178.27000427246094,180.3699951171875,171.83375549316406,4060900,0.0,0.0
2023-06-08,181.44000244140625,182.5399932861328,180.0500030517578,181.67999267578125,173.08172607421875,2995000,0.0,0.0
2023-06-09,183.27000427246094,185.88999938964844,181.0800018310547,182.4600067138672,173.82489013671875,3164500,0.0,0.0
2023-06-12,185.0,187.9600067138672,184.7100067138672,187.66000366210938,178.7787628173828,3845700,0.0,0.0
2023-06-13,190.33999633789062,192.5399932861328,189.4199981689453,192.3699951171875,183.2658233642578,3827900,0.0,0.0
2023-06-14,192.6199951171875,193.97000122070312,189.86000061035156,191.88999938964844,182.8085479736328,4061300,0.0,0.0
2023-06-15,190.77999877929688,191.88999938964844,189.4499969482422,189.66000366210938,180.68411254882812,3414400,0.0,0.0
2023-06-16,190.49000549316406,191.77999877929688,187.75,188.36000061035156,179.44561767578125,6889200,0.0,0.0
2023-06-20,187.0,189.0,185.39999389648438,187.97999572753906,179.0836181640625,2663500,0.0,0.0
2023-06-21,186.02000427246094,188.25999450683594,185.33999633789062,185.44000244140625,176.66380310058594,2941300,0.0,0.0
2023-06-22,183.8800048828125,186.3699951171875,183.22999572753906,186.11000061035156,177.3021240234375,2973200,0.0,0.0
2023-06-23,184.10000610351562,187.08999633789062,183.52000427246094,185.94000244140625,177.14016723632812,5021500,0.0,0.0
2023-06-26,187.85000610351562,191.6300048828125,186.24000549316406,186.33999633789062,177.52120971679688,3365800,0.0,0.0
2023-06-27,186.8000030517578,192.61000061035156,185.00999450683594,192.3800048828125,183.27536010742188,3631900,0.0,0.0
2023-06-28,190.02000427246094,191.16000366210938,188.57000732421875,189.89999389648438,180.9127197265625,3836400,0.0,0.0
2023-06-29,189.8000030517578,190.66000366210938,187.60000610351562,189.47999572753906,180.51260375976562,2623200,0.0,0.0
2023-06-30,190.97999572753906,195.36000061035156,190.8000030517578,194.80999755859375,185.59036254882812,3376000,0.0,0.0
2023-07-03,193.97999572753906,196.5500030517578,192.27000427246094,194.3300018310547,185.13308715820312,1367600,0.0,0.0
2023-07-05,192.42999267578125,193.35000610351562,189.8699951171875,190.0,181.0080108642578,2693700,0.0,0.0
2023-07-06,186.89999389648438,187.9600067138672,184.57000732421875,186.19000244140625,177.37831115722656,4203800,0.0,0.0
2023-07-07,186.38999938964844,188.66000366210938,185.17999267578125,185.30999755859375,176.5399627685547,3038000,0.0,0.0
2023-07-10,185.91000366210938,191.08999633789062,185.77000427246094,191.0500030517578,182.00830078125,3367200,0.0,0.0
2023-07-11,191.66000366210938,192.07000732421875,187.60000610351562,190.9499969482422,181.9130401611328,2039700,0.0,0.0
2023-07-12,193.41000366210938,196.0500030517578,192.5800018310547,195.39999389648438,186.15245056152344,3117600,0.0,0.0
2023-07-13,196.67999267578125,199.44000244140625,195.91000366210938,198.27000427246094,188.88665771484375,3364400,0.0,0.0
2023-07-14,197.3800048828125,197.38999938964844,191.49000549316406,191.97000122070312,182.88475036621094,2922100,0.0,0.0
2023-07-17,190.5800018310547,197.5399932861328,190.5800018310547,196.36000061035156,187.06700134277344,3249100,0.0,0.0
2023-07-18,194.9199981689453,196.80999755859375,193.82000732421875,196.5,187.2003936767578,3022900,0.0,0.0
2023-07-19,197.1699981689453,197.39999389648438,195.30999755859375,195.7899932861328,186.52398681640625,2040800,0.0,0.0
2023-07-20,191.8800048828125,193.9499969482422,188.75999450683594,189.64999389648438,180.67459106445312,3991000,0.0,0.0
2023-07-21,191.64999389648438,193.64999389648438,190.72000122070312,191.9600067138672,182.875244140625,8748400,0.0,0.0
2023-07-24,191.44000244140625,193.61000061035156,190.64999389648438,192.3699951171875,183.2658233642578,2663500,0.0,0.0
2023-07-25,193.0,196.9499969482422,193.0,195.66000366210938,186.400146484375,2958700,0.0,0.0
2023-07-26,191.92999267578125,192.82000732421875,189.89999389648438,191.52000427246094,182.45606994628906,2793200,0.0,0.0
2023-07-27,195.5,198.10000610351562,193.69000244140625,195.4499969482422,186.2000732421875,3474600,0.0,0.0
2023-07-28,198.2899932861328,199.02000427246094,196.19000244140625,198.4199981689453,189.029541015625,2883900,0.0,0.0
2023-07-31,198.74000549316406,200.10000610351562,198.42999267578125,199.52999877929688,190.0869903564453,2091300,0.0,0.0
2023-08-01,197.63999938964844,200.07000732421875,196.82000732421875,199.47999572753906,190.0393524169922,1900300,0.0,0.0
2023-08-02,198.08999633789062,198.16000366210938,191.8699951171875,192.4600067138672,183.3516082763672,3739700,0.0,0.0
2023-08-03,190.67999267578125,193.24000549316406,188.94000244140625,191.49000549316406,182.42750549316406,3040100,0.0,0.0
2023-08-04,189.0,190.25999450683594,184.74000549316406,188.35000610351562,179.43609619140625,3632900,0.0,0.0
2023-08-07,190.6999969482422,191.3699951171875,188.8699951171875,190.10000610351562,181.10328674316406,2035200,0.0,0.0
2023-08-08,187.0,187.36000061035156,183.75,186.61000061035156,177.77842712402344,2939500,0.0,0.0
2023-08-09,186.41000366210938,187.5,184.38999938964844,184.80999755859375,176.06361389160156,2341900,0.0,0.0
2023-08-10,187.0500030517578,188.9499969482422,184.13999938964844,184.7100067138672,175.9683837890625,2268000,0.0,0.0
2023-08-11,183.0,184.4499969482422,182.02000427246094,183.2100067138672,174.5393524169922,2859400,0.0,0.0
2023-08-14,183.3800048828125,185.6199951171875,182.5500030517578,185.38999938964844,176.61619567871094,2057000,0.0,0.0
2023-08-15,182.9600067138672,184.10000610351562,181.0399932861328,181.32000732421875,172.73880004882812,1959500,0.0,0.0
2023-08-16,180.38999938964844,180.63999938964844,175.77000427246094,177.1699981689453,168.7852020263672,4869000,0.0,0.0
2023-08-17,177.74000549316406,178.27000427246094,174.6300048828125,175.49000549316406,167.18470764160156,2804100,0.0,0.0
2023-08-18,173.89999389648438,176.5,173.4199981689453,175.75,167.43238830566406,2834600,0.0,0.0
2023-08-21,176.1199951171875,177.66000366210938,174.22000122070312,177.22000122070312,168.83282470703125,3345900,0.0,0.0
2023-08-22,178.99000549316406,179.3800048828125,175.36000061035156,176.66000366210938,168.29934692382812,4234700,0.0,0.0
2023-08-23,168.61000061035156,178.7899932861328,168.5399932861328,177.47999572753906,169.08053588867188,7413500,0.0,0.0
2023-08-24,176.77000427246094,178.25,172.9499969482422,173.69000244140625,165.46990966796875,6811300,0.0,0.0
2023-08-25,173.3800048828125,179.0,173.3800048828125,178.16000366210938,169.72836303710938,4538700,0.0,0.0
2023-08-28,180.08999633789062,181.1199951171875,179.24000549316406,180.3300018310547,171.795654296875,2851700,0.0,0.0
2023-08-29,178.72000122070312,183.44000244140625,178.11000061035156,182.55999755859375,173.92010498046875,3574800,0.0,0.0
2023-08-30,181.67999267578125,182.89999389648438,180.39999389648438,181.57000732421875,172.97698974609375,3080900,0.0,0.0
2023-08-31,181.57000732421875,183.9600067138672,180.82000732421875,181.77999877929688,173.17701721191406,3362800,0.0,0.0
2023-09-01,182.60000610351562,182.63999938964844,180.66000366210938,182.42999267578125,174.62242126464844,1879000,0.86,0.0
2023-09-05,181.4199981689453,183.42999267578125,180.2100067138672,181.5399932861328,173.7705078125,2488000,0.0,0.0
2023-09-06,181.5399932861328,182.47000122070312,178.75,182.17999267578125,174.38311767578125,3382500,0.0,0.0
2023-09-07,179.94000244140625,181.41000366210938,177.64999389648438,178.4600067138672,170.8223419189453,5562200,0.0,0.0
2023-09-08,178.39999389648438,178.8699951171875,176.7100067138672,177.47000122070312,169.8746795654297,3182200,0.0,0.0
2023-09-11,179.5399932861328,179.91000366210938,175.2899932861328,177.64999389648438,170.04696655273438,2768100,0.0,0.0
2023-09-12,176.5,179.00999450683594,175.02000427246094,175.0500030517578,167.55825805664062,2862900,0.0,0.0
2023-09-13,175.91000366210938,177.6199951171875,175.3000030517578,176.1699981689453,168.63034057617188,2269400,0.0,0.0
2023-09-14,178.25,180.11000061035156,175.22000122070312,179.6699981689453,171.9805145263672,4135400,0.0,0.0
2023-09-15,179.41000366210938,179.5800018310547,177.2100067138672,178.13999938964844,170.51597595214844,6062500,0.0,0.0
2023-09-18,178.10000610351562,180.36000061035156,177.39999389648438,179.72000122070312,172.02842712402344,2733700,0.0,0.0
2023-09-19,178.1999969482422,179.02000427246094,176.16000366210938,178.75,171.0999298095703,2852700,0.0,0.0
2023-09-20,179.02000427246094,179.0800018310547,175.92999267578125,176.0800018310547,168.54417419433594,2606500,0.0,0.0
2023-09-21,175.39999389648438,176.66000366210938,173.39999389648438,173.83999633789062,166.40003967285156,3780800,0.0,0.0
2023-09-22,174.99000549316406,176.8800048828125,174.25999450683594,175.47999572753906,167.96983337402344,2839700,0.0,0.0
2023-09-25,174.5,175.5800018310547,173.05999755859375,175.42999267578125,167.9219970703125,2300400,0.0,0.0
2023-09-26,173.36000061035156,173.82000732421875,171.4199981689453,172.33999633789062,164.96424865722656,3492500,0.0,0.0
2023-09-27,172.99000549316406,174.0,170.64999389648438,172.80999755859375,165.4141082763672,2558400,0.0,0.0
2023-09-28,172.80999755859375,177.6199951171875,172.25999450683594,176.41000366210938,168.8600616455078,2781800,0.0,0.0
2023-09-29,177.9600067138672,178.61000061035156,174.1300048828125,175.08999633789062,167.59652709960938,2703800,0.0,0.0
2023-10-02,175.0,176.89999389648438,173.69000244140625,175.42999267578125,167.9219970703125,1727200,0.0,0.0
2023-10-03,173.77999877929688,176.39999389648438,170.49000549316406,171.50999450683594,164.16973876953125,3226100,0.0,0.0
2023-10-04,172.58999633789062,174.3300018310547,171.72000122070312,173.7899932861328,166.35215759277344,3601000,0.0,0.0
2023-10-05,174.22000122070312,174.6300048828125,169.88999938964844,172.10000610351562,164.73451232910156,2874600,0.0,0.0
2023-10-06,170.7100067138672,175.2899932861328,170.1300048828125,173.97000122070312,166.52450561523438,3259900,0.0,0.0
2023-10-09,172.85000610351562,173.89999389648438,171.42999267578125,173.32000732421875,165.90231323242188,2571900,0.0,0.0
2023-10-10,173.64999389648438,177.57000732421875,173.47000122070312,175.97000122070312,168.43887329101562,2924500,0.0,0.0
2023-10-11,176.3699951171875,177.10000610351562,173.24000549316406,174.9199981689453,167.43382263183594,2466900,0.0,0.0
2023-10-12,175.88999938964844,176.17999267578125,172.22000122070312,173.60000610351562,166.17031860351562,3569000,0.0,0.0
2023-10-13,173.97999572753906,174.25999450683594,170.02999877929688,171.07000732421875,163.7485809326172,2699900,0.0,0.0
2023-10-16,171.72999572753906,173.75,171.5,172.75,165.35670471191406,3258900,0.0,0.0
2023-10-17,169.49000549316406,174.07000732421875,168.72999572753906,172.61000061035156,165.22267150878906,2283600,0.0,0.0
2023-10-18,170.6999969482422,172.9600067138672,169.72000122070312,171.27000427246094,163.9400634765625,3827200,0.0,0.0
2023-10-19,172.92999267578125,173.02999877929688,168.22999572753906,168.72000122070312,161.49916076660156,3692800,0.0,0.0
2023-10-20,169.02000427246094,169.74000549316406,166.00999450683594,166.52000427246094,159.39332580566406,3399600,0.0,0.0
2023-10-23,165.5500030517578,167.30999755859375,163.64999389648438,163.8699951171875,156.85675048828125,2757500,0.0,0.0
2023-10-24,164.6199951171875,165.32000732421875,162.85000610351562,164.92999267578125,157.87135314941406,3206300,0.0,0.0
2023-10-25,162.00999450683594,162.49000549316406,159.0,159.7899932861328,152.95135498046875,5142300,0.0,0.0
2023-10-26,160.8699951171875,163.92999267578125,160.67999267578125,160.86000061035156,153.97555541992188,3528300,0.0,0.0
2023-10-27,161.47999572753906,162.49000549316406,159.8000030517578,160.57000732421875,153.69798278808594,2168900,0.0,0.0
2023-10-30,157.6199951171875,158.02000427246094,154.99000549316406,155.8800048828125,149.2086944580078,4421400,0.0,0.0
2023-10-31,156.5,157.63999938964844,155.16000366210938,157.3300018310547,150.5966339111328,3151800,0.0,0.0
2023-11-01,157.4600067138672,159.47999572753906,155.47000122070312,159.24000549316406,152.42491149902344,4324600,0.0,0.0
2023-11-02,161.97999572753906,165.27000427246094,161.63999938964844,164.33999633789062,157.30661010742188,4105900,0.0,0.0
2023-11-03,165.94000244140625,169.4600067138672,165.94000244140625,167.9199981689453,160.7333984375,3536600,0.0,0.0
2023-11-06,167.44000244140625,168.9199981689453,165.58999633789062,167.57000732421875,160.3983917236328,2132900,0.0,0.0
2023-11-07,167.57000732421875,169.1199951171875,166.94000244140625,168.11000061035156,160.91526794433594,2537400,0.0,0.0
2023-11-08,168.5,170.5,167.5,168.91000366210938,161.68104553222656,3452000,0.0,0.0
2023-11-09,169.47999572753906,170.6199951171875,166.77999877929688,167.1300048828125,159.9772186279297,4211500,0.0,0.0
2023-11-10,169.27999877929688,172.99000549316406,167.83999633789062,172.32000732421875,164.94509887695312,3671000,0.0,0.0
2023-11-13,170.75,171.6199951171875,170.10000610351562,170.66000366210938,163.3561553955078,3243700,0.0,0.0
2023-11-14,175.1999969482422,178.3000030517578,175.0,177.5800018310547,169.97998046875,3448600,0.0,0.0
2023-11-15,179.02000427246094,182.80999755859375,179.02000427246094,180.77999877929688,173.04299926757812,3293200,0.0,0.0
2023-11-16,181.3300018310547,181.66000366210938,178.66000366210938,179.83999633789062,172.14328002929688,3286900,0.0,0.0
2023-11-17,182.9199981689453,183.57000732421875,181.1199951171875,183.0500030517578,175.21588134765625,3279000,0.0,0.0
2023-11-20,182.08999633789062,184.6999969482422,182.08999633789062,183.82000732421875,175.95294189453125,3811100,0.0,0.0
2023-11-21,183.05999755859375,184.52999877929688,179.44000244140625,181.25,173.49290466308594,4965900,0.0,0.0
2023-11-22,182.16000366210938,184.2100067138672,181.44000244140625,182.6699981689453,174.85214233398438,2926300,0.0,0.0
2023-11-24,182.8000030517578,183.38999938964844,182.2100067138672,183.0500030517578,175.21588134765625,1127100,0.0,0.0
2023-11-27,182.66000366210938,184.3800048828125,181.42999267578125,183.77000427246094,175.90509033203125,3520200,0.0,0.0
2023-11-28,183.25999450683594,184.5500030517578,182.33999633789062,183.1999969482422,175.3594512939453,2797900,0.0,0.0
2023-11-29,185.2899932861328,186.92999267578125,182.52999877929688,182.7100067138672,174.89044189453125,2986600,0.0,0.0
2023-11-30,183.17999267578125,183.5,180.75999450683594,183.3800048828125,175.53175354003906,4356200,0.0,0.0
2023-12-01,182.77000427246094,183.8800048828125,181.16000366210938,183.07000732421875,176.06069946289062,2332900,0.86,0.0
2023-12-04,181.66000366210938,183.4499969482422,180.17999267578125,183.25999450683594,176.243408203125,3316000,0.0,0.0
2023-12-05,182.22000122070312,182.50999450683594,179.6300048828125,180.6300048828125,173.71409606933594,2620000,0.0,0.0
2023-12-06,183.0,183.0,180.1699981689453,180.57000732421875,173.6564178466797,2763400,0.0,0.0
2023-12-07,182.33999633789062,185.72000122070312,180.3699951171875,184.3800048828125,177.32052612304688,3717600,0.0,0.0
2023-12-08,184.25,186.3000030517578,183.80999755859375,184.8800048828125,177.80142211914062,2404200,0.0,0.0
2023-12-11,185.64999389648438,191.11000061035156,185.55999755859375,190.1300048828125,182.85037231445312,3499500,0.0,0.0
2023-12-12,190.22000122070312,191.0500030517578,189.1199951171875,190.97000122070312,183.65821838378906,2841100,0.0,0.0
2023-12-13,191.41000366210938,193.08999633789062,189.66000366210938,192.27000427246094,184.90846252441406,3701800,0.0,0.0
2023-12-14,193.19000244140625,200.25999450683594,193.19000244140625,200.1699981689453,192.5059356689453,5610000,0.0,0.0
2023-12-15,201.94000244140625,202.77000427246094,200.02000427246094,200.8800048828125,193.1887969970703,7057400,0.0,0.0
2023-12-18,200.8800048828125,201.19000244140625,196.16000366210938,196.58999633789062,189.06304931640625,3421000,0.0,0.0
2023-12-19,197.6999969482422,198.10000610351562,196.69000244140625,197.8300018310547,190.25555419921875,1981800,0.0,0.0
2023-12-20,196.25999450683594,197.44000244140625,192.05999755859375,192.19000244140625,184.83151245117188,3629500,0.0,0.0
2023-12-21,195.1199951171875,197.6999969482422,194.77000427246094,196.27999877929688,188.76492309570312,2636800,0.0,0.0
2023-12-22,197.6199951171875,199.4600067138672,195.72999572753906,197.10000610351562,189.5535125732422,1754600,0.0,0.0
2023-12-26,197.89999389648438,199.8300018310547,197.5399932861328,198.8699951171875,191.25572204589844,1606900,0.0,0.0
2023-12-27,198.8699951171875,199.44000244140625,198.0800018310547,199.35000610351562,191.71737670898438,1646100,0.0,0.0
2023-12-28,200.86000061035156,201.47000122070312,199.7100067138672,200.24000549316406,192.57330322265625,2215500,0.0,0.0
2023-12-29,199.8699951171875,200.6999969482422,198.08999633789062,198.55999755859375,190.95761108398438,1542400,0.0,0.0
2024-01-02,197.07000732421875,197.07000732421875,191.50999450683594,193.5800018310547,186.1682586669922,3279200,0.0,0.0
2024-01-03,190.77000427246094,191.10000610351562,188.66000366210938,188.9600067138672,181.72518920898438,3297400,0.0,0.0
2024-01-04,181.89999389648438,186.88999938964844,181.80999755859375,186.07000732421875,178.9458465576172,3923500,0.0,0.0
2024-01-05,186.00999450683594,187.8000030517578,184.97999572753906,186.5500030517578,179.40745544433594,2492200,0.0,0.0
2024-01-08,187.17999267578125,189.4600067138672,187.00999450683594,188.97999572753906,181.7444305419922,2587200,0.0,0.0
2024-01-09,186.5,190.32000732421875,185.88999938964844,189.75999450683594,182.4945526123047,3151700,0.0,0.0
2024-01-10,189.6199951171875,189.6199951171875,186.35000610351562,188.3699951171875,181.15777587890625,3080400,0.0,0.0
2024-01-11,188.3800048828125,189.75999450683594,185.72999572753906,188.9600067138672,181.72518920898438,2918700,0.0,0.0
2024-01-12,189.69000244140625,190.30999755859375,187.4199981689453,188.36000061035156,181.14813232421875,1597100,0.0,0.0
2024-01-16,187.85000610351562,189.3699951171875,185.4499969482422,187.7899932861328,180.59996032714844,2373300,0.0,0.0
2024-01-17,184.67999267578125,185.6999969482422,182.8800048828125,185.42999267578125,178.33030700683594,2925900,0.0,0.0
2024-01-18,190.36000061035156,190.72000122070312,187.7100067138672,189.97000122070312,182.6964874267578,3585500,0.0,0.0
2024-01-19,191.36000061035156,195.5800018310547,191.0399932861328,194.77000427246094,187.31272888183594,4408400,0.0,0.0
2024-01-22,196.0,197.85000610351562,195.47000122070312,197.30999755859375,189.75547790527344,2861800,0.0,0.0
2024-01-23,197.13999938964844,201.57000732421875,196.88999938964844,201.3699951171875,193.66001892089844,3801100,0.0,0.0
2024-01-24,200.86000061035156,202.44000244140625,197.86000061035156,198.3000030517578,190.70758056640625,4255300,0.0,0.0
2024-01-25,202.0,202.0500030517578,196.9600067138672,197.3000030517578,189.745849609375,2957300,0.0,0.0
2024-01-26,195.32000732421875,196.47000122070312,193.47000122070312,193.92999267578125,186.50491333007812,2379100,0.0,0.0
2024-01-29,193.94000244140625,197.32000732421875,192.9199981689453,197.1999969482422,189.64967346191406,2766500,0.0,0.0
2024-01-30,195.8300018310547,196.55999755859375,193.35000610351562,194.74000549316406,187.2838592529297,2479800,0.0,0.0
2024-01-31,193.50999450683594,196.08999633789062,191.6199951171875,192.36000061035156,184.99501037597656,4125600,0.0,0.0
2024-02-01,192.11000061035156,192.6300048828125,188.74000549316406,192.00999450683594,184.6584014892578,2628000,0.0,0.0
2024-02-02,190.3300018310547,192.8800048828125,189.74000549316406,192.10000610351562,184.7449493408203,2948400,0.0,0.0
2024-02-05,192.7899932861328,193.99000549316406,190.4199981689453,192.55999755859375,185.18734741210938,3193700,0.0,0.0
2024-02-06,193.2100067138672,193.2100067138672,189.02000427246094,189.7100067138672,182.4464569091797,3991700,0.0,0.0
2024-02-07,191.8300018310547,192.82000732421875,188.8800048828125,191.97000122070312,184.61990356445312,3500400,0.0,0.0
2024-02-08,192.97000122070312,195.1699981689453,191.91000366210938,194.05999755859375,186.62989807128906,2594500,0.0,0.0
2024-02-09,195.52999877929688,195.52999877929688,193.4499969482422,195.02000427246094,187.5531463623047,3183900,0.0,0.0
2024-02-12,194.67999267578125,195.67999267578125,192.61000061035156,194.0500030517578,186.62030029296875,6264900,0.0,0.0
2024-02-13,188.16000366210938,188.9499969482422,183.00999450683594,184.69000244140625,177.61868286132812,6800200,0.0,0.0
2024-02-14,185.91000366210938,187.0800018310547,184.75,186.32000732421875,179.18624877929688,3780800,0.0,0.0
2024-02-15,187.77999877929688,189.3300018310547,186.69000244140625,187.5399932861328,180.3595733642578,2811200,0.0,0.0
2024-02-16,187.58999633789062,190.52000427246094,186.05999755859375,188.24000549316406,181.03273010253906,4353300,0.0,0.0
2024-02-20,187.25,189.50999450683594,186.02000427246094,189.39999389648438,182.14833068847656,4600500,0.0,0.0
2024-02-21,190.25999450683594,194.2899932861328,190.1699981689453,193.72000122070312,186.3029327392578,5555900,0.0,0.0
2024-02-22,197.13999938964844,197.33999633789062,189.0399932861328,191.91000366210938,184.56222534179688,5780400,0.0,0.0
2024-02-23,193.05999755859375,193.05999755859375,189.8699951171875,190.11000061035156,182.83114624023438,3720400,0.0,0.0
2024-02-26,191.27999877929688,191.49000549316406,188.8800048828125,189.00999450683594,181.77325439453125,2827100,0.0,0.0
2024-02-27,189.8000030517578,190.3699951171875,187.99000549316406,189.07000732421875,181.8309783935547,1886100,0.0,0.0
2024-02-28,187.1999969482422,188.64999389648438,186.22000122070312,187.75999450683594,180.57110595703125,1774800,0.0,0.0
2024-02-29,190.1300048828125,192.2899932861328,188.75999450683594,191.82000732421875,184.47567749023438,3119300,0.0,0.0
2024-03-01,192.5500030517578,197.22000122070312,191.6199951171875,196.16000366210938,188.64952087402344,2934700,0.0,0.0
2024-03-04,195.8300018310547,196.22999572753906,193.6999969482422,194.66000366210938,188.08908081054688,3150700,0.92,0.0
2024-03-05,193.2899932861328,195.0500030517578,188.88999938964844,189.8000030517578,183.39312744140625,3328500,0.0,0.0
2024-03-06,191.3699951171875,194.0,190.38999938964844,191.6999969482422,185.22897338867188,3905300,0.0,0.0
2024-03-07,193.67999267578125,199.38999938964844,193.67999267578125,198.24000549316406,191.54823303222656,4275300,0.0,0.0
2024-03-08,199.0,199.6699981689453,195.5800018310547,195.94000244140625,189.3258819580078,3752600,0.0,0.0
2024-03-11,194.60000610351562,198.49000549316406,194.60000610351562,198.2100067138672,191.51927185058594,3110900,0.0,0.0
2024-03-12,199.3000030517578,199.60000610351562,196.52999877929688,199.1999969482422,192.47581481933594,3864600,0.0,0.0
2024-03-13,198.4499969482422,199.8300018310547,197.4199981689453,198.60000610351562,191.89608764648438,3647400,0.0,0.0
2024-03-14,199.05999755859375,199.89999389648438,193.5399932861328,194.42999267578125,187.8668212890625,4361800,0.0,0.0
2024-03-15,188.75,195.9199981689453,188.75,195.1999969482422,188.61083984375,10198200,0.0,0.0
2024-03-18,197.2100067138672,198.2899932861328,191.1199951171875,191.22000122070312,184.76519775390625,2846500,0.0,0.0
2024-03-19,190.3300018310547,191.0800018310547,188.10000610351562,190.5399932861328,184.108154296875,2226700,0.0,0.0
2024-03-20,190.4600067138672,194.75,189.9499969482422,194.32000732421875,187.76055908203125,2594300,0.0,0.0
2024-03-21,196.6300048828125,198.6699981689453,194.3000030517578,195.14999389648438,188.5625,3109000,0.0,0.0
2024-03-22,195.2899932861328,195.6199951171875,192.5500030517578,193.50999450683594,186.9779052734375,2104300,0.0,0.0
2024-03-25,190.80999755859375,192.11000061035156,190.42999267578125,190.6300048828125,184.1951446533203,1768700,0.0,0.0
2024-03-26,190.6300048828125,191.92999267578125,188.75999450683594,188.9600067138672,182.58151245117188,2711500,0.0,0.0
2024-03-27,190.67999267578125,193.39999389648438,189.3800048828125,193.3300018310547,186.80397033691406,2410300,0.0,0.0
2024-03-28,194.0399932861328,198.57000732421875,193.92999267578125,197.7899932861328,191.1134490966797,3119700,0.0,0.0
2024-04-01,197.39999389648438,199.69000244140625,196.17999267578125,196.6199951171875,189.98291015625,2032300,0.0,0.0
2024-04-02,195.22000122070312,195.5800018310547,192.74000549316406,194.8800048828125,188.30166625976562,2495800,0.0,0.0
2024-04-03,193.0,196.6699981689453,192.64999389648438,195.36000061035156,188.76547241210938,1928300,0.0,0.0
2024-04-04,198.35000610351562,198.6999969482422,191.3300018310547,191.9499969482422,185.47056579589844,2931000,0.0,0.0
2024-04-05,192.6300048828125,195.66000366210938,191.1699981689453,194.75999450683594,188.1857147216797,2087400,0.0,0.0
2024-04-08,194.6300048828125,196.97999572753906,194.02999877929688,196.69000244140625,190.05056762695312,2456700,0.0,0.0
2024-04-09,198.50999450683594,204.1999969482422,197.9199981689453,204.1199951171875,197.22975158691406,4598000,0.0,0.0
2024-04-10,200.3800048828125,200.75,195.39999389648438,196.3300018310547,189.70269775390625,4517700,0.0,0.0
2024-04-11,197.9600067138672,199.08999633789062,194.24000549316406,198.63999938964844,191.9347381591797,3427100,0.0,0.0
2024-04-12,195.02999877929688,196.66000366210938,192.0800018310547,192.27000427246094,185.77975463867188,3337200,0.0,0.0
2024-04-15,194.9499969482422,195.8800048828125,189.22999572753906,190.2899932861328,183.86660766601562,2561500,0.0,0.0
2024-04-16,192.75,194.0399932861328,190.47000122070312,191.22999572753906,184.7748565673828,2268000,0.0,0.0
2024-04-17,192.4199981689453,192.8300018310547,189.1999969482422,189.42999267578125,183.03562927246094,2763200,0.0,0.0
2024-04-18,188.32000732421875,190.1999969482422,186.60000610351562,187.5800018310547,181.24807739257812,2748900,0.0,0.0
2024-04-19,187.08999633789062,187.92999267578125,182.57000732421875,183.36000061035156,177.17054748535156,4121300,0.0,0.0
2024-04-22,184.44000244140625,188.30999755859375,183.19000244140625,186.30999755859375,180.02096557617188,3557800,0.0,0.0
2024-04-23,187.0,190.86000061035156,186.42999267578125,189.92999267578125,183.5187225341797,4177800,0.0,0.0
2024-04-24,200.02999877929688,201.67999267578125,195.02999877929688,196.5,189.86697387695312,6527500,0.0,0.0
2024-04-25,197.86000061035156,199.10000610351562,195.10000610351562,197.94000244140625,191.25836181640625,3301500,0.0,0.0
2024-04-26,197.05999755859375,202.60000610351562,196.97000122070312,201.97000122070312,195.15232849121094,3136300,0.0,0.0
2024-04-29,200.80999755859375,203.97999572753906,200.63999938964844,203.89999389648438,197.01715087890625,2289200,0.0,0.0
2024-04-30,203.6300048828125,204.1999969482422,200.5,200.61000061035156,193.83824157714844,2668400,0.0,0.0
2024-05-01,197.05999755859375,199.52000427246094,193.85000610351562,193.88999938964844,187.34507751464844,3554600,0.0,0.0
2024-05-02,196.10000610351562,197.32000732421875,191.58999633789062,196.49000549316406,189.85733032226562,2728100,0.0,0.0
2024-05-03,199.0399932861328,201.8300018310547,199.0399932861328,199.6300048828125,192.89132690429688,2372800,0.0,0.0
2024-05-06,200.1699981689453,203.42999267578125,200.0,203.32000732421875,196.45675659179688,2168900,0.0,0.0
2024-05-07,204.5,205.77000427246094,203.52999877929688,203.57000732421875,196.6983184814453,3276700,0.0,0.0
2024-05-08,202.38999938964844,205.0,201.80999755859375,204.86000061035156,197.9447784423828,2464300,0.0,0.0
2024-05-09,204.47999572753906,205.4600067138672,203.6999969482422,204.7899932861328,197.87710571289062,2941800,0.0,0.0
2024-05-10,205.9499969482422,207.75999450683594,205.24000549316406,207.19000244140625,200.19610595703125,2617000,0.0,0.0
2024-05-13,208.8300018310547,209.75,208.0500030517578,208.3800048828125,201.345947265625,2314800,0.0,0.0
2024-05-14,209.0,212.4199981689453,206.7100067138672,211.94000244140625,204.78578186035156,2683400,0.0,0.0
2024-05-15,214.42999267578125,215.89999389648438,212.7100067138672,215.75,208.46719360351562,3802700,0.0,0.0
2024-05-16,216.0,216.0,213.66000366210938,214.1199951171875,206.89218139648438,2820000,0.0,0.0
2024-05-17,214.50999450683594,215.6300048828125,212.97000122070312,214.0800018310547,206.85354614257812,2373800,0.0,0.0
2024-05-20,214.9600067138672,218.6999969482422,213.94000244140625,217.47999572753906,210.13876342773438,2647900,0.0,0.0
2024-05-21,215.1999969482422,217.0800018310547,214.5500030517578,216.63999938964844,209.32711791992188,3428800,0.0,0.0
2024-05-22,227.7899932861328,240.3699951171875,224.75,240.16000366210938,232.05320739746094,9445800,0.0,0.0
2024-05-23,240.8800048828125,241.8800048828125,232.0,234.55999755859375,226.64222717285156,5578400,0.0,0.0
2024-05-24,236.3300018310547,238.32000732421875,232.1999969482422,232.50999450683594,224.6614227294922,4544300,0.0,0.0
2024-05-28,230.44000244140625,234.2899932861328,230.44000244140625,233.44000244140625,225.56002807617188,2673800,0.0,0.0
2024-05-29,229.74000549316406,231.6300048828125,227.8300018310547,228.14999389648438,220.44859313964844,3002100,0.0,0.0
2024-05-30,228.67999267578125,230.69000244140625,228.00999450683594,230.0,222.23614501953125,2884600,0.0,0.0
2024-05-31,230.10000610351562,234.72999572753906,227.64999389648438,234.49000549316406,226.5746307373047,6460100,0.0,0.0
2024-06-03,235.08999633789062,236.2899932861328,228.50999450683594,232.2100067138672,224.3715362548828,3087800,0.0,0.0
2024-06-04,231.86000061035156,232.17999267578125,228.9499969482422,230.6300048828125,223.73130798339844,2616000,0.92,0.0
2024-06-05,232.0,235.97000122070312,231.22000122070312,235.67999267578125,228.63021850585938,4016700,0.0,0.0
2024-06-06,234.52000427246094,238.3800048828125,233.2899932861328,237.41000366210938,230.3084716796875,2757000,0.0,0.0
2024-06-07,236.0500030517578,237.61000061035156,233.27000427246094,234.77000427246094,227.74745178222656,2208200,0.0,0.0
2024-06-10,232.2899932861328,235.97999572753906,231.19000244140625,235.3699951171875,228.32948303222656,2765600,0.0,0.0
2024-06-11,233.64999389648438,236.50999450683594,233.1300048828125,236.3000030517578,229.23167419433594,3098600,0.0,0.0
2024-06-12,239.02999877929688,240.5800018310547,236.44000244140625,238.44000244140625,231.30767822265625,2515000,0.0,0.0
2024-06-13,232.5500030517578,236.25,232.49000549316406,234.02999877929688,227.0295867919922,2673800,0.0,0.0
2024-06-14,230.10000610351562,232.57000732421875,229.4499969482422,231.19000244140625,224.27455139160156,2252400,0.0,0.0
2024-06-17,230.5399932861328,232.5,227.94000244140625,232.38999938964844,225.4386444091797,2415000,0.0,0.0
2024-06-18,231.74000549316406,236.42999267578125,231.27999877929688,235.3800048828125,228.3392333984375,2457400,0.0,0.0
2024-06-20,232.42999267578125,232.6699981689453,228.80999755859375,229.50999450683594,222.64479064941406,4562300,0.0,0.0
2024-06-21,231.5399932861328,231.8800048828125,229.07000732421875,231.0500030517578,224.13873291015625,7167000,0.0,0.0
2024-06-24,231.0500030517578,231.94000244140625,228.10000610351562,228.4600067138672,221.626220703125,2413600,0.0,0.0
2024-06-25,231.0800018310547,231.0800018310547,225.83999633789062,230.33999633789062,223.449951171875,2001300,0.0,0.0
2024-06-26,229.32000732421875,229.99000549316406,226.57000732421875,227.83999633789062,221.0247344970703,2510600,0.0,0.0
2024-06-27,227.0,228.44000244140625,225.97999572753906,226.67999267578125,219.8994598388672,2159000,0.0,0.0
2024-06-28,228.14999389648438,232.07000732421875,226.86000061035156,228.25999450683594,221.43218994140625,3634000,0.0,0.0
2024-07-01,226.6999969482422,226.9499969482422,223.9199981689453,225.17999267578125,218.44430541992188,2307800,0.0,0.0
2024-07-02,224.55999755859375,228.3699951171875,224.55999755859375,228.24000549316406,221.41278076171875,2417900,0.0,0.0
2024-07-03,228.6699981689453,230.99000549316406,227.0399932861328,230.02000427246094,223.13954162597656,1425700,0.0,0.0
2024-07-05,231.4199981689453,231.50999450683594,228.3699951171875,230.88999938964844,223.98350524902344,2251800,0.0,0.0
2024-07-08,232.17999267578125,233.75,231.6699981689453,233.33999633789062,226.3602294921875,1729500,0.0,0.0
2024-07-09,233.75999450683594,234.25999450683594,230.91000366210938,232.00999450683594,225.0699920654297,1315500,0.0,0.0
2024-07-10,234.4600067138672,239.08999633789062,233.10000610351562,238.3300018310547,231.2009735107422,4037600,0.0,0.0
2024-07-11,238.75999450683594,239.1999969482422,233.6699981689453,233.74000549316406,226.74827575683594,3103700,0.0,0.0
2024-07-12,238.35000610351562,242.16000366210938,236.14999389648438,238.55999755859375,231.42408752441406,3105700,0.0,0.0
2024-07-15,237.13999938964844,239.77000427246094,236.10000610351562,237.72000122070312,230.60919189453125,2057200,0.0,0.0
2024-07-16,239.00999450683594,243.8300018310547,237.64999389648438,243.3300018310547,236.05140686035156,1964600,0.0,0.0
2024-07-17,240.47999572753906,244.13999938964844,235.41000366210938,235.61000061035156,228.56231689453125,4448200,0.0,0.0
2024-07-18,236.47999572753906,241.10000610351562,236.2899932861328,238.99000549316406,231.84121704101562,3688500,0.0,0.0
2024-07-19,240.3000030517578,240.3000030517578,230.74000549316406,231.22000122070312,224.30361938476562,2894900,0.0,0.0
2024-07-22,237.1199951171875,240.25999450683594,233.32000732421875,240.0399932861328,232.85980224609375,2827300,0.0,0.0
2024-07-23,234.10000610351562,236.9199981689453,229.02999877929688,230.32000732421875,223.43055725097656,3876200,0.0,0.0
2024-07-24,230.6300048828125,230.9600067138672,223.74000549316406,224.6199951171875,217.90106201171875,4589600,0.0,0.0
2024-07-25,221.50999450683594,227.61000061035156,217.25,220.9199981689453,214.31175231933594,5114600,0.0,0.0
2024-07-26,225.3000030517578,227.25,222.97000122070312,226.42999267578125,219.6569061279297,4296200,0.0,0.0
2024-07-29,228.74000549316406,230.27000427246094,225.3300018310547,227.39999389648438,220.597900390625,2672200,0.0,0.0
2024-07-30,228.85000610351562,230.17999267578125,222.89999389648438,224.5800018310547,217.8622589111328,3955600,0.0,0.0
2024-07-31,229.75999450683594,232.16000366210938,226.94000244140625,231.3800048828125,224.4588623046875,4308100,0.0,0.0
2024-08-01,228.0800018310547,231.1999969482422,216.77000427246094,218.9199981689453,212.37156677246094,5404600,0.0,0.0
2024-08-02,212.47999572753906,213.07000732421875,206.7100067138672,207.9600067138672,201.73939514160156,6796700,0.0,0.0
2024-08-05,206.02999877929688,209.08999633789062,198.72999572753906,200.55999755859375,194.56077575683594,4879700,0.0,0.0
2024-08-06,201.36000061035156,208.6999969482422,201.17999267578125,204.8800048828125,198.75155639648438,4671100,0.0,0.0
2024-08-07,210.47000122070312,211.4199981689453,200.86000061035156,201.30999755859375,195.288330078125,4178200,0.0,0.0
2024-08-08,206.19000244140625,214.13999938964844,204.27000427246094,213.63999938964844,207.24951171875,4510100,0.0,0.0
2024-08-09,209.9499969482422,213.72999572753906,209.16000366210938,211.30999755859375,204.9892120361328,2482100,0.0,0.0
2024-08-12,212.14999389648438,213.39999389648438,210.0,212.0800018310547,205.73614501953125,1712100,0.0,0.0
2024-08-13,213.25,218.60000610351562,213.1999969482422,218.00999450683594,211.48876953125,4011000,0.0,0.0
2024-08-14,216.9199981689453,218.11000061035156,212.8000030517578,215.32000732421875,208.87925720214844,2409500,0.0,0.0
2024-08-15,220.4499969482422,224.24000549316406,219.4199981689453,223.6699981689453,216.97946166992188,5197400,0.0,0.0
2024-08-16,223.0500030517578,223.8000030517578,221.4199981689453,223.19000244140625,216.51382446289062,2573600,0.0,0.0
2024-08-19,222.42999267578125,226.0800018310547,221.49000549316406,225.9499969482422,219.1912841796875,2803100,0.0,0.0
2024-08-20,223.9600067138672,226.02000427246094,221.38999938964844,223.49000549316406,216.80487060546875,3994200,0.0,0.0
2024-08-21,229.52000427246094,236.86000061035156,224.80999755859375,227.5,220.69493103027344,5595100,0.0,0.0
2024-08-22,225.67999267578125,228.25999450683594,221.25999450683594,221.91000366210938,215.2721710205078,3708100,0.0,0.0
2024-08-23,225.85000610351562,229.2100067138672,224.75999450683594,228.38999938964844,221.55831909179688,3208000,0.0,0.0
2024-08-26,227.83999633789062,228.19000244140625,223.7899932861328,225.61000061035156,218.86143493652344,2532300,0.0,0.0
2024-08-27,225.11000061035156,232.35000610351562,224.30999755859375,231.83999633789062,224.90509033203125,3707500,0.0,0.0
2024-08-28,231.0800018310547,233.25,225.13999938964844,227.1699981689453,220.37477111816406,3211800,0.0,0.0
2024-08-29,229.49000549316406,235.11000061035156,229.47999572753906,230.88999938964844,223.98350524902344,2711500,0.0,0.0
2024-08-30,234.94000244140625,236.13999938964844,231.82000732421875,234.83999633789062,227.8153533935547,2770900,0.0,0.0
2024-09-03,228.69000244140625,230.02000427246094,217.64999389648438,218.7100067138672,213.00228881835938,4868600,0.92,0.0
2024-09-04,220.00999450683594,223.97999572753906,218.1199951171875,221.8000030517578,216.01165771484375,2736400,0.0,0.0
2024-09-05,219.47999572753906,221.6199951171875,217.72000122070312,219.05999755859375,213.34315490722656,2730000,0.0,0.0
2024-09-06,218.57000732421875,219.41000366210938,212.6999969482422,213.63999938964844,208.06460571289062,3437000,0.0,0.0
2024-09-09,217.00999450683594,219.30999755859375,216.0500030517578,218.55999755859375,212.85621643066406,2450800,0.0,0.0
2024-09-10,217.5,219.02999877929688,214.1199951171875,218.72000122070312,213.01202392578125,2048900,0.0,0.0
2024-09-11,219.88999938964844,225.72000122070312,214.7100067138672,225.07000732421875,219.19631958007812,3431800,0.0,0.0
2024-09-12,223.44000244140625,223.4499969482422,218.92999267578125,221.52999877929688,215.7487030029297,2157800,0.0,0.0
2024-09-13,223.83999633789062,226.5500030517578,223.00999450683594,225.4199981689453,219.53720092773438,2032300,0.0,0.0
2024-09-16,222.38999938964844,224.4600067138672,220.69000244140625,223.27999877929688,217.45301818847656,2124000,0.0,0.0
2024-09-17,227.44000244140625,229.0399932861328,222.64999389648438,225.35000610351562,219.46900939941406,2524500,0.0,0.0
2024-09-18,228.8699951171875,228.8699951171875,221.9600067138672,222.63999938964844,216.82972717285156,2527300,0.0,0.0
2024-09-19,230.0,235.75999450683594,227.8699951171875,233.4499969482422,227.35763549804688,7157700,0.0,0.0
2024-09-20,231.97000122070312,232.47999572753906,224.35000610351562,226.77999877929688,220.86170959472656,5009500,0.0,0.0
2024-09-23,224.77999877929688,226.83999633789062,224.1999969482422,226.00999450683594,220.11178588867188,1357900,0.0,0.0
2024-09-24,228.63999938964844,230.8000030517578,226.82000732421875,227.3300018310547,221.39735412597656,1984800,0.0,0.0
2024-09-25,224.10000610351562,227.5800018310547,224.10000610351562,226.63999938964844,220.72535705566406,2042600,0.0,0.0
2024-09-26,232.6199951171875,233.97999572753906,224.80999755859375,232.4600067138672,226.3934783935547,3883000,0.0,0.0
2024-09-27,234.7100067138672,235.25999450683594,231.08999633789062,232.0500030517578,225.99417114257812,2277800,0.0,0.0
2024-09-30,228.89999389648438,230.55999755859375,226.66000366210938,230.1699981689453,224.16323852539062,2711400,0.0,0.0
2024-10-01,228.92999267578125,229.44000244140625,222.39999389648438,223.6699981689453,217.83285522460938,3124400,0.0,0.0
2024-10-02,224.97999572753906,229.97000122070312,223.5399932861328,227.72999572753906,221.7869110107422,1858000,0.0,0.0
2024-10-03,224.6300048828125,228.83999633789062,224.4600067138672,226.55999755859375,220.64743041992188,2087700,0.0,0.0
2024-10-04,231.89999389648438,232.36000061035156,226.11000061035156,228.22999572753906,222.2738494873047,1895200,0.0,0.0
2024-10-07,225.64999389648438,227.30999755859375,224.08999633789062,226.50999450683594,220.59873962402344,1564700,0.0,0.0
2024-10-08,226.74000549316406,230.50999450683594,224.30999755859375,229.39999389648438,223.41329956054688,2447400,0.0,0.0
2024-10-09,230.39999389648438,233.5800018310547,229.2899932861328,233.24000549316406,227.15310668945312,2410700,0.0,0.0
2024-10-10,229.6999969482422,231.8300018310547,228.6699981689453,230.6999969482422,224.67941284179688,1793700,0.0,0.0
2024-10-11,229.32000732421875,234.0,229.32000732421875,232.86000061035156,226.78302001953125,1428900,0.0,0.0
2024-10-14,233.8000030517578,237.02999877929688,232.6999969482422,236.42999267578125,230.25985717773438,1770300,0.0,0.0
2024-10-15,236.00999450683594,236.75999450683594,224.0800018310547,225.8699951171875,219.97543334960938,4112200,0.0,0.0
2024-10-16,228.85000610351562,230.33999633789062,225.9600067138672,227.49000549316406,221.5531768798828,1585700,0.0,0.0
2024-10-17,232.52000427246094,233.55999755859375,227.1699981689453,227.33999633789062,221.40707397460938,3637700,0.0,0.0
2024-10-18,229.1699981689453,229.77999877929688,226.97000122070312,228.3300018310547,222.3712615966797,1763100,0.0,0.0
2024-10-21,226.3000030517578,226.41000366210938,222.41000366210938,225.6699981689453,219.78065490722656,2212200,0.0,0.0
2024-10-22,224.44000244140625,225.61000061035156,222.7100067138672,224.6199951171875,218.758056640625,1833700,0.0,0.0
2024-10-23,228.0800018310547,229.50999450683594,224.00999450683594,226.85000610351562,220.92990112304688,2492000,0.0,0.0
2024-10-24,228.74000549316406,230.33999633789062,227.4199981689453,229.67999267578125,223.68601989746094,2376100,0.0,0.0
2024-10-25,231.83999633789062,235.1999969482422,230.0399932861328,230.1699981689453,224.16323852539062,1733500,0.0,0.0
2024-10-28,229.1300048828125,231.9499969482422,228.60000610351562,230.13999938964844,224.13400268554688,3403700,0.0,0.0
2024-10-29,229.6999969482422,235.86000061035156,229.00999450683594,235.22999572753906,229.09117126464844,2055900,0.0,0.0
2024-10-30,230.77999877929688,232.99000549316406,229.8800048828125,230.1199951171875,224.11451721191406,2084400,0.0,0.0
2024-10-31,230.16000366210938,230.1999969482422,220.8300018310547,223.11000061035156,217.28746032714844,4258100,0.0,0.0
2024-11-01,223.8699951171875,226.60000610351562,223.0,225.47999572753906,219.59561157226562,2922800,0.0,0.0
2024-11-04,225.0,226.77999877929688,223.44000244140625,224.19000244140625,218.3392791748047,1599600,0.0,0.0
2024-11-05,219.30999755859375,219.30999755859375,215.32000732421875,217.60000610351562,211.92127990722656,3753400,0.0,0.0
2024-11-06,223.67999267578125,228.08999633789062,221.94000244140625,226.25,220.3455047607422,3615300,0.0,0.0
2024-11-07,229.6300048828125,230.27000427246094,225.72000122070312,227.77000427246094,221.82586669921875,2500600,0.0,0.0
2024-11-08,226.55999755859375,228.1199951171875,224.75999450683594,225.8000030517578,219.90728759765625,3426900,0.0,0.0
2024-11-11,223.85000610351562,225.00999450683594,218.4199981689453,220.47000122070312,214.71640014648438,3271700,0.0,0.0
2024-11-12,220.49000549316406,220.85000610351562,215.89999389648438,219.5500030517578,213.82037353515625,2593900,0.0,0.0
2024-11-13,216.77000427246094,217.67999267578125,212.44000244140625,212.83999633789062,207.28546142578125,4609800,0.0,0.0
2024-11-14,213.44000244140625,215.0399932861328,211.4600067138672,212.24000549316406,206.70115661621094,3214100,0.0,0.0
2024-11-15,208.77000427246094,210.3800048828125,205.39999389648438,206.35000610351562,200.96484375,3881000,0.0,0.0
2024-11-18,206.52000427246094,209.88999938964844,206.11000061035156,209.64999389648438,204.17874145507812,3774000,0.0,0.0
2024-11-19,207.6999969482422,210.82000732421875,206.8000030517578,210.42999267578125,204.93836975097656,2958600,0.0,0.0
2024-11-20,207.25,211.16000366210938,207.25,211.00999450683594,205.50326538085938,3072400,0.0,0.0
2024-11-21,212.2899932861328,215.00999450683594,210.0500030517578,213.9600067138672,208.37628173828125,2540600,0.0,0.0
2024-11-22,211.5399932861328,214.75,211.5399932861328,214.58999633789062,208.9898223876953,2695200,0.0,0.0
2024-11-25,217.74000549316406,225.0,216.0,223.5800018310547,217.74520874023438,7303600,0.0,0.0
2024-11-26,232.14999389648438,233.5500030517578,216.00999450683594,219.0500030517578,213.3334197998047,6568700,0.0,0.0
2024-11-27,219.32000732421875,219.39999389648438,213.89999389648438,217.1699981689453,211.50250244140625,2943400,0.0,0.0
2024-11-29,219.19000244140625,221.6999969482422,217.5,218.0500030517578,212.35952758789062,1992600,0.0,0.0
2024-12-02,218.1300048828125,224.7899932861328,217.00999450683594,223.1199951171875,217.2971954345703,3240200,0.0,0.0
2024-12-03,221.5800018310547,223.3300018310547,219.9499969482422,221.5399932861328,215.75845336914062,2340500,0.0,0.0
2024-12-04,223.11000061035156,223.2100067138672,217.86000061035156,218.3000030517578,212.60299682617188,2635200,0.0,0.0
2024-12-05,217.22999572753906,219.38999938964844,213.86000061035156,214.5500030517578,208.9508819580078,2474800,0.0,0.0
2024-12-06,214.72999572753906,218.58999633789062,213.72999572753906,218.1999969482422,212.505615234375,3189400,0.0,0.0
2024-12-09,215.97000122070312,223.5500030517578,215.16000366210938,219.0399932861328,214.2269287109375,2467200,0.92,0.0
2024-12-10,219.0399932861328,219.6699981689453,214.5,215.61000061035156,210.87229919433594,2679400,0.0,0.0
2024-12-11,216.02999877929688,219.0399932861328,215.55999755859375,217.1199951171875,212.34913635253906,3839200,0.0,0.0
2024-12-12,215.14999389648438,218.72999572753906,214.63999938964844,217.72000122070312,212.93592834472656,2995000,0.0,0.0
2024-12-13,215.41000366210938,217.97000122070312,213.75,216.61000061035156,211.850341796875,3067300,0.0,0.0
2024-12-16,214.9199981689453,217.7899932861328,213.66000366210938,216.30999755859375,211.55691528320312,3409800,0.0,0.0
2024-12-17,215.88999938964844,217.92999267578125,212.36000061035156,213.82000732421875,209.1216583251953,3240500,0.0,0.0
2024-12-18,215.16000366210938,218.9499969482422,207.25999450683594,207.77000427246094,203.20457458496094,4077400,0.0,0.0
2024-12-19,209.60000610351562,210.61000061035156,207.22999572753906,207.77999877929688,203.21437072753906,3941900,0.0,0.0
2024-12-20,206.27999877929688,213.36000061035156,205.8300018310547,211.77999877929688,207.12646484375,6604100,0.0,0.0
2024-12-23,211.92999267578125,215.5800018310547,211.5500030517578,214.88999938964844,210.1681365966797,2478500,0.0,0.0
2024-12-24,215.94000244140625,218.2100067138672,213.6699981689453,218.08999633789062,213.29779052734375,1063500,0.0,0.0
2024-12-26,215.38999938964844,219.07000732421875,215.38999938964844,218.05999755859375,213.26846313476562,1189000,0.0,0.0
2024-12-27,217.42999267578125,218.25,215.24000549316406,216.99000549316406,212.22198486328125,1926700,0.0,0.0
2024-12-30,214.25,214.6300048828125,211.02999877929688,212.55999755859375,207.88931274414062,2578300,0.0,0.0
2024-12-31,214.0,214.5500030517578,211.07000732421875,212.4600067138672,207.79153442382812,1608800,0.0,0.0
2025-01-02,215.49000549316406,217.25,209.75,211.35000610351562,206.70591735839844,2378700,0.0,0.0
2025-01-03,212.75999450683594,216.11000061035156,210.39999389648438,215.3699951171875,210.63755798339844,2547200,0.0,0.0
2025-01-06,215.3300018310547,221.52999877929688,214.77999877929688,218.0,213.2097930908203,2490700,0.0,0.0
2025-01-07,219.7899932861328,220.27999877929688,214.3000030517578,215.8699951171875,211.1265869140625,3573100,0.0,0.0
2025-01-08,215.39999389648438,221.16000366210938,212.6300048828125,220.44000244140625,215.59616088867188,3096400,0.0,0.0
2025-01-10,217.5399932861328,219.3699951171875,211.7899932861328,212.3699951171875,207.70347595214844,4108500,0.0,0.0
2025-01-13,209.33999633789062,213.3699951171875,208.08999633789062,212.9499969482422,208.27073669433594,3960600,0.0,0.0
2025-01-14,213.16000366210938,214.8300018310547,211.5399932861328,214.64999389648438,209.93338012695312,1634600,0.0,0.0
2025-01-15,217.5,219.58999633789062,215.6999969482422,218.22000122070312,213.4249725341797,3302500,0.0,0.0
2025-01-16,218.3000030517578,218.3000030517578,212.7100067138672,215.02000427246094,210.29525756835938,3116000,0.0,0.0
2025-01-17,220.55999755859375,220.63999938964844,217.83999633789062,219.16000366210938,214.3443145751953,2871100,0.0,0.0
2025-01-21,219.22999572753906,223.64999389648438,219.16000366210938,221.4499969482422,216.58396911621094,4090900,0.0,0.0
2025-01-22,221.4499969482422,226.22000122070312,221.10000610351562,224.0800018310547,219.1561737060547,2883300,0.0,0.0
2025-01-23,221.8800048828125,228.42999267578125,221.52999877929688,228.35000610351562,223.33238220214844,2608000,0.0,0.0
2025-01-24,224.6199951171875,226.0399932861328,217.1300048828125,217.3699951171875,212.59361267089844,3929200,0.0,0.0
2025-01-27,217.39999389648438,220.82000732421875,213.63999938964844,215.4199981689453,210.6864776611328,7088000,0.0,0.0
2025-01-28,212.80999755859375,213.91000366210938,207.89999389648438,209.52000427246094,204.9161376953125,3748600,0.0,0.0
2025-01-29,209.5399932861328,211.8699951171875,209.00999450683594,209.91000366210938,205.2975616455078,2258500,0.0,0.0
2025-01-30,210.22999572753906,213.07000732421875,209.10000610351562,212.39999389648438,207.73284912109375,2976400,0.0,0.0
2025-01-31,211.7100067138672,217.6199951171875,210.69000244140625,211.88999938964844,207.2340545654297,3486400,0.0,0.0
2025-02-03,209.2899932861328,209.64999389648438,202.77000427246094,205.24000549316406,200.7301788330078,4483500,0.0,0.0
2025-02-04,204.60000610351562,208.35000610351562,204.07000732421875,206.00999450683594,201.48326110839844,4651500,0.0,0.0
2025-02-05,205.42999267578125,210.5500030517578,204.16000366210938,209.8000030517578,205.18995666503906,4515700,0.0,0.0
2025-02-06,208.72999572753906,210.50999450683594,205.75,207.8300018310547,203.26327514648438,2715100,0.0,0.0
2025-02-07,207.67999267578125,209.5500030517578,203.74000549316406,205.2100067138672,200.70082092285156,3194700,0.0,0.0
2025-02-10,206.5800018310547,207.2100067138672,202.97000122070312,204.86000061035156,200.35850524902344,2820500,0.0,0.0
2025-02-11,202.92999267578125,206.6199951171875,202.63999938964844,203.4600067138672,198.98928833007812,2335700,0.0,0.0
2025-02-12,201.00999450683594,205.39999389648438,200.8000030517578,205.1300048828125,200.62258911132812,2411500,0.0,0.0
2025-02-13,204.99000549316406,209.64999389648438,204.99000549316406,209.33999633789062,204.7400665283203,3134900,0.0,0.0
2025-02-14,211.24000549316406,215.14999389648438,210.6300048828125,214.61000061035156,209.89427185058594,3938600,0.0,0.0
2025-02-18,217.27000427246094,220.50999450683594,215.77000427246094,220.22000122070312,215.38099670410156,7400200,0.0,0.0
2025-02-19,230.02000427246094,242.50999450683594,224.10000610351562,241.66000366210938,236.3498992919922,9789600,0.0,0.0
2025-02-20,243.5399932861328,247.10000610351562,242.5500030517578,243.82000732421875,238.4624481201172,5889800,0.0,0.0
2025-02-21,244.92999267578125,246.0800018310547,237.75999450683594,238.91000366210938,233.6603240966797,6176500,0.0,0.0
2025-02-24,240.27999877929688,240.63999938964844,236.17999267578125,236.99000549316406,231.78253173828125,4778300,0.0,0.0
2025-02-25,238.3300018310547,238.3300018310547,234.3800048828125,235.3000030517578,230.12965393066406,4136800,0.0,0.0
2025-02-26,235.0399932861328,236.3800048828125,231.8300018310547,233.72999572753906,228.59414672851562,2908200,0.0,0.0
2025-02-27,234.22999572753906,234.22999572753906,223.5,223.85000610351562,218.93125915527344,4480000,0.0,0.0
2025-02-28,225.99000549316406,230.1199951171875,223.0500030517578,230.05999755859375,225.00479125976562,4631200,0.0,0.0
2025-03-03,231.83999633789062,233.8300018310547,225.6699981689453,228.52999877929688,223.50839233398438,5000100,0.0,0.0
2025-03-04,230.4600067138672,231.44000244140625,223.89999389648438,226.17999267578125,222.1724853515625,4742400,0.99,0.0
2025-03-05,227.17999267578125,229.86000061035156,222.6999969482422,229.47000122070312,225.40420532226562,3927300,0.0,0.0
2025-03-06,225.67999267578125,228.8699951171875,222.0500030517578,222.77000427246094,218.8229217529297,4818700,0.0,0.0
2025-03-07,223.58999633789062,226.66000366210938,219.74000549316406,225.86000061035156,221.85816955566406,4062900,0.0,0.0
2025-03-10,220.22000122070312,221.14999389648438,213.14999389648438,216.25999450683594,212.4282684326172,4946600,0.0,0.0
2025-03-11,217.3300018310547,217.38999938964844,206.47999572753906,209.0800018310547,205.37548828125,4225500,0.0,0.0
2025-03-12,209.0800018310547,212.99000549316406,205.6199951171875,206.6199951171875,202.9590606689453,3917700,0.0,0.0
2025-03-13,206.0,208.16000366210938,202.58999633789062,203.8000030517578,200.1890411376953,2625200,0.0,0.0
2025-03-14,207.36000061035156,209.85000610351562,206.22999572753906,208.75,205.05133056640625,2614100,0.0,0.0
2025-03-17,207.75,213.3699951171875,207.3699951171875,211.67999267578125,207.9293975830078,2514500,0.0,0.0
2025-03-18,210.5800018310547,210.75,207.69000244140625,209.16000366210938,205.4540557861328,2657000,0.0,0.0
2025-03-19,209.19000244140625,213.02999877929688,208.08999633789062,209.97000122070312,206.24969482421875,2571900,0.0,0.0
2025-03-20,208.1699981689453,208.1699981689453,204.80999755859375,205.89999389648438,202.25180053710938,2775400,0.0,0.0
2025-03-21,203.05999755859375,205.27000427246094,201.27999877929688,204.39999389648438,200.7783966064453,5070200,0.0,0.0
2025-03-24,210.0,214.0800018310547,209.74000549316406,212.33999633789062,208.57769775390625,3458300,0.0,0.0
2025-03-25,210.97999572753906,214.6300048828125,210.97999572753906,213.5800018310547,209.79574584960938,2549800,0.0,0.0
2025-03-26,213.14999389648438,214.89999389648438,209.69000244140625,210.52999877929688,206.79977416992188,2453300,0.0,0.0
2025-03-27,208.67999267578125,211.0,205.8800048828125,208.94000244140625,205.2379608154297,2884800,0.0,0.0
2025-03-28,207.82000732421875,208.05999755859375,200.77000427246094,201.55999755859375,197.9887237548828,3521400,0.0,0.0
2025-03-31,200.22999572753906,202.52000427246094,196.8000030517578,201.6699981689453,198.09677124023438,3803700,0.0,0.0
2025-04-01,200.25999450683594,200.83999633789062,195.1199951171875,199.17999267578125,195.65087890625,3383000,0.0,0.0
2025-04-02,195.75999450683594,202.3000030517578,195.75999450683594,199.58999633789062,196.05361938476562,2437500,0.0,0.0
2025-04-03,191.82000732421875,193.1999969482422,180.39999389648438,180.8800048828125,177.67514038085938,6970800,0.0,0.0
2025-04-04,174.61000061035156,176.41000366210938,164.13999938964844,164.60000610351562,161.68359375,9633900,0.0,0.0
2025-04-07,163.1999969482422,183.30999755859375,158.64999389648438,171.33999633789062,168.3041534423828,10236500,0.0,0.0
2025-04-08,175.3800048828125,179.24000549316406,161.8300018310547,166.08999633789062,163.14718627929688,7640300,0.0,0.0
2025-04-09,166.0500030517578,198.4600067138672,164.5800018310547,196.6300048828125,193.14608764648438,10941600,0.0,0.0
2025-04-10,189.6300048828125,189.6300048828125,170.92999267578125,178.36000061035156,175.1997833251953,8547900,0.0,0.0
2025-04-11,172.1300048828125,180.97999572753906,167.1999969482422,179.16000366210938,175.98561096191406,6528800,0.0,0.0
2025-04-14,183.25999450683594,185.0,175.5800018310547,178.60000610351562,175.43553161621094,3912100,0.0,0.0
2025-04-15,178.60000610351562,182.47000122070312,178.07000732421875,179.5399932861328,176.35888671875,3035900,0.0,0.0
2025-04-16,173.6699981689453,177.36000061035156,170.38999938964844,175.92999267578125,172.81280517578125,4392800,0.0,0.0
2025-04-17,177.88999938964844,178.33999633789062,173.5800018310547,176.27000427246094,173.14682006835938,3341200,0.0,0.0
2025-04-21,172.64999389648438,175.47000122070312,171.0,174.99000549316406,171.88949584960938,3650100,0.0,0.0
2025-04-22,176.77999877929688,179.19000244140625,175.2100067138672,178.5,175.33731079101562,3735000,0.0,0.0
2025-04-23,185.99000549316406,187.83999633789062,182.47999572753906,183.11000061035156,179.86561584472656,4323300,0.0,0.0
2025-04-24,192.72999572753906,197.52000427246094,191.0500030517578,195.22999572753906,191.77085876464844,5606700,0.0,0.0
2025-04-25,192.9499969482422,196.3699951171875,191.69000244140625,194.58999633789062,191.14222717285156,3206800,0.0,0.0
2025-04-28,193.36000061035156,196.3699951171875,189.9499969482422,193.72000122070312,190.28762817382812,3401400,0.0,0.0
2025-04-29,191.5,194.82000732421875,190.36000061035156,192.6699981689453,189.2562255859375,3939800,0.0,0.0
2025-04-30,187.5500030517578,195.33999633789062,186.72999572753906,194.9199981689453,191.46636962890625,4415400,0.0,0.0
2025-05-01,196.83999633789062,197.1699981689453,193.44000244140625,193.74000549316406,190.30726623535156,3439500,0.0,0.0
2025-05-02,197.86000061035156,199.7100067138672,197.14999389648438,198.58999633789062,195.07135009765625,3795900,0.0,0.0
2025-05-05,196.16000366210938,199.72000122070312,195.58999633789062,197.72000122070312,194.2167510986328,2022700,0.0,0.0
2025-05-06,194.88999938964844,197.39999389648438,194.25999450683594,195.60000610351562,192.1343231201172,2535500,0.0,0.0
2025-05-07,196.6300048828125,200.72000122070312,195.69000244140625,199.86000061035156,196.31883239746094,2965700,0.0,0.0
2025-05-08,202.25999450683594,206.0399932861328,200.9600067138672,202.77999877929688,199.18710327148438,3422400,0.0,0.0
2025-05-09,207.24000549316406,210.13999938964844,206.2899932861328,207.50999450683594,203.83328247070312,3537500,0.0,0.0
2025-05-12,222.8699951171875,225.49000549316406,219.10000610351562,223.14999389648438,219.1961669921875,6358100,0.0,0.0
2025-05-13,221.97000122070312,227.07000732421875,220.25,226.67999267578125,222.6636505126953,4373500,0.0,0.0
2025-05-14,227.63999938964844,228.33999633789062,224.00999450683594,226.82000732421875,222.80117797851562,4648400,0.0,0.0
2025-05-15,224.42999267578125,228.8000030517578,224.00999450683594,227.1199951171875,223.09584045410156,3044800,0.0,0.0
2025-05-16,227.16000366210938,227.8000030517578,225.52999877929688,227.11000061035156,223.08599853515625,3617900,0.0,0.0
2025-05-19,223.63999938964844,226.80999755859375,223.07000732421875,224.5399932861328,220.56155395507812,3974200,0.0,0.0
2025-05-20,222.32000732421875,224.60000610351562,221.92999267578125,224.49000549316406,220.512451171875,2619200,0.0,0.0
2025-05-21,222.60000610351562,227.38999938964844,221.3300018310547,222.22000122070312,218.2826690673828,5091100,0.0,0.0
2025-05-22,221.4600067138672,224.39999389648438,211.3699951171875,211.92999267578125,208.1749725341797,8968300,0.0,0.0
2025-05-23,208.97999572753906,211.0399932861328,206.0,210.47000122070312,206.74085998535156,4848100,0.0,0.0
2025-05-27,215.14999389648438,217.8699951171875,212.72999572753906,216.88999938964844,213.04710388183594,5542200,0.0,0.0
2025-05-28,217.61000061035156,218.19000244140625,215.4600067138672,215.6199951171875,211.79959106445312,3853900,0.0,0.0
2025-05-29,218.05999755859375,218.5,214.0,215.75,211.92730712890625,3800200,0.0,0.0
2025-05-30,215.27999877929688,215.83999633789062,210.8000030517578,213.97999572753906,210.18865966796875,10923400,0.0,0.0
2025-06-02,212.39999389648438,216.1999969482422,212.22000122070312,215.4499969482422,211.6326141357422,2233700,0.0,0.0
2025-06-03,214.02999877929688,218.88999938964844,213.0500030517578,218.42999267578125,214.559814453125,3515800,0.0,0.0
2025-06-04,219.8300018310547,221.19000244140625,217.3300018310547,218.5,215.6057586669922,4199200,0.99,0.0
2025-06-05,219.8000030517578,222.58999633789062,217.02000427246094,218.0399932861328,215.15185546875,3496200,0.0,0.0
2025-06-06,220.67999267578125,225.35000610351562,220.6300048828125,222.25999450683594,219.3159637451172,3246000,0.0,0.0
2025-06-09,223.82000732421875,229.17999267578125,223.41000366210938,227.66000366210938,224.64443969726562,4110600,0.0,0.0
2025-06-10,228.27000427246094,234.75999450683594,228.00999450683594,233.33999633789062,230.24920654296875,4164800,0.0,0.0
2025-06-11,234.08999633789062,236.1199951171875,230.27000427246094,232.5399932861328,229.4597930908203,3311800,0.0,0.0
2025-06-12,231.52999877929688,233.74000549316406,230.85000610351562,232.1199951171875,229.04534912109375,2144000,0.0,0.0
2025-06-13,227.55999755859375,228.94000244140625,224.3800048828125,225.02999877929688,222.0492706298828,3349600,0.0,0.0
2025-06-16,228.1300048828125,231.9199981689453,227.5,231.8000030517578,228.72959899902344,3344900,0.0,0.0
2025-06-17,229.1999969482422,231.69000244140625,227.30999755859375,227.44000244140625,224.42735290527344,2726500,0.0,0.0
2025-06-18,230.4199981689453,233.0800018310547,228.83999633789062,229.64999389648438,226.60806274414062,2551500,0.0,0.0
2025-06-20,231.75,232.02000427246094,225.57000732421875,228.35000610351562,225.32530212402344,5316100,0.0,0.0
2025-06-23,228.19000244140625,231.30999755859375,226.6999969482422,230.97999572753906,227.9204559326172,3573500,0.0,0.0
2025-06-24,233.91000366210938,235.61000061035156,233.2100067138672,234.97999572753906,231.8674774169922,3636100,0.0,0.0
2025-06-25,235.60000610351562,236.4499969482422,231.6199951171875,234.67999267578125,231.57144165039062,3548600,0.0,0.0
2025-06-26,236.02999877929688,238.22000122070312,235.10000610351562,237.3000030517578,234.15675354003906,3057800,0.0,0.0
2025-06-27,237.0,239.07000732421875,234.94000244140625,236.9600067138672,233.82125854492188,3617800,0.0,0.0
2025-06-30,237.5399932861328,238.6699981689453,235.66000366210938,238.02000427246094,234.86721801757812,3258700,0.0,0.0
2025-07-01,236.5399932861328,241.80999755859375,235.82000732421875,240.63999938964844,237.45248413085938,3500600,0.0,0.0
2025-07-02,240.47000122070312,245.44000244140625,240.02999877929688,245.14999389648438,241.9027557373047,3538300,0.0,0.0
2025-07-03,245.83999633789062,246.5500030517578,244.17999267578125,245.67999267578125,242.42575073242188,1837400,0.0,0.0
2025-07-07,244.80999755859375,245.30999755859375,240.36000061035156,241.80999755859375,238.6070098876953,2783400,0.0,0.0
2025-07-08,243.60000610351562,247.72999572753906,242.66000366210938,245.14999389648438,241.9027557373047,3964200,0.0,0.0
2025-07-09,245.58999633789062,246.9199981689453,241.0,242.72000122070312,239.5049591064453,3339000,0.0,0.0
2025-07-10,244.77999877929688,245.74000549316406,242.22000122070312,245.1300048828125,241.88304138183594,2428200,0.0,0.0
2025-07-11,243.36000061035156,245.77999877929688,242.00999450683594,244.67999267578125,241.43898010253906,2037700,0.0,0.0
2025-07-14,243.1300048828125,244.1300048828125,241.42999267578125,243.4600067138672,240.2351531982422,2045400,0.0,0.0
2025-07-15,244.99000549316406,245.75999450683594,240.27000427246094,240.4199981689453,237.2354278564453,3001700,0.0,0.0
2025-07-16,239.75,241.00999450683594,236.27999877929688,240.61000061035156,237.4228973388672,2842100,0.0,0.0
2025-07-17,239.94000244140625,241.88999938964844,239.0800018310547,240.97000122070312,237.77813720703125,2830800,0.0,0.0
2025-07-18,243.0399932861328,243.60000610351562,240.8300018310547,241.85000610351562,238.64646911621094,2761600,0.0,0.0
2025-07-21,243.3300018310547,245.72000122070312,240.35000610351562,240.47999572753906,237.29461669921875,2997800,0.0,0.0
2025-07-22,238.7899932861328,241.39999389648438,234.0,235.5,232.38058471679688,6027500,0.0,0.0
2025-07-23,230.77000427246094,232.5,222.0,228.0800018310547,225.05886840820312,7845200,0.0,0.0
2025-07-24,228.47000122070312,228.47000122070312,223.75999450683594,226.3699951171875,223.37152099609375,4771000,0.0,0.0
2025-07-25,226.63999938964844,228.64999389648438,225.17999267578125,227.82000732421875,224.8023223876953,2695600,0.0,0.0
2025-07-28,228.91000366210938,231.0399932861328,228.86000061035156,230.77000427246094,227.7132568359375,3136200,0.0,0.0
2025-07-29,231.97999572753906,232.63999938964844,229.13999938964844,230.75,227.6935272216797,2174200,0.0,0.0
2025-07-30,231.8300018310547,232.1999969482422,229.10000610351562,231.11000061035156,228.0487518310547,2324100,0.0,0.0
2025-07-31,228.27999877929688,229.77999877929688,222.3699951171875,224.6300048828125,221.6545867919922,5339800,0.0,0.0
2025-08-01,222.36000061035156,223.16000366210938,218.85000610351562,221.7100067138672,218.7732696533203,3740500,0.0,0.0
2025-08-04,221.4199981689453,223.52999877929688,220.60000610351562,222.39999389648438,219.45408630371094,2848100,0.0,0.0
2025-08-05,222.97999572753906,225.0800018310547,219.38999938964844,220.67999267578125,217.7568817138672,3099000,0.0,0.0
2025-08-06,220.67999267578125,221.1699981689453,218.3699951171875,220.69000244140625,217.7667694091797,2547300,0.0,0.0
2025-08-07,223.10000610351562,225.63999938964844,222.19000244140625,223.1199951171875,220.1645965576172,2522000,0.0,0.0
2025-08-08,223.05999755859375,224.94000244140625,221.14999389648438,223.9499969482422,220.98358154296875,3078200,0.0,0.0
2025-08-11,225.0,228.32000732421875,223.44000244140625,224.07000732421875,221.10198974609375,3479200,0.0,0.0
2025-08-12,226.47999572753906,234.2899932861328,225.42999267578125,232.0399932861328,228.96641540527344,4979300,0.0,0.0
2025-08-13,232.97000122070312,238.27000427246094,232.1199951171875,237.6300048828125,234.48239135742188,3804700,0.0,0.0
2025-08-14,234.86000061035156,236.8699951171875,232.97000122070312,236.2100067138672,233.08119201660156,2182100,0.0,0.0
2025-08-15,237.2100067138672,237.2100067138672,231.0399932861328,231.6300048828125,228.5618438720703,3826400,0.0,0.0
2025-08-18,230.5,234.0399932861328,230.5,231.5500030517578,228.48292541503906,2260100,0.0,0.0
2025-08-19,231.63999938964844,234.22000122070312,229.80999755859375,230.44000244140625,227.3876190185547,4569000,0.0,0.0
2025-08-20,239.69000244140625,245.39999389648438,228.11000061035156,244.8699951171875,241.62648010253906,8529000,0.0,0.0
2025-08-21,244.0,250.17999267578125,243.49000549316406,246.9499969482422,243.6789093017578,5991800,0.0,0.0
2025-08-22,249.17999267578125,257.2099914550781,248.22000122070312,252.1999969482422,248.859375,4990800,0.0,0.0
2025-08-25,252.63999938964844,255.27000427246094,251.25999450683594,254.49000549316406,251.1190643310547,3419100,0.0,0.0
2025-08-26,254.0,257.7200012207031,253.69000244140625,255.6300048828125,252.2439727783203,5735100,0.0,0.0
2025-08-27,254.58999633789062,256.25,252.8699951171875,255.5,252.11566162109375,3347400,0.0,0.0
2025-08-28,256.8800048828125,258.1300048828125,254.1699981689453,254.25,250.88223266601562,4038100,0.0,0.0
2025-08-29,253.05999755859375,254.25,250.52000427246094,251.30999755859375,247.98118591308594,3599000,0.0,0.0
2025-09-02,246.5,248.52000427246094,243.8300018310547,248.32000732421875,245.99984741210938,3115700,0.99,0.0
2025-09-03,248.32000732421875,248.8699951171875,241.92999267578125,244.5500030517578,242.26507568359375,3024500,0.0,0.0
2025-09-04,243.00999450683594,246.32000732421875,239.5800018310547,246.11000061035156,243.8105010986328,3574700,0.0,0.0
2025-09-05,246.22000122070312,249.72999572753906,245.3800048828125,247.07000732421875,244.76153564453125,2166100,0.0,0.0
2025-09-08,248.0500030517578,249.42999267578125,246.63999938964844,248.97999572753906,246.6536865234375,2417900,0.0,0.0
2025-09-09,248.11000061035156,249.32000732421875,246.52000427246094,248.17999267578125,245.8611602783203,2154600,0.0,0.0
2025-09-10,248.3000030517578,249.0500030517578,245.8699951171875,247.2100067138672,244.9002227783203,2474500,0.0,0.0
2025-09-11,247.75999450683594,250.0,246.49000549316406,248.24000549316406,245.9206085205078,2244700,0.0,0.0
2025-09-12,247.6199951171875,248.22999572753906,244.97999572753906,245.2100067138672,242.91891479492188,2110000,0.0,0.0
2025-09-15,239.4199981689453,246.97000122070312,238.77999877929688,244.91000366210938,242.62171936035156,2333100,0.0,0.0
2025-09-16,242.9499969482422,247.32000732421875,242.22000122070312,244.10000610351562,241.8192901611328,2913800,0.0,0.0
2025-09-17,244.11000061035156,250.1999969482422,244.11000061035156,246.32000732421875,244.0185546875,2617600,0.0,0.0
2025-09-18,251.08999633789062,252.0,248.27999877929688,249.0500030517578,246.72303771972656,3129900,0.0,0.0
2025-09-19,249.9499969482422,249.9499969482422,243.5800018310547,245.3300018310547,243.0377960205078,5182600,0.0,0.0
2025-09-22,245.61000061035156,249.0399932861328,245.5800018310547,247.33999633789062,245.02899169921875,2167300,0.0,0.0
2025-09-23,248.3699951171875,250.36000061035156,246.3300018310547,246.77999877929688,244.4742431640625,2085700,0.0,0.0
2025-09-24,247.0500030517578,249.82000732421875,246.6999969482422,248.61000061035156,246.2871551513672,2479000,0.0,0.0
2025-09-25,247.57000732421875,248.3300018310547,243.52000427246094,247.52999877929688,245.2172393798828,2410900,0.0,0.0
2025-09-26,248.7100067138672,249.41000366210938,245.75999450683594,247.55999755859375,245.24696350097656,2648500,0.0,0.0
2025-09-29,249.3300018310547,249.5,243.85000610351562,244.7899932861328,242.50283813476562,3296300,0.0,0.0
2025-09-30,245.80999755859375,247.1999969482422,243.07000732421875,245.6999969482422,243.4043426513672,2507800,0.0,0.0
2025-10-01,243.7100067138672,245.58999633789062,236.22000122070312,239.27999877929688,237.04432678222656,4916300,0.0,0.0
2025-10-02,242.1300048828125,243.97000122070312,240.44000244140625,241.6699981689453,239.4119873046875,2774100,0.0,0.0
2025-10-03,242.0500030517578,246.1999969482422,241.58999633789062,241.99000549316406,239.72900390625,2118500,0.0,0.0
2025-10-06,245.00999450683594,245.00999450683594,238.9199981689453,242.5,240.23423767089844,4021200,0.0,0.0
2025-10-07,243.38999938964844,243.38999938964844,233.02999877929688,233.75,231.56597900390625,3397800,0.0,0.0
2025-10-08,233.8000030517578,239.36000061035156,233.8000030517578,237.92999267578125,235.70692443847656,4017900,0.0,0.0
2025-10-09,236.83999633789062,238.38999938964844,235.10000610351562,237.8800048828125,235.6573944091797,3069200,0.0,0.0
2025-10-10,237.74000549316406,239.0399932861328,224.7100067138672,225.32000732421875,223.21475219726562,4425100,0.0,0.0
2025-10-13,228.32000732421875,235.82000732421875,226.9600067138672,234.6699981689453,232.47738647460938,4609900,0.0,0.0
2025-10-14,231.14999389648438,238.77999877929688,229.1300048828125,235.39999389648438,233.2005615234375,3431200,0.0,0.0
2025-10-15,238.19000244140625,238.8000030517578,234.9600067138672,238.14999389648438,235.9248809814453,2773700,0.0,0.0
2025-10-16,240.3300018310547,244.22999572753906,238.52000427246094,241.61000061035156,239.3525390625,2898700,0.0,0.0
2025-10-17,241.77000427246094,243.5399932861328,238.58999633789062,242.8699951171875,240.60076904296875,2401200,0.0,0.0
2025-10-20,242.8699951171875,246.83999633789062,242.8699951171875,246.22000122070312,243.9194793701172,2759700,0.0,0.0
2025-10-21,247.83999633789062,248.8300018310547,245.61000061035156,246.3699951171875,244.06805419921875,2361300,0.0,0.0
2025-10-22,240.5399932861328,241.63999938964844,236.91000366210938,240.36000061035156,238.1142120361328,5270800,0.0,0.0
2025-10-23,237.3000030517578,244.9499969482422,237.25999450683594,243.2899932861328,241.01686096191406,2774900,0.0,0.0
2025-10-24,245.4499969482422,245.50999450683594,236.6300048828125,238.00999450683594,235.7861785888672,3489000,0.0,0.0
2025-10-27,239.6999969482422,244.11000061035156,238.35000610351562,243.00999450683594,240.73947143554688,3506200,0.0,0.0
2025-10-28,241.50999450683594,243.67999267578125,238.83999633789062,239.35000610351562,237.11366271972656,2421000,0.0,0.0
2025-10-29,239.75999450683594,241.91000366210938,234.52000427246094,235.0399932861328,232.8439178466797,3438500,0.0,0.0
2025-10-30,235.0399932861328,236.6300048828125,232.82000732421875,232.89999389648438,230.7239227294922,2940400,0.0,0.0
2025-10-31,232.89999389648438,235.6300048828125,231.5399932861328,234.1300048828125,231.94244384765625,2698100,0.0,0.0
2025-11-03,234.9499969482422,237.0,232.61000061035156,233.61000061035156,231.42727661132812,2266900,0.0,0.0
2025-11-04,233.00999450683594,233.77999877929688,228.75999450683594,229.3800048828125,227.23681640625,3956600,0.0,0.0
2025-11-05,230.08999633789062,238.47999572753906,230.08999633789062,236.0,233.7949676513672,2971900,0.0,0.0
2025-11-06,235.19000244140625,237.0399932861328,231.1999969482422,232.8800048828125,230.70413208007812,3126800,0.0,0.0
2025-11-07,229.39999389648438,230.80999755859375,223.47000122070312,228.47999572753906,226.34523010253906,4583600,0.0,0.0
2025-11-10,231.86000061035156,233.22999572753906,228.3300018310547,232.0,229.8323516845703,3264100,0.0,0.0
2025-11-11,231.50999450683594,235.0,231.44000244140625,233.41000366210938,231.22915649414062,3159900,0.0,0.0
2025-11-12,236.9199981689453,242.0,235.83999633789062,241.44000244140625,239.18414306640625,4677300,0.0,0.0
2025-11-13,239.63999938964844,241.32000732421875,235.44000244140625,237.52999877929688,235.3106689453125,4897200,0.0,0.0
2025-11-14,234.19000244140625,237.0500030517578,230.42999267578125,234.88999938964844,232.69532775878906,3319600,0.0,0.0
2025-11-17,233.02999877929688,234.22000122070312,227.77999877929688,229.94000244140625,227.7915802001953,3885000,0.0,0.0
2025-11-18,229.85000610351562,232.35000610351562,227.72000122070312,230.1300048828125,227.9798126220703,3953400,0.0,0.0
2025-11-19,229.5399932861328,234.39999389648438,229.3300018310547,232.1999969482422,230.0304718017578,2790300,0.0,0.0
2025-11-20,234.2899932861328,235.27999877929688,224.25,225.1999969482422,223.0958709716797,4316600,0.0,0.0
2025-11-21,225.6300048828125,234.52999877929688,225.0,232.32000732421875,230.1493682861328,4467200,0.0,0.0
2025-11-24,233.64999389648438,240.75999450683594,233.25,239.39999389648438,237.16319274902344,8219900,0.0,0.0
2025-11-25,230.60000610351562,252.47999572753906,229.2899932861328,252.02000427246094,249.665283203125,7515100,0.0,0.0
2025-11-26,255.22000122070312,260.739990234375,252.9199981689453,257.9200134277344,255.5101776123047,5253100,0.0,0.0
2025-11-28,259.3599853515625,265.75,258.0400085449219,265.3399963378906,262.8608093261719,2589700,0.0,0.0
2025-12-01,262.95001220703125,268.4700012207031,262.0,266.510009765625,264.0198974609375,7333500,0.0,0.0
2025-12-02,268.19000244140625,274.1300048828125,266.0400085449219,272.9700012207031,270.4195556640625,5266400,0.0,0.0
2025-12-03,274.489990234375,278.7799987792969,271.5799865722656,278.239990234375,275.6402893066406,4203100,0.0,0.0
2025-12-04,277.3599853515625,279.54998779296875,275.5400085449219,277.260009765625,274.6694641113281,3253800,0.0,0.0
2025-12-05,280.1199951171875,283.239990234375,279.1400146484375,281.2900085449219,278.66180419921875,3834100,0.0,0.0
2025-12-08,281.7799987792969,282.5400085449219,276.9700012207031,279.1300048828125,277.4986267089844,3190800,0.99,0.0
2025-12-09,277.5799865722656,279.7900085449219,275.25,276.239990234375,274.6255187988281,2584600,0.0,0.0
2025-12-10,275.6499938964844,282.3999938964844,274.260009765625,281.57000732421875,279.92437744140625,5176700,0.0,0.0
2025-12-11,281.57000732421875,283.80999755859375,278.489990234375,283.3900146484375,281.7337646484375,2840000,0.0,0.0
2025-12-12,282.4200134277344,284.2300109863281,278.07000732421875,279.32000732421875,277.6875305175781,4182300,0.0,0.0
2025-12-15,281.6300048828125,282.7200012207031,278.8999938964844,280.44000244140625,278.8009948730469,3594500,0.0,0.0
2025-12-16,280.9599914550781,282.0,277.7200012207031,278.3999938964844,276.77288818359375,3625300,0.0,0.0
2025-12-17,279.3800048828125,280.42999267578125,270.1400146484375,271.0400085449219,269.4559020996094,4006000,0.0,0.0
2025-12-18,275.69000244140625,277.1000061035156,272.79998779296875,274.9200134277344,273.3132629394531,4104700,0.0,0.0
2025-12-19,275.0899963378906,278.4100036621094,274.0,274.44000244140625,272.8360595703125,9419900,0.0,0.0
2025-12-22,277.44000244140625,278.4100036621094,275.3999938964844,275.82000732421875,274.2079772949219,3369600,0.0,0.0
2025-12-23,275.6300048828125,277.4700012207031,274.5799865722656,276.7300109863281,275.1126708984375,1763400,0.0,0.0
2025-12-24,277.1600036621094,279.1700134277344,276.8599853515625,277.55999755859375,275.93780517578125,887700,0.0,0.0
2025-12-26,277.7300109863281,278.0,275.94000244140625,276.8399963378906,275.2220153808594,1746400,0.0,0.0
2025-12-29,275.6400146484375,277.8699951171875,274.1499938964844,275.6300048828125,274.0190734863281,1747900,0.0,0.0
2025-12-30,276.70001220703125,277.1000061035156,274.5899963378906,274.82000732421875,273.2138366699219,1287400,0.0,0.0
2025-12-31,274.82000732421875,275.79998779296875,271.1000061035156,271.20001220703125,269.614990234375,1790900,0.0,0.0
2026-01-02,275.07000732421875,276.0,270.4599914550781,273.739990234375,272.14013671875,3608900,0.0,0.0
2026-01-05,275.2200012207031,281.8299865722656,273.7699890136719,277.2900085449219,275.6694030761719,3006700,0.0,0.0
2026-01-06,279.739990234375,294.1499938964844,279.5899963378906,292.94000244140625,291.2279357910156,6428000,0.0,0.0
2026-01-07,288.8900146484375,293.0799865722656,286.75,292.8900146484375,291.17822265625,3570200,0.0,0.0
2026-01-08,290.3800048828125,299.5299987792969,289.510009765625,299.1600036621094,297.41156005859375,3775500,0.0,0.0
2026-01-09,299.7699890136719,303.20001220703125,297.1199951171875,300.92999267578125,299.1712341308594,3088100,0.0,0.0
2026-01-12,297.5,298.3500061035156,292.45001220703125,293.8599853515625,292.1425476074219,3308200,0.0,0.0
2026-01-13,295.17999267578125,302.4800109863281,294.6600036621094,296.2099914550781,294.4787902832031,2759600,0.0,0.0
2026-01-14,294.5899963378906,298.8599853515625,293.2799987792969,297.989990234375,296.2483825683594,3597400,0.0,0.0
2026-01-15,301.80999755859375,305.6099853515625,298.6400146484375,302.1000061035156,300.3343811035156,4087000,0.0,0.0
2026-01-16,307.5299987792969,309.17999267578125,299.69000244140625,300.25,298.4952087402344,4261100,0.0,0.0
2026-01-20,296.989990234375,302.0299987792969,293.82000732421875,295.6700134277344,293.9419860839844,4321000,0.0,0.0
2026-01-21,298.9599914550781,308.1499938964844,298.3999938964844,304.9700012207031,303.1875915527344,3753900,0.0,0.0
2026-01-22,309.4700012207031,313.19000244140625,306.8699951171875,308.5199890136719,306.7168273925781,2793700,0.0,0.0
2026-01-23,310.489990234375,313.5400085449219,303.1600036621094,305.6000061035156,303.8139343261719,2907000,0.0,0.0
2026-01-26,305.1499938964844,306.69000244140625,303.760009765625,304.010009765625,302.23321533203125,2757700,0.0,0.0
2026-01-27,305.239990234375,306.989990234375,300.760009765625,303.8299865722656,302.05426025390625,3552700,0.0,0.0
2026-01-28,313.0,318.1700134277344,308.5,317.6300048828125,315.77362060546875,3888300,0.0,0.0
2026-01-29,316.07000732421875,319.260009765625,308.92999267578125,318.70001220703125,316.8373718261719,3131800,0.0,0.0
2026-01-30,314.9599914550781,317.32000732421875,309.2699890136719,310.8800048828125,309.0630798339844,4405600,0.0,0.0
2026-02-02,306.9200134277344,318.32000732421875,306.9200134277344,316.8599853515625,315.00811767578125,3773000,0.0,0.0
2026-02-03,316.8599853515625,321.2300109863281,308.9599914550781,311.2900085449219,309.470703125,5546000,0.0,0.0
2026-02-04,315.75,323.0899963378906,311.7300109863281,320.44000244140625,318.56719970703125,6275300,0.0,0.0
2026-02-05,316.3399963378906,327.30999755859375,313.3999938964844,322.1199951171875,320.23736572265625,5935700,0.0,0.0
2026-02-06,322.9599914550781,327.75,316.0,320.45001220703125,318.5771789550781,6775000,0.0,0.0
2026-02-09,319.3299865722656,323.8900146484375,317.8900146484375,322.9700012207031,321.0823974609375,3163100,0.0,0.0
2026-02-10,320.739990234375,326.3800048828125,319.75,325.1600036621094,323.2596130371094,2642000,0.0,0.0
2026-02-11,329.8800048828125,337.8399963378906,327.4200134277344,337.0,335.0303955078125,3908900,0.0,0.0
2026-02-12,339.3699951171875,343.9599914550781,330.8299865722656,331.3599853515625,329.4233703613281,4483000,0.0,0.0
2026-02-13,329.7300109863281,337.9599914550781,328.45001220703125,337.1000061035156,335.12982177734375,3443200,0.0,0.0
2026-02-17,335.6000061035156,340.4599914550781,330.3299865722656,337.510009765625,335.5374450683594,4547600,0.0,0.0
2026-02-18,352.2099914550781,355.3599853515625,340.0,346.3699951171875,344.3456726074219,8474700,0.0,0.0
2026-02-19,344.9700012207031,353.2799987792969,339.6600036621094,345.29998779296875,343.2818908691406,5101200,0.0,0.0
2026-02-20,345.29998779296875,355.45001220703125,345.010009765625,355.0299987792969,352.95501708984375,5341300,0.0,0.0
2026-02-23,352.5299987792969,358.0,349.5799865722656,355.1499938964844,353.0743408203125,4132900,0.0,0.0
2026-02-24,359.0,362.489990234375,355.6400146484375,356.0899963378906,354.0088195800781,4541300,0.0,0.0
2026-02-25,361.0199890136719,363.20001220703125,358.6000061035156,360.79998779296875,358.6913146972656,3425000,0.0,0.0
2026-02-26,360.7799987792969,361.67999267578125,351.0,354.3500061035156,352.2790222167969,4662700,0.0,0.0
2026-02-27,351.2900085449219,356.0299987792969,346.57000732421875,355.7900085449219,353.7106018066406,6109500,0.0,0.0
2026-03-02,348.7799987792969,356.04998779296875,348.0,352.4100036621094,350.3503723144531,3326000,0.0,0.0
2026-03-03,339.1499938964844,342.5899963378906,335.0799865722656,338.989990234375,338.0639953613281,5312400,1.1,0.0
2026-03-04,344.0400085449219,346.3900146484375,339.2900085449219,341.510009765625,340.5771484375,3202500,0.0,0.0
2026-03-05,336.75,339.95001220703125,325.3299865722656,329.7200012207031,328.8193359375,5368400,0.0,0.0
2026-03-06,319.4800109863281,323.3299865722656,314.30999755859375,315.80999755859375,314.94732666015625,4536700,0.0,0.0
2026-03-09,310.239990234375,319.8999938964844,307.2200012207031,319.7099914550781,318.836669921875,5945400,0.0,0.0
2026-03-10,318.7200012207031,323.94000244140625,317.0799865722656,318.80999755859375,317.9391174316406,4351500,0.0,0.0
2026-03-11,319.2900085449219,321.5299987792969,316.3500061035156,319.2200012207031,318.3480224609375,2575600,0.0,0.0
2026-03-12,313.8999938964844,314.3699951171875,304.260009765625,307.2699890136719,306.4306335449219,4826800,0.0,0.0
2026-03-13,309.8800048828125,311.25,303.510009765625,306.07000732421875,305.23394775390625,2792700,0.0,0.0
2026-03-16,311.6700134277344,313.8599853515625,309.1099853515625,310.9200134277344,310.0707092285156,3254900,0.0,0.0
2026-03-17,312.20001220703125,315.2900085449219,310.7200012207031,313.6600036621094,312.8031921386719,2699700,0.0,0.0
2026-03-18,313.3299865722656,316.9100036621094,307.8800048828125,308.5899963378906,307.7470397949219,3555200,0.0,0.0
2026-03-19,303.3699951171875,313.5899963378906,300.9100036621094,310.44000244140625,309.5920104980469,3289100,0.0,0.0
2026-03-20,311.1499938964844,312.25,305.95001220703125,309.42999267578125,308.5847473144531,7029300,0.0,0.0
2026-03-23,315.4800109863281,317.5299987792969,311.7099914550781,312.19000244140625,311.33721923828125,3495300,0.0,0.0
2026-03-24,311.25,324.7900085449219,311.1000061035156,321.8299865722656,320.95086669921875,3404200,0.0,0.0
2026-03-25,325.0,328.17999267578125,320.6199951171875,322.0299987792969,321.15032958984375,2460900,0.0,0.0
2026-03-26,319.1000061035156,321.1199951171875,312.3900146484375,313.4200134277344,312.5638732910156,3923800,0.0,0.0
2026-03-27,310.8699951171875,313.19000244140625,306.17999267578125,307.44000244140625,306.6001892089844,3282100,0.0,0.0
2026-03-30,314.0299987792969,314.0299987792969,300.55999755859375,303.1000061035156,302.2720642089844,3914600,0.0,0.0
2026-03-31,309.3699951171875,319.32000732421875,306.5,318.1400146484375,317.2709655761719,4285900,0.0,0.0
2026-04-01,318.20001220703125,325.75,317.2099914550781,320.5799865722656,319.70428466796875,3145000,0.0,0.0
2026-04-02,310.2699890136719,321.7099914550781,309.7900085449219,318.3399963378906,317.47039794921875,2386700,0.0,0.0
2026-04-06,320.0,327.4599914550781,318.75,327.3599853515625,326.46575927734375,2353700,0.0,0.0
2026-04-07,323.7900085449219,327.510009765625,321.0,327.4100036621094,326.5156555175781,2344400,0.0,0.0
2026-04-08,345.80999755859375,349.0,341.9800109863281,346.2099914550781,345.2642822265625,4522200,0.0,0.0
2026-04-09,346.0,352.7799987792969,345.489990234375,351.3599853515625,350.40020751953125,2927400,0.0,0.0
2026-04-10,353.0,354.2900085449219,349.010009765625,350.1400146484375,349.1835632324219,2505100,0.0,0.0
2026-04-13,348.69000244140625,350.0799865722656,344.0,350.010009765625,349.0539245605469,2485100,0.0,0.0
2026-04-14,352.42999267578125,352.6700134277344,347.04998779296875,348.6000061035156,347.64776611328125,2320400,0.0,0.0
2026-04-15,347.0,349.04998779296875,341.32000732421875,347.94000244140625,346.98956298828125,2440900,0.0,0.0
2026-04-16,346.9700012207031,355.8500061035156,346.44000244140625,353.79998779296875,352.8335266113281,2198800,0.0,0.0
2026-04-17,359.6700134277344,372.45001220703125,357.82000732421875,371.45001220703125,370.43536376953125,5248200,0.0,0.0
2026-04-20,373.0199890136719,385.4599914550781,369.70001220703125,381.04998779296875,380.00909423828125,4003700,0.0,0.0
2026-04-21,383.0,383.6000061035156,373.3399963378906,375.2699890136719,374.2449035644531,3296900,0.0,0.0
2026-04-22,380.80999755859375,383.6000061035156,378.25,381.4200134277344,380.37811279296875,2517700,0.0,0.0
2026-04-23,397.8999938964844,408.3699951171875,395.79998779296875,403.8800048828125,402.7767639160156,4449600,0.0,0.0
2026-04-24,404.07000732421875,406.29998779296875,398.260009765625,399.57000732421875,398.4785461425781,4512300,0.0,0.0
2026-04-27,398.2900085449219,399.5199890136719,386.739990234375,392.5899963378906,391.517578125,2763800,0.0,0.0
2026-04-28,389.79998779296875,393.1000061035156,382.45001220703125,383.260009765625,382.21307373046875,3846500,0.0,0.0
2026-04-29,392.0,394.95001220703125,386.5299987792969,389.30999755859375,388.2465515136719,3097800,0.0,0.0
2026-04-30,393.3900146484375,402.6700134277344,391.17999267578125,402.260009765625,401.16119384765625,3746100,0.0,0.0
2026-05-01,397.05999755859375,399.04998779296875,393.4100036621094,397.69000244140625,396.6036682128906,1986900,0.0,0.0
2026-05-04,402.260009765625,402.260009765625,391.8800048828125,397.0199890136719,395.93548583984375,1914100,0.0,0.0
2026-05-05,396.75,405.6600036621094,393.19000244140625,404.7699890136719,403.664306640625,3343100,0.0,0.0
2026-05-06,404.7099914550781,416.0,404.3999938964844,415.6300048828125,414.4946594238281,3893600,0.0,0.0
2026-05-07,413.9100036621094,413.9599914550781,405.9100036621094,408.5199890136719,407.404052734375,3938200,0.0,0.0
2026-05-08,418.0,418.75,413.5199890136719,416.5199890136719,415.3822021484375,3754400,0.0,0.0
2026-05-11,412.2099914550781,422.8800048828125,411.4800109863281,422.7300109863281,421.5752868652344,3796800,0.0,0.0
2026-05-12,417.8500061035156,420.9100036621094,406.7699890136719,419.6499938964844,418.503662109375,4848600,0.0,0.0
2026-05-13,427.8399963378906,435.7200012207031,426.0,432.3900146484375,431.2088928222656,3486300,0.0,0.0
2026-05-14,430.9700012207031,433.9100036621094,424.07000732421875,426.7900085449219,425.6241760253906,2811400,0.0,0.0
2026-05-15,415.17999267578125,422.17999267578125,414.54998779296875,417.489990234375,416.3495788574219,3709600,0.0,0.0
2026-05-18,426.8999938964844,428.67999267578125,414.07000732421875,418.5799865722656,417.43658447265625,4228500,0.0,0.0
2026-05-19,409.1600036621094,423.4200134277344,407.19000244140625,414.30999755859375,413.1782531738281,6190400,0.0,0.0
2026-05-20,390.0,406.1400146484375,383.8500061035156,398.04998779296875,396.9626770019531,10353000,0.0,0.0
2026-05-21,396.6400146484375,397.0,381.2200012207031,384.2099914550781,383.16046142578125,5303500,0.0,0.0
2026-05-22,389.1400146484375,400.7300109863281,387.010009765625,397.07000732421875,395.9853515625,6107800,0.0,0.0
2026-05-26,406.25,422.94000244140625,406.25,419.94000244140625,418.7928771972656,6628900,0.0,0.0
2026-05-27,433.5,433.5,407.7799987792969,416.8800048828125,415.7412414550781,4095400,0.0,0.0
2026-05-28,417.1400146484375,420.95001220703125,407.260009765625,419.010009765625,417.8654479980469,5055600,0.0,0.0
2026-05-29,423.45001220703125,423.45001220703125,408.1700134277344,413.8500061035156,412.7195129394531,5507900,0.0,0.0
2026-06-01,404.25,409.989990234375,399.9100036621094,402.69000244140625,401.5899963378906,4335600,0.0,0.0
2026-06-02,409.5,423.9700012207031,409.0,423.20001220703125,423.20001220703125,4954100,1.1,0.0
2026-06-03,424.8999938964844,439.70001220703125,418.2200012207031,437.6700134277344,437.6700134277344,5700700,0.0,0.0
2026-06-04,427.7799987792969,432.2699890136719,420.5899963378906,428.760009765625,428.760009765625,3376700,0.0,0.0
2026-06-05,419.489990234375,419.6400146484375,401.260009765625,401.3900146484375,401.3900146484375,7242600,0.0,0.0
2026-06-08,414.95001220703125,415.0,401.5899963378906,403.8900146484375,403.8900146484375,5140200,0.0,0.0
2026-06-09,411.95001220703125,414.5899963378906,383.32000732421875,404.6199951171875,404.6199951171875,5415600,0.0,0.0
2026-06-10,399.55999755859375,411.0,392.4100036621094,392.6700134277344,392.6700134277344,3868600,0.0,0.0
2026-06-11,401.94000244140625,413.04998779296875,397.010009765625,412.1300048828125,412.1300048828125,4846300,0.0,0.0
2026-06-12,411.95001220703125,422.2300109863281,406.3999938964844,417.7900085449219,417.7900085449219,2997500,0.0,0.0
2026-06-15,429.1700134277344,433.0,424.8999938964844,427.5799865722656,427.5799865722656,4530800,0.0,0.0
2026-06-16,426.5899963378906,438.6499938964844,415.70001220703125,416.0,416.0,4350900,0.0,0.0
2026-06-17,421.6400146484375,428.0899963378906,414.05999755859375,414.45001220703125,414.45001220703125,3603500,0.0,0.0
2026-06-18,426.2300109863281,438.55999755859375,426.2300109863281,434.4599914550781,434.4599914550781,11869000,0.0,0.0
2026-06-22,437.75,445.9100036621094,436.3900146484375,445.4800109863281,445.4800109863281,4289100,0.0,0.0
2026-06-23,426.8599853515625,426.8599853515625,403.2099914550781,407.260009765625,407.260009765625,7559600,0.0,0.0
2026-06-24,407.2200012207031,414.4599914550781,404.0,413.1600036621094,413.1600036621094,4648300,0.0,0.0
2026-06-25,424.25,431.8699951171875,412.3500061035156,417.92999267578125,417.92999267578125,6440800,0.0,0.0
2026-06-26,405.42999267578125,406.0799865722656,382.82000732421875,386.9100036621094,386.9100036621094,12478800,0.0,0.0
2026-06-29,388.1600036621094,398.05999755859375,385.010009765625,391.7799987792969,391.7799987792969,5169300,0.0,0.0
2026-06-30,392.9200134277344,401.82000732421875,391.7799987792969,397.1700134277344,397.1700134277344,6480700,0.0,0.0
2026-07-01,390.8900146484375,397.5799865722656,387.8399963378906,388.9800109863281,388.9800109863281,5750900,0.0,0.0
2026-07-02,390.80999755859375,396.0,372.6400146484375,377.1600036621094,377.1600036621094,6144100,0.0,0.0
2026-07-06,387.9100036621094,395.92999267578125,385.9599914550781,388.8299865722656,388.8299865722656,4447300,0.0,0.0
2026-07-07,376.3299865722656,381.6600036621094,371.0899963378906,379.0299987792969,379.0299987792969,4813800,0.0,0.0
2026-07-08,374.25,389.7799987792969,374.25,385.3999938964844,385.3999938964844,2609500,0.0,0.0
2026-07-09,395.6000061035156,399.3500061035156,388.3299865722656,393.6400146484375,393.6400146484375,3106100,0.0,0.0
2026-07-10,387.5,398.3399963378906,385.92999267578125,395.6499938964844,395.6499938964844,2325800,0.0,0.0
2026-07-13,389.8299865722656,390.5899963378906,382.95001220703125,386.010009765625,386.010009765625,3483500,0.0,0.0
2026-07-14,398.2799987792969,400.4700012207031,392.0,392.75,392.75,3139500,0.0,0.0
2026-07-15,397.3500061035156,400.69000244140625,383.2799987792969,390.9599914550781,390.9599914550781,3099900,0.0,0.0
2026-07-16,380.010009765625,386.07000732421875,377.6499938964844,380.5299987792969,380.5299987792969,4096300,0.0,0.0
2026-07-17,369.5,379.7799987792969,366.7200012207031,375.3599853515625,375.3599853515625,3674800,0.0,0.0
2026-07-20,382.1000061035156,382.1000061035156,372.0299987792969,372.4599914550781,372.4599914550781,2942700,0.0,0.0
2026-07-21,387.9100036621094,388.0,377.69000244140625,382.80999755859375,382.80999755859375,4224500,0.0,0.0
2026-07-22,376.8299865722656,387.6199951171875,376.0,386.7300109863281,386.7300109863281,3176100,0.0,0.0
2026-07-23,376.1499938964844,382.9700012207031,373.3900146484375,380.20001220703125,380.20001220703125,3904100,0.0,0.0
2026-07-24,374.6400146484375,379.5799865722656,366.8399963378906,371.8599853515625,371.8599853515625,4080600,0.0,0.0
2026-07-27,372.7799987792969,376.79998779296875,361.6700134277344,371.8900146484375,371.8900146484375,5193300,0.0,0.0
2026-07-28,366.44000244140625,373.2799987792969,363.1499938964844,365.8299865722656,365.8299865722656,5046600,0.0,0.0
2026-07-29,361.7099914550781,368.94000244140625,352.7300109863281,353.3699951171875,353.3699951171875,5473900,0.0,0.0
2026-07-30,364.8500061035156,368.4200134277344,361.2099914550781,366.6700134277344,366.6700134277344,6365800,0.0,0.0
2026-07-31,374.1600036621094,376.7300109863281,362.8599853515625,367.4100036621094,367.4100036621094,3515300,0.0,0.0
2026-08-03,363.0,365.7300109863281,353.1099853515625,361.8800048828125,361.8800048828125,3743100,0.0,0.0
2026-08-04,372.3900146484375,382.4800109863281,368.9100036621094,380.2900085449219,380.2900085449219,5082700,0.0,0.0
2026-08-05,379.489990234375,384.1300048828125,374.6400146484375,377.69000244140625,377.69000244140625,2853300,0.0,0.0
2026-08-06,375.25,384.3999938964844,373.0,377.30999755859375,377.30999755859375,3581300,0.0,0.0
2026-08-07,386.7300109863281,392.20001220703125,385.0,389.92999267578125,389.92999267578125,2837500,0.0,0.0
2026-08-10,392.8399963378906,394.0400085449219,383.8299865722656,383.92999267578125,383.92999267578125,2800400,0.0,0.0
2026-08-11,389.9800109863281,394.1600036621094,384.7099914550781,385.29998779296875,385.29998779296875,2360900,0.0,0.0
2026-08-12,396.2200012207031,396.260009765625,383.6099853515625,384.42999267578125,384.42999267578125,2764300,0.0,0.0
2026-08-13,387.44000244140625,389.70001220703125,380.510009765625,381.1700134277344,381.1700134277344,2864300,0.0,0.0
2026-08-14,381.9800109863281,389.45001220703125,380.1199951171875,389.3900146484375,389.3900146484375,2115600,0.0,0.0
