Date,Open,High,Low,Close,Adj Close,Volume,Dividends,Stock Splits,Capital Gains
2011-11-23,23848.69921875,25493.400390625,22944.099609375,23602.0,23602.0,417368.0,0.0,0.0,0.0
2011-11-25,21381.599609375,21381.599609375,21381.599609375,21381.599609375,21381.599609375,12415.0,0.0,0.0,0.0
2011-11-28,20559.19921875,21546.099609375,20477.0,20723.69921875,20723.69921875,308633.0,0.0,0.0,0.0
2011-11-29,20641.400390625,20723.69921875,19901.30078125,19983.599609375,19983.599609375,90483.0,0.0,0.0,0.0
2011-11-30,19325.69921875,19901.30078125,18996.69921875,18996.69921875,18996.69921875,332090.0,0.0,0.0,0.0
2011-12-01,18914.5,19654.599609375,18750.0,19078.900390625,19078.900390625,128057.0,0.0,0.0,0.0
2011-12-02,18750.0,19407.900390625,18750.0,19078.900390625,19078.900390625,42657.0,0.0,0.0,0.0
2011-12-05,19078.900390625,19983.599609375,19078.900390625,19983.599609375,19983.599609375,81387.0,0.0,0.0,0.0
2011-12-06,20723.69921875,20970.400390625,20230.30078125,20559.19921875,20559.19921875,143999.0,0.0,0.0,0.0
2011-12-07,19901.30078125,20641.400390625,19901.30078125,20559.19921875,20559.19921875,62065.0,0.0,0.0,0.0
2011-12-08,20312.5,20805.900390625,20312.5,20559.19921875,20559.19921875,90106.0,0.0,0.0,0.0
2011-12-09,20559.19921875,20559.19921875,20394.69921875,20559.19921875,20559.19921875,72559.0,0.0,0.0,0.0
2011-12-12,20559.19921875,20559.19921875,20148.0,20312.5,20312.5,29257.0,0.0,0.0,0.0
2011-12-13,20394.69921875,20394.69921875,19983.599609375,20065.80078125,20065.80078125,29220.0,0.0,0.0,0.0
2011-12-14,20065.80078125,20148.0,19078.900390625,19736.80078125,19736.80078125,93462.0,0.0,0.0,0.0
2011-12-15,18914.5,19736.80078125,18750.0,19407.900390625,19407.900390625,54148.0,0.0,0.0,0.0
2011-12-16,19407.900390625,19654.599609375,18914.5,18914.5,18914.5,28552.0,0.0,0.0,0.0
2011-12-19,19078.900390625,19243.400390625,18338.80078125,18832.19921875,18832.19921875,5788.0,0.0,0.0,0.0
2011-12-20,18832.19921875,18832.19921875,18092.099609375,18421.099609375,18421.099609375,44250.0,0.0,0.0,0.0
2011-12-21,18503.30078125,18914.5,18503.30078125,18832.19921875,18832.19921875,34972.0,0.0,0.0,0.0
2011-12-22,17845.400390625,17927.599609375,17598.69921875,17680.900390625,17680.900390625,55547.0,0.0,0.0,0.0
2011-12-23,18092.099609375,18503.30078125,17352.0,18503.30078125,18503.30078125,52410.0,0.0,0.0,0.0
2011-12-27,18750.0,19243.400390625,18667.80078125,18914.5,18914.5,94155.0,0.0,0.0,0.0
2011-12-28,18914.5,19325.69921875,18914.5,18914.5,18914.5,29062.0,0.0,0.0,0.0
2011-12-29,18914.5,18914.5,18914.5,18914.5,18914.5,10701.0,0.0,0.0,0.0
2011-12-30,18914.5,18914.5,18503.30078125,18503.30078125,18503.30078125,18179.0,0.0,0.0,0.0
2012-01-03,18338.80078125,19078.900390625,18174.30078125,18503.30078125,18503.30078125,24697.0,0.0,0.0,0.0
2012-01-04,18503.30078125,18667.80078125,18503.30078125,18503.30078125,18503.30078125,14823.0,0.0,0.0,0.0
2012-01-05,18503.30078125,18503.30078125,18338.80078125,18338.80078125,18338.80078125,42438.0,0.0,0.0,0.0
2012-01-06,18174.30078125,18421.099609375,18092.099609375,18256.599609375,18256.599609375,25390.0,0.0,0.0,0.0
2012-01-09,18092.099609375,18092.099609375,17598.69921875,18009.900390625,18009.900390625,19334.0,0.0,0.0,0.0
2012-01-10,18009.900390625,18009.900390625,17516.400390625,17927.599609375,17927.599609375,84147.0,0.0,0.0,0.0
2012-01-11,17763.19921875,17927.599609375,17680.900390625,17845.400390625,17845.400390625,46403.0,0.0,0.0,0.0
2012-01-12,17680.900390625,17845.400390625,17680.900390625,17845.400390625,17845.400390625,37210.0,0.0,0.0,0.0
2012-01-13,18009.900390625,18009.900390625,17680.900390625,17927.599609375,17927.599609375,24660.0,0.0,0.0,0.0
2012-01-17,18092.099609375,18338.80078125,18009.900390625,18338.80078125,18338.80078125,48445.0,0.0,0.0,0.0
2012-01-18,18585.5,18914.5,18585.5,18914.5,18914.5,12780.0,0.0,0.0,0.0
2012-01-19,18914.5,19325.69921875,18914.5,19325.69921875,19325.69921875,45041.0,0.0,0.0,0.0
2012-01-20,19325.69921875,19654.599609375,19325.69921875,19325.69921875,19325.69921875,41344.0,0.0,0.0,0.0
2012-01-23,2.1700000762939453,2.190000057220459,2.1600000858306885,2.190000057220459,2.190000057220459,3005.0,0.0,0.0,0.0
2012-01-24,2.190000057220459,2.190000057220459,2.1700000762939453,2.190000057220459,2.190000057220459,1005.0,0.0,0.0,0.0
2012-01-25,2.180000066757202,2.190000057220459,2.180000066757202,2.190000057220459,2.190000057220459,2365.0,0.0,0.0,0.0
2012-01-26,2.190000057220459,2.200000047683716,2.1600000858306885,2.190000057220459,2.190000057220459,24715.0,0.0,0.0,0.0
2012-01-27,2.190000057220459,2.2200000286102295,2.180000066757202,2.2200000286102295,2.2200000286102295,78902.0,0.0,0.0,0.0
2012-01-30,19161.19921875,19243.400390625,18503.30078125,19243.400390625,19243.400390625,9667.0,0.0,0.0,0.0
2012-01-31,19243.400390625,19736.80078125,19161.19921875,19407.900390625,19407.900390625,45953.0,0.0,0.0,0.0
2012-02-01,18996.69921875,19325.69921875,18914.5,18996.69921875,18996.69921875,36371.0,0.0,0.0,0.0
2012-02-02,18914.5,19572.400390625,18832.19921875,19407.900390625,19407.900390625,93255.0,0.0,0.0,0.0
2012-02-03,19490.099609375,19572.400390625,18750.0,18750.0,18750.0,83454.0,0.0,0.0,0.0
2012-02-06,18503.30078125,18832.19921875,18503.30078125,18832.19921875,18832.19921875,33185.0,0.0,0.0,0.0
2012-02-07,18832.19921875,18996.69921875,18832.19921875,18832.19921875,18832.19921875,42098.0,0.0,0.0,0.0
2012-02-08,18914.5,19243.400390625,18914.5,19161.19921875,19161.19921875,53747.0,0.0,0.0,0.0
2012-02-09,19490.099609375,19490.099609375,19243.400390625,19325.69921875,19325.69921875,73544.0,0.0,0.0,0.0
2012-02-10,18996.69921875,19078.900390625,18667.80078125,18667.80078125,18667.80078125,47983.0,0.0,0.0,0.0
2012-02-13,18832.19921875,18832.19921875,18338.80078125,18338.80078125,18338.80078125,10920.0,0.0,0.0,0.0
2012-02-14,18174.30078125,18585.5,18174.30078125,18503.30078125,18503.30078125,23663.0,0.0,0.0,0.0
2012-02-15,18503.30078125,19078.900390625,18338.80078125,18750.0,18750.0,64740.0,0.0,0.0,0.0
2012-02-16,18914.5,19161.19921875,18750.0,18914.5,18914.5,48993.0,0.0,0.0,0.0
2012-02-17,18996.69921875,19161.19921875,18914.5,18996.69921875,18996.69921875,21900.0,0.0,0.0,0.0
2012-02-21,19572.400390625,19572.400390625,18914.5,18996.69921875,18996.69921875,83880.0,0.0,0.0,0.0
2012-02-22,18914.5,19161.19921875,18914.5,19161.19921875,19161.19921875,57383.0,0.0,0.0,0.0
2012-02-23,19325.69921875,19490.099609375,18914.5,19243.400390625,19243.400390625,112626.0,0.0,0.0,0.0
2012-02-24,19572.400390625,20148.0,19243.400390625,20148.0,20148.0,219014.0,0.0,0.0,0.0
2012-02-27,21134.900390625,21134.900390625,21134.900390625,21134.900390625,21134.900390625,50391.0,0.0,0.0,0.0
2012-02-28,22121.69921875,22121.69921875,21217.099609375,21792.80078125,21792.80078125,338814.0,0.0,0.0,0.0
2012-02-29,22861.80078125,22861.80078125,22861.80078125,22861.80078125,22861.80078125,60800.0,0.0,0.0,0.0
2012-03-01,23930.900390625,23930.900390625,23930.900390625,23930.900390625,23930.900390625,152195.0,0.0,0.0,0.0
2012-03-02,25082.19921875,25082.19921875,23930.900390625,24671.099609375,24671.099609375,497502.0,0.0,0.0,0.0
2012-03-05,25411.19921875,25904.599609375,25082.19921875,25904.599609375,25904.599609375,379878.0,0.0,0.0,0.0
2012-03-06,25904.599609375,25986.80078125,24671.099609375,25000.0,25000.0,429005.0,0.0,0.0,0.0
2012-03-07,25000.0,25082.19921875,24259.900390625,25082.19921875,25082.19921875,123813.0,0.0,0.0,0.0
2012-03-08,24671.099609375,24917.80078125,23848.69921875,23848.69921875,23848.69921875,257950.0,0.0,0.0,0.0
2012-03-09,23273.0,24259.900390625,23190.80078125,23602.0,23602.0,128665.0,0.0,0.0,0.0
2012-03-12,23848.69921875,23848.69921875,22944.099609375,22944.099609375,22944.099609375,96952.0,0.0,0.0,0.0
2012-03-13,22944.099609375,23684.19921875,22944.099609375,23437.5,23437.5,53480.0,0.0,0.0,0.0
2012-03-14,23437.5,23602.0,22944.099609375,22944.099609375,22944.099609375,116164.0,0.0,0.0,0.0
2012-03-15,23108.599609375,23848.69921875,22532.900390625,23766.400390625,23766.400390625,115848.0,0.0,0.0,0.0
2012-03-16,23848.69921875,24342.099609375,23766.400390625,23848.69921875,23848.69921875,97985.0,0.0,0.0,0.0
2012-03-19,23437.5,23766.400390625,23273.0,23273.0,23273.0,52823.0,0.0,0.0,0.0
2012-03-20,23190.80078125,23766.400390625,23190.80078125,23519.69921875,23519.69921875,67281.0,0.0,0.0,0.0
2012-03-21,23519.69921875,24177.599609375,23355.30078125,23684.19921875,23684.19921875,175457.0,0.0,0.0,0.0
2012-03-22,23684.19921875,24342.099609375,23355.30078125,23930.900390625,23930.900390625,202038.0,0.0,0.0,0.0
2012-03-23,24177.599609375,24506.599609375,24013.19921875,24506.599609375,24506.599609375,193782.0,0.0,0.0,0.0
2012-03-26,24671.099609375,24835.5,23930.900390625,23930.900390625,23930.900390625,89485.0,0.0,0.0,0.0
2012-03-27,23602.0,23848.69921875,23437.5,23437.5,23437.5,125771.0,0.0,0.0,0.0
2012-03-28,23026.30078125,23766.400390625,23026.30078125,23519.69921875,23519.69921875,85558.0,0.0,0.0,0.0
2012-03-29,23766.400390625,23766.400390625,23355.30078125,23355.30078125,23355.30078125,102922.0,0.0,0.0,0.0
2012-03-30,23355.30078125,23602.0,23273.0,23437.5,23437.5,55206.0,0.0,0.0,0.0
2012-04-02,2.2799999713897705,2.2799999713897705,2.2200000286102295,2.2699999809265137,2.2699999809265137,731536.0,0.0,0.0,0.0
2012-04-03,23437.5,24177.599609375,23355.30078125,23848.69921875,23848.69921875,86421.0,0.0,0.0,0.0
2012-04-04,24259.900390625,24259.900390625,23519.69921875,23848.69921875,23848.69921875,26801.0,0.0,0.0,0.0
2012-04-05,23684.19921875,24177.599609375,23684.19921875,24177.599609375,24177.599609375,135195.0,0.0,0.0,0.0
2012-04-09,26562.5,26562.5,25904.599609375,26233.599609375,26233.599609375,363657.0,0.0,0.0,0.0
2012-04-10,26315.80078125,26315.80078125,25000.0,25246.69921875,25246.69921875,248660.0,0.0,0.0,0.0
2012-04-11,25904.599609375,26233.599609375,25411.19921875,26233.599609375,26233.599609375,87187.0,0.0,0.0,0.0
2012-04-12,26398.0,26973.69921875,26233.599609375,26973.69921875,26973.69921875,374321.0,0.0,0.0,0.0
2012-04-13,26973.69921875,27138.19921875,26727.0,27055.900390625,27055.900390625,209407.0,0.0,0.0,0.0
2012-04-16,27384.900390625,28371.69921875,26562.5,28371.69921875,28371.69921875,214259.0,0.0,0.0,0.0
2012-04-17,29769.69921875,29769.69921875,29769.69921875,29769.69921875,29769.69921875,130161.0,0.0,0.0,0.0
2012-04-18,30838.80078125,30838.80078125,29769.69921875,29769.69921875,29769.69921875,428993.0,0.0,0.0,0.0
2012-04-19,29852.0,29934.19921875,28536.19921875,28536.19921875,28536.19921875,508908.0,0.0,0.0,0.0
2012-04-20,28289.5,29523.0,27960.5,28947.400390625,28947.400390625,295014.0,0.0,0.0,0.0
2012-04-23,24671.099609375,25986.80078125,24342.099609375,24342.099609375,24342.099609375,129443.0,0.0,0.0,0.0
2012-04-24,24342.099609375,24342.099609375,23848.69921875,24095.400390625,24095.400390625,119496.0,0.0,0.0,0.0
2012-04-25,24013.19921875,24506.599609375,23766.400390625,24095.400390625,24095.400390625,186656.0,0.0,0.0,0.0
2012-04-26,24588.80078125,24588.80078125,23437.5,23437.5,23437.5,87017.0,0.0,0.0,0.0
2012-04-27,23437.5,24588.80078125,23437.5,24588.80078125,24588.80078125,196907.0,0.0,0.0,0.0
2012-04-30,2.259999990463257,2.259999990463257,2.240000009536743,2.259999990463257,2.259999990463257,5059.0,0.0,0.0,0.0
2012-05-01,2.259999990463257,2.259999990463257,2.259999990463257,2.259999990463257,2.259999990463257,0.0,0.0,0.0,0.0
2012-05-02,25493.400390625,25575.69921875,24177.599609375,24177.599609375,24177.599609375,117052.0,0.0,0.0,0.0
2012-05-03,23766.400390625,24506.599609375,23766.400390625,24013.19921875,24013.19921875,79684.0,0.0,0.0,0.0
2012-05-04,24671.099609375,25164.5,23930.900390625,25164.5,25164.5,341210.0,0.0,0.0,0.0
2012-05-07,26315.80078125,26398.0,25246.69921875,26398.0,26398.0,357820.0,0.0,0.0,0.0
2012-05-08,26973.69921875,27055.900390625,26315.80078125,26315.80078125,26315.80078125,161205.0,0.0,0.0,0.0
2012-05-09,26315.80078125,26727.0,25904.599609375,26480.30078125,26480.30078125,114681.0,0.0,0.0,0.0
2012-05-10,26973.69921875,26973.69921875,25493.400390625,25657.900390625,25657.900390625,155405.0,0.0,0.0,0.0
2012-05-11,26151.30078125,26151.30078125,24671.099609375,24671.099609375,24671.099609375,122476.0,0.0,0.0,0.0
2012-05-14,24342.099609375,24671.099609375,23684.19921875,23684.19921875,23684.19921875,173888.0,0.0,0.0,0.0
2012-05-15,23190.80078125,23848.69921875,22615.099609375,22615.099609375,22615.099609375,195776.0,0.0,0.0,0.0
2012-05-16,23684.19921875,23684.19921875,22615.099609375,23684.19921875,23684.19921875,184188.0,0.0,0.0,0.0
2012-05-17,23602.0,24671.099609375,23602.0,23684.19921875,23684.19921875,44311.0,0.0,0.0,0.0
2012-05-18,23108.599609375,23602.0,22615.099609375,23026.30078125,23026.30078125,97171.0,0.0,0.0,0.0
2012-05-21,23602.0,24177.599609375,23026.30078125,24177.599609375,24177.599609375,104880.0,0.0,0.0,0.0
2012-05-22,24177.599609375,24506.599609375,23684.19921875,23684.19921875,23684.19921875,91188.0,0.0,0.0,0.0
2012-05-23,23684.19921875,23684.19921875,23026.30078125,23026.30078125,23026.30078125,94787.0,0.0,0.0,0.0
2012-05-24,23108.599609375,23108.599609375,21957.19921875,22039.5,22039.5,92525.0,0.0,0.0,0.0
2012-05-25,23026.30078125,23108.599609375,22697.400390625,23108.599609375,23108.599609375,48786.0,0.0,0.0,0.0
2012-05-29,22615.099609375,23355.30078125,22615.099609375,23026.30078125,23026.30078125,44226.0,0.0,0.0,0.0
2012-05-30,23026.30078125,23273.0,23026.30078125,23108.599609375,23108.599609375,27859.0,0.0,0.0,0.0
2012-05-31,23026.30078125,23108.599609375,22615.099609375,22697.400390625,22697.400390625,44506.0,0.0,0.0,0.0
2012-06-01,22779.599609375,22944.099609375,22697.400390625,22944.099609375,22944.099609375,21839.0,0.0,0.0,0.0
2012-06-04,22861.80078125,22861.80078125,22203.900390625,22203.900390625,22203.900390625,36602.0,0.0,0.0,0.0
2012-06-05,21957.19921875,22944.099609375,21875.0,22532.900390625,22532.900390625,37574.0,0.0,0.0,0.0
2012-06-06,22615.099609375,23026.30078125,22615.099609375,22944.099609375,22944.099609375,30631.0,0.0,0.0,0.0
2012-06-07,23026.30078125,23437.5,22861.80078125,23026.30078125,23026.30078125,38997.0,0.0,0.0,0.0
2012-06-08,23519.69921875,23519.69921875,22368.400390625,22944.099609375,22944.099609375,66515.0,0.0,0.0,0.0
2012-06-11,23273.0,23273.0,22861.80078125,22861.80078125,22861.80078125,16100.0,0.0,0.0,0.0
2012-06-12,22861.80078125,22861.80078125,22532.900390625,22532.900390625,22532.900390625,20429.0,0.0,0.0,0.0
2012-06-13,22532.900390625,22944.099609375,22532.900390625,22861.80078125,22861.80078125,37003.0,0.0,0.0,0.0
2012-06-14,22286.19921875,22861.80078125,22286.19921875,22697.400390625,22697.400390625,13935.0,0.0,0.0,0.0
2012-06-15,23026.30078125,23026.30078125,22697.400390625,22779.599609375,22779.599609375,7965.0,0.0,0.0,0.0
2012-06-18,23273.0,23273.0,22861.80078125,22861.80078125,22861.80078125,19188.0,0.0,0.0,0.0
2012-06-19,22861.80078125,22861.80078125,22615.099609375,22779.599609375,22779.599609375,28539.0,0.0,0.0,0.0
2012-06-20,22450.69921875,22779.599609375,22450.69921875,22779.599609375,22779.599609375,10919.0,0.0,0.0,0.0
2012-06-21,22944.099609375,22944.099609375,22532.900390625,22615.099609375,22615.099609375,11552.0,0.0,0.0,0.0
2012-06-22,22532.900390625,22615.099609375,22450.69921875,22450.69921875,22450.69921875,27895.0,0.0,0.0,0.0
2012-06-25,22615.099609375,22615.099609375,21957.19921875,21957.19921875,21957.19921875,37294.0,0.0,0.0,0.0
2012-06-26,21792.80078125,21875.0,21299.30078125,21381.599609375,21381.599609375,60629.0,0.0,0.0,0.0
2012-06-27,21299.30078125,21710.5,21299.30078125,21299.30078125,21299.30078125,58501.0,0.0,0.0,0.0
2012-06-28,21792.80078125,21792.80078125,21052.599609375,21134.900390625,21134.900390625,4268.0,0.0,0.0,0.0
2012-06-29,22121.69921875,22121.69921875,21381.599609375,21628.30078125,21628.30078125,2687.0,0.0,0.0,0.0
2012-07-02,21875.0,21875.0,21381.599609375,21546.099609375,21546.099609375,22252.0,0.0,0.0,0.0
2012-07-03,21546.099609375,21628.30078125,21217.099609375,21463.80078125,21463.80078125,55595.0,0.0,0.0,0.0
2012-07-05,21299.30078125,21463.80078125,21299.30078125,21463.80078125,21463.80078125,14786.0,0.0,0.0,0.0
2012-07-06,21792.80078125,21875.0,21381.599609375,21546.099609375,21546.099609375,26995.0,0.0,0.0,0.0
2012-07-09,21463.80078125,21710.5,21299.30078125,21381.599609375,21381.599609375,34935.0,0.0,0.0,0.0
2012-07-10,21134.900390625,21463.80078125,21134.900390625,21217.099609375,21217.099609375,14823.0,0.0,0.0,0.0
2012-07-11,21875.0,21875.0,21217.099609375,21381.599609375,21381.599609375,7441.0,0.0,0.0,0.0
2012-07-12,21381.599609375,21381.599609375,21134.900390625,21381.599609375,21381.599609375,20817.0,0.0,0.0,0.0
2012-07-13,21628.30078125,21957.19921875,21381.599609375,21628.30078125,21628.30078125,29.0,0.0,0.0,0.0
2012-07-16,21628.30078125,22121.69921875,21381.599609375,21381.599609375,21381.599609375,24368.0,0.0,0.0,0.0
2012-07-17,21792.80078125,21792.80078125,21463.80078125,21792.80078125,21792.80078125,20574.0,0.0,0.0,0.0
2012-07-18,22039.5,22039.5,21546.099609375,21792.80078125,21792.80078125,9375.0,0.0,0.0,0.0
2012-07-19,21792.80078125,22697.400390625,21792.80078125,22697.400390625,22697.400390625,116042.0,0.0,0.0,0.0
2012-07-20,23026.30078125,23026.30078125,22121.69921875,22121.69921875,22121.69921875,32333.0,0.0,0.0,0.0
2012-07-23,21875.0,22203.900390625,21875.0,22121.69921875,22121.69921875,18848.0,0.0,0.0,0.0
2012-07-24,21792.80078125,22121.69921875,21381.599609375,21463.80078125,21463.80078125,60702.0,0.0,0.0,0.0
2012-07-25,21463.80078125,21546.099609375,21299.30078125,21381.599609375,21381.599609375,40699.0,0.0,0.0,0.0
2012-07-26,21381.599609375,21628.30078125,21381.599609375,21463.80078125,21463.80078125,11381.0,0.0,0.0,0.0
2012-07-27,21628.30078125,21628.30078125,21299.30078125,21381.599609375,21381.599609375,3550.0,0.0,0.0,0.0
2012-07-30,21628.30078125,21628.30078125,21299.30078125,21381.599609375,21381.599609375,3550.0,0.0,0.0,0.0
2012-07-31,22039.5,22039.5,21299.30078125,21299.30078125,21299.30078125,27639.0,0.0,0.0,0.0
2012-08-01,21299.30078125,21299.30078125,21217.099609375,21217.099609375,21217.099609375,37817.0,0.0,0.0,0.0
2012-08-02,21381.599609375,21628.30078125,21217.099609375,21299.30078125,21299.30078125,7004.0,0.0,0.0,0.0
2012-08-03,21381.599609375,21628.30078125,21381.599609375,21546.099609375,21546.099609375,19893.0,0.0,0.0,0.0
2012-08-06,21710.5,21710.5,21463.80078125,21710.5,21710.5,17644.0,0.0,0.0,0.0
2012-08-07,21546.099609375,21792.80078125,21463.80078125,21546.099609375,21546.099609375,17850.0,0.0,0.0,0.0
2012-08-08,21381.599609375,21628.30078125,21381.599609375,21546.099609375,21546.099609375,15139.0,0.0,0.0,0.0
2012-08-09,21546.099609375,21957.19921875,21546.099609375,21628.30078125,21628.30078125,36078.0,0.0,0.0,0.0
2012-08-10,21628.30078125,22450.69921875,21546.099609375,22039.5,22039.5,89704.0,0.0,0.0,0.0
2012-08-13,22039.5,22039.5,21628.30078125,21628.30078125,21628.30078125,43788.0,0.0,0.0,0.0
2012-08-14,21628.30078125,22121.69921875,21628.30078125,21875.0,21875.0,15637.0,0.0,0.0,0.0
2012-08-15,22039.5,22944.099609375,22039.5,22944.099609375,22944.099609375,138587.0,0.0,0.0,0.0
2012-08-16,23026.30078125,24013.19921875,23026.30078125,24013.19921875,24013.19921875,362440.0,0.0,0.0,0.0
2012-08-17,24177.599609375,24424.30078125,23684.19921875,23684.19921875,23684.19921875,157970.0,0.0,0.0,0.0
2012-08-20,23684.19921875,24013.19921875,23519.69921875,23684.19921875,23684.19921875,33877.0,0.0,0.0,0.0
2012-08-21,23026.30078125,23026.30078125,22532.900390625,22532.900390625,22532.900390625,109695.0,0.0,0.0,0.0
2012-08-22,21792.80078125,22532.900390625,21463.80078125,21463.80078125,21463.80078125,377276.0,0.0,0.0,0.0
2012-08-23,20970.400390625,20970.400390625,20394.69921875,20394.69921875,20394.69921875,233265.0,0.0,0.0,0.0
2012-08-24,19819.099609375,21381.599609375,19736.80078125,21381.599609375,21381.599609375,115556.0,0.0,0.0,0.0
2012-08-27,20888.19921875,21217.099609375,20312.5,20805.900390625,20805.900390625,109561.0,0.0,0.0,0.0
2012-08-28,20641.400390625,21710.5,20477.0,21134.900390625,21134.900390625,38243.0,0.0,0.0,0.0
2012-08-29,21381.599609375,22121.69921875,21299.30078125,22039.5,22039.5,77216.0,0.0,0.0,0.0
2012-08-30,22121.69921875,22121.69921875,21546.099609375,22039.5,22039.5,45818.0,0.0,0.0,0.0
2012-08-31,22039.5,22039.5,21628.30078125,21792.80078125,21792.80078125,35178.0,0.0,0.0,0.0
2012-09-04,22203.900390625,22203.900390625,21875.0,21957.19921875,21957.19921875,39702.0,0.0,0.0,0.0
2012-09-05,21710.5,21957.19921875,21381.599609375,21463.80078125,21463.80078125,33914.0,0.0,0.0,0.0
2012-09-06,21381.599609375,21710.5,21134.900390625,21134.900390625,21134.900390625,54367.0,0.0,0.0,0.0
2012-09-07,21792.80078125,21792.80078125,21052.599609375,21217.099609375,21217.099609375,18410.0,0.0,0.0,0.0
2012-09-10,21217.099609375,21217.099609375,20559.19921875,21052.599609375,21052.599609375,44979.0,0.0,0.0,0.0
2012-09-11,21052.599609375,21381.599609375,20888.19921875,21299.30078125,21299.30078125,9728.0,0.0,0.0,0.0
2012-09-12,21381.599609375,21628.30078125,21381.599609375,21381.599609375,21381.599609375,21754.0,0.0,0.0,0.0
2012-09-13,21546.099609375,21546.099609375,21217.099609375,21463.80078125,21463.80078125,33148.0,0.0,0.0,0.0
2012-09-14,21957.19921875,21957.19921875,21546.099609375,21792.80078125,21792.80078125,44371.0,0.0,0.0,0.0
2012-09-17,21463.80078125,22121.69921875,21463.80078125,21463.80078125,21463.80078125,37270.0,0.0,0.0,0.0
2012-09-18,21546.099609375,21546.099609375,21217.099609375,21217.099609375,21217.099609375,75294.0,0.0,0.0,0.0
2012-09-19,20970.400390625,21463.80078125,20970.400390625,21134.900390625,21134.900390625,30108.0,0.0,0.0,0.0
2012-09-20,21134.900390625,21134.900390625,20970.400390625,21134.900390625,21134.900390625,37331.0,0.0,0.0,0.0
2012-09-21,21381.599609375,21381.599609375,21217.099609375,21381.599609375,21381.599609375,11235.0,0.0,0.0,0.0
2012-09-24,21463.80078125,21463.80078125,21134.900390625,21381.599609375,21381.599609375,4268.0,0.0,0.0,0.0
2012-09-25,21381.599609375,21463.80078125,21217.099609375,21381.599609375,21381.599609375,37392.0,0.0,0.0,0.0
2012-09-26,21381.599609375,22450.69921875,21381.599609375,22121.69921875,22121.69921875,182910.0,0.0,0.0,0.0
2012-09-27,22203.900390625,22368.400390625,21957.19921875,22121.69921875,22121.69921875,60082.0,0.0,0.0,0.0
2012-09-28,22121.69921875,22121.69921875,22039.5,22121.69921875,22121.69921875,32369.0,0.0,0.0,0.0
2012-10-01,22450.69921875,22450.69921875,22039.5,22121.69921875,22121.69921875,85679.0,0.0,0.0,0.0
2012-10-02,22615.099609375,22697.400390625,22286.19921875,22450.69921875,22450.69921875,139256.0,0.0,0.0,0.0
2012-10-03,22450.69921875,22697.400390625,22368.400390625,22450.69921875,22450.69921875,66867.0,0.0,0.0,0.0
2012-10-04,22450.69921875,22532.900390625,22286.19921875,22368.400390625,22368.400390625,23274.0,0.0,0.0,0.0
2012-10-05,22286.19921875,22450.69921875,22203.900390625,22450.69921875,22450.69921875,49479.0,0.0,0.0,0.0
2012-10-08,22532.900390625,22615.099609375,22368.400390625,22450.69921875,22450.69921875,38437.0,0.0,0.0,0.0
2012-10-09,22368.400390625,22532.900390625,22368.400390625,22450.69921875,22450.69921875,58453.0,0.0,0.0,0.0
2012-10-10,22450.69921875,22532.900390625,22368.400390625,22450.69921875,22450.69921875,65262.0,0.0,0.0,0.0
2012-10-11,22532.900390625,22861.80078125,22450.69921875,22697.400390625,22697.400390625,60568.0,0.0,0.0,0.0
2012-10-12,22697.400390625,22697.400390625,22615.099609375,22615.099609375,22615.099609375,21073.0,0.0,0.0,0.0
2012-10-15,22615.099609375,22615.099609375,22203.900390625,22532.900390625,22532.900390625,84657.0,0.0,0.0,0.0
2012-10-16,21792.80078125,21792.80078125,21381.599609375,21463.80078125,21463.80078125,32296.0,0.0,0.0,0.0
2012-10-17,21463.80078125,21463.80078125,20970.400390625,21052.599609375,21052.599609375,53078.0,0.0,0.0,0.0
2012-10-18,21052.599609375,21134.900390625,21052.599609375,21052.599609375,21052.599609375,17729.0,0.0,0.0,0.0
2012-10-19,20970.400390625,21710.5,20559.19921875,20641.400390625,20641.400390625,50196.0,0.0,0.0,0.0
2012-10-22,20559.19921875,20559.19921875,19736.80078125,19736.80078125,19736.80078125,79112.0,0.0,0.0,0.0
2012-10-23,19407.900390625,20230.30078125,19407.900390625,19819.099609375,19819.099609375,20222.0,0.0,0.0,0.0
2012-10-24,19572.400390625,19983.599609375,19407.900390625,19654.599609375,19654.599609375,6080.0,0.0,0.0,0.0
2012-10-25,19983.599609375,19983.599609375,19736.80078125,19736.80078125,19736.80078125,11637.0,0.0,0.0,0.0
2012-10-26,19654.599609375,19901.30078125,19654.599609375,19654.599609375,19654.599609375,5046.0,0.0,0.0,0.0
2012-10-31,19161.19921875,19325.69921875,19161.19921875,19161.19921875,19161.19921875,20927.0,0.0,0.0,0.0
2012-11-01,19161.19921875,19243.400390625,18996.69921875,19078.900390625,19078.900390625,21498.0,0.0,0.0,0.0
2012-11-02,19078.900390625,19078.900390625,18174.30078125,18174.30078125,18174.30078125,77264.0,0.0,0.0,0.0
2012-11-05,17927.599609375,18256.599609375,17927.599609375,18092.099609375,18092.099609375,5593.0,0.0,0.0,0.0
2012-11-06,18092.099609375,18092.099609375,17763.19921875,18092.099609375,18092.099609375,13546.0,0.0,0.0,0.0
2012-11-07,18174.30078125,18421.099609375,18092.099609375,18338.80078125,18338.80078125,23164.0,0.0,0.0,0.0
2012-11-08,18338.80078125,18667.80078125,18338.80078125,18338.80078125,18338.80078125,14859.0,0.0,0.0,0.0
2012-11-09,18338.80078125,18585.5,18338.80078125,18503.30078125,18503.30078125,4936.0,0.0,0.0,0.0
2012-11-12,18421.099609375,18667.80078125,18421.099609375,18667.80078125,18667.80078125,21219.0,0.0,0.0,0.0
2012-11-13,18750.0,18750.0,18503.30078125,18585.5,18585.5,14044.0,0.0,0.0,0.0
2012-11-14,18585.5,18667.80078125,18421.099609375,18667.80078125,18667.80078125,16780.0,0.0,0.0,0.0
2012-11-15,18667.80078125,18750.0,18503.30078125,18503.30078125,18503.30078125,30728.0,0.0,0.0,0.0
2012-11-16,18585.5,18585.5,18338.80078125,18585.5,18585.5,23626.0,0.0,0.0,0.0
2012-11-19,18585.5,18585.5,18503.30078125,18585.5,18585.5,13205.0,0.0,0.0,0.0
2012-11-20,18667.80078125,18996.69921875,18667.80078125,18996.69921875,18996.69921875,37598.0,0.0,0.0,0.0
2012-11-21,18832.19921875,18996.69921875,18750.0,18914.5,18914.5,19662.0,0.0,0.0,0.0
2012-11-23,19161.19921875,19161.19921875,18914.5,18914.5,18914.5,19516.0,0.0,0.0,0.0
2012-11-26,19161.19921875,19161.19921875,18750.0,18832.19921875,18832.19921875,18884.0,0.0,0.0,0.0
2012-11-27,18914.5,18996.69921875,18914.5,18914.5,18914.5,15455.0,0.0,0.0,0.0
2012-11-28,19078.900390625,19078.900390625,18750.0,18750.0,18750.0,19626.0,0.0,0.0,0.0
2012-11-29,18750.0,18914.5,18667.80078125,18914.5,18914.5,26423.0,0.0,0.0,0.0
2012-11-30,18914.5,18996.69921875,18914.5,18914.5,18914.5,15443.0,0.0,0.0,0.0
2012-12-03,18914.5,19078.900390625,18914.5,18914.5,18914.5,12172.0,0.0,0.0,0.0
2012-12-04,18832.19921875,19243.400390625,18832.19921875,19161.19921875,19161.19921875,25657.0,0.0,0.0,0.0
2012-12-05,19078.900390625,19736.80078125,19078.900390625,19654.599609375,19654.599609375,53443.0,0.0,0.0,0.0
2012-12-06,19736.80078125,19983.599609375,19243.400390625,19243.400390625,19243.400390625,20817.0,0.0,0.0,0.0
2012-12-07,19901.30078125,19901.30078125,19243.400390625,19407.900390625,19407.900390625,6286.0,0.0,0.0,0.0
2012-12-10,19407.900390625,19654.599609375,19243.400390625,19654.599609375,19654.599609375,15637.0,0.0,0.0,0.0
2012-12-11,19654.599609375,19654.599609375,19490.099609375,19654.599609375,19654.599609375,14920.0,0.0,0.0,0.0
2012-12-12,19654.599609375,19983.599609375,19654.599609375,19983.599609375,19983.599609375,39033.0,0.0,0.0,0.0
2012-12-13,19736.80078125,19983.599609375,19736.80078125,19819.099609375,19819.099609375,3489.0,0.0,0.0,0.0
2012-12-14,19819.099609375,19983.599609375,19654.599609375,19736.80078125,19736.80078125,13205.0,0.0,0.0,0.0
2012-12-17,19983.599609375,19983.599609375,19325.69921875,19407.900390625,19407.900390625,41465.0,0.0,0.0,0.0
2012-12-18,19736.80078125,19736.80078125,19325.69921875,19654.599609375,19654.599609375,632.0,0.0,0.0,0.0
2012-12-19,19490.099609375,19736.80078125,19490.099609375,19654.599609375,19654.599609375,23322.0,0.0,0.0,0.0
2012-12-20,19654.599609375,19654.599609375,19243.400390625,19572.400390625,19572.400390625,31263.0,0.0,0.0,0.0
2012-12-21,19490.099609375,19572.400390625,19490.099609375,19490.099609375,19490.099609375,5107.0,0.0,0.0,0.0
2012-12-24,19490.099609375,19901.30078125,19407.900390625,19490.099609375,19490.099609375,35640.0,0.0,0.0,0.0
2012-12-26,19572.400390625,19736.80078125,19490.099609375,19572.400390625,19572.400390625,3198.0,0.0,0.0,0.0
2012-12-27,19572.400390625,19736.80078125,19325.69921875,19572.400390625,19572.400390625,31810.0,0.0,0.0,0.0
2012-12-28,19736.80078125,19983.599609375,19325.69921875,19983.599609375,19983.599609375,70710.0,0.0,0.0,0.0
2012-12-31,19983.599609375,19983.599609375,19983.599609375,19983.599609375,19983.599609375,0.0,0.0,0.0,0.0
2013-01-02,19901.30078125,20065.80078125,19736.80078125,19983.599609375,19983.599609375,36139.0,0.0,0.0,0.0
2013-01-03,19736.80078125,20312.5,19736.80078125,19901.30078125,19901.30078125,40614.0,0.0,0.0,0.0
2013-01-04,19901.30078125,20888.19921875,19901.30078125,20888.19921875,20888.19921875,169534.0,0.0,0.0,0.0
2013-01-07,21299.30078125,21628.30078125,21217.099609375,21299.30078125,21299.30078125,31664.0,0.0,0.0,0.0
2013-01-08,21299.30078125,21381.599609375,21052.599609375,21217.099609375,21217.099609375,34108.0,0.0,0.0,0.0
2013-01-09,21052.599609375,21299.30078125,20723.69921875,20805.900390625,20805.900390625,151708.0,0.0,0.0,0.0
2013-01-10,20723.69921875,21299.30078125,20723.69921875,21052.599609375,21052.599609375,32479.0,0.0,0.0,0.0
2013-01-11,21381.599609375,21381.599609375,21052.599609375,21052.599609375,21052.599609375,79441.0,0.0,0.0,0.0
2013-01-14,21052.599609375,21628.30078125,20888.19921875,21546.099609375,21546.099609375,95808.0,0.0,0.0,0.0
2013-01-15,21710.5,22203.900390625,21710.5,22203.900390625,22203.900390625,156754.0,0.0,0.0,0.0
2013-01-16,22368.400390625,23190.80078125,22203.900390625,23190.80078125,23190.80078125,238700.0,0.0,0.0,0.0
2013-01-17,23190.80078125,23190.80078125,22039.5,22039.5,22039.5,96623.0,0.0,0.0,0.0
2013-01-18,22039.5,23026.30078125,21628.30078125,23026.30078125,23026.30078125,132641.0,0.0,0.0,0.0
2013-01-22,20970.400390625,21463.80078125,20723.69921875,20970.400390625,20970.400390625,36662.0,0.0,0.0,0.0
2013-01-23,20723.69921875,21217.099609375,20477.0,20477.0,20477.0,9314.0,0.0,0.0,0.0
2013-01-24,21134.900390625,21134.900390625,20148.0,20559.19921875,20559.19921875,6906.0,0.0,0.0,0.0
2013-01-25,20970.400390625,21463.80078125,20970.400390625,21463.80078125,21463.80078125,108357.0,0.0,0.0,0.0
2013-01-28,21792.80078125,22039.5,21463.80078125,21463.80078125,21463.80078125,162798.0,0.0,0.0,0.0
2013-01-29,21463.80078125,21710.5,20970.400390625,21710.5,21710.5,153106.0,0.0,0.0,0.0
2013-01-30,21792.80078125,21792.80078125,21381.599609375,21381.599609375,21381.599609375,19687.0,0.0,0.0,0.0
2013-01-31,21134.900390625,21381.599609375,21052.599609375,21052.599609375,21052.599609375,22313.0,0.0,0.0,0.0
2013-02-01,20723.69921875,21628.30078125,20723.69921875,21052.599609375,21052.599609375,4195.0,0.0,0.0,0.0
2013-02-04,21052.599609375,21710.5,21052.599609375,21710.5,21710.5,138782.0,0.0,0.0,0.0
2013-02-05,21710.5,21875.0,21710.5,21875.0,21875.0,112662.0,0.0,0.0,0.0
2013-02-06,21875.0,21957.19921875,21875.0,21957.19921875,21957.19921875,27287.0,0.0,0.0,0.0
2013-02-07,21957.19921875,23437.5,21957.19921875,23437.5,23437.5,137967.0,0.0,0.0,0.0
2013-02-08,23437.5,23437.5,23026.30078125,23437.5,23437.5,11138.0,0.0,0.0,0.0
2013-02-11,23437.5,23437.5,23437.5,23437.5,23437.5,0.0,0.0,0.0,0.0
2013-02-12,23437.5,23437.5,23437.5,23437.5,23437.5,0.0,0.0,0.0,0.0
2013-02-13,23437.5,23437.5,23437.5,23437.5,23437.5,0.0,0.0,0.0,0.0
2013-02-14,23437.5,23437.5,23437.5,23437.5,23437.5,0.0,0.0,0.0,0.0
2013-02-15,23437.5,23437.5,23437.5,23437.5,23437.5,0.0,0.0,0.0,0.0
2013-02-19,23190.80078125,23190.80078125,22697.400390625,23026.30078125,23026.30078125,49697.0,0.0,0.0,0.0
2013-02-20,23026.30078125,23273.0,22697.400390625,23273.0,23273.0,38328.0,0.0,0.0,0.0
2013-02-21,23273.0,23273.0,22697.400390625,22697.400390625,22697.400390625,83235.0,0.0,0.0,0.0
2013-02-22,22697.400390625,23026.30078125,22450.69921875,22861.80078125,22861.80078125,79380.0,0.0,0.0,0.0
2013-02-25,22697.400390625,23026.30078125,22697.400390625,22944.099609375,22944.099609375,8572.0,0.0,0.0,0.0
2013-02-26,22697.400390625,22779.599609375,22368.400390625,22615.099609375,22615.099609375,62636.0,0.0,0.0,0.0
2013-02-27,22203.900390625,22779.599609375,22203.900390625,22697.400390625,22697.400390625,80936.0,0.0,0.0,0.0
2013-02-28,22861.80078125,22944.099609375,22697.400390625,22861.80078125,22861.80078125,30083.0,0.0,0.0,0.0
2013-03-01,22944.099609375,22944.099609375,22697.400390625,22944.099609375,22944.099609375,30108.0,0.0,0.0,0.0
2013-03-04,22944.099609375,22944.099609375,22286.19921875,22861.80078125,22861.80078125,54002.0,0.0,0.0,0.0
2013-03-05,22203.900390625,22697.400390625,22203.900390625,22697.400390625,22697.400390625,24368.0,0.0,0.0,0.0
2013-03-06,22368.400390625,22450.69921875,22286.19921875,22286.19921875,22286.19921875,6031.0,0.0,0.0,0.0
2013-03-07,22286.19921875,22779.599609375,21792.80078125,22779.599609375,22779.599609375,40030.0,0.0,0.0,0.0
2013-03-08,22697.400390625,22944.099609375,22697.400390625,22861.80078125,22861.80078125,48117.0,0.0,0.0,0.0
2013-03-11,22779.599609375,23026.30078125,22779.599609375,23026.30078125,23026.30078125,22994.0,0.0,0.0,0.0
2013-03-12,22944.099609375,23026.30078125,22944.099609375,23026.30078125,23026.30078125,39361.0,0.0,0.0,0.0
2013-03-13,23108.599609375,23108.599609375,22944.099609375,22944.099609375,22944.099609375,22641.0,0.0,0.0,0.0
2013-03-14,22944.099609375,22944.099609375,22532.900390625,22532.900390625,22532.900390625,16537.0,0.0,0.0,0.0
2013-03-15,22861.80078125,22861.80078125,22532.900390625,22532.900390625,22532.900390625,3635.0,0.0,0.0,0.0
2013-03-18,23108.599609375,23190.80078125,22532.900390625,22944.099609375,22944.099609375,5605.0,0.0,0.0,0.0
2013-03-19,22944.099609375,22944.099609375,22368.400390625,22368.400390625,22368.400390625,218.0,0.0,0.0,0.0
2013-03-20,22286.19921875,22615.099609375,22286.19921875,22450.69921875,22450.69921875,1520.0,0.0,0.0,0.0
2013-03-21,22697.400390625,22697.400390625,22368.400390625,22615.099609375,22615.099609375,547.0,0.0,0.0,0.0
2013-03-22,22615.099609375,22615.099609375,22368.400390625,22615.099609375,22615.099609375,7332.0,0.0,0.0,0.0
2013-03-25,21792.80078125,22615.099609375,21792.80078125,22532.900390625,22532.900390625,1410.0,0.0,0.0,0.0
2013-03-26,22532.900390625,22532.900390625,22532.900390625,22532.900390625,22532.900390625,7539.0,0.0,0.0,0.0
2013-03-27,22532.900390625,22615.099609375,22368.400390625,22615.099609375,22615.099609375,12208.0,0.0,0.0,0.0
2013-03-28,22615.099609375,22697.400390625,22532.900390625,22532.900390625,22532.900390625,13217.0,0.0,0.0,0.0
2013-04-01,22861.80078125,23108.599609375,22450.69921875,23108.599609375,23108.599609375,3879.0,0.0,0.0,0.0
2013-04-02,22861.80078125,23108.599609375,22779.599609375,23026.30078125,23026.30078125,9290.0,0.0,0.0,0.0
2013-04-03,23026.30078125,23273.0,23026.30078125,23108.599609375,23108.599609375,32102.0,0.0,0.0,0.0
2013-04-04,23190.80078125,23848.69921875,23108.599609375,23848.69921875,23848.69921875,89290.0,0.0,0.0,0.0
2013-04-05,24177.599609375,24342.099609375,23848.69921875,24013.19921875,24013.19921875,38498.0,0.0,0.0,0.0
2013-04-08,24259.900390625,24259.900390625,23848.69921875,24095.400390625,24095.400390625,9302.0,0.0,0.0,0.0
2013-04-09,24095.400390625,24095.400390625,23437.5,23602.0,23602.0,17717.0,0.0,0.0,0.0
2013-04-10,23766.400390625,23930.900390625,23602.0,23602.0,23602.0,64752.0,0.0,0.0,0.0
2013-04-11,23602.0,23602.0,23108.599609375,23602.0,23602.0,17473.0,0.0,0.0,0.0
2013-04-12,22861.80078125,23437.5,22779.599609375,23437.5,23437.5,22143.0,0.0,0.0,0.0
2013-04-15,22615.099609375,23108.599609375,22615.099609375,23108.599609375,23108.599609375,4864.0,0.0,0.0,0.0
2013-04-16,23108.599609375,23108.599609375,22615.099609375,23026.30078125,23026.30078125,34145.0,0.0,0.0,0.0
2013-04-17,23026.30078125,23108.599609375,22861.80078125,22861.80078125,22861.80078125,3903.0,0.0,0.0,0.0
2013-04-18,22779.599609375,23026.30078125,22779.599609375,23026.30078125,23026.30078125,5143.0,0.0,0.0,0.0
2013-04-19,23026.30078125,23026.30078125,23026.30078125,23026.30078125,23026.30078125,0.0,0.0,0.0,0.0
2013-04-22,23026.30078125,23108.599609375,23026.30078125,23108.599609375,23108.599609375,5411.0,0.0,0.0,0.0
2013-04-23,23108.599609375,24259.900390625,23108.599609375,23848.69921875,23848.69921875,39179.0,0.0,0.0,0.0
2013-04-24,23684.19921875,23930.900390625,23355.30078125,23930.900390625,23930.900390625,18945.0,0.0,0.0,0.0
2013-04-25,23930.900390625,24013.19921875,23437.5,24013.19921875,24013.19921875,2590.0,0.0,0.0,0.0
2013-04-26,24013.19921875,24013.19921875,23766.400390625,23930.900390625,23930.900390625,14701.0,0.0,0.0,0.0
2013-04-29,23930.900390625,23930.900390625,23930.900390625,23930.900390625,23930.900390625,0.0,0.0,0.0,0.0
2013-04-30,23930.900390625,23930.900390625,23930.900390625,23930.900390625,23930.900390625,0.0,0.0,0.0,0.0
2013-05-01,23930.900390625,23930.900390625,23930.900390625,23930.900390625,23930.900390625,0.0,0.0,0.0,0.0
2013-05-02,23848.69921875,24013.19921875,23848.69921875,24013.19921875,24013.19921875,2638.0,0.0,0.0,0.0
2013-05-03,23848.69921875,23848.69921875,23848.69921875,23848.69921875,23848.69921875,291.0,0.0,0.0,0.0
2013-05-06,23930.900390625,23930.900390625,23684.19921875,23684.19921875,23684.19921875,23201.0,0.0,0.0,0.0
2013-05-07,23766.400390625,23766.400390625,23766.400390625,23766.400390625,23766.400390625,393.0,0.0,0.0,0.0
2013-05-08,25000.0,25000.0,24013.19921875,24259.900390625,24259.900390625,42985.0,0.0,0.0,0.0
2013-05-09,24259.900390625,25000.0,24259.900390625,24753.30078125,24753.30078125,92124.0,0.0,0.0,0.0
2013-05-10,25493.400390625,25493.400390625,24835.5,25000.0,25000.0,43009.0,0.0,0.0,0.0
2013-05-13,25328.900390625,25328.900390625,24835.5,24835.5,24835.5,6371.0,0.0,0.0,0.0
2013-05-14,24835.5,24835.5,24259.900390625,24342.099609375,24342.099609375,37367.0,0.0,0.0,0.0
2013-05-15,24342.099609375,24588.80078125,24342.099609375,24588.80078125,24588.80078125,13181.0,0.0,0.0,0.0
2013-05-16,24588.80078125,25000.0,24588.80078125,24671.099609375,24671.099609375,17583.0,0.0,0.0,0.0
2013-05-17,24588.80078125,24588.80078125,24424.30078125,24424.30078125,24424.30078125,24222.0,0.0,0.0,0.0
2013-05-20,25082.19921875,25082.19921875,24588.80078125,24917.80078125,24917.80078125,27092.0,0.0,0.0,0.0
2013-05-21,25328.900390625,25328.900390625,25082.19921875,25082.19921875,25082.19921875,21620.0,0.0,0.0,0.0
2013-05-22,25493.400390625,26069.099609375,25493.400390625,25822.400390625,25822.400390625,51886.0,0.0,0.0,0.0
2013-05-23,25904.599609375,25986.80078125,25575.69921875,25575.69921875,25575.69921875,37233.0,0.0,0.0,0.0
2013-05-24,25575.69921875,25904.599609375,25493.400390625,25493.400390625,25493.400390625,57541.0,0.0,0.0,0.0
2013-05-28,25411.19921875,25493.400390625,25164.5,25328.900390625,25328.900390625,113379.0,0.0,0.0,0.0
2013-05-29,25493.400390625,25904.599609375,25411.19921875,25411.19921875,25411.19921875,99687.0,0.0,0.0,0.0
2013-05-30,24671.099609375,24671.099609375,24342.099609375,24671.099609375,24671.099609375,55960.0,0.0,0.0,0.0
2013-05-31,24753.30078125,24753.30078125,24013.19921875,24259.900390625,24259.900390625,45867.0,0.0,0.0,0.0
2013-06-03,24671.099609375,24671.099609375,23848.69921875,23848.69921875,23848.69921875,56069.0,0.0,0.0,0.0
2013-06-04,23848.69921875,23930.900390625,23437.5,23519.69921875,23519.69921875,54014.0,0.0,0.0,0.0
2013-06-05,23684.19921875,24259.900390625,23602.0,24095.400390625,24095.400390625,9959.0,0.0,0.0,0.0
2013-06-06,23848.69921875,24177.599609375,23848.69921875,24177.599609375,24177.599609375,13193.0,0.0,0.0,0.0
2013-06-07,24177.599609375,24177.599609375,23848.69921875,23848.69921875,23848.69921875,12354.0,0.0,0.0,0.0
2013-06-10,23519.69921875,23848.69921875,23519.69921875,23848.69921875,23848.69921875,27408.0,0.0,0.0,0.0
2013-06-11,23766.400390625,23766.400390625,23684.19921875,23766.400390625,23766.400390625,27968.0,0.0,0.0,0.0
2013-06-12,23684.19921875,23848.69921875,23684.19921875,23848.69921875,23848.69921875,26350.0,0.0,0.0,0.0
2013-06-13,24013.19921875,24013.19921875,23684.19921875,23848.69921875,23848.69921875,46840.0,0.0,0.0,0.0
2013-06-14,24177.599609375,24177.599609375,23684.19921875,23848.69921875,23848.69921875,18337.0,0.0,0.0,0.0
2013-06-17,24177.599609375,24177.599609375,23437.5,23437.5,23437.5,28855.0,0.0,0.0,0.0
2013-06-18,23437.5,23848.69921875,23273.0,23355.30078125,23355.30078125,38656.0,0.0,0.0,0.0
2013-06-19,23437.5,23766.400390625,23437.5,23766.400390625,23766.400390625,6140.0,0.0,0.0,0.0
2013-06-20,23437.5,23766.400390625,23437.5,23437.5,23437.5,9655.0,0.0,0.0,0.0
2013-06-21,23355.30078125,23684.19921875,23026.30078125,23684.19921875,23684.19921875,33671.0,0.0,0.0,0.0
2013-06-24,23355.30078125,23684.19921875,23273.0,23273.0,23273.0,10056.0,0.0,0.0,0.0
2013-06-25,23273.0,23273.0,22779.599609375,22779.599609375,22779.599609375,73908.0,0.0,0.0,0.0
2013-06-26,22779.599609375,22944.099609375,22779.599609375,22861.80078125,22861.80078125,26885.0,0.0,0.0,0.0
2013-06-27,22861.80078125,23766.400390625,22861.80078125,23766.400390625,23766.400390625,5593.0,0.0,0.0,0.0
2013-06-28,23930.900390625,23930.900390625,22697.400390625,23848.69921875,23848.69921875,64703.0,0.0,0.0,0.0
2013-07-01,23848.69921875,24177.599609375,23190.80078125,24095.400390625,24095.400390625,40419.0,0.0,0.0,0.0
2013-07-02,23766.400390625,24177.599609375,23766.400390625,24177.599609375,24177.599609375,18568.0,0.0,0.0,0.0
2013-07-03,24259.900390625,24506.599609375,24177.599609375,24177.599609375,24177.599609375,22204.0,0.0,0.0,0.0
2013-07-05,25164.5,25904.599609375,25000.0,25493.400390625,25493.400390625,82979.0,0.0,0.0,0.0
2013-07-08,25657.900390625,25657.900390625,25000.0,25411.19921875,25411.19921875,22337.0,0.0,0.0,0.0
2013-07-09,25000.0,25082.19921875,24424.30078125,25082.19921875,25082.19921875,4207.0,0.0,0.0,0.0
2013-07-10,25082.19921875,25082.19921875,24342.099609375,24342.099609375,24342.099609375,16938.0,0.0,0.0,0.0
2013-07-11,24671.099609375,25000.0,24424.30078125,25000.0,25000.0,7672.0,0.0,0.0,0.0
2013-07-12,25246.69921875,25328.900390625,24753.30078125,25082.19921875,25082.19921875,13035.0,0.0,0.0,0.0
2013-07-15,25082.19921875,25493.400390625,24835.5,24917.80078125,24917.80078125,20465.0,0.0,0.0,0.0
2013-07-16,24753.30078125,25246.69921875,24753.30078125,25082.19921875,25082.19921875,36589.0,0.0,0.0,0.0
2013-07-17,25493.400390625,26315.80078125,25328.900390625,26315.80078125,26315.80078125,203047.0,0.0,0.0,0.0
2013-07-18,27138.19921875,27138.19921875,26562.5,26891.400390625,26891.400390625,72558.0,0.0,0.0,0.0
2013-07-19,26480.30078125,27138.19921875,26480.30078125,27055.900390625,27055.900390625,65141.0,0.0,0.0,0.0
2013-07-22,26562.5,27055.900390625,25904.599609375,25904.599609375,25904.599609375,24161.0,0.0,0.0,0.0
2013-07-23,25904.599609375,26233.599609375,25904.599609375,25986.80078125,25986.80078125,25791.0,0.0,0.0,0.0
2013-07-24,25986.80078125,25986.80078125,25082.19921875,25740.099609375,25740.099609375,21328.0,0.0,0.0,0.0
2013-07-25,25740.099609375,25904.599609375,25246.69921875,25740.099609375,25740.099609375,17498.0,0.0,0.0,0.0
2013-07-26,25904.599609375,26315.80078125,25657.900390625,25986.80078125,25986.80078125,25219.0,0.0,0.0,0.0
2013-07-29,26151.30078125,26891.400390625,26151.30078125,26480.30078125,26480.30078125,39422.0,0.0,0.0,0.0
2013-07-30,25986.80078125,27138.19921875,25986.80078125,26973.69921875,26973.69921875,13680.0,0.0,0.0,0.0
2013-07-31,25904.599609375,26973.69921875,25904.599609375,26973.69921875,26973.69921875,16634.0,0.0,0.0,0.0
2013-08-01,27055.900390625,27467.099609375,26809.19921875,26809.19921875,26809.19921875,34011.0,0.0,0.0,0.0
2013-08-02,27302.599609375,27549.30078125,27138.19921875,27384.900390625,27384.900390625,26946.0,0.0,0.0,0.0
2013-08-05,27960.5,27960.5,27384.900390625,27467.099609375,27467.099609375,33208.0,0.0,0.0,0.0
2013-08-06,27138.19921875,28947.400390625,27138.19921875,28700.69921875,28700.69921875,130768.0,0.0,0.0,0.0
2013-08-07,28207.19921875,28782.900390625,27960.5,28207.19921875,28207.19921875,64314.0,0.0,0.0,0.0
2013-08-08,28371.69921875,28371.69921875,27631.599609375,27960.5,27960.5,15905.0,0.0,0.0,0.0
2013-08-09,27713.80078125,28371.69921875,27713.80078125,28207.19921875,28207.19921875,103372.0,0.0,0.0,0.0
2013-08-12,28207.19921875,28371.69921875,27960.5,28125.0,28125.0,44213.0,0.0,0.0,0.0
2013-08-13,28042.80078125,28371.69921875,27960.5,27960.5,27960.5,23383.0,0.0,0.0,0.0
2013-08-14,27878.30078125,28207.19921875,27878.30078125,28207.19921875,28207.19921875,33087.0,0.0,0.0,0.0
2013-08-15,28371.69921875,28536.19921875,28207.19921875,28536.19921875,28536.19921875,20672.0,0.0,0.0,0.0
2013-08-16,28782.900390625,28782.900390625,28289.5,28371.69921875,28371.69921875,36078.0,0.0,0.0,0.0
2013-08-19,28536.19921875,28782.900390625,28371.69921875,28782.900390625,28782.900390625,66940.0,0.0,0.0,0.0
2013-08-20,28782.900390625,30263.19921875,28700.69921875,29852.0,29852.0,166859.0,0.0,0.0,0.0
2013-08-21,29605.30078125,30427.599609375,29605.30078125,30263.19921875,30263.19921875,114924.0,0.0,0.0,0.0
2013-08-22,30180.900390625,30921.099609375,30180.900390625,30427.599609375,30427.599609375,111361.0,0.0,0.0,0.0
2013-08-23,30345.400390625,31085.5,30016.400390625,30674.30078125,30674.30078125,82894.0,0.0,0.0,0.0
2013-08-26,30592.099609375,30674.30078125,29852.0,30674.30078125,30674.30078125,60702.0,0.0,0.0,0.0
2013-08-27,30592.099609375,30674.30078125,30016.400390625,30098.69921875,30098.69921875,60945.0,0.0,0.0,0.0
2013-08-28,29605.30078125,30263.19921875,29111.80078125,29769.69921875,29769.69921875,24052.0,0.0,0.0,0.0
2013-08-29,29523.0,30345.400390625,29440.80078125,29687.5,29687.5,21693.0,0.0,0.0,0.0
2013-08-30,29769.69921875,29769.69921875,29358.599609375,29769.69921875,29769.69921875,59900.0,0.0,0.0,0.0
2013-09-03,29852.0,29852.0,29440.80078125,29440.80078125,29440.80078125,17413.0,0.0,0.0,0.0
2013-09-04,29605.30078125,29687.5,29194.099609375,29687.5,29687.5,10968.0,0.0,0.0,0.0
2013-09-05,29687.5,30427.599609375,29605.30078125,30180.900390625,30180.900390625,17996.0,0.0,0.0,0.0
2013-09-06,30098.69921875,30427.599609375,29934.19921875,30180.900390625,30180.900390625,20027.0,0.0,0.0,0.0
2013-09-09,30180.900390625,30180.900390625,28865.099609375,29605.30078125,29605.30078125,21766.0,0.0,0.0,0.0
2013-09-10,29605.30078125,29605.30078125,28782.900390625,29523.0,29523.0,69749.0,0.0,0.0,0.0
2013-09-11,29523.0,29605.30078125,28700.69921875,28782.900390625,28782.900390625,21936.0,0.0,0.0,0.0
2013-09-12,28782.900390625,28782.900390625,28289.5,28536.19921875,28536.19921875,15285.0,0.0,0.0,0.0
2013-09-13,28700.69921875,28782.900390625,28618.400390625,28700.69921875,28700.69921875,21863.0,0.0,0.0,0.0
2013-09-16,29111.80078125,29111.80078125,28453.900390625,28782.900390625,28782.900390625,7818.0,0.0,0.0,0.0
2013-09-17,28782.900390625,28782.900390625,28453.900390625,28782.900390625,28782.900390625,26289.0,0.0,0.0,0.0
2013-09-18,28782.900390625,28782.900390625,28453.900390625,28453.900390625,28453.900390625,19638.0,0.0,0.0,0.0
2013-09-19,28453.900390625,29194.099609375,28453.900390625,28618.400390625,28618.400390625,27445.0,0.0,0.0,0.0
2013-09-20,28618.400390625,28700.69921875,28536.19921875,28618.400390625,28618.400390625,12768.0,0.0,0.0,0.0
2013-09-23,28782.900390625,28782.900390625,28536.19921875,28618.400390625,28618.400390625,10481.0,0.0,0.0,0.0
2013-09-24,28700.69921875,29523.0,28618.400390625,29440.80078125,29440.80078125,41952.0,0.0,0.0,0.0
2013-09-25,29523.0,30016.400390625,29440.80078125,29852.0,29852.0,20258.0,0.0,0.0,0.0
2013-09-26,30016.400390625,30016.400390625,29440.80078125,29605.30078125,29605.30078125,35665.0,0.0,0.0,0.0
2013-09-27,29523.0,29687.5,29276.30078125,29523.0,29523.0,48688.0,0.0,0.0,0.0
2013-09-30,29769.69921875,29769.69921875,29276.30078125,29523.0,29523.0,36698.0,0.0,0.0,0.0
2013-10-01,29605.30078125,29605.30078125,29358.599609375,29358.599609375,29358.599609375,37927.0,0.0,0.0,0.0
2013-10-02,30016.400390625,30016.400390625,29358.599609375,30016.400390625,30016.400390625,59389.0,0.0,0.0,0.0
2013-10-03,29605.30078125,30016.400390625,29605.30078125,29769.69921875,29769.69921875,75683.0,0.0,0.0,0.0
2013-10-04,29852.0,29934.19921875,29605.30078125,29852.0,29852.0,37051.0,0.0,0.0,0.0
2013-10-07,30016.400390625,30016.400390625,29769.69921875,29934.19921875,29934.19921875,59352.0,0.0,0.0,0.0
2013-10-08,29934.19921875,30016.400390625,29605.30078125,29687.5,29687.5,62757.0,0.0,0.0,0.0
2013-10-09,31500.0,31500.0,30900.0,31200.0,31200.0,89950.0,0.0,0.0,0.0
2013-10-10,31400.0,31500.0,30800.0,31200.0,31200.0,17750.0,0.0,0.0,0.0
2013-10-11,31500.0,31500.0,31100.0,31300.0,31300.0,16760.0,0.0,0.0,0.0
2013-10-14,30900.0,31300.0,30800.0,31200.0,31200.0,9330.0,0.0,0.0,0.0
2013-10-15,31200.0,31200.0,30700.0,30900.0,30900.0,13010.0,0.0,0.0,0.0
2013-10-16,30900.0,31700.0,30900.0,31400.0,31400.0,36200.0,0.0,0.0,0.0
2013-10-17,31500.0,31600.0,30800.0,31000.0,31000.0,43180.0,0.0,0.0,0.0
2013-10-18,31000.0,31400.0,30900.0,31000.0,31000.0,17480.0,0.0,0.0,0.0
2013-10-21,31000.0,31800.0,31000.0,31800.0,31800.0,55620.0,0.0,0.0,0.0
2013-10-22,31800.0,31900.0,31300.0,31900.0,31900.0,63930.0,0.0,0.0,0.0
2013-10-23,31900.0,31900.0,31100.0,31700.0,31700.0,35880.0,0.0,0.0,0.0
2013-10-24,31200.0,31700.0,31100.0,31600.0,31600.0,24850.0,0.0,0.0,0.0
2013-10-25,31700.0,31700.0,31000.0,31300.0,31300.0,25540.0,0.0,0.0,0.0
2013-10-28,30900.0,31500.0,30900.0,30900.0,30900.0,38690.0,0.0,0.0,0.0
2013-10-29,30800.0,31200.0,30800.0,31200.0,31200.0,4950.0,0.0,0.0,0.0
2013-10-30,31400.0,31400.0,30800.0,31400.0,31400.0,22710.0,0.0,0.0,0.0
2013-10-31,31500.0,31500.0,31000.0,31500.0,31500.0,9170.0,0.0,0.0,0.0
2013-11-01,30800.0,31500.0,30800.0,31500.0,31500.0,8940.0,0.0,0.0,0.0
2013-11-04,31000.0,31500.0,31000.0,31000.0,31000.0,18910.0,0.0,0.0,0.0
2013-11-05,30800.0,31200.0,30800.0,31200.0,31200.0,20530.0,0.0,0.0,0.0
2013-11-06,31400.0,31400.0,31000.0,31200.0,31200.0,7130.0,0.0,0.0,0.0
2013-11-07,30900.0,31100.0,30800.0,31000.0,31000.0,14140.0,0.0,0.0,0.0
2013-11-08,31000.0,31000.0,30700.0,30900.0,30900.0,10520.0,0.0,0.0,0.0
2013-11-11,31400.0,31400.0,30800.0,31100.0,31100.0,3050.0,0.0,0.0,0.0
2013-11-12,31200.0,31200.0,30800.0,30900.0,30900.0,20290.0,0.0,0.0,0.0
2013-11-13,30900.0,31000.0,30900.0,30900.0,30900.0,5020.0,0.0,0.0,0.0
2013-11-14,30800.0,30800.0,30000.0,30000.0,30000.0,69510.0,0.0,0.0,0.0
2013-11-15,30000.0,30000.0,29800.0,30000.0,30000.0,46560.0,0.0,0.0,0.0
2013-11-18,29600.0,30400.0,29600.0,30400.0,30400.0,46820.0,0.0,0.0,0.0
2013-11-19,30600.0,30600.0,30300.0,30600.0,30600.0,18270.0,0.0,0.0,0.0
2013-11-20,30400.0,30700.0,30400.0,30700.0,30700.0,34840.0,0.0,0.0,0.0
2013-11-21,30700.0,31400.0,30700.0,30700.0,30700.0,103620.0,0.0,0.0,0.0
2013-11-22,30700.0,31100.0,30600.0,31100.0,31100.0,16770.0,0.0,0.0,0.0
2013-11-25,31000.0,31000.0,30700.0,30800.0,30800.0,28690.0,0.0,0.0,0.0
2013-11-26,30800.0,31000.0,30500.0,31000.0,31000.0,71480.0,0.0,0.0,0.0
2013-11-27,30800.0,31200.0,30800.0,31100.0,31100.0,39270.0,0.0,0.0,0.0
2013-11-29,31200.0,31600.0,31200.0,31500.0,31500.0,82380.0,0.0,0.0,0.0
2013-12-02,32000.0,33000.0,31800.0,32900.0,32900.0,144630.0,0.0,0.0,0.0
2013-12-03,32900.0,33100.0,32100.0,32600.0,32600.0,55240.0,0.0,0.0,0.0
2013-12-04,32500.0,32900.0,32400.0,32500.0,32500.0,26930.0,0.0,0.0,0.0
2013-12-05,32500.0,32500.0,32100.0,32400.0,32400.0,31790.0,0.0,0.0,0.0
2013-12-06,32200.0,32400.0,32200.0,32300.0,32300.0,31000.0,0.0,0.0,0.0
2013-12-09,32200.0,32300.0,32000.0,32100.0,32100.0,39140.0,0.0,0.0,0.0
2013-12-10,32000.0,32200.0,32000.0,32200.0,32200.0,24480.0,0.0,0.0,0.0
2013-12-11,32600.0,32600.0,31000.0,32000.0,32000.0,39230.0,0.0,0.0,0.0
2013-12-12,32200.0,32200.0,31300.0,32000.0,32000.0,30800.0,0.0,0.0,0.0
2013-12-13,31500.0,32300.0,31500.0,32300.0,32300.0,12230.0,0.0,0.0,0.0
2013-12-16,32600.0,32800.0,32300.0,32800.0,32800.0,35820.0,0.0,0.0,0.0
2013-12-17,32600.0,32700.0,32100.0,32500.0,32500.0,14190.0,0.0,0.0,0.0
2013-12-18,32600.0,32600.0,32300.0,32500.0,32500.0,39910.0,0.0,0.0,0.0
2013-12-19,32700.0,33000.0,32700.0,32900.0,32900.0,67400.0,0.0,0.0,0.0
2013-12-20,32900.0,33100.0,32800.0,33100.0,33100.0,146940.0,0.0,0.0,0.0
2013-12-23,33300.0,33300.0,33100.0,33200.0,33200.0,103460.0,0.0,0.0,0.0
2013-12-24,33200.0,33200.0,32800.0,32900.0,32900.0,55140.0,0.0,0.0,0.0
2013-12-26,32800.0,33000.0,32500.0,32500.0,32500.0,71950.0,0.0,0.0,0.0
2013-12-27,32000.0,32000.0,31100.0,31300.0,31300.0,32200.0,0.0,0.0,0.0
2013-12-30,31200.0,31300.0,30600.0,30800.0,30800.0,27070.0,0.0,0.0,0.0
2013-12-31,30600.0,31100.0,30500.0,31100.0,31100.0,38070.0,0.0,0.0,0.0
2014-01-02,30500.0,31300.0,30500.0,31100.0,31100.0,33950.0,0.0,0.0,0.0
2014-01-03,30900.0,31400.0,30900.0,31300.0,31300.0,24250.0,0.0,0.0,0.0
2014-01-06,31500.0,31700.0,31100.0,31700.0,31700.0,45670.0,0.0,0.0,0.0
2014-01-07,31500.0,31700.0,31300.0,31400.0,31400.0,41180.0,0.0,0.0,0.0
2014-01-08,31600.0,31600.0,31400.0,31400.0,31400.0,35890.0,0.0,0.0,0.0
2014-01-09,31400.0,32500.0,31400.0,32100.0,32100.0,108950.0,0.0,0.0,0.0
2014-01-10,32300.0,33300.0,32300.0,33000.0,33000.0,188320.0,0.0,0.0,0.0
2014-01-13,34000.0,34200.0,33200.0,33900.0,33900.0,136480.0,0.0,0.0,0.0
2014-01-14,34900.0,34900.0,34000.0,34600.0,34600.0,84400.0,0.0,0.0,0.0
2014-01-15,34800.0,36200.0,34600.0,35700.0,35700.0,134730.0,0.0,0.0,0.0
2014-01-16,35700.0,35700.0,34500.0,35100.0,35100.0,109160.0,0.0,0.0,0.0
2014-01-17,35200.0,35500.0,34500.0,34500.0,34500.0,123010.0,0.0,0.0,0.0
2014-01-21,34000.0,35200.0,34000.0,34900.0,34900.0,69270.0,0.0,0.0,0.0
2014-01-22,35300.0,35300.0,34600.0,34700.0,34700.0,37380.0,0.0,0.0,0.0
2014-01-23,34700.0,35000.0,34500.0,34700.0,34700.0,29590.0,0.0,0.0,0.0
2014-01-24,34900.0,35200.0,34700.0,35000.0,35000.0,34540.0,0.0,0.0,0.0
2014-01-27,35000.0,37400.0,35000.0,37000.0,37000.0,143140.0,0.0,0.0,0.0
2014-01-28,37000.0,37000.0,37000.0,37000.0,37000.0,0.0,0.0,0.0,0.0
2014-01-29,37000.0,37000.0,37000.0,37000.0,37000.0,0.0,0.0,0.0,0.0
2014-01-30,37000.0,37000.0,37000.0,37000.0,37000.0,0.0,0.0,0.0,0.0
2014-01-31,37000.0,37000.0,37000.0,37000.0,37000.0,0.0,0.0,0.0,0.0
2014-02-03,37000.0,37000.0,37000.0,37000.0,37000.0,0.0,0.0,0.0,0.0
2014-02-04,37000.0,37000.0,37000.0,37000.0,37000.0,0.0,0.0,0.0,0.0
2014-02-05,37000.0,37000.0,37000.0,37000.0,37000.0,0.0,0.0,0.0,0.0
2014-02-06,37000.0,37500.0,36900.0,37100.0,37100.0,55140.0,0.0,0.0,0.0
2014-02-07,37000.0,37400.0,36900.0,37100.0,37100.0,60160.0,0.0,0.0,0.0
2014-02-10,36500.0,37900.0,35100.0,37400.0,37400.0,73680.0,0.0,0.0,0.0
2014-02-11,37700.0,40000.0,37700.0,39000.0,39000.0,347490.0,0.0,0.0,0.0
2014-02-12,40000.0,40300.0,39300.0,40000.0,40000.0,95940.0,0.0,0.0,0.0
2014-02-13,40000.0,42300.0,40000.0,42200.0,42200.0,193460.0,0.0,0.0,0.0
2014-02-14,42800.0,44700.0,41800.0,44700.0,44700.0,271870.0,0.0,0.0,0.0
2014-02-18,49000.0,49500.0,47600.0,48900.0,48900.0,130830.0,0.0,0.0,0.0
2014-02-19,48900.0,48900.0,48900.0,48900.0,48900.0,0.0,0.0,0.0,0.0
2014-02-20,48000.0,48000.0,45400.0,45400.0,45400.0,180280.0,0.0,0.0,0.0
2014-02-21,43500.0,44500.0,42300.0,43500.0,43500.0,230340.0,0.0,0.0,0.0
2014-02-24,43500.0,44800.0,43500.0,43700.0,43700.0,36320.0,0.0,0.0,0.0
2014-02-25,44000.0,46500.0,43800.0,45800.0,45800.0,143480.0,0.0,0.0,0.0
2014-02-26,45800.0,46900.0,45000.0,45500.0,45500.0,89860.0,0.0,0.0,0.0
2014-02-27,45500.0,46000.0,44000.0,44000.0,44000.0,195930.0,0.0,0.0,0.0
2014-02-28,44000.0,44400.0,43300.0,44000.0,44000.0,58270.0,0.0,0.0,0.0
2014-03-03,43700.0,44000.0,42500.0,42800.0,42800.0,81610.0,0.0,0.0,0.0
2014-03-04,41100.0,43500.0,41100.0,43500.0,43500.0,80440.0,0.0,0.0,0.0
2014-03-05,43500.0,44300.0,42300.0,42600.0,42600.0,81530.0,0.0,0.0,0.0
2014-03-06,42100.0,42200.0,41900.0,42000.0,42000.0,195420.0,0.0,0.0,0.0
2014-03-07,41900.0,42500.0,41400.0,42400.0,42400.0,89670.0,0.0,0.0,0.0
2014-03-10,41800.0,42400.0,41800.0,42200.0,42200.0,53100.0,0.0,0.0,0.0
2014-03-11,42600.0,42600.0,42000.0,42200.0,42200.0,83580.0,0.0,0.0,0.0
2014-03-12,42600.0,43800.0,42600.0,43200.0,43200.0,122970.0,0.0,0.0,0.0
2014-03-13,43000.0,43800.0,43000.0,43800.0,43800.0,47080.0,0.0,0.0,0.0
2014-03-14,43800.0,44200.0,43000.0,43800.0,43800.0,72720.0,0.0,0.0,0.0
2014-03-17,43800.0,43800.0,43100.0,43200.0,43200.0,70360.0,0.0,0.0,0.0
2014-03-18,43800.0,44900.0,43600.0,44900.0,44900.0,215510.0,0.0,0.0,0.0
2014-03-19,44600.0,46400.0,44600.0,46000.0,46000.0,162310.0,0.0,0.0,0.0
2014-03-20,45700.0,46700.0,44900.0,45500.0,45500.0,170150.0,0.0,0.0,0.0
2014-03-21,45500.0,45500.0,44600.0,45500.0,45500.0,115340.0,0.0,0.0,0.0
2014-03-24,44600.0,46000.0,44600.0,45600.0,45600.0,94800.0,0.0,0.0,0.0
2014-03-25,45800.0,45800.0,44600.0,44600.0,44600.0,57950.0,0.0,0.0,0.0
2014-03-26,44600.0,44900.0,43200.0,43500.0,43500.0,46020.0,0.0,0.0,0.0
2014-03-27,43300.0,43900.0,43100.0,43500.0,43500.0,58800.0,0.0,0.0,0.0
2014-03-28,43500.0,43900.0,43200.0,43500.0,43500.0,13110.0,0.0,0.0,0.0
2014-03-31,43500.0,43700.0,43500.0,43700.0,43700.0,71410.0,0.0,0.0,0.0
2014-04-01,43700.0,44300.0,43300.0,43600.0,43600.0,54400.0,0.0,0.0,0.0
2014-04-02,43600.0,43900.0,43500.0,43900.0,43900.0,55970.0,0.0,0.0,0.0
2014-04-03,44000.0,44200.0,43900.0,44200.0,44200.0,22480.0,0.0,0.0,0.0
2014-04-04,44300.0,44300.0,43900.0,43900.0,43900.0,20990.0,0.0,0.0,0.0
2014-04-07,44000.0,44500.0,44000.0,44300.0,44300.0,39560.0,0.0,0.0,0.0
2014-04-08,44300.0,44500.0,44000.0,44300.0,44300.0,45050.0,0.0,0.0,0.0
2014-04-09,44300.0,44300.0,44300.0,44300.0,44300.0,0.0,0.0,0.0,0.0
2014-04-10,44500.0,45600.0,44500.0,45600.0,45600.0,56520.0,0.0,0.0,0.0
2014-04-11,45600.0,45600.0,44500.0,44600.0,44600.0,11640.0,0.0,0.0,0.0
2014-04-14,45500.0,45500.0,44200.0,45000.0,45000.0,11380.0,0.0,0.0,0.0
2014-04-15,44300.0,44900.0,42200.0,42200.0,42200.0,55520.0,0.0,0.0,0.0
2014-04-16,42200.0,43500.0,42000.0,42500.0,42500.0,97170.0,0.0,0.0,0.0
2014-04-17,44000.0,44000.0,42600.0,43000.0,43000.0,3210.0,0.0,0.0,0.0
2014-04-21,43700.0,44000.0,42000.0,42000.0,42000.0,48210.0,0.0,0.0,0.0
2014-04-22,42000.0,42000.0,42000.0,42000.0,42000.0,0.0,0.0,0.0,0.0
2014-04-23,42300.0,42400.0,41700.0,42400.0,42400.0,21020.0,0.0,0.0,0.0
2014-04-24,42000.0,42600.0,42000.0,42500.0,42500.0,14860.0,0.0,0.0,0.0
2014-04-25,44000.0,44000.0,42100.0,42500.0,42500.0,1430.0,0.0,0.0,0.0
2014-04-28,42500.0,43000.0,42500.0,43000.0,43000.0,26600.0,0.0,0.0,0.0
2014-04-29,43000.0,44000.0,42500.0,43300.0,43300.0,29220.0,0.0,0.0,0.0
2014-04-30,43300.0,43300.0,43300.0,43300.0,43300.0,0.0,0.0,0.0,0.0
2014-05-01,43300.0,43300.0,43300.0,43300.0,43300.0,0.0,0.0,0.0,0.0
2014-05-02,43300.0,43300.0,43300.0,43300.0,43300.0,0.0,0.0,0.0,0.0
2014-05-05,43300.0,43300.0,40500.0,41800.0,41800.0,13760.0,0.0,0.0,0.0
2014-05-06,41500.0,42100.0,38900.0,40000.0,40000.0,24850.0,0.0,0.0,0.0
2014-05-07,40000.0,41400.0,39600.0,40000.0,40000.0,4660.0,0.0,0.0,0.0
2014-05-08,39100.0,39100.0,37200.0,37200.0,37200.0,123920.0,0.0,0.0,0.0
2014-05-09,37900.0,39000.0,36500.0,38900.0,38900.0,21500.0,0.0,0.0,0.0
2014-05-12,38900.0,39300.0,36300.0,37000.0,37000.0,53170.0,0.0,0.0,0.0
2014-05-13,37000.0,37900.0,36000.0,36200.0,36200.0,17770.0,0.0,0.0,0.0
2014-05-14,36400.0,37900.0,36400.0,37700.0,37700.0,24510.0,0.0,0.0,0.0
2014-05-15,37700.0,38000.0,36600.0,36600.0,36600.0,21810.0,0.0,0.0,0.0
2014-05-16,36100.0,37500.0,36100.0,37500.0,37500.0,2830.0,0.0,0.0,0.0
2014-05-19,39900.0,39900.0,37500.0,37500.0,37500.0,13990.0,0.0,0.0,0.0
2014-05-20,37600.0,38800.0,37100.0,38000.0,38000.0,8750.0,0.0,0.0,0.0
2014-05-21,38500.0,39500.0,38000.0,39500.0,39500.0,19520.0,0.0,0.0,0.0
2014-05-22,39500.0,39900.0,39000.0,39500.0,39500.0,24140.0,0.0,0.0,0.0
2014-05-23,39900.0,39900.0,38500.0,38500.0,38500.0,2920.0,0.0,0.0,0.0
2014-05-27,39500.0,39500.0,38600.0,39000.0,39000.0,12180.0,0.0,0.0,0.0
2014-05-28,39400.0,39400.0,38600.0,38900.0,38900.0,4990.0,0.0,0.0,0.0
2014-05-29,39900.0,39900.0,38800.0,39000.0,39000.0,14720.0,0.0,0.0,0.0
2014-05-30,39000.0,39000.0,38500.0,38500.0,38500.0,19640.0,0.0,0.0,0.0
2014-06-02,39000.0,39300.0,39000.0,39300.0,39300.0,949.0,0.0,0.0,0.0
2014-06-03,39000.0,39500.0,39000.0,39300.0,39300.0,9490.0,0.0,0.0,0.0
2014-06-04,39900.0,39900.0,38700.0,39000.0,39000.0,4670.0,0.0,0.0,0.0
2014-06-05,39000.0,38500.0,39000.0,39000.0,39000.0,6710.0,0.0,0.0,0.0
2014-06-06,38900.0,38900.0,37000.0,38400.0,38400.0,20340.0,0.0,0.0,0.0
2014-06-09,38400.0,38400.0,37400.0,37700.0,37700.0,10600.0,0.0,0.0,0.0
2014-06-10,38200.0,38200.0,37500.0,37500.0,37500.0,8110.0,0.0,0.0,0.0
2014-06-11,38000.0,38000.0,37200.0,37600.0,37600.0,11860.0,0.0,0.0,0.0
2014-06-12,37600.0,37600.0,37400.0,37400.0,37400.0,15780.0,0.0,0.0,0.0
2014-06-13,38000.0,38000.0,37300.0,37500.0,37500.0,33400.0,0.0,0.0,0.0
2014-06-16,37500.0,37900.0,37400.0,37900.0,37900.0,12220.0,0.0,0.0,0.0
2014-06-17,37900.0,37900.0,37300.0,37400.0,37400.0,15690.0,0.0,0.0,0.0
2014-06-18,37400.0,37600.0,37300.0,37600.0,37600.0,10870.0,0.0,0.0,0.0
2014-06-19,37400.0,37400.0,37000.0,37400.0,37400.0,4400.0,0.0,0.0,0.0
2014-06-20,37400.0,37500.0,37300.0,37400.0,37400.0,6530.0,0.0,0.0,0.0
2014-06-23,37300.0,37300.0,37200.0,37200.0,37200.0,240.0,0.0,0.0,0.0
2014-06-24,37200.0,37200.0,36900.0,36900.0,36900.0,7830.0,0.0,0.0,0.0
2014-06-25,36800.0,36900.0,36700.0,36900.0,36900.0,20880.0,0.0,0.0,0.0
2014-06-26,36900.0,37300.0,36900.0,37300.0,37300.0,33220.0,0.0,0.0,0.0
2014-06-27,37300.0,37500.0,37200.0,37300.0,37300.0,16240.0,0.0,0.0,0.0
2014-06-30,37000.0,37100.0,36000.0,36100.0,36100.0,41380.0,0.0,0.0,0.0
2014-07-01,36100.0,38000.0,36100.0,36900.0,36900.0,11140.0,0.0,0.0,0.0
2014-07-02,37800.0,37800.0,37200.0,37400.0,37400.0,6680.0,0.0,0.0,0.0
2014-07-03,37600.0,37800.0,34800.0,37000.0,37000.0,10640.0,0.0,0.0,0.0
2014-07-07,37000.0,38500.0,36900.0,38200.0,38200.0,112490.0,0.0,0.0,0.0
2014-07-08,38300.0,38900.0,38100.0,38700.0,38700.0,151530.0,0.0,0.0,0.0
2014-07-09,38800.0,39100.0,38700.0,38800.0,38800.0,59200.0,0.0,0.0,0.0
2014-07-10,38600.0,38600.0,37900.0,38100.0,38100.0,73190.0,0.0,0.0,0.0
2014-07-11,38300.0,38900.0,37800.0,38000.0,38000.0,20820.0,0.0,0.0,0.0
2014-07-14,38800.0,38800.0,38000.0,38100.0,38100.0,13270.0,0.0,0.0,0.0
2014-07-15,38200.0,38600.0,38200.0,38200.0,38200.0,58420.0,0.0,0.0,0.0
2014-07-16,38500.0,38500.0,38000.0,38200.0,38200.0,81790.0,0.0,0.0,0.0
2014-07-17,37900.0,38200.0,37100.0,38100.0,38100.0,34200.0,0.0,0.0,0.0
2014-07-18,37300.0,38100.0,37300.0,37600.0,37600.0,127540.0,0.0,0.0,0.0
2014-07-21,37600.0,37300.0,37300.0,37300.0,37300.0,35550.0,0.0,0.0,0.0
2014-07-22,37300.0,37500.0,37500.0,37500.0,37500.0,21810.0,0.0,0.0,0.0
2014-07-23,37500.0,37500.0,37500.0,37500.0,37500.0,27830.0,0.0,0.0,0.0
2014-07-24,37500.0,37500.0,37500.0,37500.0,37500.0,25500.0,0.0,0.0,0.0
2014-07-25,37500.0,37200.0,37200.0,37200.0,37200.0,61080.0,0.0,0.0,0.0
2014-07-28,37500.0,36500.0,36500.0,36500.0,36500.0,10530.0,0.0,0.0,0.0
2014-07-29,35900.0,36900.0,36900.0,36900.0,36900.0,2950.0,0.0,0.0,0.0
2014-07-30,36800.0,36600.0,36600.0,36600.0,36600.0,7720.0,0.0,0.0,0.0
2014-07-31,36300.0,36400.0,36400.0,36400.0,36400.0,22360.0,0.0,0.0,0.0
2014-08-01,36600.0,36300.0,36300.0,36300.0,36300.0,30150.0,0.0,0.0,0.0
2014-08-04,37500.0,37200.0,37200.0,37200.0,37200.0,35120.0,0.0,0.0,0.0
2014-08-05,37800.0,37100.0,37100.0,37100.0,37100.0,39820.0,0.0,0.0,0.0
2014-08-06,37900.0,37100.0,37100.0,37100.0,37100.0,14350.0,0.0,0.0,0.0
2014-08-07,37300.0,37200.0,37200.0,37200.0,37200.0,15630.0,0.0,0.0,0.0
2014-08-08,37400.0,37200.0,37200.0,37200.0,37200.0,6880.0,0.0,0.0,0.0
2014-08-11,37200.0,36500.0,36500.0,36500.0,36500.0,65290.0,0.0,0.0,0.0
2014-08-12,36200.0,36500.0,36500.0,36500.0,36500.0,43000.0,0.0,0.0,0.0
2014-08-13,36700.0,36200.0,36200.0,36200.0,36200.0,52220.0,0.0,0.0,0.0
2014-08-14,36200.0,36200.0,36200.0,36200.0,36200.0,34480.0,0.0,0.0,0.0
2014-08-15,36500.0,36400.0,36400.0,36400.0,36400.0,99990.0,0.0,0.0,0.0
2014-08-18,37300.0,37500.0,37500.0,37500.0,37500.0,112840.0,0.0,0.0,0.0
2014-08-19,38000.0,37000.0,37000.0,37000.0,37000.0,63270.0,0.0,0.0,0.0
2014-08-20,37400.0,37300.0,37300.0,37300.0,37300.0,112330.0,0.0,0.0,0.0
2014-08-21,37500.0,38600.0,38600.0,38600.0,38600.0,285260.0,0.0,0.0,0.0
2014-08-22,39500.0,39000.0,39000.0,39000.0,39000.0,228070.0,0.0,0.0,0.0
2014-08-25,39800.0,39800.0,39800.0,39800.0,39800.0,509070.0,0.0,0.0,0.0
2014-08-26,40400.0,39700.0,39700.0,39700.0,39700.0,230870.0,0.0,0.0,0.0
2014-08-27,39800.0,39100.0,39100.0,39100.0,39100.0,165080.0,0.0,0.0,0.0
2014-08-28,39100.0,40200.0,40200.0,40200.0,40200.0,227310.0,0.0,0.0,0.0
2014-08-29,40900.0,41200.0,41200.0,41200.0,41200.0,239940.0,0.0,0.0,0.0
2014-09-02,41200.0,41200.0,41200.0,41200.0,41200.0,0.0,0.0,0.0,0.0
2014-09-03,41900.0,41900.0,40800.0,40800.0,40800.0,222300.0,0.0,0.0,0.0
2014-09-04,40800.0,40800.0,39700.0,39700.0,39700.0,161030.0,0.0,0.0,0.0
2014-09-05,40000.0,40000.0,40000.0,40000.0,40000.0,127130.0,0.0,0.0,0.0
2014-09-08,40500.0,40500.0,39700.0,39700.0,39700.0,203940.0,0.0,0.0,0.0
2014-09-09,39700.0,39700.0,38000.0,38000.0,38000.0,170080.0,0.0,0.0,0.0
2014-09-10,37500.0,38000.0,37500.0,38000.0,38000.0,88910.0,0.0,0.0,0.0
2014-09-11,37700.0,38100.0,38100.0,38100.0,38100.0,139640.0,0.0,0.0,0.0
2014-09-12,38500.0,39000.0,39000.0,39000.0,39000.0,227420.0,0.0,0.0,0.0
2014-09-15,39900.0,39600.0,39600.0,39600.0,39600.0,400150.0,0.0,0.0,0.0
2014-09-16,39000.0,39100.0,39000.0,39100.0,39100.0,106600.0,0.0,0.0,0.0
2014-09-17,39400.0,38500.0,38500.0,38500.0,38500.0,146060.0,0.0,0.0,0.0
2014-09-18,38900.0,37800.0,37800.0,37800.0,37800.0,70190.0,0.0,0.0,0.0
2014-09-19,37500.0,37600.0,37500.0,37600.0,37600.0,76390.0,0.0,0.0,0.0
2014-09-22,37800.0,37800.0,37500.0,37500.0,37500.0,56890.0,0.0,0.0,0.0
2014-09-23,37500.0,38000.0,37500.0,38000.0,38000.0,76390.0,0.0,0.0,0.0
2014-09-24,38200.0,38200.0,38000.0,38000.0,38000.0,111430.0,0.0,0.0,0.0
2014-09-25,38000.0,38200.0,38000.0,38200.0,38200.0,117320.0,0.0,0.0,0.0
2014-09-26,38600.0,38600.0,38300.0,38300.0,38300.0,53660.0,0.0,0.0,0.0
2014-09-29,38400.0,38400.0,38400.0,38400.0,38400.0,107400.0,0.0,0.0,0.0
2014-09-30,38300.0,38400.0,38300.0,38400.0,38400.0,42230.0,0.0,0.0,0.0
2014-10-01,38400.0,38600.0,38400.0,38600.0,38600.0,90450.0,0.0,0.0,0.0
2014-10-02,38800.0,38800.0,38500.0,38500.0,38500.0,37110.0,0.0,0.0,0.0
2014-10-03,38300.0,38300.0,38200.0,38200.0,38200.0,66370.0,0.0,0.0,0.0
2014-10-06,38300.0,38600.0,38300.0,38600.0,38600.0,77790.0,0.0,0.0,0.0
2014-10-07,38900.0,38900.0,38500.0,38500.0,38500.0,94470.0,0.0,0.0,0.0
2014-10-08,38500.0,38500.0,38500.0,38500.0,38500.0,56640.0,0.0,0.0,0.0
2014-10-09,38500.0,38500.0,38500.0,38500.0,38500.0,259190.0,0.0,0.0,0.0
2014-10-10,38600.0,38600.0,38600.0,38600.0,38600.0,28020.0,0.0,0.0,0.0
2014-10-13,38600.0,38700.0,38600.0,38700.0,38700.0,27510.0,0.0,0.0,0.0
2014-10-14,38700.0,38700.0,38000.0,38000.0,38000.0,75570.0,0.0,0.0,0.0
2014-10-15,37500.0,37800.0,37500.0,37800.0,37800.0,80490.0,0.0,0.0,0.0
2014-10-16,38300.0,38300.0,37000.0,37000.0,37000.0,99020.0,0.0,0.0,0.0
2014-10-17,37200.0,37200.0,36800.0,36800.0,36800.0,122180.0,0.0,0.0,0.0
2014-10-20,37800.0,37800.0,37300.0,37300.0,37300.0,18750.0,0.0,0.0,0.0
2014-10-21,36600.0,37200.0,36600.0,37200.0,37200.0,26900.0,0.0,0.0,0.0
2014-10-22,36800.0,36900.0,36800.0,36900.0,36900.0,41970.0,0.0,0.0,0.0
2014-10-23,36900.0,37000.0,36900.0,37000.0,37000.0,129680.0,0.0,0.0,0.0
2014-10-24,36700.0,37200.0,36700.0,37200.0,37200.0,29760.0,0.0,0.0,0.0
2014-10-27,37000.0,37000.0,36900.0,36900.0,36900.0,10480.0,0.0,0.0,0.0
2014-10-28,36900.0,36900.0,36900.0,36900.0,36900.0,21830.0,0.0,0.0,0.0
2014-10-29,36900.0,37600.0,36900.0,37600.0,37600.0,89860.0,0.0,0.0,0.0
2014-10-30,37600.0,37600.0,37300.0,37300.0,37300.0,48090.0,0.0,0.0,0.0
2014-10-31,36800.0,37500.0,36800.0,37500.0,37500.0,19580.0,0.0,0.0,0.0
2014-11-03,37500.0,37800.0,37500.0,37800.0,37800.0,49200.0,0.0,0.0,0.0
2014-11-04,37800.0,37800.0,37700.0,37700.0,37700.0,73300.0,0.0,0.0,0.0
2014-11-05,38000.0,38000.0,37900.0,37900.0,37900.0,62490.0,0.0,0.0,0.0
2014-11-06,37900.0,38000.0,37900.0,38000.0,38000.0,39460.0,0.0,0.0,0.0
2014-11-07,38000.0,38000.0,37900.0,37900.0,37900.0,23050.0,0.0,0.0,0.0
2014-11-10,37900.0,37900.0,37800.0,37800.0,37800.0,28840.0,0.0,0.0,0.0
2014-11-11,37900.0,37900.0,37900.0,37900.0,37900.0,68270.0,0.0,0.0,0.0
2014-11-12,37900.0,37900.0,37900.0,37900.0,37900.0,46340.0,0.0,0.0,0.0
2014-11-13,37900.0,37900.0,37600.0,37600.0,37600.0,38020.0,0.0,0.0,0.0
2014-11-14,37500.0,37500.0,37500.0,37500.0,37500.0,32050.0,0.0,0.0,0.0
2014-11-17,37800.0,37800.0,37800.0,37800.0,37800.0,43840.0,0.0,0.0,0.0
2014-11-18,37900.0,37900.0,37700.0,37700.0,37700.0,67150.0,0.0,0.0,0.0
2014-11-19,37700.0,37700.0,37500.0,37500.0,37500.0,30160.0,0.0,0.0,0.0
2014-11-20,37600.0,37600.0,37600.0,37600.0,37600.0,40860.0,0.0,0.0,0.0
2014-11-21,37800.0,37800.0,37600.0,37600.0,37600.0,47880.0,0.0,0.0,0.0
2014-11-24,37600.0,37600.0,37400.0,37400.0,37400.0,68320.0,0.0,0.0,0.0
2014-11-25,37300.0,37300.0,37300.0,37300.0,37300.0,51580.0,0.0,0.0,0.0
2014-11-26,37400.0,37400.0,37100.0,37100.0,37100.0,19910.0,0.0,0.0,0.0
2014-11-28,36600.0,36600.0,35300.0,35300.0,35300.0,105560.0,0.0,0.0,0.0
2014-12-01,33300.0,34900.0,33300.0,34900.0,34900.0,83760.0,0.0,0.0,0.0
2014-12-02,34200.0,35000.0,34200.0,35000.0,35000.0,16810.0,0.0,0.0,0.0
2014-12-03,35000.0,35000.0,34600.0,34600.0,34600.0,27020.0,0.0,0.0,0.0
2014-12-04,35800.0,35800.0,35100.0,35100.0,35100.0,39100.0,0.0,0.0,0.0
2014-12-05,35500.0,35500.0,34800.0,34800.0,34800.0,6620.0,0.0,0.0,0.0
2014-12-08,34600.0,34600.0,34400.0,34400.0,34400.0,24860.0,0.0,0.0,0.0
2014-12-09,34400.0,34400.0,32600.0,32600.0,32600.0,39980.0,0.0,0.0,0.0
2014-12-10,32600.0,33100.0,32600.0,33100.0,33100.0,83110.0,0.0,0.0,0.0
2014-12-11,33600.0,33600.0,33300.0,33300.0,33300.0,2720.0,0.0,0.0,0.0
2014-12-12,33700.0,33700.0,33600.0,33600.0,33600.0,7750.0,0.0,0.0,0.0
2014-12-15,34100.0,34100.0,32200.0,32200.0,32200.0,22490.0,0.0,0.0,0.0
2014-12-16,32900.0,32900.0,31700.0,31700.0,31700.0,34210.0,0.0,0.0,0.0
2014-12-17,31700.0,31700.0,30700.0,30700.0,30700.0,16520.0,0.0,0.0,0.0
2014-12-18,30700.0,31500.0,30700.0,31500.0,31500.0,43930.0,0.0,0.0,0.0
2014-12-19,31500.0,31800.0,31500.0,31800.0,31800.0,21560.0,0.0,0.0,0.0
2014-12-22,30500.0,32500.0,30500.0,32500.0,32500.0,26800.0,0.0,0.0,0.0
2014-12-23,32500.0,32500.0,32500.0,32500.0,32500.0,42710.0,0.0,0.0,0.0
2014-12-24,31800.0,32500.0,31800.0,32500.0,32500.0,5740.0,0.0,0.0,0.0
2014-12-26,32000.0,32000.0,32000.0,32000.0,32000.0,17650.0,0.0,0.0,0.0
2014-12-29,32500.0,32500.0,31500.0,31500.0,31500.0,10270.0,0.0,0.0,0.0
2014-12-30,32000.0,32000.0,31500.0,31500.0,31500.0,10680.0,0.0,0.0,0.0
2014-12-31,31700.0,32400.0,31700.0,32400.0,32400.0,51790.0,0.0,0.0,0.0
2015-01-02,32400.0,32400.0,32400.0,32400.0,32400.0,0.0,0.0,0.0,0.0
2015-01-05,32400.0,32400.0,31500.0,31500.0,31500.0,31390.0,0.0,0.0,0.0
2015-01-06,30100.0,31200.0,30100.0,31200.0,31200.0,33120.0,0.0,0.0,0.0
2015-01-07,31600.0,31600.0,31600.0,31600.0,31600.0,5180.0,0.0,0.0,0.0
2015-01-08,31500.0,31500.0,31500.0,31500.0,31500.0,17220.0,0.0,0.0,0.0
2015-01-09,31800.0,31800.0,31800.0,31800.0,31800.0,9430.0,0.0,0.0,0.0
2015-01-12,31900.0,31900.0,31800.0,31800.0,31800.0,18170.0,0.0,0.0,0.0
2015-01-13,32000.0,32500.0,32000.0,32500.0,32500.0,135510.0,0.0,0.0,0.0
2015-01-14,32500.0,32600.0,32500.0,32600.0,32600.0,39420.0,0.0,0.0,0.0
2015-01-15,32800.0,33400.0,32800.0,33400.0,33400.0,90950.0,0.0,0.0,0.0
2015-01-16,33400.0,33400.0,33400.0,33400.0,33400.0,49870.0,0.0,0.0,0.0
2015-01-20,31500.0,32500.0,31500.0,32500.0,32500.0,64140.0,0.0,0.0,0.0
2015-01-21,33000.0,33000.0,32500.0,32500.0,32500.0,40020.0,0.0,0.0,0.0
2015-01-22,33200.0,33200.0,32000.0,32000.0,32000.0,209050.0,0.0,0.0,0.0
2015-01-23,32500.0,32500.0,32400.0,32400.0,32400.0,90680.0,0.0,0.0,0.0
2015-01-26,31000.0,31000.0,30700.0,30700.0,30700.0,63940.0,0.0,0.0,0.0
2015-01-27,29500.0,30500.0,29500.0,30500.0,30500.0,134930.0,0.0,0.0,0.0
2015-01-28,30700.0,30900.0,30700.0,30900.0,30900.0,18330.0,0.0,0.0,0.0
2015-01-29,30900.0,30900.0,30900.0,30900.0,30900.0,34290.0,0.0,0.0,0.0
2015-01-30,30800.0,30800.0,30500.0,30500.0,30500.0,89870.0,0.0,0.0,0.0
2015-02-02,30700.0,30900.0,30700.0,30700.0,30700.0,1156.0,0.0,0.0,0.0
2015-02-03,30900.0,30900.0,30700.0,30700.0,30700.0,3312.0,0.0,0.0,0.0
2015-02-04,30900.0,30900.0,30700.0,30700.0,30700.0,7139.0,0.0,0.0,0.0
2015-02-05,30800.0,30800.0,30700.0,30700.0,30700.0,6491.0,0.0,0.0,0.0
2015-02-06,31500.0,31500.0,30800.0,30800.0,30800.0,332.0,0.0,0.0,0.0
2015-02-09,31400.0,31400.0,30800.0,30800.0,30800.0,1133.0,0.0,0.0,0.0
2015-02-10,31000.0,31100.0,30900.0,31000.0,31000.0,2529.0,0.0,0.0,0.0
2015-02-11,31500.0,31500.0,30900.0,30900.0,30900.0,3666.0,0.0,0.0,0.0
2015-02-12,30900.0,31300.0,30900.0,31300.0,31300.0,1360.0,0.0,0.0,0.0
2015-02-13,31500.0,31800.0,31400.0,31500.0,31500.0,680.0,0.0,0.0,0.0
2015-02-17,31500.0,31500.0,31500.0,31500.0,31500.0,0.0,0.0,0.0,0.0
2015-02-18,31500.0,31500.0,31500.0,31500.0,31500.0,0.0,0.0,0.0,0.0
2015-02-19,31500.0,31500.0,31500.0,31500.0,31500.0,0.0,0.0,0.0,0.0
2015-02-20,31500.0,31500.0,31500.0,31500.0,31500.0,0.0,0.0,0.0,0.0
2015-02-23,31500.0,31500.0,31500.0,31500.0,31500.0,0.0,0.0,0.0,0.0
2015-02-24,31500.0,31500.0,31500.0,31500.0,31500.0,0.0,0.0,0.0,0.0
2015-02-25,31400.0,31500.0,31400.0,31400.0,31400.0,2465.0,0.0,0.0,0.0
2015-02-26,31400.0,31600.0,31300.0,31600.0,31600.0,3460.0,0.0,0.0,0.0
2015-02-27,31600.0,31600.0,31400.0,31600.0,31600.0,2646.0,0.0,0.0,0.0
2015-03-02,31600.0,31800.0,31600.0,31600.0,31600.0,985.0,0.0,0.0,0.0
2015-03-03,31700.0,31800.0,31700.0,31800.0,31800.0,863.0,0.0,0.0,0.0
2015-03-04,31800.0,32000.0,31800.0,31800.0,31800.0,1865.0,0.0,0.0,0.0
2015-03-05,32000.0,32000.0,31800.0,31900.0,31900.0,2381.0,0.0,0.0,0.0
2015-03-06,32000.0,32000.0,31900.0,32000.0,32000.0,2407.0,0.0,0.0,0.0
2015-03-09,32100.0,32200.0,31900.0,32000.0,32000.0,1884.0,0.0,0.0,0.0
2015-03-10,32000.0,32100.0,32000.0,32000.0,32000.0,1188.0,0.0,0.0,0.0
2015-03-11,32000.0,32100.0,32000.0,32000.0,32000.0,2296.0,0.0,0.0,0.0
2015-03-12,32100.0,32300.0,32000.0,32200.0,32200.0,2164.0,0.0,0.0,0.0
2015-03-13,32300.0,32300.0,32100.0,32200.0,32200.0,444.0,0.0,0.0,0.0
2015-03-16,32100.0,32200.0,32000.0,32100.0,32100.0,2577.0,0.0,0.0,0.0
2015-03-17,32000.0,32100.0,31800.0,32100.0,32100.0,1631.0,0.0,0.0,0.0
2015-03-18,32000.0,32100.0,31900.0,32000.0,32000.0,6225.0,0.0,0.0,0.0
2015-03-19,31900.0,32100.0,31900.0,32000.0,32000.0,6591.0,0.0,0.0,0.0
2015-03-20,32000.0,32100.0,32000.0,32000.0,32000.0,3098.0,0.0,0.0,0.0
2015-03-23,32000.0,32100.0,32000.0,32000.0,32000.0,4188.0,0.0,0.0,0.0
2015-03-24,32000.0,32000.0,31900.0,32000.0,32000.0,3546.0,0.0,0.0,0.0
2015-03-25,32000.0,32000.0,31900.0,31900.0,31900.0,23.0,0.0,0.0,0.0
2015-03-26,31900.0,31900.0,31900.0,31900.0,31900.0,71.0,0.0,0.0,0.0
2015-03-27,32000.0,32000.0,31900.0,31900.0,31900.0,647.0,0.0,0.0,0.0
2015-03-30,31900.0,31900.0,31500.0,31500.0,31500.0,7.0,0.0,0.0,0.0
2015-03-31,31900.0,31900.0,31400.0,31400.0,31400.0,237.0,0.0,0.0,0.0
2015-04-01,31500.0,31500.0,31000.0,31000.0,31000.0,1252.0,0.0,0.0,0.0
2015-04-02,31000.0,31500.0,30500.0,31500.0,31500.0,580.0,0.0,0.0,0.0
2015-04-06,32100.0,32100.0,31000.0,31900.0,31900.0,362.0,0.0,0.0,0.0
2015-04-07,31600.0,31600.0,31500.0,31500.0,31500.0,297.0,0.0,0.0,0.0
2015-04-08,32000.0,32000.0,31500.0,31500.0,31500.0,430.0,0.0,0.0,0.0
2015-04-09,31500.0,32000.0,29300.0,31500.0,31500.0,1343.0,0.0,0.0,0.0
2015-04-10,31900.0,32000.0,31000.0,32000.0,32000.0,1837.0,0.0,0.0,0.0
2015-04-13,31500.0,32000.0,31500.0,31600.0,31600.0,5802.0,0.0,0.0,0.0
2015-04-14,31500.0,31500.0,31400.0,31500.0,31500.0,8169.0,0.0,0.0,0.0
2015-04-15,31500.0,31500.0,31400.0,31500.0,31500.0,6701.0,0.0,0.0,0.0
2015-04-16,31500.0,32000.0,31400.0,31500.0,31500.0,21004.0,0.0,0.0,0.0
2015-04-17,31500.0,32200.0,31400.0,31900.0,31900.0,7246.0,0.0,0.0,0.0
2015-04-20,31900.0,32000.0,31800.0,31900.0,31900.0,522.0,0.0,0.0,0.0
2015-04-21,31800.0,31900.0,31800.0,31800.0,31800.0,922.0,0.0,0.0,0.0
2015-04-22,31800.0,31900.0,31800.0,31900.0,31900.0,1013.0,0.0,0.0,0.0
2015-04-23,31900.0,31900.0,31800.0,31900.0,31900.0,2005.0,0.0,0.0,0.0
2015-04-24,31800.0,31900.0,31800.0,31800.0,31800.0,12.0,0.0,0.0,0.0
2015-04-27,31900.0,32000.0,29600.0,31900.0,31900.0,1223.0,0.0,0.0,0.0
2015-04-28,31900.0,31900.0,31900.0,31900.0,31900.0,0.0,0.0,0.0,0.0
2015-04-29,31900.0,31900.0,31900.0,31900.0,31900.0,0.0,0.0,0.0,0.0
2015-04-30,31900.0,31900.0,31900.0,31900.0,31900.0,0.0,0.0,0.0,0.0
2015-05-01,31900.0,31900.0,31900.0,31900.0,31900.0,0.0,0.0,0.0,0.0
2015-05-04,32000.0,32000.0,31500.0,31500.0,31500.0,67.0,0.0,0.0,0.0
2015-05-05,31500.0,31500.0,31000.0,31500.0,31500.0,109.0,0.0,0.0,0.0
2015-05-06,31500.0,31800.0,31000.0,31000.0,31000.0,256.0,0.0,0.0,0.0
2015-05-07,31300.0,31800.0,31300.0,31500.0,31500.0,465.0,0.0,0.0,0.0
2015-05-08,31800.0,31800.0,31100.0,31700.0,31700.0,5.0,0.0,0.0,0.0
2015-05-11,31400.0,31400.0,31300.0,31300.0,31300.0,205.0,0.0,0.0,0.0
2015-05-12,31600.0,31600.0,31400.0,31400.0,31400.0,3.0,0.0,0.0,0.0
2015-05-13,31500.0,31500.0,30000.0,31400.0,31400.0,589.0,0.0,0.0,0.0
2015-05-14,31500.0,31500.0,30000.0,31400.0,31400.0,228.0,0.0,0.0,0.0
2015-05-15,31400.0,31400.0,30000.0,30000.0,30000.0,394.0,0.0,0.0,0.0
2015-05-18,30100.0,30200.0,29800.0,29900.0,29900.0,625.0,0.0,0.0,0.0
2015-05-19,30900.0,30900.0,30300.0,30300.0,30300.0,355.0,0.0,0.0,0.0
2015-05-20,31200.0,31200.0,30200.0,30300.0,30300.0,887.0,0.0,0.0,0.0
2015-05-21,30500.0,31000.0,30000.0,30100.0,30100.0,2661.0,0.0,0.0,0.0
2015-05-22,30900.0,30900.0,30000.0,30200.0,30200.0,979.0,0.0,0.0,0.0
2015-05-26,31000.0,31000.0,30200.0,30400.0,30400.0,322.0,0.0,0.0,0.0
2015-05-27,31100.0,31100.0,30200.0,30400.0,30400.0,2367.0,0.0,0.0,0.0
2015-05-28,31000.0,31000.0,30300.0,30500.0,30500.0,1131.0,0.0,0.0,0.0
2015-05-29,31200.0,31200.0,30000.0,30200.0,30200.0,524.0,0.0,0.0,0.0
2015-06-01,30100.0,30100.0,29600.0,30000.0,30000.0,2486.0,0.0,0.0,0.0
2015-06-02,30400.0,30500.0,29800.0,30200.0,30200.0,1042.0,0.0,0.0,0.0
2015-06-03,30100.0,30500.0,30000.0,30000.0,30000.0,748.0,0.0,0.0,0.0
2015-06-04,30500.0,30500.0,30000.0,30000.0,30000.0,5090.0,0.0,0.0,0.0
2015-06-05,30400.0,30400.0,30000.0,30000.0,30000.0,1966.0,0.0,0.0,0.0
2015-06-08,30400.0,30800.0,30000.0,30100.0,30100.0,4641.0,0.0,0.0,0.0
2015-06-09,30700.0,30700.0,30300.0,30500.0,30500.0,611.0,0.0,0.0,0.0
2015-06-10,31000.0,31400.0,30400.0,30400.0,30400.0,992.0,0.0,0.0,0.0
2015-06-11,30400.0,30900.0,30300.0,30700.0,30700.0,2641.0,0.0,0.0,0.0
2015-06-12,30800.0,30800.0,30100.0,30100.0,30100.0,8819.0,0.0,0.0,0.0
2015-06-15,30100.0,30700.0,30100.0,30600.0,30600.0,4816.0,0.0,0.0,0.0
2015-06-16,30700.0,30700.0,30500.0,30500.0,30500.0,2474.0,0.0,0.0,0.0
2015-06-17,30400.0,30700.0,30300.0,30700.0,30700.0,1768.0,0.0,0.0,0.0
2015-06-18,30600.0,30700.0,30600.0,30600.0,30600.0,657.0,0.0,0.0,0.0
2015-06-19,30600.0,30800.0,30500.0,30800.0,30800.0,5568.0,0.0,0.0,0.0
2015-06-22,30000.0,30000.0,29200.0,29600.0,29600.0,3761.0,0.0,0.0,0.0
2015-06-23,29600.0,29600.0,29200.0,29600.0,29600.0,1164.0,0.0,0.0,0.0
2015-06-24,29800.0,29800.0,29200.0,29400.0,29400.0,1382.0,0.0,0.0,0.0
2015-06-25,29600.0,29600.0,29300.0,29500.0,29500.0,451.0,0.0,0.0,0.0
2015-06-26,29400.0,29500.0,29200.0,29200.0,29200.0,1938.0,0.0,0.0,0.0
2015-06-29,29300.0,29300.0,28900.0,29000.0,29000.0,3952.0,0.0,0.0,0.0
2015-06-30,29000.0,29100.0,28800.0,29100.0,29100.0,1414.0,0.0,0.0,0.0
2015-07-01,29200.0,29200.0,28900.0,29100.0,29100.0,1080.0,0.0,0.0,0.0
2015-07-02,29200.0,29200.0,29000.0,29000.0,29000.0,2003.0,0.0,0.0,0.0
2015-07-06,29000.0,29300.0,29000.0,29200.0,29200.0,2314.0,0.0,0.0,0.0
2015-07-07,29300.0,29900.0,29200.0,29800.0,29800.0,2836.0,0.0,0.0,0.0
2015-07-08,29800.0,30300.0,29800.0,30000.0,30000.0,2327.0,0.0,0.0,0.0
2015-07-09,29600.0,30000.0,29600.0,30000.0,30000.0,64.0,0.0,0.0,0.0
2015-07-10,29900.0,29900.0,29900.0,29900.0,29900.0,31.0,0.0,0.0,0.0
2015-07-13,30000.0,30200.0,29900.0,30100.0,30100.0,5156.0,0.0,0.0,0.0
2015-07-14,30200.0,30200.0,29500.0,30000.0,30000.0,2518.0,0.0,0.0,0.0
2015-07-15,29600.0,30000.0,29600.0,30000.0,30000.0,1259.0,0.0,0.0,0.0
2015-07-16,30000.0,30000.0,29600.0,30000.0,30000.0,1086.0,0.0,0.0,0.0
2015-07-17,30000.0,30000.0,29700.0,29900.0,29900.0,1518.0,0.0,0.0,0.0
2015-07-20,29800.0,29800.0,29500.0,29800.0,29800.0,2262.0,0.0,0.0,0.0
2015-07-21,29800.0,30300.0,29800.0,30000.0,30000.0,3142.0,0.0,0.0,0.0
2015-07-22,29800.0,29800.0,29400.0,29800.0,29800.0,2863.0,0.0,0.0,0.0
2015-07-23,29800.0,30000.0,29500.0,30000.0,30000.0,2622.0,0.0,0.0,0.0
2015-07-24,30000.0,30000.0,29600.0,30000.0,30000.0,994.0,0.0,0.0,0.0
2015-07-27,30000.0,30100.0,30000.0,30000.0,30000.0,2036.0,0.0,0.0,0.0
2015-07-28,30000.0,30000.0,30000.0,30000.0,30000.0,429.0,0.0,0.0,0.0
2015-07-29,30000.0,30000.0,29700.0,29800.0,29800.0,871.0,0.0,0.0,0.0
2015-07-30,29800.0,30000.0,29700.0,30000.0,30000.0,1588.0,0.0,0.0,0.0
2015-07-31,30100.0,30500.0,29800.0,29800.0,29800.0,1868.0,0.0,0.0,0.0
2015-08-03,29800.0,30000.0,29700.0,30000.0,30000.0,3350.0,0.0,0.0,0.0
2015-08-04,29800.0,30000.0,29800.0,30000.0,30000.0,2.0,0.0,0.0,0.0
2015-08-05,29700.0,30100.0,29700.0,30000.0,30000.0,141.0,0.0,0.0,0.0
2015-08-06,30000.0,30000.0,29900.0,30000.0,30000.0,581.0,0.0,0.0,0.0
2015-08-07,30300.0,30300.0,29900.0,30000.0,30000.0,307.0,0.0,0.0,0.0
2015-08-10,29900.0,29900.0,29800.0,29800.0,29800.0,1550.0,0.0,0.0,0.0
2015-08-11,29900.0,29900.0,29700.0,29700.0,29700.0,1005.0,0.0,0.0,0.0
2015-08-12,30100.0,30100.0,29800.0,29800.0,29800.0,297.0,0.0,0.0,0.0
2015-08-13,29800.0,29800.0,29600.0,29600.0,29600.0,7120.0,0.0,0.0,0.0
2015-08-14,29500.0,29800.0,29500.0,29600.0,29600.0,902.0,0.0,0.0,0.0
2015-08-17,29600.0,29800.0,29600.0,29600.0,29600.0,33070.0,0.0,0.0,0.0
2015-08-18,29600.0,29600.0,29600.0,29600.0,29600.0,10030.0,0.0,0.0,0.0
2015-08-19,29600.0,29700.0,29600.0,29600.0,29600.0,15710.0,0.0,0.0,0.0
2015-08-20,29600.0,29600.0,29500.0,29600.0,29600.0,15100.0,0.0,0.0,0.0
2015-08-21,29500.0,29500.0,29000.0,29200.0,29200.0,27160.0,0.0,0.0,0.0
2015-08-24,29000.0,29100.0,28000.0,28000.0,28000.0,55090.0,0.0,0.0,0.0
2015-08-25,27400.0,28600.0,27100.0,28600.0,28600.0,35750.0,0.0,0.0,0.0
2015-08-26,28000.0,29200.0,28000.0,29000.0,29000.0,2760.0,0.0,0.0,0.0
2015-08-27,29000.0,29400.0,29000.0,29000.0,29000.0,7680.0,0.0,0.0,0.0
2015-08-28,29500.0,29500.0,29000.0,29000.0,29000.0,18840.0,0.0,0.0,0.0
2015-08-31,29300.0,29400.0,29100.0,29300.0,29300.0,28300.0,0.0,0.0,0.0
2015-09-01,29000.0,29300.0,29000.0,29300.0,29300.0,1400.0,0.0,0.0,0.0
2015-09-02,29300.0,29300.0,29300.0,29300.0,29300.0,0.0,0.0,0.0,0.0
2015-09-03,29000.0,29000.0,28900.0,28900.0,28900.0,11620.0,0.0,0.0,0.0
2015-09-04,28900.0,29500.0,28900.0,29300.0,29300.0,2030.0,0.0,0.0,0.0
2015-09-08,29200.0,29400.0,29000.0,29400.0,29400.0,3020.0,0.0,0.0,0.0
2015-09-09,29100.0,29400.0,29100.0,29300.0,29300.0,1110.0,0.0,0.0,0.0
2015-09-10,29300.0,29300.0,29200.0,29300.0,29300.0,5300.0,0.0,0.0,0.0
2015-09-11,29300.0,29500.0,29300.0,29300.0,29300.0,12260.0,0.0,0.0,0.0
2015-09-14,29500.0,29500.0,29300.0,29300.0,29300.0,12810.0,0.0,0.0,0.0
2015-09-15,29000.0,29400.0,27500.0,29000.0,29000.0,380.0,0.0,0.0,0.0
2015-09-16,29500.0,29500.0,29200.0,29400.0,29400.0,3530.0,0.0,0.0,0.0
2015-09-17,29300.0,29300.0,29200.0,29200.0,29200.0,1500.0,0.0,0.0,0.0
2015-09-18,29400.0,29400.0,29300.0,29300.0,29300.0,60.0,0.0,0.0,0.0
2015-09-21,29000.0,29300.0,28900.0,29300.0,29300.0,14240.0,0.0,0.0,0.0
2015-09-22,29300.0,29300.0,29300.0,29300.0,29300.0,2000.0,0.0,0.0,0.0
2015-09-23,29200.0,29400.0,29100.0,29400.0,29400.0,230.0,0.0,0.0,0.0
2015-09-24,29100.0,29300.0,29000.0,29300.0,29300.0,9220.0,0.0,0.0,0.0
2015-09-25,29100.0,29300.0,29000.0,29300.0,29300.0,5700.0,0.0,0.0,0.0
2015-09-28,29400.0,29500.0,29400.0,29400.0,29400.0,9460.0,0.0,0.0,0.0
2015-09-29,29300.0,29300.0,29300.0,29300.0,29300.0,2050.0,0.0,0.0,0.0
2015-09-30,29200.0,29700.0,29200.0,29600.0,29600.0,9950.0,0.0,0.0,0.0
2015-10-01,30000.0,30000.0,29500.0,29900.0,29900.0,8260.0,0.0,0.0,0.0
2015-10-02,29900.0,29900.0,29900.0,29900.0,29900.0,0.0,0.0,0.0,0.0
2015-10-05,32300.0,32300.0,31900.0,32100.0,32100.0,14940.0,0.0,0.0,0.0
2015-10-06,32200.0,32200.0,31600.0,31900.0,31900.0,7130.0,0.0,0.0,0.0
2015-10-07,31600.0,31900.0,31000.0,31000.0,31000.0,33070.0,0.0,0.0,0.0
2015-10-08,30700.0,31500.0,30700.0,30800.0,30800.0,10330.0,0.0,0.0,0.0
2015-10-09,31400.0,31400.0,30900.0,30900.0,30900.0,6590.0,0.0,0.0,0.0
2015-10-12,31400.0,31400.0,30900.0,30900.0,30900.0,5630.0,0.0,0.0,0.0
2015-10-13,31000.0,31300.0,31000.0,31300.0,31300.0,9370.0,0.0,0.0,0.0
2015-10-14,31100.0,31400.0,31000.0,31400.0,31400.0,11180.0,0.0,0.0,0.0
2015-10-15,31400.0,31400.0,31000.0,31000.0,31000.0,19750.0,0.0,0.0,0.0
2015-10-16,31100.0,31500.0,31000.0,31400.0,31400.0,7250.0,0.0,0.0,0.0
2015-10-19,31400.0,32000.0,31100.0,32000.0,32000.0,15310.0,0.0,0.0,0.0
2015-10-20,32000.0,32400.0,32000.0,32000.0,32000.0,32170.0,0.0,0.0,0.0
2015-10-21,32000.0,32200.0,31900.0,32100.0,32100.0,20640.0,0.0,0.0,0.0
2015-10-22,32200.0,32200.0,32000.0,32100.0,32100.0,101130.0,0.0,0.0,0.0
2015-10-23,32300.0,32300.0,32100.0,32200.0,32200.0,25020.0,0.0,0.0,0.0
2015-10-26,32200.0,32300.0,32100.0,32100.0,32100.0,30500.0,0.0,0.0,0.0
2015-10-27,32100.0,32500.0,32100.0,32400.0,32400.0,58700.0,0.0,0.0,0.0
2015-10-28,32400.0,32400.0,32000.0,32200.0,32200.0,49240.0,0.0,0.0,0.0
2015-10-29,32000.0,32300.0,32000.0,32300.0,32300.0,25330.0,0.0,0.0,0.0
2015-10-30,32300.0,32500.0,32000.0,32300.0,32300.0,16680.0,0.0,0.0,0.0
2015-11-02,32400.0,32400.0,30300.0,32100.0,32100.0,29990.0,0.0,0.0,0.0
2015-11-03,32000.0,32100.0,31800.0,31900.0,31900.0,8310.0,0.0,0.0,0.0
2015-11-04,31900.0,32000.0,31900.0,32000.0,32000.0,6100.0,0.0,0.0,0.0
2015-11-05,32100.0,32100.0,31900.0,31900.0,31900.0,2330.0,0.0,0.0,0.0
2015-11-06,32000.0,32000.0,31500.0,32000.0,32000.0,1320.0,0.0,0.0,0.0
2015-11-09,32000.0,32000.0,32000.0,32000.0,32000.0,2950.0,0.0,0.0,0.0
2015-11-10,32900.0,32900.0,31700.0,32000.0,32000.0,12040.0,0.0,0.0,0.0
2015-11-11,32000.0,32000.0,31900.0,32000.0,32000.0,5660.0,0.0,0.0,0.0
2015-11-12,32000.0,32000.0,31900.0,32000.0,32000.0,11310.0,0.0,0.0,0.0
2015-11-13,32100.0,32100.0,32000.0,32000.0,32000.0,9080.0,0.0,0.0,0.0
2015-11-16,30200.0,32100.0,30200.0,32100.0,32100.0,19430.0,0.0,0.0,0.0
2015-11-17,31600.0,34300.0,31500.0,34200.0,34200.0,15160.0,0.0,0.0,0.0
2015-11-18,32300.0,33000.0,32200.0,32200.0,32200.0,860.0,0.0,0.0,0.0
2015-11-19,32000.0,32700.0,32000.0,32700.0,32700.0,7300.0,0.0,0.0,0.0
2015-11-20,32300.0,33000.0,32300.0,32500.0,32500.0,3140.0,0.0,0.0,0.0
2015-11-23,32800.0,32900.0,31200.0,32800.0,32800.0,4220.0,0.0,0.0,0.0
2015-11-24,33100.0,33100.0,32900.0,33000.0,33000.0,1370.0,0.0,0.0,0.0
2015-11-25,33000.0,33900.0,32500.0,32700.0,32700.0,31120.0,0.0,0.0,0.0
2015-11-27,32500.0,33100.0,32500.0,33000.0,33000.0,12560.0,0.0,0.0,0.0
2015-11-30,31000.0,33900.0,31000.0,33900.0,33900.0,3830.0,0.0,0.0,0.0
2015-12-01,33500.0,33500.0,33500.0,33500.0,33500.0,1000.0,0.0,0.0,0.0
2015-12-02,33700.0,33700.0,33700.0,33700.0,33700.0,100.0,0.0,0.0,0.0
2015-12-03,32300.0,33700.0,32300.0,33700.0,33700.0,40.0,0.0,0.0,0.0
2015-12-04,33500.0,33500.0,31500.0,33500.0,33500.0,7780.0,0.0,0.0,0.0
2015-12-07,33500.0,35800.0,32000.0,33500.0,33500.0,4280.0,0.0,0.0,0.0
2015-12-08,31600.0,33700.0,31500.0,33000.0,33000.0,12300.0,0.0,0.0,0.0
2015-12-09,33000.0,33000.0,32000.0,32000.0,32000.0,3180.0,0.0,0.0,0.0
2015-12-10,30500.0,32500.0,30500.0,32000.0,32000.0,2060.0,0.0,0.0,0.0
2015-12-11,31000.0,32400.0,31000.0,32000.0,32000.0,19040.0,0.0,0.0,0.0
2015-12-14,32000.0,33100.0,32000.0,33100.0,33100.0,12110.0,0.0,0.0,0.0
2015-12-15,32100.0,32500.0,32000.0,32500.0,32500.0,8010.0,0.0,0.0,0.0
2015-12-16,32000.0,32500.0,32000.0,32500.0,32500.0,11280.0,0.0,0.0,0.0
2015-12-17,32900.0,32900.0,32100.0,32500.0,32500.0,6920.0,0.0,0.0,0.0
2015-12-18,32500.0,32500.0,32300.0,32300.0,32300.0,6200.0,0.0,0.0,0.0
2015-12-21,32400.0,32400.0,32200.0,32300.0,32300.0,23640.0,0.0,0.0,0.0
2015-12-22,32000.0,32300.0,32000.0,32000.0,32000.0,23620.0,0.0,0.0,0.0
2015-12-23,32000.0,32000.0,32000.0,32000.0,32000.0,15050.0,0.0,0.0,0.0
2015-12-24,32000.0,32000.0,31600.0,31700.0,31700.0,15620.0,0.0,0.0,0.0
2015-12-28,31000.0,31900.0,31000.0,31500.0,31500.0,3060.0,0.0,0.0,0.0
2015-12-29,31000.0,31000.0,31000.0,31000.0,31000.0,730.0,0.0,0.0,0.0
2015-12-30,29600.0,31300.0,29600.0,31300.0,31300.0,650.0,0.0,0.0,0.0
2015-12-31,29600.0,31400.0,29200.0,31400.0,31400.0,2860.0,0.0,0.0,0.0
2016-01-04,32200.0,32200.0,32200.0,32200.0,32200.0,110.0,0.0,0.0,0.0
2016-01-05,32000.0,32200.0,30000.0,32200.0,32200.0,190.0,0.0,0.0,0.0
2016-01-06,32200.0,32200.0,31000.0,31500.0,31500.0,6820.0,0.0,0.0,0.0
2016-01-07,31600.0,31600.0,31400.0,31400.0,31400.0,3120.0,0.0,0.0,0.0
2016-01-08,30000.0,31000.0,30000.0,31000.0,31000.0,5290.0,0.0,0.0,0.0
2016-01-11,29500.0,32000.0,29500.0,32000.0,32000.0,1090.0,0.0,0.0,0.0
2016-01-12,31000.0,31700.0,30300.0,31700.0,31700.0,60.0,0.0,0.0,0.0
2016-01-13,31700.0,31700.0,31400.0,31600.0,31600.0,2600.0,0.0,0.0,0.0
2016-01-14,31600.0,31600.0,30000.0,31000.0,31000.0,4690.0,0.0,0.0,0.0
2016-01-15,31000.0,31000.0,30500.0,30500.0,30500.0,4270.0,0.0,0.0,0.0
2016-01-19,30900.0,31500.0,30900.0,31400.0,31400.0,80.0,0.0,0.0,0.0
2016-01-20,31000.0,31200.0,30000.0,31000.0,31000.0,1010.0,0.0,0.0,0.0
2016-01-21,30600.0,31000.0,30200.0,31000.0,31000.0,2180.0,0.0,0.0,0.0
2016-01-22,31000.0,32000.0,30800.0,31400.0,31400.0,44420.0,0.0,0.0,0.0
2016-01-25,31500.0,31900.0,31500.0,31500.0,31500.0,14470.0,0.0,0.0,0.0
2016-01-26,31500.0,31500.0,31100.0,31400.0,31400.0,1840.0,0.0,0.0,0.0
2016-01-27,32300.0,32300.0,31500.0,32200.0,32200.0,27580.0,0.0,0.0,0.0
2016-01-28,32400.0,32400.0,30200.0,30200.0,30200.0,11670.0,0.0,0.0,0.0
2016-01-29,32200.0,32300.0,31600.0,31800.0,31800.0,10920.0,0.0,0.0,0.0
2016-02-01,32300.0,32500.0,31300.0,32400.0,32400.0,8580.0,0.0,0.0,0.0
2016-02-02,31800.0,32500.0,31800.0,32000.0,32000.0,29710.0,0.0,0.0,0.0
2016-02-03,31400.0,31400.0,30900.0,31000.0,31000.0,8470.0,0.0,0.0,0.0
2016-02-04,31100.0,31800.0,31000.0,31800.0,31800.0,2140.0,0.0,0.0,0.0
2016-02-05,31100.0,31800.0,31100.0,31800.0,31800.0,880.0,0.0,0.0,0.0
2016-02-08,31800.0,31800.0,31800.0,31800.0,31800.0,0.0,0.0,0.0,0.0
2016-02-09,31800.0,31800.0,31800.0,31800.0,31800.0,0.0,0.0,0.0,0.0
2016-02-10,31800.0,31800.0,31800.0,31800.0,31800.0,0.0,0.0,0.0,0.0
2016-02-11,31800.0,31800.0,31800.0,31800.0,31800.0,0.0,0.0,0.0,0.0
2016-02-12,31800.0,31800.0,31800.0,31800.0,31800.0,0.0,0.0,0.0,0.0
2016-02-16,31800.0,31800.0,29600.0,31700.0,31700.0,9740.0,0.0,0.0,0.0
2016-02-17,30100.0,32300.0,30000.0,32300.0,32300.0,31320.0,0.0,0.0,0.0
2016-02-18,32000.0,32400.0,32000.0,32300.0,32300.0,3710.0,0.0,0.0,0.0
2016-02-19,31700.0,32000.0,30500.0,32000.0,32000.0,2220.0,0.0,0.0,0.0
2016-02-22,31800.0,31900.0,31000.0,31700.0,31700.0,12880.0,0.0,0.0,0.0
2016-02-23,31700.0,32300.0,31700.0,32100.0,32100.0,3010.0,0.0,0.0,0.0
2016-02-24,31300.0,32000.0,31300.0,32000.0,32000.0,1610.0,0.0,0.0,0.0
2016-02-25,32000.0,32500.0,31600.0,32100.0,32100.0,6740.0,0.0,0.0,0.0
2016-02-26,31600.0,32000.0,31300.0,31600.0,31600.0,5410.0,0.0,0.0,0.0
2016-02-29,31300.0,31900.0,31300.0,31400.0,31400.0,16090.0,0.0,0.0,0.0
2016-03-01,31300.0,31800.0,31300.0,31800.0,31800.0,3370.0,0.0,0.0,0.0
2016-03-02,31600.0,31800.0,31300.0,31800.0,31800.0,5890.0,0.0,0.0,0.0
2016-03-03,31700.0,31700.0,31600.0,31700.0,31700.0,2380.0,0.0,0.0,0.0
2016-03-04,31700.0,32500.0,31700.0,32000.0,32000.0,12990.0,0.0,0.0,0.0
2016-03-07,31700.0,32300.0,31700.0,32000.0,32000.0,31260.0,0.0,0.0,0.0
2016-03-08,31900.0,32000.0,31600.0,31700.0,31700.0,33090.0,0.0,0.0,0.0
2016-03-09,32500.0,33300.0,31700.0,31700.0,31700.0,25320.0,0.0,0.0,0.0
2016-03-10,31700.0,32700.0,31700.0,32000.0,32000.0,2970.0,0.0,0.0,0.0
2016-03-11,32200.0,32300.0,32000.0,32300.0,32300.0,7130.0,0.0,0.0,0.0
2016-03-14,32400.0,32400.0,32200.0,32300.0,32300.0,20530.0,0.0,0.0,0.0
2016-03-15,32100.0,34000.0,32100.0,33400.0,33400.0,46600.0,0.0,0.0,0.0
2016-03-16,33200.0,33400.0,32500.0,33300.0,33300.0,53300.0,0.0,0.0,0.0
2016-03-17,33400.0,33400.0,33000.0,33000.0,33000.0,25800.0,0.0,0.0,0.0
2016-03-18,33000.0,33000.0,32000.0,32100.0,32100.0,24150.0,0.0,0.0,0.0
2016-03-21,32800.0,32800.0,32200.0,32400.0,32400.0,24800.0,0.0,0.0,0.0
2016-03-22,32100.0,32600.0,31200.0,31200.0,31200.0,85550.0,0.0,0.0,0.0
2016-03-23,31400.0,32100.0,31400.0,32100.0,32100.0,62000.0,0.0,0.0,0.0
2016-03-24,32500.0,34000.0,32500.0,34000.0,34000.0,114350.0,0.0,0.0,0.0
2016-03-28,38300.0,38600.0,36400.0,38100.0,38100.0,117820.0,0.0,0.0,0.0
2016-03-29,38000.0,38100.0,36500.0,37200.0,37200.0,200030.0,0.0,0.0,0.0
2016-03-30,36800.0,39100.0,36800.0,38900.0,38900.0,154390.0,0.0,0.0,0.0
2016-03-31,38900.0,39400.0,38500.0,38500.0,38500.0,84780.0,0.0,0.0,0.0
2016-04-01,36200.0,38300.0,36200.0,37500.0,37500.0,53980.0,0.0,0.0,0.0
2016-04-04,35600.0,37800.0,35600.0,36600.0,36600.0,42210.0,0.0,0.0,0.0
2016-04-05,36500.0,37300.0,36500.0,37200.0,37200.0,41820.0,0.0,0.0,0.0
2016-04-06,38600.0,38600.0,37200.0,37900.0,37900.0,26550.0,0.0,0.0,0.0
2016-04-07,38000.0,39200.0,38000.0,39000.0,39000.0,112230.0,0.0,0.0,0.0
2016-04-08,38500.0,41700.0,38500.0,40600.0,40600.0,129720.0,0.0,0.0,0.0
2016-04-11,40600.0,42500.0,40600.0,40600.0,40600.0,105750.0,0.0,0.0,0.0
2016-04-12,39900.0,41000.0,39900.0,40700.0,40700.0,54620.0,0.0,0.0,0.0
2016-04-13,41400.0,41400.0,39900.0,40000.0,40000.0,112380.0,0.0,0.0,0.0
2016-04-14,39800.0,40300.0,39700.0,40000.0,40000.0,76990.0,0.0,0.0,0.0
2016-04-15,40400.0,40600.0,39900.0,39900.0,39900.0,93980.0,0.0,0.0,0.0
2016-04-18,39900.0,39900.0,39900.0,39900.0,39900.0,0.0,0.0,0.0,0.0
2016-04-19,40000.0,40000.0,38000.0,38100.0,38100.0,125370.0,0.0,0.0,0.0
2016-04-20,37800.0,39500.0,37800.0,38000.0,38000.0,130210.0,0.0,0.0,0.0
2016-04-21,38900.0,39200.0,38300.0,39000.0,39000.0,135630.0,0.0,0.0,0.0
2016-04-22,38500.0,40000.0,38400.0,39500.0,39500.0,87630.0,0.0,0.0,0.0
2016-04-25,39100.0,39500.0,38700.0,39300.0,39300.0,138130.0,0.0,0.0,0.0
2016-04-26,38800.0,39200.0,38700.0,38900.0,38900.0,96200.0,0.0,0.0,0.0
2016-04-27,39400.0,39400.0,38500.0,38900.0,38900.0,50340.0,0.0,0.0,0.0
2016-04-28,38900.0,38900.0,38100.0,38100.0,38100.0,92210.0,0.0,0.0,0.0
2016-04-29,37900.0,38800.0,37200.0,38800.0,38800.0,80480.0,0.0,0.0,0.0
2016-05-02,38800.0,38800.0,38800.0,38800.0,38800.0,0.0,0.0,0.0,0.0
2016-05-03,38800.0,38800.0,38800.0,38800.0,38800.0,0.0,0.0,0.0,0.0
2016-05-04,38800.0,38800.0,37800.0,37800.0,37800.0,34330.0,0.0,0.0,0.0
2016-05-05,37500.0,37700.0,37200.0,37700.0,37700.0,68950.0,0.0,0.0,0.0
2016-05-06,37400.0,37700.0,37300.0,37400.0,37400.0,26630.0,0.0,0.0,0.0
2016-05-09,37200.0,37500.0,37000.0,37200.0,37200.0,26860.0,0.0,0.0,0.0
2016-05-10,37200.0,37200.0,36500.0,37200.0,37200.0,44820.0,0.0,0.0,0.0
2016-05-11,36600.0,37100.0,36600.0,36800.0,36800.0,11700.0,0.0,0.0,0.0
2016-05-12,37100.0,37500.0,37000.0,37200.0,37200.0,41160.0,0.0,0.0,0.0
2016-05-13,37200.0,37200.0,36000.0,37000.0,37000.0,17870.0,0.0,0.0,0.0
2016-05-16,37100.0,37100.0,36600.0,36600.0,36600.0,8240.0,0.0,0.0,0.0
2016-05-17,37300.0,37300.0,36500.0,37000.0,37000.0,50540.0,0.0,0.0,0.0
2016-05-18,37000.0,37400.0,37000.0,37100.0,37100.0,3370.0,0.0,0.0,0.0
2016-05-19,37100.0,37500.0,36900.0,37100.0,37100.0,4500.0,0.0,0.0,0.0
2016-05-20,37100.0,37300.0,36800.0,37100.0,37100.0,10500.0,0.0,0.0,0.0
2016-05-23,37000.0,37100.0,36800.0,36900.0,36900.0,12660.0,0.0,0.0,0.0
2016-05-24,36800.0,38100.0,36800.0,37600.0,37600.0,38380.0,0.0,0.0,0.0
2016-05-25,38000.0,38000.0,37300.0,37500.0,37500.0,11670.0,0.0,0.0,0.0
2016-05-26,37400.0,37800.0,37000.0,37200.0,37200.0,40400.0,0.0,0.0,0.0
2016-05-27,37200.0,37200.0,36800.0,36800.0,36800.0,32120.0,0.0,0.0,0.0
2016-05-31,37200.0,37300.0,36900.0,37000.0,37000.0,5350.0,0.0,0.0,0.0
2016-06-01,37300.0,37300.0,36800.0,36900.0,36900.0,21220.0,0.0,0.0,0.0
2016-06-02,36900.0,37400.0,36900.0,37400.0,37400.0,42720.0,0.0,0.0,0.0
2016-06-03,37200.0,37500.0,37000.0,37000.0,37000.0,38990.0,0.0,0.0,0.0
2016-06-06,37500.0,37500.0,36700.0,37000.0,37000.0,95450.0,0.0,0.0,0.0
2016-06-07,37000.0,39500.0,36800.0,39500.0,39500.0,262060.0,0.0,0.0,0.0
2016-06-08,39500.0,40000.0,37500.0,39000.0,39000.0,57880.0,0.0,0.0,0.0
2016-06-09,39000.0,39100.0,38500.0,39100.0,39100.0,18780.0,0.0,0.0,0.0
2016-06-10,39200.0,39400.0,38800.0,39300.0,39300.0,143550.0,0.0,0.0,0.0
2016-06-13,39300.0,39300.0,38200.0,38500.0,38500.0,26210.0,0.0,0.0,0.0
2016-06-14,38200.0,40400.0,38200.0,40000.0,40000.0,291960.0,0.0,0.0,0.0
2016-06-15,40000.0,40000.0,39400.0,39600.0,39600.0,108010.0,0.0,0.0,0.0
2016-06-16,39500.0,41000.0,39300.0,40000.0,40000.0,338840.0,0.0,0.0,0.0
2016-06-17,40200.0,41000.0,40000.0,40800.0,40800.0,220450.0,0.0,0.0,0.0
2016-06-20,41000.0,41000.0,40000.0,40900.0,40900.0,98720.0,0.0,0.0,0.0
2016-06-21,40900.0,42600.0,40900.0,42300.0,42300.0,258420.0,0.0,0.0,0.0
2016-06-22,42300.0,43500.0,42000.0,43000.0,43000.0,203170.0,0.0,0.0,0.0
2016-06-23,43000.0,43700.0,42500.0,42900.0,42900.0,160680.0,0.0,0.0,0.0
2016-06-24,42800.0,42800.0,39900.0,40600.0,40600.0,367140.0,0.0,0.0,0.0
2016-06-27,39700.0,40500.0,38600.0,39100.0,39100.0,85900.0,0.0,0.0,0.0
2016-06-28,39000.0,41000.0,38900.0,40500.0,40500.0,217060.0,0.0,0.0,0.0
2016-06-29,41500.0,42500.0,41000.0,41600.0,41600.0,202640.0,0.0,0.0,0.0
2016-06-30,42400.0,42600.0,41000.0,41000.0,41000.0,103810.0,0.0,0.0,0.0
2016-07-01,40800.0,41600.0,40600.0,41200.0,41200.0,96460.0,0.0,0.0,0.0
2016-07-05,41200.0,41200.0,40700.0,40700.0,40700.0,72660.0,0.0,0.0,0.0
2016-07-06,40500.0,40900.0,40400.0,40800.0,40800.0,60830.0,0.0,0.0,0.0
2016-07-07,40900.0,42000.0,40800.0,41300.0,41300.0,96320.0,0.0,0.0,0.0
2016-07-08,41900.0,41900.0,40600.0,40600.0,40600.0,71170.0,0.0,0.0,0.0
2016-07-11,40600.0,40800.0,39000.0,39500.0,39500.0,130080.0,0.0,0.0,0.0
2016-07-12,39200.0,39900.0,38600.0,39000.0,39000.0,91180.0,0.0,0.0,0.0
2016-07-13,39000.0,40200.0,39000.0,39500.0,39500.0,33220.0,0.0,0.0,0.0
2016-07-14,39600.0,39600.0,38900.0,38900.0,38900.0,34430.0,0.0,0.0,0.0
2016-07-15,39800.0,39800.0,38100.0,38900.0,38900.0,77000.0,0.0,0.0,0.0
2016-07-18,39000.0,39600.0,39000.0,39400.0,39400.0,29010.0,0.0,0.0,0.0
2016-07-19,39400.0,39600.0,39000.0,39100.0,39100.0,40090.0,0.0,0.0,0.0
2016-07-20,39100.0,39300.0,39000.0,39300.0,39300.0,29270.0,0.0,0.0,0.0
2016-07-21,39400.0,39400.0,39000.0,39000.0,39000.0,61500.0,0.0,0.0,0.0
2016-07-22,39000.0,39000.0,38200.0,39000.0,39000.0,38240.0,0.0,0.0,0.0
2016-07-25,39000.0,39500.0,39000.0,39100.0,39100.0,14170.0,0.0,0.0,0.0
2016-07-26,39200.0,39300.0,38500.0,39100.0,39100.0,11010.0,0.0,0.0,0.0
2016-07-27,39100.0,39100.0,39100.0,39100.0,39100.0,0.0,0.0,0.0,0.0
2016-07-28,39100.0,39200.0,38500.0,39200.0,39200.0,19800.0,0.0,0.0,0.0
2016-07-29,39000.0,39200.0,39000.0,39200.0,39200.0,7410.0,0.0,0.0,0.0
2016-08-01,39200.0,39300.0,39000.0,39300.0,39300.0,19790.0,0.0,0.0,0.0
2016-08-02,38500.0,39100.0,38500.0,39000.0,39000.0,24370.0,0.0,0.0,0.0
2016-08-03,39000.0,39000.0,38700.0,38700.0,38700.0,51540.0,0.0,0.0,0.0
2016-08-04,38700.0,39000.0,38500.0,38600.0,38600.0,19040.0,0.0,0.0,0.0
2016-08-05,36500.0,39000.0,36500.0,38400.0,38400.0,10650.0,0.0,0.0,0.0
2016-08-08,38300.0,38600.0,38200.0,38400.0,38400.0,10670.0,0.0,0.0,0.0
2016-08-09,38400.0,38700.0,38400.0,38700.0,38700.0,22760.0,0.0,0.0,0.0
2016-08-10,38500.0,39700.0,38500.0,39700.0,39700.0,98020.0,0.0,0.0,0.0
2016-08-11,39700.0,39700.0,39300.0,39500.0,39500.0,4150.0,0.0,0.0,0.0
2016-08-12,39400.0,41100.0,39400.0,40200.0,40200.0,47560.0,0.0,0.0,0.0
2016-08-15,40900.0,40900.0,40200.0,40500.0,40500.0,23080.0,0.0,0.0,0.0
2016-08-16,40600.0,41800.0,40500.0,41800.0,41800.0,135400.0,0.0,0.0,0.0
2016-08-17,41500.0,42200.0,41000.0,42000.0,42000.0,57060.0,0.0,0.0,0.0
2016-08-18,42000.0,42500.0,42000.0,42000.0,42000.0,66750.0,0.0,0.0,0.0
2016-08-19,41500.0,43300.0,41300.0,42500.0,42500.0,239800.0,0.0,0.0,0.0
2016-08-22,42500.0,42500.0,41500.0,41500.0,41500.0,15430.0,0.0,0.0,0.0
2016-08-23,41500.0,42300.0,41500.0,41900.0,41900.0,3480.0,0.0,0.0,0.0
2016-08-24,41900.0,41900.0,41500.0,41500.0,41500.0,5920.0,0.0,0.0,0.0
2016-08-25,41500.0,43000.0,40700.0,42800.0,42800.0,21190.0,0.0,0.0,0.0
2016-08-26,42800.0,42800.0,41500.0,42100.0,42100.0,3960.0,0.0,0.0,0.0
2016-08-29,41800.0,42000.0,41500.0,42000.0,42000.0,12560.0,0.0,0.0,0.0
2016-08-30,41600.0,41600.0,41600.0,41600.0,41600.0,21190.0,0.0,0.0,0.0
2016-08-31,41900.0,41900.0,41000.0,41000.0,41000.0,35500.0,0.0,0.0,0.0
2016-09-01,41800.0,41900.0,40600.0,40600.0,40600.0,6310.0,0.0,0.0,0.0
2016-09-02,40600.0,40600.0,40600.0,40600.0,40600.0,0.0,0.0,0.0,0.0
2016-09-06,40900.0,41700.0,40900.0,41400.0,41400.0,40110.0,0.0,0.0,0.0
2016-09-07,41400.0,41400.0,40500.0,41300.0,41300.0,13300.0,0.0,0.0,0.0
2016-09-08,41700.0,42400.0,41500.0,42000.0,42000.0,43710.0,0.0,0.0,0.0
2016-09-09,41500.0,43100.0,41500.0,42700.0,42700.0,75740.0,0.0,0.0,0.0
2016-09-12,42700.0,42800.0,41100.0,42500.0,42500.0,3090.0,0.0,0.0,0.0
2016-09-13,42500.0,42500.0,42100.0,42100.0,42100.0,5040.0,0.0,0.0,0.0
2016-09-14,42100.0,42300.0,41900.0,42100.0,42100.0,22680.0,0.0,0.0,0.0
2016-09-15,42100.0,42100.0,42100.0,42100.0,42100.0,0.0,0.0,0.0,0.0
2016-09-16,40200.0,42100.0,40200.0,42000.0,42000.0,17570.0,0.0,0.0,0.0
2016-09-19,42000.0,42000.0,41300.0,41600.0,41600.0,22010.0,0.0,0.0,0.0
2016-09-20,41400.0,41600.0,41000.0,41500.0,41500.0,18340.0,0.0,0.0,0.0
2016-09-21,41000.0,42000.0,41000.0,41800.0,41800.0,34850.0,0.0,0.0,0.0
2016-09-22,41800.0,41900.0,41200.0,41800.0,41800.0,15470.0,0.0,0.0,0.0
2016-09-23,41400.0,41500.0,40300.0,40300.0,40300.0,30410.0,0.0,0.0,0.0
2016-09-26,40100.0,42500.0,40100.0,41700.0,41700.0,39270.0,0.0,0.0,0.0
2016-09-27,41200.0,42000.0,40400.0,40700.0,40700.0,41830.0,0.0,0.0,0.0
2016-09-28,40900.0,41000.0,40500.0,40800.0,40800.0,41830.0,0.0,0.0,0.0
2016-09-29,41300.0,42550.0,41000.0,42400.0,42400.0,151190.0,0.0,0.0,0.0
2016-09-30,42400.0,42600.0,42100.0,42300.0,42300.0,41910.0,0.0,0.0,0.0
2016-10-03,42200.0,42200.0,41600.0,42200.0,42200.0,20570.0,0.0,0.0,0.0
2016-10-04,41950.0,42300.0,41700.0,42000.0,42000.0,46890.0,0.0,0.0,0.0
2016-10-05,41800.0,44900.0,41800.0,44800.0,44800.0,182900.0,0.0,0.0,0.0
2016-10-06,44800.0,46000.0,44500.0,44500.0,44500.0,58350.0,0.0,0.0,0.0
2016-10-07,44600.0,46000.0,44100.0,45000.0,45000.0,32180.0,0.0,0.0,0.0
2016-10-10,45000.0,45000.0,43100.0,43100.0,43100.0,25760.0,0.0,0.0,0.0
2016-10-11,43100.0,44000.0,42800.0,44000.0,44000.0,42470.0,0.0,0.0,0.0
2016-10-12,44500.0,45000.0,43600.0,43600.0,43600.0,32040.0,0.0,0.0,0.0
2016-10-13,44500.0,44500.0,43600.0,43800.0,43800.0,3280.0,0.0,0.0,0.0
2016-10-14,43800.0,43800.0,43000.0,43800.0,43800.0,11860.0,0.0,0.0,0.0
2016-10-17,44500.0,44500.0,43000.0,44000.0,44000.0,7340.0,0.0,0.0,0.0
2016-10-18,43100.0,43100.0,41700.0,42200.0,42200.0,93510.0,0.0,0.0,0.0
2016-10-19,42200.0,42200.0,41000.0,42000.0,42000.0,33890.0,0.0,0.0,0.0
2016-10-20,41300.0,42000.0,41000.0,41000.0,41000.0,30520.0,0.0,0.0,0.0
2016-10-21,41000.0,41500.0,40500.0,41100.0,41100.0,22790.0,0.0,0.0,0.0
2016-10-24,40900.0,41000.0,40500.0,40600.0,40600.0,33970.0,0.0,0.0,0.0
2016-10-25,40600.0,40600.0,39000.0,39700.0,39700.0,71400.0,0.0,0.0,0.0
2016-10-26,39200.0,40450.0,39200.0,40000.0,40000.0,5290.0,0.0,0.0,0.0
2016-10-27,40000.0,40100.0,39500.0,39900.0,39900.0,12010.0,0.0,0.0,0.0
2016-10-28,40300.0,40600.0,40000.0,40600.0,40600.0,22000.0,0.0,0.0,0.0
2016-10-31,40600.0,40700.0,40000.0,40200.0,40200.0,35340.0,0.0,0.0,0.0
2016-11-01,40000.0,40400.0,40000.0,40200.0,40200.0,3740.0,0.0,0.0,0.0
2016-11-02,40800.0,42000.0,40200.0,42000.0,42000.0,7020.0,0.0,0.0,0.0
2016-11-03,41400.0,41400.0,40500.0,40500.0,40500.0,7600.0,0.0,0.0,0.0
2016-11-04,40500.0,40600.0,40500.0,40600.0,40600.0,5490.0,0.0,0.0,0.0
2016-11-07,41400.0,41500.0,40700.0,40700.0,40700.0,22490.0,0.0,0.0,0.0
2016-11-08,40700.0,41400.0,40700.0,41400.0,41400.0,20.0,0.0,0.0,0.0
2016-11-09,40600.0,40600.0,39500.0,40550.0,40550.0,18010.0,0.0,0.0,0.0
2016-11-10,42000.0,42000.0,40600.0,41300.0,41300.0,10000.0,0.0,0.0,0.0
2016-11-11,40800.0,41200.0,40700.0,41200.0,41200.0,18050.0,0.0,0.0,0.0
2016-11-14,41700.0,42000.0,41500.0,42000.0,42000.0,25800.0,0.0,0.0,0.0
2016-11-15,41100.0,41800.0,41100.0,41800.0,41800.0,130.0,0.0,0.0,0.0
2016-11-16,40950.0,42000.0,40950.0,42000.0,42000.0,13260.0,0.0,0.0,0.0
2016-11-17,42000.0,42000.0,42000.0,42000.0,42000.0,600.0,0.0,0.0,0.0
2016-11-18,42000.0,42000.0,42000.0,42000.0,42000.0,200.0,0.0,0.0,0.0
2016-11-21,40100.0,42000.0,40100.0,41900.0,41900.0,720.0,0.0,0.0,0.0
2016-11-22,41500.0,42000.0,41500.0,41900.0,41900.0,24630.0,0.0,0.0,0.0
2016-11-23,40900.0,42000.0,40900.0,41800.0,41800.0,8160.0,0.0,0.0,0.0
2016-11-25,41000.0,41700.0,40600.0,41600.0,41600.0,140.0,0.0,0.0,0.0
2016-11-28,41600.0,41600.0,40100.0,40100.0,40100.0,8360.0,0.0,0.0,0.0
2016-11-29,39650.0,40100.0,39650.0,40000.0,40000.0,9640.0,0.0,0.0,0.0
2016-11-30,39500.0,41700.0,39500.0,41700.0,41700.0,11920.0,0.0,0.0,0.0
2016-12-01,41700.0,42000.0,41700.0,41950.0,41950.0,7320.0,0.0,0.0,0.0
2016-12-02,40000.0,41900.0,40000.0,41900.0,41900.0,13820.0,0.0,0.0,0.0
2016-12-05,41900.0,41900.0,41000.0,41000.0,41000.0,19850.0,0.0,0.0,0.0
2016-12-06,42000.0,42000.0,40500.0,40500.0,40500.0,1210.0,0.0,0.0,0.0
2016-12-07,41500.0,41700.0,41000.0,41700.0,41700.0,3660.0,0.0,0.0,0.0
2016-12-08,41700.0,41700.0,41700.0,41700.0,41700.0,0.0,0.0,0.0,0.0
2016-12-09,39600.0,41500.0,39600.0,41000.0,41000.0,5400.0,0.0,0.0,0.0
2016-12-12,41000.0,41300.0,40600.0,41300.0,41300.0,1100.0,0.0,0.0,0.0
2016-12-13,39000.0,41500.0,39000.0,40500.0,40500.0,3480.0,0.0,0.0,0.0
2016-12-14,40000.0,41250.0,40000.0,41250.0,41250.0,1250.0,0.0,0.0,0.0
2016-12-15,40000.0,41000.0,40000.0,41000.0,41000.0,290.0,0.0,0.0,0.0
2016-12-16,41000.0,41000.0,41000.0,41000.0,41000.0,340.0,0.0,0.0,0.0
2016-12-19,40200.0,41950.0,40200.0,41950.0,41950.0,3980.0,0.0,0.0,0.0
2016-12-20,40600.0,41500.0,40600.0,41500.0,41500.0,1920.0,0.0,0.0,0.0
2016-12-21,40200.0,41200.0,40200.0,40200.0,40200.0,410.0,0.0,0.0,0.0
2016-12-22,40200.0,41450.0,38800.0,41450.0,41450.0,8020.0,0.0,0.0,0.0
2016-12-23,41450.0,41450.0,41450.0,41450.0,41450.0,0.0,0.0,0.0,0.0
2016-12-27,40000.0,40000.0,39900.0,39900.0,39900.0,3200.0,0.0,0.0,0.0
2016-12-28,39650.0,40000.0,39650.0,40000.0,40000.0,6310.0,0.0,0.0,0.0
2016-12-29,39800.0,40850.0,39100.0,40850.0,40850.0,10110.0,0.0,0.0,0.0
2016-12-30,40000.0,41000.0,40000.0,40800.0,40800.0,7030.0,0.0,0.0,0.0
2017-01-03,40700.0,40700.0,39100.0,40500.0,40500.0,800.0,0.0,0.0,0.0
2017-01-04,40000.0,40500.0,39900.0,40500.0,40500.0,11740.0,0.0,0.0,0.0
2017-01-05,40000.0,40000.0,40000.0,40000.0,40000.0,190.0,0.0,0.0,0.0
2017-01-06,40500.0,40500.0,39350.0,39350.0,39350.0,3520.0,0.0,0.0,0.0
2017-01-09,40000.0,40000.0,39000.0,39500.0,39500.0,4130.0,0.0,0.0,0.0
2017-01-10,39500.0,39500.0,38300.0,38300.0,38300.0,14710.0,0.0,0.0,0.0
2017-01-11,39200.0,39200.0,38500.0,39000.0,39000.0,12280.0,0.0,0.0,0.0
2017-01-12,39500.0,39500.0,39100.0,39400.0,39400.0,3560.0,0.0,0.0,0.0
2017-01-13,39200.0,39400.0,38900.0,38900.0,38900.0,14070.0,0.0,0.0,0.0
2017-01-17,38800.0,39150.0,38800.0,39150.0,39150.0,8910.0,0.0,0.0,0.0
2017-01-18,39700.0,39700.0,38800.0,39400.0,39400.0,4430.0,0.0,0.0,0.0
2017-01-19,39000.0,39000.0,38900.0,38900.0,38900.0,500.0,0.0,0.0,0.0
2017-01-20,39000.0,39000.0,38900.0,38900.0,38900.0,2020.0,0.0,0.0,0.0
2017-01-23,38900.0,38900.0,38550.0,38550.0,38550.0,2530.0,0.0,0.0,0.0
2017-01-24,38500.0,38900.0,38500.0,38900.0,38900.0,9530.0,0.0,0.0,0.0
2017-01-25,39000.0,39000.0,38600.0,38600.0,38600.0,1310.0,0.0,0.0,0.0
2017-01-26,38600.0,38600.0,38600.0,38600.0,38600.0,0.0,0.0,0.0,0.0
2017-01-27,38600.0,38600.0,38600.0,38600.0,38600.0,0.0,0.0,0.0,0.0
2017-01-30,38600.0,38600.0,38600.0,38600.0,38600.0,0.0,0.0,0.0,0.0
2017-01-31,38600.0,38600.0,38600.0,38600.0,38600.0,0.0,0.0,0.0,0.0
2017-02-01,38600.0,38600.0,38600.0,38600.0,38600.0,0.0,0.0,0.0,0.0
2017-02-02,38600.0,38600.0,38600.0,38600.0,38600.0,0.0,0.0,0.0,0.0
2017-02-03,38200.0,38400.0,38100.0,38400.0,38400.0,17870.0,0.0,0.0,0.0
2017-02-06,38900.0,38900.0,38200.0,38600.0,38600.0,11640.0,0.0,0.0,0.0
2017-02-07,38500.0,38550.0,38100.0,38400.0,38400.0,45670.0,0.0,0.0,0.0
2017-02-08,38500.0,38850.0,38100.0,38800.0,38800.0,20620.0,0.0,0.0,0.0
2017-02-09,38400.0,38800.0,38400.0,38800.0,38800.0,19770.0,0.0,0.0,0.0
2017-02-10,38450.0,39100.0,38450.0,39100.0,39100.0,15320.0,0.0,0.0,0.0
2017-02-13,38900.0,39700.0,38900.0,39500.0,39500.0,8240.0,0.0,0.0,0.0
2017-02-14,39100.0,39800.0,39100.0,39800.0,39800.0,7340.0,0.0,0.0,0.0
2017-02-15,39500.0,39500.0,39300.0,39500.0,39500.0,19500.0,0.0,0.0,0.0
2017-02-16,39500.0,39700.0,39500.0,39700.0,39700.0,9930.0,0.0,0.0,0.0
2017-02-17,39500.0,39500.0,39000.0,39500.0,39500.0,35640.0,0.0,0.0,0.0
2017-02-21,39450.0,39450.0,38500.0,39300.0,39300.0,6590.0,0.0,0.0,0.0
2017-02-22,39000.0,39300.0,39000.0,39300.0,39300.0,1010.0,0.0,0.0,0.0
2017-02-23,39000.0,39300.0,38700.0,39300.0,39300.0,13500.0,0.0,0.0,0.0
2017-02-24,38700.0,39000.0,38700.0,39000.0,39000.0,2820.0,0.0,0.0,0.0
2017-02-27,39000.0,39000.0,39000.0,39000.0,39000.0,4310.0,0.0,0.0,0.0
2017-02-28,39000.0,39000.0,38500.0,38800.0,38800.0,5000.0,0.0,0.0,0.0
2017-03-01,39150.0,39400.0,39150.0,39400.0,39400.0,23980.0,0.0,0.0,0.0
2017-03-02,39400.0,39500.0,38500.0,39200.0,39200.0,9240.0,0.0,0.0,0.0
2017-03-03,39500.0,39500.0,39000.0,39500.0,39500.0,13950.0,0.0,0.0,0.0
2017-03-06,39100.0,39300.0,39000.0,39300.0,39300.0,6520.0,0.0,0.0,0.0
2017-03-07,39800.0,40400.0,39500.0,39600.0,39600.0,35070.0,0.0,0.0,0.0
2017-03-08,40000.0,40000.0,39500.0,39500.0,39500.0,4830.0,0.0,0.0,0.0
2017-03-09,39500.0,39500.0,38900.0,39000.0,39000.0,58070.0,0.0,0.0,0.0
2017-03-10,39000.0,39000.0,38250.0,38500.0,38500.0,41360.0,0.0,0.0,0.0
2017-03-13,38500.0,38500.0,38000.0,38500.0,38500.0,31390.0,0.0,0.0,0.0
2017-03-14,38950.0,38950.0,38000.0,38100.0,38100.0,34200.0,0.0,0.0,0.0
2017-03-15,38100.0,38100.0,37800.0,37800.0,37800.0,23230.0,0.0,0.0,0.0
2017-03-16,37100.0,37100.0,34550.0,35500.0,35500.0,18890.0,0.0,0.0,0.0
2017-03-17,35500.0,35500.0,34100.0,34500.0,34500.0,41770.0,0.0,0.0,0.0
2017-03-20,34500.0,34500.0,34000.0,34100.0,34100.0,35370.0,0.0,0.0,0.0
2017-03-21,33850.0,34500.0,33850.0,34050.0,34050.0,19050.0,0.0,0.0,0.0
2017-03-22,33800.0,34600.0,33800.0,33900.0,33900.0,6850.0,0.0,0.0,0.0
2017-03-23,33950.0,34000.0,33400.0,33400.0,33400.0,20170.0,0.0,0.0,0.0
2017-03-24,33400.0,33450.0,32000.0,32450.0,32450.0,29090.0,0.0,0.0,0.0
2017-03-27,32200.0,32450.0,31500.0,32100.0,32100.0,16770.0,0.0,0.0,0.0
2017-03-28,31650.0,31900.0,31500.0,31500.0,31500.0,19250.0,0.0,0.0,0.0
2017-03-29,31400.0,32900.0,31400.0,32900.0,32900.0,17640.0,0.0,0.0,0.0
2017-03-30,32900.0,32950.0,32150.0,32700.0,32700.0,12410.0,0.0,0.0,0.0
2017-03-31,31100.0,32600.0,31100.0,32000.0,32000.0,12250.0,0.0,0.0,0.0
2017-04-03,32000.0,32500.0,32000.0,32200.0,32200.0,5560.0,0.0,0.0,0.0
2017-04-04,32400.0,32550.0,32100.0,32500.0,32500.0,106200.0,0.0,0.0,0.0
2017-04-05,32500.0,32600.0,32200.0,32400.0,32400.0,23580.0,0.0,0.0,0.0
2017-04-06,32400.0,32400.0,32400.0,32400.0,32400.0,0.0,0.0,0.0,0.0
2017-04-07,32000.0,32400.0,32000.0,32100.0,32100.0,5000.0,0.0,0.0,0.0
2017-04-10,32000.0,32300.0,32000.0,32250.0,32250.0,14870.0,0.0,0.0,0.0
2017-04-11,32300.0,33400.0,32300.0,32600.0,32600.0,25990.0,0.0,0.0,0.0
2017-04-12,33200.0,33200.0,32600.0,32750.0,32750.0,22980.0,0.0,0.0,0.0
2017-04-13,32800.0,32800.0,32500.0,32500.0,32500.0,10650.0,0.0,0.0,0.0
2017-04-17,31800.0,32900.0,31800.0,32750.0,32750.0,32580.0,0.0,0.0,0.0
2017-04-18,33900.0,33900.0,31000.0,33200.0,33200.0,3780.0,0.0,0.0,0.0
2017-04-19,33300.0,33300.0,33100.0,33100.0,33100.0,2660.0,0.0,0.0,0.0
2017-04-20,33100.0,33200.0,33000.0,33000.0,33000.0,2490.0,0.0,0.0,0.0
2017-04-21,33000.0,33200.0,32200.0,33000.0,33000.0,3380.0,0.0,0.0,0.0
2017-04-24,33000.0,33000.0,32500.0,32500.0,32500.0,8090.0,0.0,0.0,0.0
2017-04-25,32550.0,33000.0,32500.0,32500.0,32500.0,1250.0,0.0,0.0,0.0
2017-04-26,32500.0,32800.0,32500.0,32800.0,32800.0,400.0,0.0,0.0,0.0
2017-04-27,32550.0,32550.0,32500.0,32500.0,32500.0,12080.0,0.0,0.0,0.0
2017-04-28,32500.0,32500.0,32500.0,32500.0,32500.0,0.0,0.0,0.0,0.0
2017-05-01,32500.0,32500.0,32500.0,32500.0,32500.0,0.0,0.0,0.0,0.0
2017-05-02,32500.0,32500.0,32500.0,32500.0,32500.0,0.0,0.0,0.0,0.0
2017-05-03,32100.0,32600.0,32100.0,32200.0,32200.0,23750.0,0.0,0.0,0.0
2017-05-04,32600.0,32600.0,32100.0,32500.0,32500.0,25270.0,0.0,0.0,0.0
2017-05-05,32200.0,32500.0,32100.0,32500.0,32500.0,15870.0,0.0,0.0,0.0
2017-05-08,32500.0,32600.0,32000.0,32600.0,32600.0,6980.0,0.0,0.0,0.0
2017-05-09,32800.0,32800.0,32000.0,32600.0,32600.0,25810.0,0.0,0.0,0.0
2017-05-10,32800.0,32900.0,32300.0,32600.0,32600.0,46850.0,0.0,0.0,0.0
2017-05-11,32850.0,32850.0,32600.0,32800.0,32800.0,1280.0,0.0,0.0,0.0
2017-05-12,32800.0,33000.0,32600.0,33000.0,33000.0,2800.0,0.0,0.0,0.0
2017-05-15,33000.0,33000.0,32000.0,32700.0,32700.0,1730.0,0.0,0.0,0.0
2017-05-16,32100.0,32800.0,32000.0,32600.0,32600.0,9060.0,0.0,0.0,0.0
2017-05-17,32800.0,32800.0,32300.0,32650.0,32650.0,14470.0,0.0,0.0,0.0
2017-05-18,32500.0,32600.0,31500.0,32600.0,32600.0,31680.0,0.0,0.0,0.0
2017-05-19,32500.0,32500.0,32000.0,32400.0,32400.0,1140.0,0.0,0.0,0.0
2017-05-22,32500.0,32600.0,31200.0,32500.0,32500.0,15680.0,0.0,0.0,0.0
2017-05-23,32450.0,32500.0,32200.0,32500.0,32500.0,19550.0,0.0,0.0,0.0
2017-05-24,32700.0,32700.0,31000.0,32000.0,32000.0,19370.0,0.0,0.0,0.0
2017-05-25,32000.0,32500.0,31900.0,32000.0,32000.0,30590.0,0.0,0.0,0.0
2017-05-26,32000.0,32000.0,32000.0,32000.0,32000.0,33270.0,0.0,0.0,0.0
2017-05-30,32600.0,32600.0,32200.0,32500.0,32500.0,460.0,0.0,0.0,0.0
2017-05-31,32500.0,32500.0,32500.0,32500.0,32500.0,10.0,0.0,0.0,0.0
2017-06-01,32500.0,32500.0,32000.0,32400.0,32400.0,7820.0,0.0,0.0,0.0
2017-06-02,31700.0,32200.0,31650.0,31650.0,31650.0,7100.0,0.0,0.0,0.0
2017-06-05,31500.0,32000.0,31500.0,32000.0,32000.0,13440.0,0.0,0.0,0.0
2017-06-06,31950.0,32300.0,31500.0,32300.0,32300.0,30760.0,0.0,0.0,0.0
2017-06-07,32000.0,32200.0,31750.0,32200.0,32200.0,4310.0,0.0,0.0,0.0
2017-06-08,32000.0,32000.0,31100.0,32000.0,32000.0,12480.0,0.0,0.0,0.0
2017-06-09,31250.0,31900.0,31250.0,31900.0,31900.0,12980.0,0.0,0.0,0.0
2017-06-12,31800.0,31900.0,31300.0,31900.0,31900.0,5290.0,0.0,0.0,0.0
2017-06-13,31550.0,31550.0,31500.0,31500.0,31500.0,10490.0,0.0,0.0,0.0
2017-06-14,31800.0,31900.0,31300.0,31900.0,31900.0,16690.0,0.0,0.0,0.0
2017-06-15,31500.0,31500.0,31000.0,31500.0,31500.0,12850.0,0.0,0.0,0.0
2017-06-16,31200.0,31500.0,31200.0,31500.0,31500.0,1500.0,0.0,0.0,0.0
2017-06-19,31700.0,32000.0,31000.0,31700.0,31700.0,29250.0,0.0,0.0,0.0
2017-06-20,31700.0,31700.0,31300.0,31700.0,31700.0,7760.0,0.0,0.0,0.0
2017-06-21,31200.0,31700.0,31000.0,31500.0,31500.0,23260.0,0.0,0.0,0.0
2017-06-22,31950.0,33650.0,31700.0,31750.0,31750.0,30040.0,0.0,0.0,0.0
2017-06-23,32000.0,32000.0,31300.0,31950.0,31950.0,11340.0,0.0,0.0,0.0
2017-06-26,31800.0,32000.0,31500.0,31900.0,31900.0,15830.0,0.0,0.0,0.0
2017-06-27,31900.0,32000.0,31900.0,32000.0,32000.0,5000.0,0.0,0.0,0.0
2017-06-28,31900.0,31900.0,31350.0,31900.0,31900.0,21410.0,0.0,0.0,0.0
2017-06-29,31900.0,31900.0,31500.0,31500.0,31500.0,16630.0,0.0,0.0,0.0
2017-06-30,31500.0,32000.0,31400.0,32000.0,32000.0,16890.0,0.0,0.0,0.0
2017-07-03,31400.0,31950.0,31300.0,31500.0,31500.0,6110.0,0.0,0.0,0.0
2017-07-05,31500.0,31950.0,30500.0,31500.0,31500.0,9490.0,0.0,0.0,0.0
2017-07-06,31000.0,31400.0,31000.0,31400.0,31400.0,2510.0,0.0,0.0,0.0
2017-07-07,31400.0,31800.0,31400.0,31800.0,31800.0,2820.0,0.0,0.0,0.0
2017-07-10,31700.0,31700.0,31000.0,31000.0,31000.0,7650.0,0.0,0.0,0.0
2017-07-11,30800.0,31950.0,30800.0,31750.0,31750.0,16340.0,0.0,0.0,0.0
2017-07-12,31000.0,31850.0,30900.0,31750.0,31750.0,1000.0,0.0,0.0,0.0
2017-07-13,31000.0,31600.0,31000.0,31600.0,31600.0,8940.0,0.0,0.0,0.0
2017-07-14,31000.0,32000.0,31000.0,31700.0,31700.0,11910.0,0.0,0.0,0.0
2017-07-17,32000.0,32300.0,31800.0,32300.0,32300.0,9270.0,0.0,0.0,0.0
2017-07-18,31700.0,32300.0,31700.0,32300.0,32300.0,1500.0,0.0,0.0,0.0
2017-07-19,32300.0,32300.0,31500.0,31500.0,31500.0,520.0,0.0,0.0,0.0
2017-07-20,31500.0,32500.0,31500.0,31500.0,31500.0,14720.0,0.0,0.0,0.0
2017-07-21,31850.0,31850.0,31850.0,31850.0,31850.0,10.0,0.0,0.0,0.0
2017-07-24,31500.0,31500.0,31500.0,31500.0,31500.0,7150.0,0.0,0.0,0.0
2017-07-25,31500.0,31500.0,31250.0,31250.0,31250.0,8450.0,0.0,0.0,0.0
2017-07-26,31500.0,31500.0,31300.0,31300.0,31300.0,5700.0,0.0,0.0,0.0
2017-07-27,31300.0,31400.0,31000.0,31000.0,31000.0,2120.0,0.0,0.0,0.0
2017-07-28,31500.0,31500.0,31000.0,31000.0,31000.0,7850.0,0.0,0.0,0.0
2017-07-31,31300.0,31300.0,31300.0,31300.0,31300.0,210.0,0.0,0.0,0.0
2017-08-01,31300.0,31500.0,31300.0,31500.0,31500.0,300.0,0.0,0.0,0.0
2017-08-02,31400.0,31400.0,31400.0,31400.0,31400.0,70.0,0.0,0.0,0.0
2017-08-03,31400.0,31400.0,31000.0,31100.0,31100.0,9770.0,0.0,0.0,0.0
2017-08-04,31000.0,31100.0,31000.0,31100.0,31100.0,1030.0,0.0,0.0,0.0
2017-08-07,31300.0,31300.0,30800.0,30800.0,30800.0,4820.0,0.0,0.0,0.0
2017-08-08,30800.0,30800.0,30700.0,30800.0,30800.0,6380.0,0.0,0.0,0.0
2017-08-09,30250.0,30800.0,30250.0,30800.0,30800.0,15140.0,0.0,0.0,0.0
2017-08-10,30800.0,30800.0,30500.0,30500.0,30500.0,5800.0,0.0,0.0,0.0
2017-08-11,30700.0,30800.0,30100.0,30100.0,30100.0,11950.0,0.0,0.0,0.0
2017-08-14,30650.0,30650.0,30100.0,30100.0,30100.0,5750.0,0.0,0.0,0.0
2017-08-15,30300.0,30500.0,30000.0,30100.0,30100.0,14890.0,0.0,0.0,0.0
2017-08-16,30100.0,31000.0,30000.0,30800.0,30800.0,13480.0,0.0,0.0,0.0
2017-08-17,30150.0,31000.0,29800.0,29800.0,29800.0,25530.0,0.0,0.0,0.0
2017-08-18,29800.0,29800.0,29700.0,29700.0,29700.0,16000.0,0.0,0.0,0.0
2017-08-21,29600.0,29600.0,29600.0,29600.0,29600.0,1300.0,0.0,0.0,0.0
2017-08-22,29050.0,29900.0,29050.0,29600.0,29600.0,6250.0,0.0,0.0,0.0
2017-08-23,29900.0,29900.0,29600.0,29600.0,29600.0,449000.0,0.0,0.0,0.0
2017-08-24,29700.0,29700.0,29600.0,29600.0,29600.0,247000.0,0.0,0.0,0.0
2017-08-25,29250.0,29800.0,29250.0,29800.0,29800.0,220.0,0.0,0.0,0.0
2017-08-28,29500.0,29800.0,29000.0,29800.0,29800.0,1330.0,0.0,0.0,0.0
2017-08-29,29700.0,29700.0,28900.0,29600.0,29600.0,6140.0,0.0,0.0,0.0
2017-08-30,29000.0,29200.0,29000.0,29000.0,29000.0,1740.0,0.0,0.0,0.0
2017-08-31,29000.0,29800.0,29000.0,29000.0,29000.0,8180.0,0.0,0.0,0.0
2017-09-01,29700.0,29700.0,29000.0,29700.0,29700.0,18220.0,0.0,0.0,0.0
2017-09-05,29700.0,29700.0,29500.0,29500.0,29500.0,810.0,0.0,0.0,0.0
2017-09-06,29500.0,30000.0,29000.0,29500.0,29500.0,12100.0,0.0,0.0,0.0
2017-09-07,29500.0,29500.0,28700.0,28850.0,28850.0,14210.0,0.0,0.0,0.0
2017-09-08,28850.0,28850.0,28200.0,28200.0,28200.0,23690.0,0.0,0.0,0.0
2017-09-11,28200.0,28500.0,28200.0,28450.0,28450.0,7750.0,0.0,0.0,0.0
2017-09-12,28500.0,28500.0,28000.0,28000.0,28000.0,27320.0,0.0,0.0,0.0
2017-09-13,28500.0,28500.0,28000.0,28250.0,28250.0,14620.0,0.0,0.0,0.0
2017-09-14,28000.0,28350.0,28000.0,28350.0,28350.0,18110.0,0.0,0.0,0.0
2017-09-15,28050.0,28050.0,27800.0,28000.0,28000.0,26720.0,0.0,0.0,0.0
2017-09-18,28000.0,28900.0,28000.0,28650.0,28650.0,8630.0,0.0,0.0,0.0
2017-09-19,28900.0,29000.0,28000.0,28000.0,28000.0,10720.0,0.0,0.0,0.0
2017-09-20,28000.0,28500.0,28000.0,28000.0,28000.0,16140.0,0.0,0.0,0.0
2017-09-21,28050.0,28400.0,27800.0,28000.0,28000.0,30380.0,0.0,0.0,0.0
2017-09-22,28000.0,28000.0,27700.0,27800.0,27800.0,11880.0,0.0,0.0,0.0
2017-09-25,27800.0,28000.0,27600.0,28000.0,28000.0,8860.0,0.0,0.0,0.0
2017-09-26,28000.0,29300.0,28000.0,29000.0,29000.0,68020.0,0.0,0.0,0.0
2017-09-27,29000.0,29000.0,28550.0,29000.0,29000.0,43470.0,0.0,0.0,0.0
2017-09-28,29000.0,29400.0,28500.0,29000.0,29000.0,58580.0,0.0,0.0,0.0
2017-09-29,28600.0,28600.0,28500.0,28500.0,28500.0,3400.0,0.0,0.0,0.0
2017-10-02,28500.0,28500.0,27500.0,28500.0,28500.0,14180.0,0.0,0.0,0.0
2017-10-03,28050.0,28600.0,27700.0,28450.0,28450.0,30710.0,0.0,0.0,0.0
2017-10-04,27750.0,28450.0,27650.0,27700.0,27700.0,11800.0,0.0,0.0,0.0
2017-10-05,28000.0,28500.0,28000.0,28500.0,28500.0,6460.0,0.0,0.0,0.0
2017-10-06,28000.0,28600.0,28000.0,28000.0,28000.0,21190.0,0.0,0.0,0.0
2017-10-09,28000.0,29000.0,28000.0,29000.0,29000.0,43530.0,0.0,0.0,0.0
2017-10-10,28200.0,28800.0,28000.0,28800.0,28800.0,9310.0,0.0,0.0,0.0
2017-10-11,28600.0,28600.0,28000.0,28400.0,28400.0,10310.0,0.0,0.0,0.0
2017-10-12,28100.0,28450.0,28100.0,28200.0,28200.0,9330.0,0.0,0.0,0.0
2017-10-13,28200.0,28600.0,28000.0,28600.0,28600.0,12370.0,0.0,0.0,0.0
2017-10-16,28600.0,28600.0,27700.0,28400.0,28400.0,45960.0,0.0,0.0,0.0
2017-10-17,28000.0,28000.0,27650.0,28000.0,28000.0,51360.0,0.0,0.0,0.0
2017-10-18,28000.0,28000.0,27900.0,28000.0,28000.0,32360.0,0.0,0.0,0.0
2017-10-19,28000.0,29000.0,28000.0,29000.0,29000.0,25090.0,0.0,0.0,0.0
2017-10-20,29000.0,29000.0,28300.0,28300.0,28300.0,3770.0,0.0,0.0,0.0
2017-10-23,28450.0,28950.0,28000.0,28200.0,28200.0,16900.0,0.0,0.0,0.0
2017-10-24,28000.0,28200.0,27800.0,28000.0,28000.0,10580.0,0.0,0.0,0.0
2017-10-25,28000.0,28250.0,27800.0,28150.0,28150.0,13040.0,0.0,0.0,0.0
2017-10-26,28000.0,28650.0,27000.0,28000.0,28000.0,6450.0,0.0,0.0,0.0
2017-10-27,28000.0,28800.0,27000.0,28650.0,28650.0,23960.0,0.0,0.0,0.0
2017-10-30,28000.0,28200.0,28000.0,28000.0,28000.0,10260.0,0.0,0.0,0.0
2017-10-31,27950.0,28000.0,27950.0,27950.0,27950.0,2510.0,0.0,0.0,0.0
2017-11-01,28100.0,28100.0,27950.0,28000.0,28000.0,3520.0,0.0,0.0,0.0
2017-11-02,27950.0,27950.0,27600.0,27700.0,27700.0,6250.0,0.0,0.0,0.0
2017-11-03,27600.0,27800.0,27600.0,27800.0,27800.0,8910.0,0.0,0.0,0.0
2017-11-06,29000.0,29000.0,27800.0,27800.0,27800.0,1070.0,0.0,0.0,0.0
2017-11-07,27800.0,28000.0,27500.0,27900.0,27900.0,11510.0,0.0,0.0,0.0
2017-11-08,27900.0,28000.0,27500.0,27900.0,27900.0,11450.0,0.0,0.0,0.0
2017-11-09,27800.0,28000.0,27500.0,27600.0,27600.0,6680.0,0.0,0.0,0.0
2017-11-10,27600.0,28000.0,27500.0,28000.0,28000.0,11050.0,0.0,0.0,0.0
2017-11-13,28000.0,28000.0,27250.0,27300.0,27300.0,35050.0,0.0,0.0,0.0
2017-11-14,27300.0,27900.0,27300.0,27900.0,27900.0,5420.0,0.0,0.0,0.0
2017-11-15,27700.0,28000.0,27400.0,27850.0,27850.0,20040.0,0.0,0.0,0.0
2017-11-16,27700.0,27700.0,27300.0,27700.0,27700.0,8870.0,0.0,0.0,0.0
2017-11-17,27600.0,28000.0,27550.0,27600.0,27600.0,10920.0,0.0,0.0,0.0
2017-11-20,27600.0,27900.0,27500.0,27600.0,27600.0,25150.0,0.0,0.0,0.0
2017-11-21,28000.0,28500.0,27950.0,28000.0,28000.0,9750.0,0.0,0.0,0.0
2017-11-22,28400.0,28400.0,27800.0,27800.0,27800.0,20380.0,0.0,0.0,0.0
2017-11-24,28400.0,28400.0,27500.0,27800.0,27800.0,19690.0,0.0,0.0,0.0
2017-11-27,28400.0,28400.0,28000.0,28000.0,28000.0,13630.0,0.0,0.0,0.0
2017-11-28,28400.0,28500.0,28000.0,28000.0,28000.0,21620.0,0.0,0.0,0.0
2017-11-29,28200.0,28500.0,27850.0,28400.0,28400.0,57220.0,0.0,0.0,0.0
2017-11-30,28550.0,29300.0,28450.0,29300.0,29300.0,18680.0,0.0,0.0,0.0
2017-12-01,29500.0,30000.0,29350.0,29350.0,29350.0,35480.0,0.0,0.0,0.0
2017-12-04,29350.0,29800.0,29000.0,29000.0,29000.0,32900.0,0.0,0.0,0.0
2017-12-05,28950.0,29000.0,28600.0,28600.0,28600.0,13640.0,0.0,0.0,0.0
2017-12-06,28500.0,29000.0,28000.0,28800.0,28800.0,35820.0,0.0,0.0,0.0
2017-12-07,28300.0,28950.0,28200.0,28350.0,28350.0,11440.0,0.0,0.0,0.0
2017-12-08,28900.0,28900.0,28150.0,28150.0,28150.0,9330.0,0.0,0.0,0.0
2017-12-11,28400.0,28600.0,28200.0,28500.0,28500.0,6180.0,0.0,0.0,0.0
2017-12-12,28500.0,29000.0,28300.0,29000.0,29000.0,14910.0,0.0,0.0,0.0
2017-12-13,29000.0,29000.0,28000.0,28800.0,28800.0,10880.0,0.0,0.0,0.0
2017-12-14,28150.0,28500.0,27800.0,28000.0,28000.0,36410.0,0.0,0.0,0.0
2017-12-15,28400.0,28400.0,28000.0,28400.0,28400.0,1170.0,0.0,0.0,0.0
2017-12-18,28000.0,28950.0,28000.0,28100.0,28100.0,16380.0,0.0,0.0,0.0
2017-12-19,28400.0,30050.0,28400.0,30050.0,30050.0,319450.0,0.0,0.0,0.0
2017-12-20,32000.0,32000.0,30800.0,31300.0,31300.0,368450.0,0.0,0.0,0.0
2017-12-21,31600.0,31800.0,31000.0,31600.0,31600.0,44280.0,0.0,0.0,0.0
2017-12-22,31600.0,31600.0,30000.0,30500.0,30500.0,60340.0,0.0,0.0,0.0
2017-12-26,30000.0,32100.0,30000.0,32000.0,32000.0,125870.0,0.0,0.0,0.0
2017-12-27,32900.0,33500.0,32200.0,32200.0,32200.0,98360.0,0.0,0.0,0.0
2017-12-28,32500.0,33300.0,31600.0,32850.0,32850.0,59680.0,0.0,0.0,0.0
2017-12-29,32850.0,32850.0,31600.0,31900.0,31900.0,75360.0,0.0,0.0,0.0
2018-01-02,32700.0,32700.0,31000.0,31250.0,31250.0,49780.0,0.0,0.0,0.0
2018-01-03,31100.0,32000.0,31000.0,32000.0,32000.0,70730.0,0.0,0.0,0.0
2018-01-04,32000.0,32000.0,31000.0,31000.0,31000.0,68600.0,0.0,0.0,0.0
2018-01-05,31300.0,31300.0,30700.0,30900.0,30900.0,34830.0,0.0,0.0,0.0
2018-01-08,31000.0,31000.0,30000.0,30200.0,30200.0,87360.0,0.0,0.0,0.0
2018-01-09,30200.0,31500.0,30100.0,31300.0,31300.0,53720.0,0.0,0.0,0.0
2018-01-10,31200.0,31800.0,31000.0,31100.0,31100.0,67870.0,0.0,0.0,0.0
2018-01-11,31100.0,31100.0,30700.0,30900.0,30900.0,59960.0,0.0,0.0,0.0
2018-01-12,30900.0,31400.0,30700.0,30800.0,30800.0,41650.0,0.0,0.0,0.0
2018-01-16,30500.0,30700.0,30400.0,30700.0,30700.0,52270.0,0.0,0.0,0.0
2018-01-17,30500.0,30500.0,30300.0,30350.0,30350.0,78520.0,0.0,0.0,0.0
2018-01-18,30000.0,30300.0,29500.0,29650.0,29650.0,63330.0,0.0,0.0,0.0
2018-01-19,30750.0,30750.0,30000.0,30200.0,30200.0,15400.0,0.0,0.0,0.0
2018-01-22,30200.0,30200.0,30200.0,30200.0,30200.0,0.0,0.0,0.0,0.0
2018-01-23,30200.0,30200.0,30200.0,30200.0,30200.0,0.0,0.0,0.0,0.0
2018-01-24,30200.0,30200.0,30200.0,30200.0,30200.0,0.0,0.0,0.0,0.0
2018-01-25,31000.0,33150.0,31000.0,32900.0,32900.0,359490.0,0.0,0.0,0.0
2018-01-26,32900.0,32900.0,32000.0,32200.0,32200.0,81990.0,0.0,0.0,0.0
2018-01-29,32200.0,32200.0,31550.0,32100.0,32100.0,113240.0,0.0,0.0,0.0
2018-01-30,31900.0,31900.0,31000.0,31200.0,31200.0,118610.0,0.0,0.0,0.0
2018-01-31,31200.0,32400.0,31200.0,31200.0,31200.0,69950.0,0.0,0.0,0.0
2018-02-01,31200.0,31200.0,30600.0,30700.0,30700.0,18860.0,0.0,0.0,0.0
2018-02-02,30700.0,31000.0,30200.0,30700.0,30700.0,17230.0,0.0,0.0,0.0
2018-02-05,30700.0,30700.0,29100.0,29100.0,29100.0,47270.0,0.0,0.0,0.0
2018-02-06,29000.0,30200.0,27100.0,30200.0,30200.0,75120.0,0.0,0.0,0.0
2018-02-07,30200.0,30900.0,28800.0,30000.0,30000.0,10280.0,0.0,0.0,0.0
2018-02-08,30000.0,30400.0,28600.0,28900.0,28900.0,45660.0,0.0,0.0,0.0
2018-02-09,28700.0,29400.0,28500.0,29000.0,29000.0,25320.0,0.0,0.0,0.0
2018-02-12,30500.0,30950.0,29000.0,29000.0,29000.0,20810.0,0.0,0.0,0.0
2018-02-13,30500.0,30500.0,29000.0,30400.0,30400.0,11970.0,0.0,0.0,0.0
2018-02-14,30400.0,30400.0,30400.0,30400.0,30400.0,0.0,0.0,0.0,0.0
2018-02-15,30400.0,30400.0,30400.0,30400.0,30400.0,0.0,0.0,0.0,0.0
2018-02-16,30400.0,30400.0,30400.0,30400.0,30400.0,0.0,0.0,0.0,0.0
2018-02-20,30400.0,30400.0,30400.0,30400.0,30400.0,0.0,0.0,0.0,0.0
2018-02-21,30400.0,32000.0,30400.0,30500.0,30500.0,4120.0,0.0,0.0,0.0
2018-02-22,30500.0,30500.0,29050.0,30000.0,30000.0,38690.0,0.0,0.0,0.0
2018-02-23,30000.0,30450.0,29500.0,30150.0,30150.0,29850.0,0.0,0.0,0.0
2018-02-26,29600.0,30300.0,29600.0,29600.0,29600.0,34810.0,0.0,0.0,0.0
2018-02-27,30200.0,30400.0,29700.0,30400.0,30400.0,33210.0,0.0,0.0,0.0
2018-02-28,30400.0,30400.0,30400.0,30400.0,30400.0,0.0,0.0,0.0,0.0
2018-03-01,29800.0,30000.0,29500.0,30000.0,30000.0,40420.0,0.0,0.0,0.0
2018-03-02,30000.0,30450.0,29400.0,30000.0,30000.0,13650.0,0.0,0.0,0.0
2018-03-05,29800.0,30300.0,29800.0,30200.0,30200.0,48730.0,0.0,0.0,0.0
2018-03-06,30350.0,30400.0,29900.0,30400.0,30400.0,63630.0,0.0,0.0,0.0
2018-03-07,30400.0,30800.0,30400.0,30800.0,30800.0,66340.0,0.0,0.0,0.0
2018-03-08,30800.0,30850.0,30400.0,30750.0,30750.0,15590.0,0.0,0.0,0.0
2018-03-09,30750.0,30850.0,28600.0,30800.0,30800.0,63350.0,0.0,0.0,0.0
2018-03-12,30500.0,31000.0,28650.0,30800.0,30800.0,70880.0,0.0,0.0,0.0
2018-03-13,30800.0,30800.0,30800.0,30800.0,30800.0,13260.0,0.0,0.0,0.0
2018-03-14,30700.0,30700.0,30100.0,30100.0,30100.0,37460.0,0.0,0.0,0.0
2018-03-15,30200.0,32000.0,28200.0,29700.0,29700.0,32890.0,0.0,0.0,0.0
2018-03-16,30000.0,30000.0,29500.0,29800.0,29800.0,24370.0,0.0,0.0,0.0
2018-03-19,30150.0,30150.0,29800.0,29800.0,29800.0,21530.0,0.0,0.0,0.0
2018-03-20,29800.0,29800.0,29100.0,29800.0,29800.0,14270.0,0.0,0.0,0.0
2018-03-21,29800.0,30000.0,29600.0,30000.0,30000.0,11620.0,0.0,0.0,0.0
2018-03-22,30000.0,30500.0,29800.0,29900.0,29900.0,23640.0,0.0,0.0,0.0
2018-03-23,29700.0,29700.0,28100.0,28500.0,28500.0,71980.0,0.0,0.0,0.0
2018-03-26,29600.0,29600.0,28600.0,28600.0,28600.0,15920.0,0.0,0.0,0.0
2018-03-27,28700.0,28800.0,28700.0,28800.0,28800.0,20640.0,0.0,0.0,0.0
2018-03-28,28800.0,29000.0,28500.0,28500.0,28500.0,16610.0,0.0,0.0,0.0
2018-03-29,28500.0,28800.0,28300.0,28800.0,28800.0,11840.0,0.0,0.0,0.0
2018-04-02,28700.0,28700.0,28500.0,28700.0,28700.0,22300.0,0.0,0.0,0.0
2018-04-03,28800.0,28800.0,28600.0,28700.0,28700.0,16560.0,0.0,0.0,0.0
2018-04-04,28850.0,30700.0,28850.0,30700.0,30700.0,164980.0,0.0,0.0,0.0
2018-04-05,31100.0,31400.0,29500.0,30000.0,30000.0,18400.0,0.0,0.0,0.0
2018-04-06,30000.0,30300.0,29600.0,30000.0,30000.0,26840.0,0.0,0.0,0.0
2018-04-09,29700.0,29800.0,29650.0,29800.0,29800.0,26460.0,0.0,0.0,0.0
2018-04-10,29650.0,29850.0,29400.0,29800.0,29800.0,11620.0,0.0,0.0,0.0
2018-04-11,29500.0,30000.0,29200.0,29700.0,29700.0,31490.0,0.0,0.0,0.0
2018-04-12,29600.0,29700.0,29300.0,29500.0,29500.0,19600.0,0.0,0.0,0.0
2018-04-13,29500.0,29500.0,29000.0,29200.0,29200.0,30240.0,0.0,0.0,0.0
2018-04-16,29100.0,29500.0,29000.0,29350.0,29350.0,72980.0,0.0,0.0,0.0
2018-04-17,29950.0,29950.0,29200.0,29800.0,29800.0,540.0,0.0,0.0,0.0
2018-04-18,30400.0,30400.0,29200.0,29700.0,29700.0,13940.0,0.0,0.0,0.0
2018-04-19,29950.0,29950.0,29100.0,29100.0,29100.0,58380.0,0.0,0.0,0.0
2018-04-20,28500.0,29400.0,28500.0,28600.0,28600.0,6190.0,0.0,0.0,0.0
2018-04-23,28500.0,28500.0,28000.0,28300.0,28300.0,12260.0,0.0,0.0,0.0
2018-04-24,28000.0,28500.0,27800.0,28000.0,28000.0,28350.0,0.0,0.0,0.0
2018-04-25,28000.0,28000.0,28000.0,28000.0,28000.0,0.0,0.0,0.0,0.0
2018-04-26,28000.0,29800.0,26600.0,26600.0,26600.0,21550.0,0.0,0.0,0.0
2018-04-27,28250.0,28250.0,27500.0,28150.0,28150.0,3150.0,0.0,0.0,0.0
2018-04-30,28150.0,28150.0,28150.0,28150.0,28150.0,0.0,0.0,0.0,0.0
2018-05-01,28150.0,28150.0,28150.0,28150.0,28150.0,0.0,0.0,0.0,0.0
2018-05-02,28200.0,28800.0,27500.0,28700.0,28700.0,2580.0,0.0,0.0,0.0
2018-05-03,28700.0,28700.0,28000.0,28600.0,28600.0,3070.0,0.0,0.0,0.0
2018-05-04,29900.0,29900.0,28700.0,29000.0,29000.0,800.0,0.0,0.0,0.0
2018-05-07,28700.0,28700.0,28300.0,28700.0,28700.0,2530.0,0.0,0.0,0.0
2018-05-08,28300.0,28500.0,28200.0,28200.0,28200.0,2520.0,0.0,0.0,0.0
2018-05-09,28200.0,29200.0,28200.0,28900.0,28900.0,12430.0,0.0,0.0,0.0
2018-05-10,28900.0,29900.0,28500.0,28500.0,28500.0,17960.0,0.0,0.0,0.0
2018-05-11,28700.0,28900.0,28100.0,28650.0,28650.0,12760.0,0.0,0.0,0.0
2018-05-14,28650.0,28650.0,28500.0,28500.0,28500.0,2800.0,0.0,0.0,0.0
2018-05-15,28800.0,28800.0,28500.0,28600.0,28600.0,1770.0,0.0,0.0,0.0
2018-05-16,28600.0,28600.0,28500.0,28600.0,28600.0,3560.0,0.0,0.0,0.0
2018-05-17,28500.0,28600.0,28000.0,28000.0,28000.0,2440.0,0.0,0.0,0.0
2018-05-18,28000.0,28200.0,27750.0,28000.0,28000.0,3520.0,0.0,0.0,0.0
2018-05-21,28000.0,28950.0,27800.0,28500.0,28500.0,6240.0,0.0,0.0,0.0
2018-05-22,28000.0,28500.0,28000.0,28200.0,28200.0,3860.0,0.0,0.0,0.0
2018-05-23,28000.0,28600.0,28000.0,28400.0,28400.0,22290.0,0.0,0.0,0.0
2018-05-24,28100.0,28300.0,28100.0,28300.0,28300.0,5510.0,0.0,0.0,0.0
2018-05-25,28100.0,28400.0,28000.0,28000.0,28000.0,5560.0,0.0,0.0,0.0
2018-05-29,28300.0,28300.0,28000.0,28300.0,28300.0,15370.0,0.0,0.0,0.0
2018-05-30,28000.0,28300.0,28000.0,28300.0,28300.0,15240.0,0.0,0.0,0.0
2018-05-31,28150.0,28200.0,28000.0,28100.0,28100.0,17150.0,0.0,0.0,0.0
2018-06-01,28600.0,28600.0,28000.0,28150.0,28150.0,13350.0,0.0,0.0,0.0
2018-06-04,28250.0,28250.0,28000.0,28200.0,28200.0,9850.0,0.0,0.0,0.0
2018-06-05,28200.0,28200.0,27900.0,27900.0,27900.0,16680.0,0.0,0.0,0.0
2018-06-06,28000.0,28000.0,27800.0,28000.0,28000.0,4760.0,0.0,0.0,0.0
2018-06-07,28000.0,28000.0,27850.0,28000.0,28000.0,6240.0,0.0,0.0,0.0
2018-06-08,28000.0,28000.0,27950.0,28000.0,28000.0,3310.0,0.0,0.0,0.0
2018-06-11,28500.0,29000.0,27900.0,28000.0,28000.0,1340.0,0.0,0.0,0.0
2018-06-12,28500.0,28800.0,27900.0,28000.0,28000.0,4250.0,0.0,0.0,0.0
2018-06-13,27900.0,28000.0,27900.0,28000.0,28000.0,600.0,0.0,0.0,0.0
2018-06-14,28000.0,28000.0,27900.0,28000.0,28000.0,10310.0,0.0,0.0,0.0
2018-06-15,28000.0,28000.0,27900.0,27900.0,27900.0,6870.0,0.0,0.0,0.0
2018-06-18,28000.0,28000.0,27900.0,27900.0,27900.0,16000.0,0.0,0.0,0.0
2018-06-19,28000.0,28000.0,27500.0,27500.0,27500.0,7950.0,0.0,0.0,0.0
2018-06-20,27500.0,28000.0,27500.0,28000.0,28000.0,680.0,0.0,0.0,0.0
2018-06-21,28000.0,28000.0,28000.0,28000.0,28000.0,10.0,0.0,0.0,0.0
2018-06-22,27300.0,28000.0,27200.0,28000.0,28000.0,1920.0,0.0,0.0,0.0
2018-06-25,27500.0,27900.0,27300.0,27900.0,27900.0,6040.0,0.0,0.0,0.0
2018-06-26,27900.0,27900.0,27900.0,27900.0,27900.0,3080.0,0.0,0.0,0.0
2018-06-27,27900.0,27900.0,27850.0,27900.0,27900.0,3560.0,0.0,0.0,0.0
2018-06-28,27900.0,28000.0,27300.0,28000.0,28000.0,7490.0,0.0,0.0,0.0
2018-06-29,27850.0,27850.0,27500.0,27800.0,27800.0,3130.0,0.0,0.0,0.0
2018-07-02,27500.0,28500.0,27500.0,28500.0,28500.0,7810.0,0.0,0.0,0.0
2018-07-03,28300.0,28300.0,27500.0,28150.0,28150.0,6380.0,0.0,0.0,0.0
2018-07-05,28000.0,28400.0,27000.0,27900.0,27900.0,11830.0,0.0,0.0,0.0
2018-07-06,27100.0,27850.0,27100.0,27800.0,27800.0,4530.0,0.0,0.0,0.0
2018-07-09,27800.0,27900.0,27800.0,27800.0,27800.0,5670.0,0.0,0.0,0.0
2018-07-10,27800.0,28500.0,27800.0,28100.0,28100.0,7960.0,0.0,0.0,0.0
2018-07-11,27800.0,28000.0,26200.0,27800.0,27800.0,22760.0,0.0,0.0,0.0
2018-07-12,27500.0,27800.0,27500.0,27800.0,27800.0,3450.0,0.0,0.0,0.0
2018-07-13,27500.0,27800.0,27300.0,27700.0,27700.0,8460.0,0.0,0.0,0.0
2018-07-16,28800.0,28800.0,27600.0,27600.0,27600.0,12750.0,0.0,0.0,0.0
2018-07-17,27600.0,28000.0,27000.0,28000.0,28000.0,4950.0,0.0,0.0,0.0
2018-07-18,28200.0,28200.0,27200.0,27900.0,27900.0,1480.0,0.0,0.0,0.0
2018-07-19,28000.0,28500.0,26900.0,27000.0,27000.0,86020.0,0.0,0.0,0.0
2018-07-20,27000.0,27800.0,27000.0,27350.0,27350.0,5420.0,0.0,0.0,0.0
2018-07-23,28000.0,28000.0,26400.0,27000.0,27000.0,12290.0,0.0,0.0,0.0
2018-07-24,27000.0,27000.0,27000.0,27000.0,27000.0,0.0,0.0,0.0,0.0
2018-07-25,27600.0,27600.0,27500.0,27500.0,27500.0,1810.0,0.0,0.0,0.0
2018-07-26,27500.0,27500.0,27450.0,27450.0,27450.0,950.0,0.0,0.0,0.0
2018-07-27,27000.0,27450.0,26550.0,27400.0,27400.0,8470.0,0.0,0.0,0.0
2018-07-30,27000.0,27000.0,26450.0,26900.0,26900.0,26560.0,0.0,0.0,0.0
2018-07-31,26900.0,26900.0,26800.0,26800.0,26800.0,2450.0,0.0,0.0,0.0
2018-08-01,26800.0,27100.0,26800.0,27100.0,27100.0,6080.0,0.0,0.0,0.0
2018-08-02,27200.0,27200.0,26800.0,27000.0,27000.0,2110.0,0.0,0.0,0.0
2018-08-03,26800.0,27000.0,26800.0,27000.0,27000.0,860.0,0.0,0.0,0.0
2018-08-06,28000.0,28000.0,26000.0,27000.0,27000.0,31500.0,0.0,0.0,0.0
2018-08-07,26900.0,26900.0,26000.0,26900.0,26900.0,9270.0,0.0,0.0,0.0
2018-08-08,26500.0,26900.0,26500.0,26900.0,26900.0,11530.0,0.0,0.0,0.0
2018-08-09,26800.0,26800.0,26550.0,26700.0,26700.0,4320.0,0.0,0.0,0.0
2018-08-10,26800.0,26800.0,26600.0,26800.0,26800.0,4690.0,0.0,0.0,0.0
2018-08-13,26800.0,27000.0,26500.0,26800.0,26800.0,11070.0,0.0,0.0,0.0
2018-08-14,26800.0,26800.0,26700.0,26700.0,26700.0,3940.0,0.0,0.0,0.0
2018-08-15,26800.0,26800.0,26500.0,26700.0,26700.0,3610.0,0.0,0.0,0.0
2018-08-16,26700.0,26700.0,26600.0,26700.0,26700.0,9370.0,0.0,0.0,0.0
2018-08-17,26700.0,26700.0,26500.0,26650.0,26650.0,17550.0,0.0,0.0,0.0
2018-08-20,26600.0,26650.0,26500.0,26500.0,26500.0,16680.0,0.0,0.0,0.0
2018-08-21,26500.0,26950.0,26500.0,26900.0,26900.0,6200.0,0.0,0.0,0.0
2018-08-22,26900.0,27000.0,26600.0,27000.0,27000.0,5800.0,0.0,0.0,0.0
2018-08-23,26900.0,27200.0,26700.0,26700.0,26700.0,24190.0,0.0,0.0,0.0
2018-08-24,26900.0,27200.0,26900.0,27200.0,27200.0,4040.0,0.0,0.0,0.0
2018-08-27,27500.0,27500.0,27100.0,27200.0,27200.0,5070.0,0.0,0.0,0.0
2018-08-28,27200.0,27350.0,27000.0,27350.0,27350.0,14660.0,0.0,0.0,0.0
2018-08-29,27400.0,27400.0,27000.0,27100.0,27100.0,16550.0,0.0,0.0,0.0
2018-08-30,27000.0,27000.0,27000.0,27000.0,27000.0,24900.0,0.0,0.0,0.0
2018-08-31,27000.0,27000.0,26900.0,27000.0,27000.0,18970.0,0.0,0.0,0.0
2018-09-04,27000.0,27000.0,26900.0,26900.0,26900.0,35850.0,0.0,0.0,0.0
2018-09-05,27000.0,27000.0,26900.0,27000.0,27000.0,10460.0,0.0,0.0,0.0
2018-09-06,27000.0,27000.0,26900.0,27000.0,27000.0,25560.0,0.0,0.0,0.0
2018-09-07,27000.0,27000.0,26500.0,26900.0,26900.0,7510.0,0.0,0.0,0.0
2018-09-10,26900.0,27000.0,26900.0,26900.0,26900.0,3760.0,0.0,0.0,0.0
2018-09-11,27000.0,27000.0,26900.0,26900.0,26900.0,4100.0,0.0,0.0,0.0
2018-09-12,26900.0,26900.0,26450.0,26600.0,26600.0,12260.0,0.0,0.0,0.0
2018-09-13,26500.0,26550.0,26450.0,26550.0,26550.0,9510.0,0.0,0.0,0.0
2018-09-14,26600.0,26600.0,26450.0,26550.0,26550.0,8530.0,0.0,0.0,0.0
2018-09-17,26450.0,26500.0,26400.0,26450.0,26450.0,11590.0,0.0,0.0,0.0
2018-09-18,26450.0,26500.0,26450.0,26450.0,26450.0,8400.0,0.0,0.0,0.0
2018-09-19,26850.0,26850.0,26450.0,26450.0,26450.0,16870.0,0.0,0.0,0.0
2018-09-20,26450.0,26500.0,26450.0,26500.0,26500.0,34280.0,0.0,0.0,0.0
2018-09-21,26500.0,27000.0,26300.0,26450.0,26450.0,13500.0,0.0,0.0,0.0
2018-09-24,26450.0,26500.0,26300.0,26400.0,26400.0,21130.0,0.0,0.0,0.0
2018-09-25,26350.0,26400.0,26300.0,26300.0,26300.0,102310.0,0.0,0.0,0.0
2018-09-26,26350.0,27000.0,26300.0,27000.0,27000.0,28120.0,0.0,0.0,0.0
2018-09-27,27000.0,27000.0,26950.0,27000.0,27000.0,260.0,0.0,0.0,0.0
2018-09-28,26900.0,26900.0,26600.0,26600.0,26600.0,16620.0,0.0,0.0,0.0
2018-10-01,26850.0,26850.0,26550.0,26600.0,26600.0,55210.0,0.0,0.0,0.0
2018-10-02,26900.0,27200.0,26600.0,27000.0,27000.0,125880.0,0.0,0.0,0.0
2018-10-03,27000.0,27100.0,26950.0,27050.0,27050.0,79200.0,0.0,0.0,0.0
2018-10-04,27200.0,27800.0,27200.0,27800.0,27800.0,19470.0,0.0,0.0,0.0
2018-10-05,27350.0,27800.0,27200.0,27500.0,27500.0,52960.0,0.0,0.0,0.0
2018-10-08,27500.0,27500.0,26900.0,27000.0,27000.0,32550.0,0.0,0.0,0.0
2018-10-09,27000.0,27200.0,26900.0,26900.0,26900.0,55090.0,0.0,0.0,0.0
2018-10-10,27000.0,27150.0,27000.0,27000.0,27000.0,26910.0,0.0,0.0,0.0
2018-10-11,26900.0,26900.0,26000.0,26250.0,26250.0,35960.0,0.0,0.0,0.0
2018-10-12,26200.0,27000.0,26200.0,27000.0,27000.0,14730.0,0.0,0.0,0.0
2018-10-15,27500.0,27650.0,27300.0,27400.0,27400.0,61930.0,0.0,0.0,0.0
2018-10-16,27400.0,27400.0,27300.0,27400.0,27400.0,12570.0,0.0,0.0,0.0
2018-10-17,27400.0,27550.0,27100.0,27500.0,27500.0,39210.0,0.0,0.0,0.0
2018-10-18,27400.0,27500.0,27200.0,27200.0,27200.0,10190.0,0.0,0.0,0.0
2018-10-19,27200.0,27400.0,27200.0,27300.0,27300.0,8960.0,0.0,0.0,0.0
2018-10-22,27300.0,27350.0,27000.0,27000.0,27000.0,15560.0,0.0,0.0,0.0
2018-10-23,27200.0,27200.0,26850.0,27200.0,27200.0,18250.0,0.0,0.0,0.0
2018-10-24,27000.0,27150.0,26950.0,27150.0,27150.0,26420.0,0.0,0.0,0.0
2018-10-25,27000.0,27000.0,26500.0,26550.0,26550.0,12830.0,0.0,0.0,0.0
2018-10-26,26900.0,26900.0,26700.0,26900.0,26900.0,8290.0,0.0,0.0,0.0
2018-10-29,26900.0,26900.0,26800.0,26800.0,26800.0,1280.0,0.0,0.0,0.0
2018-10-30,26700.0,26950.0,26700.0,26950.0,26950.0,5310.0,0.0,0.0,0.0
2018-10-31,26950.0,26950.0,26950.0,26950.0,26950.0,1050.0,0.0,0.0,0.0
2018-11-01,27000.0,28800.0,26950.0,27000.0,27000.0,2380.0,0.0,0.0,0.0
2018-11-02,27000.0,27450.0,27000.0,27450.0,27450.0,2010.0,0.0,0.0,0.0
2018-11-05,27450.0,27450.0,27100.0,27200.0,27200.0,3270.0,0.0,0.0,0.0
2018-11-06,27300.0,27300.0,26600.0,27300.0,27300.0,24370.0,0.0,0.0,0.0
2018-11-07,27100.0,27100.0,27000.0,27100.0,27100.0,13240.0,0.0,0.0,0.0
2018-11-08,27100.0,27100.0,26900.0,27000.0,27000.0,13210.0,0.0,0.0,0.0
2018-11-09,27000.0,27000.0,26500.0,27000.0,27000.0,34740.0,0.0,0.0,0.0
2018-11-12,26950.0,26950.0,26600.0,26950.0,26950.0,1350.0,0.0,0.0,0.0
2018-11-13,26950.0,26950.0,26600.0,26900.0,26900.0,6470.0,0.0,0.0,0.0
2018-11-14,26600.0,26900.0,26600.0,26900.0,26900.0,14200.0,0.0,0.0,0.0
2018-11-15,26850.0,26850.0,26850.0,26850.0,26850.0,2490.0,0.0,0.0,0.0
2018-11-16,26850.0,26850.0,26500.0,26850.0,26850.0,22880.0,0.0,0.0,0.0
2018-11-19,26600.0,26750.0,26500.0,26750.0,26750.0,23600.0,0.0,0.0,0.0
2018-11-20,26750.0,26750.0,26750.0,26750.0,26750.0,4380.0,0.0,0.0,0.0
2018-11-21,26750.0,26750.0,26500.0,26750.0,26750.0,25470.0,0.0,0.0,0.0
2018-11-23,26650.0,26700.0,26000.0,26500.0,26500.0,23160.0,0.0,0.0,0.0
2018-11-26,26800.0,26800.0,26100.0,26700.0,26700.0,12500.0,0.0,0.0,0.0
2018-11-27,26550.0,26850.0,26500.0,26850.0,26850.0,4330.0,0.0,0.0,0.0
2018-11-28,26600.0,26600.0,25800.0,26300.0,26300.0,22210.0,0.0,0.0,0.0
2018-11-29,26300.0,26950.0,26100.0,26950.0,26950.0,3340.0,0.0,0.0,0.0
2018-11-30,26300.0,26800.0,26100.0,26700.0,26700.0,6060.0,0.0,0.0,0.0
2018-12-03,26050.0,26500.0,25500.0,26000.0,26000.0,76450.0,0.0,0.0,0.0
2018-12-04,26000.0,26000.0,25900.0,25900.0,25900.0,41310.0,0.0,0.0,0.0
2018-12-06,26000.0,26200.0,25800.0,26000.0,26000.0,13000.0,0.0,0.0,0.0
2018-12-07,25950.0,26750.0,25700.0,25800.0,25800.0,14110.0,0.0,0.0,0.0
2018-12-10,25800.0,26000.0,25800.0,25950.0,25950.0,10210.0,0.0,0.0,0.0
2018-12-11,25900.0,25950.0,25850.0,25950.0,25950.0,3880.0,0.0,0.0,0.0
2018-12-12,25950.0,25950.0,25950.0,25950.0,25950.0,0.0,0.0,0.0,0.0
2018-12-13,26200.0,26200.0,25950.0,26000.0,26000.0,18350.0,0.0,0.0,0.0
2018-12-14,26000.0,26000.0,25800.0,26000.0,26000.0,40220.0,0.0,0.0,0.0
2018-12-17,25800.0,25850.0,25800.0,25800.0,25800.0,5080.0,0.0,0.0,0.0
2018-12-18,25800.0,26000.0,25500.0,26000.0,26000.0,10300.0,0.0,0.0,0.0
2018-12-19,25600.0,25900.0,25550.0,25900.0,25900.0,7550.0,0.0,0.0,0.0
2018-12-20,25800.0,25900.0,25600.0,25900.0,25900.0,4590.0,0.0,0.0,0.0
2018-12-21,25900.0,25900.0,25700.0,25900.0,25900.0,27930.0,0.0,0.0,0.0
2018-12-24,25900.0,26250.0,25800.0,26250.0,26250.0,17420.0,0.0,0.0,0.0
2018-12-26,25800.0,25850.0,25800.0,25850.0,25850.0,1860.0,0.0,0.0,0.0
2018-12-27,25800.0,25900.0,25600.0,25900.0,25900.0,12970.0,0.0,0.0,0.0
2018-12-28,25900.0,26000.0,25600.0,26000.0,26000.0,5110.0,0.0,0.0,0.0
2018-12-31,26000.0,26000.0,26000.0,26000.0,26000.0,0.0,0.0,0.0,0.0
2019-01-02,25900.0,26000.0,25850.0,26000.0,26000.0,12110.0,0.0,0.0,0.0
2019-01-03,25750.0,26000.0,25750.0,26000.0,26000.0,15610.0,0.0,0.0,0.0
2019-01-04,26000.0,26050.0,25500.0,26050.0,26050.0,80640.0,0.0,0.0,0.0
2019-01-07,26050.0,26050.0,25650.0,26000.0,26000.0,420.0,0.0,0.0,0.0
2019-01-08,26000.0,26050.0,25800.0,26050.0,26050.0,2800.0,0.0,0.0,0.0
2019-01-09,26000.0,26000.0,25600.0,26000.0,26000.0,3630.0,0.0,0.0,0.0
2019-01-10,26000.0,26000.0,25950.0,26000.0,26000.0,5680.0,0.0,0.0,0.0
2019-01-11,25950.0,26000.0,25800.0,26000.0,26000.0,6600.0,0.0,0.0,0.0
2019-01-14,26000.0,26000.0,25900.0,26000.0,26000.0,4190.0,0.0,0.0,0.0
2019-01-15,26000.0,26000.0,25950.0,26000.0,26000.0,8660.0,0.0,0.0,0.0
2019-01-16,26100.0,27150.0,25850.0,26000.0,26000.0,5280.0,0.0,0.0,0.0
2019-01-17,25800.0,26000.0,25800.0,26000.0,26000.0,16860.0,0.0,0.0,0.0
2019-01-18,26000.0,26000.0,25900.0,25900.0,25900.0,5360.0,0.0,0.0,0.0
2019-01-22,26000.0,26000.0,25900.0,26000.0,26000.0,7610.0,0.0,0.0,0.0
2019-01-23,26000.0,26000.0,25950.0,25950.0,25950.0,3390.0,0.0,0.0,0.0
2019-01-24,25950.0,25950.0,25900.0,25950.0,25950.0,10680.0,0.0,0.0,0.0
2019-01-25,25900.0,25950.0,25800.0,25950.0,25950.0,7870.0,0.0,0.0,0.0
2019-01-28,25950.0,25950.0,25900.0,25900.0,25900.0,19990.0,0.0,0.0,0.0
2019-01-29,26000.0,26000.0,25800.0,25950.0,25950.0,7310.0,0.0,0.0,0.0
2019-01-30,26000.0,26000.0,25800.0,25850.0,25850.0,7160.0,0.0,0.0,0.0
2019-01-31,26000.0,26000.0,25800.0,26000.0,26000.0,57910.0,0.0,0.0,0.0
2019-02-01,25950.0,26000.0,25900.0,26000.0,26000.0,29720.0,0.0,0.0,0.0
2019-02-04,26000.0,26000.0,26000.0,26000.0,26000.0,0.0,0.0,0.0,0.0
2019-02-05,26000.0,26000.0,26000.0,26000.0,26000.0,0.0,0.0,0.0,0.0
2019-02-06,26000.0,26000.0,26000.0,26000.0,26000.0,0.0,0.0,0.0,0.0
2019-02-07,26000.0,26000.0,26000.0,26000.0,26000.0,0.0,0.0,0.0,0.0
2019-02-08,26000.0,26000.0,26000.0,26000.0,26000.0,0.0,0.0,0.0,0.0
2019-02-11,26000.0,26000.0,25950.0,26000.0,26000.0,31100.0,0.0,0.0,0.0
2019-02-12,26000.0,26000.0,25900.0,26000.0,26000.0,68360.0,0.0,0.0,0.0
2019-02-13,26000.0,26000.0,25950.0,26000.0,26000.0,64440.0,0.0,0.0,0.0
2019-02-14,26000.0,26000.0,25950.0,25950.0,25950.0,27070.0,0.0,0.0,0.0
2019-02-15,26000.0,26000.0,25900.0,25950.0,25950.0,9050.0,0.0,0.0,0.0
2019-02-19,26650.0,26700.0,26100.0,26200.0,26200.0,21590.0,0.0,0.0,0.0
2019-02-20,26450.0,26450.0,26100.0,26100.0,26100.0,18090.0,0.0,0.0,0.0
2019-02-21,26500.0,26700.0,26150.0,26400.0,26400.0,60800.0,0.0,0.0,0.0
2019-02-22,26300.0,26300.0,26100.0,26250.0,26250.0,26320.0,0.0,0.0,0.0
2019-02-25,26250.0,26900.0,26250.0,26500.0,26500.0,26700.0,0.0,0.0,0.0
2019-02-26,26350.0,26600.0,26200.0,26500.0,26500.0,21050.0,0.0,0.0,0.0
2019-02-27,26850.0,26850.0,26350.0,26650.0,26650.0,3530.0,0.0,0.0,0.0
2019-02-28,26350.0,27000.0,26300.0,26650.0,26650.0,13060.0,0.0,0.0,0.0
2019-03-01,26500.0,26500.0,26200.0,26200.0,26200.0,41480.0,0.0,0.0,0.0
2019-03-04,26200.0,26350.0,26200.0,26250.0,26250.0,36360.0,0.0,0.0,0.0
2019-03-05,26250.0,26450.0,26250.0,26250.0,26250.0,32160.0,0.0,0.0,0.0
2019-03-06,26300.0,26500.0,26300.0,26400.0,26400.0,21680.0,0.0,0.0,0.0
2019-03-07,26300.0,26450.0,26300.0,26400.0,26400.0,30930.0,0.0,0.0,0.0
2019-03-08,26400.0,26400.0,26400.0,26400.0,26400.0,0.0,0.0,0.0,0.0
2019-03-11,26950.0,26950.0,26500.0,26500.0,26500.0,19400.0,0.0,0.0,0.0
2019-03-12,26500.0,26700.0,26450.0,26650.0,26650.0,22400.0,0.0,0.0,0.0
2019-03-13,26500.0,27400.0,26500.0,27000.0,27000.0,54480.0,0.0,0.0,0.0
2019-03-14,27250.0,27300.0,27000.0,27100.0,27100.0,25830.0,0.0,0.0,0.0
2019-03-15,27000.0,27300.0,26700.0,26700.0,26700.0,16170.0,0.0,0.0,0.0
2019-03-18,27150.0,27200.0,26700.0,27000.0,27000.0,25270.0,0.0,0.0,0.0
2019-03-19,27000.0,27000.0,26700.0,26900.0,26900.0,46180.0,0.0,0.0,0.0
2019-03-20,26850.0,26900.0,26700.0,26800.0,26800.0,39100.0,0.0,0.0,0.0
2019-03-21,26750.0,26850.0,26600.0,26650.0,26650.0,18790.0,0.0,0.0,0.0
2019-03-22,26700.0,26950.0,26700.0,26900.0,26900.0,16630.0,0.0,0.0,0.0
2019-03-25,26750.0,26800.0,26600.0,26700.0,26700.0,15100.0,0.0,0.0,0.0
2019-03-26,27000.0,27000.0,26550.0,26650.0,26650.0,13350.0,0.0,0.0,0.0
2019-03-27,26800.0,26800.0,26500.0,26500.0,26500.0,6700.0,0.0,0.0,0.0
2019-03-28,26600.0,26850.0,26600.0,26850.0,26850.0,1040.0,0.0,0.0,0.0
2019-03-29,26750.0,26750.0,26500.0,26750.0,26750.0,3110.0,0.0,0.0,0.0
2019-04-01,26500.0,26850.0,26400.0,26700.0,26700.0,71470.0,0.0,0.0,0.0
2019-04-02,26500.0,26700.0,26400.0,26700.0,26700.0,16030.0,0.0,0.0,0.0
2019-04-03,26600.0,26700.0,26500.0,26700.0,26700.0,1370.0,0.0,0.0,0.0
2019-04-04,26700.0,26700.0,26250.0,26350.0,26350.0,55480.0,0.0,0.0,0.0
2019-04-05,26350.0,26350.0,26250.0,26350.0,26350.0,8360.0,0.0,0.0,0.0
2019-04-08,26350.0,26350.0,26250.0,26300.0,26300.0,33650.0,0.0,0.0,0.0
2019-04-09,26300.0,26400.0,26200.0,26200.0,26200.0,20800.0,0.0,0.0,0.0
2019-04-10,26250.0,26250.0,26050.0,26250.0,26250.0,28110.0,0.0,0.0,0.0
2019-04-11,26150.0,26200.0,26100.0,26200.0,26200.0,25460.0,0.0,0.0,0.0
2019-04-12,26200.0,26250.0,26200.0,26250.0,26250.0,7420.0,0.0,0.0,0.0
2019-04-15,26250.0,26250.0,26250.0,26250.0,26250.0,0.0,0.0,0.0,0.0
2019-04-16,26200.0,26250.0,26200.0,26250.0,26250.0,4700.0,0.0,0.0,0.0
2019-04-17,26250.0,26250.0,26200.0,26250.0,26250.0,35540.0,0.0,0.0,0.0
2019-04-18,26100.0,26500.0,26100.0,26200.0,26200.0,2770.0,0.0,0.0,0.0
2019-04-22,26300.0,26900.0,26300.0,26300.0,26300.0,13570.0,0.0,0.0,0.0
2019-04-23,26300.0,26300.0,26200.0,26250.0,26250.0,6100.0,0.0,0.0,0.0
2019-04-24,26200.0,26250.0,26200.0,26250.0,26250.0,26320.0,0.0,0.0,0.0
2019-04-25,26250.0,26650.0,26250.0,26250.0,26250.0,26040.0,0.0,0.0,0.0
2019-04-26,26250.0,26250.0,26200.0,26250.0,26250.0,30000.0,0.0,0.0,0.0
2019-04-29,26250.0,26250.0,26250.0,26250.0,26250.0,0.0,0.0,0.0,0.0
2019-04-30,26250.0,26250.0,26250.0,26250.0,26250.0,0.0,0.0,0.0,0.0
2019-05-01,26250.0,26250.0,26250.0,26250.0,26250.0,0.0,0.0,0.0,0.0
2019-05-02,26250.0,26250.0,26200.0,26250.0,26250.0,16530.0,0.0,0.0,0.0
2019-05-03,26250.0,26250.0,26000.0,26000.0,26000.0,135380.0,0.0,0.0,0.0
2019-05-06,26000.0,26750.0,26000.0,26450.0,26450.0,35630.0,0.0,0.0,0.0
2019-05-07,26250.0,26250.0,26150.0,26250.0,26250.0,40320.0,0.0,0.0,0.0
2019-05-08,26000.0,26250.0,26000.0,26250.0,26250.0,80990.0,0.0,0.0,0.0
2019-05-09,26200.0,26250.0,26200.0,26250.0,26250.0,83610.0,0.0,0.0,0.0
2019-05-10,26200.0,26250.0,26150.0,26200.0,26200.0,28720.0,0.0,0.0,0.0
2019-05-13,26200.0,26250.0,26200.0,26200.0,26200.0,38660.0,0.0,0.0,0.0
2019-05-14,26200.0,26250.0,26200.0,26200.0,26200.0,70570.0,0.0,0.0,0.0
2019-05-15,26250.0,26250.0,26200.0,26250.0,26250.0,56440.0,0.0,0.0,0.0
2019-05-16,26250.0,26250.0,25900.0,26250.0,26250.0,115580.0,0.0,0.0,0.0
2019-05-17,26200.0,26250.0,26150.0,26250.0,26250.0,32470.0,0.0,0.0,0.0
2019-05-20,26250.0,26300.0,26200.0,26250.0,26250.0,68430.0,0.0,0.0,0.0
2019-05-21,26300.0,26600.0,26250.0,26600.0,26600.0,107000.0,0.0,0.0,0.0
2019-05-22,26700.0,27000.0,26700.0,27000.0,27000.0,79190.0,0.0,0.0,0.0
2019-05-23,27000.0,27000.0,26700.0,26900.0,26900.0,84010.0,0.0,0.0,0.0
2019-05-24,25000.0,25000.0,24100.0,24200.0,24200.0,30850.0,0.0,0.0,0.0
2019-05-28,23800.0,23800.0,23300.0,23300.0,23300.0,38120.0,0.0,0.0,0.0
2019-05-29,23300.0,24750.0,23100.0,23400.0,23400.0,21940.0,0.0,0.0,0.0
2019-05-30,23500.0,24500.0,23200.0,23200.0,23200.0,26910.0,0.0,0.0,0.0
2019-05-31,23200.0,23900.0,23200.0,23200.0,23200.0,32030.0,0.0,0.0,0.0
2019-06-03,23200.0,23400.0,22100.0,22100.0,22100.0,61760.0,0.0,0.0,0.0
2019-06-04,22100.0,22800.0,22100.0,22700.0,22700.0,12080.0,0.0,0.0,0.0
2019-06-05,22700.0,22700.0,22450.0,22550.0,22550.0,33480.0,0.0,0.0,0.0
2019-06-06,22700.0,22700.0,22300.0,22450.0,22450.0,15120.0,0.0,0.0,0.0
2019-06-07,23000.0,23700.0,22400.0,22500.0,22500.0,4530.0,0.0,0.0,0.0
2019-06-10,22600.0,22750.0,22500.0,22650.0,22650.0,37090.0,0.0,0.0,0.0
2019-06-11,22650.0,23700.0,22500.0,22550.0,22550.0,45890.0,0.0,0.0,0.0
2019-06-12,22600.0,22650.0,22550.0,22600.0,22600.0,11040.0,0.0,0.0,0.0
2019-06-13,22600.0,22900.0,22550.0,22900.0,22900.0,31570.0,0.0,0.0,0.0
2019-06-14,22600.0,22850.0,22600.0,22800.0,22800.0,8800.0,0.0,0.0,0.0
2019-06-17,22750.0,22800.0,22600.0,22800.0,22800.0,17720.0,0.0,0.0,0.0
2019-06-18,23750.0,23750.0,22650.0,22750.0,22750.0,16920.0,0.0,0.0,0.0
2019-06-19,22700.0,22800.0,22600.0,22750.0,22750.0,19550.0,0.0,0.0,0.0
2019-06-20,22800.0,22800.0,22600.0,22700.0,22700.0,12650.0,0.0,0.0,0.0
2019-06-21,22800.0,22800.0,22550.0,22600.0,22600.0,21630.0,0.0,0.0,0.0
2019-06-24,22600.0,22700.0,22600.0,22700.0,22700.0,15090.0,0.0,0.0,0.0
2019-06-25,22700.0,23850.0,22700.0,22800.0,22800.0,20930.0,0.0,0.0,0.0
2019-06-26,22900.0,22950.0,22700.0,22700.0,22700.0,14490.0,0.0,0.0,0.0
2019-06-27,22700.0,22900.0,22700.0,22900.0,22900.0,8830.0,0.0,0.0,0.0
2019-06-28,22900.0,23000.0,22800.0,22900.0,22900.0,17200.0,0.0,0.0,0.0
2019-07-01,22800.0,23000.0,22800.0,22850.0,22850.0,8410.0,0.0,0.0,0.0
2019-07-02,22850.0,22900.0,22850.0,22850.0,22850.0,34820.0,0.0,0.0,0.0
2019-07-03,22900.0,23000.0,22850.0,23000.0,23000.0,24630.0,0.0,0.0,0.0
2019-07-05,23000.0,23000.0,23000.0,23000.0,23000.0,3360.0,0.0,0.0,0.0
2019-07-08,23050.0,23050.0,22950.0,22950.0,22950.0,14950.0,0.0,0.0,0.0
2019-07-09,23000.0,23100.0,23000.0,23100.0,23100.0,3370.0,0.0,0.0,0.0
2019-07-10,23800.0,23800.0,23250.0,23550.0,23550.0,22100.0,0.0,0.0,0.0
2019-07-11,23550.0,23700.0,23550.0,23700.0,23700.0,10230.0,0.0,0.0,0.0
2019-07-12,23850.0,23850.0,23700.0,23700.0,23700.0,37240.0,0.0,0.0,0.0
2019-07-15,23700.0,23700.0,23500.0,23550.0,23550.0,25220.0,0.0,0.0,0.0
2019-07-16,23550.0,24700.0,23550.0,24500.0,24500.0,153830.0,0.0,0.0,0.0
2019-07-17,24000.0,24500.0,24000.0,24400.0,24400.0,2660.0,0.0,0.0,0.0
2019-07-18,24400.0,24400.0,24000.0,24400.0,24400.0,5120.0,0.0,0.0,0.0
2019-07-19,24000.0,24300.0,23700.0,24000.0,24000.0,45340.0,0.0,0.0,0.0
2019-07-22,23800.0,24400.0,23700.0,24150.0,24150.0,30050.0,0.0,0.0,0.0
2019-07-23,24150.0,24150.0,24000.0,24000.0,24000.0,39840.0,0.0,0.0,0.0
2019-07-24,24000.0,24000.0,23700.0,23700.0,23700.0,15990.0,0.0,0.0,0.0
2019-07-25,23700.0,23700.0,23700.0,23700.0,23700.0,0.0,0.0,0.0,0.0
2019-07-26,23700.0,23700.0,23700.0,23700.0,23700.0,0.0,0.0,0.0,0.0
2019-07-29,23700.0,23700.0,23700.0,23700.0,23700.0,0.0,0.0,0.0,0.0
2019-07-30,23700.0,23700.0,23700.0,23700.0,23700.0,0.0,0.0,0.0,0.0
2019-07-31,23500.0,23600.0,23100.0,23500.0,23500.0,11140.0,0.0,0.0,0.0
2019-08-01,23500.0,23600.0,23500.0,23500.0,23500.0,800.0,0.0,0.0,0.0
2019-08-02,23100.0,23950.0,23000.0,23900.0,23900.0,2370.0,0.0,0.0,0.0
2019-08-05,23950.0,23950.0,23450.0,23800.0,23800.0,1560.0,0.0,0.0,0.0
2019-08-06,23800.0,23800.0,23800.0,23800.0,23800.0,0.0,0.0,0.0,0.0
2019-08-07,22800.0,23200.0,22600.0,22800.0,22800.0,8760.0,0.0,0.0,0.0
2019-08-08,23500.0,23500.0,22750.0,23200.0,23200.0,6630.0,0.0,0.0,0.0
2019-08-09,23000.0,23100.0,22900.0,23000.0,23000.0,14400.0,0.0,0.0,0.0
2019-08-12,23000.0,23000.0,22900.0,23000.0,23000.0,3740.0,0.0,0.0,0.0
2019-08-13,23000.0,23500.0,22950.0,23000.0,23000.0,8520.0,0.0,0.0,0.0
2019-08-14,23500.0,23500.0,22700.0,22800.0,22800.0,8480.0,0.0,0.0,0.0
2019-08-15,22900.0,23000.0,22400.0,23000.0,23000.0,10830.0,0.0,0.0,0.0
2019-08-16,23300.0,23300.0,22000.0,23000.0,23000.0,47410.0,0.0,0.0,0.0
2019-08-19,22800.0,23000.0,22300.0,23000.0,23000.0,6480.0,0.0,0.0,0.0
2019-08-20,22900.0,22900.0,22700.0,22900.0,22900.0,24730.0,0.0,0.0,0.0
2019-08-21,22700.0,23000.0,22650.0,22700.0,22700.0,37670.0,0.0,0.0,0.0
2019-08-22,22600.0,23200.0,22600.0,22700.0,22700.0,10100.0,0.0,0.0,0.0
2019-08-23,22750.0,22850.0,22700.0,22700.0,22700.0,21440.0,0.0,0.0,0.0
2019-08-26,22700.0,23000.0,22650.0,23000.0,23000.0,30200.0,0.0,0.0,0.0
2019-08-27,22900.0,23100.0,22900.0,22900.0,22900.0,27720.0,0.0,0.0,0.0
2019-08-28,23050.0,23050.0,22950.0,22950.0,22950.0,1020.0,0.0,0.0,0.0
2019-08-29,22950.0,23000.0,22950.0,22950.0,22950.0,3730.0,0.0,0.0,0.0
2019-08-30,23000.0,23050.0,22700.0,22800.0,22800.0,6230.0,0.0,0.0,0.0
2019-09-03,22850.0,23050.0,22800.0,22800.0,22800.0,930.0,0.0,0.0,0.0
2019-09-04,22750.0,22950.0,22750.0,22950.0,22950.0,8310.0,0.0,0.0,0.0
2019-09-05,22950.0,23050.0,22800.0,22950.0,22950.0,10510.0,0.0,0.0,0.0
2019-09-06,22900.0,22900.0,22850.0,22900.0,22900.0,13590.0,0.0,0.0,0.0
2019-09-09,22900.0,22900.0,22800.0,22800.0,22800.0,9730.0,0.0,0.0,0.0
2019-09-10,22800.0,22900.0,22800.0,22900.0,22900.0,8470.0,0.0,0.0,0.0
2019-09-11,22800.0,22900.0,22750.0,22750.0,22750.0,7500.0,0.0,0.0,0.0
2019-09-12,23050.0,23050.0,22750.0,22850.0,22850.0,33060.0,0.0,0.0,0.0
2019-09-13,22750.0,22800.0,22650.0,22800.0,22800.0,12600.0,0.0,0.0,0.0
2019-09-16,22800.0,22900.0,22700.0,22900.0,22900.0,9730.0,0.0,0.0,0.0
2019-09-17,22900.0,22900.0,22750.0,22800.0,22800.0,23630.0,0.0,0.0,0.0
2019-09-18,23000.0,23500.0,22850.0,22850.0,22850.0,8700.0,0.0,0.0,0.0
2019-09-19,22850.0,23400.0,22850.0,23000.0,23000.0,17420.0,0.0,0.0,0.0
2019-09-20,23000.0,23200.0,22900.0,22900.0,22900.0,31060.0,0.0,0.0,0.0
2019-09-23,23200.0,23200.0,23000.0,23100.0,23100.0,36870.0,0.0,0.0,0.0
2019-09-24,23100.0,23100.0,23050.0,23100.0,23100.0,35300.0,0.0,0.0,0.0
2019-09-25,23100.0,23400.0,23050.0,23100.0,23100.0,60480.0,0.0,0.0,0.0
2019-09-26,23150.0,23150.0,23100.0,23150.0,23150.0,6950.0,0.0,0.0,0.0
2019-09-27,23200.0,23200.0,23100.0,23150.0,23150.0,10850.0,0.0,0.0,0.0
2019-09-30,23150.0,23150.0,23100.0,23150.0,23150.0,6470.0,0.0,0.0,0.0
2019-10-01,23100.0,23150.0,23100.0,23150.0,23150.0,9650.0,0.0,0.0,0.0
2019-10-02,23200.0,23200.0,23100.0,23100.0,23100.0,12860.0,0.0,0.0,0.0
2019-10-03,23100.0,23100.0,23000.0,23000.0,23000.0,16000.0,0.0,0.0,0.0
2019-10-04,23050.0,23100.0,23000.0,23100.0,23100.0,3510.0,0.0,0.0,0.0
2019-10-07,23050.0,23150.0,23050.0,23050.0,23050.0,4260.0,0.0,0.0,0.0
2019-10-08,23050.0,23100.0,23050.0,23050.0,23050.0,7320.0,0.0,0.0,0.0
2019-10-09,23050.0,23100.0,23000.0,23050.0,23050.0,32040.0,0.0,0.0,0.0
2019-10-10,23100.0,23200.0,23050.0,23100.0,23100.0,36650.0,0.0,0.0,0.0
2019-10-11,23200.0,23200.0,23100.0,23200.0,23200.0,7430.0,0.0,0.0,0.0
2019-10-14,23600.0,23900.0,23100.0,23200.0,23200.0,11150.0,0.0,0.0,0.0
2019-10-15,23200.0,23250.0,23150.0,23200.0,23200.0,37290.0,0.0,0.0,0.0
2019-10-16,23200.0,23400.0,23100.0,23100.0,23100.0,62340.0,0.0,0.0,0.0
2019-10-17,23100.0,23300.0,23050.0,23100.0,23100.0,25800.0,0.0,0.0,0.0
2019-10-18,23100.0,23300.0,22950.0,23000.0,23000.0,34210.0,0.0,0.0,0.0
2019-10-21,23300.0,23300.0,23000.0,23050.0,23050.0,46280.0,0.0,0.0,0.0
2019-10-22,23050.0,23050.0,23000.0,23050.0,23050.0,18510.0,0.0,0.0,0.0
2019-10-23,23050.0,23100.0,23050.0,23050.0,23050.0,4360.0,0.0,0.0,0.0
2019-10-24,23050.0,23100.0,23000.0,23100.0,23100.0,6710.0,0.0,0.0,0.0
2019-10-25,23050.0,23900.0,23000.0,23000.0,23000.0,9180.0,0.0,0.0,0.0
2019-10-28,23300.0,23300.0,23000.0,23050.0,23050.0,34550.0,0.0,0.0,0.0
2019-10-29,23300.0,23300.0,23000.0,23050.0,23050.0,10080.0,0.0,0.0,0.0
2019-10-30,23050.0,23050.0,23000.0,23000.0,23000.0,11030.0,0.0,0.0,0.0
2019-10-31,23000.0,23100.0,22950.0,23050.0,23050.0,6130.0,0.0,0.0,0.0
2019-11-01,23000.0,23050.0,22800.0,22950.0,22950.0,13840.0,0.0,0.0,0.0
2019-11-04,22800.0,23000.0,22800.0,22950.0,22950.0,13240.0,0.0,0.0,0.0
2019-11-05,22950.0,23000.0,22850.0,23000.0,23000.0,8520.0,0.0,0.0,0.0
2019-11-06,23000.0,23050.0,23000.0,23000.0,23000.0,10900.0,0.0,0.0,0.0
2019-11-07,23000.0,23100.0,22950.0,23000.0,23000.0,11040.0,0.0,0.0,0.0
2019-11-08,23000.0,23000.0,22950.0,23000.0,23000.0,3240.0,0.0,0.0,0.0
2019-11-11,23000.0,23050.0,22950.0,22950.0,22950.0,9720.0,0.0,0.0,0.0
2019-11-12,23000.0,23200.0,22950.0,23000.0,23000.0,19910.0,0.0,0.0,0.0
2019-11-13,23000.0,23100.0,23000.0,23000.0,23000.0,14880.0,0.0,0.0,0.0
2019-11-14,23000.0,23000.0,23000.0,23000.0,23000.0,4530.0,0.0,0.0,0.0
2019-11-15,23100.0,23100.0,23000.0,23000.0,23000.0,5150.0,0.0,0.0,0.0
2019-11-18,23000.0,23000.0,22300.0,23000.0,23000.0,6900.0,0.0,0.0,0.0
2019-11-19,23000.0,23000.0,22950.0,22950.0,22950.0,1480.0,0.0,0.0,0.0
2019-11-20,22950.0,22950.0,22950.0,22950.0,22950.0,6670.0,0.0,0.0,0.0
2019-11-21,22950.0,22950.0,22900.0,22900.0,22900.0,12810.0,0.0,0.0,0.0
2019-11-22,23000.0,23000.0,22900.0,22900.0,22900.0,3820.0,0.0,0.0,0.0
2019-11-25,22900.0,22900.0,22900.0,22900.0,22900.0,7170.0,0.0,0.0,0.0
2019-11-26,23000.0,23100.0,23000.0,23000.0,23000.0,16790.0,0.0,0.0,0.0
2019-11-27,23000.0,23300.0,23000.0,23300.0,23300.0,28970.0,0.0,0.0,0.0
2019-11-29,23250.0,23250.0,23100.0,23150.0,23150.0,6160.0,0.0,0.0,0.0
2019-12-02,23250.0,23800.0,23000.0,23000.0,23000.0,12840.0,0.0,0.0,0.0
2019-12-06,23050.0,23050.0,23000.0,23000.0,23000.0,1710.0,0.0,0.0,0.0
2019-12-09,23000.0,23000.0,23000.0,23000.0,23000.0,6000.0,0.0,0.0,0.0
2019-12-10,23000.0,23100.0,23000.0,23000.0,23000.0,7690.0,0.0,0.0,0.0
2019-12-11,23100.0,23150.0,23000.0,23050.0,23050.0,35710.0,0.0,0.0,0.0
2019-12-12,23050.0,23300.0,23050.0,23300.0,23300.0,6630.0,0.0,0.0,0.0
2019-12-13,23300.0,23350.0,23300.0,23350.0,23350.0,42320.0,0.0,0.0,0.0
2019-12-16,23200.0,23400.0,23200.0,23400.0,23400.0,9760.0,0.0,0.0,0.0
2019-12-17,23400.0,23400.0,23350.0,23350.0,23350.0,11530.0,0.0,0.0,0.0
2019-12-18,23400.0,23400.0,23350.0,23350.0,23350.0,5730.0,0.0,0.0,0.0
2019-12-19,23350.0,23350.0,23350.0,23350.0,23350.0,10.0,0.0,0.0,0.0
2019-12-20,23400.0,23400.0,23250.0,23250.0,23250.0,1350.0,0.0,0.0,0.0
2019-12-23,23300.0,23350.0,23250.0,23250.0,23250.0,8480.0,0.0,0.0,0.0
2019-12-24,23250.0,24450.0,23250.0,24000.0,24000.0,5620.0,0.0,0.0,0.0
2019-12-26,23550.0,23950.0,23550.0,23950.0,23950.0,130.0,0.0,0.0,0.0
2019-12-27,23550.0,23900.0,23550.0,23900.0,23900.0,130.0,0.0,0.0,0.0
2019-12-30,23900.0,24400.0,23400.0,24400.0,24400.0,27770.0,0.0,0.0,0.0
2019-12-31,24400.0,25000.0,23800.0,25000.0,25000.0,63350.0,0.0,0.0,0.0
2020-01-02,24600.0,24850.0,24600.0,24800.0,24800.0,15590.0,0.0,0.0,0.0
2020-01-03,24650.0,24750.0,24600.0,24600.0,24600.0,21080.0,0.0,0.0,0.0
2020-01-06,25000.0,25000.0,24500.0,24500.0,24500.0,9610.0,0.0,0.0,0.0
2020-01-07,24900.0,24900.0,24900.0,24900.0,24900.0,1580.0,0.0,0.0,0.0
2020-01-08,24900.0,24900.0,23950.0,24900.0,24900.0,8080.0,0.0,0.0,0.0
2020-01-09,24500.0,24600.0,24500.0,24600.0,24600.0,6600.0,0.0,0.0,0.0
2020-01-10,26200.0,26200.0,24500.0,24800.0,24800.0,11900.0,0.0,0.0,0.0
2020-01-13,24500.0,24500.0,23700.0,24500.0,24500.0,7940.0,0.0,0.0,0.0
2020-01-14,24000.0,25500.0,24000.0,24900.0,24900.0,3780.0,0.0,0.0,0.0
2020-01-15,24500.0,24500.0,24500.0,24500.0,24500.0,1050.0,0.0,0.0,0.0
2020-01-16,24950.0,24950.0,24700.0,24700.0,24700.0,40.0,0.0,0.0,0.0
2020-01-17,23950.0,24950.0,23700.0,23700.0,23700.0,14580.0,0.0,0.0,0.0
2020-01-21,24500.0,24600.0,24500.0,24500.0,24500.0,570.0,0.0,0.0,0.0
2020-01-22,24900.0,24950.0,24300.0,24300.0,24300.0,8850.0,0.0,0.0,0.0
2020-01-23,24300.0,24300.0,24300.0,24300.0,24300.0,0.0,0.0,0.0,0.0
2020-01-24,24300.0,24300.0,24300.0,24300.0,24300.0,0.0,0.0,0.0,0.0
2020-01-27,24300.0,24300.0,24300.0,24300.0,24300.0,0.0,0.0,0.0,0.0
2020-01-28,24300.0,24300.0,24300.0,24300.0,24300.0,0.0,0.0,0.0,0.0
2020-01-29,24300.0,24300.0,24300.0,24300.0,24300.0,0.0,0.0,0.0,0.0
2020-01-30,24300.0,24500.0,23800.0,24300.0,24300.0,18650.0,0.0,0.0,0.0
2020-01-31,23800.0,24000.0,23700.0,24000.0,24000.0,22500.0,0.0,0.0,0.0
2020-02-03,23800.0,23800.0,23000.0,23600.0,23600.0,32770.0,0.0,0.0,0.0
2020-02-04,23600.0,23700.0,23600.0,23600.0,23600.0,18920.0,0.0,0.0,0.0
2020-02-05,23400.0,23400.0,22600.0,22600.0,22600.0,10490.0,0.0,0.0,0.0
2020-02-06,23000.0,23200.0,23000.0,23000.0,23000.0,5120.0,0.0,0.0,0.0
2020-02-07,23000.0,23300.0,23000.0,23100.0,23100.0,14460.0,0.0,0.0,0.0
2020-02-10,23100.0,23100.0,23100.0,23100.0,23100.0,14390.0,0.0,0.0,0.0
2020-02-11,23100.0,23200.0,23000.0,23200.0,23200.0,10500.0,0.0,0.0,0.0
2020-02-12,23000.0,23200.0,23000.0,23000.0,23000.0,13640.0,0.0,0.0,0.0
2020-02-13,23000.0,23000.0,23000.0,23000.0,23000.0,10170.0,0.0,0.0,0.0
2020-02-14,23000.0,23000.0,23000.0,23000.0,23000.0,7360.0,0.0,0.0,0.0
2020-02-18,23000.0,23000.0,23000.0,23000.0,23000.0,6780.0,0.0,0.0,0.0
2020-02-19,23000.0,23000.0,22950.0,23000.0,23000.0,3160.0,0.0,0.0,0.0
2020-02-20,23000.0,23000.0,22950.0,22950.0,22950.0,4780.0,0.0,0.0,0.0
2020-02-21,23000.0,23000.0,22950.0,22950.0,22950.0,2550.0,0.0,0.0,0.0
2020-02-24,22950.0,22950.0,22750.0,22850.0,22850.0,8830.0,0.0,0.0,0.0
2020-02-25,22800.0,22900.0,22750.0,22900.0,22900.0,22870.0,0.0,0.0,0.0
2020-02-26,22850.0,22850.0,22750.0,22850.0,22850.0,18650.0,0.0,0.0,0.0
2020-02-27,22850.0,22850.0,22850.0,22850.0,22850.0,1650.0,0.0,0.0,0.0
2020-02-28,22850.0,22850.0,22700.0,22850.0,22850.0,12240.0,0.0,0.0,0.0
2020-03-02,22700.0,23000.0,22700.0,22750.0,22750.0,12570.0,0.0,0.0,0.0
2020-03-03,22750.0,22950.0,22750.0,22800.0,22800.0,4340.0,0.0,0.0,0.0
2020-03-04,22750.0,22950.0,22750.0,22950.0,22950.0,1690.0,0.0,0.0,0.0
2020-03-05,22800.0,22950.0,22750.0,22950.0,22950.0,4480.0,0.0,0.0,0.0
2020-03-06,23000.0,23000.0,22800.0,22950.0,22950.0,12040.0,0.0,0.0,0.0
2020-03-09,22850.0,22850.0,22600.0,22750.0,22750.0,42570.0,0.0,0.0,0.0
2020-03-10,22700.0,22700.0,22450.0,22450.0,22450.0,29880.0,0.0,0.0,0.0
2020-03-11,22500.0,22500.0,22400.0,22400.0,22400.0,18490.0,0.0,0.0,0.0
2020-03-12,22400.0,22400.0,21050.0,21050.0,21050.0,13870.0,0.0,0.0,0.0
2020-03-13,21050.0,21050.0,20700.0,20700.0,20700.0,21970.0,0.0,0.0,0.0
2020-03-16,20700.0,20700.0,20650.0,20650.0,20650.0,14380.0,0.0,0.0,0.0
2020-03-17,20600.0,20600.0,20550.0,20600.0,20600.0,11410.0,0.0,0.0,0.0
2020-03-18,20650.0,21200.0,20550.0,20600.0,20600.0,10400.0,0.0,0.0,0.0
2020-03-19,20550.0,21000.0,20500.0,20600.0,20600.0,17850.0,0.0,0.0,0.0
2020-03-20,20500.0,21000.0,20500.0,21000.0,21000.0,15490.0,0.0,0.0,0.0
2020-03-23,20750.0,20750.0,20100.0,20100.0,20100.0,11380.0,0.0,0.0,0.0
2020-03-24,20000.0,20000.0,19900.0,20000.0,20000.0,14420.0,0.0,0.0,0.0
2020-03-25,20000.0,20100.0,20000.0,20000.0,20000.0,23680.0,0.0,0.0,0.0
2020-03-26,20000.0,20000.0,20000.0,20000.0,20000.0,17710.0,0.0,0.0,0.0
2020-03-27,20000.0,20000.0,19900.0,20000.0,20000.0,10450.0,0.0,0.0,0.0
2020-03-30,19900.0,19900.0,19400.0,19500.0,19500.0,16280.0,0.0,0.0,0.0
2020-03-31,19550.0,19950.0,19200.0,19200.0,19200.0,24040.0,0.0,0.0,0.0
2020-04-01,19250.0,19300.0,19000.0,19100.0,19100.0,15870.0,0.0,0.0,0.0
2020-04-02,19100.0,19100.0,19100.0,19100.0,19100.0,0.0,0.0,0.0,0.0
2020-04-03,19200.0,19250.0,19150.0,19250.0,19250.0,1340.0,0.0,0.0,0.0
2020-04-06,19850.0,20000.0,19450.0,19700.0,19700.0,14900.0,0.0,0.0,0.0
2020-04-07,19900.0,20000.0,19750.0,19750.0,19750.0,18130.0,0.0,0.0,0.0
2020-04-08,19750.0,19900.0,19700.0,19700.0,19700.0,12610.0,0.0,0.0,0.0
2020-04-09,19900.0,20000.0,19750.0,20000.0,20000.0,44000.0,0.0,0.0,0.0
2020-04-13,20000.0,20500.0,19950.0,20000.0,20000.0,19140.0,0.0,0.0,0.0
2020-04-14,20000.0,20900.0,20000.0,20000.0,20000.0,11560.0,0.0,0.0,0.0
2020-04-15,20000.0,20500.0,20000.0,20500.0,20500.0,27000.0,0.0,0.0,0.0
2020-04-16,20800.0,21000.0,20400.0,20400.0,20400.0,3890.0,0.0,0.0,0.0
2020-04-17,20400.0,20800.0,20400.0,20700.0,20700.0,9310.0,0.0,0.0,0.0
2020-04-20,21000.0,21800.0,20700.0,21800.0,21800.0,22560.0,0.0,0.0,0.0
2020-04-21,21800.0,21800.0,20900.0,20900.0,20900.0,13450.0,0.0,0.0,0.0
2020-04-22,20900.0,21150.0,20800.0,21000.0,21000.0,13180.0,0.0,0.0,0.0
2020-04-23,21000.0,21500.0,20800.0,20800.0,20800.0,54370.0,0.0,0.0,0.0
2020-04-24,21000.0,21000.0,20800.0,21000.0,21000.0,25320.0,0.0,0.0,0.0
2020-04-27,20850.0,21000.0,20800.0,20800.0,20800.0,24280.0,0.0,0.0,0.0
2020-04-28,20850.0,20850.0,20800.0,20800.0,20800.0,10790.0,0.0,0.0,0.0
2020-04-29,20850.0,20850.0,20750.0,20800.0,20800.0,24310.0,0.0,0.0,0.0
2020-04-30,20800.0,20800.0,20800.0,20800.0,20800.0,0.0,0.0,0.0,0.0
2020-05-01,20800.0,20800.0,20800.0,20800.0,20800.0,0.0,0.0,0.0,0.0
2020-05-04,20800.0,20850.0,20700.0,20800.0,20800.0,11800.0,0.0,0.0,0.0
2020-05-05,20800.0,20850.0,20800.0,20800.0,20800.0,25620.0,0.0,0.0,0.0
2020-05-06,20800.0,21000.0,20800.0,20800.0,20800.0,13520.0,0.0,0.0,0.0
2020-05-07,20900.0,21300.0,20900.0,21300.0,21300.0,570.0,0.0,0.0,0.0
2020-05-08,20900.0,20900.0,20550.0,20850.0,20850.0,64570.0,0.0,0.0,0.0
2020-05-11,20750.0,20850.0,20750.0,20850.0,20850.0,11550.0,0.0,0.0,0.0
2020-05-12,20850.0,20850.0,20750.0,20850.0,20850.0,42670.0,0.0,0.0,0.0
2020-05-13,20850.0,21300.0,20800.0,20850.0,20850.0,25030.0,0.0,0.0,0.0
2020-05-14,20850.0,20850.0,20800.0,20800.0,20800.0,29770.0,0.0,0.0,0.0
2020-05-15,20800.0,20800.0,20800.0,20800.0,20800.0,0.0,0.0,0.0,0.0
2020-05-18,20800.0,20800.0,20800.0,20800.0,20800.0,0.0,0.0,0.0,0.0
2020-05-19,20900.0,20900.0,20550.0,20900.0,20900.0,17280.0,0.0,0.0,0.0
2020-05-20,20900.0,20900.0,20900.0,20900.0,20900.0,0.0,0.0,0.0,0.0
2020-05-21,20750.0,21000.0,20750.0,20750.0,20750.0,27490.0,0.0,0.0,0.0
2020-05-22,20700.0,20750.0,20400.0,20750.0,20750.0,16690.0,0.0,0.0,0.0
2020-05-26,20800.0,21000.0,20750.0,21000.0,21000.0,24630.0,0.0,0.0,0.0
2020-05-27,21050.0,21400.0,20700.0,21000.0,21000.0,40760.0,0.0,0.0,0.0
2020-05-28,21000.0,22000.0,21000.0,21500.0,21500.0,95090.0,0.0,0.0,0.0
2020-05-29,21500.0,22000.0,21000.0,21900.0,21900.0,60450.0,0.0,0.0,0.0
2020-06-01,21900.0,21900.0,21500.0,21600.0,21600.0,19510.0,0.0,0.0,0.0
2020-06-02,21550.0,21700.0,21000.0,21150.0,21150.0,64250.0,0.0,0.0,0.0
2020-06-03,21200.0,21550.0,21000.0,21550.0,21550.0,60130.0,0.0,0.0,0.0
2020-06-04,21550.0,21550.0,21000.0,21350.0,21350.0,14820.0,0.0,0.0,0.0
2020-06-05,21300.0,21350.0,21000.0,21300.0,21300.0,9040.0,0.0,0.0,0.0
2020-06-08,21300.0,21300.0,21300.0,21300.0,21300.0,0.0,0.0,0.0,0.0
2020-06-09,21300.0,21300.0,21300.0,21300.0,21300.0,0.0,0.0,0.0,0.0
2020-06-10,21050.0,21250.0,20900.0,21150.0,21150.0,62390.0,0.0,0.0,0.0
2020-06-11,20950.0,21300.0,20850.0,20850.0,20850.0,229850.0,0.0,0.0,0.0
2020-06-12,20800.0,20850.0,20400.0,20850.0,20850.0,12970.0,0.0,0.0,0.0
2020-06-15,20800.0,20800.0,20450.0,20450.0,20450.0,30250.0,0.0,0.0,0.0
2020-06-16,20450.0,20700.0,20450.0,20700.0,20700.0,18050.0,0.0,0.0,0.0
2020-06-17,20700.0,20700.0,20650.0,20700.0,20700.0,10160.0,0.0,0.0,0.0
2020-06-18,20600.0,20700.0,20600.0,20700.0,20700.0,28850.0,0.0,0.0,0.0
2020-06-19,20700.0,20900.0,20700.0,20800.0,20800.0,6610.0,0.0,0.0,0.0
2020-06-22,20800.0,20800.0,20500.0,20550.0,20550.0,50900.0,0.0,0.0,0.0
2020-06-23,20550.0,21000.0,20550.0,20700.0,20700.0,10830.0,0.0,0.0,0.0
2020-06-24,20900.0,21000.0,20700.0,20950.0,20950.0,42640.0,0.0,0.0,0.0
2020-06-25,20750.0,20750.0,20700.0,20750.0,20750.0,10570.0,0.0,0.0,0.0
2020-06-26,21000.0,21000.0,20750.0,20900.0,20900.0,16380.0,0.0,0.0,0.0
2020-06-29,20900.0,20900.0,20650.0,20800.0,20800.0,12110.0,0.0,0.0,0.0
2020-06-30,20700.0,20900.0,20650.0,20650.0,20650.0,28720.0,0.0,0.0,0.0
2020-07-01,20700.0,20800.0,20700.0,20800.0,20800.0,8200.0,0.0,0.0,0.0
2020-07-02,20800.0,20850.0,20800.0,20850.0,20850.0,10400.0,0.0,0.0,0.0
2020-07-06,20700.0,20900.0,20700.0,20900.0,20900.0,5660.0,0.0,0.0,0.0
2020-07-07,21000.0,21000.0,20750.0,21000.0,21000.0,14050.0,0.0,0.0,0.0
2020-07-08,20900.0,21200.0,20900.0,21200.0,21200.0,11570.0,0.0,0.0,0.0
2020-07-09,21200.0,21350.0,21000.0,21300.0,21300.0,14570.0,0.0,0.0,0.0
2020-07-10,21300.0,21300.0,21300.0,21300.0,21300.0,0.0,0.0,0.0,0.0
2020-07-13,20700.0,21000.0,20700.0,20800.0,20800.0,11980.0,0.0,0.0,0.0
2020-07-14,20750.0,20800.0,20600.0,20700.0,20700.0,15010.0,0.0,0.0,0.0
2020-07-15,20700.0,20700.0,20600.0,20600.0,20600.0,233000.0,0.0,0.0,0.0
2020-07-16,20700.0,20700.0,20700.0,20700.0,20700.0,950.0,0.0,0.0,0.0
2020-07-17,20700.0,20700.0,20550.0,20650.0,20650.0,20860.0,0.0,0.0,0.0
2020-07-20,20550.0,20650.0,20450.0,20650.0,20650.0,9090.0,0.0,0.0,0.0
2020-07-21,20800.0,20800.0,20450.0,20450.0,20450.0,5990.0,0.0,0.0,0.0
2020-07-22,20450.0,20700.0,20400.0,20700.0,20700.0,7560.0,0.0,0.0,0.0
2020-07-23,20500.0,20600.0,20400.0,20600.0,20600.0,5050.0,0.0,0.0,0.0
2020-07-24,20400.0,20500.0,20050.0,20100.0,20100.0,15380.0,0.0,0.0,0.0
2020-07-27,19900.0,19950.0,19400.0,19700.0,19700.0,18690.0,0.0,0.0,0.0
2020-07-28,19000.0,19500.0,18550.0,19500.0,19500.0,11420.0,0.0,0.0,0.0
2020-07-29,19500.0,19500.0,18800.0,19000.0,19000.0,31350.0,0.0,0.0,0.0
2020-07-30,18600.0,19000.0,18600.0,19000.0,19000.0,4580.0,0.0,0.0,0.0
2020-07-31,19800.0,19800.0,18850.0,19200.0,19200.0,520.0,0.0,0.0,0.0
2020-08-03,19500.0,19600.0,19200.0,19200.0,19200.0,1940.0,0.0,0.0,0.0
2020-08-04,19200.0,19600.0,19200.0,19500.0,19500.0,9050.0,0.0,0.0,0.0
2020-08-05,19300.0,19450.0,19300.0,19450.0,19450.0,3390.0,0.0,0.0,0.0
2020-08-06,19450.0,19800.0,19400.0,19800.0,19800.0,5540.0,0.0,0.0,0.0
2020-08-07,19550.0,19750.0,19350.0,19500.0,19500.0,17270.0,0.0,0.0,0.0
2020-08-10,19500.0,19800.0,19500.0,19800.0,19800.0,24320.0,0.0,0.0,0.0
2020-08-11,19750.0,19800.0,19700.0,19800.0,19800.0,4250.0,0.0,0.0,0.0
2020-08-12,19800.0,19800.0,19700.0,19750.0,19750.0,16660.0,0.0,0.0,0.0
2020-08-13,19800.0,19900.0,19800.0,19900.0,19900.0,6390.0,0.0,0.0,0.0
2020-08-14,19850.0,19900.0,19850.0,19850.0,19850.0,45410.0,0.0,0.0,0.0
2020-08-17,19850.0,20250.0,19850.0,19850.0,19850.0,66860.0,0.0,0.0,0.0
2020-08-18,20000.0,20000.0,19850.0,19850.0,19850.0,54360.0,0.0,0.0,0.0
2020-08-19,19850.0,19850.0,19550.0,19600.0,19600.0,45650.0,0.0,0.0,0.0
2020-08-20,19600.0,19600.0,19300.0,19400.0,19400.0,22170.0,0.0,0.0,0.0
2020-08-21,19400.0,19950.0,19400.0,19900.0,19900.0,4260.0,0.0,0.0,0.0
2020-08-24,19900.0,19900.0,19700.0,19850.0,19850.0,8770.0,0.0,0.0,0.0
2020-08-25,19950.0,20000.0,19850.0,19900.0,19900.0,14290.0,0.0,0.0,0.0
2020-08-26,19900.0,20200.0,19800.0,20100.0,20100.0,21590.0,0.0,0.0,0.0
2020-08-27,19900.0,20100.0,19550.0,20000.0,20000.0,45090.0,0.0,0.0,0.0
2020-08-28,19950.0,20000.0,19650.0,20000.0,20000.0,31070.0,0.0,0.0,0.0
2020-08-31,20000.0,20100.0,19800.0,20000.0,20000.0,44950.0,0.0,0.0,0.0
2020-09-01,19800.0,20500.0,19800.0,20500.0,20500.0,8550.0,0.0,0.0,0.0
2020-09-02,20500.0,20500.0,20500.0,20500.0,20500.0,0.0,0.0,0.0,0.0
2020-09-03,20500.0,20600.0,20000.0,20100.0,20100.0,14360.0,0.0,0.0,0.0
2020-09-04,20100.0,20100.0,20000.0,20100.0,20100.0,31210.0,0.0,0.0,0.0
2020-09-08,20100.0,20250.0,20100.0,20200.0,20200.0,4460.0,0.0,0.0,0.0
2020-09-09,20150.0,20800.0,20150.0,20700.0,20700.0,64660.0,0.0,0.0,0.0
2020-09-10,20700.0,21100.0,20500.0,20950.0,20950.0,115120.0,0.0,0.0,0.0
2020-09-11,20950.0,20950.0,20950.0,20950.0,20950.0,0.0,0.0,0.0,0.0
2020-09-14,21200.0,21950.0,21200.0,21800.0,21800.0,150980.0,0.0,0.0,0.0
2020-09-15,21700.0,21700.0,21400.0,21600.0,21600.0,82770.0,0.0,0.0,0.0
2020-09-16,21400.0,21700.0,21400.0,21700.0,21700.0,44000.0,0.0,0.0,0.0
2020-09-17,21700.0,21950.0,21650.0,21800.0,21800.0,58890.0,0.0,0.0,0.0
2020-09-18,21900.0,21900.0,21800.0,21900.0,21900.0,34390.0,0.0,0.0,0.0
2020-09-21,21900.0,21900.0,21700.0,21850.0,21850.0,84730.0,0.0,0.0,0.0
2020-09-22,21900.0,21900.0,21500.0,21900.0,21900.0,72420.0,0.0,0.0,0.0
2020-09-23,21950.0,22000.0,21800.0,21850.0,21850.0,30610.0,0.0,0.0,0.0
2020-09-24,21850.0,21900.0,21750.0,21800.0,21800.0,129560.0,0.0,0.0,0.0
2020-09-25,21800.0,21900.0,21800.0,21900.0,21900.0,30210.0,0.0,0.0,0.0
2020-09-28,21900.0,21900.0,21800.0,21900.0,21900.0,81710.0,0.0,0.0,0.0
2020-09-29,20500.0,21100.0,20500.0,20650.0,20650.0,103400.0,0.0,0.0,0.0
2020-09-30,20500.0,20650.0,20350.0,20600.0,20600.0,59930.0,0.0,0.0,0.0
2020-10-01,20600.0,20600.0,20450.0,20600.0,20600.0,20450.0,0.0,0.0,0.0
2020-10-02,20500.0,20600.0,20100.0,20200.0,20200.0,45130.0,0.0,0.0,0.0
2020-10-05,20500.0,20500.0,20200.0,20400.0,20400.0,15250.0,0.0,0.0,0.0
2020-10-06,20400.0,20400.0,20200.0,20400.0,20400.0,14590.0,0.0,0.0,0.0
2020-10-07,20400.0,20450.0,20300.0,20400.0,20400.0,9410.0,0.0,0.0,0.0
2020-10-08,20400.0,20400.0,20200.0,20300.0,20300.0,8340.0,0.0,0.0,0.0
2020-10-09,20300.0,20700.0,20300.0,20400.0,20400.0,115630.0,0.0,0.0,0.0
2020-10-12,20400.0,20500.0,20400.0,20500.0,20500.0,72820.0,0.0,0.0,0.0
2020-10-13,20400.0,20700.0,20400.0,20600.0,20600.0,51880.0,0.0,0.0,0.0
2020-10-14,20500.0,20600.0,20400.0,20600.0,20600.0,108700.0,0.0,0.0,0.0
2020-10-15,20500.0,20600.0,20400.0,20500.0,20500.0,47530.0,0.0,0.0,0.0
2020-10-16,20600.0,20600.0,20400.0,20500.0,20500.0,56220.0,0.0,0.0,0.0
2020-10-19,20400.0,20550.0,20400.0,20550.0,20550.0,81740.0,0.0,0.0,0.0
2020-10-20,20500.0,20600.0,20300.0,20600.0,20600.0,108890.0,0.0,0.0,0.0
2020-10-21,20400.0,20500.0,20350.0,20350.0,20350.0,11180.0,0.0,0.0,0.0
2020-10-22,20350.0,20350.0,20200.0,20300.0,20300.0,3950.0,0.0,0.0,0.0
2020-10-23,20200.0,20250.0,19800.0,20050.0,20050.0,39690.0,0.0,0.0,0.0
2020-10-26,20000.0,20100.0,19400.0,20100.0,20100.0,15310.0,0.0,0.0,0.0
2020-10-27,19900.0,20000.0,19900.0,20000.0,20000.0,4390.0,0.0,0.0,0.0
2020-10-28,20000.0,20000.0,19200.0,19500.0,19500.0,41610.0,0.0,0.0,0.0
2020-10-29,19900.0,19900.0,19300.0,19850.0,19850.0,16870.0,0.0,0.0,0.0
2020-10-30,19850.0,19850.0,19500.0,19700.0,19700.0,1050.0,0.0,0.0,0.0
2020-11-02,19700.0,19700.0,19550.0,19700.0,19700.0,10290.0,0.0,0.0,0.0
2020-11-03,19600.0,19600.0,19400.0,19500.0,19500.0,4670.0,0.0,0.0,0.0
2020-11-04,19500.0,19550.0,19400.0,19500.0,19500.0,12980.0,0.0,0.0,0.0
2020-11-05,19500.0,19500.0,19300.0,19450.0,19450.0,7460.0,0.0,0.0,0.0
2020-11-06,19350.0,19350.0,19100.0,19350.0,19350.0,10440.0,0.0,0.0,0.0
2020-11-09,19350.0,19450.0,19350.0,19350.0,19350.0,16000.0,0.0,0.0,0.0
2020-11-10,19400.0,19400.0,19250.0,19350.0,19350.0,40090.0,0.0,0.0,0.0
2020-11-11,19350.0,19350.0,19250.0,19250.0,19250.0,14170.0,0.0,0.0,0.0
2020-11-12,19250.0,19250.0,19000.0,19250.0,19250.0,65710.0,0.0,0.0,0.0
2020-11-13,19250.0,19400.0,19200.0,19400.0,19400.0,87200.0,0.0,0.0,0.0
2020-11-16,19350.0,19350.0,19000.0,19350.0,19350.0,37760.0,0.0,0.0,0.0
2020-11-17,19300.0,19400.0,19300.0,19400.0,19400.0,19270.0,0.0,0.0,0.0
2020-11-18,19400.0,20100.0,19350.0,20000.0,20000.0,54950.0,0.0,0.0,0.0
2020-11-19,20000.0,20000.0,19350.0,19850.0,19850.0,79820.0,0.0,0.0,0.0
2020-11-20,19850.0,19850.0,19300.0,19800.0,19800.0,21450.0,0.0,0.0,0.0
2020-11-23,19800.0,19800.0,19350.0,19800.0,19800.0,30170.0,0.0,0.0,0.0
2020-11-24,19800.0,19800.0,19350.0,19750.0,19750.0,26220.0,0.0,0.0,0.0
2020-11-25,19750.0,19750.0,19300.0,19600.0,19600.0,21480.0,0.0,0.0,0.0
2020-11-27,19350.0,19550.0,19350.0,19550.0,19550.0,15790.0,0.0,0.0,0.0
2020-11-30,19550.0,19550.0,19400.0,19400.0,19400.0,4750.0,0.0,0.0,0.0
2020-12-01,19300.0,19400.0,19200.0,19200.0,19200.0,34710.0,0.0,0.0,0.0
2020-12-02,19200.0,19800.0,19200.0,19400.0,19400.0,59500.0,0.0,0.0,0.0
2020-12-03,19750.0,19750.0,19400.0,19700.0,19700.0,63200.0,0.0,0.0,0.0
2020-12-04,19750.0,19750.0,19400.0,19400.0,19400.0,47210.0,0.0,0.0,0.0
2020-12-07,19700.0,19700.0,19450.0,19600.0,19600.0,38270.0,0.0,0.0,0.0
2020-12-08,19600.0,19650.0,19400.0,19500.0,19500.0,67660.0,0.0,0.0,0.0
2020-12-09,19600.0,19600.0,19500.0,19550.0,19550.0,51850.0,0.0,0.0,0.0
2020-12-10,19550.0,19550.0,19300.0,19500.0,19500.0,43820.0,0.0,0.0,0.0
2020-12-11,19500.0,19550.0,19450.0,19500.0,19500.0,23360.0,0.0,0.0,0.0
2020-12-14,19500.0,19550.0,19400.0,19550.0,19550.0,70700.0,0.0,0.0,0.0
2020-12-15,19550.0,19550.0,19450.0,19500.0,19500.0,21390.0,0.0,0.0,0.0
2020-12-16,19500.0,19550.0,19500.0,19500.0,19500.0,52240.0,0.0,0.0,0.0
2020-12-17,19550.0,19550.0,19500.0,19500.0,19500.0,42250.0,0.0,0.0,0.0
2020-12-18,19550.0,19550.0,19450.0,19500.0,19500.0,36160.0,0.0,0.0,0.0
2020-12-21,19500.0,19600.0,19450.0,19500.0,19500.0,65300.0,0.0,0.0,0.0
2020-12-22,19550.0,19550.0,19450.0,19450.0,19450.0,12220.0,0.0,0.0,0.0
2020-12-23,19500.0,20000.0,19450.0,20000.0,20000.0,77260.0,0.0,0.0,0.0
2020-12-24,19900.0,20050.0,19650.0,19850.0,19850.0,54200.0,0.0,0.0,0.0
2020-12-28,19650.0,19950.0,19500.0,19950.0,19950.0,120100.0,0.0,0.0,0.0
2020-12-29,19950.0,20400.0,19950.0,20300.0,20300.0,131720.0,0.0,0.0,0.0
2020-12-30,20300.0,20600.0,20300.0,20350.0,20350.0,101680.0,0.0,0.0,0.0
2020-12-31,20200.0,20400.0,20050.0,20250.0,20250.0,59060.0,0.0,0.0,0.0
2021-01-04,20250.0,20650.0,20100.0,20650.0,20650.0,26200.0,0.0,0.0,0.0
2021-01-05,20500.0,20650.0,20450.0,20500.0,20500.0,5980.0,0.0,0.0,0.0
2021-01-06,20600.0,20900.0,20500.0,20650.0,20650.0,14190.0,0.0,0.0,0.0
2021-01-07,20650.0,21550.0,20650.0,21200.0,21200.0,32140.0,0.0,0.0,0.0
2021-01-08,21300.0,21700.0,21250.0,21500.0,21500.0,21920.0,0.0,0.0,0.0
2021-01-11,21500.0,21500.0,21050.0,21150.0,21150.0,21190.0,0.0,0.0,0.0
2021-01-12,21150.0,21150.0,20800.0,21050.0,21050.0,12340.0,0.0,0.0,0.0
2021-01-13,21050.0,21850.0,21000.0,21500.0,21500.0,35860.0,0.0,0.0,0.0
2021-01-14,21500.0,22500.0,21400.0,22500.0,22500.0,59510.0,0.0,0.0,0.0
2021-01-15,22500.0,23000.0,22500.0,22950.0,22950.0,37450.0,0.0,0.0,0.0
2021-01-19,22550.0,22550.0,21000.0,21750.0,21750.0,22180.0,0.0,0.0,0.0
2021-01-20,21500.0,21500.0,20250.0,21250.0,21250.0,17670.0,0.0,0.0,0.0
2021-01-21,21400.0,21850.0,21200.0,21600.0,21600.0,15460.0,0.0,0.0,0.0
2021-01-22,21400.0,21850.0,21400.0,21600.0,21600.0,15510.0,0.0,0.0,0.0
2021-01-25,21900.0,23100.0,21850.0,22750.0,22750.0,67520.0,0.0,0.0,0.0
2021-01-26,23500.0,23500.0,22500.0,23000.0,23000.0,28190.0,0.0,0.0,0.0
2021-01-27,23000.0,23000.0,22300.0,22600.0,22600.0,17300.0,0.0,0.0,0.0
2021-01-28,21100.0,21700.0,21050.0,21050.0,21050.0,26820.0,0.0,0.0,0.0
2021-01-29,19700.0,21500.0,19700.0,21350.0,21350.0,17030.0,0.0,0.0,0.0
2021-02-01,21100.0,21500.0,20700.0,20700.0,20700.0,8790.0,0.0,0.0,0.0
2021-02-02,20700.0,21300.0,20700.0,21300.0,21300.0,7810.0,0.0,0.0,0.0
2021-02-03,21300.0,21700.0,21100.0,21700.0,21700.0,8690.0,0.0,0.0,0.0
2021-02-04,21950.0,21950.0,21500.0,21500.0,21500.0,4350.0,0.0,0.0,0.0
2021-02-05,21550.0,22600.0,21400.0,22300.0,22300.0,16220.0,0.0,0.0,0.0
2021-02-08,22300.0,22300.0,21300.0,21300.0,21300.0,5490.0,0.0,0.0,0.0
2021-02-09,21300.0,21300.0,21300.0,21300.0,21300.0,0.0,0.0,0.0,0.0
2021-02-10,21300.0,21300.0,21300.0,21300.0,21300.0,0.0,0.0,0.0,0.0
2021-02-11,21300.0,21300.0,21300.0,21300.0,21300.0,0.0,0.0,0.0,0.0
2021-02-12,21300.0,21300.0,21300.0,21300.0,21300.0,0.0,0.0,0.0,0.0
2021-02-16,21300.0,21300.0,21300.0,21300.0,21300.0,0.0,0.0,0.0,0.0
2021-02-17,22500.0,23200.0,22000.0,23000.0,23000.0,30590.0,0.0,0.0,0.0
2021-02-18,23200.0,24600.0,23200.0,24350.0,24350.0,65940.0,0.0,0.0,0.0
2021-02-19,24350.0,24350.0,23800.0,24000.0,24000.0,13640.0,0.0,0.0,0.0
2021-02-22,23800.0,24100.0,23700.0,23900.0,23900.0,17860.0,0.0,0.0,0.0
2021-02-23,24100.0,24200.0,23700.0,24000.0,24000.0,10540.0,0.0,0.0,0.0
2021-02-24,24000.0,24000.0,24000.0,24000.0,24000.0,0.0,0.0,0.0,0.0
2021-02-25,23900.0,23900.0,23000.0,23500.0,23500.0,12120.0,0.0,0.0,0.0
2021-02-26,23200.0,23800.0,23150.0,23800.0,23800.0,10150.0,0.0,0.0,0.0
2021-03-01,23800.0,24000.0,23700.0,23800.0,23800.0,14650.0,0.0,0.0,0.0
2021-03-02,23800.0,24400.0,23700.0,24000.0,24000.0,13440.0,0.0,0.0,0.0
2021-03-03,24000.0,24300.0,23700.0,24050.0,24050.0,18660.0,0.0,0.0,0.0
2021-03-04,24000.0,24200.0,23400.0,23500.0,23500.0,16060.0,0.0,0.0,0.0
2021-03-05,23850.0,25050.0,23800.0,24850.0,24850.0,53590.0,0.0,0.0,0.0
2021-03-08,25600.0,26550.0,25600.0,26550.0,26550.0,57720.0,0.0,0.0,0.0
2021-03-09,27000.0,27000.0,26200.0,26500.0,26500.0,54330.0,0.0,0.0,0.0
2021-03-10,26000.0,26300.0,25000.0,26000.0,26000.0,32020.0,0.0,0.0,0.0
2021-03-11,26100.0,26500.0,25850.0,26100.0,26100.0,15010.0,0.0,0.0,0.0
2021-03-12,26100.0,26300.0,26000.0,26200.0,26200.0,15500.0,0.0,0.0,0.0
2021-03-15,26000.0,26500.0,25900.0,26100.0,26100.0,9570.0,0.0,0.0,0.0
2021-03-16,26100.0,27200.0,25700.0,26400.0,26400.0,33450.0,0.0,0.0,0.0
2021-03-17,26400.0,26500.0,25700.0,25700.0,25700.0,19790.0,0.0,0.0,0.0
2021-03-18,25900.0,26200.0,25400.0,25600.0,25600.0,21920.0,0.0,0.0,0.0
2021-03-19,25200.0,25500.0,24900.0,25500.0,25500.0,26110.0,0.0,0.0,0.0
2021-03-22,25500.0,25500.0,24900.0,25350.0,25350.0,9780.0,0.0,0.0,0.0
2021-03-23,25350.0,25500.0,24700.0,25350.0,25350.0,17410.0,0.0,0.0,0.0
2021-03-24,24800.0,24900.0,24000.0,24300.0,24300.0,18630.0,0.0,0.0,0.0
2021-03-25,24500.0,24700.0,23900.0,23900.0,23900.0,17720.0,0.0,0.0,0.0
2021-03-26,23900.0,24000.0,22400.0,23000.0,23000.0,24510.0,0.0,0.0,0.0
2021-03-29,23500.0,24150.0,23500.0,24000.0,24000.0,10210.0,0.0,0.0,0.0
2021-03-30,24000.0,24000.0,23800.0,24000.0,24000.0,8820.0,0.0,0.0,0.0
2021-03-31,24100.0,24100.0,23100.0,23900.0,23900.0,15230.0,0.0,0.0,0.0
2021-04-01,23900.0,24800.0,23700.0,24800.0,24800.0,13950.0,0.0,0.0,0.0
2021-04-05,24550.0,25000.0,24500.0,24550.0,24550.0,39520.0,0.0,0.0,0.0
2021-04-06,24550.0,24650.0,23500.0,23800.0,23800.0,43450.0,0.0,0.0,0.0
2021-04-07,23800.0,24000.0,23200.0,23900.0,23900.0,31970.0,0.0,0.0,0.0
2021-04-08,23800.0,23800.0,23450.0,23500.0,23500.0,38280.0,0.0,0.0,0.0
2021-04-09,23550.0,24300.0,23550.0,24000.0,24000.0,43300.0,0.0,0.0,0.0
2021-04-12,24000.0,24350.0,24000.0,24200.0,24200.0,23470.0,0.0,0.0,0.0
2021-04-13,24450.0,24450.0,23850.0,24200.0,24200.0,27400.0,0.0,0.0,0.0
2021-04-14,24200.0,24200.0,23500.0,24000.0,24000.0,21680.0,0.0,0.0,0.0
2021-04-15,24000.0,24000.0,22900.0,23200.0,23200.0,79930.0,0.0,0.0,0.0
2021-04-16,23000.0,23400.0,22500.0,23000.0,23000.0,14760.0,0.0,0.0,0.0
2021-04-19,23200.0,23200.0,22500.0,22850.0,22850.0,18900.0,0.0,0.0,0.0
2021-04-20,23200.0,23200.0,22500.0,23100.0,23100.0,18300.0,0.0,0.0,0.0
2021-04-21,23100.0,23100.0,23100.0,23100.0,23100.0,0.0,0.0,0.0,0.0
2021-04-22,23000.0,23000.0,22500.0,22550.0,22550.0,9220.0,0.0,0.0,0.0
2021-04-23,22500.0,22550.0,21000.0,22300.0,22300.0,6540.0,0.0,0.0,0.0
2021-04-26,22300.0,22400.0,21600.0,21600.0,21600.0,8740.0,0.0,0.0,0.0
2021-04-27,21600.0,21800.0,21300.0,21600.0,21600.0,4790.0,0.0,0.0,0.0
2021-04-28,21600.0,21900.0,21500.0,21600.0,21600.0,5740.0,0.0,0.0,0.0
2021-04-29,21600.0,22000.0,21600.0,21600.0,21600.0,8140.0,0.0,0.0,0.0
2021-04-30,21600.0,21600.0,21600.0,21600.0,21600.0,0.0,0.0,0.0,0.0
2021-05-03,21600.0,21600.0,21600.0,21600.0,21600.0,0.0,0.0,0.0,0.0
2021-05-04,21000.0,21600.0,21000.0,21500.0,21500.0,6360.0,0.0,0.0,0.0
2021-05-05,22200.0,22300.0,21600.0,22100.0,22100.0,6430.0,0.0,0.0,0.0
2021-05-06,22250.0,22250.0,21500.0,21500.0,21500.0,10220.0,0.0,0.0,0.0
2021-05-07,21500.0,21800.0,21200.0,21500.0,21500.0,7980.0,0.0,0.0,0.0
2021-05-10,21150.0,21300.0,20800.0,21000.0,21000.0,10760.0,0.0,0.0,0.0
2021-05-11,21000.0,21400.0,20900.0,21150.0,21150.0,12360.0,0.0,0.0,0.0
2021-05-12,21150.0,21800.0,21150.0,21700.0,21700.0,9860.0,0.0,0.0,0.0
2021-05-13,21700.0,21700.0,21150.0,21150.0,21150.0,15270.0,0.0,0.0,0.0
2021-05-14,21150.0,21700.0,21150.0,21700.0,21700.0,13060.0,0.0,0.0,0.0
2021-05-17,22000.0,22400.0,21600.0,21800.0,21800.0,11110.0,0.0,0.0,0.0
2021-05-18,21800.0,21800.0,21100.0,21250.0,21250.0,10810.0,0.0,0.0,0.0
2021-05-19,21250.0,21600.0,21250.0,21300.0,21300.0,11860.0,0.0,0.0,0.0
2021-05-20,21300.0,21400.0,20400.0,21000.0,21000.0,31920.0,0.0,0.0,0.0
2021-05-21,21000.0,21800.0,21000.0,21600.0,21600.0,20040.0,0.0,0.0,0.0
2021-05-24,21600.0,22200.0,21600.0,22100.0,22100.0,19420.0,0.0,0.0,0.0
2021-05-25,22300.0,22500.0,22000.0,22000.0,22000.0,6610.0,0.0,0.0,0.0
2021-05-26,22100.0,22100.0,21800.0,21900.0,21900.0,11340.0,0.0,0.0,0.0
2021-05-27,21800.0,21800.0,21350.0,21350.0,21350.0,6410.0,0.0,0.0,0.0
2021-05-28,21350.0,21800.0,21350.0,21750.0,21750.0,5370.0,0.0,0.0,0.0
2021-06-01,22100.0,23200.0,22100.0,22800.0,22800.0,20730.0,0.0,0.0,0.0
2021-06-02,22800.0,23200.0,22800.0,23000.0,23000.0,10310.0,0.0,0.0,0.0
2021-06-03,23450.0,23700.0,23000.0,23500.0,23500.0,14770.0,0.0,0.0,0.0
2021-06-04,23300.0,24000.0,22600.0,23950.0,23950.0,16250.0,0.0,0.0,0.0
2021-06-07,23950.0,24000.0,22400.0,23500.0,23500.0,132300.0,0.0,0.0,0.0
2021-06-08,23500.0,23500.0,23500.0,23500.0,23500.0,0.0,0.0,0.0,0.0
2021-06-09,23000.0,23500.0,22600.0,22900.0,22900.0,79600.0,0.0,0.0,0.0
2021-06-10,22800.0,22900.0,22600.0,22800.0,22800.0,53800.0,0.0,0.0,0.0
2021-06-11,23100.0,23400.0,22800.0,23400.0,23400.0,32100.0,0.0,0.0,0.0
2021-06-14,23500.0,23500.0,23000.0,23000.0,23000.0,176900.0,0.0,0.0,0.0
2021-06-15,23000.0,23800.0,23000.0,23450.0,23450.0,205100.0,0.0,0.0,0.0
2021-06-16,23500.0,23500.0,23300.0,23400.0,23400.0,71900.0,0.0,0.0,0.0
2021-06-17,23400.0,23500.0,23300.0,23400.0,23400.0,300800.0,0.0,0.0,0.0
2021-06-18,23400.0,24100.0,23300.0,24000.0,24000.0,305400.0,0.0,0.0,0.0
2021-06-21,23800.0,24500.0,23800.0,24150.0,24150.0,147800.0,0.0,0.0,0.0
2021-06-22,24500.0,24500.0,23800.0,24000.0,24000.0,206200.0,0.0,0.0,0.0
2021-06-29,23900.0,24500.0,23600.0,24200.0,24200.0,275500.0,0.0,0.0,0.0
2021-06-30,24450.0,24500.0,24100.0,24200.0,24200.0,172600.0,0.0,0.0,0.0
2021-07-01,24000.0,24450.0,23900.0,24100.0,24100.0,124400.0,0.0,0.0,0.0
2021-07-02,25500.0,25550.0,24650.0,25050.0,25050.0,393100.0,0.0,0.0,0.0
2021-07-06,25050.0,25050.0,25050.0,25050.0,25050.0,0.0,0.0,0.0,0.0
2021-07-07,25050.0,25050.0,25050.0,25050.0,25050.0,0.0,0.0,0.0,0.0
2021-07-08,25050.0,25050.0,25050.0,25050.0,25050.0,0.0,0.0,0.0,0.0
2021-07-09,25000.0,25300.0,24600.0,24950.0,24950.0,97000.0,0.0,0.0,0.0
2021-07-12,24950.0,24950.0,24950.0,24950.0,24950.0,0.0,0.0,0.0,0.0
2021-07-13,24400.0,24800.0,24100.0,24600.0,24600.0,89700.0,0.0,0.0,0.0
2021-07-14,24600.0,24600.0,24600.0,24600.0,24600.0,0.0,0.0,0.0,0.0
2021-07-15,24500.0,24700.0,24000.0,24700.0,24700.0,169900.0,0.0,0.0,0.0
2021-07-16,24700.0,24700.0,24700.0,24700.0,24700.0,0.0,0.0,0.0,0.0
2021-07-19,23700.0,24550.0,23600.0,24000.0,24000.0,203200.0,0.0,0.0,0.0
2021-07-20,23900.0,24450.0,22900.0,24450.0,24450.0,185500.0,0.0,0.0,0.0
2021-07-21,24450.0,24450.0,23400.0,23500.0,23500.0,143000.0,0.0,0.0,0.0
2021-07-22,23600.0,24400.0,23600.0,24250.0,24250.0,114600.0,0.0,0.0,0.0
2021-07-23,23800.0,24400.0,23800.0,24250.0,24250.0,81100.0,0.0,0.0,0.0
2021-07-26,24200.0,25900.0,23850.0,24900.0,24900.0,131800.0,0.0,0.0,0.0
2021-07-27,25300.0,25300.0,24700.0,24900.0,24900.0,55400.0,0.0,0.0,0.0
2021-07-28,24700.0,24900.0,24400.0,24900.0,24900.0,30600.0,0.0,0.0,0.0
2021-07-29,24550.0,24750.0,24350.0,24750.0,24750.0,52600.0,0.0,0.0,0.0
2021-07-30,24500.0,25000.0,24500.0,24850.0,24850.0,103700.0,0.0,0.0,0.0
2021-08-02,24850.0,24850.0,24850.0,24850.0,24850.0,0.0,0.0,0.0,0.0
2021-08-03,25200.0,25700.0,25000.0,25000.0,25000.0,86700.0,0.0,0.0,0.0
2021-08-04,25000.0,25000.0,25000.0,25000.0,25000.0,0.0,0.0,0.0,0.0
2021-08-05,24800.0,25000.0,24400.0,25000.0,25000.0,59200.0,0.0,0.0,0.0
2021-08-06,24900.0,25050.0,24650.0,24800.0,24800.0,86200.0,0.0,0.0,0.0
2021-08-09,24800.0,26000.0,24500.0,25700.0,25700.0,245200.0,0.0,0.0,0.0
2021-08-10,25700.0,25700.0,25700.0,25700.0,25700.0,0.0,0.0,0.0,0.0
2021-08-11,28500.0,29350.0,28450.0,28500.0,28500.0,628700.0,0.0,0.0,0.0
2021-08-12,28500.0,28700.0,28000.0,28050.0,28050.0,254700.0,0.0,0.0,0.0
2021-08-13,27550.0,29100.0,27500.0,28800.0,28800.0,806300.0,0.0,0.0,0.0
2021-08-16,29000.0,29200.0,28200.0,28350.0,28350.0,372100.0,0.0,0.0,0.0
2021-08-17,28350.0,28350.0,28350.0,28350.0,28350.0,0.0,0.0,0.0,0.0
2021-08-18,27950.0,28800.0,27900.0,28650.0,28650.0,452800.0,0.0,0.0,0.0
2021-08-19,28600.0,28650.0,28100.0,28200.0,28200.0,233800.0,0.0,0.0,0.0
2021-08-20,28100.0,28500.0,26250.0,26800.0,26800.0,750200.0,0.0,0.0,0.0
2021-08-23,25700.0,26800.0,25000.0,25000.0,25000.0,425200.0,0.0,0.0,0.0
2021-08-24,25200.0,26000.0,25200.0,25600.0,25600.0,259500.0,0.0,0.0,0.0
2021-08-25,26100.0,26750.0,25700.0,26550.0,26550.0,220100.0,0.0,0.0,0.0
2021-08-26,26600.0,26800.0,26300.0,26500.0,26500.0,170800.0,0.0,0.0,0.0
2021-08-27,26400.0,27200.0,26000.0,27200.0,27200.0,129500.0,0.0,0.0,0.0
2021-08-30,27900.0,28200.0,27300.0,28100.0,28100.0,197000.0,0.0,0.0,0.0
2021-08-31,28100.0,28800.0,27900.0,28400.0,28400.0,323900.0,0.0,0.0,0.0
2021-09-01,29500.0,29650.0,29000.0,29450.0,29450.0,602000.0,0.0,0.0,0.0
2021-09-02,29450.0,29450.0,29450.0,29450.0,29450.0,0.0,0.0,0.0,0.0
2021-09-03,29450.0,29450.0,29450.0,29450.0,29450.0,0.0,0.0,0.0,0.0
2021-09-07,29900.0,29900.0,29000.0,29100.0,29100.0,363500.0,0.0,0.0,0.0
2021-09-08,29100.0,29100.0,29100.0,29100.0,29100.0,0.0,0.0,0.0,0.0
2021-09-09,29300.0,30550.0,28950.0,30200.0,30200.0,541500.0,0.0,0.0,0.0
2021-09-10,30600.0,30600.0,29800.0,30250.0,30250.0,344500.0,0.0,0.0,0.0
2021-09-13,30800.0,31100.0,30600.0,30950.0,30950.0,438300.0,0.0,0.0,0.0
2021-09-14,31500.0,31550.0,30500.0,30850.0,30850.0,354600.0,0.0,0.0,0.0
2021-09-15,30850.0,33000.0,30450.0,32600.0,32600.0,739400.0,0.0,0.0,0.0
2021-09-16,33500.0,33500.0,32500.0,33000.0,33000.0,386000.0,0.0,0.0,0.0
2021-09-17,33800.0,34800.0,33000.0,34600.0,34600.0,541900.0,0.0,0.0,0.0
2021-09-20,34800.0,35500.0,32800.0,33500.0,33500.0,843600.0,0.0,0.0,0.0
2021-09-21,33500.0,33500.0,33500.0,33500.0,33500.0,0.0,0.0,0.0,0.0
2021-09-22,33500.0,33500.0,33500.0,33500.0,33500.0,0.0,0.0,0.0,0.0
2021-09-23,34900.0,35200.0,34000.0,34150.0,34150.0,348300.0,0.0,0.0,0.0
2021-09-24,34550.0,34600.0,33500.0,33500.0,33500.0,35390000.0,0.0,0.0,0.0
2021-09-27,33900.0,34500.0,33000.0,33100.0,33100.0,538300.0,0.0,0.0,0.0
2021-09-28,33650.0,35400.0,33600.0,35400.0,35400.0,1416700.0,0.0,0.0,0.0
2021-09-29,35100.0,35700.0,34300.0,35700.0,35700.0,1019000.0,0.0,0.0,0.0
2021-09-30,36000.0,36700.0,34700.0,36000.0,36000.0,687500.0,0.0,0.0,0.0
2021-10-01,36400.0,38500.0,36200.0,38500.0,38500.0,1124800.0,0.0,0.0,0.0
2021-10-04,40100.0,41150.0,38500.0,38500.0,38500.0,132290000.0,0.0,0.0,0.0
2021-10-05,39000.0,40000.0,37950.0,39400.0,39400.0,681100.0,0.0,0.0,0.0
2021-10-06,39400.0,39400.0,39400.0,39400.0,39400.0,0.0,0.0,0.0,0.0
2021-10-07,38200.0,39200.0,38150.0,38500.0,38500.0,930200.0,0.0,0.0,0.0
2021-10-08,38500.0,38500.0,38500.0,38500.0,38500.0,0.0,0.0,0.0,0.0
2021-10-11,38500.0,38500.0,38500.0,38500.0,38500.0,0.0,0.0,0.0,0.0
2021-10-12,37800.0,38500.0,36700.0,37300.0,37300.0,629000.0,0.0,0.0,0.0
2021-10-13,37000.0,37400.0,36350.0,36800.0,36800.0,497900.0,0.0,0.0,0.0
2021-10-14,36800.0,36800.0,36800.0,36800.0,36800.0,0.0,0.0,0.0,0.0
2021-10-15,38000.0,39000.0,37800.0,38000.0,38000.0,467400.0,0.0,0.0,0.0
2021-10-18,38000.0,38000.0,38000.0,38000.0,38000.0,0.0,0.0,0.0,0.0
2021-10-19,38100.0,38400.0,37400.0,37450.0,37450.0,480100.0,0.0,0.0,0.0
2021-10-20,37800.0,37800.0,36300.0,36600.0,36600.0,357300.0,0.0,0.0,0.0
2021-10-21,36450.0,37500.0,36350.0,36600.0,36600.0,479000.0,0.0,0.0,0.0
2021-10-22,36400.0,36600.0,34050.0,35000.0,35000.0,1080700.0,0.0,0.0,0.0
2021-10-25,35000.0,35000.0,35000.0,35000.0,35000.0,0.0,0.0,0.0,0.0
2021-10-26,35000.0,35000.0,35000.0,35000.0,35000.0,0.0,0.0,0.0,0.0
2021-10-27,35000.0,35000.0,35000.0,35000.0,35000.0,0.0,0.0,0.0,0.0
2021-10-28,37300.0,37300.0,36600.0,36900.0,36900.0,427600.0,0.0,0.0,0.0
2021-10-29,36500.0,36800.0,35650.0,36000.0,36000.0,588600.0,0.0,0.0,0.0
2021-11-01,36000.0,36000.0,36000.0,36000.0,36000.0,0.0,0.0,0.0,0.0
2021-11-02,35050.0,35650.0,34600.0,36300.0,36300.0,282900.0,0.0,0.0,0.0
2021-11-03,35750.0,36150.0,34500.0,34650.0,34650.0,379700.0,0.0,0.0,0.0
2021-11-04,34550.0,34650.0,33500.0,33800.0,33800.0,503900.0,0.0,0.0,0.0
2021-11-05,34000.0,34400.0,33800.0,34000.0,34000.0,401900.0,0.0,0.0,0.0
2021-11-08,34300.0,36000.0,34250.0,35550.0,35550.0,354200.0,0.0,0.0,0.0
2021-11-09,35550.0,35550.0,34800.0,35100.0,35100.0,211000.0,0.0,0.0,0.0
2021-11-10,35250.0,37550.0,35100.0,37550.0,37550.0,1290400.0,0.0,0.0,0.0
2021-11-11,38450.0,38450.0,36300.0,37000.0,37000.0,544200.0,0.0,0.0,0.0
2021-11-12,37000.0,37450.0,36500.0,37000.0,37000.0,257300.0,0.0,0.0,0.0
2021-11-15,37000.0,37000.0,35900.0,36400.0,36400.0,571400.0,0.0,0.0,0.0
2021-11-16,36400.0,37550.0,36050.0,37400.0,37400.0,666600.0,0.0,0.0,0.0
2021-11-17,38000.0,38500.0,37700.0,37800.0,37800.0,704100.0,0.0,0.0,0.0
2021-11-18,37400.0,37600.0,36000.0,36400.0,36400.0,534900.0,0.0,0.0,0.0
2021-11-19,36300.0,36300.0,33900.0,34000.0,34000.0,910100.0,0.0,0.0,0.0
2021-11-22,33000.0,33000.0,31650.0,31650.0,31650.0,545300.0,0.0,0.0,0.0
2021-11-23,30800.0,32500.0,30800.0,32200.0,32200.0,216200.0,0.0,0.0,0.0
2021-11-24,32800.0,32800.0,31500.0,31650.0,31650.0,321500.0,0.0,0.0,0.0
2021-11-26,31600.0,31700.0,31000.0,31200.0,31200.0,189400.0,0.0,0.0,0.0
2021-11-29,30000.0,30600.0,30000.0,30400.0,30400.0,220300.0,0.0,0.0,0.0
2021-11-30,30600.0,31900.0,30600.0,30800.0,30800.0,135600.0,0.0,0.0,0.0
2021-12-01,30500.0,31850.0,30200.0,31400.0,31400.0,154700.0,0.0,0.0,0.0
2021-12-02,31400.0,31500.0,30750.0,31000.0,31000.0,126800.0,0.0,0.0,0.0
2021-12-03,31200.0,31200.0,30150.0,30200.0,30200.0,159200.0,0.0,0.0,0.0
2021-12-06,29500.0,29600.0,28100.0,28100.0,28100.0,233500.0,0.0,0.0,0.0
2021-12-07,28500.0,28900.0,28000.0,28750.0,28750.0,143300.0,0.0,0.0,0.0
2021-12-08,29400.0,29700.0,29000.0,29400.0,29400.0,66000.0,0.0,0.0,0.0
2021-12-09,29500.0,30850.0,29300.0,30400.0,30400.0,121300.0,0.0,0.0,0.0
2021-12-10,30500.0,30600.0,30000.0,30350.0,30350.0,152400.0,0.0,0.0,0.0
2021-12-13,30500.0,30950.0,30150.0,30400.0,30400.0,120000.0,0.0,0.0,0.0
2021-12-14,30400.0,30400.0,29900.0,30200.0,30200.0,93600.0,0.0,0.0,0.0
2021-12-15,30300.0,30300.0,29600.0,29900.0,29900.0,87400.0,0.0,0.0,0.0
2021-12-16,30000.0,30600.0,30000.0,30000.0,30000.0,147000.0,0.0,0.0,0.0
2021-12-17,30200.0,30400.0,29800.0,30150.0,30150.0,95100.0,0.0,0.0,0.0
2021-12-20,29900.0,29900.0,29000.0,29150.0,29150.0,127600.0,0.0,0.0,0.0
2021-12-21,28850.0,30300.0,28800.0,29500.0,29500.0,141300.0,0.0,0.0,0.0
2021-12-22,30000.0,30800.0,29950.0,29950.0,29950.0,248400.0,0.0,0.0,0.0
2021-12-23,30050.0,31250.0,30050.0,30700.0,30700.0,275400.0,0.0,0.0,0.0
2021-12-27,30400.0,30850.0,28300.0,30500.0,30500.0,87600.0,0.0,0.0,0.0
2021-12-28,30500.0,30500.0,30000.0,30000.0,30000.0,126000.0,0.0,0.0,0.0
2021-12-29,29600.0,30000.0,29300.0,30000.0,30000.0,108700.0,0.0,0.0,0.0
2021-12-30,30000.0,30450.0,29600.0,30300.0,30300.0,110500.0,0.0,0.0,0.0
2021-12-31,30400.0,30400.0,30000.0,30150.0,30150.0,104500.0,0.0,0.0,0.0
2022-01-04,30200.0,31500.0,30200.0,31350.0,31350.0,176600.0,0.0,0.0,0.0
2022-01-05,32300.0,32350.0,31450.0,31950.0,31950.0,389000.0,0.0,0.0,0.0
2022-01-06,31950.0,31950.0,31400.0,31400.0,31400.0,145100.0,0.0,0.0,0.0
2022-01-07,31400.0,31900.0,31200.0,31550.0,31550.0,162400.0,0.0,0.0,0.0
2022-01-10,31600.0,31650.0,30150.0,30150.0,30150.0,219200.0,0.0,0.0,0.0
2022-01-11,29800.0,30200.0,29400.0,29450.0,29450.0,127800.0,0.0,0.0,0.0
2022-01-12,29450.0,30500.0,29350.0,30350.0,30350.0,149400.0,0.0,0.0,0.0
2022-01-13,31000.0,31000.0,29800.0,30000.0,30000.0,132300.0,0.0,0.0,0.0
2022-01-14,28300.0,30300.0,28300.0,29900.0,29900.0,141700.0,0.0,0.0,0.0
2022-01-18,29600.0,29600.0,29100.0,29300.0,29300.0,153600.0,0.0,0.0,0.0
2022-01-19,29900.0,29900.0,29100.0,29300.0,29300.0,72500.0,0.0,0.0,0.0
2022-01-20,29250.0,30600.0,29250.0,30400.0,30400.0,84100.0,0.0,0.0,0.0
2022-01-21,30400.0,30500.0,30100.0,30200.0,30200.0,59200.0,0.0,0.0,0.0
2022-01-24,30200.0,30400.0,29450.0,30000.0,30000.0,87900.0,0.0,0.0,0.0
2022-01-25,29500.0,30300.0,29200.0,30100.0,30100.0,95000.0,0.0,0.0,0.0
2022-01-26,30000.0,30100.0,29650.0,29700.0,29700.0,58100.0,0.0,0.0,0.0
2022-01-27,29700.0,30000.0,29600.0,30000.0,30000.0,39800.0,0.0,0.0,0.0
2022-01-28,30600.0,30600.0,29000.0,29600.0,29600.0,82500.0,0.0,0.0,0.0
2022-01-31,29600.0,29600.0,29600.0,29600.0,29600.0,0.0,0.0,0.0,0.0
2022-02-07,30500.0,31550.0,30000.0,31350.0,31350.0,99900.0,0.0,0.0,0.0
2022-02-08,31500.0,31750.0,31000.0,31400.0,31400.0,113600.0,0.0,0.0,0.0
2022-02-09,31400.0,32000.0,31250.0,31600.0,31600.0,157100.0,0.0,0.0,0.0
2022-02-10,31800.0,32000.0,31400.0,31800.0,31800.0,181200.0,0.0,0.0,0.0
2022-02-11,31800.0,31900.0,31350.0,31500.0,31500.0,66400.0,0.0,0.0,0.0
2022-02-14,31850.0,33700.0,31850.0,33700.0,33700.0,456700.0,0.0,0.0,0.0
2022-02-15,33700.0,33700.0,33700.0,33700.0,33700.0,0.0,0.0,0.0,0.0
2022-02-16,33100.0,33200.0,32600.0,32900.0,32900.0,134800.0,0.0,0.0,0.0
2022-02-17,32550.0,33850.0,32550.0,33000.0,33000.0,210800.0,0.0,0.0,0.0
2022-02-18,33250.0,33700.0,32800.0,33350.0,33350.0,229900.0,0.0,0.0,0.0
2022-02-22,34250.0,35300.0,34100.0,35100.0,35100.0,486700.0,0.0,0.0,0.0
2022-02-23,35500.0,36600.0,34700.0,36100.0,36100.0,493500.0,0.0,0.0,0.0
2022-02-24,36250.0,37750.0,36000.0,36500.0,36500.0,713400.0,0.0,0.0,0.0
2022-02-25,36250.0,36250.0,35250.0,35600.0,35600.0,284600.0,0.0,0.0,0.0
2022-02-28,35600.0,37000.0,35150.0,35700.0,35700.0,342700.0,0.0,0.0,0.0
2022-03-01,36300.0,36600.0,35200.0,35700.0,35700.0,313400.0,0.0,0.0,0.0
2022-03-02,36800.0,37300.0,35850.0,35850.0,35850.0,299900.0,0.0,0.0,0.0
