Date,Open,High,Low,Close,Adj Close,Volume,Dividends,Stock Splits
1996-01-02,13.777777671813965,13.777777671813965,13.444443702697754,13.722222328186035,6.557693004608154,689625,0.0,0.0
1996-01-03,13.833333015441895,13.944443702697754,13.777777671813965,13.833333015441895,6.610791206359863,972000,0.0,0.0
1996-01-04,13.833333015441895,14.055556297302246,13.833333015441895,13.944443702697754,6.663891315460205,927225,0.0,0.0
1996-01-05,14.055556297302246,14.055556297302246,13.88888931274414,13.944443702697754,6.663891315460205,668025,0.0,0.0
1996-01-08,14.0,14.0,13.944443702697754,14.0,6.6904401779174805,98550,0.0,0.0
1996-01-09,14.0,14.0,13.722222328186035,13.777777671813965,6.584239959716797,817650,0.0,0.0
1996-01-10,13.666666984558105,13.833333015441895,13.666666984558105,13.722222328186035,6.557693004608154,1095750,0.0,0.0
1996-01-11,13.722222328186035,13.777777671813965,13.555556297302246,13.777777671813965,6.584239959716797,531450,0.0,0.0
1996-01-12,13.722222328186035,13.722222328186035,13.5,13.555556297302246,6.478044509887695,540450,0.0,0.0
1996-01-15,13.555556297302246,13.555556297302246,13.277777671813965,13.333333015441895,6.371848106384277,677700,0.0,0.0
1996-01-16,13.38888931274414,13.444443702697754,13.11111068725586,13.333333015441895,6.371848106384277,587250,0.0,0.0
1996-01-17,13.277777671813965,13.333333015441895,12.944443702697754,13.0,6.212549209594727,579150,0.0,0.0
1996-01-18,12.833333015441895,13.277777671813965,12.833333015441895,13.222222328186035,6.318750381469727,402750,0.0,0.0
1996-01-19,13.11111068725586,13.38888931274414,13.11111068725586,13.333333015441895,6.371848106384277,636300,0.0,0.0
1996-01-22,13.333333015441895,13.555556297302246,13.166666984558105,13.5,6.4514946937561035,660600,0.0,0.0
1996-01-23,13.5,13.833333015441895,13.5,13.666666984558105,6.531147480010986,1539000,0.0,0.0
1996-01-24,13.666666984558105,13.722222328186035,13.555556297302246,13.61111068725586,6.504593849182129,1180800,0.0,0.0
1996-01-25,18.666667938232422,20.0,17.77777862548828,18.0,8.601996421813965,20072475,0.0,0.0
1996-01-26,18.55555534362793,19.38888931274414,18.333332061767578,19.11111068725586,9.13298225402832,12265200,0.0,0.0
1996-01-29,19.166667938232422,19.5,19.166667938232422,19.44444465637207,9.292279243469238,12480525,0.0,0.0
1996-01-30,19.333332061767578,19.666667938232422,19.333332061767578,19.44444465637207,9.292279243469238,7795575,0.0,0.0
1996-01-31,18.88888931274414,18.88888931274414,17.72222137451172,18.44444465637207,8.830543518066406,11131425,0.035556,0.0
1996-02-01,18.44444465637207,18.44444465637207,17.88888931274414,18.11111068725586,8.670950889587402,4653675,0.0,0.0
1996-02-02,14.666666984558105,15.444443702697754,14.055556297302246,15.38888931274414,7.367645263671875,26326125,0.0,0.0
1996-02-05,15.277777671813965,15.444443702697754,15.055556297302246,15.444443702697754,7.3942461013793945,7129575,0.0,0.0
1996-02-06,15.38888931274414,15.38888931274414,15.11111068725586,15.277777671813965,7.314446926116943,1984950,0.0,0.0
1996-02-07,15.333333015441895,15.38888931274414,15.166666984558105,15.277777671813965,7.314446926116943,1318275,0.0,0.0
1996-02-08,15.333333015441895,16.11111068725586,15.222222328186035,15.88888931274414,7.607029438018799,4597200,0.0,0.0
1996-02-09,16.05555534362793,16.166667938232422,15.61111068725586,15.666666984558105,7.500640869140625,2460600,0.0,0.0
1996-02-12,15.722222328186035,15.833333015441895,15.333333015441895,15.444443702697754,7.3942461013793945,1264500,0.0,0.0
1996-02-13,15.555556297302246,15.833333015441895,15.5,15.777777671813965,7.553834438323975,2027025,0.0,0.0
1996-02-14,15.777777671813965,15.944443702697754,15.722222328186035,15.777777671813965,7.553834438323975,1653300,0.0,0.0
1996-02-15,15.777777671813965,15.833333015441895,15.722222328186035,15.833333015441895,7.5804338455200195,2177325,0.0,0.0
1996-02-16,15.777777671813965,15.777777671813965,15.61111068725586,15.722222328186035,7.527237415313721,1363050,0.0,0.0
1996-02-20,15.5,15.833333015441895,15.5,15.777777671813965,7.553834438323975,2019150,0.0,0.0
1996-02-21,15.777777671813965,15.777777671813965,15.666666984558105,15.722222328186035,7.527237415313721,3176775,0.0,0.0
1996-02-22,15.722222328186035,15.777777671813965,15.63888931274414,15.777777671813965,7.553834438323975,2352600,0.0,0.0
1996-02-23,15.722222328186035,15.722222328186035,15.534722328186035,15.61111068725586,7.474041938781738,1148400,0.0,0.0
1996-02-26,15.61111068725586,15.61111068725586,15.222222328186035,15.277777671813965,7.314446926116943,1780875,0.0,0.0
1996-02-27,15.222222328186035,15.38888931274414,15.055556297302246,15.38888931274414,7.367645263671875,790200,0.0,0.0
1996-02-28,15.38888931274414,15.444443702697754,15.277777671813965,15.38888931274414,7.367645263671875,362925,0.0,0.0
1996-02-29,15.277777671813965,15.38888931274414,15.222222328186035,15.333333015441895,7.341048717498779,1827000,0.0,0.0
1996-03-01,15.38888931274414,15.5,15.277777671813965,15.5,7.420845031738281,482850,0.0,0.0
1996-03-04,15.444443702697754,15.61111068725586,15.38888931274414,15.5,7.420845031738281,489825,0.0,0.0
1996-03-05,15.5,15.833333015441895,15.5,15.722222328186035,7.527237415313721,2065500,0.0,0.0
1996-03-06,15.666666984558105,15.777777671813965,15.555556297302246,15.666666984558105,7.500640869140625,3001275,0.0,0.0
1996-03-07,15.61111068725586,15.944443702697754,15.555556297302246,15.944443702697754,7.633626937866211,1430775,0.0,0.0
1996-03-08,15.666666984558105,15.777777671813965,15.5,15.555556297302246,7.447440147399902,1209825,0.0,0.0
1996-03-11,15.5,15.722222328186035,15.444443702697754,15.722222328186035,7.527237415313721,1065150,0.0,0.0
1996-03-12,15.666666984558105,15.722222328186035,15.5,15.5,7.420845031738281,1230075,0.0,0.0
1996-03-13,15.5,15.61111068725586,15.5,15.61111068725586,7.474041938781738,1957950,0.0,0.0
1996-03-14,15.61111068725586,15.777777671813965,15.555556297302246,15.666666984558105,7.500640869140625,1769400,0.0,0.0
1996-03-15,15.722222328186035,15.722222328186035,15.61111068725586,15.666666984558105,7.500640869140625,1755000,0.0,0.0
1996-03-18,15.666666984558105,15.944443702697754,15.61111068725586,15.944443702697754,7.633626937866211,1013850,0.0,0.0
1996-03-19,16.11111068725586,16.38888931274414,16.0,16.38888931274414,7.846410751342773,1902150,0.0,0.0
1996-03-20,16.44444465637207,16.72222137451172,16.44444465637207,16.61111068725586,7.9528045654296875,711675,0.0,0.0
1996-03-21,16.61111068725586,16.61111068725586,16.44444465637207,16.44444465637207,7.873005390167236,1355850,0.0,0.0
1996-03-22,16.55555534362793,16.77777862548828,16.5,16.77777862548828,8.032596588134766,767025,0.0,0.0
1996-03-25,16.88888931274414,17.0,16.55555534362793,16.666667938232422,7.979399681091309,846450,0.0,0.0
1996-03-26,16.61111068725586,16.666667938232422,16.44444465637207,16.61111068725586,7.9528045654296875,548100,0.0,0.0
1996-03-27,16.61111068725586,16.72222137451172,16.55555534362793,16.55555534362793,7.926204204559326,537750,0.0,0.0
1996-03-28,16.5,16.61111068725586,16.38888931274414,16.55555534362793,7.926204204559326,517950,0.0,0.0
1996-03-29,16.55555534362793,16.72222137451172,16.44444465637207,16.44444465637207,7.873005390167236,459225,0.0,0.0
1996-04-01,16.5,16.61111068725586,16.5,16.61111068725586,7.9528045654296875,459225,0.0,0.0
1996-04-02,16.666667938232422,16.666667938232422,16.38888931274414,16.5,7.899608612060547,564300,0.0,0.0
1996-04-03,16.44444465637207,16.77777862548828,16.44444465637207,16.72222137451172,8.005997657775879,1241100,0.0,0.0
1996-04-04,16.72222137451172,17.0,16.666667938232422,16.94444465637207,8.11239242553711,1180800,0.0,0.0
1996-04-08,16.77777862548828,16.833332061767578,16.666667938232422,16.77777862548828,8.032596588134766,505350,0.0,0.0
1996-04-09,16.72222137451172,16.77777862548828,16.61111068725586,16.77777862548828,8.032596588134766,334350,0.0,0.0
1996-04-10,16.72222137451172,16.77777862548828,16.333332061767578,16.333332061767578,7.819814205169678,433125,0.0,0.0
1996-04-11,16.333332061767578,16.38888931274414,16.05555534362793,16.333332061767578,7.819814205169678,436500,0.0,0.0
1996-04-12,16.333332061767578,16.333332061767578,16.11111068725586,16.27777862548828,7.793215274810791,515025,0.0,0.0
1996-04-15,16.22222137451172,16.27777862548828,15.833333015441895,15.944443702697754,7.633626937866211,562950,0.0,0.0
1996-04-16,15.88888931274414,16.27777862548828,15.88888931274414,16.27777862548828,7.793215274810791,1334025,0.0,0.0
1996-04-17,16.22222137451172,16.22222137451172,16.05555534362793,16.22222137451172,7.766617774963379,641025,0.0,0.0
1996-04-18,16.27777862548828,16.27777862548828,16.11111068725586,16.166667938232422,7.740017890930176,523800,0.0,0.0
1996-04-19,16.27777862548828,16.27777862548828,15.88888931274414,15.88888931274414,7.607029438018799,1646325,0.0,0.0
1996-04-22,15.88888931274414,16.0,15.88888931274414,16.0,7.660224437713623,510525,0.0,0.0
1996-04-23,16.0,16.44444465637207,15.944443702697754,16.44444465637207,7.873005390167236,1885500,0.0,0.0
1996-04-24,16.333332061767578,16.38888931274414,16.166667938232422,16.333332061767578,7.819814205169678,448650,0.0,0.0
1996-04-25,16.27777862548828,16.38888931274414,16.11111068725586,16.38888931274414,7.846410751342773,411075,0.0,0.0
1996-04-26,16.44444465637207,16.666667938232422,16.27777862548828,16.27777862548828,7.793215274810791,922950,0.0,0.0
1996-04-29,16.166667938232422,16.333332061767578,16.166667938232422,16.27777862548828,7.793215274810791,365625,0.0,0.0
1996-04-30,16.27777862548828,16.38888931274414,16.27777862548828,16.333332061767578,7.819814205169678,624375,0.0,0.0
1996-05-01,16.38888931274414,16.61111068725586,16.38888931274414,16.55555534362793,7.9478349685668945,1278225,0.044444,0.0
1996-05-02,16.5,16.55555534362793,16.38888931274414,16.55555534362793,7.9478349685668945,702000,0.0,0.0
1996-05-03,16.61111068725586,16.666667938232422,16.44444465637207,16.5,7.9211602210998535,700650,0.0,0.0
1996-05-06,16.5,16.55555534362793,16.38888931274414,16.55555534362793,7.9478349685668945,526275,0.0,0.0
1996-05-07,16.666667938232422,16.666667938232422,16.333332061767578,16.38888931274414,7.867822170257568,779400,0.0,0.0
1996-05-08,16.38888931274414,16.38888931274414,16.27777862548828,16.38888931274414,7.867822170257568,1191600,0.0,0.0
1996-05-09,16.44444465637207,16.94444465637207,16.44444465637207,16.94444465637207,8.134526252746582,1957275,0.0,0.0
1996-05-10,16.88888931274414,16.88888931274414,16.72222137451172,16.833332061767578,8.081184387207031,994050,0.0,0.0
1996-05-13,16.77777862548828,16.94444465637207,16.72222137451172,16.77777862548828,8.05451488494873,709875,0.0,0.0
1996-05-14,16.72222137451172,16.77777862548828,16.61111068725586,16.77777862548828,8.05451488494873,511650,0.0,0.0
1996-05-15,16.77777862548828,16.833332061767578,16.666667938232422,16.833332061767578,8.081184387207031,490725,0.0,0.0
1996-05-16,16.833332061767578,16.88888931274414,16.72222137451172,16.833332061767578,8.081184387207031,785025,0.0,0.0
1996-05-17,16.72222137451172,16.833332061767578,16.55555534362793,16.61111068725586,7.974503517150879,947475,0.0,0.0
1996-05-20,16.72222137451172,16.77777862548828,16.666667938232422,16.77777862548828,8.05451488494873,624600,0.0,0.0
1996-05-21,16.666667938232422,16.833332061767578,16.61111068725586,16.77777862548828,8.05451488494873,528750,0.0,0.0
1996-05-22,16.833332061767578,16.94444465637207,16.77777862548828,16.88888931274414,8.107854843139648,753750,0.0,0.0
1996-05-23,16.88888931274414,16.94444465637207,16.666667938232422,16.833332061767578,8.081184387207031,695475,0.0,0.0
1996-05-24,16.833332061767578,16.88888931274414,16.666667938232422,16.833332061767578,8.081184387207031,182925,0.0,0.0
1996-05-28,16.88888931274414,16.88888931274414,16.77777862548828,16.833332061767578,8.081184387207031,291375,0.0,0.0
1996-05-29,16.833332061767578,17.22222137451172,16.833332061767578,17.166667938232422,8.241211891174316,1016325,0.0,0.0
1996-05-30,17.22222137451172,17.22222137451172,16.833332061767578,17.0,8.161198616027832,638325,0.0,0.0
1996-05-31,16.94444465637207,17.0,16.72222137451172,16.77777862548828,8.05451488494873,308700,0.0,0.0
1996-06-03,16.77777862548828,16.833332061767578,16.72222137451172,16.833332061767578,8.081184387207031,466650,0.0,0.0
1996-06-04,16.833332061767578,16.833332061767578,16.666667938232422,16.77777862548828,8.05451488494873,478125,0.0,0.0
1996-06-05,16.77777862548828,16.88888931274414,16.72222137451172,16.88888931274414,8.107854843139648,532350,0.0,0.0
1996-06-06,16.833332061767578,17.05555534362793,16.833332061767578,16.94444465637207,8.134526252746582,225900,0.0,0.0
1996-06-07,16.833332061767578,16.833332061767578,16.61111068725586,16.77777862548828,8.05451488494873,694800,0.0,0.0
1996-06-10,16.833332061767578,16.833332061767578,16.61111068725586,16.666667938232422,8.001173973083496,387675,0.0,0.0
1996-06-11,16.666667938232422,16.666667938232422,16.55555534362793,16.61111068725586,7.974503517150879,352125,0.0,0.0
1996-06-12,16.61111068725586,16.666667938232422,16.5,16.55555534362793,7.9478349685668945,224550,0.0,0.0
1996-06-13,16.5,16.55555534362793,16.27777862548828,16.44444465637207,7.894489765167236,347625,0.0,0.0
1996-06-14,16.44444465637207,16.72222137451172,16.44444465637207,16.55555534362793,7.9478349685668945,358650,0.0,0.0
1996-06-17,16.5,16.666667938232422,16.5,16.666667938232422,8.001173973083496,275850,0.0,0.0
1996-06-18,16.666667938232422,16.94444465637207,16.666667938232422,16.833332061767578,8.081184387207031,386325,0.0,0.0
1996-06-19,16.833332061767578,16.88888931274414,16.666667938232422,16.72222137451172,8.027843475341797,292500,0.0,0.0
1996-06-20,16.72222137451172,16.72222137451172,16.61111068725586,16.666667938232422,8.001173973083496,734850,0.0,0.0
1996-06-21,16.666667938232422,16.666667938232422,16.44444465637207,16.44444465637207,7.894489765167236,670950,0.0,0.0
1996-06-24,16.44444465637207,16.44444465637207,16.27777862548828,16.38888931274414,7.867822170257568,413100,0.0,0.0
1996-06-25,16.38888931274414,16.38888931274414,16.0,16.05555534362793,7.707798480987549,765450,0.0,0.0
1996-06-26,16.0,16.0,15.833333015441895,15.833333015441895,7.601114273071289,510975,0.0,0.0
1996-06-27,15.722222328186035,15.944443702697754,15.722222328186035,15.944443702697754,7.65445613861084,472950,0.0,0.0
1996-06-28,15.944443702697754,16.0,15.88888931274414,15.88888931274414,7.627786159515381,573525,0.0,0.0
1996-07-01,15.944443702697754,15.944443702697754,15.777777671813965,15.944443702697754,7.65445613861084,261000,0.0,0.0
1996-07-02,15.944443702697754,15.944443702697754,15.666666984558105,15.777777671813965,7.574440956115723,868950,0.0,0.0
1996-07-03,15.722222328186035,15.88888931274414,15.722222328186035,15.777777671813965,7.574440956115723,996750,0.0,0.0
1996-07-05,15.666666984558105,15.666666984558105,15.555556297302246,15.555556297302246,7.4677653312683105,244125,0.0,0.0
1996-07-08,15.5,15.555556297302246,15.333333015441895,15.38888931274414,7.387750625610352,407025,0.0,0.0
1996-07-09,15.38888931274414,15.444443702697754,15.11111068725586,15.166666984558105,7.281067371368408,499950,0.0,0.0
1996-07-10,15.166666984558105,15.222222328186035,14.777777671813965,15.055556297302246,7.227728366851807,601425,0.0,0.0
1996-07-11,14.944443702697754,14.944443702697754,14.722222328186035,14.88888931274414,7.147716999053955,299925,0.0,0.0
1996-07-12,14.833333015441895,15.055556297302246,14.722222328186035,15.055556297302246,7.227728366851807,204750,0.0,0.0
1996-07-15,15.11111068725586,15.11111068725586,14.444443702697754,14.666666984558105,7.041031837463379,403200,0.0,0.0
1996-07-16,14.555556297302246,14.666666984558105,14.166666984558105,14.222222328186035,6.827665328979492,594225,0.0,0.0
1996-07-17,14.333333015441895,14.61111068725586,14.333333015441895,14.555556297302246,6.9876933097839355,411525,0.0,0.0
1996-07-18,14.555556297302246,15.055556297302246,14.555556297302246,15.055556297302246,7.227728366851807,776700,0.0,0.0
1996-07-19,15.11111068725586,15.61111068725586,15.11111068725586,15.555556297302246,7.4677653312683105,1610775,0.0,0.0
1996-07-22,15.5,15.5,15.333333015441895,15.444443702697754,7.414421081542969,693675,0.0,0.0
1996-07-23,15.444443702697754,15.5,15.222222328186035,15.222222328186035,7.307738304138184,911700,0.0,0.0
1996-07-24,15.11111068725586,15.11111068725586,14.88888931274414,14.88888931274414,7.147716999053955,508725,0.0,0.0
1996-07-25,14.88888931274414,15.055556297302246,14.88888931274414,14.944443702697754,7.174385070800781,650475,0.0,0.0
1996-07-26,15.055556297302246,15.333333015441895,15.0,15.333333015441895,7.361081600189209,330300,0.0,0.0
1996-07-29,15.277777671813965,15.555556297302246,15.277777671813965,15.5,7.441092491149902,442125,0.0,0.0
1996-07-30,15.5,15.88888931274414,15.5,15.88888931274414,7.627786159515381,537750,0.0,0.0
1996-07-31,15.833333015441895,15.944443702697754,15.777777671813965,15.944443702697754,7.675926685333252,481725,0.044444,0.0
1996-08-01,15.944443702697754,16.11111068725586,15.88888931274414,16.05555534362793,7.7294206619262695,275400,0.0,0.0
1996-08-02,16.166667938232422,16.333332061767578,16.11111068725586,16.333332061767578,7.863145351409912,446850,0.0,0.0
1996-08-05,16.333332061767578,16.38888931274414,16.27777862548828,16.333332061767578,7.863145351409912,181575,0.0,0.0
1996-08-06,16.22222137451172,16.27777862548828,16.166667938232422,16.22222137451172,7.809651851654053,326250,0.0,0.0
1996-08-07,16.333332061767578,16.333332061767578,16.11111068725586,16.166667938232422,7.782909393310547,124425,0.0,0.0
1996-08-08,16.11111068725586,16.11111068725586,16.0,16.05555534362793,7.7294206619262695,276075,0.0,0.0
1996-08-09,16.11111068725586,16.27777862548828,16.0,16.0,7.702671527862549,521325,0.0,0.0
1996-08-12,16.05555534362793,16.22222137451172,16.05555534362793,16.166667938232422,7.782909393310547,137025,0.0,0.0
1996-08-13,16.05555534362793,16.166667938232422,15.944443702697754,16.05555534362793,7.7294206619262695,105300,0.0,0.0
1996-08-14,16.0,16.05555534362793,15.944443702697754,16.05555534362793,7.7294206619262695,240975,0.0,0.0
1996-08-15,16.0,16.27777862548828,16.0,16.22222137451172,7.809651851654053,180000,0.0,0.0
1996-08-16,16.333332061767578,16.38888931274414,16.27777862548828,16.38888931274414,7.889890670776367,239175,0.0,0.0
1996-08-19,16.333332061767578,16.38888931274414,16.11111068725586,16.166667938232422,7.782909393310547,456300,0.0,0.0
1996-08-20,16.166667938232422,16.27777862548828,16.166667938232422,16.166667938232422,7.782909393310547,215775,0.0,0.0
1996-08-21,16.166667938232422,16.333332061767578,16.166667938232422,16.333332061767578,7.863145351409912,169875,0.0,0.0
1996-08-22,16.22222137451172,16.27777862548828,16.11111068725586,16.11111068725586,7.756162166595459,513675,0.0,0.0
1996-08-23,16.11111068725586,16.27777862548828,16.11111068725586,16.166667938232422,7.782909393310547,157725,0.0,0.0
1996-08-26,16.11111068725586,16.166667938232422,16.0,16.166667938232422,7.782909393310547,186300,0.0,0.0
1996-08-27,16.27777862548828,16.44444465637207,16.083332061767578,16.38888931274414,7.889890670776367,380700,0.0,0.0
1996-08-28,16.333332061767578,16.38888931274414,16.22222137451172,16.38888931274414,7.889890670776367,252450,0.0,0.0
1996-08-29,16.333332061767578,16.61111068725586,16.333332061767578,16.55555534362793,7.970127105712891,367425,0.0,0.0
1996-08-30,16.5,16.55555534362793,16.27777862548828,16.333332061767578,7.863145351409912,195750,0.0,0.0
1996-09-03,16.22222137451172,16.38888931274414,16.166667938232422,16.38888931274414,7.889890670776367,252675,0.0,0.0
1996-09-04,16.44444465637207,16.61111068725586,16.38888931274414,16.61111068725586,7.996873378753662,570825,0.0,0.0
1996-09-05,16.55555534362793,16.55555534362793,16.44444465637207,16.5,7.943378925323486,566775,0.0,0.0
1996-09-06,16.5,16.55555534362793,16.416667938232422,16.55555534362793,7.970127105712891,198675,0.0,0.0
1996-09-09,16.55555534362793,16.55555534362793,16.44444465637207,16.44444465637207,7.916635036468506,268425,0.0,0.0
1996-09-10,16.5,16.5,16.333332061767578,16.333332061767578,7.863145351409912,477450,0.0,0.0
1996-09-11,16.333332061767578,16.38888931274414,16.27777862548828,16.38888931274414,7.889890670776367,195750,0.0,0.0
1996-09-12,16.333332061767578,16.333332061767578,16.166667938232422,16.166667938232422,7.782909393310547,618300,0.0,0.0
1996-09-13,16.38888931274414,16.44444465637207,16.333332061767578,16.38888931274414,7.889890670776367,409725,0.0,0.0
1996-09-16,16.55555534362793,16.55555534362793,16.27777862548828,16.27777862548828,7.83640193939209,688725,0.0,0.0
1996-09-17,16.27777862548828,16.5,16.166667938232422,16.38888931274414,7.889890670776367,680175,0.0,0.0
1996-09-18,16.5,16.5,16.333332061767578,16.333332061767578,7.863145351409912,672075,0.0,0.0
1996-09-19,16.38888931274414,16.44444465637207,16.333332061767578,16.44444465637207,7.916635036468506,414000,0.0,0.0
1996-09-20,16.44444465637207,16.5,16.22222137451172,16.27777862548828,7.83640193939209,776250,0.0,0.0
1996-09-23,16.333332061767578,16.44444465637207,16.27777862548828,16.44444465637207,7.916635036468506,303975,0.0,0.0
1996-09-24,16.38888931274414,16.5,16.38888931274414,16.5,7.943378925323486,664425,0.0,0.0
1996-09-25,16.61111068725586,16.77777862548828,16.55555534362793,16.77777862548828,8.077106475830078,538875,0.0,0.0
1996-09-26,16.77777862548828,17.0,16.61111068725586,16.666667938232422,8.023614883422852,1571625,0.0,0.0
1996-09-27,16.77777862548828,16.77777862548828,16.666667938232422,16.72222137451172,8.050363540649414,278325,0.0,0.0
1996-09-30,16.666667938232422,16.833332061767578,16.44444465637207,16.5,7.943378925323486,515700,0.0,0.0
1996-10-01,16.44444465637207,16.833332061767578,16.44444465637207,16.833332061767578,8.103851318359375,510975,0.0,0.0
1996-10-02,16.833332061767578,17.27777862548828,16.77777862548828,17.05555534362793,8.210837364196777,1792350,0.0,0.0
1996-10-03,17.11111068725586,17.38888931274414,16.94444465637207,17.333332061767578,8.34456729888916,2353050,0.0,0.0
1996-10-04,17.55555534362793,17.77777862548828,17.55555534362793,17.666667938232422,8.505034446716309,2198475,0.0,0.0
1996-10-07,17.666667938232422,17.72222137451172,17.5,17.61111068725586,8.478289604187012,353700,0.0,0.0
1996-10-08,17.55555534362793,17.72222137451172,17.55555534362793,17.61111068725586,8.478289604187012,620550,0.0,0.0
1996-10-09,17.61111068725586,17.61111068725586,16.88888931274414,17.05555534362793,8.210837364196777,780750,0.0,0.0
1996-10-10,17.0,17.333332061767578,17.0,17.166667938232422,8.264328956604004,587475,0.0,0.0
1996-10-11,17.27777862548828,17.27777862548828,17.05555534362793,17.22222137451172,8.2910737991333,236925,0.0,0.0
1996-10-14,17.27777862548828,17.27777862548828,17.11111068725586,17.166667938232422,8.264328956604004,158400,0.0,0.0
1996-10-15,17.27777862548828,17.333332061767578,17.0,17.11111068725586,8.237579345703125,618750,0.0,0.0
1996-10-16,17.11111068725586,17.27777862548828,17.05555534362793,17.166667938232422,8.264328956604004,159075,0.0,0.0
1996-10-17,17.22222137451172,17.333332061767578,17.166667938232422,17.22222137451172,8.2910737991333,1049625,0.0,0.0
1996-10-18,17.27777862548828,17.38888931274414,17.166667938232422,17.38888931274414,8.371312141418457,855900,0.0,0.0
1996-10-21,17.44444465637207,17.5,17.22222137451172,17.22222137451172,8.2910737991333,533700,0.0,0.0
1996-10-22,17.22222137451172,17.22222137451172,16.88888931274414,17.11111068725586,8.237579345703125,696150,0.0,0.0
1996-10-23,17.05555534362793,17.27777862548828,16.94444465637207,17.27777862548828,8.317816734313965,647775,0.0,0.0
1996-10-24,17.27777862548828,17.27777862548828,17.166667938232422,17.27777862548828,8.317816734313965,589275,0.0,0.0
1996-10-25,17.166667938232422,17.27777862548828,17.166667938232422,17.27777862548828,8.317816734313965,1382850,0.0,0.0
1996-10-28,17.22222137451172,17.27777862548828,17.05555534362793,17.166667938232422,8.264328956604004,532125,0.0,0.0
1996-10-29,17.27777862548828,17.38888931274414,17.22222137451172,17.333332061767578,8.34456729888916,721125,0.0,0.0
1996-10-30,17.333332061767578,17.44444465637207,17.22222137451172,17.22222137451172,8.312382698059082,353700,0.044444,0.0
1996-10-31,17.166667938232422,17.38888931274414,17.166667938232422,17.27777862548828,8.33919906616211,249525,0.0,0.0
1996-11-01,17.27777862548828,17.55555534362793,17.27777862548828,17.5,8.446454048156738,360900,0.0,0.0
1996-11-04,17.44444465637207,17.72222137451172,17.44444465637207,17.666667938232422,8.526899337768555,220500,0.0,0.0
1996-11-05,17.72222137451172,18.333332061767578,17.666667938232422,18.27777862548828,8.821853637695312,1138050,0.0,0.0
1996-11-06,18.22222137451172,18.44444465637207,18.166667938232422,18.38888931274414,8.875480651855469,1254150,0.0,0.0
1996-11-07,18.38888931274414,18.72222137451172,18.38888931274414,18.666667938232422,9.009553909301758,1542150,0.0,0.0
1996-11-08,18.72222137451172,18.833332061767578,18.666667938232422,18.77777862548828,9.063179016113281,1321200,0.0,0.0
1996-11-11,18.77777862548828,19.0,18.77777862548828,18.94444465637207,9.14362621307373,625725,0.0,0.0
1996-11-12,18.94444465637207,19.27777862548828,18.88888931274414,19.166667938232422,9.250879287719727,686700,0.0,0.0
1996-11-13,19.22222137451172,19.61111068725586,19.166667938232422,19.38888931274414,9.358139038085938,454275,0.0,0.0
1996-11-14,19.333332061767578,19.55555534362793,19.333332061767578,19.5,9.41176700592041,1584450,0.0,0.0
1996-11-15,19.5,19.5,18.88888931274414,19.166667938232422,9.250879287719727,1080675,0.0,0.0
1996-11-18,19.05555534362793,19.11111068725586,18.72222137451172,18.77777862548828,9.063179016113281,804150,0.0,0.0
1996-11-19,18.88888931274414,18.88888931274414,18.666667938232422,18.77777862548828,9.063179016113281,558000,0.0,0.0
1996-11-20,18.666667938232422,18.75,18.55555534362793,18.666667938232422,9.009553909301758,637200,0.0,0.0
1996-11-21,18.72222137451172,18.77777862548828,18.61111068725586,18.72222137451172,9.036364555358887,283950,0.0,0.0
1996-11-22,18.44444465637207,18.5,18.333332061767578,18.38888931274414,8.875480651855469,859500,0.0,0.0
1996-11-25,18.38888931274414,18.55555534362793,18.38888931274414,18.55555534362793,8.955920219421387,555975,0.0,0.0
1996-11-26,18.666667938232422,18.666667938232422,18.22222137451172,18.333332061767578,8.84867000579834,995400,0.0,0.0
1996-11-27,18.38888931274414,18.38888931274414,18.05555534362793,18.166667938232422,8.768226623535156,850050,0.0,0.0
1996-11-29,18.11111068725586,18.333332061767578,18.0,18.27777862548828,8.821853637695312,211950,0.0,0.0
1996-12-02,18.166667938232422,18.38888931274414,18.11111068725586,18.333332061767578,8.84867000579834,538650,0.0,0.0
1996-12-03,18.333332061767578,18.5,18.333332061767578,18.333332061767578,8.84867000579834,918000,0.0,0.0
1996-12-04,18.27777862548828,18.55555534362793,18.166667938232422,18.166667938232422,8.768226623535156,465075,0.0,0.0
1996-12-05,18.05555534362793,18.166667938232422,17.88888931274414,18.0,8.687785148620605,391725,0.0,0.0
1996-12-06,17.72222137451172,18.0,17.72222137451172,17.88888931274414,8.634154319763184,798525,0.0,0.0
1996-12-09,18.0,18.38888931274414,18.0,18.333332061767578,8.84867000579834,780300,0.0,0.0
1996-12-10,18.333332061767578,18.38888931274414,18.05555534362793,18.11111068725586,8.741408348083496,212400,0.0,0.0
1996-12-11,18.0,18.11111068725586,17.88888931274414,18.0,8.687785148620605,439650,0.0,0.0
1996-12-12,17.94444465637207,18.0,17.44444465637207,17.5,8.446454048156738,907650,0.0,0.0
1996-12-13,17.44444465637207,17.44444465637207,17.05555534362793,17.333332061767578,8.366015434265137,797850,0.0,0.0
1996-12-16,17.38888931274414,17.38888931274414,16.88888931274414,17.05555534362793,8.231940269470215,820125,0.0,0.0
1996-12-17,16.88888931274414,16.88888931274414,16.55555534362793,16.666667938232422,8.044242858886719,1231425,0.0,0.0
1996-12-18,16.55555534362793,17.11111068725586,16.55555534362793,17.05555534362793,8.231940269470215,1631475,0.0,0.0
1996-12-19,17.05555534362793,17.11111068725586,16.94444465637207,17.05555534362793,8.231940269470215,479025,0.0,0.0
1996-12-20,17.44444465637207,17.44444465637207,17.05555534362793,17.05555534362793,8.231940269470215,731925,0.0,0.0
1996-12-23,17.166667938232422,17.22222137451172,16.94444465637207,16.94444465637207,8.178316116333008,513450,0.0,0.0
1996-12-24,17.0,17.0,16.72222137451172,16.72222137451172,8.07105541229248,431325,0.0,0.0
1996-12-26,16.61111068725586,16.94444465637207,16.61111068725586,16.94444465637207,8.178316116333008,670050,0.0,0.0
1996-12-27,17.05555534362793,17.22222137451172,17.0,17.0,8.205130577087402,451350,0.0,0.0
1996-12-30,17.05555534362793,17.333332061767578,17.05555534362793,17.27777862548828,8.33919906616211,553050,0.0,0.0
1996-12-31,17.27777862548828,17.55555534362793,17.25,17.27777862548828,8.33919906616211,553050,0.0,0.0
1997-01-02,17.38888931274414,17.38888931274414,17.0,17.0,8.205130577087402,383850,0.0,0.0
1997-01-03,17.11111068725586,17.5,17.0,17.44444465637207,8.419644355773926,652950,0.0,0.0
1997-01-06,17.5,17.5,16.77777862548828,16.77777862548828,8.097875595092773,972900,0.0,0.0
1997-01-07,16.666667938232422,16.666667938232422,16.166667938232422,16.44444465637207,7.936985015869141,1537875,0.0,0.0
1997-01-08,16.61111068725586,16.666667938232422,16.333332061767578,16.61111068725586,8.017428398132324,1046250,0.0,0.0
1997-01-09,16.72222137451172,16.77777862548828,16.5,16.55555534362793,7.990616321563721,544725,0.0,0.0
1997-01-10,16.38888931274414,16.72222137451172,16.11111068725586,16.666667938232422,8.044242858886719,1067175,0.0,0.0
1997-01-13,16.72222137451172,16.77777862548828,16.61111068725586,16.666667938232422,8.044242858886719,674100,0.0,0.0
1997-01-14,16.72222137451172,17.44444465637207,16.666667938232422,17.44444465637207,8.419644355773926,1381050,0.0,0.0
1997-01-15,17.333332061767578,17.38888931274414,17.166667938232422,17.38888931274414,8.39282512664795,637200,0.0,0.0
1997-01-16,17.38888931274414,17.5,17.38888931274414,17.44444465637207,8.419644355773926,463275,0.0,0.0
1997-01-17,17.44444465637207,17.5,17.333332061767578,17.44444465637207,8.419644355773926,240975,0.0,0.0
1997-01-20,17.5,17.55555534362793,17.22222137451172,17.27777862548828,8.33919906616211,796950,0.0,0.0
1997-01-21,17.27777862548828,17.72222137451172,17.22222137451172,17.61111068725586,8.500086784362793,1215000,0.0,0.0
1997-01-22,17.55555534362793,17.77777862548828,17.55555534362793,17.72222137451172,8.553709030151367,1163025,0.0,0.0
1997-01-23,17.77777862548828,17.94444465637207,17.77777862548828,17.833332061767578,8.607337951660156,865800,0.0,0.0
1997-01-24,17.72222137451172,17.833332061767578,17.61111068725586,17.72222137451172,8.553709030151367,836325,0.0,0.0
1997-01-27,17.77777862548828,17.77777862548828,17.61111068725586,17.61111068725586,8.500086784362793,779400,0.0,0.0
1997-01-28,17.61111068725586,17.72222137451172,17.55555534362793,17.55555534362793,8.473273277282715,1049175,0.0,0.0
1997-01-29,17.5,17.61111068725586,17.333332061767578,17.55555534362793,8.473273277282715,947250,0.0,0.0
1997-01-30,17.61111068725586,17.666667938232422,17.5,17.55555534362793,8.473273277282715,472950,0.0,0.0
1997-01-31,17.61111068725586,17.72222137451172,17.55555534362793,17.55555534362793,8.494773864746094,452700,0.044444,0.0
1997-02-03,17.72222137451172,17.94444465637207,17.55555534362793,17.666667938232422,8.548544883728027,1187100,0.0,0.0
1997-02-04,18.166667938232422,18.333332061767578,18.0,18.22222137451172,8.817358016967773,2021850,0.0,0.0
1997-02-05,18.333332061767578,18.55555534362793,18.22222137451172,18.44444465637207,8.92488956451416,2034450,0.0,0.0
1997-02-06,18.38888931274414,18.38888931274414,18.166667938232422,18.333332061767578,8.871127128601074,938250,0.0,0.0
1997-02-07,18.333332061767578,18.55555534362793,18.333332061767578,18.44444465637207,8.92488956451416,445275,0.0,0.0
1997-02-10,18.44444465637207,18.88888931274414,18.44444465637207,18.77777862548828,9.08618450164795,1156050,0.0,0.0
1997-02-11,18.88888931274414,19.05555534362793,18.72222137451172,19.05555534362793,9.220593452453613,1561950,0.0,0.0
1997-02-12,19.0,19.05555534362793,18.77777862548828,18.88888931274414,9.1399507522583,939600,0.0,0.0
1997-02-13,18.94444465637207,19.0,18.77777862548828,18.833332061767578,9.11306095123291,890100,0.0,0.0
1997-02-14,18.833332061767578,18.88888931274414,18.72222137451172,18.88888931274414,9.1399507522583,762750,0.0,0.0
1997-02-18,18.88888931274414,18.88888931274414,18.72222137451172,18.77777862548828,9.08618450164795,700650,0.0,0.0
1997-02-19,18.77777862548828,18.833332061767578,18.61111068725586,18.72222137451172,9.059300422668457,475650,0.0,0.0
1997-02-20,18.833332061767578,19.0,18.72222137451172,18.833332061767578,9.11306095123291,438075,0.0,0.0
1997-02-21,18.77777862548828,19.0,18.72222137451172,18.833332061767578,9.11306095123291,332100,0.0,0.0
1997-02-24,18.833332061767578,19.0,18.833332061767578,18.833332061767578,9.11306095123291,382950,0.0,0.0
1997-02-25,18.833332061767578,19.0,18.833332061767578,18.88888931274414,9.1399507522583,648675,0.0,0.0
1997-02-26,18.94444465637207,19.0,18.77777862548828,18.88888931274414,9.1399507522583,605475,0.0,0.0
1997-02-27,18.88888931274414,19.166667938232422,18.88888931274414,19.166667938232422,9.274361610412598,726525,0.0,0.0
1997-02-28,19.05555534362793,19.11111068725586,19.0,19.0,9.193711280822754,724050,0.0,0.0
1997-03-03,18.88888931274414,19.22222137451172,18.88888931274414,19.22222137451172,9.301244735717773,461475,0.0,0.0
1997-03-04,19.27777862548828,19.27777862548828,19.0,19.05555534362793,9.220593452453613,261450,0.0,0.0
1997-03-05,19.05555534362793,19.22222137451172,19.0,19.22222137451172,9.301244735717773,402300,0.0,0.0
1997-03-06,19.22222137451172,19.22222137451172,19.0,19.166667938232422,9.274361610412598,317250,0.0,0.0
1997-03-07,19.11111068725586,19.61111068725586,19.11111068725586,19.61111068725586,9.489419937133789,881550,0.0,0.0
1997-03-10,19.61111068725586,19.61111068725586,19.38888931274414,19.5,9.435654640197754,389250,0.0,0.0
1997-03-11,19.5,19.77777862548828,19.44444465637207,19.72222137451172,9.543184280395508,516375,0.0,0.0
1997-03-12,19.666667938232422,19.72222137451172,19.44444465637207,19.666667938232422,9.516301155090332,668925,0.0,0.0
1997-03-13,19.55555534362793,19.55555534362793,19.333332061767578,19.333332061767578,9.35500431060791,515025,0.0,0.0
1997-03-14,19.333332061767578,19.55555534362793,19.333332061767578,19.55555534362793,9.462539672851562,705150,0.0,0.0
1997-03-17,19.5,19.55555534362793,19.11111068725586,19.166667938232422,9.274361610412598,396000,0.0,0.0
1997-03-18,19.22222137451172,19.333332061767578,19.0,19.05555534362793,9.220593452453613,381825,0.0,0.0
1997-03-19,18.94444465637207,18.94444465637207,18.55555534362793,18.61111068725586,9.005536079406738,620550,0.0,0.0
1997-03-20,18.61111068725586,18.77777862548828,18.44444465637207,18.5,8.951775550842285,598275,0.0,0.0
1997-03-21,18.61111068725586,18.72222137451172,18.5,18.666667938232422,9.032423973083496,400275,0.0,0.0
1997-03-24,18.833332061767578,19.0,18.583332061767578,19.0,9.193711280822754,385650,0.0,1.5
1997-03-25,19.083332061767578,19.166667938232422,18.5,18.5,8.951775550842285,260700,0.0,0.0
1997-03-26,18.5,18.833332061767578,18.416667938232422,18.5,8.951775550842285,369450,0.0,0.0
1997-03-27,18.583332061767578,18.666667938232422,18.333332061767578,18.416667938232422,8.91144847869873,283650,0.0,0.0
1997-03-31,18.25,18.5,18.166667938232422,18.25,8.83080005645752,466950,0.0,0.0
1997-04-01,18.166667938232422,18.166667938232422,17.833332061767578,18.166667938232422,8.790478706359863,287850,0.0,0.0
1997-04-02,18.166667938232422,18.166667938232422,17.75,17.75,8.588861465454102,573900,0.0,0.0
1997-04-03,17.666667938232422,17.75,17.166667938232422,17.25,8.346924781799316,1069350,0.0,0.0
1997-04-04,17.0,17.333332061767578,17.0,17.333332061767578,8.387247085571289,953550,0.0,0.0
1997-04-07,17.333332061767578,17.583332061767578,17.25,17.333332061767578,8.387247085571289,367350,0.0,0.0
1997-04-08,17.416667938232422,17.5,17.166667938232422,17.5,8.467894554138184,358050,0.0,0.0
1997-04-09,17.5,17.5,17.25,17.333332061767578,8.387247085571289,274200,0.0,0.0
1997-04-10,17.25,17.333332061767578,17.166667938232422,17.25,8.346924781799316,476550,0.0,0.0
1997-04-11,17.0,17.083332061767578,16.5,16.833332061767578,8.145308494567871,953250,0.0,0.0
1997-04-14,16.666667938232422,17.166667938232422,16.666667938232422,17.083332061767578,8.266277313232422,188850,0.0,0.0
1997-04-15,17.25,17.333332061767578,17.083332061767578,17.166667938232422,8.306598663330078,1291800,0.0,0.0
1997-04-16,17.25,17.25,16.833332061767578,17.0,8.225953102111816,515550,0.0,0.0
1997-04-17,17.083332061767578,17.166667938232422,16.833332061767578,16.916667938232422,8.185629844665527,151200,0.0,0.0
1997-04-18,16.916667938232422,17.0,16.666667938232422,16.75,8.104981422424316,256800,0.0,0.0
1997-04-21,16.916667938232422,17.0,16.0,16.166667938232422,7.822723865509033,889650,0.0,0.0
1997-04-22,16.25,16.333332061767578,15.25,15.583333015441895,7.540459156036377,1733100,0.0,0.0
1997-04-23,15.666666984558105,16.0,15.583333015441895,15.666666984558105,7.580782890319824,2797350,0.0,0.0
1997-04-24,15.666666984558105,16.25,15.666666984558105,15.916666984558105,7.70175313949585,2133300,0.0,0.0
1997-04-25,15.916666984558105,16.333332061767578,15.5,16.083332061767578,7.782399654388428,953850,0.0,0.0
1997-04-28,16.0,16.25,15.916666984558105,16.0,7.7420759201049805,706800,0.0,0.0
1997-04-29,16.25,16.416667938232422,16.0,16.333332061767578,7.9297990798950195,628800,0.053333,0.0
1997-04-30,16.333332061767578,16.75,16.333332061767578,16.666667938232422,8.091628074645996,1465950,0.0,0.0
1997-05-01,16.75,16.75,16.583332061767578,16.666667938232422,8.091628074645996,774600,0.0,0.0
1997-05-02,16.666667938232422,16.666667938232422,16.5,16.583332061767578,8.051168441772461,450600,0.0,0.0
1997-05-05,16.583332061767578,16.583332061767578,16.416667938232422,16.5,8.010717391967773,1392150,0.0,0.0
1997-05-06,16.583332061767578,16.583332061767578,16.25,16.416667938232422,7.970261096954346,1572300,0.0,0.0
1997-05-07,16.416667938232422,16.5,16.166667938232422,16.291667938232422,7.909571170806885,1914600,0.0,0.0
1997-05-08,16.291667938232422,16.583332061767578,16.25,16.583332061767578,8.051168441772461,1192350,0.0,0.0
1997-05-09,16.75,16.75,16.333332061767578,16.333332061767578,7.9297990798950195,675000,0.0,0.0
1997-05-12,16.375,16.458332061767578,16.25,16.416667938232422,7.970261096954346,887850,0.0,0.0
1997-05-13,16.375,17.0,16.375,16.958332061767578,8.233233451843262,1798350,0.0,0.0
1997-05-14,17.583332061767578,18.0,17.375,17.916667938232422,8.698503494262695,4306800,0.0,0.0
1997-05-15,18.0,18.083332061767578,17.833332061767578,17.916667938232422,8.698503494262695,910950,0.0,0.0
1997-05-16,18.25,18.25,17.916667938232422,17.958332061767578,8.718729019165039,520800,0.0,0.0
1997-05-19,17.916667938232422,18.0,17.75,17.958332061767578,8.718729019165039,436950,0.0,0.0
1997-05-20,17.916667938232422,18.166667938232422,17.666667938232422,18.083332061767578,8.77942180633545,537900,0.0,0.0
1997-05-21,18.25,18.75,18.25,18.666667938232422,9.06263256072998,1048500,0.0,0.0
1997-05-22,18.916667938232422,19.208332061767578,18.583332061767578,19.0,9.224456787109375,1026150,0.0,0.0
1997-05-23,19.0,19.0,18.583332061767578,18.666667938232422,9.06263256072998,375150,0.0,0.0
1997-05-27,18.75,18.833332061767578,18.541667938232422,18.666667938232422,9.06263256072998,351300,0.0,0.0
1997-05-28,18.666667938232422,18.791667938232422,18.583332061767578,18.791667938232422,9.123318672180176,456900,0.0,0.0
1997-05-29,18.791667938232422,19.0,18.666667938232422,18.833332061767578,9.143545150756836,240750,0.0,0.0
1997-05-30,18.75,19.666667938232422,18.666667938232422,19.333332061767578,9.386290550231934,804150,0.0,0.0
1997-06-02,19.5,19.5,18.666667938232422,18.75,9.10308837890625,1368900,0.0,0.0
1997-06-03,18.666667938232422,19.0,18.625,18.791667938232422,9.123318672180176,361650,0.0,0.0
1997-06-04,18.666667938232422,18.75,18.5,18.5,8.98171329498291,257550,0.0,0.0
1997-06-05,18.583332061767578,18.916667938232422,18.5,18.833332061767578,9.143545150756836,481500,0.0,0.0
1997-06-06,18.666667938232422,18.875,18.583332061767578,18.875,9.163768768310547,315000,0.0,0.0
1997-06-09,18.875,18.875,18.75,18.833332061767578,9.143545150756836,818100,0.0,0.0
1997-06-10,18.833332061767578,18.833332061767578,18.583332061767578,18.666667938232422,9.06263256072998,1000500,0.0,0.0
1997-06-11,18.666667938232422,18.666667938232422,18.583332061767578,18.666667938232422,9.06263256072998,1129200,0.0,0.0
1997-06-12,18.666667938232422,19.166667938232422,18.625,19.166667938232422,9.305380821228027,1032000,0.0,0.0
1997-06-13,19.166667938232422,19.416667938232422,18.833332061767578,18.833332061767578,9.143545150756836,1386000,0.0,0.0
1997-06-16,18.916667938232422,19.166667938232422,18.666667938232422,19.125,9.285150527954102,628800,0.0,0.0
1997-06-17,19.125,19.125,18.708332061767578,18.708332061767578,9.08285903930664,496350,0.0,0.0
1997-06-18,18.75,18.833332061767578,18.5,18.5,8.98171329498291,522300,0.0,0.0
1997-06-19,18.583332061767578,19.208332061767578,18.583332061767578,19.208332061767578,9.325602531433105,978000,0.0,0.0
1997-06-20,19.208332061767578,19.208332061767578,18.916667938232422,19.0,9.224456787109375,549600,0.0,0.0
1997-06-23,19.083332061767578,19.416667938232422,19.083332061767578,19.083332061767578,9.264917373657227,830100,0.0,0.0
1997-06-24,19.041667938232422,19.25,18.916667938232422,19.208332061767578,9.325602531433105,599400,0.0,0.0
1997-06-25,19.208332061767578,19.333332061767578,19.041667938232422,19.166667938232422,9.305380821228027,987450,0.0,0.0
1997-06-26,19.0,19.25,19.0,19.25,9.345837593078613,402300,0.0,0.0
1997-06-27,19.333332061767578,19.375,19.166667938232422,19.25,9.345837593078613,308550,0.0,0.0
1997-06-30,19.25,19.416667938232422,18.916667938232422,18.916667938232422,9.184005737304688,758550,0.0,0.0
1997-07-01,19.0,19.5,18.833332061767578,19.5,9.467209815979004,510750,0.0,0.0
1997-07-02,19.583332061767578,19.666667938232422,19.458332061767578,19.625,9.527896881103516,1086750,0.0,0.0
1997-07-03,19.75,19.916667938232422,19.583332061767578,19.625,9.527896881103516,651600,0.0,0.0
1997-07-07,19.791667938232422,20.083332061767578,19.75,19.833332061767578,9.629042625427246,456750,0.0,0.0
1997-07-08,19.833332061767578,19.916667938232422,19.625,19.833332061767578,9.629042625427246,576750,0.0,0.0
1997-07-09,19.916667938232422,19.958332061767578,19.416667938232422,19.5,9.467209815979004,1125150,0.0,0.0
1997-07-10,19.583332061767578,19.666667938232422,19.416667938232422,19.625,9.527896881103516,884400,0.0,0.0
1997-07-11,19.708332061767578,19.916667938232422,19.583332061767578,19.833332061767578,9.629042625427246,332100,0.0,0.0
1997-07-14,19.75,20.083332061767578,19.75,19.916667938232422,9.669501304626465,1607100,0.0,0.0
1997-07-15,19.916667938232422,20.166667938232422,19.833332061767578,19.916667938232422,9.669501304626465,472200,0.0,0.0
1997-07-16,19.833332061767578,19.958332061767578,19.625,19.666667938232422,9.548130989074707,511950,0.0,0.0
1997-07-17,19.833332061767578,19.875,19.583332061767578,19.625,9.527896881103516,331500,0.0,0.0
1997-07-18,19.583332061767578,19.583332061767578,18.833332061767578,19.0,9.224456787109375,735150,0.0,0.0
1997-07-21,18.916667938232422,19.416667938232422,18.916667938232422,19.333332061767578,9.386290550231934,620550,0.0,0.0
1997-07-22,19.375,19.708332061767578,19.333332061767578,19.666667938232422,9.548130989074707,657900,0.0,0.0
1997-07-23,19.625,19.833332061767578,19.458332061767578,19.75,9.588582992553711,724650,0.0,0.0
1997-07-24,19.75,19.833332061767578,19.5,19.625,9.527896881103516,661350,0.0,0.0
1997-07-25,19.666667938232422,20.166667938232422,19.333332061767578,20.041667938232422,9.730184555053711,823500,0.0,0.0
1997-07-28,20.166667938232422,20.458332061767578,20.125,20.375,9.89201831817627,1166550,0.0,0.0
1997-07-29,20.375,20.458332061767578,20.166667938232422,20.458332061767578,9.932483673095703,802950,0.0,0.0
1997-07-30,20.375,20.5,20.166667938232422,20.5,9.978723526000977,897900,0.053333,0.0
1997-07-31,20.083332061767578,20.5,20.083332061767578,20.458332061767578,9.958442687988281,1694550,0.0,0.0
1997-08-01,20.458332061767578,20.458332061767578,20.0,20.333332061767578,9.897595405578613,1350300,0.0,0.0
1997-08-04,20.333332061767578,20.666667938232422,20.25,20.458332061767578,9.958442687988281,1495650,0.0,0.0
1997-08-05,20.458332061767578,20.75,20.416667938232422,20.458332061767578,9.958442687988281,1506750,0.0,0.0
1997-08-06,20.416667938232422,20.458332061767578,20.0,20.083332061767578,9.775900840759277,514350,0.0,0.0
1997-08-07,19.916667938232422,19.916667938232422,19.25,19.375,9.431108474731445,1074900,0.0,0.0
1997-08-08,19.333332061767578,19.5,18.791667938232422,19.5,9.49195671081543,629550,0.0,0.0
1997-08-11,19.5,19.5,18.75,18.833332061767578,9.167441368103027,467100,0.0,0.0
1997-08-12,19.0,19.0,18.333332061767578,18.541667938232422,9.025467872619629,1251750,0.0,0.0
1997-08-13,18.5,18.958332061767578,18.5,18.916667938232422,9.208008766174316,807600,0.0,0.0
1997-08-14,19.0,19.25,19.0,19.083332061767578,9.289133071899414,1033950,0.0,0.0
1997-08-15,19.0,19.083332061767578,18.875,19.041667938232422,9.268854141235352,540300,0.0,0.0
1997-08-18,19.0,19.125,18.75,19.041667938232422,9.268854141235352,367950,0.0,0.0
1997-08-19,19.166667938232422,19.333332061767578,19.083332061767578,19.166667938232422,9.329700469970703,510300,0.0,0.0
1997-08-20,19.125,19.333332061767578,19.041667938232422,19.166667938232422,9.329700469970703,408450,0.0,0.0
1997-08-21,19.166667938232422,19.208332061767578,18.625,18.666667938232422,9.08631706237793,1097100,0.0,0.0
1997-08-22,18.5,18.5,17.75,18.125,8.822649955749512,2756550,0.0,0.0
1997-08-25,18.166667938232422,18.333332061767578,18.041667938232422,18.333332061767578,8.924059867858887,1351800,0.0,0.0
1997-08-26,18.25,18.333332061767578,17.958332061767578,17.958332061767578,8.741518020629883,1371150,0.0,0.0
1997-08-27,17.916667938232422,18.041667938232422,17.791667938232422,18.0,8.76180362701416,711450,0.0,0.0
1997-08-28,17.958332061767578,18.083332061767578,17.875,18.0,8.76180362701416,276450,0.0,0.0
1997-08-29,18.0,18.0,17.875,17.916667938232422,8.721240043640137,163950,0.0,0.0
1997-09-02,17.916667938232422,18.666667938232422,17.916667938232422,18.416667938232422,8.96462345123291,757650,0.0,0.0
1997-09-03,18.333332061767578,18.5,18.125,18.166667938232422,8.84292984008789,1226850,0.0,0.0
1997-09-04,18.083332061767578,18.25,17.916667938232422,18.125,8.822649955749512,390750,0.0,0.0
1997-09-05,18.208332061767578,18.333332061767578,17.875,18.333332061767578,8.924059867858887,678000,0.0,0.0
1997-09-08,18.333332061767578,18.75,18.333332061767578,18.583332061767578,9.045750617980957,695250,0.0,0.0
1997-09-09,18.583332061767578,18.875,18.333332061767578,18.541667938232422,9.025467872619629,541050,0.0,0.0
1997-09-10,18.625,18.75,18.25,18.25,8.88349723815918,1002150,0.0,0.0
1997-09-11,18.25,18.25,17.916667938232422,18.166667938232422,8.84292984008789,480150,0.0,0.0
1997-09-12,18.166667938232422,18.375,18.083332061767578,18.208332061767578,8.863214492797852,894000,0.0,0.0
1997-09-15,18.083332061767578,18.5,18.083332061767578,18.375,8.944341659545898,714750,0.0,0.0
1997-09-16,18.458332061767578,18.833332061767578,18.083332061767578,18.083332061767578,8.802369117736816,867750,0.0,0.0
1997-09-17,18.083332061767578,18.25,17.791667938232422,17.791667938232422,8.660396575927734,767250,0.0,0.0
1997-09-18,17.791667938232422,18.0,17.666667938232422,17.875,8.700957298278809,5700300,0.0,0.0
1997-09-19,17.958332061767578,18.166667938232422,17.75,18.041667938232422,8.782086372375488,1809000,0.0,0.0
1997-09-22,18.166667938232422,18.291667938232422,17.875,17.958332061767578,8.741518020629883,1576950,0.0,0.0
1997-09-23,17.916667938232422,17.916667938232422,17.625,17.833332061767578,8.68067455291748,1759200,0.0,0.0
1997-09-24,17.916667938232422,18.333332061767578,17.916667938232422,18.166667938232422,8.84292984008789,1007700,0.0,0.0
1997-09-25,18.166667938232422,18.666667938232422,18.166667938232422,18.5,9.005183219909668,780600,0.0,0.0
1997-09-26,18.5,18.708332061767578,18.5,18.666667938232422,9.08631706237793,838200,0.0,0.0
1997-09-29,18.666667938232422,19.166667938232422,18.666667938232422,19.083332061767578,9.289133071899414,545250,0.0,0.0
1997-09-30,19.0,19.0,18.666667938232422,18.75,9.12687873840332,762000,0.0,0.0
1997-10-01,18.791667938232422,18.958332061767578,18.666667938232422,18.958332061767578,9.228289604187012,487050,0.0,0.0
1997-10-02,18.958332061767578,18.958332061767578,18.583332061767578,18.666667938232422,9.08631706237793,377100,0.0,0.0
1997-10-03,18.75,18.958332061767578,18.5,18.708332061767578,9.106596946716309,888750,0.0,0.0
1997-10-06,18.75,18.75,17.958332061767578,18.041667938232422,8.782086372375488,741750,0.0,0.0
1997-10-07,18.041667938232422,18.041667938232422,17.416667938232422,17.541667938232422,8.53870677947998,1065900,0.0,0.0
1997-10-08,17.583332061767578,17.625,17.25,17.25,8.396732330322266,2006400,0.0,0.0
1997-10-09,17.208332061767578,18.166667938232422,17.166667938232422,18.0,8.76180362701416,892500,0.0,0.0
1997-10-10,17.916667938232422,18.333332061767578,17.875,17.916667938232422,8.721240043640137,705150,0.0,0.0
1997-10-13,17.958332061767578,18.083332061767578,17.875,17.875,8.700957298278809,1128900,0.0,0.0
1997-10-14,17.916667938232422,17.958332061767578,17.791667938232422,17.791667938232422,8.660396575927734,376350,0.0,0.0
1997-10-15,18.333332061767578,18.916667938232422,18.333332061767578,18.666667938232422,9.08631706237793,1747800,0.0,0.0
1997-10-16,18.625,18.958332061767578,18.625,18.791667938232422,9.147161483764648,1256850,0.0,0.0
1997-10-17,18.625,18.75,18.125,18.25,8.88349723815918,609150,0.0,0.0
1997-10-20,18.166667938232422,18.958332061767578,18.166667938232422,18.916667938232422,9.208008766174316,1086000,0.0,0.0
1997-10-21,19.333332061767578,19.583332061767578,19.083332061767578,19.333332061767578,9.41082763671875,955500,0.0,0.0
1997-10-22,19.333332061767578,19.5,19.166667938232422,19.333332061767578,9.41082763671875,690750,0.0,0.0
1997-10-23,19.25,19.25,18.666667938232422,19.083332061767578,9.289133071899414,560250,0.0,0.0
1997-10-24,19.166667938232422,19.416667938232422,19.125,19.375,9.431108474731445,1092600,0.0,0.0
1997-10-27,19.25,19.25,18.166667938232422,18.208332061767578,8.863214492797852,846900,0.0,0.0
1997-10-28,17.833332061767578,19.25,17.25,19.25,9.370264053344727,1711350,0.0,0.0
1997-10-29,19.375,20.166667938232422,19.125,19.583332061767578,9.532519340515137,1109700,0.0,0.0
1997-10-30,19.333332061767578,19.375,19.0,19.041667938232422,9.294166564941406,710700,0.053333,0.0
1997-10-31,19.125,19.5,19.083332061767578,19.333332061767578,9.436529159545898,699900,0.0,0.0
1997-11-03,19.333332061767578,19.833332061767578,19.333332061767578,19.5,9.517877578735352,1090950,0.0,0.0
1997-11-04,19.625,19.791667938232422,19.458332061767578,19.75,9.639898300170898,1107450,0.0,0.0
1997-11-05,19.791667938232422,20.416667938232422,19.75,20.25,9.883947372436523,1138650,0.0,0.0
1997-11-06,20.25,20.5,19.833332061767578,20.166667938232422,9.843274116516113,1050000,0.0,0.0
1997-11-07,19.916667938232422,20.166667938232422,19.583332061767578,19.958332061767578,9.74159049987793,1368000,0.0,0.0
1997-11-10,20.083332061767578,20.25,19.5,19.916667938232422,9.721250534057617,739200,0.0,0.0
1997-11-11,19.916667938232422,20.041667938232422,19.458332061767578,19.5,9.517877578735352,394500,0.0,0.0
1997-11-12,19.416667938232422,19.666667938232422,19.083332061767578,19.25,9.395853042602539,409350,0.0,0.0
1997-11-13,19.416667938232422,19.541667938232422,19.041667938232422,19.125,9.334840774536133,376200,0.0,0.0
1997-11-14,19.083332061767578,19.666667938232422,19.041667938232422,19.333332061767578,9.436529159545898,774600,0.0,0.0
1997-11-17,20.0,20.75,19.916667938232422,20.583332061767578,10.046645164489746,1647150,0.0,0.0
1997-11-18,20.416667938232422,20.416667938232422,18.75,18.916667938232422,9.233153343200684,4147800,0.0,0.0
1997-11-19,19.083332061767578,19.166667938232422,18.333332061767578,18.666667938232422,9.111129760742188,1672650,0.0,0.0
1997-11-20,19.0,19.583332061767578,19.0,19.333332061767578,9.436529159545898,3670350,0.0,0.0
1997-11-21,19.583332061767578,19.666667938232422,19.333332061767578,19.333332061767578,9.436529159545898,880950,0.0,0.0
1997-11-24,19.25,19.25,18.875,19.0,9.273824691772461,732150,0.0,0.0
1997-11-25,19.083332061767578,19.166667938232422,18.916667938232422,19.0,9.273824691772461,321750,0.0,0.0
1997-11-26,18.916667938232422,19.708332061767578,18.916667938232422,19.625,9.578890800476074,287850,0.0,0.0
1997-11-28,19.75,19.75,19.375,19.375,9.456865310668945,131850,0.0,0.0
1997-12-01,19.416667938232422,19.416667938232422,18.833332061767578,19.25,9.395853042602539,1162500,0.0,0.0
1997-12-02,19.25,20.125,19.25,19.875,9.700915336608887,581400,0.0,0.0
1997-12-03,19.875,19.875,19.458332061767578,19.708332061767578,9.61955738067627,606900,0.0,0.0
1997-12-04,20.0,20.0,19.5,19.625,9.578890800476074,763200,0.0,0.0
1997-12-05,19.458332061767578,20.25,19.458332061767578,19.833332061767578,9.680574417114258,873150,0.0,0.0
1997-12-08,20.0,20.083332061767578,19.875,20.0,9.76192569732666,933300,0.0,0.0
1997-12-09,20.666667938232422,20.916667938232422,20.166667938232422,20.833332061767578,10.16866397857666,2398050,0.0,0.0
1997-12-10,21.166667938232422,22.75,21.041667938232422,22.458332061767578,10.961828231811523,4652100,0.0,0.0
1997-12-11,22.166667938232422,22.25,21.583332061767578,21.75,10.616094589233398,2260050,0.0,0.0
1997-12-12,21.833332061767578,22.458332061767578,21.666667938232422,22.416667938232422,10.941489219665527,922050,0.0,0.0
1997-12-15,22.541667938232422,22.583332061767578,21.916667938232422,22.583332061767578,11.022839546203613,1227750,0.0,0.0
1997-12-16,22.5,23.458332061767578,22.375,23.375,11.40925407409668,1568400,0.0,0.0
1997-12-17,23.333332061767578,24.333332061767578,23.0,23.916667938232422,11.673635482788086,4762800,0.0,0.0
1997-12-18,23.833332061767578,23.833332061767578,22.625,22.833332061767578,11.144861221313477,3100350,0.0,0.0
1997-12-19,22.0,22.666667938232422,21.916667938232422,22.083332061767578,10.778786659240723,1327800,0.0,0.0
1997-12-22,22.333332061767578,22.5,21.583332061767578,21.708332061767578,10.595754623413086,798900,0.0,0.0
1997-12-23,21.708332061767578,21.708332061767578,20.791667938232422,20.791667938232422,10.14833927154541,1395750,0.0,0.0
1997-12-24,20.708332061767578,20.708332061767578,20.0,20.25,9.883947372436523,1057650,0.0,0.0
1997-12-26,20.166667938232422,20.583332061767578,20.0,20.416667938232422,9.965303421020508,577050,0.0,0.0
1997-12-29,20.416667938232422,20.458332061767578,20.083332061767578,20.333332061767578,9.924623489379883,1085250,0.0,0.0
1997-12-30,20.5,21.208332061767578,20.458332061767578,20.666667938232422,10.087322235107422,1047750,0.0,0.0
1997-12-31,20.916667938232422,21.375,20.833332061767578,21.0,10.250020027160645,771150,0.0,0.0
1998-01-02,21.0,21.25,20.833332061767578,20.833332061767578,10.16866397857666,461250,0.0,0.0
1998-01-05,20.833332061767578,21.125,20.666667938232422,21.125,10.311033248901367,807300,0.0,0.0
1998-01-06,21.291667938232422,22.666667938232422,21.208332061767578,22.0,10.738117218017578,929700,0.0,0.0
1998-01-07,22.041667938232422,22.333332061767578,20.75,21.416667938232422,10.45339298248291,1244850,0.0,0.0
1998-01-08,21.583332061767578,21.666667938232422,21.083332061767578,21.333332061767578,10.41271686553955,921750,0.0,0.0
1998-01-09,21.25,21.25,20.416667938232422,20.5,10.005967140197754,586050,0.0,0.0
1998-01-12,19.916667938232422,20.916667938232422,19.916667938232422,20.916667938232422,10.209345817565918,1002900,0.0,0.0
1998-01-13,21.166667938232422,21.833332061767578,21.166667938232422,21.833332061767578,10.656766891479492,681900,0.0,0.0
1998-01-14,21.75,21.916667938232422,21.666667938232422,21.875,10.677099227905273,955500,0.0,0.0
1998-01-15,22.0,22.5,21.833332061767578,21.833332061767578,10.656766891479492,515550,0.0,0.0
1998-01-16,22.166667938232422,22.5,22.083332061767578,22.208332061767578,10.839801788330078,1186800,0.0,0.0
1998-01-20,22.333332061767578,23.708332061767578,22.333332061767578,23.625,11.531270027160645,1103400,0.0,0.0
1998-01-21,23.375,23.375,22.5,23.166667938232422,11.307558059692383,918750,0.0,0.0
1998-01-22,22.666667938232422,22.75,22.416667938232422,22.5,10.982162475585938,474150,0.0,0.0
1998-01-23,22.416667938232422,22.583332061767578,21.916667938232422,22.166667938232422,10.81946086883545,422700,0.0,0.0
1998-01-26,22.333332061767578,22.75,21.791667938232422,21.833332061767578,10.656766891479492,441450,0.0,0.0
1998-01-27,21.833332061767578,22.625,21.75,22.25,10.86014461517334,422700,0.0,0.0
1998-01-28,22.25,22.333332061767578,21.75,21.958332061767578,10.717779159545898,538350,0.0,0.0
1998-01-29,21.916667938232422,22.5,21.916667938232422,22.333332061767578,10.927351951599121,1336950,0.053333,0.0
1998-01-30,22.333332061767578,23.083332061767578,22.291667938232422,23.0,11.253544807434082,1249500,0.0,0.0
1998-02-02,23.333332061767578,23.375,23.083332061767578,23.166667938232422,11.335087776184082,609150,0.0,0.0
1998-02-03,23.083332061767578,23.333332061767578,22.75,23.333332061767578,11.41663932800293,287850,0.0,0.0
1998-02-04,23.166667938232422,23.166667938232422,23.0,23.166667938232422,11.335087776184082,421200,0.0,0.0
1998-02-05,23.333332061767578,23.708332061767578,23.25,23.291667938232422,11.396256446838379,1198500,0.0,0.0
1998-02-06,23.583332061767578,24.166667938232422,23.583332061767578,23.791667938232422,11.640897750854492,1381800,0.0,0.0
1998-02-09,23.916667938232422,23.916667938232422,23.416667938232422,23.5,11.49819278717041,1582800,0.0,0.0
1998-02-10,23.583332061767578,24.25,23.541667938232422,24.0,11.742828369140625,1004100,0.0,0.0
1998-02-11,23.833332061767578,24.5,23.833332061767578,24.083332061767578,11.783602714538574,818700,0.0,0.0
1998-02-12,24.0,24.0,23.708332061767578,23.875,11.681662559509277,856200,0.0,0.0
1998-02-13,23.916667938232422,24.166667938232422,23.875,24.041667938232422,11.763218879699707,809550,0.0,0.0
1998-02-17,24.0,24.166667938232422,23.916667938232422,24.0,11.742828369140625,645150,0.0,0.0
1998-02-18,24.0,24.083332061767578,23.916667938232422,24.0,11.742828369140625,1476150,0.0,0.0
1998-02-19,23.958332061767578,24.083332061767578,23.791667938232422,24.0,11.742828369140625,792450,0.0,0.0
1998-02-20,23.958332061767578,24.375,23.875,24.375,11.92631721496582,655950,0.0,0.0
1998-02-23,24.291667938232422,24.291667938232422,23.625,24.0,11.742828369140625,525300,0.0,0.0
1998-02-24,24.0,24.083332061767578,23.333332061767578,23.416667938232422,11.457412719726562,933600,0.0,0.0
1998-02-25,23.291667938232422,24.0,23.166667938232422,23.625,11.559347152709961,1075200,0.0,0.0
1998-02-26,23.708332061767578,23.75,23.333332061767578,23.5,11.49819278717041,1523400,0.0,0.0
1998-02-27,23.5,24.25,23.25,24.166667938232422,11.824379920959473,1361100,0.0,0.0
1998-03-02,24.208332061767578,24.583332061767578,24.166667938232422,24.416667938232422,11.946696281433105,634950,0.0,0.0
1998-03-03,24.25,24.333332061767578,23.791667938232422,24.083332061767578,11.783602714538574,483000,0.0,0.0
1998-03-04,23.916667938232422,24.166667938232422,23.333332061767578,23.458332061767578,11.477800369262695,624900,0.0,0.0
1998-03-05,23.291667938232422,23.625,23.166667938232422,23.5,11.49819278717041,771450,0.0,0.0
1998-03-06,23.583332061767578,23.791667938232422,23.583332061767578,23.583332061767578,11.538960456848145,754800,0.0,0.0
1998-03-09,23.833332061767578,24.0,23.333332061767578,23.333332061767578,11.41663932800293,918000,0.0,0.0
1998-03-10,23.458332061767578,24.833332061767578,23.458332061767578,24.666667938232422,12.06901741027832,1972350,0.0,0.0
1998-03-11,24.5,24.791667938232422,24.416667938232422,24.75,12.109792709350586,675900,0.0,0.0
1998-03-12,24.75,24.75,24.375,24.541667938232422,12.007858276367188,487950,0.0,0.0
1998-03-13,24.666667938232422,24.666667938232422,24.333332061767578,24.333332061767578,11.905921936035156,335400,0.0,0.0
1998-03-16,24.583332061767578,24.75,24.333332061767578,24.333332061767578,11.905921936035156,1438800,0.0,0.0
1998-03-17,24.5,24.833332061767578,24.416667938232422,24.75,12.109792709350586,926100,0.0,0.0
1998-03-18,24.75,24.833332061767578,24.25,24.75,12.109792709350586,739500,0.0,0.0
1998-03-19,24.75,25.333332061767578,24.666667938232422,25.166667938232422,12.313660621643066,808950,0.0,0.0
1998-03-20,25.166667938232422,25.166667938232422,24.666667938232422,24.75,12.109792709350586,611100,0.0,0.0
1998-03-23,24.5,25.208332061767578,24.5,24.833332061767578,12.150569915771484,1158150,0.0,0.0
1998-03-24,25.0,25.75,24.916667938232422,25.583332061767578,12.517522811889648,625050,0.0,0.0
1998-03-25,23.333332061767578,23.5,23.166667938232422,23.375,11.437027931213379,10354500,0.0,0.0
1998-03-26,23.375,23.791667938232422,23.375,23.583332061767578,11.538960456848145,2034150,0.0,0.0
1998-03-27,24.083332061767578,24.333332061767578,23.416667938232422,23.458332061767578,11.477800369262695,1887150,0.0,0.0
1998-03-30,23.458332061767578,23.5,23.166667938232422,23.291667938232422,11.396256446838379,1413000,0.0,0.0
1998-03-31,23.375,23.916667938232422,23.375,23.541667938232422,11.518577575683594,950250,0.0,0.0
1998-04-01,23.458332061767578,24.125,23.375,24.083332061767578,11.783602714538574,1664100,0.0,0.0
1998-04-02,24.083332061767578,24.833332061767578,24.0,24.5,11.98747444152832,689850,0.0,0.0
1998-04-03,24.583332061767578,24.625,24.083332061767578,24.166667938232422,11.824379920959473,642150,0.0,0.0
1998-04-06,24.166667938232422,24.666667938232422,24.0,24.625,12.048633575439453,700050,0.0,0.0
1998-04-07,24.75,24.75,24.083332061767578,24.166667938232422,11.824379920959473,702750,0.0,0.0
1998-04-08,24.083332061767578,24.583332061767578,24.041667938232422,24.25,11.86514663696289,431550,0.0,0.0
1998-04-09,24.25,24.75,24.166667938232422,24.583332061767578,12.028243064880371,274050,0.0,0.0
1998-04-13,24.625,24.958332061767578,24.416667938232422,24.625,12.048633575439453,349500,0.0,0.0
1998-04-14,24.583332061767578,24.666667938232422,24.041667938232422,24.083332061767578,11.783602714538574,282150,0.0,0.0
1998-04-15,24.083332061767578,24.166667938232422,23.833332061767578,24.0,11.742828369140625,543600,0.0,0.0
1998-04-16,23.916667938232422,24.020832061767578,23.416667938232422,23.666667938232422,11.579739570617676,781800,0.0,0.0
1998-04-17,23.666667938232422,23.75,23.25,23.75,11.620508193969727,352500,0.0,0.0
1998-04-20,23.916667938232422,24.166667938232422,23.833332061767578,24.0,11.742828369140625,468150,0.0,0.0
1998-04-21,23.833332061767578,24.125,23.666667938232422,23.708332061767578,11.600120544433594,772650,0.0,0.0
1998-04-22,23.833332061767578,24.916667938232422,23.791667938232422,24.916667938232422,12.191341400146484,813750,0.0,0.0
1998-04-23,24.666667938232422,25.166667938232422,24.583332061767578,25.166667938232422,12.313660621643066,885750,0.0,0.0
1998-04-24,25.166667938232422,25.333332061767578,24.708332061767578,25.0,12.2321138381958,899550,0.0,0.0
1998-04-27,24.583332061767578,24.666667938232422,24.125,24.666667938232422,12.06901741027832,609900,0.0,0.0
1998-04-28,24.666667938232422,25.25,24.666667938232422,24.666667938232422,12.06901741027832,630000,0.0,0.0
1998-04-29,24.75,24.833332061767578,24.166667938232422,24.5,12.013447761535645,333000,0.053333,0.0
1998-04-30,24.416667938232422,24.541667938232422,24.166667938232422,24.541667938232422,12.033876419067383,504600,0.0,0.0
1998-05-01,24.625,24.625,24.291667938232422,24.583332061767578,12.054305076599121,929850,0.0,0.0
1998-05-04,24.666667938232422,25.083332061767578,24.666667938232422,24.666667938232422,12.095169067382812,688200,0.0,0.0
1998-05-05,24.666667938232422,24.75,24.5,24.666667938232422,12.095169067382812,747150,0.0,0.0
1998-05-06,24.583332061767578,24.75,24.416667938232422,24.625,12.074739456176758,825600,0.0,0.0
1998-05-07,24.583332061767578,25.583332061767578,24.541667938232422,25.208332061767578,12.360773086547852,1053300,0.0,0.0
1998-05-08,25.25,25.5,25.0,25.083332061767578,12.299481391906738,655800,0.0,0.0
1998-05-11,25.083332061767578,25.333332061767578,25.083332061767578,25.25,12.381210327148438,690600,0.0,0.0
1998-05-12,25.166667938232422,25.375,25.166667938232422,25.375,12.442498207092285,528300,0.0,0.0
1998-05-13,25.291667938232422,25.541667938232422,24.958332061767578,25.166667938232422,12.340347290039062,368100,0.0,0.0
1998-05-14,25.333332061767578,25.5,25.0,25.0,12.258621215820312,531750,0.0,0.0
1998-05-15,25.666667938232422,25.916667938232422,25.416667938232422,25.666667938232422,12.585514068603516,1059000,0.0,0.0
1998-05-18,25.833332061767578,26.75,25.75,26.75,13.116719245910645,646350,0.0,0.0
1998-05-19,26.75,26.75,25.75,26.0,12.748961448669434,781050,0.0,0.0
1998-05-20,26.0,26.083332061767578,25.25,25.708332061767578,12.605950355529785,472650,0.0,0.0
1998-05-21,25.583332061767578,26.5,25.375,26.333332061767578,12.912413597106934,1137750,0.0,0.0
1998-05-22,26.333332061767578,26.333332061767578,25.833332061767578,26.083332061767578,12.789823532104492,638850,0.0,0.0
1998-05-26,26.0,26.25,25.75,25.958332061767578,12.728536605834961,482550,0.0,0.0
1998-05-27,25.791667938232422,25.833332061767578,25.333332061767578,25.333332061767578,12.422070503234863,442650,0.0,0.0
1998-05-28,25.333332061767578,25.875,25.333332061767578,25.541667938232422,12.524223327636719,698850,0.0,0.0
1998-05-29,25.625,25.833332061767578,25.25,25.5,12.503802299499512,406350,0.0,0.0
1998-06-01,25.333332061767578,25.833332061767578,25.0,25.833332061767578,12.667236328125,385350,0.0,0.0
1998-06-02,26.083332061767578,26.166667938232422,25.75,25.958332061767578,12.728536605834961,269850,0.0,0.0
1998-06-03,25.958332061767578,26.0,25.75,25.916667938232422,12.708104133605957,372900,0.0,0.0
1998-06-04,25.875,25.916667938232422,25.708332061767578,25.875,12.687667846679688,264450,0.0,0.0
1998-06-05,25.958332061767578,26.625,25.916667938232422,26.625,13.055431365966797,362550,0.0,0.0
1998-06-08,26.666667938232422,27.0,26.583332061767578,26.75,13.116719245910645,481200,0.0,0.0
1998-06-09,26.666667938232422,27.0,26.625,26.958332061767578,13.218877792358398,444150,0.0,0.0
1998-06-10,27.041667938232422,27.083332061767578,26.0,26.083332061767578,12.789823532104492,536250,0.0,0.0
1998-06-11,26.166667938232422,26.416667938232422,25.541667938232422,25.666667938232422,12.585514068603516,432600,0.0,0.0
1998-06-12,25.583332061767578,25.708332061767578,25.083332061767578,25.416667938232422,12.462930679321289,415800,0.0,0.0
1998-06-15,25.0,25.166667938232422,24.791667938232422,24.916667938232422,12.217753410339355,485850,0.0,0.0
1998-06-16,25.166667938232422,25.291667938232422,24.666667938232422,24.916667938232422,12.217753410339355,478050,0.0,0.0
1998-06-17,24.5,25.125,24.375,24.5,12.013447761535645,1051500,0.0,0.0
1998-06-18,24.416667938232422,25.125,24.416667938232422,24.916667938232422,12.217753410339355,571200,0.0,0.0
1998-06-19,24.916667938232422,25.166667938232422,24.833332061767578,25.166667938232422,12.340347290039062,636300,0.0,0.0
1998-06-22,25.083332061767578,25.25,25.0,25.125,12.319906234741211,402000,0.0,0.0
1998-06-23,25.25,25.333332061767578,25.166667938232422,25.25,12.381210327148438,314700,0.0,0.0
1998-06-24,25.333332061767578,25.5,25.208332061767578,25.458332061767578,12.483362197875977,479700,0.0,0.0
1998-06-25,25.458332061767578,25.833332061767578,25.416667938232422,25.708332061767578,12.605950355529785,558300,0.0,0.0
1998-06-26,25.708332061767578,26.0,25.666667938232422,25.958332061767578,12.728536605834961,591150,0.0,0.0
1998-06-29,26.083332061767578,26.166667938232422,25.833332061767578,25.875,12.687667846679688,282450,0.0,0.0
1998-06-30,25.791667938232422,26.25,25.75,26.208332061767578,12.851117134094238,425400,0.0,0.0
1998-07-01,26.208332061767578,26.25,25.25,25.333332061767578,12.422070503234863,874500,0.0,0.0
1998-07-02,25.333332061767578,25.333332061767578,24.416667938232422,25.0,12.258621215820312,2067300,0.0,0.0
1998-07-06,25.083332061767578,25.666667938232422,25.083332061767578,25.541667938232422,12.524223327636719,463800,0.0,0.0
1998-07-07,25.75,26.125,25.541667938232422,26.125,12.810256004333496,293100,0.0,0.0
1998-07-08,26.041667938232422,26.083332061767578,25.791667938232422,26.0,12.748961448669434,383550,0.0,0.0
1998-07-09,26.166667938232422,26.333332061767578,26.083332061767578,26.208332061767578,12.851117134094238,571350,0.0,0.0
1998-07-10,26.291667938232422,26.75,26.291667938232422,26.625,13.055431365966797,663150,0.0,0.0
1998-07-13,26.625,26.666667938232422,26.208332061767578,26.333332061767578,12.912413597106934,387750,0.0,0.0
1998-07-14,26.416667938232422,26.583332061767578,25.833332061767578,26.041667938232422,12.769390106201172,1186350,0.0,0.0
1998-07-15,25.916667938232422,26.125,25.791667938232422,25.875,12.687667846679688,467850,0.0,0.0
1998-07-16,25.875,26.625,25.75,26.625,13.055431365966797,802200,0.0,0.0
1998-07-17,26.583332061767578,27.291667938232422,26.166667938232422,27.291667938232422,13.382330894470215,1000950,0.0,0.0
1998-07-20,27.208332061767578,27.208332061767578,26.833332061767578,27.125,13.300602912902832,954750,0.0,0.0
1998-07-21,27.041667938232422,27.041667938232422,26.5,26.625,13.055431365966797,663600,0.0,0.0
1998-07-22,26.541667938232422,26.583332061767578,26.291667938232422,26.5,12.99413776397705,320700,0.0,0.0
1998-07-23,26.416667938232422,26.416667938232422,25.333332061767578,25.416667938232422,12.462930679321289,574050,0.0,0.0
1998-07-24,25.416667938232422,25.416667938232422,25.0,25.208332061767578,12.360773086547852,595500,0.0,0.0
1998-07-27,25.208332061767578,25.208332061767578,24.333332061767578,24.75,12.136030197143555,655650,0.0,0.0
1998-07-28,24.75,25.166667938232422,24.583332061767578,24.666667938232422,12.095169067382812,443550,0.0,0.0
1998-07-29,24.833332061767578,24.916667938232422,24.208332061767578,24.333332061767578,11.931720733642578,589350,0.0,0.0
1998-07-30,24.416667938232422,24.708332061767578,24.416667938232422,24.541667938232422,12.060307502746582,714000,0.053333,0.0
1998-07-31,24.625,24.625,24.0,24.125,11.855554580688477,377100,0.0,0.0
1998-08-03,24.0,24.166667938232422,23.833332061767578,23.916667938232422,11.753172874450684,268050,0.0,0.0
1998-08-04,23.916667938232422,23.916667938232422,22.833332061767578,22.916667938232422,11.261752128601074,487350,0.0,0.0
1998-08-05,22.666667938232422,24.416667938232422,22.416667938232422,24.416667938232422,11.998878479003906,725100,0.0,0.0
1998-08-06,24.5,24.916667938232422,24.458332061767578,24.625,12.101262092590332,680700,0.0,0.0
1998-08-07,24.541667938232422,24.75,24.458332061767578,24.583332061767578,12.08078670501709,257400,0.0,0.0
1998-08-10,24.5,24.5,23.416667938232422,23.541667938232422,11.568892478942871,687000,0.0,0.0
1998-08-11,23.333332061767578,23.5,23.0,23.5,11.548419952392578,666900,0.0,0.0
1998-08-12,23.5,24.333332061767578,23.375,24.333332061767578,11.957930564880371,442650,0.0,0.0
1998-08-13,24.5,24.625,24.125,24.583332061767578,12.08078670501709,321900,0.0,0.0
1998-08-14,24.666667938232422,24.666667938232422,23.833332061767578,23.833332061767578,11.712220191955566,436950,0.0,0.0
1998-08-17,23.666667938232422,24.666667938232422,23.666667938232422,24.5,12.039837837219238,457200,0.0,0.0
1998-08-18,24.416667938232422,24.625,24.25,24.541667938232422,12.060307502746582,635550,0.0,0.0
1998-08-19,24.541667938232422,24.541667938232422,23.416667938232422,23.541667938232422,11.568892478942871,557100,0.0,0.0
1998-08-20,23.666667938232422,24.541667938232422,23.666667938232422,24.458332061767578,12.019355773925781,282000,0.0,0.0
1998-08-21,24.291667938232422,24.541667938232422,23.666667938232422,23.875,11.732696533203125,470100,0.0,0.0
1998-08-24,24.083332061767578,24.666667938232422,24.041667938232422,24.375,11.978407859802246,347400,0.0,0.0
1998-08-25,24.375,25.416667938232422,24.333332061767578,25.166667938232422,12.367452621459961,622500,0.0,0.0
1998-08-26,24.75,24.833332061767578,24.416667938232422,24.5,12.039837837219238,474600,0.0,0.0
1998-08-27,24.416667938232422,24.416667938232422,22.416667938232422,23.583332061767578,11.589366912841797,1090500,0.0,0.0
1998-08-28,23.583332061767578,24.125,22.75,23.208332061767578,11.405078887939453,583950,0.0,0.0
1998-08-31,23.125,23.166667938232422,20.75,20.875,10.258437156677246,504300,0.0,0.0
1998-09-01,21.333332061767578,23.041667938232422,21.333332061767578,23.041667938232422,11.323179244995117,724350,0.0,0.0
1998-09-02,23.833332061767578,23.916667938232422,23.0,23.333332061767578,11.466510772705078,581850,0.0,0.0
1998-09-03,23.166667938232422,23.166667938232422,22.166667938232422,22.291667938232422,10.954608917236328,856050,0.0,0.0
1998-09-04,22.291667938232422,22.625,21.166667938232422,21.291667938232422,10.4631929397583,709050,0.0,0.0
1998-09-08,21.791667938232422,23.208332061767578,21.75,23.208332061767578,11.405078887939453,534150,0.0,0.0
1998-09-09,23.208332061767578,23.208332061767578,22.25,22.291667938232422,10.954608917236328,519600,0.0,0.0
1998-09-10,22.291667938232422,22.291667938232422,21.708332061767578,21.75,10.688430786132812,340650,0.0,0.0
1998-09-11,21.791667938232422,22.708332061767578,21.75,22.583332061767578,11.097945213317871,356850,0.0,0.0
1998-09-14,22.583332061767578,22.583332061767578,21.958332061767578,22.0,10.811281204223633,441450,0.0,0.0
1998-09-15,22.0,22.229167938232422,21.625,22.166667938232422,10.893179893493652,577800,0.0,0.0
1998-09-16,22.166667938232422,22.208332061767578,20.0,20.5,10.07414436340332,1932750,0.0,0.0
1998-09-17,20.333332061767578,20.333332061767578,19.666667938232422,19.958332061767578,9.807963371276855,796350,0.0,0.0
1998-09-18,20.333332061767578,20.583332061767578,20.083332061767578,20.333332061767578,9.992242813110352,696600,0.0,0.0
1998-09-21,20.25,21.125,20.0,21.125,10.381285667419434,738750,0.0,0.0
1998-09-22,21.041667938232422,21.333332061767578,20.3125,20.458332061767578,10.053670883178711,1044900,0.0,0.0
1998-09-23,20.5,20.5,20.166667938232422,20.333332061767578,9.992242813110352,1051500,0.0,0.0
1998-09-24,20.166667938232422,20.416667938232422,20.041667938232422,20.166667938232422,9.91033935546875,599100,0.0,0.0
1998-09-25,20.083332061767578,20.708332061767578,19.75,20.666667938232422,10.15605354309082,1450950,0.0,0.0
1998-09-28,20.166667938232422,20.416667938232422,19.875,20.0,9.828442573547363,1775700,0.0,0.0
1998-09-29,20.041667938232422,20.375,19.75,20.333332061767578,9.992242813110352,775050,0.0,0.0
1998-09-30,20.166667938232422,20.375,19.666667938232422,19.708332061767578,9.685102462768555,812850,0.0,0.0
1998-10-01,19.833332061767578,19.958332061767578,19.333332061767578,19.666667938232422,9.664630889892578,1019250,0.0,0.0
1998-10-02,19.666667938232422,19.916667938232422,19.083332061767578,19.125,9.398445129394531,1318200,0.0,0.0
1998-10-05,19.375,19.708332061767578,19.041667938232422,19.041667938232422,9.357492446899414,555600,0.0,0.0
1998-10-06,19.125,19.625,19.125,19.375,9.521300315856934,882150,0.0,0.0
1998-10-07,19.458332061767578,20.583332061767578,19.333332061767578,20.5,10.07414436340332,878700,0.0,0.0
1998-10-08,20.416667938232422,20.416667938232422,19.75,20.25,9.951295852661133,844350,0.0,0.0
1998-10-09,20.166667938232422,20.208332061767578,19.541667938232422,19.666667938232422,9.664630889892578,775350,0.0,0.0
1998-10-12,19.833332061767578,20.208332061767578,19.625,19.708332061767578,9.685102462768555,379500,0.0,0.0
1998-10-13,19.708332061767578,19.791667938232422,18.666667938232422,19.083332061767578,9.37796688079834,1008750,0.0,0.0
1998-10-14,19.083332061767578,20.833332061767578,19.0,20.25,9.951295852661133,414000,0.0,0.0
1998-10-15,20.166667938232422,22.333332061767578,20.041667938232422,22.0,10.811281204223633,565350,0.0,0.0
1998-10-16,23.166667938232422,23.25,22.166667938232422,22.291667938232422,10.954608917236328,671700,0.0,0.0
1998-10-19,22.166667938232422,22.666667938232422,22.0,22.125,10.872710227966309,247200,0.0,0.0
1998-10-20,22.125,23.25,22.125,23.25,11.425558090209961,377850,0.0,0.0
1998-10-21,22.75,22.75,22.0,22.458332061767578,11.036516189575195,416850,0.0,0.0
1998-10-22,22.541667938232422,22.541667938232422,21.916667938232422,22.166667938232422,10.893179893493652,240150,0.0,0.0
1998-10-23,22.25,22.75,22.166667938232422,22.541667938232422,11.077461242675781,525900,0.0,0.0
1998-10-26,22.625,22.75,22.541667938232422,22.541667938232422,11.077461242675781,724800,0.0,0.0
1998-10-27,22.666667938232422,23.833332061767578,22.666667938232422,23.708332061767578,11.650790214538574,455700,0.0,0.0
1998-10-28,23.791667938232422,23.791667938232422,23.166667938232422,23.291667938232422,11.446043968200684,640650,0.0,0.0
1998-10-29,23.333332061767578,23.333332061767578,22.416667938232422,23.166667938232422,11.410734176635742,1038900,0.053333,0.0
1998-10-30,23.416667938232422,24.083332061767578,23.333332061767578,23.375,11.513348579406738,965700,0.0,0.0
1998-11-02,23.333332061767578,24.916667938232422,23.333332061767578,24.875,12.252172470092773,722400,0.0,0.0
1998-11-03,24.875,24.875,23.75,24.083332061767578,11.862236022949219,333600,0.0,0.0
1998-11-04,24.25,24.916667938232422,24.25,24.916667938232422,12.272689819335938,482100,0.0,0.0
1998-11-05,24.75,24.75,23.75,23.916667938232422,11.780147552490234,388500,0.0,0.0
1998-11-06,23.833332061767578,24.083332061767578,23.833332061767578,24.0,11.821192741394043,312600,0.0,0.0
1998-11-09,24.166667938232422,24.875,24.0,24.666667938232422,12.149560928344727,455700,0.0,0.0
1998-11-10,24.666667938232422,24.666667938232422,23.916667938232422,23.916667938232422,11.780147552490234,310050,0.0,0.0
1998-11-11,23.916667938232422,24.083332061767578,23.208332061767578,23.5,11.574921607971191,398850,0.0,0.0
1998-11-12,23.583332061767578,23.666667938232422,23.166667938232422,23.416667938232422,11.53387451171875,231600,0.0,0.0
1998-11-13,23.583332061767578,23.666667938232422,23.25,23.416667938232422,11.53387451171875,249600,0.0,0.0
1998-11-16,23.5,24.25,23.416667938232422,23.416667938232422,11.53387451171875,504300,0.0,0.0
1998-11-17,23.5,23.583332061767578,23.125,23.25,11.451777458190918,325950,0.0,0.0
1998-11-18,23.416667938232422,23.458332061767578,22.916667938232422,23.458332061767578,11.554394721984863,612000,0.0,0.0
1998-11-19,23.541667938232422,23.833332061767578,23.333332061767578,23.625,11.636483192443848,273900,0.0,0.0
1998-11-20,23.833332061767578,23.833332061767578,23.25,23.25,11.451777458190918,409950,0.0,0.0
1998-11-23,23.333332061767578,23.583332061767578,23.083332061767578,23.375,11.513348579406738,681900,0.0,0.0
1998-11-24,23.166667938232422,23.166667938232422,21.75,22.5,11.082372665405273,3338550,0.0,0.0
1998-11-25,22.75,23.041667938232422,22.583332061767578,22.875,11.267072677612305,1027800,0.0,0.0
1998-11-27,23.25,24.0,23.25,23.916667938232422,11.780147552490234,347850,0.0,0.0
1998-11-30,24.083332061767578,25.0,23.375,23.5,11.574921607971191,520500,0.0,0.0
1998-12-01,23.541667938232422,25.166667938232422,22.75,24.916667938232422,12.272689819335938,1108050,0.0,0.0
1998-12-02,25.083332061767578,25.458332061767578,24.583332061767578,25.416667938232422,12.518970489501953,1383150,0.0,0.0
1998-12-03,25.166667938232422,25.166667938232422,23.916667938232422,24.0,11.821192741394043,564600,0.0,0.0
1998-12-04,24.125,24.333332061767578,23.708332061767578,24.166667938232422,11.90328311920166,626550,0.0,0.0
1998-12-07,24.333332061767578,25.0,24.208332061767578,24.833332061767578,12.231650352478027,504900,0.0,0.0
1998-12-08,25.083332061767578,25.083332061767578,23.833332061767578,24.333332061767578,11.985376358032227,376200,0.0,0.0
1998-12-09,24.375,24.416667938232422,22.958332061767578,23.416667938232422,11.53387451171875,541650,0.0,0.0
1998-12-10,22.416667938232422,22.916667938232422,22.416667938232422,22.791667938232422,11.226029396057129,1461150,0.0,0.0
1998-12-11,22.75,23.583332061767578,22.75,23.375,11.513348579406738,366150,0.0,0.0
1998-12-14,23.416667938232422,23.416667938232422,22.166667938232422,22.25,10.959235191345215,979050,0.0,0.0
1998-12-15,22.25,22.583332061767578,21.416667938232422,21.541667938232422,10.610342025756836,1434600,0.0,0.0
1998-12-16,21.625,22.25,21.625,21.916667938232422,10.795052528381348,811050,0.0,0.0
1998-12-17,21.833332061767578,21.916667938232422,21.208332061767578,21.25,10.466686248779297,1087650,0.0,0.0
1998-12-18,21.333332061767578,21.875,21.208332061767578,21.708332061767578,10.692431449890137,787650,0.0,0.0
1998-12-21,21.791667938232422,22.333332061767578,21.75,21.833332061767578,10.754000663757324,686850,0.0,0.0
1998-12-22,21.833332061767578,22.25,20.583332061767578,20.666667938232422,10.179360389709473,1321950,0.0,0.0
1998-12-23,20.75,22.333332061767578,20.75,22.208332061767578,10.938703536987305,1820850,0.0,0.0
1998-12-24,22.208332061767578,22.583332061767578,22.125,22.25,10.959235191345215,217350,0.0,0.0
1998-12-28,22.166667938232422,22.958332061767578,21.833332061767578,22.833332061767578,11.24654483795166,512550,0.0,0.0
1998-12-29,22.75,23.5,22.75,23.5,11.574921607971191,570300,0.0,0.0
1998-12-30,23.5,24.166667938232422,23.5,24.083332061767578,11.862236022949219,824550,0.0,0.0
1998-12-31,24.0,24.833332061767578,23.875,24.083332061767578,11.862236022949219,950850,0.0,0.0
1999-01-04,24.25,24.583332061767578,23.75,23.833332061767578,11.739096641540527,694800,0.0,0.0
1999-01-05,23.833332061767578,24.333332061767578,23.75,24.25,11.944328308105469,482400,0.0,0.0
1999-01-06,24.083332061767578,24.916667938232422,24.083332061767578,24.666667938232422,12.149560928344727,483300,0.0,0.0
1999-01-07,24.5,24.541667938232422,23.416667938232422,23.666667938232422,11.65700912475586,481650,0.0,0.0
1999-01-08,23.833332061767578,23.916667938232422,22.833332061767578,22.875,11.267072677612305,535500,0.0,0.0
1999-01-11,23.041667938232422,24.125,23.041667938232422,23.791667938232422,11.718578338623047,865050,0.0,0.0
1999-01-12,23.625,23.75,23.333332061767578,23.375,11.513348579406738,576900,0.0,0.0
1999-01-13,23.083332061767578,24.333332061767578,22.75,23.916667938232422,11.780147552490234,789600,0.0,0.0
1999-01-14,23.833332061767578,24.291667938232422,23.666667938232422,23.916667938232422,11.780147552490234,864450,0.0,0.0
1999-01-15,23.916667938232422,24.0,23.791667938232422,24.0,11.821192741394043,662850,0.0,0.0
1999-01-19,23.916667938232422,23.916667938232422,23.25,23.25,11.451777458190918,324150,0.0,0.0
1999-01-20,23.583332061767578,23.875,23.166667938232422,23.75,11.698052406311035,889350,0.0,0.0
1999-01-21,23.916667938232422,23.916667938232422,23.083332061767578,23.166667938232422,11.410734176635742,405000,0.0,0.0
1999-01-22,23.0,23.083332061767578,22.708332061767578,23.0,11.328642845153809,534300,0.0,0.0
1999-01-25,23.166667938232422,23.166667938232422,22.5,22.958332061767578,11.308120727539062,657000,0.0,0.0
1999-01-26,22.958332061767578,23.75,22.791667938232422,23.5,11.574921607971191,948750,0.0,0.0
1999-01-27,23.5,23.5,22.75,23.083332061767578,11.369683265686035,273000,0.0,0.0
1999-01-28,23.166667938232422,23.166667938232422,22.791667938232422,22.958332061767578,11.334310531616211,372450,0.053333,0.0
1999-01-29,22.958332061767578,25.166667938232422,22.916667938232422,24.75,12.218835830688477,1292700,0.0,0.0
1999-02-01,24.791667938232422,24.791667938232422,23.666667938232422,23.666667938232422,11.684004783630371,631200,0.0,0.0
1999-02-02,23.5,24.708332061767578,23.291667938232422,24.666667938232422,12.17769718170166,927300,0.0,0.0
1999-02-03,24.666667938232422,25.5,24.5,25.0,12.342262268066406,1735050,0.0,0.0
1999-02-04,25.333332061767578,25.75,24.708332061767578,25.458332061767578,12.568535804748535,1499100,0.0,0.0
1999-02-05,25.5,25.583332061767578,25.0,25.333332061767578,12.506818771362305,1114650,0.0,0.0
1999-02-08,25.25,25.916667938232422,25.208332061767578,25.583332061767578,12.630242347717285,1205100,0.0,0.0
1999-02-09,25.666667938232422,26.333332061767578,25.333332061767578,25.333332061767578,12.506818771362305,1231650,0.0,0.0
1999-02-10,25.375,25.75,24.666667938232422,25.333332061767578,12.506818771362305,1092450,0.0,0.0
1999-02-11,25.333332061767578,26.041667938232422,25.166667938232422,26.0,12.835947036743164,1410300,0.0,0.0
1999-02-12,25.916667938232422,26.25,25.375,26.0,12.835947036743164,1064100,0.0,0.0
1999-02-16,26.083332061767578,26.583332061767578,26.083332061767578,26.375,13.021079063415527,1538550,0.0,0.0
1999-02-17,26.25,26.25,25.833332061767578,26.0,12.835947036743164,1201650,0.0,0.0
1999-02-18,25.833332061767578,25.833332061767578,25.083332061767578,25.375,12.52739429473877,1028400,0.0,0.0
1999-02-19,25.166667938232422,25.666667938232422,24.666667938232422,25.25,12.46568489074707,1516500,0.0,0.0
1999-02-22,25.333332061767578,26.25,25.291667938232422,26.0,12.835947036743164,1335750,0.0,0.0
1999-02-23,26.0,26.0,25.333332061767578,25.541667938232422,12.609673500061035,864150,0.0,0.0
1999-02-24,25.458332061767578,25.583332061767578,24.208332061767578,24.583332061767578,12.136551856994629,1104150,0.0,0.0
1999-02-25,24.583332061767578,25.125,24.5,24.916667938232422,12.301114082336426,711600,0.0,0.0
1999-02-26,25.0,25.083332061767578,24.583332061767578,24.708332061767578,12.198267936706543,904200,0.0,0.0
1999-03-01,24.5,25.208332061767578,24.416667938232422,24.666667938232422,12.17769718170166,671550,0.0,0.0
1999-03-02,24.708332061767578,25.208332061767578,24.708332061767578,25.125,12.403963088989258,715650,0.0,0.0
1999-03-03,25.125,26.166667938232422,24.958332061767578,26.0,12.835947036743164,1879050,0.0,0.0
1999-03-04,26.333332061767578,26.75,26.166667938232422,26.666667938232422,13.165075302124023,1990650,0.0,0.0
1999-03-05,26.916667938232422,27.291667938232422,26.916667938232422,27.0,13.329638481140137,1654050,0.0,0.0
1999-03-08,27.083332061767578,27.291667938232422,26.833332061767578,27.291667938232422,13.473628997802734,1909200,0.0,0.0
1999-03-09,27.458332061767578,27.791667938232422,27.416667938232422,27.583332061767578,13.61762523651123,1410900,0.0,0.0
1999-03-10,27.666667938232422,27.916667938232422,27.166667938232422,27.333332061767578,13.4941987991333,1045350,0.0,0.0
1999-03-11,27.25,28.0,27.208332061767578,27.833332061767578,13.741046905517578,1494000,0.0,0.0
1999-03-12,27.75,28.166667938232422,27.541667938232422,27.625,13.638191223144531,907200,0.0,0.0
1999-03-15,27.666667938232422,28.166667938232422,27.666667938232422,28.0,13.823339462280273,834000,0.0,0.0
1999-03-16,27.75,28.125,27.625,27.75,13.699907302856445,621300,0.0,1.5
1999-03-17,27.875,27.875,26.75,26.75,13.20621395111084,630100,0.0,0.0
1999-03-18,26.75,28.5,26.5,27.9375,13.792476654052734,998700,0.0,0.0
1999-03-19,28.0,28.75,27.75,28.5625,14.101035118103027,869400,0.0,0.0
1999-03-22,28.5625,29.0,28.25,28.625,14.13188362121582,629600,0.0,0.0
1999-03-23,29.0,29.0625,27.875,27.875,13.761619567871094,932900,0.0,0.0
1999-03-24,27.875,29.0,27.6875,28.125,13.885039329528809,680200,0.0,0.0
1999-03-25,28.625,28.75,28.25,28.625,14.13188362121582,584900,0.0,0.0
1999-03-26,28.125,30.125,27.8125,29.9375,14.779851913452148,970100,0.0,0.0
1999-03-29,29.8125,29.875,29.0,29.6875,14.656441688537598,807600,0.0,0.0
1999-03-30,29.625,30.375,29.375,29.875,14.748993873596191,861600,0.0,0.0
1999-03-31,30.125,30.375,28.9375,28.9375,14.28615951538086,612600,0.0,0.0
1999-04-01,29.0,29.1875,27.5625,28.25,13.946763038635254,967500,0.0,0.0
1999-04-05,28.5,29.0,28.5,28.875,14.255309104919434,602800,0.0,0.0
1999-04-06,28.9375,29.0,27.8125,27.875,13.761619567871094,974100,0.0,0.0
1999-04-07,28.125,28.625,28.0625,28.625,14.13188362121582,508200,0.0,0.0
1999-04-08,28.625,30.0,28.5,30.0,14.810712814331055,842800,0.0,0.0
1999-04-09,30.125,30.375,29.625,30.0625,14.841570854187012,896000,0.0,0.0
1999-04-12,29.875,30.375,29.5,30.25,14.93412971496582,676300,0.0,0.0
1999-04-13,30.5,30.8125,29.75,29.9375,14.779851913452148,1027400,0.0,0.0
1999-04-14,29.9375,30.5,29.75,30.125,14.87242317199707,962000,0.0,0.0
1999-04-15,31.75,33.875,31.625,32.0,15.798095703125,2045500,0.0,0.0
1999-04-16,32.5,33.0,32.1875,32.625,16.106643676757812,1572300,0.0,0.0
1999-04-19,33.125,34.25,32.625,32.9375,16.26093101501465,1147100,0.0,0.0
1999-04-20,32.9375,33.1875,32.0,32.0,15.798095703125,1127300,0.0,0.0
1999-04-21,32.0,32.375,30.6875,31.4375,15.520383834838867,1440500,0.0,0.0
1999-04-22,32.0,32.5,31.75,32.125,15.859801292419434,1102800,0.0,0.0
1999-04-23,32.0625,33.375,31.875,32.875,16.230070114135742,1042000,0.0,0.0
1999-04-26,34.375,34.5,33.375,34.5,17.032312393188477,1210800,0.0,0.0
1999-04-27,34.5,34.625,32.75,33.0,16.291786193847656,1331600,0.0,0.0
1999-04-28,33.5,33.8125,32.875,33.375,16.47691535949707,1119600,0.0,0.0
1999-04-29,33.25,33.5625,32.9375,32.9375,16.290218353271484,1046000,0.06,0.0
1999-04-30,33.1875,34.875,32.75,34.875,17.24845314025879,1417700,0.0,0.0
1999-05-03,35.25,37.0,35.25,36.5,18.05215072631836,3322800,0.0,0.0
1999-05-04,36.75,36.875,34.875,35.375,17.495758056640625,1542200,0.0,0.0
1999-05-05,35.625,35.625,34.25,34.6875,17.15572738647461,463600,0.0,0.0
1999-05-06,34.6875,36.0625,33.75,33.75,16.692052841186523,909900,0.0,0.0
1999-05-07,33.875,34.5,33.5625,33.875,16.75388526916504,884800,0.0,0.0
1999-05-10,34.25,34.25,31.5,32.25,15.950189590454102,1479400,0.0,0.0
1999-05-11,32.75,32.875,31.5,32.3125,15.981096267700195,1858600,0.0,0.0
1999-05-12,32.625,33.6875,32.25,33.5,16.568410873413086,1283300,0.0,0.0
1999-05-13,34.0,34.0,32.25,32.25,15.950189590454102,1024500,0.0,0.0
1999-05-14,31.5,31.875,30.75,31.25,15.45560359954834,1693000,0.0,0.0
1999-05-17,31.625,31.875,30.5,31.125,15.393780708312988,921700,0.0,0.0
1999-05-18,31.125,32.375,30.875,31.375,15.517427444458008,1266900,0.0,0.0
1999-05-19,31.625,32.125,29.6875,30.8125,15.239230155944824,1293400,0.0,0.0
1999-05-20,30.9375,31.25,30.25,30.4375,15.053757667541504,962900,0.0,0.0
1999-05-21,30.5625,30.75,28.75,29.4375,14.559186935424805,2301000,0.0,0.0
1999-05-24,29.875,30.75,29.625,29.625,14.651918411254883,2027200,0.0,0.0
1999-05-25,29.875,30.625,29.5,30.1875,14.930122375488281,1538000,0.0,0.0
1999-05-26,30.375,30.375,29.1875,29.625,14.651918411254883,1236900,0.0,0.0
1999-05-27,29.25,29.375,27.875,28.0,13.848235130310059,2037200,0.0,0.0
1999-05-28,28.375,29.5,28.25,28.75,14.219161987304688,735800,0.0,0.0
1999-06-01,28.5,29.0,27.75,28.75,14.219161987304688,1139000,0.0,0.0
1999-06-02,29.0,29.125,28.0625,28.125,13.910045623779297,812200,0.0,0.0
1999-06-03,28.125,29.1875,28.125,28.9375,14.31188678741455,820000,0.0,0.0
1999-06-04,29.25,29.25,28.75,29.0,14.342799186706543,1212700,0.0,0.0
1999-06-07,28.75,28.8125,27.375,27.625,13.662755966186523,891500,0.0,0.0
1999-06-08,27.5,27.875,27.0,27.4375,13.570026397705078,766500,0.0,0.0
1999-06-09,27.4375,28.375,27.4375,28.0,13.848235130310059,729300,0.0,0.0
1999-06-10,27.875,28.4375,27.625,27.75,13.724578857421875,664800,0.0,0.0
1999-06-11,27.8125,28.75,27.75,27.75,13.724578857421875,675100,0.0,0.0
1999-06-14,28.0,29.1875,28.0,29.125,14.404627799987793,642400,0.0,0.0
1999-06-15,28.625,29.125,28.0625,28.0625,13.879135131835938,602100,0.0,0.0
1999-06-16,28.1875,29.4375,28.125,29.0625,14.373716354370117,1461900,0.0,0.0
1999-06-17,29.0,29.4375,28.5,29.0,14.342799186706543,744600,0.0,0.0
1999-06-18,29.5,29.5,29.0,29.375,14.528265953063965,648600,0.0,0.0
1999-06-21,29.3125,29.3125,28.5625,29.0625,14.373716354370117,538700,0.0,0.0
1999-06-22,29.0,29.5,28.5,28.75,14.219161987304688,958500,0.0,0.0
1999-06-23,28.9375,29.0,28.125,28.8125,14.250070571899414,616500,0.0,0.0
1999-06-24,28.625,28.625,28.0625,28.4375,14.064607620239258,644500,0.0,0.0
1999-06-25,28.3125,28.3125,27.4375,27.5625,13.631852149963379,605900,0.0,0.0
1999-06-28,27.5625,27.625,27.1875,27.4375,13.570026397705078,657100,0.0,0.0
1999-06-29,27.3125,28.0625,26.5,27.75,13.724578857421875,1566100,0.0,0.0
1999-06-30,27.5,28.25,26.6875,27.9375,13.817317008972168,541700,0.0,0.0
1999-07-01,27.9375,27.9375,27.0,27.3125,13.50820541381836,650400,0.0,0.0
1999-07-02,27.25,27.375,26.6875,27.3125,13.50820541381836,463900,0.0,0.0
1999-07-06,26.875,27.125,25.9375,26.125,12.920886993408203,1235900,0.0,0.0
1999-07-07,26.0625,27.1875,26.0,26.875,13.29181957244873,938300,0.0,0.0
1999-07-08,26.75,26.75,25.25,25.25,12.488138198852539,1362000,0.0,0.0
1999-07-09,25.5,26.125,25.25,25.25,12.488138198852539,2229200,0.0,0.0
1999-07-12,25.5,25.75,24.125,24.25,11.993551254272461,1321800,0.0,0.0
1999-07-13,24.5,25.4375,24.5,25.25,12.488138198852539,3560100,0.0,0.0
1999-07-14,25.5625,26.3125,25.375,26.1875,12.951801300048828,1266000,0.0,0.0
1999-07-15,27.6875,28.625,27.25,27.625,13.662755966186523,5659500,0.0,0.0
1999-07-16,28.125,28.5625,27.5625,27.625,13.662755966186523,2229200,0.0,0.0
1999-07-19,28.25,28.3125,27.75,28.0,13.848235130310059,1037700,0.0,0.0
1999-07-20,28.0625,28.25,26.9375,27.3125,13.50820541381836,835900,0.0,0.0
1999-07-21,27.3125,27.4375,26.9375,27.1875,13.446370124816895,915100,0.0,0.0
1999-07-22,27.0,27.125,26.5,26.5,13.106350898742676,945700,0.0,0.0
1999-07-23,26.75,27.125,26.75,27.0,13.353647232055664,863300,0.0,0.0
1999-07-26,26.375,26.5625,25.375,25.75,12.73542594909668,943800,0.0,0.0
1999-07-27,26.0,26.0625,25.5625,25.8125,12.766335487365723,1412600,0.0,0.0
1999-07-28,26.0625,26.3125,25.875,26.0,12.859063148498535,660800,0.0,0.0
1999-07-29,25.375,26.1875,25.0625,25.75,12.764883041381836,777600,0.06,0.0
1999-07-30,26.0,26.25,25.6875,26.0,12.888810157775879,633100,0.0,0.0
1999-08-02,26.625,27.25,26.125,26.4375,13.105688095092773,989900,0.0,0.0
1999-08-03,26.3125,26.5625,25.625,25.9375,12.857828140258789,783200,0.0,0.0
1999-08-04,25.8125,26.8125,25.75,26.125,12.950772285461426,1114100,0.0,0.0
1999-08-05,26.125,27.1875,25.875,26.5625,13.167651176452637,1229800,0.0,0.0
1999-08-06,26.3125,26.6875,26.0,26.375,13.074705123901367,382200,0.0,0.0
1999-08-09,26.375,26.5,25.5,25.625,12.702914237976074,460700,0.0,0.0
1999-08-10,25.25,25.25,24.125,24.625,12.207189559936523,835400,0.0,0.0
1999-08-11,24.625,25.4375,24.625,25.25,12.517024040222168,829200,0.0,0.0
1999-08-12,25.5,25.9375,25.0,25.5625,12.671932220458984,463000,0.0,0.0
1999-08-13,27.0,27.1875,26.625,26.875,13.322566032409668,1081300,0.0,0.0
1999-08-16,27.0,27.125,26.75,26.8125,13.291582107543945,653100,0.0,0.0
1999-08-17,26.9375,27.0,26.625,26.6875,13.229619026184082,399800,0.0,0.0
1999-08-18,26.6875,26.6875,25.75,25.9375,12.857828140258789,905100,0.0,0.0
1999-08-19,25.8125,25.875,25.5,25.5,12.64095687866211,419700,0.0,0.0
1999-08-20,25.75,26.25,25.625,26.0,12.888810157775879,305000,0.0,0.0
1999-08-23,26.0,26.25,25.6875,25.8125,12.79586410522461,726500,0.0,0.0
1999-08-24,25.9375,25.9375,25.125,25.375,12.578984260559082,476700,0.0,0.0
1999-08-25,26.0,26.5,25.625,26.5,13.136665344238281,605600,0.0,0.0
1999-08-26,26.5,27.375,26.5,26.75,13.260601043701172,745200,0.0,0.0
1999-08-27,26.75,26.8125,25.6875,26.0,12.888810157775879,292300,0.0,0.0
1999-08-30,25.25,25.6875,25.0625,25.1875,12.486030578613281,388800,0.0,0.0
1999-08-31,25.1875,25.25,24.3125,24.4375,12.114243507385254,966900,0.0,0.0
1999-09-01,24.5,24.625,23.75,24.5625,12.176210403442383,499600,0.0,0.0
1999-09-02,24.5625,24.75,23.875,24.5625,12.176210403442383,430600,0.0,0.0
1999-09-03,24.5625,25.25,24.5,24.9375,12.362106323242188,736100,0.0,0.0
1999-09-07,25.125,25.75,25.125,25.25,12.517024040222168,583700,0.0,0.0
1999-09-08,25.125,25.25,24.8125,24.8125,12.300135612487793,404600,0.0,0.0
1999-09-09,25.875,26.375,24.0625,24.5,12.145227432250977,1877900,0.0,0.0
1999-09-10,24.75,25.0625,24.625,24.8125,12.300135612487793,2091800,0.0,0.0
1999-09-13,24.75,24.8125,24.125,24.25,12.021294593811035,785500,0.0,0.0
1999-09-14,24.25,24.6875,23.875,23.9375,11.866379737854004,568700,0.0,0.0
1999-09-15,24.4375,24.5,23.1875,23.1875,11.49459171295166,804500,0.0,0.0
1999-09-16,23.375,24.0,22.625,22.6875,11.246723175048828,1042000,0.0,0.0
1999-09-17,22.875,23.1875,22.625,22.625,11.215740203857422,1165600,0.0,0.0
1999-09-20,22.75,23.0,22.6875,22.8125,11.308695793151855,499900,0.0,0.0
1999-09-21,22.5625,22.875,22.1875,22.1875,10.998862266540527,1085300,0.0,0.0
1999-09-22,22.375,23.25,21.9375,22.25,11.029850006103516,819400,0.0,0.0
1999-09-23,22.375,22.75,22.125,22.375,11.091813087463379,890800,0.0,0.0
1999-09-24,22.4375,23.4375,22.375,22.8125,11.308695793151855,763800,0.0,0.0
1999-09-27,22.8125,23.0625,22.3125,22.3125,11.06082820892334,416900,0.0,0.0
1999-09-28,22.0625,22.3125,21.5,21.875,10.843948364257812,1012100,0.0,0.0
1999-09-29,21.9375,22.3125,21.875,22.0625,10.936901092529297,808900,0.0,0.0
1999-09-30,22.125,22.25,21.4375,21.5,10.658053398132324,823600,0.0,0.0
1999-10-01,21.75,22.25,21.25,22.0625,10.936901092529297,1321200,0.0,0.0
1999-10-04,20.75,21.375,19.0,20.3125,10.069384574890137,3099600,0.0,0.0
1999-10-05,20.875,21.75,20.75,21.375,10.596088409423828,2167600,0.0,0.0
1999-10-06,23.0,23.0,21.5625,21.875,10.843948364257812,1203200,0.0,0.0
1999-10-07,21.875,21.9375,20.875,21.0,10.410189628601074,939400,0.0,0.0
1999-10-08,21.0,21.125,20.125,20.1875,10.007414817810059,1445300,0.0,0.0
1999-10-11,20.5625,22.0625,20.5625,21.9375,10.87492847442627,841600,0.0,0.0
1999-10-12,22.1875,22.5,21.6875,21.875,10.843948364257812,973300,0.0,0.0
1999-10-13,21.625,21.9375,20.875,20.9375,10.37921142578125,1054000,0.0,0.0
1999-10-14,20.9375,21.0,18.25,19.25,9.542677879333496,4661200,0.0,0.0
1999-10-15,19.0,19.0,17.875,18.5625,9.201865196228027,3883900,0.0,0.0
1999-10-18,18.8125,19.0625,18.5,19.0,9.418743133544922,1532200,0.0,0.0
1999-10-19,19.0,19.625,18.75,18.8125,9.32579517364502,1578400,0.0,0.0
1999-10-20,18.875,19.375,18.75,18.9375,9.387763977050781,1116700,0.0,0.0
1999-10-21,18.9375,19.0625,18.125,18.1875,9.015970230102539,1804500,0.0,0.0
1999-10-22,18.3125,18.625,18.125,18.5,9.17088508605957,1174300,0.0,0.0
1999-10-25,18.5,19.0,18.125,18.625,9.232851028442383,1159100,0.0,0.0
1999-10-26,19.0625,19.375,18.5,18.5625,9.201865196228027,1170800,0.0,0.0
1999-10-27,18.5625,19.375,18.5625,19.25,9.542677879333496,1348600,0.0,0.0
1999-10-28,19.375,21.875,19.3125,21.0,10.442739486694336,2439300,0.06,0.0
1999-10-29,22.0,22.75,20.4375,20.625,10.256261825561523,2069100,0.0,0.0
1999-11-01,20.6875,21.25,20.3125,20.375,10.131946563720703,687500,0.0,0.0
1999-11-02,20.4375,21.0,20.375,20.5625,10.22518253326416,713000,0.0,0.0
1999-11-03,20.625,21.9375,20.5625,21.5,10.691376686096191,2376800,0.0,0.0
1999-11-04,22.0,22.0625,21.5625,21.9375,10.90893268585205,851000,0.0,0.0
1999-11-05,22.25,23.4375,22.25,23.0625,11.468366622924805,1674900,0.0,0.0
1999-11-08,23.125,23.3125,21.9375,22.4375,11.157572746276855,1271300,0.0,0.0
1999-11-09,23.0,23.375,21.75,22.0,10.940016746520996,1173200,0.0,0.0
1999-11-10,22.0,22.375,22.0,22.1875,11.033252716064453,863700,0.0,0.0
1999-11-11,22.625,22.6875,21.875,22.0625,10.971096992492676,1055700,0.0,0.0
1999-11-12,22.3125,22.375,21.6875,22.0,10.940016746520996,792900,0.0,0.0
1999-11-15,22.0,23.5625,22.0,23.3125,11.592683792114258,1238500,0.0,0.0
1999-11-16,24.0,24.25,23.375,23.5,11.685929298400879,993800,0.0,0.0
1999-11-17,23.625,23.6875,22.625,23.25,11.561604499816895,668200,0.0,0.0
1999-11-18,23.125,23.1875,22.5,22.8125,11.344056129455566,519100,0.0,0.0
1999-11-19,22.5625,23.1875,22.5,22.9375,11.406213760375977,507300,0.0,0.0
1999-11-22,22.875,22.9375,21.875,22.0,10.940016746520996,1254300,0.0,0.0
1999-11-23,22.0,22.1875,21.5625,21.9375,10.90893268585205,783800,0.0,0.0
1999-11-24,22.125,23.0,22.125,22.75,11.312965393066406,867300,0.0,0.0
1999-11-26,22.75,23.125,22.75,22.9375,11.406213760375977,486700,0.0,0.0
1999-11-29,23.125,23.125,22.375,22.375,11.126494407653809,974900,0.0,0.0
1999-11-30,22.375,22.75,21.5625,21.5625,10.722451210021973,916400,0.0,0.0
1999-12-01,21.8125,22.1875,21.5,21.5,10.691376686096191,622400,0.0,0.0
1999-12-02,21.75,21.875,20.625,20.8125,10.34950065612793,887100,0.0,0.0
1999-12-03,21.0625,21.25,20.5625,20.8125,10.34950065612793,724000,0.0,0.0
1999-12-06,21.875,21.875,21.0625,21.4375,10.660298347473145,541000,0.0,0.0
1999-12-07,21.625,21.8125,19.9375,21.25,10.56706428527832,1747600,0.0,0.0
1999-12-08,23.0,23.0,21.5625,22.125,11.002175331115723,2060100,0.0,0.0
1999-12-09,22.0625,22.25,20.0625,20.125,10.007625579833984,2138200,0.0,0.0
1999-12-10,20.625,21.0,20.3125,21.0,10.442739486694336,1875100,0.0,0.0
1999-12-13,21.0,21.0,20.25,20.375,10.131946563720703,899900,0.0,0.0
1999-12-14,20.125,20.625,19.25,19.25,9.57251262664795,1186700,0.0,0.0
1999-12-15,19.375,19.4375,17.5625,18.0625,8.982003211975098,3796700,0.0,0.0
1999-12-16,18.3125,18.75,17.5,17.9375,8.919842720031738,1890000,0.0,0.0
1999-12-17,17.9375,19.1875,17.9375,18.625,9.261720657348633,2477700,0.0,0.0
1999-12-20,18.25,18.6875,17.625,17.6875,8.795524597167969,1663800,0.0,0.0
1999-12-21,17.6875,17.9375,16.875,17.375,8.64012622833252,1747600,0.0,0.0
1999-12-22,17.25,17.25,17.0,17.1875,8.546883583068848,959100,0.0,0.0
1999-12-23,17.125,18.4375,17.0625,18.125,9.013081550598145,1678000,0.0,0.0
1999-12-27,18.25,18.9375,18.25,18.25,9.075241088867188,1074100,0.0,0.0
1999-12-28,18.25,18.5625,18.0625,18.1875,9.044159889221191,1010100,0.0,0.0
1999-12-29,18.8125,18.9375,18.0,18.125,9.013081550598145,630400,0.0,0.0
1999-12-30,18.0625,18.6875,17.9375,18.625,9.261720657348633,1156400,0.0,0.0
1999-12-31,18.4375,19.125,18.3125,18.9375,9.417113304138184,695800,0.0,0.0
2000-01-03,18.8125,18.9375,18.375,18.4375,9.168478012084961,919500,0.0,0.0
2000-01-04,18.375,18.5625,17.1875,17.25,8.57796573638916,1595100,0.0,0.0
2000-01-05,17.1875,17.1875,16.375,16.4375,8.173932075500488,1963700,0.0,0.0
2000-01-06,16.4375,16.4375,15.8125,16.0,7.9563751220703125,3379300,0.0,0.0
2000-01-07,16.0,16.75,15.875,16.5625,8.236093521118164,2481600,0.0,0.0
2000-01-10,16.5625,17.4375,16.5625,17.3125,8.609046936035156,1366800,0.0,0.0
2000-01-11,17.25,17.4375,16.875,16.875,8.391487121582031,1607900,0.0,0.0
2000-01-12,17.0,17.375,16.9375,17.125,8.515801429748535,751200,0.0,0.0
2000-01-13,17.0625,17.375,17.0,17.0,8.453648567199707,717900,0.0,0.0
2000-01-14,17.0625,17.125,16.5,16.5,8.205013275146484,834200,0.0,0.0
2000-01-18,16.3125,16.75,16.3125,16.375,8.142849922180176,585800,0.0,0.0
2000-01-19,16.375,16.5,15.875,16.0,7.9563751220703125,1707900,0.0,0.0
2000-01-20,16.0625,16.0625,15.375,15.5,7.70773983001709,1500700,0.0,0.0
2000-01-21,15.625,16.125,15.4375,15.5,7.70773983001709,1731700,0.0,0.0
2000-01-24,15.5625,16.0625,15.5,15.8125,7.863133430480957,1244900,0.0,0.0
2000-01-25,15.75,15.875,15.0625,15.375,7.645580768585205,1172500,0.0,0.0
2000-01-26,15.1875,15.6875,15.0625,15.6875,7.800973892211914,1271900,0.0,0.0
2000-01-27,15.3125,15.875,15.3125,15.5,7.70773983001709,556900,0.0,0.0
2000-01-28,15.8125,15.8125,15.1875,15.5,7.737689971923828,610600,0.06,0.0
2000-01-31,15.5,15.8125,15.0,15.0,7.488089561462402,1270600,0.0,0.0
2000-02-01,15.125,15.375,14.9375,15.25,7.612890720367432,1045200,0.0,0.0
2000-02-02,15.375,16.5,15.3125,15.6875,7.831289291381836,1542900,0.0,0.0
2000-02-03,15.6875,16.75,15.6875,16.4375,8.205693244934082,1403900,0.0,0.0
2000-02-04,16.625,16.75,15.6875,15.875,7.924891948699951,1407500,0.0,0.0
2000-02-07,16.0625,16.375,15.8125,16.0625,8.0184907913208,1079000,0.0,0.0
2000-02-08,16.5,16.75,15.5,16.25,8.11209487915039,2469800,0.0,0.0
2000-02-09,16.25,16.3125,15.25,15.75,7.862493515014648,974800,0.0,0.0
2000-02-10,15.5,15.5625,14.875,15.0,7.488089561462402,1901400,0.0,0.0
2000-02-11,15.0625,15.3125,14.375,15.0625,7.519289970397949,1987100,0.0,0.0
2000-02-14,15.25,16.125,15.25,15.8125,7.893692970275879,2054700,0.0,0.0
2000-02-15,15.9375,16.3125,15.8125,15.875,7.924891948699951,1586600,0.0,0.0
2000-02-16,15.875,16.125,15.625,15.8125,7.893692970275879,1465700,0.0,0.0
2000-02-17,15.8125,15.9375,15.4375,15.5,7.737689971923828,967900,0.0,0.0
2000-02-18,15.4375,16.1875,15.25,15.375,7.675290584564209,1651700,0.0,0.0
2000-02-22,15.4375,15.8125,15.1875,15.5,7.737689971923828,1094600,0.0,0.0
2000-02-23,15.4375,15.4375,14.9375,15.0625,7.519289970397949,854900,0.0,0.0
2000-02-24,15.0625,15.125,14.4375,14.5,7.238483905792236,1243300,0.0,0.0
2000-02-25,14.5625,16.0625,14.5,16.0,7.987294673919678,2724600,0.0,0.0
2000-02-28,15.9375,16.0625,15.3125,15.75,7.862493515014648,1804600,0.0,0.0
2000-02-29,15.75,16.0625,15.625,15.75,7.862493515014648,1321300,0.0,0.0
2000-03-01,15.75,15.9375,15.375,15.375,7.675290584564209,1642200,0.0,0.0
2000-03-02,15.375,15.5625,15.1875,15.25,7.612890720367432,1344800,0.0,0.0
2000-03-03,15.25,15.625,15.1875,15.625,7.80009126663208,922500,0.0,0.0
2000-03-06,15.375,15.375,15.1875,15.3125,7.644091606140137,906200,0.0,0.0
2000-03-07,15.25,15.25,14.375,14.5,7.238483905792236,1541300,0.0,0.0
2000-03-08,14.375,14.4375,13.75,14.125,7.051285266876221,1557300,0.0,0.0
2000-03-09,14.25,14.6875,13.9375,14.625,7.300881862640381,714700,0.0,0.0
2000-03-10,14.0625,14.6875,14.0,14.375,7.176085472106934,926500,0.0,0.0
2000-03-13,14.375,14.75,14.1875,14.5,7.238483905792236,708300,0.0,0.0
2000-03-14,14.5,14.75,14.375,14.5625,7.2696852684021,893000,0.0,0.0
2000-03-15,14.5625,15.125,14.5625,15.0,7.488089561462402,1084300,0.0,0.0
2000-03-16,15.0,15.6875,15.0,15.5,7.737689971923828,1501400,0.0,0.0
2000-03-17,15.5,15.8125,15.4375,15.6875,7.831289291381836,908000,0.0,0.0
2000-03-20,15.9375,16.125,15.75,15.9375,7.956093788146973,610600,0.0,0.0
2000-03-21,15.9375,16.3125,15.875,16.125,8.049694061279297,960800,0.0,0.0
2000-03-22,16.125,16.375,16.0625,16.125,8.049694061279297,1134600,0.0,0.0
2000-03-23,16.125,16.4375,16.0625,16.375,8.174493789672852,1236200,0.0,0.0
2000-03-24,16.3125,16.875,16.3125,16.5625,8.268101692199707,1141700,0.0,0.0
2000-03-27,16.5625,16.9375,16.4375,16.875,8.42409610748291,2121700,0.0,0.0
2000-03-28,16.8125,17.5,16.5,17.0,8.486499786376953,1561000,0.0,0.0
2000-03-29,17.0,17.25,15.625,16.0,7.987294673919678,1802100,0.0,0.0
2000-03-30,16.125,16.75,16.0,16.6875,8.330499649047852,1133400,0.0,0.0
2000-03-31,16.5,17.25,16.375,16.6875,8.330499649047852,1103800,0.0,0.0
2000-04-03,16.625,16.8125,16.375,16.625,8.299296379089355,446400,0.0,0.0
2000-04-04,16.6875,17.0,15.375,16.625,8.299296379089355,683200,0.0,0.0
2000-04-05,16.6875,17.1875,16.25,16.875,8.42409610748291,542900,0.0,0.0
2000-04-06,17.25,17.375,16.875,17.375,8.673701286315918,1474100,0.0,0.0
2000-04-07,17.375,17.875,16.8125,16.9375,8.455300331115723,981900,0.0,0.0
2000-04-10,17.0,17.5625,16.6875,17.5,8.736100196838379,955800,0.0,0.0
2000-04-11,17.3125,17.75,17.0625,17.5,8.736100196838379,642100,0.0,0.0
2000-04-12,17.625,17.75,16.5,16.625,8.299296379089355,706800,0.0,0.0
2000-04-13,17.0,17.125,16.75,16.9375,8.455300331115723,465100,0.0,0.0
2000-04-14,16.5,16.9375,15.25,15.5,7.737689971923828,1206600,0.0,0.0
2000-04-17,15.0,15.8125,15.0,15.8125,7.893692970275879,840200,0.0,0.0
2000-04-18,15.8125,16.0,15.6875,16.0,7.987294673919678,713400,0.0,0.0
2000-04-19,16.0,16.4375,16.0,16.125,8.049694061279297,570400,0.0,0.0
2000-04-20,15.875,16.125,15.5,15.625,7.80009126663208,590000,0.0,0.0
2000-04-24,15.8125,15.9375,15.625,15.75,7.862493515014648,492100,0.0,0.0
2000-04-25,16.125,16.25,15.6875,16.0625,8.0184907913208,858700,0.0,0.0
2000-04-26,16.0625,16.4375,15.8125,16.25,8.11209487915039,476000,0.0,0.0
2000-04-27,16.375,16.4375,15.875,16.3125,8.173474311828613,490400,0.06,0.0
2000-04-28,16.25,16.375,15.625,15.9375,7.985579967498779,337600,0.0,0.0
2000-05-01,15.875,16.1875,15.5,16.0,8.01689338684082,479100,0.0,0.0
2000-05-02,15.6875,15.9375,15.5,15.6875,7.860311031341553,458800,0.0,0.0
2000-05-03,15.75,16.0,15.375,15.5625,7.797682762145996,532900,0.0,0.0
2000-05-04,15.3125,15.6875,15.3125,15.375,7.703735828399658,989200,0.0,0.0
2000-05-05,15.5,15.75,15.375,15.625,7.828999996185303,356700,0.0,0.0
2000-05-08,15.375,15.6875,15.375,15.6875,7.860311031341553,276800,0.0,0.0
2000-05-09,15.6875,16.0,15.5625,16.0,8.01689338684082,810700,0.0,0.0
2000-05-10,15.75,15.9375,15.625,15.9375,7.985579967498779,471500,0.0,0.0
2000-05-11,16.0,16.375,15.9375,16.375,8.204789161682129,587600,0.0,0.0
2000-05-12,16.3125,17.0,16.25,16.8125,8.424004554748535,1034000,0.0,0.0
2000-05-15,16.375,17.375,16.375,17.375,8.705850601196289,721400,0.0,0.0
2000-05-16,17.25,17.625,16.9375,17.625,8.83110523223877,604500,0.0,0.0
2000-05-17,17.5625,17.625,17.0625,17.4375,8.737157821655273,316100,0.0,0.0
2000-05-18,17.4375,18.5625,17.4375,18.125,9.081634521484375,810700,0.0,0.0
2000-05-19,17.75,18.0,17.0625,17.125,8.58057975769043,465400,0.0,0.0
2000-05-22,17.5,17.5,16.6875,16.9375,8.486637115478516,353100,0.0,0.0
2000-05-23,16.9375,17.375,16.875,17.25,8.643211364746094,419600,0.0,0.0
2000-05-24,17.5,17.5,16.8125,17.0625,8.549263954162598,424700,0.0,0.0
2000-05-25,17.125,17.5625,16.875,17.0625,8.549263954162598,462900,0.0,0.0
2000-05-26,17.0,17.0625,16.3125,16.4375,8.236109733581543,714100,0.0,0.0
2000-05-30,16.5,16.8125,15.9375,16.3125,8.173474311828613,712100,0.0,0.0
2000-05-31,16.375,16.625,16.3125,16.375,8.204789161682129,491700,0.0,0.0
2000-06-01,16.125,16.4375,16.0625,16.4375,8.236109733581543,431300,0.0,0.0
2000-06-02,16.5,17.6875,16.5,17.125,8.58057975769043,858400,0.0,0.0
2000-06-05,17.375,17.375,16.625,16.6875,8.361368179321289,883400,0.0,0.0
2000-06-06,16.5625,16.6875,16.4375,16.4375,8.236109733581543,485000,0.0,0.0
2000-06-07,16.5,16.6875,16.4375,16.5625,8.29874038696289,548000,0.0,0.0
2000-06-08,16.375,16.5,16.0625,16.125,8.079524993896484,686900,0.0,0.0
2000-06-09,16.125,16.75,16.125,16.4375,8.236109733581543,811700,0.0,0.0
2000-06-12,16.5,16.75,16.4375,16.5625,8.29874038696289,748100,0.0,0.0
2000-06-13,16.625,17.4375,16.625,17.0,8.517948150634766,749500,0.0,0.0
2000-06-14,16.875,17.5,16.875,17.375,8.705850601196289,524600,0.0,0.0
2000-06-15,17.625,17.6875,17.375,17.5,8.768477439880371,753300,0.0,0.0
2000-06-16,17.6875,17.75,17.125,17.3125,8.674532890319824,660100,0.0,0.0
2000-06-19,17.4375,17.75,16.8125,16.875,8.455316543579102,521900,0.0,0.0
2000-06-20,17.125,17.125,16.1875,16.8125,8.424004554748535,584100,0.0,0.0
2000-06-21,16.75,17.3125,16.6875,16.875,8.455316543579102,658400,0.0,0.0
2000-06-22,16.8125,16.9375,16.375,16.625,8.330056190490723,465100,0.0,0.0
2000-06-23,16.375,17.0625,16.3125,16.875,8.455316543579102,537500,0.0,0.0
2000-06-26,16.75,17.125,16.75,16.875,8.455316543579102,369100,0.0,0.0
2000-06-27,16.75,17.0625,16.75,17.0,8.517948150634766,536900,0.0,0.0
2000-06-28,17.0625,17.25,17.0,17.203125,8.619729042053223,430600,0.0,0.0
2000-06-29,17.0625,17.1875,16.625,17.0625,8.549263954162598,404000,0.0,0.0
2000-06-30,17.0,17.125,15.0625,15.0625,7.5471510887146,933200,0.0,0.0
2000-07-03,16.0,17.0,16.0,16.8125,8.424004554748535,582100,0.0,0.0
2000-07-05,16.9375,17.8125,16.8125,17.0625,8.549263954162598,972500,0.0,0.0
2000-07-06,16.8125,17.0625,16.8125,16.9375,8.486637115478516,643300,0.0,0.0
2000-07-07,17.0,17.0,16.6875,16.75,8.39268970489502,287900,0.0,0.0
2000-07-10,16.75,16.875,16.625,16.6875,8.361368179321289,416700,0.0,0.0
2000-07-11,16.75,16.75,16.1875,16.3125,8.173474311828613,531800,0.0,0.0
2000-07-12,16.3125,16.4375,15.75,15.8125,7.922938823699951,581300,0.0,0.0
2000-07-13,15.8125,16.5,15.6875,16.4375,8.236109733581543,821000,0.0,0.0
2000-07-14,16.4375,16.6875,16.4375,16.625,8.330056190490723,760900,0.0,0.0
2000-07-17,16.6875,16.875,16.5,16.5625,8.29874038696289,367400,0.0,0.0
2000-07-18,16.5,16.625,16.3125,16.3125,8.173474311828613,238900,0.0,0.0
2000-07-19,16.3125,16.3125,15.9375,15.9375,7.985579967498779,223100,0.0,0.0
2000-07-20,13.25,13.5,12.0625,12.0625,6.043989181518555,6313900,0.0,0.0
2000-07-21,11.8125,11.875,10.375,11.0,5.511612892150879,6054900,0.0,0.0
2000-07-24,11.5,11.8125,11.1875,11.6875,5.856088161468506,1741100,0.0,0.0
2000-07-25,11.875,11.9375,11.5,11.5625,5.793456554412842,918400,0.0,0.0
2000-07-26,11.5625,12.4375,11.5625,11.6875,5.856088161468506,1455500,0.0,0.0
2000-07-27,11.75,12.0,11.6875,12.0,6.012671947479248,518400,0.0,0.0
2000-07-28,11.875,12.0,11.0625,11.25,5.665205001831055,668400,0.06,0.0
2000-07-31,11.125,11.5,11.125,11.375,5.728148937225342,585900,0.0,0.0
2000-08-01,11.25,11.375,11.0,11.125,5.602256774902344,1134100,0.0,0.0
2000-08-02,11.25,11.8125,11.1875,11.1875,5.633730888366699,491100,0.0,0.0
2000-08-03,11.1875,11.25,10.5625,10.75,5.413417339324951,1029700,0.0,0.0
2000-08-04,10.75,11.0,10.1875,10.3125,5.19310188293457,2131800,0.0,0.0
2000-08-07,10.4375,10.875,10.375,10.8125,5.4448933601379395,1413300,0.0,0.0
2000-08-08,10.5625,10.8125,10.5,10.625,5.350472927093506,809700,0.0,0.0
2000-08-09,10.5,10.6875,10.5,10.625,5.350472927093506,929700,0.0,0.0
2000-08-10,10.625,11.0625,10.625,11.0,5.53931188583374,1212800,0.0,0.0
2000-08-11,10.9375,11.0,10.75,10.875,5.476363658905029,614300,0.0,0.0
2000-08-14,10.9375,11.125,10.875,11.125,5.602256774902344,2205200,0.0,0.0
2000-08-15,11.125,11.125,10.625,10.625,5.350472927093506,921900,0.0,0.0
2000-08-16,10.75,11.0625,10.5625,10.8125,5.4448933601379395,3032800,0.0,0.0
2000-08-17,10.75,11.0,10.5,10.875,5.476363658905029,897600,0.0,0.0
2000-08-18,10.8125,11.3125,10.8125,11.0,5.53931188583374,764800,0.0,0.0
2000-08-21,11.0,11.1875,10.75,10.9375,5.507837295532227,490500,0.0,0.0
2000-08-22,10.875,11.25,10.875,11.125,5.602256774902344,583100,0.0,0.0
2000-08-23,11.125,11.3125,11.0625,11.0625,5.5707855224609375,673300,0.0,0.0
2000-08-24,11.125,11.5,11.0,11.3125,5.696677207946777,1067500,0.0,0.0
2000-08-25,11.5,11.875,11.4375,11.8125,5.948461055755615,980300,0.0,0.0
2000-08-28,11.875,12.5625,11.8125,12.3125,6.200253963470459,1469200,0.0,0.0
2000-08-29,12.3125,12.4375,11.875,12.25,6.168781280517578,790800,0.0,0.0
2000-08-30,12.0625,12.1875,11.9375,12.0,6.042884349822998,582700,0.0,0.0
2000-08-31,12.0625,12.375,11.6875,12.328125,6.208118915557861,891200,0.0,0.0
2000-09-01,12.4375,12.75,12.0625,12.5,6.294673919677734,675200,0.0,0.0
2000-09-05,12.375,12.8125,12.25,12.3125,6.200253963470459,1362800,0.0,0.0
2000-09-06,12.375,12.4375,11.625,11.875,5.9799370765686035,777000,0.0,0.0
2000-09-07,11.9375,12.25,11.75,12.25,6.168781280517578,541600,0.0,0.0
2000-09-08,12.375,12.5,11.8125,11.875,5.9799370765686035,479900,0.0,0.0
2000-09-11,11.875,11.875,11.3125,11.4375,5.759626388549805,975100,0.0,0.0
2000-09-12,11.0625,11.375,11.0,11.125,5.602256774902344,818200,0.0,0.0
2000-09-13,11.1875,11.25,10.9375,11.0,5.53931188583374,568600,0.0,0.0
2000-09-14,10.875,11.4375,10.6875,11.4375,5.759626388549805,1550000,0.0,0.0
2000-09-15,11.25,11.375,11.125,11.25,5.665205001831055,2129500,0.0,0.0
2000-09-18,11.375,11.5,10.75,11.0,5.53931188583374,883100,0.0,0.0
2000-09-19,11.0625,11.375,11.0,11.1875,5.633730888366699,353000,0.0,0.0
2000-09-20,12.0,12.25,10.9375,11.0,5.53931188583374,2189200,0.0,0.0
2000-09-21,11.125,11.5,10.9375,11.0,5.53931188583374,1005100,0.0,0.0
2000-09-22,10.9375,11.25,10.875,10.9375,5.507837295532227,541300,0.0,0.0
2000-09-25,10.9375,10.9375,10.625,10.6875,5.381947040557861,516600,0.0,0.0
2000-09-26,10.6875,10.8125,10.625,10.75,5.413417339324951,464000,0.0,0.0
2000-09-27,10.75,11.625,10.5625,11.4375,5.759626388549805,1227200,0.0,0.0
2000-09-28,11.5,11.5625,11.125,11.375,5.728148937225342,819800,0.0,0.0
2000-09-29,11.4375,11.625,11.0625,11.4375,5.759626388549805,1040500,0.0,0.0
2000-10-02,11.3125,11.375,11.0,11.375,5.728148937225342,558300,0.0,0.0
2000-10-03,11.375,11.4375,11.0625,11.25,5.665205001831055,523700,0.0,0.0
2000-10-04,11.1875,11.4375,11.0625,11.1875,5.633730888366699,616900,0.0,0.0
2000-10-05,11.125,11.25,11.0625,11.1875,5.633730888366699,403500,0.0,0.0
2000-10-06,11.1875,11.6875,11.0625,11.6875,5.885518550872803,1239100,0.0,0.0
2000-10-09,11.625,12.125,11.5625,11.875,5.9799370765686035,721200,0.0,0.0
2000-10-10,12.125,12.3125,11.75,11.75,5.916992664337158,824300,0.0,0.0
2000-10-11,11.75,11.875,11.5,11.625,5.85404634475708,1093800,0.0,0.0
2000-10-12,9.75,10.0625,9.0,10.0625,5.067211151123047,4227800,0.0,0.0
2000-10-13,10.0,10.6875,9.9375,10.125,5.098684310913086,836700,0.0,0.0
2000-10-16,10.1875,10.6875,10.0,10.3125,5.19310188293457,3424100,0.0,0.0
2000-10-17,10.4375,10.5625,9.9375,10.0,5.035736560821533,840600,0.0,0.0
2000-10-18,9.875,10.1875,9.625,10.125,5.098684310913086,863400,0.0,0.0
2000-10-19,10.0,10.375,9.9375,10.3125,5.19310188293457,1263800,0.0,0.0
2000-10-20,10.0625,10.25,9.8125,10.0,5.035736560821533,2980300,0.0,0.0
2000-10-23,9.8125,10.0625,9.8125,9.9375,5.004263877868652,739000,0.0,0.0
2000-10-24,10.0,10.125,9.8125,9.875,4.9727911949157715,2258400,0.0,0.0
2000-10-25,9.875,10.3125,9.875,10.25,5.161630630493164,631000,0.0,0.0
2000-10-26,10.125,10.5625,10.125,10.3125,5.19310188293457,666400,0.0,0.0
2000-10-27,10.375,10.5625,10.1875,10.25,5.161630630493164,328600,0.0,0.0
2000-10-30,10.25,10.5625,10.125,10.4375,5.286998271942139,730400,0.06,0.0
2000-10-31,10.4375,10.8125,10.3125,10.75,5.445291996002197,1583200,0.0,0.0
2000-11-01,10.6875,10.75,10.5625,10.6875,5.413636684417725,1002700,0.0,0.0
2000-11-02,10.5625,11.1875,10.5,11.0625,5.603586673736572,956200,0.0,0.0
2000-11-03,11.0625,11.875,11.0625,11.5625,5.856854438781738,1164800,0.0,0.0
2000-11-06,11.4375,11.5,11.3125,11.375,5.761876583099365,311900,0.0,0.0
2000-11-07,11.3125,11.5625,11.25,11.5625,5.856854438781738,166500,0.0,0.0
2000-11-08,11.5,12.9375,11.5,12.4375,6.300076007843018,1993900,0.0,0.0
2000-11-09,12.3125,12.375,11.875,12.0,6.078465938568115,401100,0.0,0.0
2000-11-10,12.0,12.0625,11.375,11.5,5.825196266174316,689500,0.0,0.0
2000-11-13,11.375,12.125,11.375,11.9375,6.046804904937744,1079500,0.0,0.0
2000-11-14,12.0,12.25,11.875,12.0625,6.110126495361328,550900,0.0,0.0
2000-11-15,12.0625,12.125,11.875,11.875,6.015148639678955,887300,0.0,0.0
2000-11-16,11.875,11.9375,11.5625,11.6875,5.920174598693848,1584700,0.0,0.0
2000-11-17,11.6875,11.875,11.5625,11.875,6.015148639678955,793600,0.0,0.0
2000-11-20,11.8125,11.875,11.5,11.625,5.888515949249268,821800,0.0,0.0
2000-11-21,11.625,11.625,11.25,11.375,5.761876583099365,381100,0.0,0.0
2000-11-22,11.3125,11.375,11.25,11.25,5.698563098907471,267300,0.0,0.0
2000-11-24,11.25,11.625,11.1875,11.5,5.825196266174316,217400,0.0,0.0
2000-11-27,11.5,11.8125,11.4375,11.5,5.825196266174316,619000,0.0,0.0
2000-11-28,11.5625,12.0,11.5,11.9375,6.046804904937744,851800,0.0,0.0
2000-11-29,12.0,12.0625,11.5,11.5625,5.856854438781738,898600,0.0,0.0
2000-11-30,11.5625,11.75,11.5,11.5625,5.856854438781738,541500,0.0,0.0
2000-12-01,11.5,11.8125,11.4375,11.6875,5.920174598693848,541600,0.0,0.0
2000-12-04,11.5625,12.0625,11.5625,11.875,6.015148639678955,935500,0.0,0.0
2000-12-05,11.75,12.125,11.75,11.75,5.951833248138428,551500,0.0,0.0
2000-12-06,11.6875,11.8125,11.5,11.5625,5.856854438781738,676600,0.0,0.0
2000-12-07,8.5,9.3125,8.375,9.125,4.622166633605957,6576900,0.0,0.0
2000-12-08,9.375,9.9375,9.25,9.75,4.938755512237549,1871300,0.0,0.0
2000-12-11,9.75,9.75,9.375,9.4375,4.780458450317383,1286100,0.0,0.0
2000-12-12,9.4375,9.6875,9.4375,9.6875,4.907096862792969,1156100,0.0,0.0
2000-12-13,9.75,9.75,9.3125,9.3125,4.717142581939697,1082400,0.0,0.0
2000-12-14,9.3125,9.625,9.3125,9.375,4.748800754547119,686600,0.0,0.0
2000-12-15,9.375,9.5625,9.25,9.4375,4.780458450317383,848600,0.0,0.0
2000-12-18,9.5,9.625,9.4375,9.4375,4.780458450317383,1153600,0.0,0.0
2000-12-19,9.375,9.5625,9.25,9.5,4.812118053436279,808900,0.0,0.0
2000-12-20,9.375,9.4375,9.25,9.375,4.748800754547119,584700,0.0,0.0
2000-12-21,9.375,9.75,9.3125,9.6875,4.907096862792969,1173700,0.0,0.0
2000-12-22,9.6875,9.875,9.625,9.8125,4.970412254333496,635600,0.0,0.0
2000-12-26,9.6875,9.6875,9.5,9.6875,4.907096862792969,1398700,0.0,0.0
2000-12-27,9.5625,10.125,9.5,10.0625,5.097047328948975,779200,0.0,0.0
2000-12-28,10.0,10.9375,10.0,10.625,5.381977558135986,868700,0.0,0.0
2000-12-29,10.625,10.75,10.5,10.625,5.381977558135986,1023700,0.0,0.0
2001-01-02,10.75,11.0,10.3125,10.3125,5.223680019378662,1159300,0.0,0.0
2001-01-03,10.4375,10.9375,10.4375,10.875,5.508610248565674,647700,0.0,0.0
2001-01-04,11.0,11.625,11.0,11.5625,5.856854438781738,911100,0.0,0.0
2001-01-05,11.6875,11.8125,11.25,11.4375,5.793539047241211,668300,0.0,0.0
2001-01-08,11.4375,11.625,11.1875,11.4375,5.793539047241211,695700,0.0,0.0
2001-01-09,11.875,12.875,11.4375,12.25,6.205104351043701,754700,0.0,0.0
2001-01-10,11.875,12.4375,11.875,12.3125,6.236762046813965,468100,0.0,0.0
2001-01-11,12.375,12.6875,12.0,12.25,6.205104351043701,554000,0.0,0.0
2001-01-12,12.25,12.75,12.0625,12.625,6.395053386688232,926100,0.0,0.0
2001-01-16,12.3125,12.625,12.0625,12.5625,6.3633928298950195,517500,0.0,0.0
2001-01-17,12.4375,12.625,12.3125,12.625,6.395053386688232,601700,0.0,0.0
2001-01-18,12.625,12.875,12.5,12.8125,6.490030288696289,683200,0.0,0.0
2001-01-19,12.875,12.875,12.125,12.4375,6.300076007843018,424700,0.0,0.0
2001-01-22,12.3125,12.4375,12.125,12.375,6.268416404724121,372400,0.0,0.0
2001-01-23,12.375,12.6875,12.25,12.625,6.395053386688232,552600,0.0,0.0
2001-01-24,12.375,12.6875,12.25,12.25,6.205104351043701,685900,0.0,0.0
2001-01-25,12.3125,12.3125,11.75,12.0,6.078465938568115,1303700,0.0,0.0
2001-01-26,12.0,12.0,11.375,11.5,5.825196266174316,953000,0.0,0.0
2001-01-29,11.5,11.920000076293945,11.369999885559082,11.859999656677246,6.0075507164001465,1137700,0.0,0.0
2001-01-30,11.899999618530273,11.989999771118164,11.670000076293945,11.949999809265137,6.068490505218506,615000,0.03,0.0
2001-01-31,11.800000190734863,11.949999809265137,11.699999809265137,11.880000114440918,6.032939434051514,407400,0.0,0.0
2001-02-01,11.880000114440918,11.890000343322754,11.600000381469727,11.829999923706055,6.007553577423096,539500,0.0,0.0
2001-02-02,11.949999809265137,12.25,11.949999809265137,12.0,6.093880653381348,1689600,0.0,0.0
2001-02-05,12.100000381469727,12.399999618530273,11.760000228881836,12.25,6.220839977264404,1048400,0.0,0.0
2001-02-06,12.350000381469727,14.630000114440918,12.140000343322754,13.5,6.855612754821777,2030400,0.0,0.0
2001-02-07,13.369999885559082,13.380000114440918,12.90999984741211,12.90999984741211,6.55600118637085,525600,0.0,0.0
2001-02-08,12.920000076293945,13.359999656677246,12.5600004196167,13.079999923706055,6.64232873916626,635300,0.0,0.0
2001-02-09,13.119999885559082,13.380000114440918,12.390000343322754,12.869999885559082,6.535685062408447,792100,0.0,0.0
2001-02-12,12.75,12.930000305175781,12.199999809265137,12.550000190734863,6.373180866241455,1107000,0.0,0.0
2001-02-13,12.300000190734863,12.890000343322754,12.300000190734863,12.399999618530273,6.297009468078613,846600,0.0,0.0
2001-02-14,12.399999618530273,12.979999542236328,12.399999618530273,12.819999694824219,6.5102949142456055,590100,0.0,0.0
2001-02-15,13.0,13.109999656677246,12.789999961853027,13.0,6.601704120635986,753800,0.0,0.0
2001-02-16,12.899999618530273,12.90999984741211,12.510000228881836,12.600000381469727,6.398574352264404,428200,0.0,0.0
2001-02-20,12.600000381469727,13.0,12.350000381469727,12.350000381469727,6.271617889404297,374800,0.0,0.0
2001-02-21,12.449999809265137,12.600000381469727,12.270000457763672,12.5,6.347794532775879,512700,0.0,0.0
2001-02-22,12.399999618530273,12.600000381469727,12.180000305175781,12.529999732971191,6.363027095794678,2318600,0.0,0.0
2001-02-23,12.5,12.680000305175781,12.25,12.680000305175781,6.439201354980469,706200,0.0,0.0
2001-02-26,12.779999732971191,13.470000267028809,12.75,13.0,6.601704120635986,865300,0.0,0.0
2001-02-27,13.350000381469727,13.449999809265137,12.600000381469727,13.25,6.7286601066589355,639600,0.0,0.0
2001-02-28,13.25,13.699999809265137,12.180000305175781,12.279999732971191,6.236072063446045,1461600,0.0,0.0
2001-03-01,12.449999809265137,12.899999618530273,12.15999984741211,12.899999618530273,6.550921440124512,498000,0.0,0.0
2001-03-02,13.199999809265137,13.229999542236328,12.260000228881836,12.649999618530273,6.423964023590088,425600,0.0,0.0
2001-03-05,12.550000190734863,13.100000381469727,12.529999732971191,13.100000381469727,6.652487277984619,369600,0.0,0.0
2001-03-06,13.109999656677246,13.300000190734863,12.960000038146973,13.0600004196167,6.632174491882324,523200,0.0,0.0
2001-03-07,12.8100004196167,13.649999618530273,12.8100004196167,13.510000228881836,6.8606953620910645,719500,0.0,0.0
2001-03-08,13.5,13.829999923706055,13.449999809265137,13.670000076293945,6.941945552825928,423600,0.0,0.0
2001-03-09,13.649999618530273,14.050000190734863,13.5600004196167,14.050000190734863,7.134915828704834,585700,0.0,0.0
2001-03-12,14.0,14.029999732971191,13.5,13.579999923706055,6.896240711212158,901200,0.0,0.0
2001-03-13,13.680000305175781,13.699999809265137,13.420000076293945,13.699999809265137,6.957180976867676,592200,0.0,0.0
2001-03-14,13.5,13.579999923706055,13.300000190734863,13.350000381469727,6.779441833496094,1084500,0.0,0.0
2001-03-15,13.329999923706055,13.850000381469727,13.260000228881836,13.489999771118164,6.850541591644287,357900,0.0,0.0
2001-03-16,12.949999809265137,13.34000015258789,12.859999656677246,13.020000457763672,6.611861228942871,668700,0.0,0.0
2001-03-19,13.119999885559082,13.489999771118164,13.020000457763672,13.199999809265137,6.70327091217041,180300,0.0,0.0
2001-03-20,13.399999618530273,13.609999656677246,13.140000343322754,13.149999618530273,6.677879333496094,304400,0.0,0.0
2001-03-21,13.25,13.449999809265137,12.869999885559082,13.289999961853027,6.748974800109863,288100,0.0,0.0
2001-03-22,13.15999984741211,13.15999984741211,11.869999885559082,12.260000228881836,6.225915908813477,860100,0.0,0.0
2001-03-23,12.260000228881836,12.680000305175781,11.899999618530273,12.600000381469727,6.398574352264404,458300,0.0,0.0
2001-03-26,12.699999809265137,12.75,12.15999984741211,12.710000038146973,6.454435348510742,333700,0.0,0.0
2001-03-27,12.609999656677246,12.619999885559082,12.220000267028809,12.460000038146973,6.327479362487793,663500,0.0,0.0
2001-03-28,12.460000038146973,12.600000381469727,12.3100004196167,12.359999656677246,6.276695728302002,334100,0.0,0.0
2001-03-29,12.710000038146973,12.899999618530273,12.529999732971191,12.779999732971191,6.489984512329102,304100,0.0,0.0
2001-03-30,12.779999732971191,13.0,12.470000267028809,12.899999618530273,6.550921440124512,286100,0.0,0.0
2001-04-02,12.800000190734863,12.979999542236328,12.5600004196167,12.979999542236328,6.591548442840576,414500,0.0,0.0
2001-04-03,12.979999542236328,12.979999542236328,12.260000228881836,12.520000457763672,6.35794734954834,497900,0.0,0.0
2001-04-04,12.529999732971191,12.579999923706055,12.289999961853027,12.399999618530273,6.297009468078613,468700,0.0,0.0
2001-04-05,12.550000190734863,12.699999809265137,12.449999809265137,12.59000015258789,6.393494129180908,607700,0.0,0.0
2001-04-06,12.5,12.550000190734863,12.149999618530273,12.460000038146973,6.327479362487793,668500,0.0,0.0
2001-04-09,12.359999656677246,12.5600004196167,11.880000114440918,12.399999618530273,6.297009468078613,642100,0.0,0.0
2001-04-10,12.449999809265137,12.5,12.149999618530273,12.300000190734863,6.246228218078613,828400,0.0,0.0
2001-04-11,12.199999809265137,12.229999542236328,11.800000190734863,12.0,6.093880653381348,650600,0.0,0.0
2001-04-12,12.100000381469727,12.149999618530273,11.859999656677246,12.050000190734863,6.119271755218506,605300,0.0,0.0
2001-04-16,12.0,12.199999809265137,11.869999885559082,12.0,6.093880653381348,449500,0.0,0.0
2001-04-17,11.899999618530273,11.989999771118164,11.670000076293945,11.979999542236328,6.083726406097412,411500,0.0,0.0
2001-04-18,12.0,12.350000381469727,11.850000381469727,12.050000190734863,6.119271755218506,1108100,0.0,0.0
2001-04-19,12.050000190734863,12.0600004196167,11.600000381469727,11.680000305175781,5.931376934051514,708000,0.0,0.0
2001-04-20,11.75,11.800000190734863,11.510000228881836,11.789999961853027,5.987236976623535,1219200,0.0,0.0
2001-04-23,11.25,11.920000076293945,10.5,11.800000190734863,5.992316722869873,685500,0.0,0.0
2001-04-24,11.899999618530273,11.920000076293945,11.510000228881836,11.829999923706055,6.007553577423096,543000,0.0,0.0
2001-04-25,11.829999923706055,11.829999923706055,11.350000381469727,11.569999694824219,5.875515460968018,297900,0.0,0.0
2001-04-26,11.600000381469727,11.75,11.479999542236328,11.699999809265137,5.941532135009766,395900,0.0,0.0
2001-04-27,11.670000076293945,12.25,11.550000190734863,12.0,6.109546184539795,557800,0.03,0.0
2001-04-30,12.100000381469727,12.350000381469727,11.760000228881836,12.25,6.236831188201904,756000,0.0,0.0
2001-05-01,12.199999809265137,13.0,12.1899995803833,12.5600004196167,6.394659519195557,808600,0.0,0.0
2001-05-02,12.5600004196167,13.5,12.34000015258789,13.5,6.873236179351807,757800,0.0,0.0
2001-05-03,13.0,13.149999618530273,12.390000343322754,12.949999809265137,6.593218803405762,678600,0.0,0.0
2001-05-04,13.0,13.0,12.600000381469727,12.949999809265137,6.593218803405762,247000,0.0,0.0
2001-05-07,13.0,13.380000114440918,12.819999694824219,12.989999771118164,6.613584995269775,334800,0.0,0.0
2001-05-08,12.949999809265137,13.25,12.949999809265137,13.020000457763672,6.628857612609863,298800,0.0,0.0
2001-05-09,13.119999885559082,13.25,12.800000190734863,13.020000457763672,6.628857612609863,273300,0.0,0.0
2001-05-10,13.5,13.5,12.819999694824219,13.0,6.618677616119385,240200,0.0,0.0
2001-05-11,13.350000381469727,13.350000381469727,12.779999732971191,13.199999809265137,6.72050142288208,368600,0.0,0.0
2001-05-14,13.25,13.449999809265137,13.199999809265137,13.319999694824219,6.781597137451172,323100,0.0,0.0
2001-05-15,13.329999923706055,13.949999809265137,13.319999694824219,13.75,7.000521659851074,757800,0.0,0.0
2001-05-16,13.75,14.149999618530273,13.699999809265137,14.050000190734863,7.15325927734375,583600,0.0,0.0
2001-05-17,14.0,14.800000190734863,13.899999618530273,14.5600004196167,7.412918567657471,855600,0.0,0.0
2001-05-18,14.649999618530273,14.970000267028809,14.449999809265137,14.699999809265137,7.484197616577148,821900,0.0,0.0
2001-05-21,14.5,15.119999885559082,14.0,15.09000015258789,7.68275785446167,459700,0.0,0.0
2001-05-22,14.600000381469727,15.109999656677246,14.399999618530273,14.899999618530273,7.586019039154053,565700,0.0,0.0
2001-05-23,15.149999618530273,15.399999618530273,14.84000015258789,14.90999984741211,7.591114044189453,717600,0.0,0.0
2001-05-24,14.8100004196167,14.930000305175781,14.75,14.800000190734863,7.53510856628418,697600,0.0,0.0
2001-05-25,14.720000267028809,14.850000381469727,14.550000190734863,14.729999542236328,7.499468803405762,792700,0.0,0.0
2001-05-29,14.949999809265137,14.949999809265137,14.609999656677246,14.760000228881836,7.514741897583008,897900,0.0,0.0
2001-05-30,14.65999984741211,14.949999809265137,14.569999694824219,14.710000038146973,7.489284515380859,1005800,0.0,0.0
2001-05-31,14.75,15.0,14.75,15.0,7.636935234069824,299700,0.0,0.0
2001-06-01,14.949999809265137,15.25,14.869999885559082,15.199999809265137,7.738760471343994,549100,0.0,0.0
2001-06-04,15.0,15.5,14.949999809265137,15.479999542236328,7.881313323974609,207200,0.0,0.0
2001-06-05,15.229999542236328,15.600000381469727,15.09000015258789,15.539999961853027,7.91185998916626,395200,0.0,0.0
2001-06-06,15.5,15.5600004196167,15.170000076293945,15.390000343322754,7.835493087768555,250400,0.0,0.0
2001-06-07,15.170000076293945,15.3100004196167,14.850000381469727,15.300000190734863,7.789671421051025,2889000,0.0,0.0
2001-06-08,15.199999809265137,15.25,14.579999923706055,15.0,7.636935234069824,889500,0.0,0.0
2001-06-11,15.0,15.390000343322754,14.869999885559082,15.050000190734863,7.662391662597656,884200,0.0,0.0
2001-06-12,15.0,15.149999618530273,14.949999809265137,15.140000343322754,7.708213806152344,176100,0.0,0.0
2001-06-13,15.149999618530273,15.149999618530273,14.949999809265137,14.989999771118164,7.631841659545898,252300,0.0,0.0
2001-06-14,14.899999618530273,14.989999771118164,14.699999809265137,14.869999885559082,7.570745944976807,642000,0.0,0.0
2001-06-15,14.649999618530273,14.899999618530273,14.609999656677246,14.739999771118164,7.504561424255371,439600,0.0,0.0
2001-06-18,14.460000038146973,14.979999542236328,14.460000038146973,14.979999542236328,7.626750946044922,366800,0.0,0.0
2001-06-19,14.880000114440918,14.899999618530273,14.619999885559082,14.710000038146973,7.489284515380859,198900,0.0,0.0
2001-06-20,14.710000038146973,14.710000038146973,14.050000190734863,14.619999885559082,7.4434614181518555,639500,0.0,0.0
2001-06-21,14.720000267028809,14.819999694824219,14.34000015258789,14.800000190734863,7.53510856628418,550700,0.0,0.0
2001-06-22,14.899999618530273,14.930000305175781,14.399999618530273,14.630000114440918,7.448554515838623,471200,0.0,0.0
2001-06-25,14.529999732971191,14.59000015258789,14.270000457763672,14.319999694824219,7.290721893310547,236300,0.0,0.0
2001-06-26,14.220000267028809,14.720000267028809,14.140000343322754,14.539999961853027,7.4027323722839355,637800,0.0,0.0
2001-06-27,14.289999961853027,14.75,14.229999542236328,14.479999542236328,7.372185230255127,358100,0.0,0.0
2001-06-28,14.460000038146973,14.65999984741211,14.460000038146973,14.600000381469727,7.433279991149902,345600,0.0,0.0
2001-06-29,14.5,14.9399995803833,14.369999885559082,14.449999809265137,7.356912136077881,1001500,0.0,0.0
2001-07-02,14.449999809265137,14.869999885559082,14.130000114440918,14.869999885559082,7.570745944976807,361300,0.0,0.0
2001-07-03,14.869999885559082,14.989999771118164,14.449999809265137,14.989999771118164,7.631841659545898,191100,0.0,0.0
2001-07-05,14.920000076293945,14.930000305175781,14.470000267028809,14.699999809265137,7.484197616577148,819800,0.0,0.0
2001-07-06,14.4399995803833,14.5,13.90999984741211,14.300000190734863,7.280542850494385,424400,0.0,0.0
2001-07-09,14.3100004196167,14.579999923706055,14.109999656677246,14.550000190734863,7.4078240394592285,357100,0.0,0.0
2001-07-10,14.550000190734863,14.550000190734863,14.109999656677246,14.229999542236328,7.244904518127441,498600,0.0,0.0
2001-07-11,14.0,14.25,14.0,14.25,7.255084991455078,254100,0.0,0.0
2001-07-12,14.039999961853027,14.609999656677246,13.920000076293945,14.5,7.382368564605713,346100,0.0,0.0
2001-07-13,14.149999618530273,14.600000381469727,13.880000114440918,14.520000457763672,7.392552852630615,351500,0.0,0.0
2001-07-16,14.100000381469727,14.5,14.100000381469727,14.289999961853027,7.275454044342041,323200,0.0,0.0
2001-07-17,14.1899995803833,14.600000381469727,14.1899995803833,14.399999618530273,7.331455230712891,233200,0.0,0.0
2001-07-18,14.399999618530273,14.399999618530273,14.140000343322754,14.399999618530273,7.331455230712891,183000,0.0,0.0
2001-07-19,14.399999618530273,14.65999984741211,14.220000267028809,14.260000228881836,7.260176181793213,246900,0.0,0.0
2001-07-20,14.260000228881836,15.010000228881836,14.180000305175781,15.0,7.636935234069824,711000,0.0,0.0
2001-07-23,15.100000381469727,16.0,15.100000381469727,15.479999542236328,7.881313323974609,1208600,0.0,0.0
2001-07-24,15.949999809265137,15.989999771118164,15.369999885559082,15.399999618530273,7.840584754943848,842800,0.0,0.0
2001-07-25,15.300000190734863,15.699999809265137,15.300000190734863,15.619999885559082,7.95259428024292,617000,0.0,0.0
2001-07-26,15.399999618530273,15.989999771118164,15.350000381469727,15.899999618530273,8.0951509475708,458000,0.0,0.0
2001-07-27,15.90999984741211,16.100000381469727,15.8100004196167,16.059999465942383,8.176609992980957,531000,0.0,0.0
2001-07-30,16.030000686645508,16.149999618530273,15.520000457763672,15.670000076293945,7.992978572845459,587400,0.03,0.0
2001-07-31,15.920000076293945,16.299999237060547,15.829999923706055,16.100000381469727,8.212319374084473,797900,0.0,0.0
2001-08-01,16.200000762939453,16.299999237060547,16.1299991607666,16.260000228881836,8.293925285339355,434800,0.0,0.0
2001-08-02,16.360000610351562,16.399999618530273,16.1299991607666,16.209999084472656,8.268423080444336,467400,0.0,0.0
2001-08-03,16.219999313354492,16.43000030517578,16.06999969482422,16.43000030517578,8.380640029907227,238600,0.0,0.0
2001-08-06,16.43000030517578,16.790000915527344,16.190000534057617,16.200000762939453,8.26332950592041,832000,0.0,0.0
2001-08-07,16.209999084472656,16.209999084472656,15.84000015258789,15.890000343322754,8.10519790649414,615800,0.0,0.0
2001-08-08,16.0,16.149999618530273,15.869999885559082,16.0,8.161308288574219,439500,0.0,0.0
2001-08-09,16.0,16.100000381469727,15.800000190734863,15.9399995803833,8.130701065063477,236100,0.0,0.0
2001-08-10,16.040000915527344,16.049999237060547,15.800000190734863,15.979999542236328,8.151103973388672,188300,0.0,0.0
2001-08-13,16.049999237060547,16.280000686645508,16.010000228881836,16.25,8.28882884979248,441900,0.0,0.0
2001-08-14,16.450000762939453,16.8799991607666,16.3700008392334,16.540000915527344,8.436752319335938,530600,0.0,0.0
2001-08-15,16.5,16.739999771118164,16.270000457763672,16.520000457763672,8.426549911499023,255400,0.0,0.0
2001-08-16,16.6200008392334,16.649999618530273,16.25,16.5,8.416348457336426,152800,0.0,0.0
2001-08-17,16.440000534057617,16.549999237060547,16.25,16.329999923706055,8.329636573791504,251300,0.0,0.0
2001-08-20,16.350000381469727,16.989999771118164,16.350000381469727,16.979999542236328,8.6611909866333,488600,0.0,0.0
2001-08-21,16.850000381469727,17.18000030517578,16.68000030517578,16.690000534057617,8.513260841369629,366000,0.0,0.0
2001-08-22,16.84000015258789,17.450000762939453,16.729999542236328,17.450000762939453,8.900925636291504,695500,0.0,0.0
2001-08-23,17.399999618530273,17.40999984741211,16.649999618530273,16.739999771118164,8.53877067565918,395200,0.0,0.0
2001-08-24,16.75,17.200000762939453,16.600000381469727,16.940000534057617,8.640785217285156,262900,0.0,0.0
2001-08-27,17.0,17.469999313354492,17.0,17.3700008392334,8.860116958618164,684400,0.0,0.0
2001-08-28,17.270000457763672,17.34000015258789,17.020000457763672,17.18000030517578,8.763202667236328,259600,0.0,0.0
2001-08-29,17.18000030517578,17.6200008392334,17.0,17.260000228881836,8.804010391235352,858900,0.0,0.0
2001-08-30,17.260000228881836,17.389999389648438,16.399999618530273,16.959999084472656,8.650983810424805,1023000,0.0,0.0
2001-08-31,16.959999084472656,17.450000762939453,16.799999237060547,17.34000015258789,8.844815254211426,1055900,0.0,0.0
2001-09-04,17.399999618530273,17.469999313354492,16.850000381469727,16.860000610351562,8.5999755859375,828800,0.0,0.0
2001-09-05,16.860000610351562,17.18000030517578,16.719999313354492,17.0,8.671391487121582,575900,0.0,0.0
2001-09-06,17.0,17.09000015258789,16.350000381469727,16.399999618530273,8.365339279174805,544900,0.0,0.0
2001-09-07,16.299999237060547,16.299999237060547,15.65999984741211,15.760000228881836,8.038887977600098,888600,0.0,0.0
2001-09-10,15.75,15.949999809265137,15.100000381469727,15.199999809265137,7.7532429695129395,836800,0.0,0.0
2001-09-17,14.5,14.5,13.920000076293945,13.930000305175781,7.105440139770508,999300,0.0,0.0
2001-09-18,14.029999732971191,14.029999732971191,13.40999984741211,13.569999694824219,6.921811580657959,408000,0.0,0.0
2001-09-19,13.569999694824219,13.699999809265137,12.920000076293945,13.699999809265137,6.988117218017578,577500,0.0,0.0
2001-09-20,13.699999809265137,14.390000343322754,12.600000381469727,12.600000381469727,6.427028179168701,825400,0.0,0.0
2001-09-21,11.600000381469727,13.399999618530273,11.600000381469727,13.399999618530273,6.835093975067139,802200,0.0,0.0
2001-09-24,13.550000190734863,14.149999618530273,13.449999809265137,13.729999542236328,7.003427028656006,1178400,0.0,0.0
2001-09-25,13.829999923706055,14.010000228881836,12.829999923706055,13.140000343322754,6.702474117279053,877200,0.0,0.0
2001-09-26,13.640000343322754,13.800000190734863,12.899999618530273,13.0,6.631060600280762,434400,0.0,0.0
2001-09-27,13.100000381469727,13.260000228881836,12.529999732971191,13.1899995803833,6.727978229522705,925100,0.0,0.0
2001-09-28,13.550000190734863,14.0,13.390000343322754,14.0,7.141146183013916,613000,0.0,0.0
2001-10-01,13.899999618530273,13.899999618530273,13.15999984741211,13.380000114440918,6.824894905090332,399200,0.0,0.0
2001-10-02,13.479999542236328,14.130000114440918,13.380000114440918,14.109999656677246,7.197253227233887,572300,0.0,0.0
2001-10-03,14.109999656677246,14.869999885559082,14.079999923706055,14.550000190734863,7.421692371368408,813200,0.0,0.0
2001-10-04,14.649999618530273,15.0,14.449999809265137,14.789999961853027,7.544106960296631,445300,0.0,0.0
2001-10-05,15.029999732971191,15.300000190734863,14.359999656677246,15.09000015258789,7.697131633758545,447400,0.0,0.0
2001-10-08,15.079999923706055,15.09000015258789,14.760000228881836,14.960000038146973,7.630823135375977,284300,0.0,0.0
2001-10-09,14.710000038146973,15.079999923706055,14.4399995803833,14.949999809265137,7.62571907043457,321500,0.0,0.0
2001-10-10,15.050000190734863,15.670000076293945,14.960000038146973,15.609999656677246,7.962374687194824,400700,0.0,0.0
2001-10-11,15.75,16.389999389648438,15.75,16.020000457763672,8.171506881713867,437000,0.0,0.0
2001-10-12,15.970000267028809,16.15999984741211,15.609999656677246,16.06999969482422,8.197013854980469,463700,0.0,0.0
2001-10-15,16.0,16.049999237060547,15.670000076293945,16.030000686645508,8.176610946655273,419500,0.0,0.0
2001-10-16,16.200000762939453,16.399999618530273,16.040000915527344,16.399999618530273,8.365339279174805,469500,0.0,0.0
2001-10-17,16.649999618530273,16.770000457763672,15.850000381469727,16.020000457763672,8.171506881713867,492000,0.0,0.0
2001-10-18,16.200000762939453,16.549999237060547,16.100000381469727,16.280000686645508,8.304130554199219,447100,0.0,0.0
2001-10-19,16.399999618530273,16.809999465942383,16.350000381469727,16.809999465942383,8.574474334716797,711700,0.0,0.0
2001-10-22,17.100000381469727,17.729999542236328,16.950000762939453,17.670000076293945,9.013145446777344,1124300,0.0,0.0
2001-10-23,17.68000030517578,17.899999618530273,17.15999984741211,17.25,8.798911094665527,1069500,0.0,0.0
2001-10-24,17.34000015258789,17.3799991607666,16.75,17.020000457763672,8.68159008026123,723200,0.0,0.0
2001-10-25,16.920000076293945,17.1200008392334,16.709999084472656,16.81999969482422,8.579571723937988,595900,0.0,0.0
2001-10-26,16.8700008392334,17.030000686645508,16.760000228881836,17.0,8.671391487121582,1144700,0.0,0.0
2001-10-29,17.030000686645508,17.229999542236328,16.860000610351562,17.0,8.671391487121582,362000,0.0,0.0
2001-10-30,16.75,17.0,16.489999771118164,16.950000762939453,8.661172866821289,554700,0.03,0.0
2001-10-31,16.950000762939453,17.139999389648438,16.43000030517578,16.56999969482422,8.466991424560547,503900,0.0,0.0
2001-11-01,16.799999237060547,17.25,16.350000381469727,17.25,8.814464569091797,664900,0.0,0.0
2001-11-02,17.25,17.479999542236328,17.049999237060547,17.389999389648438,8.886001586914062,597700,0.0,0.0
2001-11-05,17.5,17.899999618530273,17.5,17.6200008392334,9.00352954864502,1307300,0.0,0.0
2001-11-06,17.700000762939453,17.979999542236328,17.600000381469727,17.93000030517578,9.161931991577148,1023900,0.0,0.0
2001-11-07,17.8700008392334,18.440000534057617,17.8700008392334,18.170000076293945,9.284568786621094,1437500,0.0,0.0
2001-11-08,18.0,18.049999237060547,16.809999465942383,16.889999389648438,8.630509376525879,1933000,0.0,0.0
2001-11-09,17.190000534057617,17.479999542236328,17.0,17.0,8.686720848083496,744300,0.0,0.0
2001-11-12,17.010000228881836,17.010000228881836,16.40999984741211,16.799999237060547,8.58452320098877,728800,0.0,0.0
2001-11-13,17.149999618530273,18.329999923706055,17.110000610351562,18.190000534057617,9.294790267944336,929500,0.0,0.0
2001-11-14,18.0,18.170000076293945,17.799999237060547,17.81999969482422,9.105724334716797,542600,0.0,0.0
2001-11-15,17.670000076293945,18.25,17.670000076293945,18.010000228881836,9.202810287475586,443700,0.0,0.0
2001-11-16,18.0,18.09000015258789,17.719999313354492,17.770000457763672,9.08017635345459,627400,0.0,0.0
2001-11-19,17.969999313354492,18.239999771118164,17.799999237060547,18.219999313354492,9.310117721557617,842400,0.0,0.0
2001-11-20,18.100000381469727,18.229999542236328,17.850000381469727,17.8799991607666,9.136384963989258,528500,0.0,0.0
2001-11-21,17.899999618530273,18.059999465942383,17.559999465942383,18.0,9.19770336151123,364600,0.0,0.0
2001-11-23,17.799999237060547,17.8700008392334,17.700000762939453,17.780000686645508,9.085285186767578,179400,0.0,0.0
2001-11-26,17.780000686645508,17.780000686645508,17.239999771118164,17.280000686645508,8.829795837402344,860700,0.0,0.0
2001-11-27,16.489999771118164,16.670000076293945,16.25,16.579999923706055,8.472100257873535,4180800,0.0,0.0
2001-11-28,16.579999923706055,16.600000381469727,16.40999984741211,16.59000015258789,8.477217674255371,1212200,0.0,0.0
2001-11-29,16.610000610351562,16.610000610351562,16.420000076293945,16.489999771118164,8.426116943359375,724600,0.0,0.0
2001-11-30,16.5,16.600000381469727,16.399999618530273,16.450000762939453,8.40567684173584,1075100,0.0,0.0
2001-12-03,16.399999618530273,16.649999618530273,16.25,16.459999084472656,8.410785675048828,657200,0.0,0.0
2001-12-04,16.5,16.600000381469727,16.25,16.489999771118164,8.426116943359375,1138900,0.0,0.0
2001-12-05,16.600000381469727,16.739999771118164,16.5,16.729999542236328,8.54875373840332,1206600,0.0,0.0
2001-12-06,16.75,17.1200008392334,16.06999969482422,16.959999084472656,8.666277885437012,1133300,0.0,0.0
2001-12-07,17.200000762939453,17.209999084472656,16.8799991607666,17.1200008392334,8.748040199279785,1129500,0.0,0.0
2001-12-10,17.1200008392334,17.1200008392334,16.75,16.860000610351562,8.615180969238281,483500,0.0,0.0
2001-12-11,16.860000610351562,17.030000686645508,16.5,16.639999389648438,8.502763748168945,714500,0.0,0.0
2001-12-12,16.899999618530273,16.979999542236328,16.6200008392334,16.6200008392334,8.492545127868652,936500,0.0,0.0
2001-12-13,16.850000381469727,16.850000381469727,16.469999313354492,16.790000915527344,8.579411506652832,809000,0.0,0.0
2001-12-14,16.799999237060547,16.799999237060547,16.149999618530273,16.59000015258789,8.477217674255371,736100,0.0,0.0
2001-12-17,16.829999923706055,17.309999465942383,16.75,16.899999618530273,8.63561725616455,990600,0.0,0.0
2001-12-18,17.049999237060547,17.200000762939453,16.610000610351562,16.6299991607666,8.497653007507324,783500,0.0,0.0
2001-12-19,16.489999771118164,16.56999969482422,16.079999923706055,16.479999542236328,8.421010971069336,1678600,0.0,0.0
2001-12-20,16.299999237060547,16.610000610351562,16.200000762939453,16.350000381469727,8.35457706451416,683900,0.0,0.0
2001-12-21,16.5,16.739999771118164,16.399999618530273,16.399999618530273,8.380126953125,1077600,0.0,0.0
2001-12-24,16.450000762939453,16.860000610351562,16.450000762939453,16.56999969482422,8.466991424560547,234100,0.0,0.0
2001-12-26,16.799999237060547,16.989999771118164,16.100000381469727,16.25,8.303482055664062,591500,0.0,0.0
2001-12-27,16.450000762939453,16.850000381469727,16.299999237060547,16.75,8.55897331237793,852300,0.0,0.0
2001-12-28,16.780000686645508,16.8700008392334,16.280000686645508,16.5,8.431225776672363,648100,0.0,0.0
2001-12-31,16.5,16.75,16.229999542236328,16.229999542236328,8.29326343536377,376300,0.0,0.0
2002-01-02,16.25,16.350000381469727,15.90999984741211,16.200000762939453,8.277934074401855,747500,0.0,0.0
2002-01-03,16.100000381469727,16.600000381469727,16.079999923706055,16.280000686645508,8.31881046295166,782900,0.0,0.0
2002-01-04,16.0,16.84000015258789,16.0,16.5,8.431225776672363,3345300,0.0,0.0
2002-01-07,16.5,17.0,16.299999237060547,16.299999237060547,8.32903003692627,1283400,0.0,0.0
2002-01-08,17.0,17.049999237060547,16.700000762939453,16.8799991607666,8.625396728515625,1224300,0.0,0.0
2002-01-09,16.899999618530273,17.299999237060547,16.709999084472656,16.809999465942383,8.589632034301758,1249000,0.0,0.0
2002-01-10,16.75,17.219999313354492,16.75,16.969999313354492,8.671387672424316,917600,0.0,0.0
2002-01-11,16.950000762939453,17.100000381469727,16.700000762939453,16.799999237060547,8.58452320098877,983500,0.0,0.0
2002-01-14,17.049999237060547,17.200000762939453,16.690000534057617,16.690000534057617,8.52830982208252,767100,0.0,0.0
2002-01-15,16.700000762939453,17.049999237060547,16.700000762939453,16.770000457763672,8.569191932678223,693500,0.0,0.0
2002-01-16,16.670000076293945,16.979999542236328,16.670000076293945,16.760000228881836,8.564087867736816,267400,0.0,0.0
2002-01-17,16.760000228881836,16.8700008392334,16.5,16.860000610351562,8.615180969238281,567200,0.0,0.0
2002-01-18,16.709999084472656,17.149999618530273,16.450000762939453,16.450000762939453,8.40567684173584,1474900,0.0,0.0
2002-01-22,16.5,16.799999237060547,16.440000534057617,16.610000610351562,8.487434387207031,309400,0.0,0.0
2002-01-23,16.5,16.729999542236328,16.290000915527344,16.670000076293945,8.51809310913086,400300,0.0,0.0
2002-01-24,16.690000534057617,17.1200008392334,16.559999465942383,16.75,8.55897331237793,353300,0.0,0.0
2002-01-25,16.700000762939453,16.790000915527344,16.25,16.34000015258789,8.349470138549805,769400,0.0,0.0
2002-01-28,16.34000015258789,16.56999969482422,16.299999237060547,16.360000610351562,8.359691619873047,794600,0.0,0.0
2002-01-29,16.399999618530273,16.690000534057617,15.949999809265137,15.979999542236328,8.165514945983887,1268100,0.0,0.0
2002-01-30,16.049999237060547,16.549999237060547,15.65999984741211,16.469999313354492,8.431724548339844,1232300,0.03,0.0
2002-01-31,16.270000457763672,16.600000381469727,16.149999618530273,16.5,8.447087287902832,427000,0.0,0.0
2002-02-01,16.5,16.549999237060547,16.170000076293945,16.420000076293945,8.406131744384766,702000,0.0,0.0
2002-02-04,16.420000076293945,16.479999542236328,15.920000076293945,16.010000228881836,8.196231842041016,431500,0.0,0.0
2002-02-05,16.209999084472656,16.459999084472656,15.5,15.5,7.935141563415527,1362400,0.0,0.0
2002-02-06,15.600000381469727,15.710000038146973,15.199999809265137,15.390000343322754,7.87882661819458,1539600,0.0,0.0
2002-02-07,13.550000190734863,14.449999809265137,13.199999809265137,14.350000381469727,7.346405506134033,5848200,0.0,0.0
2002-02-08,14.350000381469727,14.359999656677246,13.399999618530273,13.550000190734863,6.936847686767578,3546200,0.0,0.0
2002-02-11,13.699999809265137,13.75,13.399999618530273,13.600000381469727,6.962443828582764,1713300,0.0,0.0
2002-02-12,13.630000114440918,13.75,13.539999961853027,13.59000015258789,6.957326412200928,1841400,0.0,0.0
2002-02-13,13.649999618530273,13.6899995803833,13.25,13.25,6.783264636993408,1479100,0.0,0.0
2002-02-14,13.300000190734863,13.579999923706055,12.84000015258789,13.5,6.911249160766602,3245900,0.0,0.0
2002-02-15,13.699999809265137,13.699999809265137,13.050000190734863,13.199999809265137,6.757668972015381,1308700,0.0,0.0
2002-02-19,13.300000190734863,13.329999923706055,13.020000457763672,13.140000343322754,6.726950645446777,612000,0.0,0.0
2002-02-20,13.0,13.329999923706055,13.0,13.239999771118164,6.778144836425781,720600,0.0,0.0
2002-02-21,13.300000190734863,13.550000190734863,13.229999542236328,13.4399995803833,6.880532264709473,2029400,0.0,0.0
2002-02-22,13.359999656677246,13.649999618530273,13.15999984741211,13.520000457763672,6.921492099761963,1345700,0.0,0.0
2002-02-25,13.550000190734863,13.850000381469727,13.199999809265137,13.520000457763672,6.921492099761963,980900,0.0,0.0
2002-02-26,13.619999885559082,13.829999923706055,13.3100004196167,13.800000190734863,7.064836025238037,2014200,0.0,0.0
2002-02-27,14.100000381469727,14.289999961853027,13.979999542236328,14.229999542236328,7.284970283508301,1328200,0.0,0.0
2002-02-28,14.260000228881836,14.430000305175781,14.199999809265137,14.3100004196167,7.325926303863525,1207300,0.0,0.0
2002-03-01,14.899999618530273,14.899999618530273,14.210000038146973,14.479999542236328,7.412956714630127,903500,0.0,0.0
2002-03-04,14.649999618530273,14.699999809265137,14.300000190734863,14.600000381469727,7.474388599395752,1474100,0.0,0.0
2002-03-05,14.59000015258789,14.850000381469727,14.5,14.75,7.551183700561523,756100,0.0,0.0
2002-03-06,14.649999618530273,15.25,14.649999618530273,15.0600004196167,7.709885597229004,1330500,0.0,0.0
2002-03-07,15.0600004196167,15.199999809265137,14.720000267028809,14.989999771118164,7.674050331115723,725500,0.0,0.0
2002-03-08,15.010000228881836,15.220000267028809,14.880000114440918,15.029999732971191,7.6945271492004395,336400,0.0,0.0
2002-03-11,15.25,15.390000343322754,14.829999923706055,15.239999771118164,7.802035331726074,1210900,0.0,0.0
2002-03-12,15.220000267028809,15.359999656677246,14.899999618530273,15.350000381469727,7.858349323272705,1771900,0.0,0.0
2002-03-13,15.5,15.5,15.09000015258789,15.380000114440918,7.873706817626953,898700,0.0,0.0
2002-03-14,15.380000114440918,15.380000114440918,15.15999984741211,15.25,7.80715799331665,546900,0.0,0.0
2002-03-15,15.319999694824219,15.789999961853027,15.210000038146973,15.600000381469727,7.986335277557373,1019600,0.0,0.0
2002-03-18,15.600000381469727,15.600000381469727,15.270000457763672,15.449999809265137,7.909542560577393,1457300,0.0,0.0
2002-03-19,15.460000038146973,15.979999542236328,15.460000038146973,15.90999984741211,8.145038604736328,1074000,0.0,0.0
2002-03-20,15.850000381469727,16.1299991607666,15.729999542236328,15.880000114440918,8.129674911499023,947600,0.0,0.0
2002-03-21,15.850000381469727,15.90999984741211,15.470000267028809,15.75,8.063125610351562,498200,0.0,0.0
2002-03-22,15.550000190734863,15.920000076293945,15.3100004196167,15.640000343322754,8.00681209564209,426000,0.0,0.0
2002-03-25,15.930000305175781,15.930000305175781,15.420000076293945,15.550000190734863,7.960738182067871,298800,0.0,0.0
2002-03-26,15.550000190734863,15.90999984741211,15.25,15.539999961853027,7.955620765686035,826100,0.0,0.0
2002-03-27,15.4399995803833,15.760000228881836,15.4399995803833,15.640000343322754,8.00681209564209,456600,0.0,0.0
2002-03-28,15.649999618530273,16.0,15.529999732971191,15.819999694824219,8.09896469116211,597000,0.0,0.0
2002-04-01,15.760000228881836,15.979999542236328,15.460000038146973,15.90999984741211,8.145038604736328,533000,0.0,0.0
2002-04-02,15.90999984741211,15.930000305175781,15.4399995803833,15.65999984741211,8.01705265045166,528400,0.0,0.0
2002-04-03,15.65999984741211,15.800000190734863,15.350000381469727,15.430000305175781,7.899303913116455,621200,0.0,0.0
2002-04-04,15.279999732971191,15.550000190734863,15.079999923706055,15.34000015258789,7.853233814239502,464700,0.0,0.0
2002-04-05,15.34000015258789,15.699999809265137,15.34000015258789,15.600000381469727,7.986335277557373,280900,0.0,0.0
2002-04-08,15.550000190734863,15.75,15.479999542236328,15.670000076293945,8.022170066833496,344800,0.0,0.0
2002-04-09,15.670000076293945,16.290000915527344,15.529999732971191,16.15999984741211,8.273024559020996,432000,0.0,0.0
2002-04-10,16.15999984741211,16.56999969482422,16.110000610351562,16.450000762939453,8.421489715576172,522900,0.0,0.0
2002-04-11,16.450000762939453,16.530000686645508,16.149999618530273,16.270000457763672,8.329339981079102,431500,0.0,0.0
2002-04-12,16.25,16.549999237060547,16.209999084472656,16.5,8.447087287902832,445900,0.0,0.0
2002-04-15,16.649999618530273,16.75,16.139999389648438,16.31999969482422,8.354933738708496,623900,0.0,0.0
2002-04-16,16.3700008392334,16.600000381469727,16.1200008392334,16.190000534057617,8.288383483886719,386800,0.0,0.0
2002-04-17,16.389999389648438,16.559999465942383,16.139999389648438,16.139999389648438,8.262784957885742,587800,0.0,0.0
2002-04-18,16.200000762939453,16.75,16.1200008392334,16.520000457763672,8.457324028015137,509600,0.0,0.0
2002-04-19,16.799999237060547,16.8799991607666,16.420000076293945,16.649999618530273,8.52387809753418,488400,0.0,0.0
2002-04-22,16.75,16.979999542236328,16.40999984741211,16.450000762939453,8.421489715576172,722400,0.0,0.0
2002-04-23,16.170000076293945,16.719999313354492,16.149999618530273,16.479999542236328,8.436850547790527,708100,0.0,0.0
2002-04-24,16.600000381469727,16.600000381469727,16.1200008392334,16.209999084472656,8.29862117767334,611400,0.0,0.0
2002-04-25,16.059999465942383,16.770000457763672,15.899999618530273,16.649999618530273,8.52387809753418,788000,0.0,0.0
2002-04-26,16.600000381469727,16.600000381469727,16.200000762939453,16.200000762939453,8.293508529663086,309100,0.0,0.0
2002-04-29,16.0,16.420000076293945,15.949999809265137,15.989999771118164,8.201180458068848,638200,0.03,0.0
2002-04-30,15.930000305175781,16.299999237060547,15.920000076293945,15.979999542236328,8.196051597595215,637300,0.0,0.0
2002-05-01,15.880000114440918,16.600000381469727,15.779999732971191,16.600000381469727,8.514049530029297,1173400,0.0,0.0
2002-05-02,16.600000381469727,16.649999618530273,16.100000381469727,16.309999465942383,8.36530590057373,556900,0.0,0.0
2002-05-03,16.149999618530273,16.59000015258789,16.1200008392334,16.25,8.334532737731934,769400,0.0,0.0
2002-05-06,16.350000381469727,16.479999542236328,15.850000381469727,15.930000305175781,8.170406341552734,432100,0.0,0.0
2002-05-07,15.930000305175781,16.100000381469727,15.649999618530273,15.8100004196167,8.108858108520508,488600,0.0,0.0
2002-05-08,16.0,16.450000762939453,16.0,16.34000015258789,8.380694389343262,406000,0.0,0.0
2002-05-09,16.34000015258789,16.450000762939453,15.859999656677246,15.920000076293945,8.16528034210205,882900,0.0,0.0
2002-05-10,15.970000267028809,16.0,15.449999809265137,15.75,8.078086853027344,687800,0.0,0.0
2002-05-13,15.779999732971191,15.979999542236328,15.699999809265137,15.850000381469727,8.129375457763672,396300,0.0,0.0
2002-05-14,15.949999809265137,15.949999809265137,15.6899995803833,15.829999923706055,8.119115829467773,307700,0.0,0.0
2002-05-15,15.699999809265137,15.960000038146973,15.270000457763672,15.350000381469727,7.872925281524658,1096200,0.0,0.0
2002-05-16,15.3100004196167,15.800000190734863,15.100000381469727,15.279999732971191,7.8370280265808105,1244200,0.0,0.0
2002-05-17,15.029999732971191,15.279999732971191,14.899999618530273,15.050000190734863,7.719064235687256,1340800,0.0,0.0
2002-05-20,15.050000190734863,15.460000038146973,14.699999809265137,15.199999809265137,7.795997619628906,740500,0.0,0.0
2002-05-21,15.149999618530273,15.279999732971191,14.970000267028809,15.109999656677246,7.749835968017578,637600,0.0,0.0
2002-05-22,15.0,15.399999618530273,14.949999809265137,15.329999923706055,7.862668514251709,1228700,0.0,0.0
2002-05-23,15.329999923706055,15.399999618530273,14.920000076293945,15.270000457763672,7.831897735595703,786100,0.0,0.0
2002-05-24,15.170000076293945,15.859999656677246,15.149999618530273,15.859999656677246,8.134506225585938,546300,0.0,0.0
2002-05-28,15.800000190734863,15.8100004196167,15.119999885559082,15.180000305175781,7.785736560821533,666900,0.0,0.0
2002-05-29,14.930000305175781,15.40999984741211,14.90999984741211,15.300000190734863,7.847282886505127,973200,0.0,0.0
2002-05-30,15.300000190734863,15.449999809265137,15.0,15.210000038146973,7.8011250495910645,721000,0.0,0.0
2002-05-31,15.199999809265137,15.380000114440918,15.15999984741211,15.300000190734863,7.847282886505127,591500,0.0,0.0
2002-06-03,15.220000267028809,15.40999984741211,15.020000457763672,15.100000381469727,7.7447052001953125,846100,0.0,0.0
2002-06-04,15.0,15.050000190734863,14.609999656677246,14.869999885559082,7.626739978790283,1240800,0.0,0.0
2002-06-05,14.859999656677246,14.859999656677246,14.390000343322754,14.4399995803833,7.406193256378174,1432100,0.0,0.0
2002-06-06,14.4399995803833,14.819999694824219,14.0,14.109999656677246,7.236937046051025,1287400,0.0,0.0
2002-06-07,14.109999656677246,14.6899995803833,13.90999984741211,14.619999885559082,7.4985151290893555,612100,0.0,0.0
2002-06-10,14.619999885559082,14.949999809265137,14.59000015258789,14.600000381469727,7.48825740814209,354900,0.0,0.0
2002-06-11,14.699999809265137,15.0,14.329999923706055,14.699999809265137,7.539547920227051,637000,0.0,0.0
2002-06-12,14.699999809265137,14.739999771118164,14.050000190734863,14.300000190734863,7.334388732910156,547500,0.0,0.0
2002-06-13,14.300000190734863,14.640000343322754,14.079999923706055,14.119999885559082,7.242067337036133,474400,0.0,0.0
2002-06-14,14.020000457763672,14.40999984741211,13.300000190734863,14.25,7.30874490737915,1352000,0.0,0.0
2002-06-17,14.270000457763672,15.0,14.270000457763672,14.75,7.565189361572266,926600,0.0,0.0
2002-06-18,14.649999618530273,15.100000381469727,14.529999732971191,14.869999885559082,7.626739978790283,793000,0.0,0.0
2002-06-19,14.770000457763672,15.069999694824219,14.649999618530273,15.0,7.693414688110352,923300,0.0,0.0
2002-06-20,15.0,15.180000305175781,14.800000190734863,14.890000343322754,7.636998176574707,723400,0.0,0.0
2002-06-21,14.399999618530273,15.050000190734863,14.399999618530273,14.90999984741211,7.647256851196289,840200,0.0,0.0
2002-06-24,14.859999656677246,15.039999961853027,14.460000038146973,14.649999618530273,7.513900279998779,358800,0.0,0.0
2002-06-25,14.75,14.899999618530273,14.279999732971191,14.390000343322754,7.380550384521484,472200,0.0,0.0
2002-06-26,14.289999961853027,14.350000381469727,13.960000038146973,14.140000343322754,7.252329349517822,623400,0.0,0.0
2002-06-27,14.15999984741211,14.5,13.720000267028809,14.5,7.4369683265686035,928300,0.0,0.0
2002-06-28,14.449999809265137,14.449999809265137,13.5600004196167,13.5600004196167,6.954848289489746,584300,0.0,0.0
2002-07-01,13.609999656677246,13.859999656677246,13.350000381469727,13.430000305175781,6.888169765472412,904300,0.0,0.0
2002-07-02,13.25,13.359999656677246,13.029999732971191,13.079999923706055,6.708654403686523,736800,0.0,0.0
2002-07-03,13.079999923706055,13.25,12.65999984741211,13.010000228881836,6.672754764556885,1152100,0.0,0.0
2002-07-05,13.25,13.899999618530273,13.039999961853027,13.739999771118164,7.0471649169921875,417600,0.0,0.0
2002-07-08,13.6899995803833,13.920000076293945,13.5,13.510000228881836,6.929200649261475,505400,0.0,0.0
2002-07-09,13.40999984741211,13.550000190734863,13.149999618530273,13.149999618530273,6.744559288024902,683000,0.0,0.0
2002-07-10,13.170000076293945,13.420000076293945,12.84000015258789,12.850000381469727,6.590692520141602,491100,0.0,0.0
2002-07-11,12.850000381469727,12.949999809265137,12.199999809265137,12.550000190734863,6.436821460723877,699200,0.0,0.0
2002-07-12,12.399999618530273,12.819999694824219,12.399999618530273,12.600000381469727,6.462465763092041,558000,0.0,0.0
2002-07-15,12.5,12.739999771118164,11.930000305175781,12.739999771118164,6.534270763397217,791800,0.0,0.0
2002-07-16,12.640000343322754,12.640000343322754,12.100000381469727,12.210000038146973,6.262441158294678,597700,0.0,0.0
2002-07-17,12.260000228881836,12.630000114440918,11.850000381469727,11.930000305175781,6.118829727172852,626700,0.0,0.0
2002-07-18,11.90999984741211,12.149999618530273,11.65999984741211,11.84000015258789,6.072668075561523,602900,0.0,0.0
2002-07-19,11.5,11.989999771118164,11.449999809265137,11.6899995803833,5.995737075805664,681000,0.0,0.0
2002-07-22,11.649999618530273,12.279999732971191,11.4399995803833,11.729999542236328,6.0162506103515625,1125900,0.0,0.0
2002-07-23,11.699999809265137,11.800000190734863,10.869999885559082,11.369999885559082,5.831605911254883,684900,0.0,0.0
2002-07-24,11.0,11.739999771118164,10.75,11.59000015258789,5.9444475173950195,979300,0.0,0.0
2002-07-25,11.199999809265137,11.619999885559082,10.850000381469727,11.300000190734863,5.795705795288086,921000,0.0,0.0
2002-07-26,11.270000457763672,11.449999809265137,11.140000343322754,11.329999923706055,5.811093807220459,504200,0.0,0.0
2002-07-29,11.829999923706055,12.09000015258789,11.520000457763672,12.050000190734863,6.180374622344971,671000,0.0,0.0
2002-07-30,11.920000076293945,12.289999961853027,11.5,12.1899995803833,6.267786026000977,857500,0.03,0.0
2002-07-31,12.149999618530273,12.329999923706055,11.930000305175781,12.25,6.298637866973877,851300,0.0,0.0
2002-08-01,12.25,12.569999694824219,12.199999809265137,12.529999732971191,6.442607402801514,987500,0.0,0.0
2002-08-02,12.380000114440918,12.380000114440918,11.800000190734863,11.880000114440918,6.108394145965576,914700,0.0,0.0
2002-08-05,11.84000015258789,12.0,11.649999618530273,11.859999656677246,6.098108291625977,441900,0.0,0.0
2002-08-06,12.109999656677246,12.359999656677246,11.920000076293945,12.010000228881836,6.175233840942383,568800,0.0,0.0
2002-08-07,12.289999961853027,12.399999618530273,11.65999984741211,11.899999618530273,6.118678092956543,649900,0.0,0.0
2002-08-08,11.899999618530273,12.300000190734863,11.600000381469727,12.300000190734863,6.32434606552124,603400,0.0,0.0
2002-08-09,12.100000381469727,12.399999618530273,12.039999961853027,12.350000381469727,6.350056171417236,581700,0.0,0.0
2002-08-12,12.319999694824219,12.319999694824219,11.8100004196167,12.010000228881836,6.175233840942383,301700,0.0,0.0
2002-08-13,11.90999984741211,12.270000457763672,11.90999984741211,12.020000457763672,6.180379867553711,480400,0.0,0.0
2002-08-14,12.029999732971191,12.359999656677246,11.90999984741211,12.260000228881836,6.303781032562256,562300,0.0,0.0
2002-08-15,12.180000305175781,12.699999809265137,12.050000190734863,12.699999809265137,6.530016899108887,580200,0.0,0.0
2002-08-16,12.699999809265137,12.829999923706055,12.359999656677246,12.600000381469727,6.4785966873168945,605400,0.0,0.0
2002-08-19,12.699999809265137,13.119999885559082,12.59000015258789,13.050000190734863,6.709976673126221,502400,0.0,0.0
2002-08-20,12.800000190734863,13.050000190734863,12.680000305175781,12.949999809265137,6.658560752868652,457200,0.0,0.0
2002-08-21,13.199999809265137,13.460000038146973,13.010000228881836,13.390000343322754,6.88479471206665,1348600,0.0,0.0
2002-08-22,13.350000381469727,13.670000076293945,12.949999809265137,13.600000381469727,6.992772579193115,682500,0.0,0.0
2002-08-23,13.5,13.789999961853027,13.350000381469727,13.460000038146973,6.920785903930664,1408500,0.0,0.0
2002-08-26,13.460000038146973,13.489999771118164,13.15999984741211,13.270000457763672,6.823098659515381,398900,0.0,0.0
2002-08-27,13.279999732971191,13.449999809265137,12.869999885559082,13.239999771118164,6.807669162750244,784400,0.0,0.0
2002-08-28,13.140000343322754,13.210000038146973,13.039999961853027,13.210000038146973,6.7922468185424805,693900,0.0,0.0
2002-08-29,13.109999656677246,13.3100004196167,12.829999923706055,13.3100004196167,6.843661785125732,655400,0.0,0.0
2002-08-30,13.260000228881836,13.350000381469727,12.989999771118164,13.149999618530273,6.761391639709473,263700,0.0,0.0
2002-09-03,12.949999809265137,13.0,12.569999694824219,12.869999885559082,6.617421627044678,754200,0.0,0.0
2002-09-04,12.869999885559082,13.239999771118164,12.75,13.210000038146973,6.7922468185424805,525600,0.0,0.0
2002-09-05,13.109999656677246,13.109999656677246,12.800000190734863,12.880000114440918,6.622567176818848,776000,0.0,0.0
2002-09-06,12.979999542236328,13.109999656677246,12.75,12.800000190734863,6.581431865692139,1137500,0.0,0.0
2002-09-09,12.779999732971191,13.0,12.65999984741211,12.75,6.555723190307617,1093800,0.0,0.0
2002-09-10,12.800000190734863,12.850000381469727,12.550000190734863,12.800000190734863,6.581431865692139,861800,0.0,0.0
2002-09-11,12.949999809265137,12.949999809265137,12.600000381469727,12.75,6.555723190307617,562300,0.0,0.0
2002-09-12,12.699999809265137,12.710000038146973,12.350000381469727,12.550000190734863,6.45288610458374,709800,0.0,0.0
2002-09-13,12.449999809265137,12.600000381469727,12.199999809265137,12.5,6.427183151245117,475200,0.0,0.0
2002-09-16,12.350000381469727,12.640000343322754,12.25,12.520000457763672,6.437465190887451,437500,0.0,0.0
2002-09-17,12.75,12.779999732971191,12.0,12.039999961853027,6.1906609535217285,628100,0.0,0.0
2002-09-18,12.039999961853027,12.260000228881836,11.920000076293945,12.149999618530273,6.247219085693359,537400,0.0,0.0
2002-09-19,12.050000190734863,12.100000381469727,11.770000457763672,11.890000343322754,6.1135334968566895,467000,0.0,0.0
2002-09-20,11.989999771118164,12.180000305175781,11.779999732971191,11.890000343322754,6.1135334968566895,589200,0.0,0.0
2002-09-23,11.789999961853027,11.869999885559082,11.5,11.649999618530273,5.9901347160339355,596900,0.0,0.0
2002-09-24,11.550000190734863,11.819999694824219,11.550000190734863,11.770000457763672,6.051831245422363,919700,0.0,0.0
2002-09-25,11.720000267028809,12.229999542236328,11.720000267028809,12.09000015258789,6.216365814208984,556100,0.0,0.0
2002-09-26,12.1899995803833,12.210000038146973,11.5,11.680000305175781,6.005558490753174,2145900,0.0,0.0
2002-09-27,11.670000076293945,11.760000228881836,11.100000381469727,11.140000343322754,5.727904796600342,1571800,0.0,0.0
2002-09-30,11.140000343322754,11.34000015258789,10.699999809265137,11.130000114440918,5.722761631011963,1947800,0.0,0.0
2002-10-01,11.350000381469727,11.380000114440918,11.029999732971191,11.350000381469727,5.835877895355225,1108900,0.0,0.0
2002-10-02,11.350000381469727,11.350000381469727,10.5,10.899999618530273,5.6045002937316895,1128100,0.0,0.0
2002-10-03,11.149999618530273,11.180000305175781,10.90999984741211,11.069999694824219,5.691910743713379,737400,0.0,0.0
2002-10-04,11.149999618530273,11.359999656677246,10.5600004196167,11.170000076293945,5.743330955505371,1517300,0.0,0.0
2002-10-07,10.800000190734863,11.100000381469727,10.739999771118164,10.890000343322754,5.599360466003418,1069700,0.0,0.0
2002-10-08,10.989999771118164,11.09000015258789,10.579999923706055,10.869999885559082,5.589076519012451,954600,0.0,0.0
2002-10-09,10.569999694824219,10.819999694824219,10.489999771118164,10.630000114440918,5.465674877166748,948400,0.0,0.0
2002-10-10,10.550000190734863,10.609999656677246,10.180000305175781,10.300000190734863,5.29599666595459,1617100,0.0,0.0
2002-10-11,10.399999618530273,10.84000015258789,10.399999618530273,10.729999542236328,5.517093181610107,1081400,0.0,0.0
2002-10-14,10.729999542236328,11.020000457763672,10.600000381469727,10.800000190734863,5.553081512451172,546900,0.0,0.0
2002-10-15,10.899999618530273,11.260000228881836,10.850000381469727,11.0,5.655921459197998,1383500,0.0,0.0
2002-10-16,11.0,11.100000381469727,10.489999771118164,10.869999885559082,5.589076519012451,858100,0.0,0.0
2002-10-17,11.300000190734863,11.399999618530273,10.949999809265137,10.949999809265137,5.63021183013916,1156300,0.0,0.0
2002-10-18,10.949999809265137,11.119999885559082,10.850000381469727,10.850000381469727,5.578792572021484,1059200,0.0,0.0
2002-10-21,10.199999809265137,11.0600004196167,10.15999984741211,11.0,5.655921459197998,1329500,0.0,0.0
2002-10-22,10.960000038146973,10.979999542236328,10.260000228881836,10.420000076293945,5.3576979637146,1109600,0.0,0.0
2002-10-23,10.470000267028809,10.670000076293945,10.270000457763672,10.4399995803833,5.367981433868408,577900,0.0,0.0
2002-10-24,10.539999961853027,10.699999809265137,10.420000076293945,10.470000267028809,5.383406639099121,608700,0.0,0.0
2002-10-25,10.399999618530273,10.680000305175781,10.300000190734863,10.630000114440918,5.465674877166748,832700,0.0,0.0
2002-10-28,10.65999984741211,10.699999809265137,10.100000381469727,10.15999984741211,5.224011421203613,936400,0.0,0.0
2002-10-29,10.199999809265137,10.3100004196167,9.869999885559082,10.100000381469727,5.1931633949279785,1521300,0.0,0.0
2002-10-30,10.140000343322754,10.149999618530273,9.899999618530273,10.0600004196167,5.188004493713379,1452600,0.03,0.0
2002-10-31,10.0600004196167,10.300000190734863,10.0600004196167,10.220000267028809,5.2705183029174805,1263600,0.0,0.0
2002-11-01,10.220000267028809,10.699999809265137,10.109999656677246,10.649999618530273,5.492273807525635,814800,0.0,0.0
2002-11-04,10.75,10.800000190734863,10.449999809265137,10.5,5.414915561676025,934200,0.0,0.0
2002-11-05,10.600000381469727,10.75,10.420000076293945,10.550000190734863,5.440699577331543,1248100,0.0,0.0
2002-11-06,10.569999694824219,10.75,10.430000305175781,10.640000343322754,5.487111568450928,796500,0.0,0.0
2002-11-07,10.640000343322754,10.9399995803833,10.40999984741211,10.779999732971191,5.559314250946045,952000,0.0,0.0
2002-11-08,10.789999961853027,10.930000305175781,10.550000190734863,10.739999771118164,5.538684844970703,556900,0.0,0.0
2002-11-11,10.710000038146973,10.800000190734863,10.369999885559082,10.5,5.414915561676025,580800,0.0,0.0
2002-11-12,10.470000267028809,10.640000343322754,10.4399995803833,10.489999771118164,5.409758567810059,269700,0.0,0.0
2002-11-13,10.529999732971191,10.90999984741211,10.4399995803833,10.770000457763672,5.554156303405762,677300,0.0,0.0
2002-11-14,10.869999885559082,11.970000267028809,10.819999694824219,11.350000381469727,5.85326623916626,1785500,0.0,0.0
2002-11-15,11.449999809265137,11.789999961853027,11.369999885559082,11.680000305175781,6.0234503746032715,814300,0.0,0.0
2002-11-18,12.130000114440918,12.359999656677246,12.010000228881836,12.199999809265137,6.291617393493652,1590800,0.0,0.0
2002-11-19,12.170000076293945,12.329999923706055,11.899999618530273,12.069999694824219,6.224575042724609,1166000,0.0,0.0
2002-11-20,12.0,12.4399995803833,11.949999809265137,12.279999732971191,6.3328728675842285,759200,0.0,0.0
2002-11-21,12.449999809265137,12.84000015258789,12.380000114440918,12.720000267028809,6.559785842895508,1071200,0.0,0.0
2002-11-22,12.6899995803833,13.119999885559082,12.640000343322754,12.890000343322754,6.647453784942627,959300,0.0,0.0
2002-11-25,12.970000267028809,13.100000381469727,12.670000076293945,13.079999923706055,6.7454376220703125,984100,0.0,0.0
2002-11-26,13.079999923706055,13.079999923706055,12.550000190734863,12.640000343322754,6.518528938293457,952300,0.0,0.0
2002-11-27,12.630000114440918,13.109999656677246,12.600000381469727,13.079999923706055,6.7454376220703125,769600,0.0,0.0
2002-11-29,13.109999656677246,13.1899995803833,12.75,12.819999694824219,6.611353397369385,541900,0.0,0.0
2002-12-02,13.25,13.479999542236328,12.649999618530273,13.0,6.704181671142578,963700,0.0,0.0
2002-12-03,12.899999618530273,12.930000305175781,12.600000381469727,12.760000228881836,6.580413341522217,1141900,0.0,0.0
2002-12-04,12.600000381469727,12.800000190734863,12.600000381469727,12.6899995803833,6.544312000274658,872500,0.0,0.0
2002-12-05,12.710000038146973,12.800000190734863,12.390000343322754,12.510000228881836,6.4514851570129395,1404500,0.0,0.0
2002-12-06,12.40999984741211,12.5,12.220000267028809,12.329999923706055,6.358659267425537,884900,0.0,0.0
2002-12-09,12.229999542236328,12.229999542236328,11.800000190734863,11.829999923706055,6.100805759429932,843800,0.0,0.0
2002-12-10,11.680000305175781,12.15999984741211,11.680000305175781,12.15999984741211,6.270988464355469,475500,0.0,0.0
2002-12-11,12.0600004196167,12.069999694824219,11.859999656677246,11.859999656677246,6.116273880004883,293000,0.0,0.0
2002-12-12,11.869999885559082,12.15999984741211,11.829999923706055,12.109999656677246,6.245203971862793,721300,0.0,0.0
2002-12-13,12.010000228881836,12.100000381469727,11.859999656677246,11.869999885559082,6.121432781219482,421200,0.0,0.0
2002-12-16,11.880000114440918,12.119999885559082,11.829999923706055,12.069999694824219,6.224575042724609,429500,0.0,0.0
2002-12-17,12.109999656677246,12.109999656677246,11.920000076293945,11.9399995803833,6.157532691955566,492100,0.0,0.0
2002-12-18,11.989999771118164,12.079999923706055,11.5600004196167,11.680000305175781,6.0234503746032715,903300,0.0,0.0
2002-12-19,11.380000114440918,11.75,11.300000190734863,11.420000076293945,5.889365196228027,1465600,0.0,0.0
2002-12-20,11.279999732971191,11.520000457763672,11.210000038146973,11.34000015258789,5.848106384277344,1010800,0.0,0.0
2002-12-23,11.239999771118164,11.539999961853027,11.210000038146973,11.399999618530273,5.879053115844727,804400,0.0,0.0
2002-12-24,11.399999618530273,11.399999618530273,11.020000457763672,11.140000343322754,5.744969844818115,455500,0.0,0.0
2002-12-26,11.199999809265137,11.449999809265137,11.1899995803833,11.34000015258789,5.848106384277344,393800,0.0,0.0
2002-12-27,11.270000457763672,11.359999656677246,11.100000381469727,11.119999885559082,5.734652519226074,607700,0.0,0.0
2002-12-30,11.130000114440918,11.3100004196167,11.010000228881836,11.210000038146973,5.781064987182617,700200,0.0,0.0
2002-12-31,11.170000076293945,11.609999656677246,11.170000076293945,11.550000190734863,5.9564080238342285,575800,0.0,0.0
2003-01-02,11.600000381469727,11.6899995803833,11.420000076293945,11.619999885559082,5.992506504058838,934000,0.0,0.0
2003-01-03,11.619999885559082,11.729999542236328,11.479999542236328,11.550000190734863,5.9564080238342285,528800,0.0,0.0
2003-01-06,11.630000114440918,11.760000228881836,11.5600004196167,11.699999809265137,6.0337629318237305,525600,0.0,0.0
2003-01-07,11.800000190734863,11.899999618530273,11.630000114440918,11.770000457763672,6.069863796234131,629300,0.0,0.0
2003-01-08,11.670000076293945,11.6899995803833,11.510000228881836,11.630000114440918,5.997666358947754,429800,0.0,0.0
2003-01-09,11.630000114440918,11.90999984741211,11.630000114440918,11.899999618530273,6.136908531188965,466600,0.0,0.0
2003-01-10,11.75,11.949999809265137,11.710000038146973,11.850000381469727,6.111117362976074,434500,0.0,0.0
2003-01-13,11.859999656677246,12.010000228881836,11.739999771118164,11.960000038146973,6.167844772338867,598500,0.0,0.0
2003-01-14,11.859999656677246,12.069999694824219,11.789999961853027,12.069999694824219,6.224575042724609,456600,0.0,0.0
2003-01-15,12.0600004196167,12.100000381469727,11.890000343322754,12.100000381469727,6.24004602432251,716100,0.0,0.0
2003-01-16,12.0600004196167,12.130000114440918,11.949999809265137,12.069999694824219,6.224575042724609,756200,0.0,0.0
2003-01-17,12.069999694824219,12.09000015258789,11.920000076293945,12.029999732971191,6.203945636749268,386600,0.0,0.0
2003-01-21,12.079999923706055,12.130000114440918,11.84000015258789,11.930000305175781,6.152376174926758,687500,0.0,0.0
2003-01-22,11.9399995803833,11.960000038146973,11.649999618530273,11.960000038146973,6.167844772338867,1061600,0.0,0.0
2003-01-23,11.960000038146973,12.100000381469727,11.960000038146973,12.0,6.188476085662842,676700,0.0,0.0
2003-01-24,12.010000228881836,12.119999885559082,11.920000076293945,12.020000457763672,6.198789119720459,720400,0.0,0.0
2003-01-27,12.020000457763672,12.09000015258789,11.600000381469727,11.890000343322754,6.131744861602783,804200,0.0,0.0
2003-01-28,11.9399995803833,12.130000114440918,11.850000381469727,12.069999694824219,6.224575042724609,582400,0.0,0.0
2003-01-29,11.890000343322754,12.050000190734863,11.710000038146973,11.989999771118164,6.19872522354126,605600,0.03,0.0
2003-01-30,11.9399995803833,12.050000190734863,11.699999809265137,11.75,6.074648380279541,949000,0.0,0.0
2003-01-31,11.75,12.029999732971191,11.75,12.0,6.2038960456848145,1025600,0.0,0.0
2003-02-03,12.149999618530273,12.25,11.960000038146973,12.050000190734863,6.229748249053955,897500,0.0,0.0
2003-02-04,11.949999809265137,11.979999542236328,11.600000381469727,11.619999885559082,6.007437229156494,870700,0.0,0.0
2003-02-05,11.720000267028809,11.84000015258789,11.579999923706055,11.649999618530273,6.022946834564209,706700,0.0,0.0
2003-02-06,11.649999618530273,11.75,11.510000228881836,11.539999961853027,5.966075897216797,604300,0.0,0.0
2003-02-07,11.630000114440918,11.729999542236328,11.489999771118164,11.5,5.945399761199951,347100,0.0,0.0
2003-02-10,11.479999542236328,11.59000015258789,11.300000190734863,11.550000190734863,5.971249580383301,641400,0.0,0.0
2003-02-11,11.550000190734863,11.699999809265137,11.430000305175781,11.430000305175781,5.909210681915283,429000,0.0,0.0
2003-02-12,11.470000267028809,11.569999694824219,11.229999542236328,11.289999961853027,5.8368306159973145,832000,0.0,0.0
2003-02-13,11.600000381469727,11.899999618530273,11.600000381469727,11.800000190734863,6.100494861602783,1798500,0.0,0.0
2003-02-14,11.850000381469727,11.970000267028809,11.739999771118164,11.899999618530273,6.152199745178223,1710100,0.0,0.0
2003-02-18,12.0,12.300000190734863,11.970000267028809,12.279999732971191,6.3486528396606445,1080600,0.0,0.0
2003-02-19,12.279999732971191,12.279999732971191,11.8100004196167,11.899999618530273,6.152199745178223,1143200,0.0,0.0
2003-02-20,12.199999809265137,12.229999542236328,12.039999961853027,12.140000343322754,6.27627420425415,1303300,0.0,0.0
2003-02-21,12.140000343322754,12.279999732971191,12.050000190734863,12.140000343322754,6.27627420425415,847700,0.0,0.0
2003-02-24,12.149999618530273,12.149999618530273,11.979999542236328,12.0600004196167,6.234915256500244,806400,0.0,0.0
2003-02-25,12.010000228881836,12.229999542236328,11.880000114440918,12.149999618530273,6.281440734863281,497400,0.0,0.0
2003-02-26,12.149999618530273,12.369999885559082,12.039999961853027,12.0600004196167,6.234915256500244,834900,0.0,0.0
2003-02-27,12.119999885559082,12.130000114440918,12.050000190734863,12.100000381469727,6.255594730377197,958800,0.0,0.0
2003-02-28,12.140000343322754,12.180000305175781,12.050000190734863,12.109999656677246,6.26076602935791,1188400,0.0,0.0
2003-03-03,12.180000305175781,12.319999694824219,12.079999923706055,12.15999984741211,6.286613941192627,1845500,0.0,0.0
2003-03-04,12.140000343322754,12.180000305175781,12.029999732971191,12.079999923706055,6.245253086090088,647000,0.0,0.0
2003-03-05,12.149999618530273,12.25,12.0600004196167,12.119999885559082,6.265934467315674,797000,0.0,0.0
2003-03-06,12.050000190734863,12.229999542236328,12.0,12.220000267028809,6.31763219833374,800300,0.0,0.0
2003-03-07,12.220000267028809,12.539999961853027,12.119999885559082,12.520000457763672,6.472729682922363,858800,0.0,0.0
2003-03-10,12.520000457763672,12.539999961853027,12.1899995803833,12.210000038146973,6.312459945678711,532800,0.0,0.0
2003-03-11,12.170000076293945,12.25,12.020000457763672,12.029999732971191,6.219403266906738,551400,0.0,0.0
2003-03-12,11.979999542236328,12.149999618530273,11.710000038146973,12.140000343322754,6.27627420425415,686000,0.0,0.0
2003-03-13,12.449999809265137,13.100000381469727,12.300000190734863,13.09000015258789,6.767419815063477,2364100,0.0,0.0
2003-03-14,13.09000015258789,13.100000381469727,12.84000015258789,12.970000267028809,6.705374717712402,1156300,0.0,0.0
2003-03-17,12.979999542236328,13.800000190734863,12.920000076293945,13.800000190734863,7.1344780921936035,1251500,0.0,0.0
2003-03-18,13.800000190734863,13.90999984741211,13.529999732971191,13.84000015258789,7.155158519744873,1220000,0.0,0.0
2003-03-19,13.84000015258789,13.989999771118164,13.680000305175781,13.84000015258789,7.155158519744873,629700,0.0,0.0
2003-03-20,13.84000015258789,14.180000305175781,13.619999885559082,13.899999618530273,7.1861772537231445,1160000,0.0,0.0
2003-03-21,14.100000381469727,14.600000381469727,13.989999771118164,14.59000015258789,7.542901515960693,975000,0.0,0.0
2003-03-24,14.25,14.260000228881836,13.600000381469727,13.720000267028809,7.0931196212768555,838400,0.0,0.0
2003-03-25,13.670000076293945,14.170000076293945,13.619999885559082,13.899999618530273,7.1861772537231445,862900,0.0,0.0
2003-03-26,13.930000305175781,14.149999618530273,13.84000015258789,14.020000457763672,7.248218536376953,820300,0.0,0.0
2003-03-27,13.920000076293945,14.020000457763672,13.670000076293945,13.949999809265137,7.212025165557861,777400,0.0,0.0
2003-03-28,13.899999618530273,13.960000038146973,13.789999961853027,13.859999656677246,7.165497303009033,997400,0.0,0.0
2003-03-31,13.8100004196167,13.930000305175781,13.6899995803833,13.890000343322754,7.181009769439697,1657100,0.0,0.0
2003-04-01,13.789999961853027,13.960000038146973,13.65999984741211,13.960000038146973,7.217198371887207,1394100,0.0,0.0
2003-04-02,14.100000381469727,14.399999618530273,13.989999771118164,14.34000015258789,7.413654804229736,1093900,0.0,0.0
2003-04-03,14.390000343322754,14.850000381469727,14.34000015258789,14.75,7.625617980957031,1479300,0.0,0.0
2003-04-04,14.800000190734863,14.989999771118164,14.770000457763672,14.989999771118164,7.749700546264648,1451400,0.0,0.0
2003-04-07,15.050000190734863,15.149999618530273,14.640000343322754,14.789999961853027,7.646300792694092,1657500,0.0,0.0
2003-04-08,14.779999732971191,14.850000381469727,14.600000381469727,14.850000381469727,7.6773200035095215,595400,0.0,0.0
2003-04-09,14.850000381469727,15.050000190734863,14.729999542236328,14.899999618530273,7.703167915344238,1100100,0.0,0.0
2003-04-10,14.949999809265137,14.970000267028809,14.5,14.75,7.625617980957031,772200,0.0,0.0
2003-04-11,14.75,14.90999984741211,14.59000015258789,14.75,7.625617980957031,681100,0.0,0.0
2003-04-14,14.789999961853027,14.899999618530273,14.699999809265137,14.850000381469727,7.6773200035095215,672300,0.0,0.0
2003-04-15,14.850000381469727,15.140000343322754,14.729999542236328,15.079999923706055,7.796226501464844,1086300,0.0,0.0
2003-04-16,15.050000190734863,15.09000015258789,14.84000015258789,14.84000015258789,7.672150611877441,737300,0.0,0.0
2003-04-17,14.850000381469727,14.850000381469727,14.09000015258789,14.199999809265137,7.341275691986084,2159900,0.0,0.0
2003-04-21,14.949999809265137,15.649999618530273,14.949999809265137,15.5600004196167,8.044381141662598,4312700,0.0,0.0
2003-04-22,15.460000038146973,16.079999923706055,15.180000305175781,16.0,8.27186107635498,3519300,0.0,0.0
2003-04-23,16.049999237060547,16.100000381469727,15.65999984741211,15.84000015258789,8.189141273498535,1576800,0.0,0.0
2003-04-24,15.9399995803833,15.9399995803833,15.75,15.880000114440918,8.209818840026855,1119700,0.0,0.0
2003-04-25,15.899999618530273,16.040000915527344,15.75,16.0,8.27186107635498,1228100,0.0,0.0
2003-04-28,16.0,16.200000762939453,15.770000457763672,16.0,8.27186107635498,1208500,0.0,0.0
2003-04-29,15.989999771118164,16.139999389648438,15.869999885559082,16.079999923706055,8.32883358001709,1608800,0.03,0.0
2003-04-30,16.079999923706055,16.139999389648438,15.920000076293945,16.0,8.287398338317871,1172700,0.0,0.0
2003-05-01,15.920000076293945,16.170000076293945,15.579999923706055,16.139999389648438,8.35991382598877,1947200,0.0,0.0
2003-05-02,16.139999389648438,16.18000030517578,15.920000076293945,15.949999809265137,8.261503219604492,1031200,0.0,0.0
2003-05-05,16.049999237060547,16.06999969482422,15.920000076293945,16.049999237060547,8.313297271728516,1635800,0.0,0.0
2003-05-06,16.059999465942383,16.610000610351562,16.059999465942383,16.56999969482422,8.58263874053955,2171800,0.0,0.0
2003-05-07,16.549999237060547,16.549999237060547,15.979999542236328,16.0,8.287398338317871,1954700,0.0,0.0
2003-05-08,15.850000381469727,16.020000457763672,15.680000305175781,15.949999809265137,8.261503219604492,1178500,0.0,0.0
2003-05-09,16.049999237060547,16.15999984741211,15.9399995803833,16.110000610351562,8.344376564025879,1056400,0.0,0.0
2003-05-12,16.0,16.200000762939453,15.880000114440918,16.200000762939453,8.390992164611816,830300,0.0,0.0
2003-05-13,16.149999618530273,16.170000076293945,15.899999618530273,16.06999969482422,8.323657035827637,1000800,0.0,0.0
2003-05-14,16.0,16.010000228881836,15.739999771118164,15.819999694824219,8.194168090820312,626700,0.0,0.0
2003-05-15,15.949999809265137,15.989999771118164,15.630000114440918,15.979999542236328,8.277036666870117,545000,0.0,0.0
2003-05-16,15.979999542236328,16.149999618530273,15.670000076293945,16.149999618530273,8.365093231201172,1027900,0.0,0.0
2003-05-19,16.049999237060547,16.049999237060547,15.609999656677246,15.670000076293945,8.116470336914062,562500,0.0,0.0
2003-05-20,15.680000305175781,15.779999732971191,15.300000190734863,15.470000267028809,8.012877464294434,596700,0.0,0.0
2003-05-21,15.199999809265137,15.449999809265137,15.149999618530273,15.449999809265137,8.002519607543945,665500,0.0,0.0
2003-05-22,15.399999618530273,15.600000381469727,15.3100004196167,15.420000076293945,7.986981391906738,617800,0.0,0.0
2003-05-23,15.380000114440918,15.680000305175781,15.199999809265137,15.59000015258789,8.075035095214844,701000,0.0,0.0
2003-05-27,15.600000381469727,15.890000343322754,15.510000228881836,15.84000015258789,8.204523086547852,753800,0.0,0.0
2003-05-28,15.739999771118164,15.859999656677246,15.59000015258789,15.640000343322754,8.100929260253906,749700,0.0,0.0
2003-05-29,15.739999771118164,16.020000457763672,15.6899995803833,16.0,8.287398338317871,1009900,0.0,0.0
2003-05-30,15.979999542236328,16.100000381469727,15.850000381469727,16.010000228881836,8.292582511901855,879400,0.0,0.0
2003-06-02,16.010000228881836,16.280000686645508,15.949999809265137,16.059999465942383,8.318474769592285,864100,0.0,0.0
2003-06-03,16.15999984741211,16.18000030517578,15.899999618530273,15.970000267028809,8.27186107635498,868300,0.0,0.0
2003-06-04,15.989999771118164,16.40999984741211,15.9399995803833,16.399999618530273,8.494585990905762,881000,0.0,0.0
2003-06-05,16.40999984741211,16.850000381469727,16.18000030517578,16.850000381469727,8.727669715881348,1159400,0.0,0.0
2003-06-06,16.850000381469727,17.010000228881836,16.540000915527344,16.68000030517578,8.639610290527344,1251800,0.0,0.0
2003-06-09,16.65999984741211,16.719999313354492,16.25,16.3700008392334,8.479045867919922,530700,0.0,0.0
2003-06-10,16.520000457763672,16.709999084472656,16.309999465942383,16.700000762939453,8.649970054626465,812100,0.0,0.0
2003-06-11,16.780000686645508,17.360000610351562,16.700000762939453,17.360000610351562,8.991827964782715,1533600,0.0,0.0
2003-06-12,17.360000610351562,17.469999313354492,17.25,17.360000610351562,8.991827964782715,676900,0.0,0.0
2003-06-13,17.43000030517578,17.56999969482422,17.3700008392334,17.43000030517578,9.028088569641113,824600,0.0,0.0
2003-06-16,17.6299991607666,18.030000686645508,17.520000457763672,18.030000686645508,9.338866233825684,1124200,0.0,0.0
2003-06-17,18.030000686645508,18.049999237060547,17.75,17.940000534057617,9.292241096496582,597700,0.0,0.0
2003-06-18,17.950000762939453,17.950000762939453,16.700000762939453,17.200000762939453,8.908952713012695,1971900,0.0,0.0
2003-06-19,17.200000762939453,17.350000381469727,16.920000076293945,17.020000457763672,8.815720558166504,551300,0.0,0.0
2003-06-20,17.25,17.25,17.040000915527344,17.170000076293945,8.893414497375488,646000,0.0,0.0
2003-06-23,17.170000076293945,17.170000076293945,16.860000610351562,17.0,8.805360794067383,509800,0.0,0.0
2003-06-24,16.950000762939453,17.25,16.920000076293945,17.219999313354492,8.919309616088867,629400,0.0,0.0
2003-06-25,17.219999313354492,17.450000762939453,17.219999313354492,17.260000228881836,8.940028190612793,598200,0.0,0.0
2003-06-26,17.270000457763672,17.700000762939453,17.219999313354492,17.639999389648438,9.13685417175293,579600,0.0,0.0
2003-06-27,17.670000076293945,17.670000076293945,17.31999969482422,17.5,9.06434154510498,841100,0.0,0.0
2003-06-30,17.5,17.700000762939453,17.40999984741211,17.489999771118164,9.059162139892578,633100,0.0,0.0
2003-07-01,17.489999771118164,18.020000457763672,17.260000228881836,18.020000457763672,9.333683013916016,933100,0.0,0.0
2003-07-02,17.950000762939453,18.309999465942383,17.899999618530273,18.239999771118164,9.44763469696045,747300,0.0,0.0
2003-07-03,18.25,18.309999465942383,17.920000076293945,18.06999969482422,9.359583854675293,417400,0.0,0.0
2003-07-07,18.09000015258789,18.450000762939453,18.079999923706055,18.350000381469727,9.504608154296875,622600,0.0,0.0
2003-07-08,18.350000381469727,18.520000457763672,18.15999984741211,18.3799991607666,9.520147323608398,554200,0.0,0.0
2003-07-09,18.329999923706055,18.3799991607666,17.950000762939453,18.079999923706055,9.364760398864746,1614700,0.0,0.0
2003-07-10,18.020000457763672,18.020000457763672,17.75,17.81999969482422,9.230093955993652,1384900,0.0,0.0
2003-07-11,17.709999084472656,17.899999618530273,17.690000534057617,17.799999237060547,9.219731330871582,937600,0.0,0.0
2003-07-14,17.799999237060547,17.920000076293945,17.719999313354492,17.729999542236328,9.183473587036133,896000,0.0,0.0
2003-07-15,17.850000381469727,18.010000228881836,17.719999313354492,17.719999313354492,9.178295135498047,1096300,0.0,0.0
2003-07-16,17.770000457763672,17.959999084472656,17.6299991607666,17.770000457763672,9.204194068908691,1487700,0.0,0.0
2003-07-17,17.670000076293945,17.700000762939453,17.270000457763672,17.309999465942383,8.965924263000488,1278600,0.0,0.0
2003-07-18,17.399999618530273,17.959999084472656,17.299999237060547,17.940000534057617,9.292241096496582,1016900,0.0,0.0
2003-07-21,18.0,18.049999237060547,17.6200008392334,17.790000915527344,9.214552879333496,1791800,0.0,0.0
2003-07-22,17.850000381469727,18.209999084472656,17.670000076293945,18.209999084472656,9.43209457397461,983800,0.0,0.0
2003-07-23,18.239999771118164,18.799999237060547,18.170000076293945,18.780000686645508,9.727335929870605,1078100,0.0,0.0
2003-07-24,18.739999771118164,19.059999465942383,18.639999389648438,18.770000457763672,9.72215461730957,1081000,0.0,0.0
2003-07-25,18.739999771118164,19.200000762939453,18.719999313354492,19.139999389648438,9.913802146911621,642000,0.0,0.0
2003-07-28,19.09000015258789,19.25,18.940000534057617,19.200000762939453,9.944873809814453,492000,0.0,0.0
2003-07-29,19.190000534057617,19.190000534057617,18.799999237060547,18.829999923706055,9.75323486328125,952400,0.0,0.0
2003-07-30,18.850000381469727,18.8799991607666,18.649999618530273,18.670000076293945,9.685790061950684,667300,0.03,0.0
2003-07-31,18.8700008392334,19.09000015258789,18.65999984741211,18.850000381469727,9.779170989990234,933600,0.0,0.0
2003-08-01,18.75,18.979999542236328,18.729999542236328,18.920000076293945,9.815485000610352,534600,0.0,0.0
2003-08-04,18.950000762939453,18.950000762939453,18.610000610351562,18.670000076293945,9.685790061950684,792000,0.0,0.0
2003-08-05,18.75,18.979999542236328,18.559999465942383,18.610000610351562,9.654662132263184,676800,0.0,0.0
2003-08-06,18.579999923706055,18.770000457763672,18.399999618530273,18.770000457763672,9.737668991088867,661800,0.0,0.0
2003-08-07,18.75,19.09000015258789,18.75,19.06999969482422,9.893305778503418,878400,0.0,0.0
2003-08-08,19.06999969482422,19.270000457763672,18.989999771118164,18.989999771118164,9.85180377960205,707000,0.0,0.0
2003-08-11,19.09000015258789,19.09000015258789,18.700000762939453,18.889999389648438,9.799924850463867,474900,0.0,0.0
2003-08-12,19.0,19.15999984741211,18.899999618530273,19.0,9.856986045837402,953900,0.0,0.0
2003-08-13,19.100000381469727,19.110000610351562,18.790000915527344,18.81999969482422,9.763604164123535,705200,0.0,0.0
2003-08-14,18.90999984741211,19.06999969482422,18.780000686645508,19.030000686645508,9.87255573272705,668800,0.0,0.0
2003-08-15,19.049999237060547,19.049999237060547,18.520000457763672,18.700000762939453,9.701356887817383,384000,0.0,0.0
2003-08-18,18.700000762939453,19.190000534057617,18.700000762939453,19.059999465942383,9.888118743896484,667900,0.0,0.0
2003-08-19,19.059999465942383,19.06999969482422,18.8700008392334,18.899999618530273,9.80511474609375,819900,0.0,0.0
2003-08-20,18.889999389648438,19.3700008392334,18.719999313354492,19.139999389648438,9.929617881774902,894200,0.0,0.0
2003-08-21,19.139999389648438,19.229999542236328,18.860000610351562,18.940000534057617,9.825861930847168,491600,0.0,0.0
2003-08-22,19.0,19.049999237060547,18.549999237060547,18.610000610351562,9.654662132263184,716900,0.0,0.0
2003-08-25,18.690000534057617,18.690000534057617,18.190000534057617,18.25,9.46789836883545,1515700,0.0,0.0
2003-08-26,18.25,18.440000534057617,18.100000381469727,18.43000030517578,9.561277389526367,1036500,0.0,0.0
2003-08-27,18.3799991607666,18.399999618530273,18.15999984741211,18.239999771118164,9.4627103805542,604600,0.0,0.0
2003-08-28,18.329999923706055,18.389999389648438,18.100000381469727,18.360000610351562,9.524964332580566,556100,0.0,0.0
2003-08-29,18.360000610351562,18.579999923706055,18.170000076293945,18.5,9.5975980758667,760500,0.0,0.0
2003-09-02,18.520000457763672,18.6299991607666,18.360000610351562,18.540000915527344,9.618342399597168,903600,0.0,0.0
2003-09-03,18.520000457763672,18.889999389648438,18.469999313354492,18.790000915527344,9.748047828674316,1126900,0.0,0.0
2003-09-04,18.690000534057617,18.799999237060547,18.600000381469727,18.729999542236328,9.716914176940918,824500,0.0,0.0
2003-09-05,18.719999313354492,18.899999618530273,18.700000762939453,18.729999542236328,9.716914176940918,508600,0.0,0.0
2003-09-08,18.770000457763672,18.850000381469727,18.65999984741211,18.780000686645508,9.74285888671875,577300,0.0,0.0
2003-09-09,18.84000015258789,18.8799991607666,18.31999969482422,18.670000076293945,9.685790061950684,950700,0.0,0.0
2003-09-10,18.690000534057617,18.690000534057617,18.469999313354492,18.559999465942383,9.628718376159668,900500,0.0,0.0
2003-09-11,18.559999465942383,18.850000381469727,18.510000228881836,18.850000381469727,9.779170989990234,611300,0.0,0.0
2003-09-12,18.700000762939453,18.780000686645508,18.540000915527344,18.75,9.727291107177734,536100,0.0,0.0
2003-09-15,18.75,18.899999618530273,18.510000228881836,18.899999618530273,9.80511474609375,788100,0.0,0.0
2003-09-16,18.899999618530273,19.0,18.690000534057617,19.0,9.856986045837402,523800,0.0,0.0
2003-09-17,18.850000381469727,19.219999313354492,18.790000915527344,19.040000915527344,9.877741813659668,895300,0.0,0.0
2003-09-18,19.040000915527344,19.18000030517578,18.81999969482422,18.899999618530273,9.80511474609375,805600,0.0,0.0
2003-09-19,18.860000610351562,18.93000030517578,18.700000762939453,18.899999618530273,9.80511474609375,713800,0.0,0.0
2003-09-22,18.850000381469727,18.889999389648438,18.65999984741211,18.850000381469727,9.779170989990234,298800,0.0,0.0
2003-09-23,18.850000381469727,18.920000076293945,18.799999237060547,18.899999618530273,9.80511474609375,516200,0.0,0.0
2003-09-24,18.860000610351562,18.8799991607666,18.459999084472656,18.639999389648438,9.670228958129883,659900,0.0,0.0
2003-09-25,18.600000381469727,18.610000610351562,18.360000610351562,18.43000030517578,9.561277389526367,1017100,0.0,0.0
2003-09-26,18.350000381469727,18.40999984741211,18.209999084472656,18.260000228881836,9.473087310791016,729200,0.0,0.0
2003-09-29,18.209999084472656,18.670000076293945,18.209999084472656,18.670000076293945,9.685790061950684,506900,0.0,0.0
2003-09-30,18.56999969482422,18.81999969482422,18.5,18.68000030517578,9.690977096557617,1282700,0.0,0.0
2003-10-01,18.719999313354492,19.25,18.709999084472656,19.25,9.986685752868652,842900,0.0,0.0
2003-10-02,19.25,20.299999237060547,19.149999618530273,20.270000457763672,10.515853881835938,2532600,0.0,0.0
2003-10-03,20.15999984741211,20.389999389648438,19.200000762939453,20.360000610351562,10.562542915344238,2466300,0.0,0.0
2003-10-06,20.260000228881836,20.729999542236328,20.149999618530273,20.729999542236328,10.754494667053223,1006300,0.0,0.0
2003-10-07,20.530000686645508,20.6200008392334,20.209999084472656,20.6200008392334,10.697427749633789,685400,0.0,0.0
2003-10-08,20.75,20.75,20.260000228881836,20.3799991607666,10.572920799255371,582400,0.0,0.0
2003-10-09,20.530000686645508,21.0,20.43000030517578,20.790000915527344,10.785619735717773,747100,0.0,0.0
2003-10-10,20.780000686645508,20.850000381469727,20.479999542236328,20.649999618530273,10.712996482849121,535800,0.0,0.0
2003-10-13,20.6200008392334,20.889999389648438,20.600000381469727,20.889999389648438,10.837503433227539,750100,0.0,0.0
2003-10-14,20.889999389648438,20.889999389648438,20.450000762939453,20.739999771118164,10.759685516357422,656000,0.0,0.0
2003-10-15,20.709999084472656,20.81999969482422,20.520000457763672,20.700000762939453,10.738932609558105,443200,0.0,0.0
2003-10-16,20.649999618530273,20.8700008392334,20.6299991607666,20.850000381469727,10.816746711730957,940700,0.0,0.0
2003-10-17,20.8799991607666,20.8799991607666,20.600000381469727,20.639999389648438,10.707803726196289,639900,0.0,0.0
2003-10-20,21.030000686645508,21.739999771118164,20.59000015258789,21.700000762939453,11.257719993591309,2122400,0.0,0.0
2003-10-21,22.100000381469727,22.299999237060547,21.25,21.950000762939453,11.387417793273926,4429700,0.0,0.0
2003-10-22,21.950000762939453,22.059999465942383,21.280000686645508,21.889999389648438,11.356287956237793,2450600,0.0,0.0
2003-10-23,21.780000686645508,21.860000610351562,21.579999923706055,21.760000228881836,11.288844108581543,1035800,0.0,0.0
2003-10-24,21.3700008392334,21.959999084472656,21.3700008392334,21.84000015258789,11.330353736877441,1227200,0.0,0.0
2003-10-27,21.700000762939453,22.110000610351562,21.5,21.790000915527344,11.304410934448242,1611900,0.0,0.0
2003-10-28,22.0,22.100000381469727,21.81999969482422,22.100000381469727,11.465238571166992,901000,0.0,0.0
2003-10-29,22.06999969482422,22.06999969482422,21.780000686645508,21.8700008392334,11.345911026000977,877500,0.0,0.0
2003-10-30,21.950000762939453,22.100000381469727,21.75,21.940000534057617,11.397870063781738,873300,0.03,0.0
2003-10-31,21.850000381469727,22.0,21.68000030517578,21.799999237060547,11.32513427734375,1240700,0.0,0.0
2003-11-03,21.850000381469727,22.270000457763672,21.770000457763672,22.270000457763672,11.569300651550293,1474900,0.0,0.0
2003-11-04,22.270000457763672,22.6299991607666,22.15999984741211,22.479999542236328,11.678396224975586,1340900,0.0,0.0
2003-11-05,22.530000686645508,22.6200008392334,22.34000015258789,22.40999984741211,11.642030715942383,998900,0.0,0.0
2003-11-06,22.510000228881836,22.600000381469727,22.139999389648438,22.34000015258789,11.605668067932129,800500,0.0,0.0
2003-11-07,22.450000762939453,22.489999771118164,22.200000762939453,22.299999237060547,11.584882736206055,735300,0.0,0.0
2003-11-10,22.399999618530273,22.469999313354492,22.020000457763672,22.06999969482422,11.465400695800781,458600,0.0,0.0
2003-11-11,22.0,22.09000015258789,21.860000610351562,22.040000915527344,11.449814796447754,490700,0.0,0.0
2003-11-12,22.010000228881836,22.40999984741211,21.989999771118164,22.389999389648438,11.631630897521973,1071300,0.0,0.0
2003-11-13,22.3799991607666,22.56999969482422,22.030000686645508,22.3799991607666,11.626449584960938,602200,0.0,0.0
2003-11-14,22.450000762939453,22.5,22.09000015258789,22.190000534057617,11.52774429321289,872900,0.0,0.0
2003-11-17,22.200000762939453,22.200000762939453,21.690000534057617,21.829999923706055,11.340718269348145,757300,0.0,0.0
2003-11-18,21.760000228881836,21.920000076293945,21.31999969482422,21.3799991607666,11.10694408416748,739200,0.0,0.0
2003-11-19,21.329999923706055,21.440000534057617,20.8799991607666,21.350000381469727,11.09135913848877,1122500,0.0,0.0
2003-11-20,21.299999237060547,21.459999084472656,21.030000686645508,21.399999618530273,11.117334365844727,785700,0.0,0.0
2003-11-21,21.5,21.8700008392334,21.420000076293945,21.790000915527344,11.319937705993652,599200,0.0,0.0
2003-11-24,21.75,22.149999618530273,21.709999084472656,22.100000381469727,11.48098373413086,764600,0.0,0.0
2003-11-25,22.149999618530273,22.190000534057617,21.8700008392334,21.969999313354492,11.413448333740234,517800,0.0,0.0
2003-11-26,21.969999313354492,22.1200008392334,21.889999389648438,22.06999969482422,11.465400695800781,374400,0.0,0.0
2003-11-28,22.06999969482422,22.110000610351562,21.969999313354492,22.110000610351562,11.486180305480957,187200,0.0,0.0
2003-12-01,22.110000610351562,22.290000915527344,21.93000030517578,22.1200008392334,11.491374015808105,866400,0.0,0.0
2003-12-02,22.170000076293945,22.200000762939453,21.850000381469727,21.899999618530273,11.377083778381348,818000,0.0,0.0
2003-12-03,21.899999618530273,21.899999618530273,21.40999984741211,21.440000534057617,11.138114929199219,1180800,0.0,0.0
2003-12-04,21.540000915527344,21.639999389648438,21.200000762939453,21.31999969482422,11.075776100158691,912400,0.0,0.0
2003-12-05,21.25,21.309999465942383,20.81999969482422,20.8799991607666,10.847192764282227,775100,0.0,0.0
2003-12-08,20.799999237060547,20.90999984741211,20.079999923706055,20.170000076293945,10.478342056274414,2185700,0.0,0.0
2003-12-09,20.31999969482422,20.389999389648438,19.649999618530273,19.700000762939453,10.234183311462402,2266700,0.0,0.0
2003-12-10,19.549999237060547,19.780000686645508,19.520000457763672,19.6299991607666,10.1978178024292,2506600,0.0,0.0
2003-12-11,19.700000762939453,19.969999313354492,19.649999618530273,19.75,10.260157585144043,1880900,0.0,0.0
2003-12-12,19.899999618530273,19.950000762939453,19.739999771118164,19.829999923706055,10.301718711853027,1676800,0.0,0.0
2003-12-15,20.0,20.31999969482422,19.989999771118164,20.040000915527344,10.410813331604004,1712900,0.0,0.0
2003-12-16,20.09000015258789,20.200000762939453,19.6299991607666,19.889999389648438,10.332887649536133,1285800,0.0,0.0
2003-12-17,19.979999542236328,20.3799991607666,19.729999542236328,20.290000915527344,10.540688514709473,1560200,0.0,0.0
2003-12-18,20.25,20.65999984741211,20.25,20.65999984741211,10.732902526855469,1307300,0.0,0.0
2003-12-19,21.149999618530273,21.389999389648438,20.959999084472656,21.1299991607666,10.977066040039062,1957200,0.0,0.0
2003-12-22,21.100000381469727,21.1200008392334,20.59000015258789,20.81999969482422,10.816022872924805,1277900,0.0,0.0
2003-12-23,20.760000228881836,21.43000030517578,20.760000228881836,21.43000030517578,11.132919311523438,1142900,0.0,0.0
2003-12-24,21.25,21.290000915527344,21.139999389648438,21.25,11.039408683776855,366000,0.0,0.0
2003-12-26,21.299999237060547,21.3799991607666,21.170000076293945,21.219999313354492,11.023821830749512,165700,0.0,0.0
2003-12-29,21.219999313354492,21.389999389648438,21.110000610351562,21.280000686645508,11.05499267578125,650800,0.0,0.0
2003-12-30,21.280000686645508,21.399999618530273,21.190000534057617,21.329999923706055,11.080971717834473,665300,0.0,0.0
2003-12-31,21.299999237060547,21.440000534057617,21.18000030517578,21.280000686645508,11.05499267578125,475700,0.0,0.0
2004-01-02,21.479999542236328,21.549999237060547,20.920000076293945,21.020000457763672,10.919918060302734,647400,0.0,0.0
2004-01-05,21.170000076293945,21.479999542236328,20.8799991607666,21.3799991607666,11.10694408416748,1113000,0.0,0.0
2004-01-06,21.43000030517578,21.600000381469727,21.280000686645508,21.59000015258789,11.216044425964355,924000,0.0,0.0
2004-01-07,21.549999237060547,21.579999923706055,21.25,21.489999771118164,11.164087295532227,917500,0.0,0.0
2004-01-08,21.530000686645508,21.690000534057617,21.030000686645508,21.030000686645508,10.92512035369873,975800,0.0,0.0
2004-01-09,21.030000686645508,21.239999771118164,20.959999084472656,21.0,10.909538269042969,628000,0.0,0.0
2004-01-12,20.90999984741211,21.079999923706055,20.760000228881836,20.950000762939453,10.883562088012695,808200,0.0,0.0
2004-01-13,21.06999969482422,21.360000610351562,21.049999237060547,21.229999542236328,11.029017448425293,843000,0.0,0.0
2004-01-14,21.3799991607666,21.65999984741211,21.34000015258789,21.450000762939453,11.143310546875,958000,0.0,0.0
2004-01-15,21.440000534057617,21.75,21.3700008392334,21.56999969482422,11.205648422241211,441700,0.0,0.0
2004-01-16,21.700000762939453,22.030000686645508,21.649999618530273,21.790000915527344,11.319937705993652,704700,0.0,0.0
2004-01-20,21.780000686645508,21.790000915527344,21.25,21.25,11.039408683776855,543800,0.0,0.0
2004-01-21,21.229999542236328,21.600000381469727,21.190000534057617,21.510000228881836,11.174476623535156,1201100,0.0,0.0
2004-01-22,21.610000610351562,21.760000228881836,21.299999237060547,21.389999389648438,11.112135887145996,554700,0.0,0.0
2004-01-23,21.530000686645508,21.530000686645508,21.209999084472656,21.399999618530273,11.117334365844727,960800,0.0,0.0
2004-01-26,21.280000686645508,21.3799991607666,20.90999984741211,21.010000228881836,10.91472339630127,1195200,0.0,0.0
2004-01-27,20.600000381469727,20.81999969482422,20.520000457763672,20.690000534057617,10.748490333557129,1034000,0.0,0.0
2004-01-28,20.760000228881836,20.850000381469727,20.170000076293945,20.18000030517578,10.483542442321777,851900,0.0,0.0
2004-01-29,20.149999618530273,20.200000762939453,19.709999084472656,19.899999618530273,10.353474617004395,1315300,0.03,0.0
2004-01-30,19.899999618530273,19.899999618530273,19.639999389648438,19.75,10.275432586669922,1311400,0.0,0.0
2004-02-02,19.75,20.06999969482422,19.75,19.829999923706055,10.317052841186523,1492200,0.0,0.0
2004-02-03,19.829999923706055,19.959999084472656,19.729999542236328,19.809999465942383,10.30665111541748,890500,0.0,0.0
2004-02-04,19.600000381469727,19.68000030517578,19.3799991607666,19.5,10.14536190032959,1058900,0.0,0.0
2004-02-05,19.549999237060547,20.25,19.489999771118164,20.06999969482422,10.44191837310791,1183300,0.0,0.0
2004-02-06,19.969999313354492,20.690000534057617,19.8799991607666,20.690000534057617,10.764490127563477,1279200,0.0,0.0
2004-02-09,20.950000762939453,21.040000915527344,20.209999084472656,20.760000228881836,10.800911903381348,1818500,0.0,0.0
2004-02-10,20.809999465942383,21.030000686645508,20.760000228881836,20.84000015258789,10.842531204223633,1515200,0.0,0.0
2004-02-11,20.84000015258789,21.549999237060547,20.639999389648438,21.399999618530273,11.133881568908691,1927400,0.0,0.0
2004-02-12,21.469999313354492,21.889999389648438,21.229999542236328,21.709999084472656,11.295171737670898,1399200,0.0,0.0
2004-02-13,21.75,21.899999618530273,21.549999237060547,21.81999969482422,11.352401733398438,840100,0.0,0.0
2004-02-17,21.889999389648438,22.110000610351562,21.75,21.770000457763672,11.326387405395508,1199600,0.0,0.0
2004-02-18,21.770000457763672,22.059999465942383,21.6200008392334,21.799999237060547,11.341997146606445,1421300,0.0,0.0
2004-02-19,22.049999237060547,22.110000610351562,21.760000228881836,21.81999969482422,11.352401733398438,996600,0.0,0.0
2004-02-20,21.81999969482422,21.81999969482422,21.3799991607666,21.690000534057617,11.284760475158691,1019200,0.0,0.0
2004-02-23,21.6299991607666,21.780000686645508,21.469999313354492,21.510000228881836,11.191117286682129,879400,0.0,0.0
2004-02-24,21.579999923706055,21.719999313354492,21.25,21.6299991607666,11.253543853759766,830900,0.0,0.0
2004-02-25,21.639999389648438,21.84000015258789,21.440000534057617,21.56999969482422,11.222332000732422,1639200,0.0,0.0
2004-02-26,21.489999771118164,21.68000030517578,21.25,21.56999969482422,11.222332000732422,928900,0.0,0.0
2004-02-27,21.719999313354492,21.989999771118164,21.520000457763672,21.8700008392334,11.378417015075684,564100,0.0,0.0
2004-03-01,21.84000015258789,22.34000015258789,21.84000015258789,22.170000076293945,11.534491539001465,1002300,0.0,0.0
2004-03-02,22.239999771118164,22.450000762939453,22.1299991607666,22.25,11.576120376586914,727800,0.0,0.0
2004-03-03,22.299999237060547,22.6200008392334,22.200000762939453,22.5,11.706189155578613,977400,0.0,0.0
2004-03-04,22.43000030517578,22.510000228881836,22.100000381469727,22.420000076293945,11.664563179016113,504000,0.0,0.0
2004-03-05,22.350000381469727,22.68000030517578,22.239999771118164,22.56999969482422,11.742609977722168,1693000,0.0,0.0
2004-03-08,22.639999389648438,22.979999542236328,22.610000610351562,22.860000610351562,11.893485069274902,1415100,0.0,0.0
2004-03-09,22.719999313354492,22.799999237060547,22.270000457763672,22.329999923706055,11.617738723754883,1636500,0.0,0.0
2004-03-10,22.149999618530273,22.350000381469727,21.969999313354492,21.969999313354492,11.43044376373291,985300,0.0,0.0
2004-03-11,21.8700008392334,21.8700008392334,21.350000381469727,21.389999389648438,11.128684043884277,871300,0.0,0.0
2004-03-12,21.59000015258789,21.8799991607666,21.469999313354492,21.739999771118164,11.310779571533203,452900,0.0,0.0
2004-03-15,21.739999771118164,21.739999771118164,21.420000076293945,21.5,11.185909271240234,629800,0.0,0.0
2004-03-16,21.700000762939453,22.1200008392334,21.670000076293945,21.959999084472656,11.425239562988281,1036600,0.0,0.0
2004-03-17,21.959999084472656,22.06999969482422,21.93000030517578,22.030000686645508,11.461668968200684,471100,0.0,0.0
2004-03-18,21.93000030517578,22.020000457763672,21.6200008392334,21.989999771118164,11.440845489501953,383200,0.0,0.0
2004-03-19,21.989999771118164,22.360000610351562,21.920000076293945,22.209999084472656,11.555309295654297,842300,0.0,0.0
2004-03-22,22.0,22.049999237060547,21.309999465942383,21.540000915527344,11.20672607421875,1262400,0.0,0.0
2004-03-23,21.59000015258789,21.670000076293945,21.309999465942383,21.489999771118164,11.180709838867188,1306000,0.0,0.0
2004-03-24,21.59000015258789,21.68000030517578,21.049999237060547,21.1299991607666,10.993410110473633,1346300,0.0,0.0
2004-03-25,21.1299991607666,21.420000076293945,21.059999465942383,21.360000610351562,11.113077163696289,1129400,0.0,0.0
2004-03-26,21.43000030517578,21.540000915527344,21.239999771118164,21.239999771118164,11.050640106201172,560800,0.0,0.0
2004-03-29,21.350000381469727,21.5,21.329999923706055,21.399999618530273,11.133881568908691,884400,0.0,0.0
2004-03-30,21.40999984741211,21.5,21.31999969482422,21.399999618530273,11.133881568908691,851200,0.0,0.0
2004-03-31,21.489999771118164,21.809999465942383,21.350000381469727,21.75,11.315979957580566,1133800,0.0,0.0
2004-04-01,21.700000762939453,22.34000015258789,21.65999984741211,22.260000228881836,11.581318855285645,1145200,0.0,0.0
2004-04-02,22.389999389648438,22.68000030517578,22.299999237060547,22.68000030517578,11.799838066101074,907400,0.0,0.0
2004-04-05,22.540000915527344,22.920000076293945,22.540000915527344,22.889999389648438,11.90909481048584,567300,0.0,0.0
2004-04-06,22.940000534057617,23.329999923706055,22.81999969482422,23.329999923706055,12.138014793395996,1949500,0.0,0.0
2004-04-07,23.239999771118164,23.25,22.850000381469727,22.899999618530273,11.914297103881836,632900,0.0,0.0
2004-04-08,23.030000686645508,23.079999923706055,22.530000686645508,22.6200008392334,11.768622398376465,734000,0.0,0.0
2004-04-12,22.770000457763672,22.8700008392334,22.5,22.600000381469727,11.758217811584473,548100,0.0,0.0
2004-04-13,22.549999237060547,22.639999389648438,22.290000915527344,22.360000610351562,11.633349418640137,639200,0.0,0.0
2004-04-14,22.299999237060547,22.399999618530273,22.209999084472656,22.329999923706055,11.617738723754883,309400,0.0,0.0
2004-04-15,22.329999923706055,22.350000381469727,22.100000381469727,22.219999313354492,11.560510635375977,363900,0.0,0.0
2004-04-16,22.149999618530273,22.15999984741211,21.81999969482422,21.8700008392334,11.378417015075684,905500,0.0,0.0
2004-04-19,21.850000381469727,21.850000381469727,20.579999923706055,21.0,10.925774574279785,2855400,0.0,0.0
2004-04-20,20.75,20.75,20.149999618530273,20.25,10.535568237304688,1958500,0.0,0.0
2004-04-21,20.299999237060547,20.690000534057617,20.299999237060547,20.649999618530273,10.743681907653809,1129300,0.0,0.0
2004-04-22,20.719999313354492,21.059999465942383,20.719999313354492,20.889999389648438,10.868542671203613,946100,0.0,0.0
2004-04-23,20.889999389648438,20.889999389648438,20.520000457763672,20.700000762939453,10.76969051361084,616400,0.0,0.0
2004-04-26,20.649999618530273,20.65999984741211,20.09000015258789,20.209999084472656,10.514754295349121,1728500,0.0,0.0
2004-04-27,20.200000762939453,20.209999084472656,19.920000076293945,19.950000762939453,10.379483222961426,1854400,0.0,0.0
2004-04-28,19.959999084472656,19.979999542236328,19.360000610351562,19.40999984741211,10.098542213439941,2084500,0.0,0.0
2004-04-29,19.350000381469727,19.5,19.100000381469727,19.18000030517578,10.009817123413086,1962900,0.06,0.0
2004-04-30,19.3700008392334,19.389999389648438,18.889999389648438,18.889999389648438,9.858467102050781,1612500,0.0,0.0
2004-05-03,18.969999313354492,19.229999542236328,18.920000076293945,19.100000381469727,9.96806812286377,1196300,0.0,0.0
2004-05-04,19.149999618530273,19.239999771118164,18.8799991607666,18.940000534057617,9.884563446044922,769200,0.0,0.0
2004-05-05,18.959999084472656,19.139999389648438,18.84000015258789,18.959999084472656,9.895000457763672,965000,0.0,0.0
2004-05-06,18.780000686645508,18.969999313354492,18.739999771118164,18.84000015258789,9.832376480102539,836900,0.0,0.0
2004-05-07,18.790000915527344,18.940000534057617,18.440000534057617,18.5,9.654932022094727,641000,0.0,0.0
2004-05-10,18.350000381469727,18.510000228881836,18.200000762939453,18.40999984741211,9.607963562011719,803300,0.0,0.0
2004-05-11,18.450000762939453,18.549999237060547,17.770000457763672,17.920000076293945,9.352240562438965,1546200,0.0,0.0
2004-05-12,17.920000076293945,18.09000015258789,17.520000457763672,17.850000381469727,9.315707206726074,1874000,0.0,0.0
2004-05-13,17.700000762939453,18.09000015258789,17.600000381469727,17.979999542236328,9.38354778289795,1163700,0.0,0.0
2004-05-14,18.030000686645508,18.31999969482422,17.65999984741211,17.700000762939453,9.237420082092285,930500,0.0,0.0
2004-05-17,17.399999618530273,17.549999237060547,17.149999618530273,17.549999237060547,9.159141540527344,1320600,0.0,0.0
2004-05-18,17.700000762939453,18.200000762939453,17.690000534057617,18.06999969482422,9.430524826049805,1142100,0.0,0.0
2004-05-19,18.31999969482422,18.65999984741211,18.190000534057617,18.649999618530273,9.733217239379883,1865400,0.0,0.0
2004-05-20,18.649999618530273,18.739999771118164,18.40999984741211,18.43000030517578,9.618403434753418,868200,0.0,0.0
2004-05-21,18.600000381469727,19.040000915527344,18.540000915527344,19.040000915527344,9.936748504638672,1460600,0.0,0.0
2004-05-24,19.25,19.399999618530273,18.969999313354492,19.309999465942383,10.077666282653809,1111000,0.0,0.0
2004-05-25,19.299999237060547,19.3799991607666,19.06999969482422,19.350000381469727,10.098540306091309,875900,0.0,0.0
2004-05-26,19.350000381469727,19.469999313354492,19.100000381469727,19.450000762939453,10.150727272033691,1112200,0.0,0.0
2004-05-27,19.59000015258789,19.600000381469727,19.469999313354492,19.549999237060547,10.20291519165039,1101900,0.0,0.0
2004-05-28,19.59000015258789,19.8700008392334,19.559999465942383,19.65999984741211,10.260324478149414,2052300,0.0,0.0
2004-06-01,19.68000030517578,19.700000762939453,19.43000030517578,19.649999618530273,10.255108833312988,554200,0.0,0.0
2004-06-02,19.68000030517578,19.700000762939453,19.450000762939453,19.610000610351562,10.234230041503906,486500,0.0,0.0
2004-06-03,19.5,19.540000915527344,18.940000534057617,18.979999542236328,9.905438423156738,1406600,0.0,0.0
2004-06-04,19.219999313354492,19.329999923706055,19.0,19.100000381469727,9.96806812286377,575600,0.0,0.0
2004-06-07,19.149999618530273,19.31999969482422,19.149999618530273,19.299999237060547,10.072443008422852,1047800,0.0,0.0
2004-06-08,19.350000381469727,19.5,19.200000762939453,19.450000762939453,10.150727272033691,1083600,0.0,0.0
2004-06-09,19.450000762939453,19.600000381469727,19.31999969482422,19.350000381469727,10.098540306091309,1263500,0.0,0.0
2004-06-10,19.530000686645508,19.530000686645508,19.010000228881836,19.06999969482422,9.952411651611328,1166700,0.0,0.0
2004-06-14,19.09000015258789,19.270000457763672,19.020000457763672,19.25,10.046346664428711,983600,0.0,0.0
2004-06-15,19.31999969482422,19.40999984741211,19.1299991607666,19.18000030517578,10.009817123413086,774700,0.0,0.0
2004-06-16,19.190000534057617,19.280000686645508,19.040000915527344,19.110000610351562,9.973286628723145,783900,0.0,0.0
2004-06-17,19.049999237060547,19.1299991607666,18.959999084472656,19.079999923706055,9.957626342773438,937900,0.0,0.0
2004-06-18,18.979999542236328,19.1200008392334,18.950000762939453,18.950000762939453,9.88978385925293,505400,0.0,0.0
2004-06-21,18.950000762939453,19.010000228881836,18.719999313354492,18.719999313354492,9.769747734069824,808800,0.0,0.0
2004-06-22,18.760000228881836,18.780000686645508,18.540000915527344,18.670000076293945,9.743654251098633,1367700,0.0,0.0
2004-06-23,18.719999313354492,19.1299991607666,18.719999313354492,19.09000015258789,9.962846755981445,1170500,0.0,0.0
2004-06-24,19.110000610351562,19.229999542236328,19.049999237060547,19.200000762939453,10.020258903503418,752400,0.0,0.0
2004-06-25,19.219999313354492,19.530000686645508,19.18000030517578,19.350000381469727,10.098540306091309,666100,0.0,0.0
2004-06-28,19.3799991607666,19.639999389648438,19.290000915527344,19.290000915527344,10.067230224609375,459100,0.0,0.0
2004-06-29,19.229999542236328,19.239999771118164,18.700000762939453,18.780000686645508,9.801058769226074,997700,0.0,0.0
2004-06-30,18.799999237060547,19.059999465942383,18.790000915527344,19.0,9.915879249572754,1102400,0.0,0.0
2004-07-01,18.8700008392334,19.0,18.709999084472656,18.889999389648438,9.858467102050781,1391000,0.0,0.0
2004-07-02,18.889999389648438,18.889999389648438,18.649999618530273,18.729999542236328,9.774964332580566,730900,0.0,0.0
2004-07-06,18.690000534057617,18.700000762939453,18.459999084472656,18.489999771118164,9.649718284606934,559300,0.0,0.0
2004-07-07,18.5,18.530000686645508,18.15999984741211,18.299999237060547,9.550554275512695,1597100,0.0,0.0
2004-07-08,18.200000762939453,18.299999237060547,18.139999389648438,18.260000228881836,9.529683113098145,827800,0.0,0.0
2004-07-09,18.299999237060547,18.440000534057617,17.979999542236328,17.979999542236328,9.38354778289795,1515700,0.0,0.0
2004-07-12,18.020000457763672,18.020000457763672,17.940000534057617,17.959999084472656,9.373117446899414,1362300,0.0,0.0
2004-07-13,17.969999313354492,18.200000762939453,17.75,18.18000030517578,9.487932205200195,925900,0.0,0.0
2004-07-14,18.190000534057617,18.309999465942383,17.90999984741211,17.959999084472656,9.373117446899414,894600,0.0,0.0
2004-07-15,17.950000762939453,18.100000381469727,17.8799991607666,18.0,9.393987655639648,1444200,0.0,0.0
2004-07-16,17.75,18.100000381469727,17.399999618530273,17.959999084472656,9.373117446899414,3444100,0.0,0.0
2004-07-19,17.799999237060547,17.979999542236328,17.770000457763672,17.969999313354492,9.378335952758789,1826600,0.0,0.0
2004-07-20,17.920000076293945,18.09000015258789,17.84000015258789,18.040000915527344,9.414865493774414,1611100,0.0,0.0
2004-07-21,18.09000015258789,18.530000686645508,18.09000015258789,18.299999237060547,9.550554275512695,982400,0.0,0.0
2004-07-22,18.299999237060547,18.309999465942383,17.899999618530273,18.1200008392334,9.45661449432373,981000,0.0,0.0
2004-07-23,18.1200008392334,18.209999084472656,17.920000076293945,17.959999084472656,9.373117446899414,1358700,0.0,0.0
2004-07-26,17.950000762939453,18.040000915527344,17.90999984741211,17.950000762939453,9.367894172668457,1509700,0.0,0.0
2004-07-27,17.950000762939453,18.450000762939453,17.93000030517578,18.40999984741211,9.607963562011719,988100,0.0,0.0
2004-07-28,18.329999923706055,18.399999618530273,17.950000762939453,18.360000610351562,9.581871032714844,958100,0.0,0.0
2004-07-29,18.450000762939453,18.479999542236328,18.15999984741211,18.25,9.555689811706543,530800,0.06,0.0
2004-07-30,18.280000686645508,18.350000381469727,18.079999923706055,18.170000076293945,9.513801574707031,482600,0.0,0.0
2004-08-02,18.18000030517578,18.18000030517578,17.950000762939453,18.059999465942383,9.456208229064941,999600,0.0,0.0
2004-08-03,18.059999465942383,18.059999465942383,17.780000686645508,17.780000686645508,9.309598922729492,733300,0.0,0.0
2004-08-04,17.739999771118164,17.809999465942383,17.559999465942383,17.729999542236328,9.283419609069824,1222600,0.0,0.0
2004-08-05,17.770000457763672,17.770000457763672,17.59000015258789,17.670000076293945,9.252002716064453,1312500,0.0,0.0
2004-08-06,17.520000457763672,17.670000076293945,17.5,17.610000610351562,9.220587730407715,1271400,0.0,0.0
2004-08-09,17.559999465942383,17.719999313354492,17.469999313354492,17.530000686645508,9.178698539733887,878000,0.0,0.0
2004-08-10,17.489999771118164,17.6299991607666,17.420000076293945,17.6200008392334,9.22582721710205,1153600,0.0,0.0
2004-08-11,17.6200008392334,17.760000228881836,17.5,17.760000228881836,9.299125671386719,697200,0.0,0.0
2004-08-12,17.719999313354492,17.729999542236328,17.510000228881836,17.6200008392334,9.22582721710205,904100,0.0,0.0
2004-08-13,17.610000610351562,17.670000076293945,17.530000686645508,17.6299991607666,9.231056213378906,1174500,0.0,0.0
2004-08-16,17.200000762939453,17.649999618530273,16.979999542236328,17.600000381469727,9.215350151062012,1795500,0.0,0.0
2004-08-17,17.68000030517578,17.770000457763672,17.579999923706055,17.75,9.293888092041016,1195800,0.0,0.0
2004-08-18,17.780000686645508,17.950000762939453,17.770000457763672,17.950000762939453,9.39860725402832,823300,0.0,0.0
2004-08-19,17.5,17.850000381469727,17.3799991607666,17.850000381469727,9.346251487731934,1944800,0.0,0.0
2004-08-20,17.799999237060547,18.049999237060547,17.709999084472656,17.8799991607666,9.361954689025879,1439800,0.0,0.0
2004-08-23,17.8799991607666,18.09000015258789,17.850000381469727,18.040000915527344,9.445734977722168,905900,0.0,0.0
2004-08-24,18.1299991607666,18.309999465942383,18.1299991607666,18.229999542236328,9.54521656036377,1088200,0.0,0.0
2004-08-25,18.190000534057617,18.540000915527344,18.030000686645508,18.469999313354492,9.670883178710938,1136800,0.0,0.0
2004-08-26,18.469999313354492,18.579999923706055,18.40999984741211,18.540000915527344,9.707530975341797,538400,0.0,0.0
2004-08-27,18.549999237060547,18.579999923706055,18.5,18.520000457763672,9.697060585021973,418500,0.0,0.0
2004-08-30,18.450000762939453,18.540000915527344,18.389999389648438,18.459999084472656,9.665642738342285,435800,0.0,0.0
2004-08-31,18.389999389648438,18.59000015258789,18.389999389648438,18.530000686645508,9.702298164367676,456800,0.0,0.0
2004-09-01,18.540000915527344,18.649999618530273,18.34000015258789,18.420000076293945,9.644698143005371,568800,0.0,0.0
2004-09-02,18.459999084472656,18.860000610351562,18.43000030517578,18.84000015258789,9.86461353302002,654800,0.0,0.0
2004-09-03,18.84000015258789,18.989999771118164,18.84000015258789,18.940000534057617,9.916972160339355,676500,0.0,0.0
2004-09-07,18.940000534057617,19.15999984741211,18.860000610351562,18.959999084472656,9.92744255065918,516000,0.0,0.0
2004-09-08,19.0,19.010000228881836,18.709999084472656,18.719999313354492,9.80178165435791,933100,0.0,0.0
2004-09-09,18.719999313354492,18.81999969482422,18.469999313354492,18.56999969482422,9.72323989868164,743800,0.0,0.0
2004-09-10,18.579999923706055,18.93000030517578,18.549999237060547,18.920000076293945,9.906498908996582,462100,0.0,0.0
2004-09-13,18.920000076293945,19.010000228881836,18.729999542236328,18.829999923706055,9.859379768371582,599000,0.0,0.0
2004-09-14,18.829999923706055,18.829999923706055,17.809999465942383,18.489999771118164,9.681356430053711,491800,0.0,0.0
2004-09-15,18.520000457763672,18.549999237060547,18.25,18.360000610351562,9.61328411102295,643200,0.0,0.0
2004-09-16,18.440000534057617,18.5,18.3799991607666,18.420000076293945,9.644698143005371,321400,0.0,0.0
2004-09-17,18.479999542236328,18.600000381469727,18.399999618530273,18.399999618530273,9.634233474731445,728600,0.0,0.0
2004-09-20,18.40999984741211,18.420000076293945,17.979999542236328,18.299999237060547,9.581871032714844,640200,0.0,0.0
2004-09-21,18.350000381469727,18.729999542236328,18.270000457763672,18.709999084472656,9.796546936035156,712200,0.0,0.0
2004-09-22,18.610000610351562,18.649999618530273,18.350000381469727,18.360000610351562,9.61328411102295,890100,0.0,0.0
2004-09-23,18.270000457763672,18.3799991607666,18.059999465942383,18.309999465942383,9.587104797363281,813900,0.0,0.0
2004-09-24,18.31999969482422,18.3799991607666,18.100000381469727,18.219999313354492,9.5399808883667,577600,0.0,0.0
2004-09-27,18.219999313354492,18.420000076293945,18.139999389648438,18.420000076293945,9.644698143005371,441900,0.0,0.0
2004-09-28,18.520000457763672,18.520000457763672,18.100000381469727,18.25,9.555689811706543,465900,0.0,0.0
2004-09-29,18.239999771118164,18.700000762939453,18.219999313354492,18.670000076293945,9.775601387023926,1151100,0.0,0.0
2004-09-30,18.68000030517578,18.84000015258789,18.56999969482422,18.799999237060547,9.843667030334473,820400,0.0,0.0
2004-10-01,18.84000015258789,18.969999313354492,18.709999084472656,18.969999313354492,9.932680130004883,1399900,0.0,0.0
2004-10-04,19.100000381469727,19.399999618530273,19.0,19.1200008392334,10.011223793029785,682800,0.0,0.0
2004-10-05,19.1200008392334,19.209999084472656,18.770000457763672,18.809999465942383,9.848906517028809,676500,0.0,0.0
2004-10-06,18.84000015258789,19.020000457763672,18.780000686645508,19.020000457763672,9.958860397338867,443400,0.0,0.0
2004-10-07,19.010000228881836,19.010000228881836,18.780000686645508,18.90999984741211,9.901264190673828,270400,0.0,0.0
2004-10-08,18.899999618530273,18.959999084472656,18.719999313354492,18.75,9.817489624023438,653800,0.0,0.0
2004-10-11,18.850000381469727,18.969999313354492,18.719999313354492,18.829999923706055,9.859379768371582,622000,0.0,0.0
2004-10-12,18.829999923706055,18.829999923706055,18.399999618530273,18.420000076293945,9.644698143005371,935400,0.0,0.0
2004-10-13,18.420000076293945,18.579999923706055,18.149999618530273,18.270000457763672,9.566163063049316,541300,0.0,0.0
2004-10-14,18.229999542236328,18.510000228881836,18.079999923706055,18.469999313354492,9.670883178710938,692000,0.0,0.0
2004-10-15,18.440000534057617,18.6200008392334,18.3799991607666,18.459999084472656,9.665642738342285,722600,0.0,0.0
2004-10-18,18.0,18.010000228881836,17.100000381469727,17.260000228881836,9.037325859069824,4480400,0.0,0.0
2004-10-19,17.0,17.299999237060547,16.899999618530273,17.049999237060547,8.92737102508545,1922800,0.0,0.0
2004-10-20,17.049999237060547,17.079999923706055,16.940000534057617,17.0,8.901191711425781,1219600,0.0,0.0
2004-10-21,17.030000686645508,17.360000610351562,17.030000686645508,17.299999237060547,9.05826473236084,1228000,0.0,0.0
2004-10-22,17.350000381469727,17.469999313354492,17.260000228881836,17.399999618530273,9.110627174377441,948700,0.0,0.0
2004-10-25,17.290000915527344,17.3700008392334,17.190000534057617,17.260000228881836,9.037325859069824,319900,0.0,0.0
2004-10-26,17.18000030517578,17.34000015258789,17.1200008392334,17.280000686645508,9.047795295715332,1074700,0.0,0.0
2004-10-27,17.239999771118164,17.489999771118164,17.139999389648438,17.469999313354492,9.147282600402832,1424600,0.0,0.0
2004-10-28,17.40999984741211,17.8799991607666,17.25,17.729999542236328,9.315410614013672,2417600,0.06,0.0
2004-10-29,17.649999618530273,17.760000228881836,17.479999542236328,17.690000534057617,9.29439640045166,1508900,0.0,0.0
2004-11-01,17.719999313354492,17.950000762939453,17.59000015258789,17.950000762939453,9.430999755859375,2036800,0.0,0.0
2004-11-02,17.920000076293945,18.309999465942383,17.920000076293945,18.09000015258789,9.504559516906738,465000,0.0,0.0
2004-11-03,18.190000534057617,18.440000534057617,18.110000610351562,18.440000534057617,9.688446044921875,1231000,0.0,0.0
2004-11-04,18.3700008392334,18.399999618530273,18.219999313354492,18.350000381469727,9.641161918640137,430800,0.0,0.0
2004-11-05,18.459999084472656,18.59000015258789,18.40999984741211,18.5,9.719971656799316,430700,0.0,0.0
2004-11-08,18.530000686645508,18.540000915527344,18.34000015258789,18.510000228881836,9.72523021697998,808100,0.0,0.0
2004-11-09,18.459999084472656,18.559999465942383,18.299999237060547,18.520000457763672,9.73047924041748,652500,0.0,0.0
2004-11-10,18.559999465942383,18.579999923706055,18.25,18.280000686645508,9.604384422302246,694000,0.0,0.0
2004-11-11,18.3799991607666,18.700000762939453,18.239999771118164,18.700000762939453,9.825058937072754,579200,0.0,0.0
2004-11-12,18.739999771118164,19.1200008392334,18.65999984741211,19.0,9.982674598693848,525000,0.0,0.0
2004-11-15,19.010000228881836,19.049999237060547,18.829999923706055,18.850000381469727,9.903863906860352,474900,0.0,0.0
2004-11-16,18.8799991607666,19.25,18.790000915527344,19.170000076293945,10.071991920471191,605000,0.0,0.0
2004-11-17,19.170000076293945,19.25,18.850000381469727,18.950000762939453,9.95640754699707,496600,0.0,0.0
2004-11-18,18.950000762939453,19.190000534057617,18.920000076293945,19.190000534057617,10.082499504089355,501400,0.0,0.0
2004-11-19,19.18000030517578,19.18000030517578,18.649999618530273,18.860000610351562,9.909116744995117,422100,0.0,0.0
2004-11-22,18.860000610351562,18.860000610351562,18.530000686645508,18.81999969482422,9.888100624084473,390500,0.0,0.0
2004-11-23,18.81999969482422,18.90999984741211,18.770000457763672,18.899999618530273,9.930131912231445,334500,0.0,0.0
2004-11-24,18.860000610351562,19.040000915527344,18.850000381469727,18.989999771118164,9.977418899536133,332500,0.0,0.0
2004-11-26,19.030000686645508,19.030000686645508,18.940000534057617,18.979999542236328,9.97216510772705,281400,0.0,0.0
2004-11-29,18.979999542236328,19.09000015258789,18.899999618530273,18.90999984741211,9.935383796691895,496700,0.0,0.0
2004-11-30,18.90999984741211,19.200000762939453,18.75,19.030000686645508,9.99843692779541,1136600,0.0,0.0
2004-12-01,19.020000457763672,19.6200008392334,18.979999542236328,19.6200008392334,10.308430671691895,805400,0.0,0.0
2004-12-02,19.56999969482422,19.56999969482422,19.34000015258789,19.350000381469727,10.1665620803833,561800,0.0,0.0
2004-12-03,19.34000015258789,19.389999389648438,19.030000686645508,19.059999465942383,10.014196395874023,1144600,0.0,0.0
2004-12-06,18.989999771118164,19.049999237060547,18.309999465942383,18.31999969482422,9.625398635864258,1915500,0.0,0.0
2004-12-07,18.31999969482422,18.600000381469727,18.149999618530273,18.309999465942383,9.620142936706543,1173100,0.0,0.0
2004-12-08,18.25,18.3799991607666,18.1299991607666,18.25,9.588619232177734,824100,0.0,0.0
2004-12-09,18.170000076293945,18.350000381469727,18.1200008392334,18.149999618530273,9.536081314086914,802800,0.0,0.0
2004-12-10,18.530000686645508,18.530000686645508,17.719999313354492,17.969999313354492,9.441506385803223,1388400,0.0,0.0
2004-12-13,18.149999618530273,18.450000762939453,18.110000610351562,18.43000030517578,9.683196067810059,480000,0.0,0.0
2004-12-14,18.34000015258789,18.809999465942383,18.34000015258789,18.780000686645508,9.867086410522461,842800,0.0,0.0
2004-12-15,18.700000762939453,18.889999389648438,18.6200008392334,18.770000457763672,9.86182975769043,353700,0.0,0.0
2004-12-16,18.700000762939453,18.899999618530273,18.559999465942383,18.760000228881836,9.856578826904297,521200,0.0,0.0
2004-12-17,18.450000762939453,18.530000686645508,18.25,18.40999984741211,9.672684669494629,974900,0.0,0.0
2004-12-20,18.459999084472656,18.860000610351562,18.459999084472656,18.700000762939453,9.825058937072754,529400,0.0,0.0
2004-12-21,18.770000457763672,19.200000762939453,18.75,19.0,9.982674598693848,676900,0.0,0.0
2004-12-22,19.0,19.100000381469727,18.8700008392334,18.959999084472656,9.961658477783203,509400,0.0,0.0
2004-12-23,18.90999984741211,19.25,18.84000015258789,19.190000534057617,10.082499504089355,375300,0.0,0.0
2004-12-27,19.200000762939453,19.389999389648438,19.110000610351562,19.219999313354492,10.09826374053955,325500,0.0,0.0
2004-12-28,19.25,19.760000228881836,19.25,19.700000762939453,10.350457191467285,739700,0.0,0.0
2004-12-29,19.649999618530273,19.649999618530273,19.469999313354492,19.469999313354492,10.229616165161133,465400,0.0,0.0
2004-12-30,19.5,19.600000381469727,19.3799991607666,19.479999542236328,10.23486328125,517100,0.0,0.0
2004-12-31,19.5,19.670000076293945,19.3799991607666,19.3799991607666,10.182328224182129,282200,0.0,0.0
2005-01-03,19.389999389648438,19.469999313354492,19.049999237060547,19.100000381469727,10.035218238830566,1080400,0.0,0.0
2005-01-04,19.100000381469727,19.170000076293945,18.950000762939453,19.049999237060547,10.008946418762207,960400,0.0,0.0
2005-01-05,18.979999542236328,19.100000381469727,18.850000381469727,18.899999618530273,9.930131912231445,466200,0.0,0.0
2005-01-06,18.899999618530273,18.959999084472656,18.760000228881836,18.920000076293945,9.940638542175293,503400,0.0,0.0
2005-01-07,18.90999984741211,18.90999984741211,18.59000015258789,18.600000381469727,9.772512435913086,491100,0.0,0.0
2005-01-10,18.530000686645508,18.850000381469727,18.520000457763672,18.649999618530273,9.798783302307129,342100,0.0,0.0
2005-01-11,18.649999618530273,18.739999771118164,18.6200008392334,18.670000076293945,9.80929183959961,250000,0.0,0.0
2005-01-12,18.450000762939453,19.09000015258789,18.110000610351562,19.059999465942383,10.014196395874023,1201200,0.0,0.0
2005-01-13,18.969999313354492,18.979999542236328,18.530000686645508,18.559999465942383,9.75149154663086,1558700,0.0,0.0
2005-01-14,18.549999237060547,18.690000534057617,18.530000686645508,18.65999984741211,9.804039001464844,747500,0.0,0.0
2005-01-18,18.5,19.170000076293945,18.5,18.940000534057617,9.951149940490723,727500,0.0,0.0
2005-01-19,18.899999618530273,18.979999542236328,18.75,18.90999984741211,9.935383796691895,586200,0.0,0.0
2005-01-20,19.350000381469727,19.6200008392334,19.219999313354492,19.440000534057617,10.21385383605957,1817300,0.0,0.0
2005-01-21,19.3700008392334,19.59000015258789,19.34000015258789,19.549999237060547,10.271646499633789,960900,0.0,0.0
2005-01-24,19.559999465942383,19.719999313354492,19.010000228881836,19.010000228881836,9.987926483154297,859700,0.0,0.0
2005-01-25,19.1200008392334,19.260000228881836,19.100000381469727,19.229999542236328,10.103520393371582,1064700,0.0,0.0
2005-01-26,19.229999542236328,19.34000015258789,18.979999542236328,19.139999389648438,10.056230545043945,823100,0.0,0.0
2005-01-27,19.139999389648438,19.18000030517578,18.93000030517578,18.979999542236328,9.97216510772705,1117000,0.0,0.0
2005-01-28,18.979999542236328,18.979999542236328,18.75,18.799999237060547,9.908919334411621,575400,0.06,0.0
2005-01-31,19.0,19.600000381469727,18.969999313354492,19.600000381469727,10.330573081970215,1742000,0.0,0.0
2005-02-01,19.600000381469727,20.139999389648438,19.399999618530273,20.079999923706055,10.583564758300781,1770100,0.0,0.0
2005-02-02,20.049999237060547,20.700000762939453,20.049999237060547,20.600000381469727,10.857641220092773,1449700,0.0,0.0
2005-02-03,20.5,20.559999465942383,20.15999984741211,20.270000457763672,10.683706283569336,1528600,0.0,0.0
2005-02-04,20.299999237060547,20.530000686645508,20.200000762939453,20.399999618530273,10.752229690551758,917200,0.0,0.0
2005-02-07,19.899999618530273,20.25,19.799999237060547,20.0,10.541400909423828,1400700,0.0,0.0
2005-02-08,20.049999237060547,20.950000762939453,19.90999984741211,20.790000915527344,10.957785606384277,1322500,0.0,0.0
2005-02-09,20.84000015258789,20.899999618530273,20.219999313354492,20.219999313354492,10.657354354858398,725100,0.0,0.0
2005-02-10,20.219999313354492,20.34000015258789,20.100000381469727,20.299999237060547,10.699524879455566,823100,0.0,0.0
2005-02-11,20.3799991607666,20.420000076293945,20.229999542236328,20.299999237060547,10.699524879455566,1283400,0.0,0.0
2005-02-14,20.25,20.25,20.049999237060547,20.149999618530273,10.620458602905273,486800,0.0,0.0
2005-02-15,20.049999237060547,20.270000457763672,20.049999237060547,20.239999771118164,10.667896270751953,548500,0.0,0.0
2005-02-16,20.190000534057617,20.309999465942383,19.959999084472656,20.040000915527344,10.562482833862305,733200,0.0,0.0
2005-02-17,20.0,20.200000762939453,20.0,20.0,10.541400909423828,1312900,0.0,0.0
2005-02-18,20.200000762939453,20.420000076293945,20.149999618530273,20.290000915527344,10.69425106048584,1636400,0.0,0.0
2005-02-22,20.139999389648438,20.450000762939453,19.809999465942383,19.84000015258789,10.457071304321289,913400,0.0,0.0
2005-02-23,19.809999465942383,20.329999923706055,19.75,20.299999237060547,10.699524879455566,1047500,0.0,0.0
2005-02-24,20.309999465942383,20.520000457763672,20.170000076293945,20.5,10.804939270019531,659300,0.0,0.0
2005-02-25,20.5,20.93000030517578,20.469999313354492,20.93000030517578,11.031573295593262,894400,0.0,0.0
2005-02-28,20.93000030517578,21.239999771118164,20.860000610351562,21.1200008392334,11.131717681884766,1324000,0.0,0.0
2005-03-01,21.020000457763672,21.5,20.989999771118164,21.06999969482422,11.105364799499512,1153500,0.0,0.0
2005-03-02,20.969999313354492,21.170000076293945,20.75,20.790000915527344,10.957785606384277,2439400,0.0,0.0
2005-03-03,20.799999237060547,20.799999237060547,20.520000457763672,20.6200008392334,10.868183135986328,598800,0.0,0.0
2005-03-04,20.81999969482422,20.920000076293945,20.670000076293945,20.780000686645508,10.952516555786133,504800,0.0,0.0
2005-03-07,20.84000015258789,21.010000228881836,20.75,21.0,11.068473815917969,440300,0.0,0.0
2005-03-08,20.989999771118164,21.059999465942383,20.829999923706055,20.959999084472656,11.047389030456543,639800,0.0,0.0
2005-03-09,20.860000610351562,20.920000076293945,20.579999923706055,20.600000381469727,10.857641220092773,764800,0.0,0.0
2005-03-10,20.610000610351562,20.84000015258789,20.549999237060547,20.739999771118164,10.931432723999023,547300,0.0,0.0
2005-03-11,20.84000015258789,20.950000762939453,20.700000762939453,20.799999237060547,10.963056564331055,415100,0.0,0.0
2005-03-14,20.809999465942383,21.040000915527344,20.75,21.010000228881836,11.073748588562012,619600,0.0,0.0
2005-03-15,21.010000228881836,21.149999618530273,20.81999969482422,20.959999084472656,11.047389030456543,1279400,0.0,0.0
2005-03-16,20.8700008392334,20.920000076293945,20.540000915527344,20.6200008392334,10.868183135986328,976300,0.0,0.0
2005-03-17,20.729999542236328,20.770000457763672,20.420000076293945,20.600000381469727,10.857641220092773,2262200,0.0,0.0
2005-03-18,20.610000610351562,20.610000610351562,20.43000030517578,20.520000457763672,10.815478324890137,1637500,0.0,0.0
2005-03-21,20.540000915527344,20.780000686645508,20.510000228881836,20.6299991607666,10.873456001281738,777100,0.0,0.0
2005-03-22,20.579999923706055,20.799999237060547,20.200000762939453,20.200000762939453,10.646818161010742,2265700,0.0,0.0
2005-03-23,20.209999084472656,20.700000762939453,20.209999084472656,20.56999969482422,10.841835975646973,1424200,0.0,0.0
2005-03-24,20.719999313354492,20.760000228881836,20.600000381469727,20.709999084472656,10.91562271118164,1826500,0.0,0.0
2005-03-28,20.860000610351562,21.0,20.510000228881836,20.510000228881836,10.810203552246094,863800,0.0,0.0
2005-03-29,20.510000228881836,20.700000762939453,20.229999542236328,20.25,10.673172950744629,880600,0.0,0.0
2005-03-30,20.350000381469727,20.6299991607666,20.350000381469727,20.549999237060547,10.831287384033203,573000,0.0,0.0
2005-03-31,20.56999969482422,20.600000381469727,20.43000030517578,20.450000762939453,10.778581619262695,649700,0.0,0.0
2005-04-01,20.549999237060547,20.809999465942383,20.270000457763672,20.399999618530273,10.752229690551758,1067000,0.0,0.0
2005-04-04,20.31999969482422,20.469999313354492,20.139999389648438,20.219999313354492,10.657354354858398,514000,0.0,0.0
2005-04-05,20.31999969482422,20.549999237060547,20.18000030517578,20.3700008392334,10.736417770385742,746000,0.0,0.0
2005-04-06,20.3799991607666,20.510000228881836,20.260000228881836,20.329999923706055,10.71533489227295,653300,0.0,0.0
2005-04-07,20.239999771118164,20.3700008392334,20.030000686645508,20.219999313354492,10.657354354858398,1171800,0.0,0.0
2005-04-08,20.3700008392334,20.459999084472656,20.200000762939453,20.329999923706055,10.71533489227295,524500,0.0,0.0
2005-04-11,20.270000457763672,20.3799991607666,19.979999542236328,20.290000915527344,10.69425106048584,618800,0.0,0.0
2005-04-12,20.239999771118164,20.549999237060547,20.110000610351562,20.489999771118164,10.799668312072754,318300,0.0,0.0
2005-04-13,20.5,20.579999923706055,19.940000534057617,20.0,10.541400909423828,1292900,0.0,0.0
2005-04-14,20.0,20.0,19.440000534057617,19.530000686645508,10.293681144714355,1093100,0.0,0.0
2005-04-15,19.5,19.510000228881836,19.190000534057617,19.290000915527344,10.167184829711914,2679000,0.0,0.0
2005-04-18,18.649999618530273,19.459999084472656,18.399999618530273,19.309999465942383,10.17772102355957,3793000,0.0,0.0
2005-04-19,19.309999465942383,19.489999771118164,18.8700008392334,19.010000228881836,10.01960563659668,1547200,0.0,0.0
2005-04-20,18.979999542236328,19.0,18.510000228881836,18.75,9.882566452026367,2310700,0.0,0.0
2005-04-21,18.950000762939453,19.40999984741211,18.950000762939453,19.299999237060547,10.172455787658691,1323500,0.0,0.0
2005-04-22,19.299999237060547,19.299999237060547,18.68000030517578,18.809999465942383,9.914189338684082,779000,0.0,0.0
2005-04-25,18.81999969482422,19.1299991607666,18.760000228881836,19.1200008392334,10.077580451965332,635400,0.0,0.0
2005-04-26,19.049999237060547,19.100000381469727,18.770000457763672,18.770000457763672,9.89310359954834,830400,0.0,0.0
2005-04-27,18.59000015258789,18.969999313354492,18.549999237060547,18.959999084472656,9.993244171142578,750200,0.0,0.0
2005-04-28,18.799999237060547,18.860000610351562,18.579999923706055,18.649999618530273,9.876737594604492,652500,0.09,0.0
2005-04-29,18.690000534057617,18.920000076293945,18.610000610351562,18.920000076293945,10.01972770690918,793700,0.0,0.0
2005-05-02,18.920000076293945,19.079999923706055,18.770000457763672,18.8799991607666,9.998542785644531,812900,0.0,0.0
2005-05-03,18.8799991607666,19.239999771118164,18.860000610351562,19.110000610351562,10.120347023010254,851800,0.0,0.0
2005-05-04,19.1200008392334,19.559999465942383,19.1200008392334,19.479999542236328,10.316295623779297,1005900,0.0,0.0
2005-05-05,19.3799991607666,19.75,19.3799991607666,19.719999313354492,10.443395614624023,805500,0.0,0.0
2005-05-06,19.75,19.90999984741211,19.75,19.799999237060547,10.485762596130371,908300,0.0,0.0
2005-05-09,19.790000915527344,19.950000762939453,19.610000610351562,19.790000915527344,10.480467796325684,435300,0.0,0.0
2005-05-10,19.950000762939453,19.950000762939453,19.270000457763672,19.549999237060547,10.353364944458008,865600,0.0,0.0
2005-05-11,19.65999984741211,19.81999969482422,19.40999984741211,19.809999465942383,10.491060256958008,629800,0.0,0.0
2005-05-12,19.950000762939453,20.059999465942383,19.219999313354492,19.6200008392334,10.390437126159668,875900,0.0,0.0
2005-05-13,19.799999237060547,19.959999084472656,19.549999237060547,19.75,10.459285736083984,742600,0.0,0.0
2005-05-16,19.829999923706055,20.06999969482422,19.709999084472656,20.059999465942383,10.623454093933105,407400,0.0,0.0
2005-05-17,19.950000762939453,20.170000076293945,19.889999389648438,20.1200008392334,10.655230522155762,616100,0.0,0.0
2005-05-18,20.200000762939453,20.649999618530273,20.040000915527344,20.549999237060547,10.882944107055664,920800,0.0,0.0
2005-05-19,20.600000381469727,20.700000762939453,20.440000534057617,20.520000457763672,10.867063522338867,857600,0.0,0.0
2005-05-20,20.469999313354492,20.989999771118164,20.469999313354492,20.790000915527344,11.010050773620605,806200,0.0,0.0
2005-05-23,20.84000015258789,20.84000015258789,20.549999237060547,20.649999618530273,10.935912132263184,660700,0.0,0.0
2005-05-24,20.600000381469727,20.600000381469727,20.309999465942383,20.3799991607666,10.792920112609863,530300,0.0,0.0
2005-05-25,20.280000686645508,20.280000686645508,19.8799991607666,19.950000762939453,10.565203666687012,734700,0.0,0.0
2005-05-26,20.049999237060547,20.3799991607666,20.0,20.190000534057617,10.692301750183105,449000,0.0,0.0
2005-05-27,20.15999984741211,20.360000610351562,20.06999969482422,20.31999969482422,10.76114559173584,552100,0.0,0.0
2005-05-31,20.260000228881836,20.309999465942383,20.100000381469727,20.18000030517578,10.687004089355469,546700,0.0,0.0
2005-06-01,20.15999984741211,20.31999969482422,20.020000457763672,20.229999542236328,10.713481903076172,680200,0.0,0.0
2005-06-02,20.260000228881836,20.639999389648438,20.200000762939453,20.600000381469727,10.90942668914795,817500,0.0,0.0
2005-06-03,20.530000686645508,20.649999618530273,20.299999237060547,20.329999923706055,10.766441345214844,468300,0.0,0.0
2005-06-06,20.3799991607666,20.3799991607666,19.989999771118164,20.25,10.724074363708496,901000,0.0,0.0
2005-06-07,20.280000686645508,20.520000457763672,20.270000457763672,20.3700008392334,10.78762435913086,502700,0.0,0.0
2005-06-08,20.469999313354492,20.469999313354492,20.18000030517578,20.239999771118164,10.718775749206543,359300,0.0,0.0
2005-06-09,20.299999237060547,20.299999237060547,19.8799991607666,19.989999771118164,10.586380958557129,679400,0.0,0.0
2005-06-10,20.0,20.239999771118164,19.8799991607666,20.030000686645508,10.607565879821777,385800,0.0,0.0
2005-06-13,19.959999084472656,20.31999969482422,19.899999618530273,20.149999618530273,10.671114921569824,387400,0.0,0.0
2005-06-14,20.1299991607666,20.5,20.1299991607666,20.440000534057617,10.824692726135254,304100,0.0,0.0
2005-06-15,20.510000228881836,20.610000610351562,20.100000381469727,20.3799991607666,10.792920112609863,530200,0.0,0.0
2005-06-16,20.450000762939453,20.65999984741211,20.360000610351562,20.579999923706055,10.89883804321289,413200,0.0,0.0
2005-06-17,20.81999969482422,20.81999969482422,20.600000381469727,20.65999984741211,10.941201210021973,965900,0.0,0.0
2005-06-20,20.600000381469727,20.700000762939453,20.350000381469727,20.579999923706055,10.89883804321289,504100,0.0,0.0
2005-06-21,20.56999969482422,20.690000534057617,20.389999389648438,20.520000457763672,10.867063522338867,285900,0.0,0.0
2005-06-22,20.600000381469727,20.770000457763672,20.450000762939453,20.530000686645508,10.872357368469238,405200,0.0,0.0
2005-06-23,20.43000030517578,20.510000228881836,20.06999969482422,20.100000381469727,10.644635200500488,491300,0.0,0.0
2005-06-24,20.110000610351562,20.260000228881836,19.969999313354492,20.149999618530273,10.671114921569824,715000,0.0,0.0
2005-06-27,20.1200008392334,20.1200008392334,19.829999923706055,19.920000076293945,10.549312591552734,549300,0.0,0.0
2005-06-28,20.010000228881836,20.479999542236328,20.0,20.3700008392334,10.78762435913086,622900,0.0,0.0
2005-06-29,20.399999618530273,20.549999237060547,20.350000381469727,20.479999542236328,10.845882415771484,374400,0.0,0.0
2005-06-30,20.489999771118164,20.959999084472656,20.489999771118164,20.790000915527344,11.010050773620605,851200,0.0,0.0
2005-07-01,20.770000457763672,20.90999984741211,20.6299991607666,20.850000381469727,11.041829109191895,353100,0.0,0.0
2005-07-05,20.850000381469727,21.760000228881836,20.850000381469727,21.540000915527344,11.407240867614746,1321400,0.0,0.0
2005-07-06,21.450000762939453,21.799999237060547,21.350000381469727,21.6299991607666,11.454894065856934,1230900,0.0,0.0
2005-07-07,21.200000762939453,21.579999923706055,21.0,21.510000228881836,11.391355514526367,466300,0.0,0.0
2005-07-08,21.450000762939453,21.6299991607666,21.139999389648438,21.56999969482422,11.423126220703125,411000,0.0,0.0
2005-07-11,21.690000534057617,21.729999542236328,21.309999465942383,21.469999313354492,11.370165824890137,901800,0.0,0.0
2005-07-12,21.479999542236328,21.56999969482422,21.200000762939453,21.549999237060547,11.412531852722168,519800,0.0,0.0
2005-07-13,21.559999465942383,21.559999465942383,21.030000686645508,21.100000381469727,11.174221992492676,1099900,0.0,0.0
2005-07-14,21.09000015258789,21.489999771118164,21.0,21.09000015258789,11.168929100036621,752300,0.0,0.0
2005-07-15,21.0,21.65999984741211,21.0,21.479999542236328,11.37546443939209,819000,0.0,0.0
2005-07-18,22.0,22.350000381469727,21.34000015258789,21.559999465942383,11.417831420898438,2485600,0.0,0.0
2005-07-19,21.610000610351562,22.219999313354492,21.479999542236328,22.110000610351562,11.709100723266602,1084000,0.0,0.0
2005-07-20,21.979999542236328,22.0,21.610000610351562,21.850000381469727,11.571410179138184,1223200,0.0,0.0
2005-07-21,21.8700008392334,21.8700008392334,21.31999969482422,21.34000015258789,11.301321983337402,734400,0.0,0.0
2005-07-22,21.219999313354492,21.459999084472656,21.010000228881836,21.299999237060547,11.28014087677002,689700,0.0,0.0
2005-07-25,21.389999389648438,21.6299991607666,21.260000228881836,21.469999313354492,11.370165824890137,878700,0.0,0.0
2005-07-26,21.43000030517578,21.639999389648438,21.15999984741211,21.600000381469727,11.439014434814453,675100,0.0,0.0
2005-07-27,21.700000762939453,21.84000015258789,21.559999465942383,21.729999542236328,11.507855415344238,1031700,0.0,0.0
2005-07-28,21.719999313354492,22.0,21.639999389648438,21.93000030517578,11.662078857421875,1164700,0.09,0.0
2005-07-29,21.899999618530273,22.0,21.809999465942383,21.940000534057617,11.667398452758789,687800,0.0,0.0
2005-08-01,21.959999084472656,22.09000015258789,21.860000610351562,21.899999618530273,11.646124839782715,918300,0.0,0.0
2005-08-02,21.93000030517578,21.979999542236328,21.68000030517578,21.700000762939453,11.539767265319824,517000,0.0,0.0
2005-08-03,21.579999923706055,21.700000762939453,21.479999542236328,21.6299991607666,11.50253677368164,486000,0.0,0.0
2005-08-04,21.549999237060547,21.709999084472656,21.440000534057617,21.440000534057617,11.40150260925293,707600,0.0,0.0
2005-08-05,21.469999313354492,21.559999465942383,21.049999237060547,21.229999542236328,11.289828300476074,453800,0.0,0.0
2005-08-08,21.219999313354492,21.3799991607666,21.020000457763672,21.18000030517578,11.26323413848877,630500,0.0,0.0
2005-08-09,21.299999237060547,21.489999771118164,21.200000762939453,21.290000915527344,11.32174015045166,1087500,0.0,0.0
2005-08-10,21.350000381469727,21.469999313354492,21.1200008392334,21.200000762939453,11.27387523651123,503100,0.0,0.0
2005-08-11,21.260000228881836,21.350000381469727,20.90999984741211,21.010000228881836,11.172840118408203,1015200,0.0,0.0
2005-08-12,21.0,21.15999984741211,20.860000610351562,20.899999618530273,11.114336013793945,569000,0.0,0.0
2005-08-15,20.920000076293945,21.020000457763672,20.760000228881836,20.989999771118164,11.162196159362793,568500,0.0,0.0
2005-08-16,21.0,21.0,20.709999084472656,20.719999313354492,11.018616676330566,546300,0.0,0.0
2005-08-17,20.670000076293945,20.84000015258789,20.579999923706055,20.6200008392334,10.965437889099121,612800,0.0,0.0
2005-08-18,20.43000030517578,20.579999923706055,20.260000228881836,20.350000381469727,10.821849822998047,622100,0.0,0.0
2005-08-19,20.5,20.610000610351562,20.360000610351562,20.43000030517578,10.86439323425293,530700,0.0,0.0
2005-08-22,20.399999618530273,20.600000381469727,20.190000534057617,20.299999237060547,10.795265197753906,746900,0.0,0.0
2005-08-23,20.31999969482422,20.5,20.06999969482422,20.350000381469727,10.821849822998047,770500,0.0,0.0
2005-08-24,20.350000381469727,20.600000381469727,20.350000381469727,20.510000228881836,10.906939506530762,817200,0.0,0.0
2005-08-25,20.510000228881836,20.579999923706055,20.299999237060547,20.489999771118164,10.896306037902832,365200,0.0,0.0
2005-08-26,20.3799991607666,20.450000762939453,20.1299991607666,20.18000030517578,10.731451034545898,378300,0.0,0.0
2005-08-29,20.059999465942383,20.360000610351562,20.059999465942383,20.299999237060547,10.795265197753906,491600,0.0,0.0
2005-08-30,20.239999771118164,20.34000015258789,19.969999313354492,20.1299991607666,10.704856872558594,657500,0.0,0.0
2005-08-31,20.139999389648438,20.700000762939453,20.1299991607666,20.700000762939453,11.00798225402832,1140900,0.0,0.0
2005-09-01,20.600000381469727,20.899999618530273,20.459999084472656,20.510000228881836,10.906939506530762,931700,0.0,0.0
2005-09-02,20.6200008392334,20.90999984741211,20.200000762939453,20.389999389648438,10.843123435974121,349500,0.0,0.0
2005-09-06,20.530000686645508,21.020000457763672,20.530000686645508,20.8799991607666,11.103702545166016,635700,0.0,0.0
2005-09-07,20.700000762939453,21.3700008392334,20.670000076293945,21.309999465942383,11.332371711730957,2670700,0.0,0.0
2005-09-08,21.329999923706055,21.610000610351562,21.170000076293945,21.280000686645508,11.316412925720215,810300,0.0,0.0
2005-09-09,21.350000381469727,21.6299991607666,21.280000686645508,21.450000762939453,11.406825065612793,548900,0.0,0.0
2005-09-12,21.549999237060547,22.100000381469727,21.469999313354492,22.010000228881836,11.704622268676758,1661900,0.0,0.0
2005-09-13,21.979999542236328,22.09000015258789,21.719999313354492,21.93000030517578,11.662078857421875,767900,0.0,0.0
2005-09-14,21.93000030517578,22.049999237060547,21.520000457763672,21.530000686645508,11.449362754821777,496800,0.0,0.0
2005-09-15,21.700000762939453,21.989999771118164,21.549999237060547,21.6200008392334,11.49722957611084,905200,0.0,0.0
2005-09-16,21.729999542236328,21.8799991607666,21.5,21.799999237060547,11.592939376831055,1515100,0.0,0.0
2005-09-19,21.81999969482422,21.93000030517578,21.260000228881836,21.270000457763672,11.311097145080566,710300,0.0,0.0
2005-09-20,21.299999237060547,21.329999923706055,20.65999984741211,20.790000915527344,11.055840492248535,1720500,0.0,0.0
2005-09-21,20.719999313354492,20.780000686645508,20.43000030517578,20.520000457763672,10.912256240844727,1368100,0.0,0.0
2005-09-22,20.450000762939453,20.56999969482422,20.200000762939453,20.5,10.901620864868164,1466200,0.0,0.0
2005-09-23,20.440000534057617,20.459999084472656,20.190000534057617,20.270000457763672,10.779309272766113,1258600,0.0,0.0
2005-09-26,20.34000015258789,20.56999969482422,20.040000915527344,20.040000915527344,10.656997680664062,899200,0.0,0.0
2005-09-27,20.040000915527344,20.049999237060547,18.989999771118164,19.799999237060547,10.529370307922363,1732000,0.0,0.0
2005-09-28,19.950000762939453,20.020000457763672,19.639999389648438,19.729999542236328,10.492145538330078,1329800,0.0,0.0
2005-09-29,19.700000762939453,19.700000762939453,19.399999618530273,19.450000762939453,10.343246459960938,858000,0.0,0.0
2005-09-30,19.5,19.790000915527344,19.399999618530273,19.649999618530273,10.449601173400879,618500,0.0,0.0
2005-10-03,19.719999313354492,19.90999984741211,19.6299991607666,19.799999237060547,10.529370307922363,712500,0.0,0.0
2005-10-04,19.799999237060547,20.030000686645508,19.549999237060547,19.600000381469727,10.423013687133789,518700,0.0,0.0
2005-10-05,19.549999237060547,19.59000015258789,19.09000015258789,19.1200008392334,10.167759895324707,740500,0.0,0.0
2005-10-06,19.059999465942383,19.3700008392334,18.959999084472656,19.15999984741211,10.189029693603516,875800,0.0,0.0
2005-10-07,19.25,19.479999542236328,19.239999771118164,19.31999969482422,10.274116516113281,524100,0.0,0.0
2005-10-10,19.40999984741211,19.479999542236328,19.1299991607666,19.149999618530273,10.183711051940918,698900,0.0,0.0
2005-10-11,19.18000030517578,19.3799991607666,19.030000686645508,19.299999237060547,10.26347827911377,726700,0.0,0.0
2005-10-12,19.200000762939453,19.350000381469727,18.950000762939453,19.040000915527344,10.125213623046875,1025000,0.0,0.0
2005-10-13,18.950000762939453,19.209999084472656,18.850000381469727,18.969999313354492,10.087992668151855,882400,0.0,0.0
2005-10-14,18.989999771118164,19.049999237060547,18.719999313354492,18.719999313354492,9.955042839050293,1192600,0.0,0.0
2005-10-17,17.799999237060547,18.8799991607666,17.75,18.790000915527344,9.992268562316895,2641800,0.0,0.0
2005-10-18,18.700000762939453,18.75,18.469999313354492,18.68000030517578,9.933771133422852,1102800,0.0,0.0
2005-10-19,18.600000381469727,18.959999084472656,18.459999084472656,18.959999084472656,10.082670211791992,882000,0.0,0.0
2005-10-20,19.18000030517578,19.540000915527344,19.18000030517578,19.40999984741211,10.321974754333496,1361700,0.0,0.0
2005-10-21,19.520000457763672,19.530000686645508,19.049999237060547,19.100000381469727,10.157120704650879,1084300,0.0,0.0
2005-10-24,19.139999389648438,19.479999542236328,19.0,19.450000762939453,10.343246459960938,840700,0.0,0.0
2005-10-25,19.3700008392334,19.40999984741211,18.8700008392334,19.049999237060547,10.130531311035156,688500,0.0,0.0
2005-10-26,19.030000686645508,19.079999923706055,18.829999923706055,18.920000076293945,10.0614013671875,853500,0.0,0.0
2005-10-27,18.850000381469727,18.899999618530273,18.520000457763672,18.579999923706055,9.880590438842773,976400,0.0,0.0
2005-10-28,18.5,18.969999313354492,18.5,18.940000534057617,10.121063232421875,1380100,0.09,0.0
2005-10-31,18.959999084472656,19.139999389648438,18.799999237060547,18.84000015258789,10.067623138427734,1339100,0.0,0.0
2005-11-01,18.860000610351562,19.110000610351562,18.809999465942383,19.06999969482422,10.190532684326172,1311100,0.0,0.0
2005-11-02,19.079999923706055,19.540000915527344,18.950000762939453,19.5,10.420307159423828,609000,0.0,0.0
2005-11-03,19.5,19.860000610351562,19.270000457763672,19.350000381469727,10.340158462524414,973000,0.0,0.0
2005-11-04,19.3700008392334,19.3799991607666,18.969999313354492,19.209999084472656,10.265337944030762,752800,0.0,0.0
2005-11-07,19.309999465942383,19.75,19.219999313354492,19.649999618530273,10.50046443939209,651600,0.0,0.0
2005-11-08,19.610000610351562,19.729999542236328,19.260000228881836,19.489999771118164,10.414961814880371,601300,0.0,0.0
2005-11-09,19.5,19.690000534057617,19.309999465942383,19.59000015258789,10.468406677246094,1220300,0.0,0.0
2005-11-10,19.6299991607666,20.0,19.440000534057617,20.0,10.68749713897705,513000,0.0,0.0
2005-11-11,20.0,20.0,19.65999984741211,19.719999313354492,10.537874221801758,270800,0.0,0.0
2005-11-14,19.690000534057617,19.829999923706055,19.549999237060547,19.770000457763672,10.564594268798828,394400,0.0,0.0
2005-11-15,19.75,19.979999542236328,19.450000762939453,19.84000015258789,10.602001190185547,677700,0.0,0.0
2005-11-16,19.850000381469727,19.8700008392334,19.600000381469727,19.739999771118164,10.54855728149414,317600,0.0,0.0
2005-11-17,19.790000915527344,20.25,19.649999618530273,20.139999389648438,10.762310981750488,884000,0.0,0.0
2005-11-18,20.25,20.270000457763672,20.020000457763672,20.100000381469727,10.740933418273926,546600,0.0,0.0
2005-11-21,20.06999969482422,20.25,20.020000457763672,20.219999313354492,10.805057525634766,403500,0.0,0.0
2005-11-22,20.139999389648438,20.469999313354492,20.010000228881836,20.420000076293945,10.911938667297363,969500,0.0,0.0
2005-11-23,20.459999084472656,20.579999923706055,20.399999618530273,20.530000686645508,10.97071647644043,707700,0.0,0.0
2005-11-25,20.6299991607666,20.690000534057617,20.350000381469727,20.6299991607666,11.024151802062988,121000,0.0,0.0
2005-11-28,20.600000381469727,20.729999542236328,20.34000015258789,20.399999618530273,10.901250839233398,502300,0.0,0.0
2005-11-29,20.56999969482422,20.610000610351562,20.440000534057617,20.469999313354492,10.938653945922852,637800,0.0,0.0
2005-11-30,20.420000076293945,20.700000762939453,20.299999237060547,20.420000076293945,10.911938667297363,467400,0.0,0.0
2005-12-01,20.399999618530273,20.520000457763672,20.299999237060547,20.469999313354492,10.938653945922852,620500,0.0,0.0
2005-12-02,20.520000457763672,20.690000534057617,20.420000076293945,20.639999389648438,11.029500007629395,409400,0.0,0.0
2005-12-05,20.56999969482422,20.700000762939453,20.34000015258789,20.56999969482422,10.992094039916992,471400,0.0,0.0
2005-12-06,20.59000015258789,20.75,20.469999313354492,20.510000228881836,10.960028648376465,1308800,0.0,0.0
2005-12-07,20.479999542236328,20.6299991607666,20.450000762939453,20.5,10.954684257507324,456600,0.0,0.0
2005-12-08,20.530000686645508,20.600000381469727,20.190000534057617,20.209999084472656,10.799714088439941,574600,0.0,0.0
2005-12-09,20.270000457763672,20.469999313354492,20.209999084472656,20.31999969482422,10.85849666595459,474600,0.0,0.0
2005-12-12,20.25,20.350000381469727,20.010000228881836,20.079999923706055,10.730246543884277,596200,0.0,0.0
2005-12-13,20.100000381469727,20.350000381469727,20.059999465942383,20.280000686645508,10.837124824523926,615200,0.0,0.0
2005-12-14,20.239999771118164,20.530000686645508,20.110000610351562,20.280000686645508,10.837124824523926,713600,0.0,0.0
2005-12-15,20.25,20.350000381469727,20.030000686645508,20.309999465942383,10.853156089782715,656000,0.0,0.0
2005-12-16,20.25,20.5,20.18000030517578,20.290000915527344,10.84246826171875,1045300,0.0,0.0
2005-12-19,20.309999465942383,20.530000686645508,20.260000228881836,20.360000610351562,10.879876136779785,982500,0.0,0.0
2005-12-20,20.280000686645508,20.34000015258789,20.1200008392334,20.15999984741211,10.77299690246582,323300,0.0,0.0
2005-12-21,20.299999237060547,20.479999542236328,20.209999084472656,20.270000457763672,10.831777572631836,320400,0.0,0.0
2005-12-22,20.280000686645508,20.68000030517578,20.280000686645508,20.530000686645508,10.97071647644043,495000,0.0,0.0
2005-12-23,20.579999923706055,20.579999923706055,20.299999237060547,20.360000610351562,10.879876136779785,433600,0.0,0.0
2005-12-27,20.399999618530273,20.760000228881836,20.309999465942383,20.350000381469727,10.87452507019043,391500,0.0,0.0
2005-12-28,20.350000381469727,20.450000762939453,20.15999984741211,20.190000534057617,10.789029121398926,1110600,0.0,0.0
2005-12-29,20.229999542236328,20.43000030517578,20.149999618530273,20.229999542236328,10.810402870178223,653300,0.0,0.0
2005-12-30,20.149999618530273,20.260000228881836,20.06999969482422,20.18000030517578,10.783685684204102,330800,0.0,0.0
2006-01-03,20.1299991607666,20.299999237060547,19.690000534057617,20.0,10.68749713897705,1183800,0.0,0.0
2006-01-04,19.959999084472656,19.959999084472656,19.709999084472656,19.84000015258789,10.602001190185547,1314800,0.0,0.0
2006-01-05,19.81999969482422,19.860000610351562,19.520000457763672,19.610000610351562,10.479094505310059,1144500,0.0,0.0
2006-01-06,19.729999542236328,20.020000457763672,19.6200008392334,19.989999771118164,10.682153701782227,756800,0.0,0.0
2006-01-09,20.049999237060547,20.979999542236328,20.049999237060547,20.190000534057617,10.789029121398926,1820800,0.0,0.0
2006-01-10,21.299999237060547,21.56999969482422,20.90999984741211,21.559999465942383,11.521126747131348,2475800,0.0,0.0
2006-01-11,21.510000228881836,21.59000015258789,21.110000610351562,21.219999313354492,11.339434623718262,1008000,0.0,0.0
2006-01-12,21.15999984741211,21.31999969482422,20.950000762939453,21.049999237060547,11.248594284057617,590700,0.0,0.0
2006-01-13,21.110000610351562,21.520000457763672,21.09000015258789,21.5,11.489066123962402,820400,0.0,0.0
2006-01-17,21.450000762939453,21.5,21.170000076293945,21.450000762939453,11.462347030639648,1009200,0.0,0.0
2006-01-18,21.350000381469727,21.56999969482422,21.309999465942383,21.459999084472656,11.467679023742676,747900,0.0,0.0
2006-01-19,21.559999465942383,21.8799991607666,21.469999313354492,21.760000228881836,11.62800121307373,1234600,0.0,0.0
2006-01-20,21.760000228881836,21.780000686645508,20.93000030517578,21.0,11.221874237060547,865500,0.0,0.0
2006-01-23,21.0,21.25,20.950000762939453,21.049999237060547,11.248594284057617,526600,0.0,0.0
2006-01-24,21.100000381469727,21.420000076293945,21.030000686645508,21.389999389648438,11.430275917053223,504300,0.0,0.0
2006-01-25,21.389999389648438,21.469999313354492,21.209999084472656,21.280000686645508,11.371495246887207,432300,0.0,0.0
2006-01-26,21.450000762939453,21.579999923706055,21.309999465942383,21.510000228881836,11.494407653808594,810400,0.0,0.0
2006-01-27,21.520000457763672,21.719999313354492,21.43000030517578,21.520000457763672,11.49974536895752,387600,0.0,0.0
2006-01-30,21.530000686645508,21.729999542236328,21.309999465942383,21.34000015258789,11.45145320892334,487100,0.09,0.0
2006-01-31,21.280000686645508,21.3700008392334,21.0,21.200000762939453,11.376330375671387,834700,0.0,0.0
2006-02-01,21.209999084472656,21.350000381469727,20.950000762939453,21.100000381469727,11.322665214538574,823600,0.0,0.0
2006-02-02,21.049999237060547,21.239999771118164,20.75,20.84000015258789,11.183144569396973,1111400,0.0,0.0
2006-02-03,20.59000015258789,20.899999618530273,20.59000015258789,20.75,11.134845733642578,746700,0.0,0.0
2006-02-06,21.5,21.899999618530273,20.0,20.6200008392334,11.06508731842041,1734800,0.0,0.0
2006-02-07,20.3799991607666,20.81999969482422,20.100000381469727,20.489999771118164,10.995331764221191,1429400,0.0,0.0
2006-02-08,20.459999084472656,20.84000015258789,20.43000030517578,20.520000457763672,11.011425018310547,1213300,0.0,0.0
2006-02-09,20.530000686645508,20.920000076293945,20.5,20.75,11.134845733642578,943200,0.0,0.0
2006-02-10,20.790000915527344,20.8799991607666,20.40999984741211,20.5,11.000693321228027,862300,0.0,0.0
2006-02-13,20.5,20.540000915527344,20.399999618530273,20.440000534057617,10.96849250793457,1331800,0.0,0.0
2006-02-14,20.420000076293945,20.549999237060547,20.25,20.489999771118164,10.995331764221191,1867400,0.0,0.0
2006-02-15,20.520000457763672,20.649999618530273,20.270000457763672,20.43000030517578,10.963122367858887,1527500,0.0,0.0
2006-02-16,20.420000076293945,20.5,20.290000915527344,20.3700008392334,10.930932998657227,1729800,0.0,0.0
2006-02-17,20.299999237060547,20.399999618530273,20.170000076293945,20.260000228881836,10.871902465820312,1312200,0.0,0.0
2006-02-21,20.290000915527344,20.31999969482422,20.020000457763672,20.149999618530273,10.812872886657715,1340500,0.0,0.0
2006-02-22,20.200000762939453,20.399999618530273,20.030000686645508,20.329999923706055,10.909468650817871,984000,0.0,0.0
2006-02-23,20.360000610351562,20.6299991607666,20.270000457763672,20.440000534057617,10.96849250793457,1270700,0.0,0.0
2006-02-24,20.43000030517578,20.469999313354492,20.209999084472656,20.34000015258789,10.914834976196289,960500,0.0,0.0
2006-02-27,20.3799991607666,20.5,20.260000228881836,20.299999237060547,10.8933687210083,1725900,0.0,0.0
2006-02-28,20.299999237060547,20.40999984741211,20.209999084472656,20.290000915527344,10.888002395629883,5165000,0.0,0.0
2006-03-01,20.479999542236328,20.549999237060547,20.43000030517578,20.479999542236328,10.989957809448242,2061300,0.0,0.0
2006-03-02,20.440000534057617,20.600000381469727,20.43000030517578,20.559999465942383,11.03288745880127,2246200,0.0,0.0
2006-03-03,20.540000915527344,20.6299991607666,20.489999771118164,20.59000015258789,11.048986434936523,1291000,0.0,0.0
2006-03-06,20.600000381469727,20.81999969482422,20.549999237060547,20.68000030517578,11.097289085388184,1041800,0.0,0.0
2006-03-07,20.729999542236328,20.799999237060547,20.649999618530273,20.75,11.134845733642578,1170500,0.0,0.0
2006-03-08,20.700000762939453,20.860000610351562,20.610000610351562,20.829999923706055,11.177774429321289,1117600,0.0,0.0
2006-03-09,20.790000915527344,20.93000030517578,20.670000076293945,20.799999237060547,11.161674499511719,686200,0.0,0.0
2006-03-10,20.780000686645508,20.850000381469727,20.700000762939453,20.850000381469727,11.188512802124023,516500,0.0,0.0
2006-03-13,20.84000015258789,20.989999771118164,20.81999969482422,20.93000030517578,11.231436729431152,560400,0.0,0.0
2006-03-14,20.850000381469727,20.959999084472656,20.5,20.920000076293945,11.226072311401367,862600,0.0,0.0
2006-03-15,20.889999389648438,21.049999237060547,20.790000915527344,21.040000915527344,11.290467262268066,897200,0.0,0.0
2006-03-16,21.020000457763672,21.020000457763672,20.709999084472656,20.950000762939453,11.242169380187988,785500,0.0,0.0
2006-03-17,20.93000030517578,20.93000030517578,20.860000610351562,20.899999618530273,11.215341567993164,723800,0.0,0.0
2006-03-20,20.8700008392334,21.0,20.700000762939453,20.889999389648438,11.209975242614746,746500,0.0,0.0
2006-03-21,20.829999923706055,20.940000534057617,20.829999923706055,20.899999618530273,11.215341567993164,895500,0.0,0.0
2006-03-22,20.90999984741211,20.950000762939453,20.709999084472656,20.90999984741211,11.220710754394531,702800,0.0,0.0
2006-03-23,20.829999923706055,20.860000610351562,20.559999465942383,20.760000228881836,11.140210151672363,880900,0.0,0.0
2006-03-24,20.75,20.90999984741211,20.75,20.760000228881836,11.140210151672363,753500,0.0,0.0
2006-03-27,20.729999542236328,20.860000610351562,20.649999618530273,20.799999237060547,11.161674499511719,1072100,0.0,0.0
2006-03-28,20.790000915527344,21.010000228881836,20.6200008392334,20.969999313354492,11.252901077270508,1400800,0.0,0.0
2006-03-29,21.0,21.149999618530273,20.979999542236328,21.09000015258789,11.31729793548584,936700,0.0,0.0
2006-03-30,21.059999465942383,21.219999313354492,20.979999542236328,21.09000015258789,11.31729793548584,681200,0.0,0.0
2006-03-31,21.079999923706055,21.25,21.0,21.100000381469727,11.322665214538574,673000,0.0,0.0
2006-04-03,21.170000076293945,21.219999313354492,20.850000381469727,20.860000610351562,11.193877220153809,795100,0.0,0.0
2006-04-04,20.829999923706055,21.010000228881836,20.829999923706055,20.889999389648438,11.209975242614746,1400600,0.0,0.0
2006-04-05,20.81999969482422,20.979999542236328,20.770000457763672,20.93000030517578,11.231436729431152,855100,0.0,0.0
2006-04-06,20.8799991607666,20.959999084472656,20.850000381469727,20.899999618530273,11.215341567993164,555100,0.0,0.0
2006-04-07,20.940000534057617,21.270000457763672,20.770000457763672,20.780000686645508,11.150946617126465,556100,0.0,0.0
2006-04-10,20.829999923706055,21.079999923706055,20.81999969482422,20.959999084472656,11.247541427612305,887200,0.0,0.0
2006-04-11,21.020000457763672,21.049999237060547,20.809999465942383,20.950000762939453,11.242169380187988,843400,0.0,0.0
2006-04-12,20.979999542236328,20.979999542236328,20.770000457763672,20.899999618530273,11.215341567993164,743600,0.0,0.0
2006-04-13,20.829999923706055,21.079999923706055,20.75,21.010000228881836,11.274375915527344,639900,0.0,0.0
2006-04-17,20.979999542236328,21.049999237060547,20.610000610351562,20.639999389648438,11.075817108154297,682300,0.0,0.0
2006-04-18,20.600000381469727,20.950000762939453,20.540000915527344,20.950000762939453,11.242169380187988,1271600,0.0,0.0
2006-04-19,20.899999618530273,21.06999969482422,20.889999389648438,20.950000762939453,11.242169380187988,776600,0.0,0.0
2006-04-20,20.889999389648438,21.0,20.719999313354492,20.8799991607666,11.204612731933594,1204500,0.0,0.0
2006-04-21,20.950000762939453,20.989999771118164,20.81999969482422,20.93000030517578,11.231436729431152,836300,0.0,0.0
2006-04-24,20.729999542236328,21.079999923706055,20.350000381469727,20.81999969482422,11.172410011291504,1664500,0.0,0.0
2006-04-25,20.770000457763672,20.770000457763672,20.190000534057617,20.25,10.866538047790527,1242700,0.0,0.0
2006-04-26,20.299999237060547,20.420000076293945,20.18000030517578,20.200000762939453,10.839706420898438,730900,0.0,0.0
2006-04-27,20.030000686645508,20.18000030517578,19.84000015258789,19.84000015258789,10.710152626037598,1145300,0.12,0.0
2006-04-28,19.84000015258789,19.989999771118164,19.6299991607666,19.709999084472656,10.639974594116211,983700,0.0,0.0
2006-05-01,19.799999237060547,20.0,19.739999771118164,19.860000610351562,10.720946311950684,1309400,0.0,0.0
2006-05-02,19.8700008392334,19.959999084472656,19.700000762939453,19.799999237060547,10.688554763793945,854600,0.0,0.0
2006-05-03,19.81999969482422,19.899999618530273,19.719999313354492,19.799999237060547,10.688554763793945,2089100,0.0,0.0
2006-05-04,19.809999465942383,19.950000762939453,19.780000686645508,19.8700008392334,10.726340293884277,1219300,0.0,0.0
2006-05-05,19.90999984741211,20.010000228881836,19.799999237060547,19.93000030517578,10.758733749389648,815600,0.0,0.0
2006-05-08,19.90999984741211,20.079999923706055,19.850000381469727,19.969999313354492,10.780329704284668,984200,0.0,0.0
2006-05-09,19.969999313354492,20.149999618530273,19.969999313354492,20.030000686645508,10.812714576721191,706400,0.0,0.0
2006-05-10,19.969999313354492,20.139999389648438,19.889999389648438,19.940000534057617,10.76413345336914,5779700,0.0,0.0
2006-05-11,19.899999618530273,19.989999771118164,19.790000915527344,19.860000610351562,10.720946311950684,941300,0.0,0.0
2006-05-12,19.84000015258789,19.940000534057617,19.670000076293945,19.8700008392334,10.726340293884277,1287100,0.0,0.0
2006-05-15,19.860000610351562,19.889999389648438,19.690000534057617,19.850000381469727,10.715546607971191,1748300,0.0,0.0
2006-05-16,19.90999984741211,19.90999984741211,19.510000228881836,19.510000228881836,10.532007217407227,1878700,0.0,0.0
2006-05-17,19.450000762939453,19.540000915527344,19.309999465942383,19.309999465942383,10.424039840698242,1622600,0.0,0.0
2006-05-18,19.309999465942383,19.420000076293945,19.190000534057617,19.209999084472656,10.370055198669434,845700,0.0,0.0
2006-05-19,19.25,19.459999084472656,19.15999984741211,19.329999923706055,10.434840202331543,913100,0.0,0.0
2006-05-22,19.290000915527344,19.43000030517578,19.170000076293945,19.200000762939453,10.36465835571289,1744500,0.0,0.0
2006-05-23,19.229999542236328,19.350000381469727,18.969999313354492,18.969999313354492,10.240504264831543,1250400,0.0,0.0
2006-05-24,18.969999313354492,19.010000228881836,18.639999389648438,18.899999618530273,10.202714920043945,1653600,0.0,0.0
2006-05-25,18.979999542236328,19.15999984741211,18.579999923706055,18.65999984741211,10.073153495788574,1751300,0.0,0.0
2006-05-26,18.770000457763672,18.93000030517578,18.700000762939453,18.780000686645508,10.13793659210205,974500,0.0,0.0
2006-05-30,18.780000686645508,18.790000915527344,18.489999771118164,18.5,9.986783027648926,1113300,0.0,0.0
2006-05-31,18.5,18.739999771118164,18.469999313354492,18.540000915527344,10.008374214172363,1259300,0.0,0.0
2006-06-01,18.59000015258789,18.809999465942383,18.510000228881836,18.690000534057617,10.089350700378418,1853200,0.0,0.0
2006-06-02,18.709999084472656,18.850000381469727,18.5,18.84000015258789,10.170321464538574,2620900,0.0,0.0
2006-06-05,18.780000686645508,18.8799991607666,18.520000457763672,18.520000457763672,9.997578620910645,2324600,0.0,0.0
2006-06-06,18.649999618530273,18.75,18.530000686645508,18.610000610351562,10.046164512634277,1352100,0.0,0.0
2006-06-07,18.610000610351562,18.68000030517578,18.290000915527344,18.329999923706055,9.895012855529785,2115800,0.0,0.0
2006-06-08,18.34000015258789,18.469999313354492,18.260000228881836,18.40999984741211,9.93819522857666,1330400,0.0,0.0
2006-06-09,18.399999618530273,18.59000015258789,18.360000610351562,18.520000457763672,9.997578620910645,1848000,0.0,0.0
2006-06-12,18.5,18.5,18.280000686645508,18.299999237060547,9.878817558288574,863900,0.0,0.0
2006-06-13,18.260000228881836,18.3799991607666,18.06999969482422,18.200000762939453,9.824837684631348,1478800,0.0,0.0
2006-06-14,18.190000534057617,18.219999313354492,17.959999084472656,17.989999771118164,9.711469650268555,2413600,0.0,0.0
2006-06-15,17.989999771118164,18.100000381469727,17.969999313354492,18.040000915527344,9.738462448120117,2581200,0.0,0.0
2006-06-16,18.0,18.309999465942383,17.989999771118164,18.110000610351562,9.77624797821045,2340000,0.0,0.0
2006-06-19,18.139999389648438,18.200000762939453,17.950000762939453,17.959999084472656,9.695274353027344,1431200,0.0,0.0
2006-06-20,18.010000228881836,18.030000686645508,17.899999618530273,17.940000534057617,9.684477806091309,1034600,0.0,0.0
2006-06-21,17.90999984741211,18.040000915527344,17.90999984741211,18.020000457763672,9.727663040161133,1583800,0.0,0.0
2006-06-22,17.989999771118164,18.110000610351562,17.959999084472656,18.030000686645508,9.733064651489258,2067400,0.0,0.0
2006-06-23,18.010000228881836,18.1299991607666,17.989999771118164,18.010000228881836,9.722269058227539,993700,0.0,0.0
2006-06-26,18.0,18.18000030517578,17.969999313354492,18.0,9.716864585876465,883700,0.0,0.0
2006-06-27,18.0,18.049999237060547,17.920000076293945,18.0,9.716864585876465,1427100,0.0,0.0
2006-06-28,18.0,18.020000457763672,17.950000762939453,18.0,9.716864585876465,1213600,0.0,0.0
2006-06-29,18.0,18.110000610351562,17.959999084472656,18.049999237060547,9.74386215209961,1945500,0.0,0.0
2006-06-30,18.030000686645508,18.170000076293945,17.989999771118164,18.110000610351562,9.77624797821045,1533200,0.0,0.0
2006-07-03,18.110000610351562,18.15999984741211,18.030000686645508,18.1299991607666,9.787047386169434,897600,0.0,0.0
2006-07-05,18.079999923706055,18.149999618530273,17.969999313354492,18.079999923706055,9.760056495666504,1388800,0.0,0.0
2006-07-06,18.059999465942383,18.190000534057617,18.020000457763672,18.079999923706055,9.760056495666504,876200,0.0,0.0
2006-07-07,18.030000686645508,18.219999313354492,18.0,18.100000381469727,9.77085018157959,1022800,0.0,0.0
2006-07-10,18.1200008392334,18.25,18.079999923706055,18.110000610351562,9.77624797821045,919200,0.0,0.0
2006-07-11,18.079999923706055,18.15999984741211,17.889999389648438,18.139999389648438,9.792439460754395,879000,0.0,0.0
2006-07-12,18.170000076293945,18.200000762939453,17.84000015258789,17.850000381469727,9.635895729064941,1304100,0.0,0.0
2006-07-13,17.799999237060547,17.8799991607666,17.709999084472656,17.739999771118164,9.57651424407959,887800,0.0,0.0
2006-07-14,17.719999313354492,17.739999771118164,17.3799991607666,17.510000228881836,9.452354431152344,1359800,0.0,0.0
2006-07-17,17.520000457763672,18.040000915527344,17.510000228881836,18.010000228881836,9.722269058227539,1785200,0.0,0.0
2006-07-18,18.0,18.020000457763672,17.56999969482422,17.829999923706055,9.625099182128906,1150800,0.0,0.0
2006-07-19,17.899999618530273,18.020000457763672,17.829999923706055,18.020000457763672,9.727663040161133,1024900,0.0,0.0
2006-07-20,17.989999771118164,17.989999771118164,17.6299991607666,17.68000030517578,9.544127464294434,1076600,0.0,0.0
2006-07-21,17.690000534057617,17.719999313354492,17.459999084472656,17.489999771118164,9.441564559936523,2273400,0.0,0.0
2006-07-24,17.0,19.18000030517578,17.0,19.149999618530273,10.337671279907227,3550600,0.0,0.0
2006-07-25,19.25,19.450000762939453,19.139999389648438,19.200000762939453,10.36465835571289,1717400,0.0,0.0
2006-07-26,19.139999389648438,19.290000915527344,19.020000457763672,19.06999969482422,10.294485092163086,916400,0.0,0.0
2006-07-27,19.100000381469727,19.110000610351562,18.520000457763672,18.600000381469727,10.040765762329102,780800,0.0,0.0
2006-07-28,18.579999923706055,19.100000381469727,18.579999923706055,19.010000228881836,10.328731536865234,1607500,0.12,0.0
2006-07-31,18.90999984741211,18.920000076293945,18.420000076293945,18.700000762939453,10.160299301147461,1959800,0.0,0.0
2006-08-01,18.670000076293945,18.729999542236328,18.389999389648438,18.389999389648438,9.991863250732422,1471700,0.0,0.0
2006-08-02,18.389999389648438,18.75,18.350000381469727,18.610000610351562,10.111400604248047,1479400,0.0,0.0
2006-08-03,18.549999237060547,18.780000686645508,18.479999542236328,18.719999313354492,10.171165466308594,1024200,0.0,0.0
2006-08-04,19.0,19.200000762939453,18.700000762939453,18.809999465942383,10.22006607055664,887300,0.0,0.0
2006-08-07,18.739999771118164,18.770000457763672,18.649999618530273,18.690000534057617,10.154862403869629,971900,0.0,0.0
2006-08-08,18.719999313354492,18.889999389648438,18.559999465942383,18.56999969482422,10.089661598205566,861400,0.0,0.0
2006-08-09,18.6299991607666,18.790000915527344,18.399999618530273,18.5,10.051630973815918,950300,0.0,0.0
2006-08-10,18.43000030517578,18.68000030517578,18.399999618530273,18.540000915527344,10.073363304138184,865700,0.0,0.0
2006-08-11,18.540000915527344,18.670000076293945,18.510000228881836,18.549999237060547,10.078801155090332,410600,0.0,0.0
2006-08-14,18.729999542236328,18.850000381469727,18.579999923706055,18.700000762939453,10.160299301147461,609300,0.0,0.0
2006-08-15,18.829999923706055,19.110000610351562,18.829999923706055,19.110000610351562,10.383064270019531,629300,0.0,0.0
2006-08-16,19.170000076293945,19.59000015258789,19.1299991607666,19.540000915527344,10.616695404052734,899400,0.0,0.0
2006-08-17,19.489999771118164,19.84000015258789,19.43000030517578,19.719999313354492,10.714494705200195,1022300,0.0,0.0
2006-08-18,19.809999465942383,19.889999389648438,19.610000610351562,19.829999923706055,10.774264335632324,856000,0.0,0.0
2006-08-21,19.790000915527344,19.850000381469727,19.639999389648438,19.770000457763672,10.741662979125977,709800,0.0,0.0
2006-08-22,19.81999969482422,19.959999084472656,19.75,19.93000030517578,10.828595161437988,624600,0.0,0.0
2006-08-23,19.979999542236328,19.979999542236328,19.479999542236328,19.6200008392334,10.660160064697266,1468300,0.0,0.0
2006-08-24,19.600000381469727,19.649999618530273,19.540000915527344,19.59000015258789,10.643858909606934,1285500,0.0,0.0
2006-08-25,19.600000381469727,19.610000610351562,19.450000762939453,19.56999969482422,10.632996559143066,1198500,0.0,0.0
2006-08-28,19.600000381469727,20.0,19.56999969482422,19.950000762939453,10.83946418762207,1304600,0.0,0.0
2006-08-29,19.989999771118164,20.059999465942383,19.860000610351562,19.979999542236328,10.85576057434082,2837800,0.0,0.0
2006-08-30,20.0,20.34000015258789,19.959999084472656,20.200000762939453,10.975293159484863,2092300,0.0,0.0
2006-08-31,20.200000762939453,20.31999969482422,20.0,20.299999237060547,11.02962875366211,1413200,0.0,0.0
2006-09-01,20.350000381469727,20.530000686645508,20.209999084472656,20.290000915527344,11.02419376373291,934800,0.0,0.0
2006-09-05,20.290000915527344,20.450000762939453,20.229999542236328,20.360000610351562,11.06222915649414,1008700,0.0,0.0
2006-09-06,20.329999923706055,20.34000015258789,20.09000015258789,20.200000762939453,10.975293159484863,1179200,0.0,0.0
2006-09-07,20.850000381469727,20.920000076293945,20.389999389648438,20.5,11.138296127319336,2569100,0.0,0.0
2006-09-08,20.639999389648438,20.979999542236328,20.600000381469727,20.790000915527344,11.295856475830078,1794300,0.0,0.0
2006-09-11,20.790000915527344,21.260000228881836,20.75,21.1299991607666,11.480594635009766,1431400,0.0,0.0
2006-09-12,21.079999923706055,21.540000915527344,21.0,21.530000686645508,11.69792652130127,1908500,0.0,0.0
2006-09-13,21.459999084472656,21.8799991607666,21.450000762939453,21.719999313354492,11.801156044006348,1972100,0.0,0.0
2006-09-14,21.729999542236328,22.030000686645508,21.68000030517578,21.969999313354492,11.93698787689209,1586500,0.0,0.0
2006-09-15,22.100000381469727,22.149999618530273,21.68000030517578,21.889999389648438,11.893527030944824,1778700,0.0,0.0
2006-09-18,21.889999389648438,22.15999984741211,21.829999923706055,21.8700008392334,11.882660865783691,807500,0.0,0.0
2006-09-19,21.809999465942383,22.110000610351562,21.760000228881836,22.06999969482422,11.991327285766602,1449300,0.0,0.0
2006-09-20,22.1200008392334,22.200000762939453,21.75,22.1299991607666,12.023926734924316,1008700,0.0,0.0
2006-09-21,22.15999984741211,22.200000762939453,21.81999969482422,22.030000686645508,11.969592094421387,991800,0.0,0.0
2006-09-22,21.950000762939453,22.079999923706055,21.530000686645508,21.920000076293945,11.909823417663574,844900,0.0,0.0
2006-09-25,21.770000457763672,22.200000762939453,21.770000457763672,22.149999618530273,12.034790992736816,852800,0.0,0.0
2006-09-26,22.09000015258789,22.3700008392334,22.06999969482422,22.280000686645508,12.105420112609863,818600,0.0,0.0
2006-09-27,22.290000915527344,22.360000610351562,22.200000762939453,22.280000686645508,12.105420112609863,641000,0.0,0.0
2006-09-28,22.389999389648438,22.639999389648438,22.270000457763672,22.600000381469727,12.279287338256836,1122700,0.0,0.0
2006-09-29,22.40999984741211,22.75,22.3799991607666,22.75,12.360791206359863,1336800,0.0,0.0
2006-10-02,22.75,22.790000915527344,22.559999465942383,22.600000381469727,12.279287338256836,1696200,0.0,0.0
2006-10-03,22.59000015258789,22.709999084472656,22.459999084472656,22.489999771118164,12.219522476196289,1148600,0.0,0.0
2006-10-04,22.5,22.90999984741211,22.479999542236328,22.90999984741211,12.447722434997559,1370100,0.0,0.0
2006-10-05,22.739999771118164,22.790000915527344,22.43000030517578,22.6200008392334,12.290156364440918,1590000,0.0,0.0
2006-10-06,22.6200008392334,22.709999084472656,22.469999313354492,22.6200008392334,12.290156364440918,1598000,0.0,0.0
2006-10-09,22.600000381469727,22.829999923706055,22.40999984741211,22.790000915527344,12.382521629333496,1545500,0.0,0.0
2006-10-10,22.860000610351562,23.020000457763672,22.799999237060547,23.0,12.496623039245605,1429400,0.0,0.0
2006-10-11,22.959999084472656,23.0,22.829999923706055,22.959999084472656,12.474888801574707,984400,0.0,0.0
2006-10-12,22.989999771118164,23.100000381469727,22.8799991607666,23.100000381469727,12.55095386505127,1257600,0.0,0.0
2006-10-13,23.0,23.170000076293945,22.950000762939453,23.15999984741211,12.583553314208984,1048500,0.0,0.0
2006-10-16,23.200000762939453,23.239999771118164,23.100000381469727,23.200000762939453,12.605287551879883,1274300,0.0,0.0
2006-10-17,23.079999923706055,23.440000534057617,23.049999237060547,23.420000076293945,12.724824905395508,1412200,0.0,0.0
2006-10-18,23.5,23.59000015258789,23.299999237060547,23.40999984741211,12.719382286071777,1535700,0.0,0.0
2006-10-19,23.260000228881836,23.479999542236328,23.209999084472656,23.329999923706055,12.675921440124512,1420000,0.0,0.0
2006-10-20,23.40999984741211,23.40999984741211,23.079999923706055,23.299999237060547,12.659623146057129,955400,0.0,0.0
2006-10-23,24.149999618530273,25.950000762939453,23.799999237060547,25.329999923706055,13.762585639953613,7610000,0.0,0.0
2006-10-24,25.40999984741211,25.579999923706055,25.18000030517578,25.440000534057617,13.822356224060059,3400400,0.0,0.0
2006-10-25,25.0,25.1200008392334,24.799999237060547,25.049999237060547,13.610451698303223,3850400,0.0,0.0
2006-10-26,25.010000228881836,25.299999237060547,25.0,25.209999084472656,13.697382926940918,1314300,0.0,0.0
2006-10-27,25.15999984741211,25.299999237060547,24.989999771118164,25.100000381469727,13.637621879577637,1502000,0.0,0.0
2006-10-30,25.15999984741211,25.559999465942383,25.040000915527344,25.5,13.921509742736816,3008900,0.12,0.0
2006-10-31,25.5,25.959999084472656,25.459999084472656,25.920000076293945,14.150808334350586,4551000,0.0,0.0
2006-11-01,25.920000076293945,26.760000228881836,25.889999389648438,26.639999389648438,14.543869972229004,5752000,0.0,0.0
2006-11-02,26.5,27.1299991607666,26.43000030517578,26.600000381469727,14.522041320800781,5610100,0.0,0.0
2006-11-03,26.700000762939453,27.5,26.34000015258789,27.010000228881836,14.745885848999023,6022200,0.0,0.0
2006-11-06,27.18000030517578,27.31999969482422,26.729999542236328,27.0,14.740421295166016,2560200,0.0,0.0
2006-11-07,27.0,27.329999923706055,26.850000381469727,27.100000381469727,14.795013427734375,2272200,0.0,0.0
2006-11-08,27.049999237060547,27.190000534057617,26.93000030517578,27.0,14.740421295166016,2338500,0.0,0.0
2006-11-09,27.0,27.040000915527344,26.8799991607666,26.989999771118164,14.734957695007324,2293200,0.0,0.0
2006-11-10,27.0,27.09000015258789,26.889999389648438,26.93000030517578,14.702198028564453,1799400,0.0,0.0
2006-11-13,26.979999542236328,27.010000228881836,26.559999465942383,26.75,14.603939056396484,2303800,0.0,0.0
2006-11-14,26.850000381469727,26.969999313354492,26.709999084472656,26.950000762939453,14.713122367858887,2359800,0.0,0.0
2006-11-15,26.899999618530273,26.969999313354492,26.84000015258789,26.8700008392334,14.669451713562012,2151500,0.0,0.0
2006-11-16,26.889999389648438,26.989999771118164,26.75,26.90999984741211,14.6912841796875,1472400,0.0,0.0
2006-11-17,26.850000381469727,26.899999618530273,26.690000534057617,26.829999923706055,14.647607803344727,1614200,0.0,0.0
2006-11-20,26.84000015258789,27.1299991607666,26.729999542236328,27.0,14.740421295166016,2108300,0.0,0.0
2006-11-21,27.0,27.1299991607666,26.8700008392334,27.100000381469727,14.795013427734375,2173800,0.0,0.0
2006-11-22,27.1299991607666,27.389999389648438,27.030000686645508,27.299999237060547,14.904205322265625,2987600,0.0,0.0
2006-11-24,27.209999084472656,27.229999542236328,27.059999465942383,27.18000030517578,14.838685035705566,411000,0.0,0.0
2006-11-27,27.170000076293945,27.229999542236328,26.799999237060547,26.81999969482422,14.642149925231934,1920900,0.0,0.0
2006-11-28,26.81999969482422,26.81999969482422,26.299999237060547,26.610000610351562,14.52750301361084,1605700,0.0,0.0
2006-11-29,26.610000610351562,26.899999618530273,26.579999923706055,26.729999542236328,14.593018531799316,2334800,0.0,0.0
2006-11-30,26.700000762939453,26.850000381469727,26.469999313354492,26.75,14.603939056396484,1457800,0.0,0.0
2006-12-01,26.8700008392334,26.899999618530273,26.139999389648438,26.450000762939453,14.44015121459961,1404300,0.0,0.0
2006-12-04,26.579999923706055,26.84000015258789,26.420000076293945,26.75,14.603939056396484,1786700,0.0,0.0
2006-12-05,26.950000762939453,27.290000915527344,26.850000381469727,27.110000610351562,14.800474166870117,2125100,0.0,0.0
2006-12-06,27.100000381469727,27.280000686645508,27.0,27.190000534057617,14.844148635864258,1869000,0.0,0.0
2006-12-07,27.149999618530273,27.43000030517578,26.6299991607666,26.8700008392334,14.669451713562012,1952000,0.0,0.0
2006-12-08,26.8700008392334,26.940000534057617,26.43000030517578,26.530000686645508,14.483821868896484,1663700,0.0,0.0
2006-12-11,26.670000076293945,27.040000915527344,26.540000915527344,26.8799991607666,14.674909591674805,3071700,0.0,0.0
2006-12-12,26.809999465942383,26.950000762939453,26.600000381469727,26.729999542236328,14.593018531799316,2093100,0.0,0.0
2006-12-13,26.8799991607666,26.989999771118164,26.719999313354492,26.780000686645508,14.62031078338623,1442200,0.0,0.0
2006-12-14,26.75,27.100000381469727,26.719999313354492,27.049999237060547,14.767718315124512,1067200,0.0,0.0
2006-12-15,27.06999969482422,27.1200008392334,26.940000534057617,27.010000228881836,14.745885848999023,2035900,0.0,0.0
2006-12-18,27.100000381469727,27.690000534057617,27.100000381469727,27.239999771118164,14.87144660949707,2656300,0.0,0.0
2006-12-19,27.100000381469727,27.420000076293945,27.010000228881836,27.34000015258789,14.926043510437012,1869700,0.0,0.0
2006-12-20,27.3700008392334,27.670000076293945,27.059999465942383,27.43000030517578,14.975180625915527,3100900,0.0,0.0
2006-12-21,27.399999618530273,27.5,27.040000915527344,27.09000015258789,14.789556503295898,1186600,0.0,0.0
2006-12-22,27.18000030517578,27.229999542236328,26.93000030517578,27.149999618530273,14.822315216064453,742700,0.0,0.0
2006-12-26,27.030000686645508,27.290000915527344,27.010000228881836,27.170000076293945,14.833226203918457,968100,0.0,0.0
2006-12-27,27.25,27.40999984741211,27.170000076293945,27.270000457763672,14.887816429138184,1356400,0.0,0.0
2006-12-28,27.25,27.479999542236328,27.18000030517578,27.309999465942383,14.909663200378418,909400,0.0,0.0
2006-12-29,27.329999923706055,27.479999542236328,27.209999084472656,27.25,14.876911163330078,731600,0.0,0.0
2007-01-03,27.299999237060547,27.829999923706055,27.200000762939453,27.489999771118164,15.007935523986816,2260800,0.0,0.0
2007-01-04,27.479999542236328,27.690000534057617,27.3799991607666,27.530000686645508,15.029772758483887,1709700,0.0,0.0
2007-01-05,27.420000076293945,27.5,27.170000076293945,27.360000610351562,14.936954498291016,1029100,0.0,0.0
2007-01-08,27.290000915527344,27.329999923706055,27.040000915527344,27.139999389648438,14.816855430603027,1208300,0.0,0.0
2007-01-09,27.229999542236328,27.719999313354492,27.200000762939453,27.649999618530273,15.095282554626465,2202900,0.0,0.0
2007-01-10,27.649999618530273,27.799999237060547,27.43000030517578,27.780000686645508,15.166257858276367,967900,0.0,0.0
2007-01-11,27.760000228881836,27.8799991607666,27.639999389648438,27.8700008392334,15.215394973754883,812600,0.0,0.0
2007-01-12,27.950000762939453,27.959999084472656,27.56999969482422,27.899999618530273,15.231778144836426,1822100,0.0,0.0
2007-01-16,27.90999984741211,28.1299991607666,27.719999313354492,27.799999237060547,15.177172660827637,1462000,0.0,0.0
2007-01-17,27.829999923706055,28.030000686645508,27.75,27.940000534057617,15.253608703613281,1122500,0.0,0.0
2007-01-18,27.899999618530273,28.290000915527344,27.700000762939453,28.139999389648438,15.362794876098633,1503700,0.0,0.0
2007-01-19,28.190000534057617,28.40999984741211,28.030000686645508,28.290000915527344,15.44467830657959,1282400,0.0,0.0
2007-01-22,28.299999237060547,28.489999771118164,28.079999923706055,28.110000610351562,15.346412658691406,1131600,0.0,0.0
2007-01-23,28.020000457763672,28.8700008392334,27.989999771118164,28.770000457763672,15.70673942565918,3393500,0.0,0.0
2007-01-24,28.81999969482422,28.940000534057617,28.610000610351562,28.90999984741211,15.783164024353027,739900,0.0,0.0
2007-01-25,28.600000381469727,28.6200008392334,28.190000534057617,28.200000762939453,15.395546913146973,1210800,0.0,0.0
2007-01-26,28.34000015258789,28.389999389648438,27.90999984741211,28.260000228881836,15.428313255310059,912500,0.0,0.0
2007-01-29,28.260000228881836,28.760000228881836,28.1200008392334,28.649999618530273,15.641221046447754,1068500,0.0,0.0
2007-01-30,28.540000915527344,28.6299991607666,28.190000534057617,28.489999771118164,15.61929702758789,731300,0.12,0.0
2007-01-31,28.420000076293945,28.440000534057617,28.15999984741211,28.399999618530273,15.56995677947998,894500,0.0,0.0
2007-02-01,28.5,28.75,28.40999984741211,28.68000030517578,15.723456382751465,1164900,0.0,0.0
2007-02-02,28.719999313354492,28.979999542236328,28.540000915527344,28.809999465942383,15.794729232788086,911000,0.0,0.0
2007-02-05,28.809999465942383,28.850000381469727,28.1200008392334,28.829999923706055,15.80569839477539,1071000,0.0,0.0
2007-02-06,28.84000015258789,28.8799991607666,28.389999389648438,28.690000534057617,15.7289457321167,1223500,0.0,0.0
2007-02-07,28.670000076293945,29.0,28.459999084472656,28.90999984741211,15.849550247192383,945200,0.0,0.0
2007-02-08,28.950000762939453,29.270000457763672,28.729999542236328,29.1200008392334,15.964681625366211,1426400,0.0,0.0
2007-02-09,29.229999542236328,29.469999313354492,28.030000686645508,28.3799991607666,15.558992385864258,3080500,0.0,0.0
2007-02-12,28.639999389648438,28.979999542236328,28.06999969482422,28.709999084472656,15.73990535736084,2148200,0.0,0.0
2007-02-13,28.670000076293945,28.700000762939453,28.280000686645508,28.469999313354492,15.60832405090332,1536200,0.0,0.0
2007-02-14,28.5,29.0,28.450000762939453,28.979999542236328,15.887930870056152,1626600,0.0,0.0
2007-02-15,28.979999542236328,29.59000015258789,28.90999984741211,29.440000534057617,16.14012336730957,2326200,0.0,0.0
2007-02-16,29.299999237060547,29.6299991607666,29.110000610351562,29.600000381469727,16.227842330932617,1592100,0.0,0.0
2007-02-20,29.600000381469727,29.6200008392334,29.209999084472656,29.31999969482422,16.074329376220703,2208000,0.0,0.0
2007-02-21,29.09000015258789,29.709999084472656,29.09000015258789,29.479999542236328,16.16204833984375,2722500,0.0,0.0
2007-02-22,29.639999389648438,29.799999237060547,29.5,29.649999618530273,16.255247116088867,1278900,0.0,0.0
2007-02-23,29.559999465942383,29.700000762939453,29.229999542236328,29.309999465942383,16.068849563598633,2543100,0.0,0.0
2007-02-26,29.530000686645508,29.549999237060547,29.149999618530273,29.25,16.035951614379883,2255800,0.0,0.0
2007-02-27,28.860000610351562,28.989999771118164,28.149999618530273,28.639999389648438,15.701532363891602,1677100,0.0,0.0
2007-02-28,28.600000381469727,28.600000381469727,27.610000610351562,28.270000457763672,15.498682975769043,2949300,0.0,0.0
2007-03-01,28.079999923706055,29.239999771118164,27.68000030517578,28.989999771118164,15.89340877532959,2476800,0.0,0.0
2007-03-02,28.81999969482422,29.15999984741211,28.5,28.780000686645508,15.778288841247559,1529000,0.0,0.0
2007-03-05,28.420000076293945,29.059999465942383,28.25,28.790000915527344,15.783761024475098,1939000,0.0,0.0
2007-03-06,28.8799991607666,29.459999084472656,28.530000686645508,29.299999237060547,16.063373565673828,2021900,0.0,0.0
2007-03-07,29.350000381469727,29.700000762939453,29.09000015258789,29.170000076293945,15.992097854614258,2204400,0.0,0.0
2007-03-08,29.309999465942383,29.6299991607666,29.170000076293945,29.469999313354492,16.15656089782715,992200,0.0,0.0
2007-03-09,29.610000610351562,29.770000457763672,29.34000015258789,29.610000610351562,16.233322143554688,1129100,0.0,0.0
2007-03-12,29.540000915527344,29.739999771118164,29.3700008392334,29.600000381469727,16.227842330932617,1389300,0.0,0.0
2007-03-13,29.459999084472656,29.520000457763672,28.899999618530273,28.969999313354492,15.882447242736816,1412700,0.0,0.0
2007-03-14,29.1299991607666,29.329999923706055,28.600000381469727,29.149999618530273,15.981131553649902,1531300,0.0,0.0
2007-03-15,29.110000610351562,29.520000457763672,29.110000610351562,29.270000457763672,16.046918869018555,1394700,0.0,0.0
2007-03-16,29.350000381469727,29.450000762939453,29.1200008392334,29.15999984741211,15.98660945892334,1233800,0.0,0.0
2007-03-19,29.299999237060547,29.790000915527344,29.209999084472656,29.510000228881836,16.17850112915039,821500,0.0,0.0
2007-03-20,29.510000228881836,29.950000762939453,29.40999984741211,29.950000762939453,16.419721603393555,911300,0.0,0.0
2007-03-21,29.899999618530273,30.100000381469727,29.709999084472656,30.0,16.447141647338867,1334000,0.0,0.0
2007-03-22,29.979999542236328,30.239999771118164,29.860000610351562,29.950000762939453,16.419721603393555,1523600,0.0,0.0
2007-03-23,30.010000228881836,30.15999984741211,29.75,29.829999923706055,16.35392951965332,1434300,0.0,0.0
2007-03-26,29.649999618530273,29.739999771118164,29.209999084472656,29.65999984741211,16.2607364654541,1420400,0.0,0.0
2007-03-27,29.559999465942383,29.65999984741211,29.030000686645508,29.280000686645508,16.052400588989258,1408100,0.0,0.0
2007-03-28,29.65999984741211,29.65999984741211,28.770000457763672,28.799999237060547,15.789243698120117,1502200,0.0,0.0
2007-03-29,29.639999389648438,29.639999389648438,28.719999313354492,28.809999465942383,15.794729232788086,1247400,0.0,0.0
2007-03-30,28.8799991607666,29.15999984741211,28.56999969482422,28.6200008392334,15.690570831298828,3027600,0.0,0.0
2007-04-02,28.559999465942383,28.940000534057617,28.100000381469727,28.75,15.761832237243652,1722300,0.0,0.0
2007-04-03,28.75,28.979999542236328,28.709999084472656,28.860000610351562,15.822142601013184,2395500,0.0,0.0
2007-04-04,28.959999084472656,28.969999313354492,28.719999313354492,28.969999313354492,15.882447242736816,1657400,0.0,0.0
2007-04-05,29.049999237060547,29.489999771118164,28.829999923706055,29.420000076293945,16.12914276123047,859100,0.0,0.0
2007-04-09,29.540000915527344,29.829999923706055,29.469999313354492,29.639999389648438,16.24976921081543,772500,0.0,0.0
2007-04-10,29.649999618530273,29.850000381469727,29.59000015258789,29.790000915527344,16.331998825073242,940100,0.0,0.0
2007-04-11,29.709999084472656,29.93000030517578,29.600000381469727,29.850000381469727,16.364896774291992,1694400,0.0,0.0
2007-04-12,30.0,30.459999084472656,29.84000015258789,30.149999618530273,16.52936553955078,2216600,0.0,0.0
2007-04-13,30.25,30.350000381469727,29.899999618530273,30.149999618530273,16.52936553955078,977800,0.0,0.0
2007-04-16,30.270000457763672,30.34000015258789,29.979999542236328,30.059999465942383,16.48003387451172,978700,0.0,0.0
2007-04-17,30.0,30.229999542236328,29.959999084472656,30.09000015258789,16.496477127075195,1260700,0.0,0.0
2007-04-18,30.0,30.200000762939453,29.940000534057617,29.950000762939453,16.419721603393555,1466700,0.0,0.0
2007-04-19,30.68000030517578,30.68000030517578,29.6299991607666,30.1299991607666,16.518407821655273,1040300,0.0,0.0
2007-04-20,30.229999542236328,30.979999542236328,30.010000228881836,30.209999084472656,16.562265396118164,1994700,0.0,0.0
2007-04-23,31.75,33.43000030517578,31.75,32.540000915527344,17.839662551879883,6477100,0.0,0.0
2007-04-24,31.549999237060547,32.16999816894531,30.950000762939453,31.15999984741211,17.083091735839844,3183600,0.0,0.0
2007-04-25,31.280000686645508,31.860000610351562,31.280000686645508,31.549999237060547,17.29690170288086,2047900,0.0,0.0
2007-04-26,31.6299991607666,31.75,31.020000457763672,31.3799991607666,17.203699111938477,4677200,0.0,0.0
2007-04-27,31.0,31.549999237060547,30.950000762939453,31.40999984741211,17.30839729309082,1995400,0.16,0.0
2007-04-30,31.5,31.8700008392334,31.459999084472656,31.610000610351562,17.418609619140625,2991000,0.0,0.0
2007-05-01,31.65999984741211,32.20000076293945,31.5,32.040000915527344,17.65555763244629,2990800,0.0,0.0
2007-05-02,32.31999969482422,32.88999938964844,32.2400016784668,32.84000015258789,18.096397399902344,1730600,0.0,0.0
2007-05-03,32.9900016784668,33.04999923706055,32.63999938964844,33.0,18.184568405151367,1890500,0.0,0.0
2007-05-04,33.20000076293945,33.25,32.529998779296875,32.75,18.04680061340332,1442000,0.0,0.0
2007-05-07,32.83000183105469,33.02000045776367,32.599998474121094,32.709999084472656,18.024755477905273,1688700,0.0,0.0
2007-05-08,32.709999084472656,33.0,32.65999984741211,32.97999954223633,18.17354393005371,1102000,0.0,0.0
2007-05-09,32.900001525878906,33.2400016784668,32.849998474121094,33.02000045776367,18.195587158203125,2632700,0.0,0.0
2007-05-10,32.95000076293945,33.0099983215332,32.689998626708984,32.790000915527344,18.068845748901367,1366100,0.0,0.0
2007-05-11,32.849998474121094,33.029998779296875,32.61000061035156,32.939998626708984,18.151506423950195,1176100,0.0,0.0
2007-05-14,32.79999923706055,32.9900016784668,32.2400016784668,32.369998931884766,17.837404251098633,1943000,0.0,0.0
2007-05-15,32.5099983215332,32.61000061035156,32.150001525878906,32.16999816894531,17.727191925048828,1563700,0.0,0.0
2007-05-16,32.29999923706055,32.29999923706055,30.850000381469727,31.1200008392334,17.148603439331055,3624600,0.0,0.0
2007-05-17,31.209999084472656,31.649999618530273,31.0,31.139999389648438,17.15962028503418,2730900,0.0,0.0
2007-05-18,31.229999542236328,31.920000076293945,31.100000381469727,31.8700008392334,17.56187629699707,1879800,0.0,0.0
2007-05-21,31.90999984741211,32.04999923706055,31.809999465942383,31.93000030517578,17.594947814941406,2608100,0.0,0.0
2007-05-22,31.8799991607666,32.29999923706055,31.6200008392334,32.220001220703125,17.75475311279297,3054100,0.0,0.0
2007-05-23,32.22999954223633,32.599998474121094,32.11000061035156,32.470001220703125,17.89250946044922,2183200,0.0,0.0
2007-05-24,32.36000061035156,32.83000183105469,32.02000045776367,32.18000030517578,17.732704162597656,1809500,0.0,0.0
2007-05-25,32.099998474121094,32.4900016784668,32.099998474121094,32.43000030517578,17.870464324951172,1612700,0.0,0.0
2007-05-29,32.400001525878906,32.84000015258789,32.310001373291016,32.65999984741211,17.997217178344727,2091900,0.0,0.0
2007-05-30,32.29999923706055,32.61000061035156,32.0,32.5,17.909038543701172,2922200,0.0,0.0
2007-05-31,32.599998474121094,32.7599983215332,31.969999313354492,32.150001525878906,17.716176986694336,2819300,0.0,0.0
2007-06-01,32.150001525878906,32.7400016784668,32.11000061035156,32.459999084472656,17.886993408203125,2539300,0.0,0.0
2007-06-04,32.29999923706055,32.77000045776367,32.29999923706055,32.630001068115234,17.980676651000977,1925300,0.0,0.0
2007-06-05,31.6299991607666,32.08000183105469,31.3799991607666,31.829999923706055,17.539846420288086,2948400,0.0,0.0
2007-06-06,31.540000915527344,31.950000762939453,31.360000610351562,31.899999618530273,17.57840919494629,2599000,0.0,0.0
2007-06-07,31.850000381469727,32.0,31.479999542236328,31.549999237060547,17.385536193847656,1978500,0.0,0.0
2007-06-08,31.579999923706055,31.600000381469727,30.979999542236328,31.229999542236328,17.209217071533203,2490100,0.0,0.0
2007-06-11,31.200000762939453,31.459999084472656,30.989999771118164,31.209999084472656,17.198190689086914,1350300,0.0,0.0
2007-06-12,31.149999618530273,31.190000534057617,30.559999465942383,30.6200008392334,16.873077392578125,1391600,0.0,0.0
2007-06-13,30.5,31.229999542236328,30.389999389648438,31.229999542236328,17.209217071533203,3068800,0.0,0.0
2007-06-14,31.350000381469727,31.850000381469727,31.020000457763672,31.56999969482422,17.396568298339844,1436800,0.0,0.0
2007-06-15,31.860000610351562,31.959999084472656,31.420000076293945,31.440000534057617,17.324934005737305,1235800,0.0,0.0
2007-06-18,31.450000762939453,31.540000915527344,30.969999313354492,30.989999771118164,17.07695960998535,3170100,0.0,0.0
2007-06-19,31.0,31.209999084472656,30.920000076293945,31.18000030517578,17.181657791137695,1266600,0.0,0.0
2007-06-20,31.34000015258789,31.520000457763672,30.780000686645508,30.790000915527344,16.966753005981445,1233900,0.0,0.0
2007-06-21,30.81999969482422,31.709999084472656,30.549999237060547,31.6299991607666,17.42963409423828,2391300,0.0,0.0
2007-06-22,31.6299991607666,31.649999618530273,31.219999313354492,31.299999237060547,17.247787475585938,2059000,0.0,0.0
2007-06-25,31.75,32.279998779296875,31.31999969482422,31.81999969482422,17.534332275390625,2154500,0.0,0.0
2007-06-26,32.349998474121094,32.45000076293945,31.260000228881836,31.40999984741211,17.30839729309082,2260900,0.0,0.0
2007-06-27,31.459999084472656,31.559999465942383,31.219999313354492,31.309999465942383,17.2532901763916,1737900,0.0,0.0
2007-06-28,31.31999969482422,31.799999237060547,31.18000030517578,31.56999969482422,17.396568298339844,1275200,0.0,0.0
2007-06-29,31.850000381469727,31.93000030517578,31.229999542236328,31.40999984741211,17.30839729309082,1734700,0.0,0.0
2007-07-02,31.440000534057617,32.38999938964844,31.440000534057617,32.310001373291016,17.804349899291992,1622100,0.0,0.0
2007-07-03,32.52000045776367,32.650001525878906,32.040000915527344,32.18000030517578,17.732704162597656,751600,0.0,0.0
2007-07-05,32.380001068115234,32.41999816894531,31.899999618530273,32.15999984741211,17.721689224243164,1278000,0.0,0.0
2007-07-06,32.02000045776367,32.5,31.84000015258789,32.4900016784668,17.903535842895508,1138000,0.0,0.0
2007-07-09,32.689998626708984,33.099998474121094,32.459999084472656,32.470001220703125,17.89250946044922,1939000,0.0,0.0
2007-07-10,32.400001525878906,32.45000076293945,31.6299991607666,31.6299991607666,17.42963409423828,1921100,0.0,0.0
2007-07-11,31.549999237060547,32.04999923706055,31.440000534057617,31.799999237060547,17.52330780029297,2256100,0.0,0.0
2007-07-12,32.0,32.5,31.799999237060547,32.5,17.909038543701172,1666600,0.0,0.0
2007-07-13,32.36000061035156,32.52000045776367,32.0099983215332,32.439998626708984,17.8759765625,1944600,0.0,0.0
2007-07-16,32.599998474121094,32.86000061035156,32.25,32.310001373291016,17.804349899291992,2959800,0.0,0.0
2007-07-17,32.310001373291016,32.79999923706055,32.27000045776367,32.779998779296875,18.063337326049805,1767500,0.0,0.0
2007-07-18,32.70000076293945,32.79999923706055,32.20000076293945,32.61000061035156,17.96966552734375,2199800,0.0,0.0
2007-07-19,32.61000061035156,32.790000915527344,32.470001220703125,32.709999084472656,18.024755477905273,2362300,0.0,0.0
2007-07-20,32.83000183105469,33.0099983215332,32.209999084472656,32.560001373291016,17.942106246948242,3049300,0.0,0.0
2007-07-23,33.310001373291016,33.4900016784668,29.5,30.799999237060547,16.972261428833008,6008900,0.0,0.0
2007-07-24,30.549999237060547,30.850000381469727,30.270000457763672,30.270000457763672,16.68021011352539,2794600,0.0,0.0
2007-07-25,30.399999618530273,30.510000228881836,29.280000686645508,29.489999771118164,16.250391006469727,4269400,0.0,0.0
2007-07-26,29.200000762939453,29.239999771118164,28.290000915527344,28.790000915527344,15.86466121673584,3744000,0.0,0.0
2007-07-27,28.5,28.559999465942383,27.969999313354492,28.059999465942383,15.462395668029785,3895000,0.0,0.0
2007-07-30,28.100000381469727,28.719999313354492,27.700000762939453,28.579999923706055,15.839253425598145,3308200,0.16,0.0
2007-07-31,28.579999923706055,29.030000686645508,28.020000457763672,28.020000457763672,15.528892517089844,2707200,0.0,0.0
2007-08-01,28.25,28.940000534057617,27.8799991607666,28.8700008392334,15.999978065490723,2942400,0.0,0.0
2007-08-02,28.790000915527344,29.1200008392334,28.260000228881836,28.81999969482422,15.972264289855957,3591400,0.0,0.0
2007-08-03,28.81999969482422,28.989999771118164,27.610000610351562,27.649999618530273,15.323844909667969,2554800,0.0,0.0
2007-08-06,27.709999084472656,28.209999084472656,27.290000915527344,28.049999237060547,15.545526504516602,2137000,0.0,0.0
2007-08-07,27.799999237060547,27.799999237060547,27.040000915527344,27.479999542236328,15.229618072509766,3674900,0.0,0.0
2007-08-08,27.479999542236328,27.579999923706055,26.579999923706055,26.920000076293945,14.919262886047363,3688900,0.0,0.0
2007-08-09,26.84000015258789,27.049999237060547,25.899999618530273,26.15999984741211,14.498068809509277,4997500,0.0,0.0
2007-08-10,25.530000686645508,28.0,25.25,27.729999542236328,15.368173599243164,4487000,0.0,0.0
2007-08-13,28.059999465942383,29.030000686645508,27.469999313354492,27.6299991607666,15.312765121459961,3442800,0.0,0.0
2007-08-14,27.799999237060547,27.84000015258789,26.770000457763672,27.290000915527344,15.12432861328125,2205800,0.0,0.0
2007-08-15,27.190000534057617,28.229999542236328,27.06999969482422,27.610000610351562,15.301671028137207,2925000,0.0,0.0
2007-08-16,27.34000015258789,27.84000015258789,26.889999389648438,27.219999313354492,15.085533142089844,3530900,0.0,0.0
2007-08-17,27.889999389648438,27.989999771118164,27.049999237060547,27.510000228881836,15.24625015258789,1711100,0.0,0.0
2007-08-20,27.5,28.90999984741211,27.5,28.559999465942383,15.828166961669922,1993800,0.0,0.0
2007-08-21,28.270000457763672,28.440000534057617,27.729999542236328,27.979999542236328,15.506728172302246,1697300,0.0,0.0
2007-08-22,28.0,28.719999313354492,27.899999618530273,28.68000030517578,15.894674301147461,2388100,0.0,0.0
2007-08-23,28.6299991607666,28.950000762939453,28.450000762939453,28.59000015258789,15.844797134399414,1332400,0.0,0.0
2007-08-24,28.600000381469727,29.1299991607666,28.40999984741211,29.09000015258789,16.12190055847168,940200,0.0,0.0
2007-08-27,28.860000610351562,29.059999465942383,28.420000076293945,28.530000686645508,15.811545372009277,1124500,0.0,0.0
2007-08-28,28.469999313354492,28.639999389648438,28.040000915527344,28.079999923706055,15.562150955200195,1573000,0.0,0.0
2007-08-29,28.299999237060547,28.530000686645508,27.950000762939453,28.530000686645508,15.811545372009277,1896400,0.0,0.0
2007-08-30,28.459999084472656,28.459999084472656,27.780000686645508,27.940000534057617,15.4845609664917,1755600,0.0,0.0
2007-08-31,28.31999969482422,28.549999237060547,28.079999923706055,28.209999084472656,15.634199142456055,1621300,0.0,0.0
2007-09-04,27.950000762939453,28.100000381469727,27.65999984741211,27.950000762939453,15.49009895324707,1773700,0.0,0.0
2007-09-05,27.75,27.899999618530273,27.3700008392334,27.6200008392334,15.307220458984375,1765500,0.0,0.0
2007-09-06,27.59000015258789,28.1200008392334,27.079999923706055,27.1299991607666,15.035655975341797,2158500,0.0,0.0
2007-09-07,26.989999771118164,27.049999237060547,26.079999923706055,26.219999313354492,14.53132438659668,2981600,0.0,0.0
2007-09-10,26.5,27.25,26.479999542236328,26.90999984741211,14.913724899291992,2031600,0.0,0.0
2007-09-11,26.93000030517578,27.600000381469727,26.920000076293945,27.479999542236328,15.229618072509766,1510600,0.0,0.0
2007-09-12,27.530000686645508,28.219999313354492,27.3799991607666,27.899999618530273,15.462400436401367,2127500,0.0,0.0
2007-09-13,27.979999542236328,28.079999923706055,27.700000762939453,27.770000457763672,15.390350341796875,789000,0.0,0.0
2007-09-14,28.520000457763672,28.520000457763672,27.559999465942383,27.649999618530273,15.323844909667969,998100,0.0,0.0
2007-09-17,27.68000030517578,27.850000381469727,27.530000686645508,27.549999237060547,15.268417358398438,1075800,0.0,0.0
2007-09-18,27.579999923706055,28.209999084472656,27.450000762939453,28.139999389648438,15.595409393310547,1550700,0.0,0.0
2007-09-19,28.15999984741211,29.030000686645508,28.15999984741211,28.950000762939453,16.044307708740234,1888900,0.0,0.0
2007-09-20,28.950000762939453,29.219999313354492,28.540000915527344,28.690000534057617,15.900217056274414,1410700,0.0,0.0
2007-09-21,28.690000534057617,29.030000686645508,28.459999084472656,28.549999237060547,15.822627067565918,1121100,0.0,0.0
2007-09-24,28.530000686645508,28.950000762939453,28.25,28.290000915527344,15.678534507751465,1002900,0.0,0.0
2007-09-25,28.280000686645508,28.440000534057617,27.760000228881836,28.3700008392334,15.722867965698242,1435700,0.0,0.0
2007-09-26,28.350000381469727,28.510000228881836,28.0,28.190000534057617,15.623108863830566,1292300,0.0,0.0
2007-09-27,28.139999389648438,28.3700008392334,27.90999984741211,28.079999923706055,15.562150955200195,835000,0.0,0.0
2007-09-28,27.989999771118164,28.299999237060547,27.780000686645508,27.8799991607666,15.451306343078613,1316700,0.0,0.0
2007-10-01,27.850000381469727,29.8700008392334,27.850000381469727,29.809999465942383,16.52092933654785,2285500,0.0,0.0
2007-10-02,29.75,30.68000030517578,29.75,30.540000915527344,16.92549705505371,1963300,0.0,0.0
2007-10-03,30.399999618530273,30.520000457763672,29.639999389648438,29.75,16.4876708984375,1495300,0.0,0.0
2007-10-04,29.649999618530273,29.950000762939453,28.690000534057617,28.700000762939453,15.905759811401367,1513600,0.0,0.0
2007-10-05,28.510000228881836,29.260000228881836,28.510000228881836,29.1299991607666,16.14406394958496,1597300,0.0,0.0
2007-10-08,29.299999237060547,29.360000610351562,28.510000228881836,28.59000015258789,15.844797134399414,1335400,0.0,0.0
2007-10-09,28.649999618530273,29.3799991607666,28.530000686645508,29.280000686645508,16.22719383239746,2023700,0.0,0.0
2007-10-10,29.280000686645508,30.079999923706055,29.100000381469727,29.93000030517578,16.587432861328125,2597600,0.0,0.0
2007-10-11,30.0,30.1299991607666,28.780000686645508,28.93000030517578,16.03322410583496,1829900,0.0,0.0
2007-10-12,28.90999984741211,29.440000534057617,28.84000015258789,29.0,16.072025299072266,1030100,0.0,0.0
2007-10-15,28.899999618530273,29.270000457763672,28.549999237060547,29.020000457763672,16.08310317993164,1584900,0.0,0.0
2007-10-16,29.030000686645508,29.270000457763672,28.75,29.030000686645508,16.088645935058594,1500900,0.0,0.0
2007-10-17,29.350000381469727,29.75,28.90999984741211,29.149999618530273,16.15514373779297,1636500,0.0,0.0
2007-10-18,29.139999389648438,29.40999984741211,28.889999389648438,29.25,16.210575103759766,1479000,0.0,0.0
2007-10-19,28.84000015258789,29.079999923706055,28.260000228881836,28.40999984741211,15.745038986206055,2823400,0.0,0.0
2007-10-22,29.729999542236328,29.729999542236328,28.0,28.399999618530273,15.739497184753418,3827200,0.0,0.0
2007-10-23,28.459999084472656,28.959999084472656,28.3700008392334,28.860000610351562,15.994431495666504,2113700,0.0,0.0
2007-10-24,28.530000686645508,29.75,28.530000686645508,29.6299991607666,16.42116928100586,2207500,0.0,0.0
2007-10-25,29.600000381469727,29.899999618530273,28.81999969482422,29.209999084472656,16.188396453857422,1819800,0.0,0.0
2007-10-26,29.31999969482422,29.350000381469727,28.729999542236328,29.049999237060547,16.0997314453125,2150200,0.0,0.0
2007-10-29,29.040000915527344,29.56999969482422,28.81999969482422,29.350000381469727,16.26599884033203,2179500,0.0,0.0
2007-10-30,29.15999984741211,29.860000610351562,29.040000915527344,29.329999923706055,16.34400177001953,1761000,0.16,0.0
2007-10-31,29.290000915527344,30.170000076293945,29.290000915527344,29.850000381469727,16.633773803710938,1363700,0.0,0.0
2007-11-01,29.850000381469727,29.850000381469727,28.239999771118164,28.260000228881836,15.74775505065918,2642600,0.0,0.0
2007-11-02,28.290000915527344,28.850000381469727,28.06999969482422,28.809999465942383,16.05423927307129,2038500,0.0,0.0
2007-11-05,28.850000381469727,29.190000534057617,28.719999313354492,28.8700008392334,16.087677001953125,1646200,0.0,0.0
2007-11-06,28.850000381469727,29.139999389648438,28.18000030517578,28.459999084472656,15.859204292297363,2375100,0.0,0.0
2007-11-07,28.440000534057617,28.440000534057617,27.709999084472656,27.790000915527344,15.485843658447266,2025400,0.0,0.0
2007-11-08,27.790000915527344,27.989999771118164,26.559999465942383,26.959999084472656,15.023334503173828,2743200,0.0,0.0
2007-11-09,26.65999984741211,26.709999084472656,25.920000076293945,25.959999084472656,14.46608829498291,3364700,0.0,0.0
2007-11-12,25.860000610351562,26.1299991607666,25.309999465942383,25.729999542236328,14.337925910949707,1896300,0.0,0.0
2007-11-13,26.0,27.049999237060547,25.6299991607666,26.899999618530273,14.989900588989258,2243200,0.0,0.0
2007-11-14,27.010000228881836,27.100000381469727,26.360000610351562,26.450000762939453,14.739145278930664,2687800,0.0,0.0
2007-11-15,26.600000381469727,27.440000534057617,26.190000534057617,26.8700008392334,14.973183631896973,3350400,0.0,0.0
2007-11-16,27.56999969482422,28.149999618530273,26.829999923706055,27.450000762939453,15.296385765075684,3725500,0.0,0.0
2007-11-19,27.219999313354492,27.469999313354492,26.899999618530273,26.979999542236328,15.034476280212402,1807800,0.0,0.0
2007-11-20,26.979999542236328,27.469999313354492,26.8799991607666,27.299999237060547,15.212800025939941,3000000,0.0,0.0
2007-11-21,27.1299991607666,27.200000762939453,26.6200008392334,26.8799991607666,14.97875690460205,1626600,0.0,0.0
2007-11-23,27.110000610351562,27.15999984741211,26.75,27.010000228881836,15.051200866699219,454200,0.0,0.0
2007-11-26,26.959999084472656,28.0,26.959999084472656,27.149999618530273,15.129213333129883,2195200,0.0,0.0
2007-11-27,27.350000381469727,27.68000030517578,27.079999923706055,27.610000610351562,15.385547637939453,1844200,0.0,0.0
2007-11-28,27.760000228881836,28.0,27.290000915527344,27.84000015258789,15.513716697692871,1758200,0.0,0.0
2007-11-29,27.809999465942383,27.809999465942383,27.1200008392334,27.399999618530273,15.268525123596191,1625100,0.0,0.0
2007-11-30,27.670000076293945,27.959999084472656,27.3700008392334,27.770000457763672,15.474706649780273,1860300,0.0,0.0
2007-12-03,27.520000457763672,28.110000610351562,26.90999984741211,27.09000015258789,15.095773696899414,1752800,0.0,0.0
2007-12-04,26.8700008392334,27.479999542236328,26.8700008392334,27.260000228881836,15.190511703491211,997300,0.0,0.0
2007-12-05,27.459999084472656,27.739999771118164,26.989999771118164,27.06999969482422,15.084638595581055,1654000,0.0,0.0
2007-12-06,27.270000457763672,27.270000457763672,26.239999771118164,26.799999237060547,14.934170722961426,3073200,0.0,0.0
2007-12-07,26.799999237060547,27.229999542236328,26.65999984741211,26.770000457763672,14.917454719543457,1389800,0.0,0.0
2007-12-10,26.790000915527344,26.8700008392334,26.469999313354492,26.68000030517578,14.867303848266602,1132700,0.0,0.0
2007-12-11,26.770000457763672,27.209999084472656,26.1299991607666,26.15999984741211,14.577534675598145,1452600,0.0,0.0
2007-12-12,26.75,27.100000381469727,25.979999542236328,26.219999313354492,14.61097240447998,1799700,0.0,0.0
2007-12-13,26.139999389648438,26.350000381469727,26.059999465942383,26.31999969482422,14.66670036315918,1758100,0.0,0.0
2007-12-14,26.3799991607666,26.3799991607666,25.579999923706055,25.709999084472656,14.32677936553955,2301500,0.0,0.0
2007-12-17,25.549999237060547,26.299999237060547,25.5,25.84000015258789,14.39922046661377,1627500,0.0,0.0
2007-12-18,26.020000457763672,26.1200008392334,25.450000762939453,25.81999969482422,14.388077735900879,1979600,0.0,0.0
2007-12-19,25.8799991607666,26.049999237060547,25.649999618530273,25.850000381469727,14.40478801727295,1379300,0.0,0.0
2007-12-20,26.0,26.170000076293945,25.25,25.850000381469727,14.40478801727295,3030200,0.0,0.0
2007-12-21,26.110000610351562,26.440000534057617,25.760000228881836,25.950000762939453,14.460519790649414,1640200,0.0,0.0
2007-12-24,25.81999969482422,26.549999237060547,25.81999969482422,26.469999313354492,14.750280380249023,396300,0.0,0.0
2007-12-26,26.639999389648438,27.399999618530273,26.440000534057617,26.989999771118164,15.04005241394043,1583100,0.0,0.0
2007-12-27,26.969999313354492,27.110000610351562,26.3799991607666,26.3799991607666,14.700139045715332,1156000,0.0,0.0
2007-12-28,26.770000457763672,26.770000457763672,25.90999984741211,25.90999984741211,14.438230514526367,776500,0.0,0.0
2007-12-31,25.81999969482422,25.950000762939453,25.579999923706055,25.579999923706055,14.254339218139648,1243500,0.0,0.0
2008-01-02,25.520000457763672,25.770000457763672,24.8700008392334,25.0,13.93113899230957,1622100,0.0,0.0
2008-01-03,25.020000457763672,25.219999313354492,24.649999618530273,24.68000030517578,13.752813339233398,1156800,0.0,0.0
2008-01-04,24.450000762939453,24.489999771118164,23.670000076293945,23.739999771118164,13.229004859924316,3502600,0.0,0.0
2008-01-07,23.93000030517578,23.959999084472656,23.399999618530273,23.670000076293945,13.190000534057617,1518300,0.0,0.0
2008-01-08,23.75,23.950000762939453,23.25,23.420000076293945,13.050692558288574,3185600,0.0,0.0
2008-01-09,23.15999984741211,23.260000228881836,22.209999084472656,22.780000686645508,12.694052696228027,3651400,0.0,0.0
2008-01-10,22.719999313354492,23.760000228881836,22.530000686645508,23.290000915527344,12.978248596191406,2895600,0.0,0.0
2008-01-11,23.0,23.030000686645508,22.219999313354492,22.34000015258789,12.44886302947998,2362000,0.0,0.0
2008-01-14,22.469999313354492,22.65999984741211,22.389999389648438,22.510000228881836,12.543591499328613,1764400,0.0,0.0
2008-01-15,22.15999984741211,22.270000457763672,21.729999542236328,21.729999542236328,12.10893726348877,2529800,0.0,0.0
2008-01-16,21.799999237060547,23.350000381469727,21.700000762939453,23.079999923706055,12.861222267150879,4032200,0.0,0.0
2008-01-17,23.0,23.290000915527344,22.1299991607666,22.360000610351562,12.460004806518555,2585200,0.0,0.0
2008-01-18,22.469999313354492,23.0,22.290000915527344,22.829999923706055,12.721909523010254,3338600,0.0,0.0
2008-01-22,21.81999969482422,24.1200008392334,21.56999969482422,24.040000915527344,13.39617919921875,3549100,0.0,0.0
2008-01-23,23.43000030517578,25.0,23.229999542236328,24.860000610351562,13.853114128112793,3432500,0.0,0.0
2008-01-24,24.899999618530273,25.049999237060547,24.170000076293945,24.709999084472656,13.769523620605469,1911200,0.0,0.0
2008-01-25,24.780000686645508,24.940000534057617,23.760000228881836,23.950000762939453,13.346031188964844,2105100,0.0,0.0
2008-01-28,23.940000534057617,24.600000381469727,23.600000381469727,24.56999969482422,13.691526412963867,1673800,0.0,0.0
2008-01-29,24.719999313354492,24.719999313354492,24.079999923706055,24.6299991607666,13.724952697753906,2199300,0.0,0.0
2008-01-30,24.530000686645508,25.200000762939453,24.1299991607666,24.56999969482422,13.781049728393555,1722500,0.16,0.0
2008-01-31,24.1299991607666,26.31999969482422,24.1299991607666,25.969999313354492,14.566289901733398,3090500,0.0,0.0
2008-02-01,25.959999084472656,26.559999465942383,25.729999542236328,26.1299991607666,14.65603256225586,2080200,0.0,0.0
2008-02-04,26.040000915527344,26.1299991607666,25.549999237060547,25.729999542236328,14.431678771972656,1357700,0.0,0.0
2008-02-05,27.15999984741211,27.15999984741211,25.549999237060547,25.579999923706055,14.34754467010498,2440200,0.0,0.0
2008-02-06,25.700000762939453,25.700000762939453,24.690000534057617,24.75,13.882003784179688,2350700,0.0,0.0
2008-02-07,24.489999771118164,26.020000457763672,24.110000610351562,25.6299991607666,14.37558650970459,2530000,0.0,0.0
2008-02-08,25.899999618530273,26.3799991607666,25.65999984741211,25.8700008392334,14.510197639465332,2135600,0.0,0.0
2008-02-11,26.989999771118164,26.989999771118164,26.079999923706055,26.40999984741211,14.813077926635742,2986100,0.0,0.0
2008-02-12,26.549999237060547,27.280000686645508,26.549999237060547,26.940000534057617,15.110352516174316,1966800,0.0,0.0
2008-02-13,27.09000015258789,27.43000030517578,26.760000228881836,27.110000610351562,15.205705642700195,1536800,0.0,0.0
2008-02-14,27.170000076293945,27.170000076293945,26.360000610351562,26.389999389648438,14.801864624023438,1926000,0.0,0.0
2008-02-15,26.350000381469727,26.790000915527344,26.270000457763672,26.770000457763672,15.014994621276855,1392400,0.0,0.0
2008-02-19,27.010000228881836,27.139999389648438,26.020000457763672,26.1299991607666,14.65603256225586,1709700,0.0,0.0
2008-02-20,26.1299991607666,27.639999389648438,26.100000381469727,27.389999389648438,15.362744331359863,3454800,0.0,0.0
2008-02-21,27.889999389648438,27.889999389648438,26.649999618530273,26.719999313354492,14.986947059631348,1507700,0.0,0.0
2008-02-22,26.780000686645508,26.860000610351562,26.229999542236328,26.860000610351562,15.065476417541504,1542300,0.0,0.0
2008-02-25,26.93000030517578,27.3700008392334,26.530000686645508,27.34000015258789,15.334707260131836,1317000,0.0,0.0
2008-02-26,27.260000228881836,27.979999542236328,27.049999237060547,27.829999923706055,15.609535217285156,1637900,0.0,0.0
2008-02-27,27.719999313354492,27.920000076293945,27.030000686645508,27.06999969482422,15.18326187133789,1432800,0.0,0.0
2008-02-28,27.100000381469727,27.149999618530273,26.610000610351562,26.760000228881836,15.009390830993652,1487500,0.0,0.0
2008-02-29,26.489999771118164,26.559999465942383,25.670000076293945,25.770000457763672,14.454108238220215,1918100,0.0,0.0
2008-03-03,25.709999084472656,25.959999084472656,25.399999618530273,25.940000534057617,14.549459457397461,1938500,0.0,0.0
2008-03-04,25.959999084472656,26.329999923706055,25.59000015258789,26.149999618530273,14.667250633239746,1635000,0.0,0.0
2008-03-05,26.18000030517578,27.0,25.989999771118164,26.6299991607666,14.936470985412598,2214000,0.0,0.0
2008-03-06,26.540000915527344,26.68000030517578,25.920000076293945,25.950000762939453,14.555069923400879,1179800,0.0,0.0
2008-03-07,25.93000030517578,26.5,25.6299991607666,25.8799991607666,14.515809059143066,1731300,0.0,0.0
2008-03-10,25.829999923706055,26.290000915527344,25.260000228881836,25.290000915527344,14.184880256652832,1979800,0.0,0.0
2008-03-11,25.940000534057617,26.559999465942383,25.56999969482422,26.559999465942383,14.897212982177734,1823800,0.0,0.0
2008-03-12,26.56999969482422,26.770000457763672,26.209999084472656,26.3700008392334,14.790640830993652,1485800,0.0,0.0
2008-03-13,25.940000534057617,27.209999084472656,25.920000076293945,27.020000457763672,15.155217170715332,2209500,0.0,0.0
2008-03-14,27.360000610351562,27.360000610351562,25.959999084472656,26.420000076293945,14.818690299987793,1410400,0.0,0.0
2008-03-17,26.09000015258789,26.56999969482422,25.969999313354492,26.170000076293945,14.67846393585205,1775500,0.0,0.0
2008-03-18,26.68000030517578,27.010000228881836,26.299999237060547,26.979999542236328,15.132780075073242,1511600,0.0,0.0
2008-03-19,27.059999465942383,27.850000381469727,27.040000915527344,27.040000915527344,15.166438102722168,1973700,0.0,0.0
2008-03-20,27.09000015258789,27.739999771118164,27.09000015258789,27.719999313354492,15.547842025756836,2306700,0.0,0.0
2008-03-24,27.75,28.969999313354492,27.65999984741211,28.469999313354492,15.968505859375,1633500,0.0,0.0
2008-03-25,28.469999313354492,29.06999969482422,28.200000762939453,28.81999969482422,16.16481590270996,2123700,0.0,0.0
2008-03-26,28.600000381469727,28.68000030517578,27.639999389648438,28.059999465942383,15.73854923248291,1739400,0.0,0.0
2008-03-27,28.31999969482422,28.670000076293945,28.020000457763672,28.200000762939453,15.817068099975586,1569800,0.0,0.0
2008-03-28,28.149999618530273,28.540000915527344,28.06999969482422,28.170000076293945,15.800240516662598,1555200,0.0,0.0
2008-03-31,28.329999923706055,28.469999313354492,27.729999542236328,27.899999618530273,15.648802757263184,1628400,0.0,0.0
2008-04-01,28.149999618530273,29.299999237060547,28.149999618530273,29.270000457763672,16.4172306060791,2066300,0.0,0.0
2008-04-02,29.170000076293945,29.719999313354492,29.06999969482422,29.549999237060547,16.57426643371582,2243000,0.0,0.0
2008-04-03,29.309999465942383,30.360000610351562,29.1200008392334,30.1299991607666,16.899587631225586,2443900,0.0,0.0
2008-04-04,30.25,30.799999237060547,29.979999542236328,30.329999923706055,17.011756896972656,1425000,0.0,0.0
2008-04-07,30.610000610351562,30.760000228881836,29.979999542236328,30.270000457763672,16.978103637695312,1535700,0.0,0.0
2008-04-08,29.969999313354492,30.100000381469727,29.489999771118164,29.75,16.686450958251953,1751900,0.0,0.0
2008-04-09,29.940000534057617,29.979999542236328,29.329999923706055,29.3700008392334,16.47330665588379,1185100,0.0,0.0
2008-04-10,29.25,30.59000015258789,29.170000076293945,30.389999389648438,17.04541778564453,2213600,0.0,0.0
2008-04-11,30.260000228881836,30.479999542236328,29.420000076293945,29.690000534057617,16.652799606323242,1378500,0.0,0.0
2008-04-14,29.989999771118164,30.8799991607666,29.610000610351562,30.40999984741211,17.056636810302734,1920000,0.0,0.0
2008-04-15,30.670000076293945,30.670000076293945,30.0,30.190000534057617,16.933244705200195,1426600,0.0,0.0
2008-04-16,30.40999984741211,30.719999313354492,30.25,30.56999969482422,17.146377563476562,1689500,0.0,0.0
2008-04-17,30.489999771118164,30.84000015258789,30.219999313354492,30.690000534057617,17.21368408203125,1428300,0.0,0.0
2008-04-18,30.979999542236328,31.770000457763672,30.780000686645508,31.549999237060547,17.696043014526367,2461800,0.0,0.0
2008-04-21,32.79999923706055,35.06999969482422,32.5099983215332,34.650001525878906,19.43480682373047,8959400,0.0,0.0
2008-04-22,34.63999938964844,35.31999969482422,33.77000045776367,34.18000030517578,19.171180725097656,3073000,0.0,0.0
2008-04-23,34.25,34.25,33.619998931884766,33.90999984741211,19.01974105834961,2685500,0.0,0.0
2008-04-24,33.88999938964844,34.400001525878906,33.79999923706055,34.04999923706055,19.0982723236084,3758700,0.0,0.0
2008-04-25,34.18000030517578,35.04999923706055,33.86000061035156,34.9900016784668,19.625511169433594,2194400,0.0,0.0
2008-04-28,34.75,35.560001373291016,34.61000061035156,35.279998779296875,19.78816032409668,2747000,0.0,0.0
2008-04-29,35.15999984741211,35.9900016784668,35.0099983215332,35.779998779296875,20.183025360107422,2715900,0.2,0.0
2008-04-30,35.88999938964844,36.099998474121094,35.41999816894531,35.560001373291016,20.05891990661621,3586700,0.0,0.0
2008-05-01,35.58000183105469,36.20000076293945,35.5,36.130001068115234,20.380456924438477,3280100,0.0,0.0
2008-05-02,36.40999984741211,36.650001525878906,35.439998626708984,35.709999084472656,20.143543243408203,2374900,0.0,0.0
2008-05-05,35.79999923706055,35.93000030517578,35.29999923706055,35.65999984741211,20.115333557128906,3321600,0.0,0.0
2008-05-06,35.529998779296875,36.0,35.27000045776367,35.83000183105469,20.21122932434082,2761100,0.0,0.0
2008-05-07,35.849998474121094,36.0,34.720001220703125,34.81999969482422,19.641504287719727,3000400,0.0,0.0
2008-05-08,34.91999816894531,35.439998626708984,34.290000915527344,35.40999984741211,19.97430992126465,3308100,0.0,0.0
2008-05-09,34.97999954223633,35.66999816894531,34.709999084472656,35.58000183105469,20.07020378112793,2348000,0.0,0.0
2008-05-12,35.59000015258789,36.16999816894531,35.380001068115234,36.119998931884766,20.374807357788086,2478500,0.0,0.0
2008-05-13,36.31999969482422,37.13999938964844,36.16999816894531,36.93000030517578,20.831724166870117,3135000,0.0,0.0
2008-05-14,37.119998931884766,37.349998474121094,36.5,36.59000015258789,20.639934539794922,2646700,0.0,0.0
2008-05-15,36.63999938964844,37.29999923706055,36.45000076293945,37.189998626708984,20.9783935546875,1916000,0.0,0.0
2008-05-16,37.11000061035156,37.189998626708984,35.56999969482422,36.2599983215332,20.453781127929688,2542800,0.0,0.0
2008-05-19,36.220001220703125,36.380001068115234,35.4900016784668,35.599998474121094,20.08148765563965,2325100,0.0,0.0
2008-05-20,35.36000061035156,35.470001220703125,35.09000015258789,35.31999969482422,19.923540115356445,1938100,0.0,0.0
2008-05-21,35.349998474121094,35.599998474121094,34.06999969482422,34.43000030517578,19.421510696411133,2499400,0.0,0.0
2008-05-22,34.40999984741211,35.02000045776367,34.20000076293945,34.36000061035156,19.38201904296875,2242100,0.0,0.0
2008-05-23,34.18000030517578,34.540000915527344,33.84000015258789,34.310001373291016,19.353818893432617,1325500,0.0,0.0
2008-05-27,34.369998931884766,35.11000061035156,34.279998779296875,34.880001068115234,19.675352096557617,2259300,0.0,0.0
2008-05-28,35.029998779296875,35.310001373291016,34.81999969482422,34.970001220703125,19.726112365722656,1749600,0.0,0.0
2008-05-29,34.849998474121094,35.84000015258789,34.7599983215332,35.70000076293945,20.13789176940918,2858900,0.0,0.0
2008-05-30,35.58000183105469,36.27000045776367,35.41999816894531,36.2400016784668,20.442501068115234,2829600,0.0,0.0
2008-06-02,36.33000183105469,36.36000061035156,35.75,36.18000030517578,20.408655166625977,2370100,0.0,0.0
2008-06-03,36.400001525878906,37.2400016784668,36.25,37.04999923706055,20.899410247802734,3503600,0.0,0.0
2008-06-04,37.04999923706055,39.45000076293945,36.810001373291016,38.79999923706055,21.88656234741211,5134100,0.0,0.0
2008-06-05,38.7400016784668,39.29999923706055,38.29999923706055,39.290000915527344,22.162965774536133,3152400,0.0,0.0
2008-06-06,39.060001373291016,39.08000183105469,37.27000045776367,37.5099983215332,21.158897399902344,2716300,0.0,0.0
2008-06-09,37.790000915527344,38.599998474121094,37.439998626708984,38.439998626708984,21.68349838256836,1877800,0.0,0.0
2008-06-10,38.20000076293945,39.630001068115234,37.959999084472656,39.08000183105469,22.044506072998047,2850100,0.0,0.0
2008-06-11,38.880001068115234,39.0,37.34000015258789,37.459999084472656,21.13068962097168,2476200,0.0,0.0
2008-06-12,37.88999938964844,38.7400016784668,37.68000030517578,37.86000061035156,21.356325149536133,1231000,0.0,0.0
2008-06-13,38.189998626708984,39.56999969482422,37.7400016784668,39.0,21.99938201904297,1745700,0.0,0.0
2008-06-16,38.72999954223633,39.380001068115234,38.16999816894531,39.25,22.140398025512695,1318200,0.0,0.0
2008-06-17,39.400001525878906,39.470001220703125,38.540000915527344,38.880001068115234,21.93169593811035,2059000,0.0,0.0
2008-06-18,38.66999816894531,38.709999084472656,37.65999984741211,37.810001373291016,21.3281192779541,1779800,0.0,0.0
2008-06-19,37.66999816894531,38.33000183105469,37.599998474121094,38.0,21.43529510498047,1369500,0.0,0.0
2008-06-20,38.0,38.0,37.060001373291016,37.189998626708984,20.9783935546875,2291300,0.0,0.0
2008-06-23,37.439998626708984,37.599998474121094,36.83000183105469,36.93000030517578,20.831724166870117,1616200,0.0,0.0
2008-06-24,36.790000915527344,38.029998779296875,36.619998931884766,37.40999984741211,21.102489471435547,1967700,0.0,0.0
2008-06-25,37.709999084472656,38.83000183105469,37.599998474121094,38.22999954223633,21.565034866333008,2861900,0.0,0.0
2008-06-26,37.7400016784668,37.86000061035156,36.70000076293945,36.7400016784668,20.724552154541016,1993000,0.0,0.0
2008-06-27,36.970001220703125,36.970001220703125,34.77000045776367,35.13999938964844,19.82200813293457,4840700,0.0,0.0
2008-06-30,34.58000183105469,36.279998779296875,34.58000183105469,35.720001220703125,20.1491756439209,3643400,0.0,0.0
2008-07-01,35.58000183105469,35.970001220703125,34.59000015258789,35.36000061035156,19.94611358642578,2763700,0.0,0.0
2008-07-02,35.41999816894531,35.810001373291016,34.43000030517578,34.47999954223633,19.44971466064453,3155100,0.0,0.0
2008-07-03,34.939998626708984,35.34000015258789,34.310001373291016,34.88999938964844,19.680992126464844,1158200,0.0,0.0
2008-07-07,35.130001068115234,35.70000076293945,34.4900016784668,34.779998779296875,19.618940353393555,2352600,0.0,0.0
2008-07-08,34.93000030517578,35.86000061035156,34.439998626708984,35.849998474121094,20.22250747680664,1561400,0.0,0.0
2008-07-09,35.65999984741211,36.13999938964844,34.41999816894531,34.43000030517578,19.421510696411133,2500100,0.0,0.0
2008-07-10,34.02000045776367,34.849998474121094,33.75,34.209999084472656,19.297405242919922,2264900,0.0,0.0
2008-07-11,34.0,35.22999954223633,33.72999954223633,34.849998474121094,19.65842628479004,2418700,0.0,0.0
2008-07-14,35.09000015258789,35.380001068115234,34.560001373291016,34.970001220703125,19.726112365722656,2170600,0.0,0.0
2008-07-15,34.619998931884766,38.040000915527344,34.279998779296875,37.04999923706055,20.899410247802734,4451800,0.0,0.0
2008-07-16,36.84000015258789,36.95000076293945,35.7599983215332,36.380001068115234,20.521472930908203,3826200,0.0,0.0
2008-07-17,36.650001525878906,38.130001068115234,36.18000030517578,37.9900016784668,21.429664611816406,2883800,0.0,0.0
2008-07-18,38.220001220703125,39.97999954223633,37.290000915527344,37.9900016784668,21.429664611816406,3791400,0.0,0.0
2008-07-21,38.68000030517578,38.68000030517578,35.86000061035156,37.349998474121094,21.068641662597656,5063300,0.0,0.0
2008-07-22,37.27000045776367,38.9900016784668,36.849998474121094,38.72999954223633,21.84708023071289,3714600,0.0,0.0
2008-07-23,38.70000076293945,40.27000045776367,38.25,39.81999969482422,22.461933135986328,3611500,0.0,0.0
2008-07-24,39.75,40.47999954223633,39.099998474121094,39.849998474121094,22.478851318359375,2746200,0.0,0.0
2008-07-25,39.97999954223633,41.349998474121094,39.880001068115234,40.40999984741211,22.794740676879883,3837800,0.0,0.0
2008-07-28,38.560001373291016,39.560001373291016,37.95000076293945,38.150001525878906,21.519912719726562,3417800,0.0,0.0
2008-07-29,38.220001220703125,39.619998931884766,37.54999923706055,39.4900016784668,22.275785446166992,2630700,0.0,0.0
2008-07-30,39.31999969482422,40.459999084472656,39.22999954223633,39.630001068115234,22.468547821044922,2637400,0.2,0.0
2008-07-31,39.65999984741211,40.040000915527344,38.599998474121094,38.720001220703125,21.952625274658203,2848400,0.0,0.0
2008-08-01,39.02000045776367,39.150001525878906,38.0,38.7599983215332,21.97530174255371,1772400,0.0,0.0
2008-08-04,38.540000915527344,38.689998626708984,37.529998779296875,38.04999923706055,21.572765350341797,1978300,0.0,0.0
2008-08-05,38.189998626708984,40.18000030517578,38.189998626708984,40.18000030517578,22.780380249023438,2520200,0.0,0.0
2008-08-06,40.11000061035156,40.11000061035156,39.400001525878906,39.939998626708984,22.64430809020996,1866800,0.0,0.0
2008-08-07,39.61000061035156,39.61000061035156,38.2599983215332,38.70000076293945,21.941282272338867,2145000,0.0,0.0
2008-08-08,39.13999938964844,40.869998931884766,38.75,40.79999923706055,23.13189697265625,1668000,0.0,0.0
2008-08-11,40.95000076293945,41.68000030517578,40.31999969482422,40.61000061035156,23.024173736572266,1953800,0.0,0.0
2008-08-12,40.7400016784668,41.15999984741211,39.90999984741211,40.38999938964844,22.89944076538086,1605400,0.0,0.0
2008-08-13,40.02000045776367,40.02000045776367,38.59000015258789,39.41999816894531,22.349502563476562,1368200,0.0,0.0
2008-08-14,38.970001220703125,39.7400016784668,38.959999084472656,39.560001373291016,22.42885971069336,1396000,0.0,0.0
2008-08-15,39.7400016784668,40.290000915527344,38.95000076293945,39.689998626708984,22.5025691986084,1181900,0.0,0.0
2008-08-18,39.72999954223633,40.0,38.349998474121094,38.4900016784668,21.822221755981445,1206900,0.0,0.0
2008-08-19,36.13999938964844,37.650001525878906,36.0,37.290000915527344,21.141874313354492,2167500,0.0,0.0
2008-08-20,37.33000183105469,37.59000015258789,36.65999984741211,37.0,20.97745132446289,1263300,0.0,0.0
2008-08-21,36.459999084472656,36.959999084472656,35.95000076293945,36.31999969482422,20.591920852661133,2423400,0.0,0.0
2008-08-22,36.5,36.880001068115234,36.02000045776367,36.619998931884766,20.762004852294922,1912400,0.0,0.0
2008-08-25,36.59000015258789,36.59000015258789,35.709999084472656,35.900001525878906,20.353796005249023,1516400,0.0,0.0
2008-08-26,35.91999816894531,35.91999816894531,35.2599983215332,35.68000030517578,20.229066848754883,1857900,0.0,0.0
2008-08-27,35.70000076293945,36.349998474121094,35.45000076293945,36.16999816894531,20.506872177124023,1503300,0.0,0.0
2008-08-28,36.5,37.06999969482422,36.16999816894531,36.810001373291016,20.869728088378906,1276500,0.0,0.0
2008-08-29,36.43000030517578,37.54999923706055,36.41999816894531,37.400001525878906,21.20424461364746,2250100,0.0,0.0
2008-09-02,37.63999938964844,38.93000030517578,37.43000030517578,38.02000045776367,21.555753707885742,3725700,0.0,0.0
2008-09-03,38.040000915527344,38.7400016784668,38.02000045776367,38.349998474121094,21.742841720581055,1835800,0.0,0.0
2008-09-04,38.22999954223633,38.29999923706055,37.119998931884766,37.119998931884766,21.045488357543945,1666800,0.0,0.0
2008-09-05,36.880001068115234,37.13999938964844,36.25,37.02000045776367,20.988798141479492,2213300,0.0,0.0
2008-09-08,37.93000030517578,38.130001068115234,37.34000015258789,38.099998474121094,21.601110458374023,2174300,0.0,0.0
2008-09-09,38.279998779296875,38.790000915527344,37.59000015258789,37.720001220703125,21.38566017150879,2575700,0.0,0.0
2008-09-10,38.279998779296875,38.88999938964844,37.7599983215332,38.439998626708984,21.793867111206055,2695000,0.0,0.0
2008-09-11,37.86000061035156,38.43000030517578,37.22999954223633,38.31999969482422,21.725839614868164,2373400,0.0,0.0
2008-09-12,37.86000061035156,38.25,37.45000076293945,37.880001068115234,21.476388931274414,1715200,0.0,0.0
2008-09-15,37.5099983215332,38.290000915527344,36.95000076293945,37.470001220703125,21.243921279907227,2734700,0.0,0.0
2008-09-16,36.540000915527344,38.47999954223633,33.22999954223633,38.11000061035156,21.60678482055664,3272500,0.0,0.0
2008-09-17,37.58000183105469,37.810001373291016,36.58000183105469,36.630001068115234,20.767690658569336,3201800,0.0,0.0
2008-09-18,37.40999984741211,37.880001068115234,35.08000183105469,36.970001220703125,20.9604434967041,4998800,0.0,0.0
2008-09-19,36.08000183105469,41.5,35.790000915527344,36.54999923706055,20.72232437133789,4627000,0.0,0.0
2008-09-22,36.220001220703125,37.9900016784668,36.18000030517578,36.2599983215332,20.55790138244629,2039900,0.0,0.0
2008-09-23,36.650001525878906,36.91999816894531,36.130001068115234,36.279998779296875,20.569236755371094,1680100,0.0,0.0
2008-09-24,36.34000015258789,36.7400016784668,35.66999816894531,36.04999923706055,20.438844680786133,1482300,0.0,0.0
2008-09-25,36.279998779296875,37.29999923706055,35.810001373291016,36.02000045776367,20.42183494567871,2108100,0.0,0.0
2008-09-26,35.470001220703125,35.97999954223633,35.04999923706055,35.65999984741211,20.217727661132812,1547200,0.0,0.0
2008-09-29,34.79999923706055,35.810001373291016,33.22999954223633,34.0,19.276575088500977,3056300,0.0,0.0
2008-09-30,34.119998931884766,35.279998779296875,33.22999954223633,34.720001220703125,19.68478775024414,2534700,0.0,0.0
2008-10-01,34.650001525878906,34.709999084472656,33.7599983215332,34.369998931884766,19.48635482788086,1484700,0.0,0.0
2008-10-02,34.310001373291016,34.33000183105469,32.470001220703125,32.849998474121094,18.62457847595215,2445300,0.0,0.0
2008-10-03,33.209999084472656,33.84000015258789,32.72999954223633,32.84000015258789,18.61890411376953,2421500,0.0,0.0
2008-10-06,32.11000061035156,32.7400016784668,30.56999969482422,31.719999313354492,17.983909606933594,2622400,0.0,0.0
2008-10-07,31.93000030517578,32.310001373291016,30.5,30.510000228881836,17.297893524169922,3127600,0.0,0.0
2008-10-08,30.739999771118164,33.470001220703125,30.049999237060547,31.799999237060547,18.02926254272461,4744000,0.0,0.0
2008-10-09,30.959999084472656,31.799999237060547,28.329999923706055,28.739999771118164,16.294374465942383,4895700,0.0,0.0
2008-10-10,27.6299991607666,30.84000015258789,27.020000457763672,30.0,17.00874137878418,4793700,0.0,0.0
2008-10-13,30.600000381469727,31.0,30.010000228881836,31.0,17.575708389282227,2798400,0.0,0.0
2008-10-14,35.0,35.0,29.110000610351562,29.979999542236328,16.997404098510742,2831200,0.0,0.0
2008-10-15,29.540000915527344,30.110000610351562,28.100000381469727,28.5,16.158306121826172,2207300,0.0,0.0
2008-10-16,28.43000030517578,30.190000534057617,27.959999084472656,30.09000015258789,17.05977439880371,3912400,0.0,0.0
2008-10-17,29.899999618530273,31.049999237060547,29.34000015258789,30.1200008392334,17.0767822265625,2646500,0.0,0.0
2008-10-20,31.0,31.0,27.3700008392334,28.8700008392334,16.368087768554688,3680700,0.0,0.0
2008-10-21,28.290000915527344,29.68000030517578,28.170000076293945,29.200000762939453,16.5551815032959,3299800,0.0,0.0
2008-10-22,28.799999237060547,28.799999237060547,26.309999465942383,26.969999313354492,15.290861129760742,3353200,0.0,0.0
2008-10-23,27.010000228881836,27.34000015258789,25.6200008392334,27.170000076293945,15.404260635375977,3048600,0.0,0.0
2008-10-24,25.110000610351562,26.690000534057617,25.040000915527344,26.110000610351562,14.803279876708984,2335500,0.0,0.0
2008-10-27,25.860000610351562,26.639999389648438,25.239999771118164,25.950000762939453,14.712562561035156,1945400,0.0,0.0
2008-10-28,26.280000686645508,28.479999542236328,24.850000381469727,28.479999542236328,16.146968841552734,2933700,0.0,0.0
2008-10-29,28.5,29.8799991607666,27.899999618530273,28.829999923706055,16.34540367126465,2276500,0.0,0.0
2008-10-30,29.280000686645508,29.530000686645508,26.969999313354492,28.260000228881836,16.134166717529297,3668000,0.2,0.0
2008-10-31,27.709999084472656,29.600000381469727,27.709999084472656,29.09000015258789,16.608022689819336,2726700,0.0,0.0
2008-11-03,29.200000762939453,29.40999984741211,26.950000762939453,27.1200008392334,15.483315467834473,2910600,0.0,0.0
2008-11-04,27.31999969482422,28.309999465942383,26.940000534057617,28.239999771118164,16.12274742126465,2606300,0.0,0.0
2008-11-05,27.84000015258789,28.610000610351562,27.790000915527344,28.100000381469727,16.042816162109375,2389000,0.0,0.0
2008-11-06,27.989999771118164,28.239999771118164,27.469999313354492,27.790000915527344,15.865826606750488,2648400,0.0,0.0
2008-11-07,28.040000915527344,28.1299991607666,27.0,27.729999542236328,15.831571578979492,1797900,0.0,0.0
2008-11-10,28.06999969482422,28.280000686645508,26.489999771118164,26.84000015258789,15.323460578918457,2208700,0.0,0.0
2008-11-11,26.3799991607666,27.030000686645508,25.6200008392334,26.389999389648438,15.066549301147461,1659200,0.0,0.0
2008-11-12,25.90999984741211,26.040000915527344,24.950000762939453,25.059999465942383,14.30722427368164,2224300,0.0,0.0
2008-11-13,24.950000762939453,27.450000762939453,24.65999984741211,27.399999618530273,15.643170356750488,4145000,0.0,0.0
2008-11-14,27.389999389648438,27.950000762939453,26.5,26.940000534057617,15.380545616149902,2631500,0.0,0.0
2008-11-17,26.209999084472656,26.329999923706055,25.0,25.059999465942383,14.30722427368164,2016300,0.0,0.0
2008-11-18,25.43000030517578,25.510000228881836,24.1299991607666,24.860000610351562,14.193034172058105,2209100,0.0,0.0
2008-11-19,24.6200008392334,24.850000381469727,22.899999618530273,23.100000381469727,13.188222885131836,2845300,0.0,0.0
2008-11-20,23.059999465942383,24.100000381469727,22.219999313354492,22.530000686645508,12.862798690795898,2925200,0.0,0.0
2008-11-21,22.770000457763672,24.510000228881836,21.940000534057617,24.440000534057617,13.953256607055664,3238500,0.0,0.0
2008-11-24,24.729999542236328,26.5,24.350000381469727,26.1200008392334,14.912395477294922,2326300,0.0,0.0
2008-11-25,26.610000610351562,27.149999618530273,25.079999923706055,26.170000076293945,14.940943717956543,2287900,0.0,0.0
2008-11-26,25.5,27.43000030517578,25.3799991607666,27.290000915527344,15.580373764038086,2171100,0.0,0.0
2008-11-28,27.190000534057617,27.399999618530273,26.5,26.799999237060547,15.300623893737793,834700,0.0,0.0
2008-12-01,26.43000030517578,26.600000381469727,25.5,25.5,14.558430671691895,2247700,0.0,0.0
2008-12-02,25.75,26.40999984741211,25.110000610351562,26.40999984741211,15.077964782714844,2110400,0.0,0.0
2008-12-03,25.93000030517578,27.290000915527344,25.75,27.110000610351562,15.477606773376465,1796400,0.0,0.0
2008-12-04,26.579999923706055,27.649999618530273,26.489999771118164,26.969999313354492,15.39767837524414,1598000,0.0,0.0
2008-12-05,26.459999084472656,28.030000686645508,26.34000015258789,27.84000015258789,15.89437484741211,1796100,0.0,0.0
2008-12-08,28.309999465942383,29.079999923706055,27.149999618530273,28.610000610351562,16.333982467651367,2126100,0.0,0.0
2008-12-09,28.3700008392334,28.8799991607666,28.0,28.06999969482422,16.025686264038086,1562000,0.0,0.0
2008-12-10,28.1299991607666,28.5,27.690000534057617,28.06999969482422,16.025686264038086,1469200,0.0,0.0
2008-12-11,28.270000457763672,28.350000381469727,27.15999984741211,27.3700008392334,15.626044273376465,1524200,0.0,0.0
2008-12-12,27.0,27.350000381469727,26.549999237060547,27.040000915527344,15.43764591217041,1594700,0.0,0.0
2008-12-15,27.360000610351562,27.559999465942383,26.690000534057617,27.309999465942383,15.591793060302734,1876300,0.0,0.0
2008-12-16,27.40999984741211,28.950000762939453,27.260000228881836,28.8700008392334,16.4824275970459,2688700,0.0,0.0
2008-12-17,29.0,29.540000915527344,28.350000381469727,28.959999084472656,16.533802032470703,1881600,0.0,0.0
2008-12-18,29.489999771118164,29.59000015258789,28.219999313354492,28.6299991607666,16.345401763916016,1816300,0.0,0.0
2008-12-19,28.93000030517578,29.59000015258789,28.489999771118164,29.170000076293945,16.653705596923828,2285100,0.0,0.0
2008-12-22,29.170000076293945,29.459999084472656,28.399999618530273,28.809999465942383,16.448163986206055,2349600,0.0,0.0
2008-12-23,28.6200008392334,29.690000534057617,28.459999084472656,28.989999771118164,16.550931930541992,1672300,0.0,0.0
2008-12-24,29.5,29.670000076293945,28.8799991607666,29.1299991607666,16.6308650970459,472300,0.0,0.0
2008-12-26,29.030000686645508,29.299999237060547,28.719999313354492,29.040000915527344,16.579479217529297,515200,0.0,0.0
2008-12-29,29.010000228881836,29.18000030517578,28.100000381469727,28.299999237060547,16.156993865966797,1683000,0.0,0.0
2008-12-30,28.389999389648438,29.040000915527344,28.139999389648438,29.020000457763672,16.568058013916016,1677200,0.0,0.0
2008-12-31,29.09000015258789,29.31999969482422,28.81999969482422,29.170000076293945,16.653705596923828,1314800,0.0,0.0
2009-01-02,29.360000610351562,29.90999984741211,28.709999084472656,29.600000381469727,16.89919090270996,1253400,0.0,0.0
2009-01-05,29.639999389648438,29.739999771118164,28.81999969482422,29.420000076293945,16.796422958374023,1887500,0.0,0.0
2009-01-06,29.43000030517578,29.690000534057617,28.670000076293945,29.280000686645508,16.71649932861328,2099100,0.0,0.0
2009-01-07,28.639999389648438,29.739999771118164,28.420000076293945,29.610000610351562,16.904905319213867,3111700,0.0,0.0
2009-01-08,29.31999969482422,29.440000534057617,28.049999237060547,28.899999618530273,16.49955177307129,2623200,0.0,0.0
2009-01-09,28.850000381469727,28.850000381469727,27.850000381469727,27.979999542236328,15.974306106567383,1683200,0.0,0.0
2009-01-12,27.90999984741211,28.139999389648438,26.989999771118164,27.200000762939453,15.528989791870117,2014300,0.0,0.0
2009-01-13,27.110000610351562,27.459999084472656,26.549999237060547,26.989999771118164,15.40909481048584,2181800,0.0,0.0
2009-01-14,26.690000534057617,26.739999771118164,26.059999465942383,26.469999313354492,15.112215042114258,1761500,0.0,0.0
2009-01-15,26.350000381469727,27.1299991607666,25.950000762939453,26.850000381469727,15.329169273376465,1743400,0.0,0.0
2009-01-16,27.049999237060547,27.09000015258789,26.329999923706055,26.889999389648438,15.352006912231445,1464000,0.0,0.0
2009-01-20,26.559999465942383,26.950000762939453,25.799999237060547,25.84000015258789,14.752537727355957,1938200,0.0,0.0
2009-01-21,26.06999969482422,26.959999084472656,25.790000915527344,26.950000762939453,15.386258125305176,2419700,0.0,0.0
2009-01-22,26.3799991607666,26.56999969482422,25.75,26.190000534057617,14.952361106872559,1904500,0.0,0.0
2009-01-23,25.709999084472656,26.25,25.479999542236328,25.84000015258789,14.752537727355957,1332900,0.0,0.0
2009-01-26,25.920000076293945,26.479999542236328,25.459999084472656,25.940000534057617,14.80963134765625,1128400,0.0,0.0
2009-01-27,25.959999084472656,26.309999465942383,25.700000762939453,26.059999465942383,14.878137588500977,1101200,0.0,0.0
2009-01-28,26.209999084472656,26.670000076293945,26.059999465942383,26.6200008392334,15.197857856750488,1332700,0.0,0.0
2009-01-29,26.1299991607666,26.530000686645508,25.290000915527344,25.5,14.558430671691895,1665800,0.0,0.0
2009-01-30,25.520000457763672,25.520000457763672,24.030000686645508,24.1299991607666,13.885177612304688,2414300,0.2,0.0
2009-02-02,22.469999313354492,22.549999237060547,21.68000030517578,21.93000030517578,12.619223594665527,6743000,0.0,0.0
2009-02-03,22.010000228881836,22.68000030517578,21.700000762939453,22.540000915527344,12.970233917236328,2746700,0.0,0.0
2009-02-04,22.40999984741211,22.719999313354492,21.899999618530273,22.59000015258789,12.999006271362305,1881100,0.0,0.0
2009-02-05,22.540000915527344,23.56999969482422,22.389999389648438,23.31999969482422,13.419076919555664,4561000,0.0,0.0
2009-02-06,23.200000762939453,23.770000457763672,23.010000228881836,23.540000915527344,13.545668601989746,2859600,0.0,0.0
2009-02-09,23.56999969482422,25.489999771118164,23.56999969482422,25.06999969482422,14.426074028015137,5320800,0.0,0.0
2009-02-10,24.790000915527344,25.1200008392334,24.15999984741211,24.229999542236328,13.94271469116211,3590100,0.0,0.0
2009-02-11,24.18000030517578,24.309999465942383,23.920000076293945,24.170000076293945,13.908191680908203,2872400,0.0,0.0
2009-02-12,23.84000015258789,24.149999618530273,23.18000030517578,24.010000228881836,13.816119194030762,3410700,0.0,0.0
2009-02-13,24.049999237060547,24.360000610351562,23.739999771118164,23.799999237060547,13.695279121398926,2154700,0.0,0.0
2009-02-17,23.469999313354492,23.850000381469727,21.68000030517578,23.510000228881836,13.528402328491211,3163800,0.0,0.0
2009-02-18,23.700000762939453,23.700000762939453,23.020000457763672,23.329999923706055,13.424821853637695,2935600,0.0,0.0
2009-02-19,23.459999084472656,24.030000686645508,23.010000228881836,23.1299991607666,13.309736251831055,3623700,0.0,0.0
2009-02-20,23.0,23.549999237060547,22.799999237060547,23.200000762939453,13.350018501281738,5298400,0.0,0.0
2009-02-23,23.200000762939453,23.350000381469727,22.40999984741211,22.5,12.947224617004395,3189800,0.0,0.0
2009-02-24,22.709999084472656,23.040000915527344,22.360000610351562,22.8700008392334,13.160130500793457,3616300,0.0,0.0
2009-02-25,22.729999542236328,23.450000762939453,22.170000076293945,22.989999771118164,13.229181289672852,4359600,0.0,0.0
2009-02-26,23.1299991607666,23.469999313354492,22.469999313354492,22.579999923706055,12.99324893951416,2849000,0.0,0.0
2009-02-27,22.31999969482422,23.530000686645508,22.1200008392334,22.889999389648438,13.171635627746582,3298900,0.0,0.0
2009-03-02,22.739999771118164,23.0,22.329999923706055,22.510000228881836,12.952970504760742,3455900,0.0,0.0
2009-03-03,22.799999237060547,22.969999313354492,22.1200008392334,22.239999771118164,12.797607421875,5406600,0.0,0.0
2009-03-04,22.579999923706055,22.809999465942383,21.600000381469727,22.420000076293945,12.9011812210083,4462200,0.0,0.0
2009-03-05,21.979999542236328,22.56999969482422,21.790000915527344,22.0,12.659502029418945,5132600,0.0,0.0
2009-03-06,21.940000534057617,22.360000610351562,21.43000030517578,22.06999969482422,12.699786186218262,3479300,0.0,0.0
2009-03-09,21.920000076293945,22.1200008392334,21.139999389648438,21.31999969482422,12.268205642700195,2772900,0.0,0.0
2009-03-10,21.59000015258789,22.440000534057617,21.31999969482422,22.350000381469727,12.860906600952148,2676500,0.0,0.0
2009-03-11,22.31999969482422,22.6299991607666,21.899999618530273,22.059999465942383,12.694034576416016,2506300,0.0,0.0
2009-03-12,21.979999542236328,23.18000030517578,21.84000015258789,23.079999923706055,13.28097152709961,2145100,0.0,0.0
2009-03-13,23.209999084472656,23.399999618530273,22.8799991607666,23.25,13.37878704071045,1957300,0.0,0.0
2009-03-16,23.40999984741211,23.459999084472656,22.700000762939453,22.780000686645508,13.108341217041016,2430100,0.0,0.0
2009-03-17,22.719999313354492,23.190000534057617,22.489999771118164,23.190000534057617,13.344265937805176,1939000,0.0,0.0
2009-03-18,23.329999923706055,23.940000534057617,22.8700008392334,23.700000762939453,13.63773250579834,2748500,0.0,0.0
2009-03-19,23.860000610351562,23.860000610351562,23.270000457763672,23.700000762939453,13.63773250579834,1619800,0.0,0.0
2009-03-20,23.709999084472656,23.950000762939453,23.190000534057617,23.299999237060547,13.407565116882324,1973200,0.0,0.0
2009-03-23,23.40999984741211,23.809999465942383,23.170000076293945,23.790000915527344,13.689522743225098,2306400,0.0,0.0
2009-03-24,23.459999084472656,23.700000762939453,22.8700008392334,22.920000076293945,13.188902854919434,2727400,0.0,0.0
2009-03-25,23.09000015258789,24.329999923706055,23.09000015258789,24.059999465942383,13.844893455505371,2839300,0.0,0.0
2009-03-26,24.25,25.559999465942383,24.139999389648438,25.260000228881836,14.53541374206543,3335700,0.0,0.0
2009-03-27,25.1299991607666,25.75,25.1299991607666,25.459999084472656,14.650492668151855,2385800,0.0,0.0
2009-03-30,24.8700008392334,25.329999923706055,24.290000915527344,24.93000030517578,14.3455228805542,3388600,0.0,0.0
2009-03-31,25.479999542236328,25.56999969482422,24.75,25.06999969482422,14.426074028015137,2333100,0.0,0.0
2009-04-01,24.93000030517578,25.350000381469727,24.760000228881836,25.239999771118164,14.523900985717773,2185200,0.0,0.0
2009-04-02,25.450000762939453,26.889999389648438,25.450000762939453,26.3700008392334,15.17414379119873,2393500,0.0,0.0
2009-04-03,26.489999771118164,26.739999771118164,26.09000015258789,26.739999771118164,15.387051582336426,1817200,0.0,0.0
2009-04-06,26.6200008392334,26.950000762939453,26.25,26.829999923706055,15.43883991241455,1650800,0.0,0.0
2009-04-07,26.520000457763672,26.700000762939453,25.610000610351562,25.690000534057617,14.782843589782715,1380300,0.0,0.0
2009-04-08,25.65999984741211,26.299999237060547,25.65999984741211,26.110000610351562,15.024530410766602,1986900,0.0,0.0
2009-04-09,26.549999237060547,26.860000610351562,26.270000457763672,26.860000610351562,15.456101417541504,1257900,0.0,0.0
2009-04-13,26.780000686645508,26.84000015258789,26.329999923706055,26.690000534057617,15.358274459838867,915400,0.0,0.0
2009-04-14,26.31999969482422,26.5,25.6299991607666,25.690000534057617,14.782843589782715,1732000,0.0,0.0
2009-04-15,25.690000534057617,26.1200008392334,25.260000228881836,25.549999237060547,14.702280044555664,1508000,0.0,0.0
2009-04-16,25.770000457763672,26.389999389648438,25.559999465942383,26.190000534057617,15.070563316345215,2055700,0.0,0.0
2009-04-17,26.389999389648438,28.020000457763672,26.34000015258789,27.90999984741211,16.06031036376953,3413800,0.0,0.0
2009-04-20,27.489999771118164,29.229999542236328,26.809999465942383,27.15999984741211,15.6287260055542,3410800,0.0,0.0
2009-04-21,26.329999923706055,26.600000381469727,26.010000228881836,26.459999084472656,15.225930213928223,3380700,0.0,0.0
2009-04-22,26.530000686645508,28.260000228881836,26.420000076293945,27.68000030517578,15.927953720092773,3578600,0.0,0.0
2009-04-23,27.670000076293945,27.690000534057617,26.809999465942383,27.3700008392334,15.749578475952148,1977000,0.0,0.0
2009-04-24,27.639999389648438,28.25,27.350000381469727,27.75,15.96823501586914,1402600,0.0,0.0
2009-04-27,27.56999969482422,27.940000534057617,27.170000076293945,27.399999618530273,15.76683235168457,1752700,0.0,0.0
2009-04-28,27.1299991607666,28.1200008392334,27.0,27.709999084472656,15.945221900939941,1479800,0.0,0.0
2009-04-29,27.790000915527344,28.93000030517578,27.739999771118164,28.59000015258789,16.571203231811523,1735800,0.2,0.0
2009-04-30,28.860000610351562,28.889999389648438,26.399999618530273,26.65999984741211,15.45254898071289,4806600,0.0,0.0
2009-05-01,26.6200008392334,27.059999465942383,25.829999923706055,26.850000381469727,15.562673568725586,4400400,0.0,0.0
2009-05-04,27.0,27.8700008392334,26.8700008392334,27.84000015258789,16.136491775512695,3812100,0.0,0.0
2009-05-05,27.799999237060547,28.670000076293945,27.510000228881836,28.559999465942383,16.553817749023438,2799100,0.0,0.0
2009-05-06,28.6200008392334,29.059999465942383,27.459999084472656,27.780000686645508,16.101716995239258,2330000,0.0,0.0
2009-05-07,28.059999465942383,28.170000076293945,26.270000457763672,26.479999542236328,15.348215103149414,3343300,0.0,0.0
2009-05-08,26.56999969482422,26.899999618530273,25.649999618530273,26.059999465942383,15.104781150817871,3020500,0.0,0.0
2009-05-11,25.6299991607666,25.90999984741211,25.1299991607666,25.40999984741211,14.728025436401367,2696800,0.0,0.0
2009-05-12,25.59000015258789,25.610000610351562,24.600000381469727,24.829999923706055,14.391847610473633,2185200,0.0,0.0
2009-05-13,24.59000015258789,24.649999618530273,23.389999389648438,23.5,13.620959281921387,3589300,0.0,0.0
2009-05-14,23.68000030517578,24.059999465942383,23.030000686645508,23.1200008392334,13.400705337524414,2606000,0.0,0.0
2009-05-15,23.040000915527344,23.34000015258789,22.459999084472656,22.93000030517578,13.290583610534668,4785200,0.0,0.0
2009-05-18,23.1299991607666,23.90999984741211,23.030000686645508,23.90999984741211,13.858599662780762,3342100,0.0,0.0
2009-05-19,24.059999465942383,24.260000228881836,23.520000457763672,24.010000228881836,13.916563987731934,2239100,0.0,0.0
2009-05-20,24.1200008392334,24.440000534057617,23.329999923706055,23.450000762939453,13.591985702514648,2480100,0.0,0.0
2009-05-21,23.170000076293945,23.190000534057617,22.270000457763672,22.579999923706055,13.087715148925781,2563300,0.0,0.0
2009-05-22,23.049999237060547,23.5,22.579999923706055,22.739999771118164,13.180448532104492,2116100,0.0,0.0
2009-05-26,22.65999984741211,23.8700008392334,22.65999984741211,23.579999923706055,13.667329788208008,3039200,0.0,0.0
2009-05-27,23.729999542236328,23.729999542236328,23.049999237060547,23.170000076293945,13.429682731628418,3658000,0.0,0.0
2009-05-28,23.5,23.90999984741211,22.979999542236328,23.760000228881836,13.771661758422852,3686100,0.0,0.0
2009-05-29,23.809999465942383,25.40999984741211,23.760000228881836,25.40999984741211,14.728025436401367,4583800,0.0,0.0
2009-06-01,25.549999237060547,26.290000915527344,25.43000030517578,26.020000457763672,15.081587791442871,4312300,0.0,0.0
2009-06-02,26.200000762939453,26.489999771118164,25.770000457763672,26.010000228881836,15.075793266296387,2789600,0.0,0.0
2009-06-03,26.260000228881836,26.260000228881836,25.170000076293945,25.549999237060547,14.809168815612793,3170300,0.0,0.0
2009-06-04,25.809999465942383,25.809999465942383,24.950000762939453,25.649999618530273,14.86713695526123,2733500,0.0,0.0
2009-06-05,25.899999618530273,25.899999618530273,25.15999984741211,25.399999618530273,14.7222318649292,2411000,0.0,0.0
2009-06-08,25.489999771118164,25.510000228881836,24.920000076293945,25.3700008392334,14.704842567443848,2546200,0.0,0.0
2009-06-09,25.5,25.59000015258789,25.059999465942383,25.450000762939453,14.751214027404785,2226700,0.0,0.0
2009-06-10,25.649999618530273,26.520000457763672,25.450000762939453,25.989999771118164,15.06419563293457,4205100,0.0,0.0
2009-06-11,26.059999465942383,26.389999389648438,25.8700008392334,26.030000686645508,15.087389945983887,2403800,0.0,0.0
2009-06-12,25.489999771118164,25.649999618530273,24.739999771118164,25.09000015258789,14.542552947998047,3272700,0.0,0.0
2009-06-15,25.079999923706055,25.329999923706055,24.40999984741211,24.639999389648438,14.281721115112305,2734900,0.0,0.0
2009-06-16,24.920000076293945,25.040000915527344,24.280000686645508,24.280000686645508,14.07305908203125,2062800,0.0,0.0
2009-06-17,24.389999389648438,25.1299991607666,24.280000686645508,24.799999237060547,14.374457359313965,2227900,0.0,0.0
2009-06-18,24.8700008392334,25.09000015258789,24.610000610351562,24.770000457763672,14.357071876525879,1492300,0.0,0.0
2009-06-19,25.420000076293945,25.459999084472656,25.010000228881836,25.139999389648438,14.571534156799316,2265500,0.0,0.0
2009-06-22,25.0,25.059999465942383,24.299999237060547,24.299999237060547,14.084648132324219,2377900,0.0,0.0
2009-06-23,24.549999237060547,24.549999237060547,23.75,23.969999313354492,13.893376350402832,2585200,0.0,0.0
2009-06-24,24.110000610351562,24.450000762939453,23.59000015258789,23.770000457763672,13.777460098266602,2019200,0.0,0.0
2009-06-25,23.799999237060547,24.479999542236328,23.530000686645508,24.399999618530273,14.14261245727539,2100400,0.0,0.0
2009-06-26,24.469999313354492,24.75,24.170000076293945,24.469999313354492,14.183185577392578,2133500,0.0,0.0
2009-06-29,24.6299991607666,24.760000228881836,23.90999984741211,24.469999313354492,14.183185577392578,3039000,0.0,0.0
2009-06-30,24.6200008392334,24.760000228881836,24.09000015258789,24.239999771118164,14.049878120422363,2264400,0.0,0.0
2009-07-01,24.399999618530273,24.790000915527344,24.260000228881836,24.6299991607666,14.275931358337402,1518500,0.0,0.0
2009-07-02,24.440000534057617,24.6299991607666,23.8700008392334,23.8799991607666,13.841204643249512,2073800,0.0,0.0
2009-07-06,23.780000686645508,24.0,23.270000457763672,23.56999969482422,13.661531448364258,2090700,0.0,0.0
2009-07-07,23.459999084472656,23.520000457763672,23.0,23.040000915527344,13.35433578491211,1577200,0.0,0.0
2009-07-08,23.0,23.219999313354492,22.790000915527344,23.170000076293945,13.429682731628418,2035600,0.0,0.0
2009-07-09,23.309999465942383,23.3700008392334,22.920000076293945,23.170000076293945,13.429682731628418,2009400,0.0,0.0
2009-07-10,23.1200008392334,23.31999969482422,22.920000076293945,23.190000534057617,13.441285133361816,2014400,0.0,0.0
2009-07-13,23.260000228881836,23.790000915527344,22.920000076293945,23.690000534057617,13.731094360351562,2330800,0.0,0.0
2009-07-14,23.690000534057617,23.920000076293945,23.350000381469727,23.860000610351562,13.829619407653809,2167100,0.0,0.0
2009-07-15,24.079999923706055,24.530000686645508,23.899999618530273,24.489999771118164,14.194779396057129,1907900,0.0,0.0
2009-07-16,24.399999618530273,24.84000015258789,24.299999237060547,24.770000457763672,14.357071876525879,2053200,0.0,0.0
2009-07-17,24.899999618530273,25.600000381469727,24.899999618530273,25.3799991607666,14.710633277893066,3938400,0.0,0.0
2009-07-20,26.469999313354492,26.850000381469727,25.93000030517578,26.450000762939453,15.330825805664062,5697300,0.0,0.0
2009-07-21,26.450000762939453,26.770000457763672,25.93000030517578,26.3799991607666,15.29025936126709,2101400,0.0,0.0
2009-07-22,26.329999923706055,26.540000915527344,25.809999465942383,26.170000076293945,15.16853141784668,2294400,0.0,0.0
2009-07-23,26.149999618530273,26.610000610351562,25.950000762939453,26.610000610351562,15.423563003540039,2513200,0.0,0.0
2009-07-24,26.530000686645508,26.649999618530273,25.950000762939453,26.489999771118164,15.35400104522705,2425600,0.0,0.0
2009-07-27,26.530000686645508,26.600000381469727,25.65999984741211,26.25,15.214903831481934,2096400,0.0,0.0
2009-07-28,26.100000381469727,26.209999084472656,25.860000610351562,26.020000457763672,15.081587791442871,1505900,0.0,0.0
2009-07-29,25.950000762939453,26.399999618530273,25.8700008392334,26.290000915527344,15.238086700439453,1884700,0.0,0.0
2009-07-30,26.479999542236328,26.65999984741211,26.110000610351562,26.15999984741211,15.278968811035156,1917300,0.2,0.0
2009-07-31,26.149999618530273,26.969999313354492,26.149999618530273,26.5,15.477545738220215,2434500,0.0,0.0
2009-08-03,26.8799991607666,26.8799991607666,26.139999389648438,26.239999771118164,15.325695037841797,2404600,0.0,0.0
2009-08-04,26.239999771118164,26.3700008392334,26.149999618530273,26.3700008392334,15.401623725891113,1908300,0.0,0.0
2009-08-05,26.299999237060547,26.6200008392334,25.90999984741211,26.170000076293945,15.28481388092041,1734000,0.0,0.0
2009-08-06,26.34000015258789,26.469999313354492,26.049999237060547,26.190000534057617,15.296492576599121,1702000,0.0,0.0
2009-08-07,26.520000457763672,27.06999969482422,26.3799991607666,26.969999313354492,15.752054214477539,1521000,0.0,0.0
2009-08-10,27.1299991607666,27.1299991607666,26.5,26.760000228881836,15.629402160644531,2102100,0.0,0.0
2009-08-11,26.700000762939453,26.719999313354492,26.360000610351562,26.549999237060547,15.506752014160156,1517700,0.0,0.0
2009-08-12,26.56999969482422,26.8700008392334,26.309999465942383,26.399999618530273,15.419147491455078,1972100,0.0,0.0
2009-08-13,26.559999465942383,26.979999542236328,26.290000915527344,26.90999984741211,15.717018127441406,1804700,0.0,0.0
2009-08-14,27.010000228881836,27.020000457763672,26.440000534057617,26.610000610351562,15.54179859161377,1393600,0.0,0.0
2009-08-17,26.420000076293945,26.420000076293945,25.93000030517578,26.0,15.185524940490723,2021800,0.0,0.0
2009-08-18,26.110000610351562,26.299999237060547,25.899999618530273,26.09000015258789,15.23808479309082,1658300,0.0,0.0
2009-08-19,25.93000030517578,26.209999084472656,25.719999313354492,26.110000610351562,15.249768257141113,1534500,0.0,0.0
2009-08-20,26.079999923706055,26.190000534057617,25.81999969482422,25.93000030517578,15.14463996887207,1853000,0.0,0.0
2009-08-21,26.010000228881836,27.010000228881836,26.010000228881836,27.010000228881836,15.775426864624023,2231600,0.0,0.0
2009-08-24,27.049999237060547,27.3799991607666,26.969999313354492,27.25,15.915595054626465,2905100,0.0,0.0
2009-08-25,27.360000610351562,27.850000381469727,27.219999313354492,27.780000686645508,16.22514533996582,2104700,0.0,0.0
2009-08-26,27.719999313354492,28.0,27.549999237060547,27.829999923706055,16.254348754882812,2195100,0.0,0.0
2009-08-27,27.709999084472656,28.280000686645508,27.6200008392334,28.110000610351562,16.41788101196289,2629500,0.0,0.0
2009-08-28,28.260000228881836,28.399999618530273,28.079999923706055,28.329999923706055,16.546384811401367,2670700,0.0,0.0
2009-08-31,28.40999984741211,28.450000762939453,27.889999389648438,28.389999389648438,16.581417083740234,3403000,0.0,0.0
2009-09-01,28.280000686645508,28.75,27.65999984741211,27.8799991607666,16.283552169799805,4244600,0.0,0.0
2009-09-02,27.850000381469727,28.0,27.6299991607666,27.700000762939453,16.178424835205078,2483900,0.0,0.0
2009-09-03,27.780000686645508,28.479999542236328,27.65999984741211,28.43000030517578,16.60478973388672,3291200,0.0,0.0
2009-09-04,28.440000534057617,28.739999771118164,28.350000381469727,28.690000534057617,16.756643295288086,2285300,0.0,0.0
2009-09-08,28.850000381469727,29.09000015258789,28.670000076293945,28.809999465942383,16.82672882080078,2430700,0.0,0.0
2009-09-09,28.889999389648438,28.90999984741211,28.3700008392334,28.600000381469727,16.70407485961914,2471700,0.0,0.0
2009-09-10,28.700000762939453,28.700000762939453,28.280000686645508,28.440000534057617,16.610624313354492,2299600,0.0,0.0
2009-09-11,28.520000457763672,28.600000381469727,28.219999313354492,28.3700008392334,16.569738388061523,1590700,0.0,0.0
2009-09-14,28.260000228881836,28.75,28.1200008392334,28.75,16.79167938232422,2328200,0.0,0.0
2009-09-15,28.709999084472656,28.8799991607666,28.469999313354492,28.600000381469727,16.70407485961914,2404900,0.0,0.0
2009-09-16,28.65999984741211,29.040000915527344,28.65999984741211,28.809999465942383,16.82672882080078,2851800,0.0,0.0
2009-09-17,28.75,28.979999542236328,28.520000457763672,28.75,16.79167938232422,2461100,0.0,0.0
2009-09-18,28.920000076293945,29.360000610351562,28.760000228881836,28.899999618530273,16.879291534423828,2685100,0.0,0.0
2009-09-21,28.809999465942383,28.809999465942383,28.469999313354492,28.5,16.645668029785156,1395800,0.0,0.0
2009-09-22,28.690000534057617,28.780000686645508,28.229999542236328,28.399999618530273,16.587263107299805,2128700,0.0,0.0
2009-09-23,28.600000381469727,28.670000076293945,27.809999465942383,27.8799991607666,16.283552169799805,2707000,0.0,0.0
2009-09-24,28.049999237060547,28.049999237060547,27.209999084472656,27.309999465942383,15.950637817382812,2849000,0.0,0.0
2009-09-25,27.329999923706055,27.3799991607666,26.979999542236328,27.18000030517578,15.874714851379395,1896700,0.0,0.0
2009-09-28,27.350000381469727,27.6299991607666,27.139999389648438,27.200000762939453,15.886387825012207,2024000,0.0,0.0
2009-09-29,27.3799991607666,27.760000228881836,27.280000686645508,27.530000686645508,16.079130172729492,1789600,0.0,0.0
2009-09-30,27.6299991607666,27.809999465942383,27.1200008392334,27.75,16.207632064819336,2526600,0.0,0.0
2009-10-01,27.639999389648438,27.729999542236328,27.239999771118164,27.260000228881836,15.921431541442871,2724900,0.0,0.0
2009-10-02,27.110000610351562,27.200000762939453,26.93000030517578,27.06999969482422,15.81046199798584,2096600,0.0,0.0
2009-10-05,27.15999984741211,27.280000686645508,26.950000762939453,27.219999313354492,15.898078918457031,1799800,0.0,0.0
2009-10-06,27.299999237060547,27.739999771118164,27.239999771118164,27.649999618530273,16.149221420288086,1962500,0.0,0.0
2009-10-07,27.68000030517578,27.81999969482422,27.3700008392334,27.479999542236328,16.0499267578125,1591100,0.0,0.0
2009-10-08,27.700000762939453,28.200000762939453,27.65999984741211,28.010000228881836,16.359477996826172,1511100,0.0,0.0
2009-10-09,28.049999237060547,28.190000534057617,27.829999923706055,28.18000030517578,16.458770751953125,1542000,0.0,0.0
2009-10-12,28.299999237060547,28.610000610351562,28.139999389648438,28.139999389648438,16.43541145324707,2646800,0.0,0.0
2009-10-13,28.100000381469727,28.530000686645508,28.100000381469727,28.3799991607666,16.575578689575195,1153000,0.0,0.0
2009-10-14,28.610000610351562,28.719999313354492,28.31999969482422,28.479999542236328,16.633975982666016,1676000,0.0,0.0
2009-10-15,28.280000686645508,28.799999237060547,28.280000686645508,28.690000534057617,16.756643295288086,1512000,0.0,0.0
2009-10-16,28.639999389648438,29.68000030517578,28.540000915527344,29.520000457763672,17.241409301757812,4746800,0.0,0.0
2009-10-19,29.700000762939453,29.799999237060547,28.030000686645508,28.420000076293945,16.598949432373047,6066800,0.0,0.0
2009-10-20,28.510000228881836,28.510000228881836,27.90999984741211,28.110000610351562,16.41788101196289,2303800,0.0,0.0
2009-10-21,28.190000534057617,28.600000381469727,28.110000610351562,28.1299991607666,16.4295597076416,2622600,0.0,0.0
2009-10-22,28.219999313354492,28.530000686645508,27.84000015258789,28.3799991607666,16.575578689575195,2186500,0.0,0.0
2009-10-23,28.59000015258789,28.59000015258789,27.979999542236328,28.030000686645508,16.371158599853516,1764000,0.0,0.0
2009-10-26,28.149999618530273,28.719999313354492,28.1299991607666,28.190000534057617,16.464614868164062,1889800,0.0,0.0
2009-10-27,28.209999084472656,28.280000686645508,27.65999984741211,27.729999542236328,16.19594383239746,2068700,0.0,0.0
2009-10-28,27.84000015258789,27.940000534057617,27.010000228881836,27.1200008392334,15.839667320251465,2800100,0.0,0.0
2009-10-29,27.149999618530273,27.59000015258789,27.059999465942383,27.5,16.18094253540039,1679100,0.2,0.0
2009-10-30,27.489999771118164,27.670000076293945,26.950000762939453,27.270000457763672,16.045602798461914,2963100,0.0,0.0
2009-11-02,27.229999542236328,27.709999084472656,26.81999969482422,27.649999618530273,16.269203186035156,2849600,0.0,0.0
2009-11-03,27.579999923706055,27.790000915527344,27.239999771118164,27.649999618530273,16.269203186035156,1941200,0.0,0.0
2009-11-04,27.780000686645508,28.049999237060547,27.540000915527344,27.760000228881836,16.333921432495117,2049100,0.0,0.0
2009-11-05,27.920000076293945,28.110000610351562,27.639999389648438,27.729999542236328,16.316267013549805,1768700,0.0,0.0
2009-11-06,27.770000457763672,28.0,27.59000015258789,27.90999984741211,16.422183990478516,1963800,0.0,0.0
2009-11-09,28.540000915527344,29.0,28.389999389648438,28.75,16.91643714904785,4651300,0.0,0.0
2009-11-10,28.729999542236328,28.889999389648438,28.56999969482422,28.809999465942383,16.951740264892578,2010800,0.0,0.0
2009-11-11,28.989999771118164,29.3700008392334,28.8700008392334,29.219999313354492,17.192983627319336,2255200,0.0,0.0
2009-11-12,29.299999237060547,29.450000762939453,28.829999923706055,28.899999618530273,17.004697799682617,2066000,0.0,0.0
2009-11-13,28.989999771118164,29.25,28.8799991607666,29.100000381469727,17.122371673583984,2343700,0.0,0.0
2009-11-16,29.3700008392334,30.149999618530273,29.299999237060547,30.149999618530273,17.740192413330078,2998800,0.0,0.0
2009-11-17,30.290000915527344,30.290000915527344,29.760000228881836,29.860000610351562,17.56955909729004,1760300,0.0,0.0
2009-11-18,30.1299991607666,30.31999969482422,29.829999923706055,29.959999084472656,17.62839698791504,2282800,0.0,0.0
2009-11-19,29.940000534057617,29.989999771118164,29.1299991607666,29.3700008392334,17.2812442779541,2097600,0.0,0.0
2009-11-20,29.399999618530273,29.399999618530273,28.950000762939453,29.100000381469727,17.122371673583984,2070600,0.0,0.0
2009-11-23,29.709999084472656,30.18000030517578,29.079999923706055,29.25,17.210634231567383,2501700,0.0,0.0
2009-11-24,29.329999923706055,29.440000534057617,28.940000534057617,29.020000457763672,17.075305938720703,1743700,0.0,0.0
2009-11-25,29.110000610351562,29.700000762939453,29.079999923706055,29.59000015258789,17.410686492919922,1267100,0.0,0.0
2009-11-27,29.25,29.489999771118164,29.0,29.34000015258789,17.263587951660156,769700,0.0,0.0
2009-11-30,29.489999771118164,29.670000076293945,29.25,29.649999618530273,17.445985794067383,2606600,0.0,0.0
2009-12-01,29.920000076293945,30.209999084472656,29.90999984741211,30.049999237060547,17.681354522705078,2076800,0.0,0.0
2009-12-02,30.170000076293945,30.709999084472656,30.100000381469727,30.510000228881836,17.952014923095703,2064400,0.0,0.0
2009-12-03,30.459999084472656,30.739999771118164,30.059999465942383,30.09000015258789,17.70488739013672,1296600,0.0,0.0
2009-12-04,30.350000381469727,30.729999542236328,29.809999465942383,30.18000030517578,17.757835388183594,1512300,0.0,0.0
2009-12-07,30.280000686645508,31.18000030517578,30.280000686645508,30.829999923706055,18.140300750732422,1934600,0.0,0.0
2009-12-08,30.8700008392334,30.8700008392334,30.350000381469727,30.399999618530273,17.88729476928711,1435100,0.0,0.0
2009-12-09,30.389999389648438,30.389999389648438,29.68000030517578,30.209999084472656,17.775493621826172,2248200,0.0,0.0
2009-12-10,30.329999923706055,30.81999969482422,30.329999923706055,30.489999771118164,17.940244674682617,1609300,0.0,0.0
2009-12-11,30.68000030517578,30.940000534057617,30.459999084472656,30.829999923706055,18.140300750732422,1239600,0.0,0.0
2009-12-14,30.989999771118164,31.31999969482422,30.8700008392334,31.170000076293945,18.340364456176758,1739100,0.0,0.0
2009-12-15,31.1200008392334,31.770000457763672,30.989999771118164,31.5,18.534526824951172,2000400,0.0,0.0
2009-12-16,31.709999084472656,32.040000915527344,31.530000686645508,31.6299991607666,18.61101722717285,1341900,0.0,0.0
2009-12-17,31.3700008392334,31.700000762939453,31.040000915527344,31.530000686645508,18.55217742919922,1189500,0.0,0.0
2009-12-18,31.610000610351562,31.770000457763672,31.3799991607666,31.6200008392334,18.605138778686523,1800800,0.0,0.0
2009-12-21,31.989999771118164,32.470001220703125,31.90999984741211,32.0,18.8287296295166,1412400,0.0,0.0
2009-12-22,32.220001220703125,32.25,31.81999969482422,31.889999389648438,18.763999938964844,1286900,0.0,0.0
2009-12-23,31.81999969482422,32.150001525878906,31.75,32.11000061035156,18.89345359802246,759800,0.0,0.0
2009-12-24,32.099998474121094,32.189998626708984,31.889999389648438,32.16999816894531,18.92875862121582,345300,0.0,0.0
2009-12-28,32.2400016784668,32.36000061035156,32.11000061035156,32.290000915527344,18.999364852905273,675800,0.0,0.0
2009-12-29,32.400001525878906,32.43000030517578,32.09000015258789,32.099998474121094,18.8875675201416,770700,0.0,0.0
2009-12-30,32.13999938964844,32.439998626708984,32.0,32.43000030517578,19.08173370361328,746300,0.0,0.0
2009-12-31,32.369998931884766,32.56999969482422,32.060001373291016,32.060001373291016,18.864032745361328,891100,0.0,0.0
2010-01-04,32.529998779296875,32.75,32.31999969482422,32.540000915527344,19.14646339416504,1652600,0.0,0.0
2010-01-05,32.630001068115234,32.630001068115234,31.850000381469727,32.18000030517578,18.934642791748047,1646900,0.0,0.0
2010-01-06,32.220001220703125,32.220001220703125,31.700000762939453,32.150001525878906,18.9169921875,1307500,0.0,0.0
2010-01-07,32.060001373291016,32.2599983215332,31.3700008392334,31.690000534057617,18.646333694458008,3140300,0.0,0.0
2010-01-08,32.09000015258789,32.34000015258789,31.469999313354492,31.770000457763672,18.693405151367188,2699600,0.0,0.0
2010-01-11,31.899999618530273,32.0,31.5,31.739999771118164,18.675745010375977,1082500,0.0,0.0
2010-01-12,31.649999618530273,31.690000534057617,31.040000915527344,31.239999771118164,18.38155174255371,3105500,0.0,0.0
2010-01-13,31.219999313354492,31.760000228881836,31.200000762939453,31.690000534057617,18.646333694458008,1277300,0.0,0.0
2010-01-14,31.610000610351562,32.06999969482422,31.510000228881836,32.02000045776367,18.84050178527832,1269000,0.0,0.0
2010-01-15,31.989999771118164,32.2400016784668,31.700000762939453,32.15999984741211,18.922874450683594,2017200,0.0,0.0
2010-01-19,32.18000030517578,32.43000030517578,31.979999542236328,32.33000183105469,19.02289581298828,998500,0.0,0.0
2010-01-20,32.08000183105469,32.310001373291016,31.799999237060547,32.2599983215332,18.981714248657227,1499100,0.0,0.0
2010-01-21,32.150001525878906,32.540000915527344,32.0,32.099998474121094,18.8875675201416,2252400,0.0,0.0
2010-01-22,32.0,32.27000045776367,31.229999542236328,31.290000915527344,18.410966873168945,1615100,0.0,0.0
2010-01-25,31.450000762939453,31.6200008392334,31.209999084472656,31.420000076293945,18.487455368041992,1101000,0.0,0.0
2010-01-26,31.299999237060547,31.59000015258789,31.25,31.280000686645508,18.40508460998535,1045500,0.0,0.0
2010-01-27,31.209999084472656,31.530000686645508,31.010000228881836,31.489999771118164,18.52864646911621,1042300,0.0,0.0
2010-01-28,31.559999465942383,31.729999542236328,31.219999313354492,31.540000915527344,18.558069229125977,971500,0.0,0.0
2010-01-29,31.6200008392334,31.6200008392334,30.530000686645508,30.549999237060547,18.090261459350586,2446200,0.2,0.0
2010-02-01,30.719999313354492,31.3799991607666,30.549999237060547,31.190000534057617,18.4692440032959,2397600,0.0,0.0
2010-02-02,31.270000457763672,32.0099983215332,31.06999969482422,31.959999084472656,18.92519760131836,2635000,0.0,0.0
2010-02-03,31.850000381469727,32.22999954223633,31.690000534057617,32.06999969482422,18.99033546447754,1631600,0.0,0.0
2010-02-04,31.84000015258789,32.029998779296875,31.219999313354492,31.260000228881836,18.510692596435547,2043400,0.0,0.0
2010-02-05,31.200000762939453,31.350000381469727,30.200000762939453,30.799999237060547,18.23830223083496,2782800,0.0,0.0
2010-02-08,33.650001525878906,35.189998626708984,33.529998779296875,34.709999084472656,20.55362319946289,11443600,0.0,0.0
2010-02-09,34.7599983215332,35.279998779296875,34.470001220703125,35.060001373291016,20.760879516601562,4256100,0.0,0.0
2010-02-10,35.040000915527344,35.61000061035156,34.88999938964844,35.29999923706055,20.902990341186523,3308300,0.0,0.0
2010-02-11,35.33000183105469,36.189998626708984,35.060001373291016,36.13999938964844,21.400402069091797,2432600,0.0,0.0
2010-02-12,35.91999816894531,36.0,35.470001220703125,35.54999923706055,21.051029205322266,4321800,0.0,0.0
2010-02-16,35.84000015258789,35.97999954223633,34.7599983215332,35.029998779296875,20.74311065673828,3858100,0.0,0.0
2010-02-17,35.13999938964844,35.5099983215332,35.02000045776367,35.43000030517578,20.979976654052734,1485800,0.0,0.0
2010-02-18,35.33000183105469,35.81999969482422,35.18000030517578,35.7599983215332,21.175376892089844,1821500,0.0,0.0
2010-02-19,35.619998931884766,35.9900016784668,35.369998931884766,35.79999923706055,21.19906997680664,1565200,0.0,0.0
2010-02-22,35.90999984741211,35.91999816894531,35.41999816894531,35.52000045776367,21.03326988220215,1627800,0.0,0.0
2010-02-23,35.5,35.540000915527344,35.04999923706055,35.279998779296875,20.891149520874023,1283800,0.0,0.0
2010-02-24,35.47999954223633,35.540000915527344,35.11000061035156,35.47999954223633,21.00958251953125,1461100,0.0,0.0
2010-02-25,35.20000076293945,35.7400016784668,34.650001525878906,35.689998626708984,21.133926391601562,2058100,0.0,0.0
2010-02-26,35.529998779296875,35.9900016784668,35.40999984741211,35.779998779296875,21.187225341796875,1570700,0.0,0.0
2010-03-01,35.79999923706055,36.189998626708984,35.5,36.060001373291016,21.353025436401367,1668600,0.0,0.0
2010-03-02,36.15999984741211,36.68000030517578,36.04999923706055,36.61000061035156,21.678712844848633,2394400,0.0,0.0
2010-03-03,36.59000015258789,36.66999816894531,36.29999923706055,36.33000183105469,21.512901306152344,1665100,0.0,0.0
2010-03-04,36.310001373291016,36.72999954223633,36.310001373291016,36.72999954223633,21.749773025512695,1514500,0.0,0.0
2010-03-05,36.939998626708984,37.52000045776367,36.61000061035156,37.470001220703125,22.187957763671875,1363900,0.0,0.0
2010-03-08,37.470001220703125,37.72999954223633,37.290000915527344,37.5,22.20572280883789,1398500,0.0,0.0
2010-03-09,37.400001525878906,37.93000030517578,37.400001525878906,37.68000030517578,22.312313079833984,1147600,0.0,0.0
2010-03-10,37.66999816894531,38.0099983215332,37.43000030517578,38.0099983215332,22.507728576660156,1623000,0.0,0.0
2010-03-11,37.900001525878906,38.150001525878906,37.650001525878906,38.09000015258789,22.555091857910156,897900,0.0,0.0
2010-03-12,38.81999969482422,38.81999969482422,37.75,38.20000076293945,22.6202335357666,942300,0.0,0.0
2010-03-15,37.61000061035156,37.90999984741211,37.38999938964844,37.630001068115234,22.282703399658203,1839200,0.0,0.0
2010-03-16,37.68000030517578,38.130001068115234,37.63999938964844,37.849998474121094,22.4129695892334,1767000,0.0,0.0
2010-03-17,37.97999954223633,38.2400016784668,37.77000045776367,38.13999938964844,22.584705352783203,1404400,0.0,0.0
2010-03-18,38.209999084472656,38.34000015258789,37.91999816894531,38.099998474121094,22.561019897460938,1110700,0.0,0.0
2010-03-19,37.88999938964844,38.34000015258789,37.849998474121094,37.88999938964844,22.436662673950195,1436300,0.0,0.0
2010-03-22,38.0099983215332,38.29999923706055,37.79999923706055,38.25,22.649845123291016,1408500,0.0,0.0
2010-03-23,38.38999938964844,38.5,37.900001525878906,38.22999954223633,22.638002395629883,1177600,0.0,0.0
2010-03-24,38.150001525878906,38.290000915527344,37.790000915527344,38.060001373291016,22.537330627441406,1344500,0.0,0.0
2010-03-25,38.18000030517578,38.56999969482422,38.06999969482422,38.099998474121094,22.561019897460938,1809500,0.0,0.0
2010-03-26,38.13999938964844,38.68000030517578,38.11000061035156,38.40999984741211,22.744583129882812,1676400,0.0,0.0
2010-03-29,38.560001373291016,39.22999954223633,38.560001373291016,39.220001220703125,23.22423553466797,2225300,0.0,0.0
2010-03-30,39.22999954223633,39.59000015258789,39.029998779296875,39.04999923706055,23.123565673828125,1140700,0.0,0.0
2010-03-31,39.04999923706055,39.06999969482422,38.25,38.279998779296875,22.6676082611084,1372400,0.0,0.0
2010-04-01,38.54999923706055,38.779998779296875,38.119998931884766,38.36000061035156,22.714977264404297,1591400,0.0,0.0
2010-04-05,38.290000915527344,39.209999084472656,38.290000915527344,39.130001068115234,23.17093849182129,1282300,0.0,0.0
2010-04-06,39.189998626708984,39.189998626708984,38.4900016784668,38.93000030517578,23.052501678466797,1557500,0.0,0.0
2010-04-07,38.83000183105469,39.0,38.130001068115234,38.400001525878906,22.73865509033203,1089900,0.0,0.0
2010-04-08,38.31999969482422,38.75,38.0,38.66999816894531,22.89854621887207,870100,0.0,0.0
2010-04-09,38.79999923706055,39.0,38.439998626708984,38.93000030517578,23.052501678466797,1323800,0.0,0.0
2010-04-12,39.06999969482422,39.2400016784668,38.81999969482422,39.099998474121094,23.153167724609375,1007400,0.0,0.0
2010-04-13,39.2400016784668,39.43000030517578,39.06999969482422,39.310001373291016,23.27752113342285,965800,0.0,0.0
2010-04-14,39.33000183105469,39.58000183105469,39.220001220703125,39.52000045776367,23.401870727539062,1190700,0.0,0.0
2010-04-15,39.560001373291016,40.25,39.38999938964844,40.13999938964844,23.76900291442871,1301500,0.0,0.0
2010-04-16,40.400001525878906,40.529998779296875,39.779998779296875,39.849998474121094,23.59728240966797,2632300,0.0,0.0
2010-04-19,40.369998931884766,41.0,39.91999816894531,40.90999984741211,24.224950790405273,4461900,0.0,0.0
2010-04-20,41.209999084472656,41.5,40.72999954223633,40.95000076293945,24.248641967773438,1939400,0.0,0.0
2010-04-21,40.63999938964844,40.72999954223633,39.810001373291016,40.130001068115234,23.763090133666992,2152500,0.0,0.0
2010-04-22,39.880001068115234,40.459999084472656,39.66999816894531,40.40999984741211,23.928895950317383,1113600,0.0,0.0
2010-04-23,40.470001220703125,40.72999954223633,40.099998474121094,40.529998779296875,23.99994659423828,1378400,0.0,0.0
2010-04-26,40.689998626708984,41.0,40.38999938964844,40.40999984741211,23.928895950317383,1531000,0.0,0.0
2010-04-27,40.189998626708984,40.58000183105469,39.310001373291016,39.439998626708984,23.354507446289062,1984000,0.0,0.0
2010-04-28,39.459999084472656,39.7599983215332,38.75,39.029998779296875,23.11172103881836,1896400,0.0,0.0
2010-04-29,39.060001373291016,39.400001525878906,38.66999816894531,39.31999969482422,23.433544158935547,1570000,0.25,0.0
2010-04-30,39.31999969482422,39.58000183105469,38.31999969482422,38.36000061035156,22.86141586303711,2156400,0.0,0.0
2010-05-03,38.470001220703125,40.29999923706055,38.459999084472656,40.119998931884766,23.910324096679688,1996800,0.0,0.0
2010-05-04,40.18000030517578,40.349998474121094,38.779998779296875,38.939998626708984,23.207077026367188,3052800,0.0,0.0
2010-05-05,38.54999923706055,39.810001373291016,38.439998626708984,39.5,23.54082489013672,2650900,0.0,0.0
2010-05-06,39.34000015258789,39.900001525878906,36.0,39.290000915527344,23.415668487548828,4113400,0.0,0.0
2010-05-07,39.0099983215332,39.599998474121094,38.310001373291016,38.970001220703125,23.224946975708008,4268600,0.0,0.0
2010-05-10,40.38999938964844,40.900001525878906,39.900001525878906,40.79999923706055,24.31558609008789,2804000,0.0,0.0
2010-05-11,40.5,42.189998626708984,40.349998474121094,41.279998779296875,24.601638793945312,3953000,0.0,0.0
2010-05-12,41.54999923706055,42.4900016784668,41.47999954223633,42.400001525878906,25.269142150878906,2864800,0.0,0.0
2010-05-13,41.810001373291016,42.20000076293945,40.75,40.849998474121094,24.34537124633789,2130500,0.0,0.0
2010-05-14,40.25,40.59000015258789,39.599998474121094,40.279998779296875,24.005674362182617,2128700,0.0,0.0
2010-05-17,40.279998779296875,41.650001525878906,40.099998474121094,41.52000045776367,24.744678497314453,2811100,0.0,0.0
2010-05-18,41.599998474121094,42.59000015258789,41.11000061035156,41.619998931884766,24.804283142089844,3804400,0.0,0.0
2010-05-19,41.47999954223633,41.97999954223633,40.66999816894531,41.08000183105469,24.482458114624023,2265300,0.0,0.0
2010-05-20,40.11000061035156,40.63999938964844,39.5,39.77000045776367,23.701736450195312,3560900,0.0,0.0
2010-05-21,39.09000015258789,40.20000076293945,38.75,39.529998779296875,23.558696746826172,5254900,0.0,0.0
2010-05-24,39.5099983215332,39.93000030517578,39.27000045776367,39.310001373291016,23.42757797241211,2505900,0.0,0.0
2010-05-25,38.4900016784668,38.939998626708984,36.5,38.939998626708984,23.207077026367188,3281700,0.0,0.0
2010-05-26,39.47999954223633,40.18000030517578,39.310001373291016,39.54999923706055,23.57060432434082,3924300,0.0,0.0
2010-05-27,40.38999938964844,40.59000015258789,40.06999969482422,40.56999969482422,24.17850685119629,2480500,0.0,0.0
2010-05-28,40.66999816894531,40.84000015258789,39.91999816894531,40.150001525878906,23.928203582763672,1903600,0.0,0.0
2010-06-01,39.72999954223633,40.38999938964844,39.33000183105469,39.36000061035156,23.457378387451172,1453100,0.0,0.0
2010-06-02,39.56999969482422,40.29999923706055,39.22999954223633,40.29999923706055,24.017589569091797,1697000,0.0,0.0
2010-06-03,40.54999923706055,40.81999969482422,39.54999923706055,39.7599983215332,23.695768356323242,2379700,0.0,0.0
2010-06-04,38.849998474121094,39.849998474121094,38.599998474121094,39.13999938964844,23.326274871826172,2712300,0.0,0.0
2010-06-07,39.27000045776367,39.47999954223633,38.33000183105469,38.41999816894531,22.89716339111328,1787700,0.0,0.0
2010-06-08,38.40999984741211,38.720001220703125,37.38999938964844,38.11000061035156,22.712421417236328,3411800,0.0,0.0
2010-06-09,38.29999923706055,39.310001373291016,38.16999816894531,38.439998626708984,22.909082412719727,1673900,0.0,0.0
2010-06-10,39.0,40.630001068115234,39.0,40.56999969482422,24.17850685119629,3236100,0.0,0.0
2010-06-11,40.27000045776367,40.540000915527344,39.54999923706055,40.38999938964844,24.07122802734375,2386800,0.0,0.0
2010-06-14,40.75,41.209999084472656,40.47999954223633,40.5099983215332,24.142749786376953,1727100,0.0,0.0
2010-06-15,41.0,41.86000061035156,41.0,41.849998474121094,24.941343307495117,1445300,0.0,0.0
2010-06-16,41.61000061035156,43.029998779296875,41.40999984741211,42.68000030517578,25.43599510192871,2502600,0.0,0.0
2010-06-17,42.970001220703125,43.099998474121094,42.540000915527344,42.869998931884766,25.549240112304688,2129800,0.0,0.0
2010-06-18,43.0099983215332,43.38999938964844,42.7400016784668,42.880001068115234,25.555206298828125,1978500,0.0,0.0
2010-06-21,43.279998779296875,43.380001068115234,42.0,42.209999084472656,25.15590476989746,2400600,0.0,0.0
2010-06-22,42.36000061035156,42.66999816894531,41.16999816894531,41.27000045776367,24.595691680908203,2657100,0.0,0.0
2010-06-23,41.290000915527344,41.4900016784668,40.619998931884766,41.119998931884766,24.506284713745117,2588000,0.0,0.0
2010-06-24,42.18000030517578,43.709999084472656,41.54999923706055,42.86000061035156,25.543283462524414,9033900,0.0,0.0
2010-06-25,42.810001373291016,43.220001220703125,41.790000915527344,43.0,25.626726150512695,4663600,0.0,0.0
2010-06-28,43.060001373291016,43.5099983215332,42.560001373291016,42.959999084472656,25.60287857055664,1292300,0.0,0.0
2010-06-29,42.31999969482422,42.720001220703125,41.72999954223633,42.040000915527344,25.054576873779297,2376100,0.0,0.0
2010-06-30,41.900001525878906,42.38999938964844,41.040000915527344,41.099998474121094,24.494361877441406,2359900,0.0,0.0
2010-07-01,41.25,41.709999084472656,40.56999969482422,40.849998474121094,24.34537124633789,3674700,0.0,0.0
2010-07-02,41.060001373291016,41.060001373291016,40.189998626708984,40.45000076293945,24.106998443603516,2389600,0.0,0.0
2010-07-06,40.709999084472656,41.15999984741211,39.720001220703125,40.08000183105469,23.88648223876953,2522700,0.0,0.0
2010-07-07,40.0099983215332,41.11000061035156,39.91999816894531,41.04999923706055,24.464569091796875,1996600,0.0,0.0
2010-07-08,41.29999923706055,41.52000045776367,40.66999816894531,41.040000915527344,24.4586181640625,1461600,0.0,0.0
2010-07-09,41.22999954223633,41.65999984741211,40.90999984741211,41.59000015258789,24.786396026611328,1215300,0.0,0.0
2010-07-12,41.58000183105469,42.20000076293945,41.5,41.77000045776367,24.893672943115234,1248900,0.0,0.0
2010-07-13,42.18000030517578,42.470001220703125,41.810001373291016,42.16999816894531,25.13205909729004,1484300,0.0,0.0
2010-07-14,42.189998626708984,42.189998626708984,41.38999938964844,41.4900016784668,24.726808547973633,2799900,0.0,0.0
2010-07-15,41.5,41.790000915527344,40.70000076293945,41.09000015258789,24.4884090423584,2897400,0.0,0.0
2010-07-16,40.689998626708984,40.90999984741211,39.279998779296875,39.5,23.54082489013672,3541700,0.0,0.0
2010-07-19,37.939998626708984,40.0,37.650001525878906,39.349998474121094,23.4514217376709,4868500,0.0,0.0
2010-07-20,39.08000183105469,41.0099983215332,38.93000030517578,40.790000915527344,24.30963134765625,3367000,0.0,0.0
2010-07-21,41.0,41.099998474121094,39.2599983215332,39.34000015258789,23.445465087890625,4370800,0.0,0.0
2010-07-22,39.72999954223633,40.650001525878906,39.72999954223633,40.099998474121094,23.898395538330078,1528000,0.0,0.0
2010-07-23,40.11000061035156,41.029998779296875,40.099998474121094,40.95000076293945,24.404972076416016,1305900,0.0,0.0
2010-07-26,41.11000061035156,42.560001373291016,40.79999923706055,42.5,25.328739166259766,2437800,0.0,0.0
2010-07-27,42.459999084472656,42.54999923706055,41.880001068115234,42.09000015258789,25.08437728881836,1252200,0.0,0.0
2010-07-28,42.0099983215332,42.38999938964844,41.27000045776367,41.529998779296875,24.75063705444336,1201500,0.0,0.0
2010-07-29,41.54999923706055,42.369998931884766,41.02000045776367,41.83000183105469,25.080411911010742,1597400,0.25,0.0
2010-07-30,41.41999816894531,42.470001220703125,41.41999816894531,42.150001525878906,25.27227210998535,2410400,0.0,0.0
2010-08-02,42.79999923706055,43.209999084472656,42.689998626708984,43.09000015258789,25.83587074279785,1638100,0.0,0.0
2010-08-03,43.150001525878906,43.220001220703125,42.34000015258789,42.43000030517578,25.440156936645508,1246300,0.0,0.0
2010-08-04,42.5099983215332,43.619998931884766,42.349998474121094,43.560001373291016,26.117679595947266,1054800,0.0,0.0
2010-08-05,43.439998626708984,43.58000183105469,43.22999954223633,43.52000045776367,26.093704223632812,1162400,0.0,0.0
2010-08-06,43.0,43.31999969482422,42.41999816894531,43.31999969482422,25.973787307739258,1585000,0.0,0.0
2010-08-09,43.560001373291016,44.11000061035156,43.54999923706055,43.709999084472656,26.20760726928711,1305600,0.0,0.0
2010-08-10,43.31999969482422,43.86000061035156,42.95000076293945,43.72999954223633,26.219606399536133,1673500,0.0,0.0
2010-08-11,43.130001068115234,43.130001068115234,42.400001525878906,42.52000045776367,25.49411964416504,1046700,0.0,0.0
2010-08-12,42.0099983215332,42.65999984741211,41.790000915527344,42.47999954223633,25.470136642456055,1373300,0.0,0.0
2010-08-13,42.439998626708984,42.95000076293945,42.29999923706055,42.779998779296875,25.650007247924805,1579800,0.0,0.0
2010-08-16,42.400001525878906,42.86000061035156,42.18000030517578,42.790000915527344,25.656009674072266,814100,0.0,0.0
2010-08-17,43.150001525878906,44.16999816894531,42.970001220703125,43.869998931884766,26.30354881286621,1844300,0.0,0.0
2010-08-18,44.040000915527344,44.59000015258789,43.709999084472656,43.9900016784668,26.375492095947266,1181600,0.0,0.0
2010-08-19,43.849998474121094,43.88999938964844,42.529998779296875,43.0099983215332,25.78791618347168,1018400,0.0,0.0
2010-08-20,42.599998474121094,42.81999969482422,41.93000030517578,42.470001220703125,25.464130401611328,1232500,0.0,0.0
2010-08-23,42.66999816894531,42.95000076293945,42.189998626708984,42.189998626708984,25.296253204345703,1164000,0.0,0.0
2010-08-24,41.869998931884766,41.869998931884766,41.08000183105469,41.20000076293945,24.702667236328125,1708200,0.0,0.0
2010-08-25,40.91999816894531,41.119998931884766,40.13999938964844,41.02000045776367,24.594757080078125,2209600,0.0,0.0
2010-08-26,41.130001068115234,41.279998779296875,40.369998931884766,40.38999938964844,24.217012405395508,1378000,0.0,0.0
2010-08-27,40.54999923706055,41.060001373291016,40.02000045776367,40.939998626708984,24.546772003173828,2983900,0.0,0.0
2010-08-30,40.900001525878906,41.13999938964844,40.11000061035156,40.150001525878906,24.0731201171875,818700,0.0,0.0
2010-08-31,39.91999816894531,40.689998626708984,39.56999969482422,40.36000061035156,24.19902992248535,1857700,0.0,0.0
2010-09-01,40.66999816894531,41.79999923706055,40.63999938964844,41.66999816894531,24.984477996826172,1525100,0.0,0.0
2010-09-02,41.689998626708984,43.040000915527344,41.689998626708984,43.02000045776367,25.793899536132812,2156000,0.0,0.0
2010-09-03,43.5099983215332,43.70000076293945,42.90999984741211,43.4900016784668,26.075714111328125,1146000,0.0,0.0
2010-09-07,43.0099983215332,44.09000015258789,43.0099983215332,43.22999954223633,25.919822692871094,1700000,0.0,0.0
2010-09-08,43.27000045776367,43.97999954223633,42.939998626708984,43.029998779296875,25.799898147583008,1643000,0.0,0.0
2010-09-09,43.52000045776367,43.650001525878906,43.029998779296875,43.04999923706055,25.8118896484375,1428300,0.0,0.0
2010-09-10,43.150001525878906,43.380001068115234,42.959999084472656,43.34000015258789,25.985774993896484,1271100,0.0,0.0
2010-09-13,43.70000076293945,44.279998779296875,43.599998474121094,44.09000015258789,26.43545913696289,1070700,0.0,0.0
2010-09-14,44.06999969482422,44.16999816894531,43.75,43.900001525878906,26.321544647216797,650000,0.0,0.0
2010-09-15,43.72999954223633,44.5,43.52000045776367,44.36000061035156,26.59735107421875,935300,0.0,0.0
2010-09-16,44.29999923706055,44.47999954223633,43.900001525878906,44.43000030517578,26.639310836791992,949000,0.0,0.0
2010-09-17,44.5099983215332,45.130001068115234,44.5,44.70000076293945,26.801198959350586,2133700,0.0,0.0
2010-09-20,44.709999084472656,45.54999923706055,44.650001525878906,45.380001068115234,27.20891761779785,1366600,0.0,0.0
2010-09-21,45.529998779296875,45.529998779296875,44.86000061035156,45.0,26.981081008911133,1063600,0.0,0.0
2010-09-22,44.869998931884766,45.150001525878906,43.68000030517578,43.7599983215332,26.237600326538086,1424800,0.0,0.0
2010-09-23,43.5,44.2400016784668,43.220001220703125,43.720001220703125,26.213613510131836,1130400,0.0,0.0
2010-09-24,44.22999954223633,44.630001068115234,44.20000076293945,44.380001068115234,26.609338760375977,966800,0.0,0.0
2010-09-27,44.400001525878906,45.22999954223633,44.220001220703125,45.029998779296875,26.999061584472656,1171700,0.0,0.0
2010-09-28,45.029998779296875,45.369998931884766,44.25,45.209999084472656,27.10698890686035,733400,0.0,0.0
2010-09-29,45.0099983215332,45.11000061035156,44.349998474121094,45.040000915527344,27.005054473876953,954300,0.0,0.0
2010-09-30,45.2599983215332,45.849998474121094,44.33000183105469,44.5099983215332,26.68727684020996,1463400,0.0,0.0
2010-10-01,45.119998931884766,45.18000030517578,44.2400016784668,44.61000061035156,26.747243881225586,793300,0.0,0.0
2010-10-04,44.70000076293945,45.369998931884766,44.25,44.54999923706055,26.711261749267578,783800,0.0,0.0
2010-10-05,45.08000183105469,45.91999816894531,44.84000015258789,45.790000915527344,27.454753875732422,1175200,0.0,0.0
2010-10-06,45.75,46.040000915527344,45.52000045776367,45.79999923706055,27.460744857788086,1060800,0.0,0.0
2010-10-07,46.0099983215332,46.150001525878906,45.06999969482422,45.38999938964844,27.214908599853516,773500,0.0,0.0
2010-10-08,45.58000183105469,45.7599983215332,45.09000015258789,45.63999938964844,27.364797592163086,965000,0.0,0.0
2010-10-11,45.72999954223633,46.029998779296875,45.61000061035156,45.90999984741211,27.526700973510742,876900,0.0,0.0
2010-10-12,45.86000061035156,45.86000061035156,45.20000076293945,45.7599983215332,27.436752319335938,781100,0.0,0.0
2010-10-13,45.97999954223633,46.56999969482422,45.88999938964844,46.119998931884766,27.65260887145996,989600,0.0,0.0
2010-10-14,46.220001220703125,46.369998931884766,45.689998626708984,45.970001220703125,27.562664031982422,985900,0.0,0.0
2010-10-15,45.29999923706055,45.720001220703125,44.45000076293945,45.08000183105469,27.02904510498047,2651600,0.0,0.0
2010-10-18,48.0,48.779998779296875,46.70000076293945,46.810001373291016,28.06629753112793,3575200,0.0,0.0
2010-10-19,46.310001373291016,46.599998474121094,45.52000045776367,46.209999084472656,27.706554412841797,1870100,0.0,0.0
2010-10-20,46.310001373291016,46.599998474121094,45.869998931884766,46.25,27.730554580688477,1197200,0.0,0.0
2010-10-21,46.41999816894531,46.41999816894531,45.52000045776367,45.68000030517578,27.38880157470703,1637000,0.0,0.0
2010-10-22,45.7599983215332,46.029998779296875,45.70000076293945,46.0,27.580659866333008,847100,0.0,0.0
2010-10-25,46.119998931884766,46.75,45.81999969482422,45.959999084472656,27.55667495727539,931200,0.0,0.0
2010-10-26,45.81999969482422,46.18000030517578,45.54999923706055,45.91999816894531,27.532682418823242,1193600,0.0,0.0
2010-10-27,45.619998931884766,46.209999084472656,45.2599983215332,45.91999816894531,27.532682418823242,956000,0.0,0.0
2010-10-28,45.959999084472656,46.040000915527344,45.29999923706055,45.7599983215332,27.58695411682129,826000,0.25,0.0
2010-10-29,45.77000045776367,46.310001373291016,45.47999954223633,46.25,27.88234519958496,1193600,0.0,0.0
2010-11-01,46.470001220703125,46.790000915527344,46.25,46.650001525878906,28.12348747253418,976900,0.0,0.0
2010-11-02,46.97999954223633,47.400001525878906,46.720001220703125,47.31999969482422,28.527408599853516,1354700,0.0,0.0
2010-11-03,47.40999984741211,47.5099983215332,46.81999969482422,47.150001525878906,28.424928665161133,996800,0.0,0.0
2010-11-04,47.560001373291016,47.560001373291016,46.79999923706055,47.27000045776367,28.497257232666016,1272500,0.0,0.0
2010-11-05,47.34000015258789,47.400001525878906,46.84000015258789,47.2599983215332,28.49123191833496,876800,0.0,0.0
2010-11-08,47.09000015258789,47.369998931884766,46.79999923706055,47.31999969482422,28.527408599853516,611800,0.0,0.0
2010-11-09,47.400001525878906,47.459999084472656,46.47999954223633,46.66999816894531,28.135543823242188,902200,0.0,0.0
2010-11-10,46.720001220703125,46.91999816894531,46.31999969482422,46.54999923706055,28.063220977783203,1176200,0.0,0.0
2010-11-11,46.31999969482422,47.45000076293945,46.27000045776367,47.25,28.485210418701172,1131000,0.0,0.0
2010-11-12,47.0,47.2400016784668,46.5,46.81999969482422,28.22597312927246,518700,0.0,0.0
2010-11-15,47.06999969482422,47.16999816894531,46.619998931884766,46.65999984741211,28.1295223236084,522000,0.0,0.0
2010-11-16,46.40999984741211,47.150001525878906,45.709999084472656,45.970001220703125,27.713539123535156,778700,0.0,0.0
2010-11-17,45.77000045776367,46.529998779296875,45.68000030517578,46.41999816894531,27.984832763671875,644800,0.0,0.0
2010-11-18,47.08000183105469,47.54999923706055,46.91999816894531,47.220001220703125,28.467124938964844,649900,0.0,0.0
2010-11-19,47.220001220703125,47.790000915527344,47.06999969482422,47.790000915527344,28.810762405395508,722700,0.0,0.0
2010-11-22,47.709999084472656,47.79999923706055,46.970001220703125,47.220001220703125,28.467124938964844,1142500,0.0,0.0
2010-11-23,46.779998779296875,47.2599983215332,46.54999923706055,47.220001220703125,28.467124938964844,920200,0.0,0.0
2010-11-24,47.619998931884766,47.849998474121094,47.40999984741211,47.56999969482422,28.678123474121094,892900,0.0,0.0
2010-11-26,47.29999923706055,47.79999923706055,47.0099983215332,47.720001220703125,28.768545150756836,627300,0.0,0.0
2010-11-29,47.25,47.290000915527344,46.5,47.02000045776367,28.346542358398438,1620500,0.0,0.0
2010-11-30,46.72999954223633,47.9900016784668,46.63999938964844,47.65999984741211,28.73237419128418,2266100,0.0,0.0
2010-12-01,48.130001068115234,48.5,47.7400016784668,47.7599983215332,28.792661666870117,1193900,0.0,0.0
2010-12-02,47.93000030517578,49.04999923706055,47.790000915527344,49.040000915527344,29.5643253326416,1150100,0.0,0.0
2010-12-03,48.779998779296875,49.5,48.70000076293945,49.38999938964844,29.77533721923828,1114400,0.0,0.0
2010-12-06,49.400001525878906,49.66999816894531,49.0099983215332,49.279998779296875,29.70900535583496,1116600,0.0,0.0
2010-12-07,49.72999954223633,50.16999816894531,49.61000061035156,49.689998626708984,29.956192016601562,967300,0.0,0.0
2010-12-08,49.79999923706055,50.0099983215332,49.400001525878906,49.439998626708984,29.805477142333984,756900,0.0,0.0
2010-12-09,49.70000076293945,49.70000076293945,49.029998779296875,49.41999816894531,29.79343605041504,489000,0.0,0.0
2010-12-10,49.68000030517578,49.810001373291016,49.33000183105469,49.650001525878906,29.93208122253418,501500,0.0,0.0
2010-12-13,49.95000076293945,49.95000076293945,48.369998931884766,48.38999938964844,29.172475814819336,1260500,0.0,0.0
2010-12-14,48.5,49.75,48.5,48.790000915527344,29.413610458374023,835500,0.0,0.0
2010-12-15,48.90999984741211,49.0,48.439998626708984,48.630001068115234,29.317163467407227,680000,0.0,0.0
2010-12-16,48.7400016784668,49.380001068115234,48.4900016784668,49.2599983215332,29.696962356567383,796500,0.0,0.0
2010-12-17,49.34000015258789,49.4900016784668,48.900001525878906,49.439998626708984,29.805477142333984,1422200,0.0,0.0
2010-12-20,49.47999954223633,49.58000183105469,49.11000061035156,49.31999969482422,29.733123779296875,657400,0.0,0.0
2010-12-21,49.709999084472656,49.7400016784668,48.9900016784668,49.27000045776367,29.702987670898438,572600,0.0,0.0
2010-12-22,49.540000915527344,49.7400016784668,49.16999816894531,49.619998931884766,29.913986206054688,335100,0.0,0.0
2010-12-23,49.630001068115234,49.630001068115234,48.5,48.52000045776367,29.250850677490234,604300,0.0,0.0
2010-12-27,48.45000076293945,48.70000076293945,48.11000061035156,48.5099983215332,29.24481201171875,515900,0.0,0.0
2010-12-28,48.66999816894531,48.689998626708984,47.20000076293945,47.40999984741211,28.581666946411133,1012500,0.0,0.0
2010-12-29,47.59000015258789,48.290000915527344,47.400001525878906,48.25,29.08807945251465,583900,0.0,0.0
2010-12-30,48.20000076293945,48.459999084472656,48.099998474121094,48.290000915527344,29.112171173095703,1803600,0.0,0.0
2010-12-31,48.150001525878906,48.290000915527344,46.90999984741211,47.18000030517578,28.443002700805664,972200,0.0,0.0
2011-01-03,47.75,47.75,46.0,46.630001068115234,28.111433029174805,2466600,0.0,0.0
2011-01-04,46.58000183105469,46.59000015258789,45.310001373291016,46.0099983215332,27.73766326904297,1543100,0.0,0.0
2011-01-05,45.66999816894531,46.56999969482422,45.290000915527344,46.2400016784668,27.876319885253906,1423100,0.0,0.0
2011-01-06,46.33000183105469,46.33000183105469,45.380001068115234,46.04999923706055,27.76177406311035,1715800,0.0,0.0
2011-01-07,46.189998626708984,46.5099983215332,45.689998626708984,46.06999969482422,27.773832321166992,1552200,0.0,0.0
2011-01-10,45.97999954223633,46.220001220703125,45.61000061035156,45.97999954223633,27.719572067260742,1455200,0.0,0.0
2011-01-11,46.34000015258789,46.970001220703125,45.880001068115234,45.9900016784668,27.725601196289062,2376800,0.0,0.0
2011-01-12,46.20000076293945,46.209999084472656,44.959999084472656,45.040000915527344,27.15288543701172,2313600,0.0,0.0
2011-01-13,44.90999984741211,44.939998626708984,44.209999084472656,44.650001525878906,26.917768478393555,2224200,0.0,0.0
2011-01-14,42.86000061035156,45.33000183105469,42.540000915527344,44.4900016784668,26.82131576538086,6680600,0.0,0.0
2011-01-18,44.25,44.459999084472656,43.66999816894531,44.04999923706055,26.556062698364258,2737400,0.0,0.0
2011-01-19,44.099998474121094,44.81999969482422,44.0099983215332,44.54999923706055,26.85747528076172,1975200,0.0,0.0
2011-01-20,44.459999084472656,44.7599983215332,44.2599983215332,44.65999984741211,26.92379379272461,1397700,0.0,0.0
2011-01-21,45.0,45.279998779296875,44.54999923706055,44.61000061035156,26.893657684326172,1616800,0.0,0.0
2011-01-24,44.560001373291016,44.619998931884766,43.939998626708984,44.4900016784668,26.82131576538086,1941900,0.0,0.0
2011-01-25,44.439998626708984,44.540000915527344,43.810001373291016,44.43000030517578,26.785144805908203,1533400,0.0,0.0
2011-01-26,44.54999923706055,44.97999954223633,44.38999938964844,44.849998474121094,27.038339614868164,1412600,0.0,0.0
2011-01-27,44.77000045776367,45.09000015258789,44.61000061035156,44.97999954223633,27.116714477539062,1008200,0.0,0.0
2011-01-28,44.779998779296875,45.04999923706055,43.810001373291016,43.90999984741211,26.619600296020508,1099000,0.25,0.0
2011-01-31,44.09000015258789,44.310001373291016,43.79999923706055,44.09000015258789,26.72871971130371,1301000,0.0,0.0
2011-02-01,44.36000061035156,44.4900016784668,43.47999954223633,43.86000061035156,26.58929443359375,2358600,0.0,0.0
2011-02-02,43.790000915527344,44.209999084472656,43.09000015258789,43.38999938964844,26.304365158081055,1960700,0.0,0.0
2011-02-03,43.29999923706055,44.709999084472656,43.29999923706055,44.58000183105469,27.025781631469727,2097400,0.0,0.0
2011-02-04,44.7599983215332,45.04999923706055,44.439998626708984,44.81999969482422,27.17127227783203,1113900,0.0,0.0
2011-02-07,43.45000076293945,45.81999969482422,43.45000076293945,45.630001068115234,27.662317276000977,2188600,0.0,0.0
2011-02-08,45.59000015258789,45.849998474121094,45.209999084472656,45.83000183105469,27.78356170654297,766800,0.0,0.0
2011-02-09,45.720001220703125,46.02000045776367,45.29999923706055,45.5099983215332,27.589580535888672,1045600,0.0,0.0
2011-02-10,45.38999938964844,45.72999954223633,45.189998626708984,45.689998626708984,27.698705673217773,924400,0.0,0.0
2011-02-11,45.459999084472656,45.75,45.31999969482422,45.45000076293945,27.553190231323242,1171900,0.0,0.0
2011-02-14,45.27000045776367,45.27000045776367,44.90999984741211,45.08000183105469,27.328895568847656,1164100,0.0,0.0
2011-02-15,44.779998779296875,45.0099983215332,44.040000915527344,44.25,26.825725555419922,1657800,0.0,0.0
2011-02-16,44.4900016784668,45.0,44.220001220703125,44.7599983215332,27.13489532470703,2251900,0.0,0.0
2011-02-17,44.59000015258789,46.15999984741211,44.58000183105469,45.61000061035156,27.650192260742188,1482800,0.0,0.0
2011-02-18,45.52000045776367,45.86000061035156,45.52000045776367,45.7400016784668,27.7289981842041,911700,0.0,0.0
2011-02-22,45.2599983215332,45.56999969482422,44.83000183105469,45.02000045776367,27.292526245117188,1039000,0.0,0.0
2011-02-23,44.90999984741211,44.9900016784668,43.79999923706055,44.099998474121094,26.734786987304688,1516300,0.0,0.0
2011-02-24,43.970001220703125,44.33000183105469,43.47999954223633,44.040000915527344,26.698421478271484,1278000,0.0,0.0
2011-02-25,44.09000015258789,44.70000076293945,43.90999984741211,44.61000061035156,27.043973922729492,1023000,0.0,0.0
2011-02-28,44.650001525878906,45.099998474121094,44.529998779296875,44.900001525878906,27.21977424621582,1078200,0.0,0.0
2011-03-01,44.849998474121094,45.15999984741211,44.540000915527344,44.560001373291016,27.013647079467773,1335600,0.0,0.0
2011-03-02,44.33000183105469,45.099998474121094,44.119998931884766,45.0,27.280406951904297,942100,0.0,0.0
2011-03-03,45.2599983215332,46.27000045776367,45.209999084472656,46.130001068115234,27.965442657470703,841400,0.0,0.0
2011-03-04,46.150001525878906,46.66999816894531,46.0099983215332,46.59000015258789,28.24430274963379,1856300,0.0,0.0
2011-03-07,46.88999938964844,47.209999084472656,46.54999923706055,47.0,28.49286460876465,2050200,0.0,0.0
2011-03-08,47.150001525878906,47.4900016784668,46.93000030517578,47.33000183105469,28.692920684814453,1165200,0.0,0.0
2011-03-09,47.130001068115234,47.36000061035156,46.790000915527344,47.33000183105469,28.692920684814453,1073600,0.0,0.0
2011-03-10,46.90999984741211,47.27000045776367,46.650001525878906,46.91999816894531,28.444364547729492,1166100,0.0,0.0
2011-03-11,46.7400016784668,47.0,46.45000076293945,46.86000061035156,28.407987594604492,1214600,0.0,0.0
2011-03-14,46.65999984741211,47.0,46.380001068115234,46.68000030517578,28.298864364624023,959500,0.0,0.0
2011-03-15,45.97999954223633,46.36000061035156,45.58000183105469,46.040000915527344,27.910877227783203,1669800,0.0,0.0
2011-03-16,46.02000045776367,46.189998626708984,45.4900016784668,45.619998931884766,27.656259536743164,1288700,0.0,0.0
2011-03-17,46.22999954223633,46.25,45.689998626708984,45.77000045776367,27.7471866607666,1177900,0.0,0.0
2011-03-18,46.38999938964844,46.4900016784668,46.09000015258789,46.279998779296875,28.056371688842773,1112200,0.0,0.0
2011-03-21,46.58000183105469,46.9900016784668,46.43000030517578,46.70000076293945,28.310985565185547,772700,0.0,0.0
2011-03-22,46.619998931884766,46.70000076293945,45.970001220703125,45.97999954223633,27.874492645263672,686800,0.0,0.0
2011-03-23,45.959999084472656,46.369998931884766,45.380001068115234,46.220001220703125,28.019987106323242,475100,0.0,0.0
2011-03-24,46.34000015258789,46.939998626708984,46.150001525878906,46.880001068115234,28.420116424560547,586100,0.0,0.0
2011-03-25,46.900001525878906,47.5099983215332,46.66999816894531,47.220001220703125,28.62622833251953,520400,0.0,0.0
2011-03-28,47.2400016784668,47.369998931884766,46.75,46.75,28.341299057006836,467700,0.0,0.0
2011-03-29,46.77000045776367,47.02000045776367,46.40999984741211,46.84000015258789,28.395862579345703,2128100,0.0,0.0
2011-03-30,47.08000183105469,47.400001525878906,46.84000015258789,47.29999923706055,28.67471694946289,949300,0.0,0.0
2011-03-31,47.209999084472656,47.41999816894531,46.81999969482422,46.84000015258789,28.395862579345703,1067600,0.0,0.0
2011-04-01,47.15999984741211,47.61000061035156,47.15999984741211,47.38999938964844,28.72927474975586,1148000,0.0,0.0
2011-04-04,47.45000076293945,47.529998779296875,47.02000045776367,47.189998626708984,28.608030319213867,1010900,0.0,0.0
2011-04-05,47.02000045776367,47.150001525878906,46.27000045776367,47.119998931884766,28.56560707092285,2134500,0.0,0.0
2011-04-06,47.189998626708984,47.630001068115234,47.119998931884766,47.2599983215332,28.650476455688477,849500,0.0,0.0
2011-04-07,47.11000061035156,47.599998474121094,46.900001525878906,47.290000915527344,28.668663024902344,597700,0.0,0.0
2011-04-08,47.59000015258789,47.66999816894531,46.709999084472656,46.84000015258789,28.395862579345703,1079700,0.0,0.0
2011-04-11,46.86000061035156,47.41999816894531,46.77000045776367,46.93000030517578,28.450420379638672,834400,0.0,0.0
2011-04-12,46.5099983215332,46.86000061035156,45.54999923706055,45.66999816894531,27.686567306518555,1950400,0.0,0.0
2011-04-13,45.77000045776367,46.08000183105469,45.5,45.790000915527344,27.759319305419922,1449000,0.0,0.0
2011-04-14,45.40999984741211,46.0,44.099998474121094,44.400001525878906,26.916658401489258,4111100,0.0,0.0
2011-04-15,44.720001220703125,45.56999969482422,44.279998779296875,44.79999923706055,27.159154891967773,2213700,0.0,0.0
2011-04-18,44.25,44.619998931884766,44.0,44.310001373291016,26.862091064453125,1287800,0.0,0.0
2011-04-19,44.38999938964844,44.63999938964844,44.09000015258789,44.220001220703125,26.807527542114258,1127900,0.0,0.0
2011-04-20,44.779998779296875,45.029998779296875,44.400001525878906,44.90999984741211,27.225826263427734,1761700,0.0,0.0
2011-04-21,45.0,45.0,44.439998626708984,44.54999923706055,27.007583618164062,1293900,0.0,0.0
2011-04-25,44.41999816894531,45.66999816894531,44.11000061035156,45.65999984741211,27.680511474609375,1612300,0.0,0.0
2011-04-26,45.91999816894531,46.45000076293945,45.70000076293945,46.13999938964844,27.971498489379883,1600000,0.0,0.0
2011-04-27,46.119998931884766,46.33000183105469,45.95000076293945,46.209999084472656,28.01394271850586,1127600,0.0,0.0
2011-04-28,45.95000076293945,46.59000015258789,45.95000076293945,46.470001220703125,28.355642318725586,1002200,0.3,0.0
2011-04-29,46.59000015258789,46.93000030517578,46.45000076293945,46.84000015258789,28.5814151763916,1588300,0.0,0.0
2011-05-02,47.0,47.5,46.880001068115234,47.189998626708984,28.794971466064453,1581200,0.0,0.0
2011-05-03,46.959999084472656,47.150001525878906,46.650001525878906,46.939998626708984,28.642427444458008,1301000,0.0,0.0
2011-05-04,46.810001373291016,47.58000183105469,46.810001373291016,47.47999954223633,28.971933364868164,1350600,0.0,0.0
2011-05-05,47.09000015258789,47.91999816894531,47.060001373291016,47.29999923706055,28.862091064453125,1200000,0.0,0.0
2011-05-06,47.560001373291016,47.869998931884766,47.119998931884766,47.34000015258789,28.886499404907227,1009700,0.0,0.0
2011-05-09,47.279998779296875,47.439998626708984,46.90999984741211,46.91999816894531,28.630231857299805,638600,0.0,0.0
2011-05-10,46.869998931884766,47.720001220703125,46.869998931884766,47.61000061035156,29.051273345947266,603600,0.0,0.0
2011-05-11,47.61000061035156,47.93000030517578,47.459999084472656,47.720001220703125,29.118377685546875,1000000,0.0,0.0
2011-05-12,47.4900016784668,48.34000015258789,47.4900016784668,48.33000183105469,29.490598678588867,1300000,0.0,0.0
2011-05-13,48.31999969482422,48.43000030517578,47.959999084472656,48.04999923706055,29.31974220275879,854600,0.0,0.0
2011-05-16,47.86000061035156,48.099998474121094,47.75,47.810001373291016,29.17328643798828,641200,0.0,0.0
2011-05-17,47.59000015258789,47.86000061035156,46.84000015258789,46.93000030517578,28.63633155822754,1351900,0.0,0.0
2011-05-18,47.02000045776367,47.58000183105469,46.880001068115234,47.5099983215332,28.990243911743164,669000,0.0,0.0
2011-05-19,47.43000030517578,48.04999923706055,47.31999969482422,47.970001220703125,29.27092170715332,904100,0.0,0.0
2011-05-20,47.880001068115234,47.880001068115234,47.06999969482422,47.4900016784668,28.978038787841797,704700,0.0,0.0
2011-05-23,46.81999969482422,47.7400016784668,46.65999984741211,47.40999984741211,28.929222106933594,887500,0.0,0.0
2011-05-24,47.47999954223633,47.5,46.849998474121094,47.0099983215332,28.685138702392578,1012500,0.0,0.0
2011-05-25,46.7400016784668,46.970001220703125,46.36000061035156,46.7400016784668,28.520401000976562,730000,0.0,0.0
2011-05-26,46.77000045776367,46.77000045776367,45.709999084472656,46.380001068115234,28.30072784423828,1432600,0.0,0.0
2011-05-27,46.61000061035156,46.61000061035156,45.45000076293945,45.5,27.763748168945312,1203800,0.0,0.0
2011-05-31,45.810001373291016,46.0,45.56999969482422,45.7400016784668,27.91019630432129,2399400,0.0,0.0
2011-06-01,45.54999923706055,46.529998779296875,45.31999969482422,45.36000061035156,27.678333282470703,2713600,0.0,0.0
2011-06-02,45.470001220703125,45.7400016784668,44.959999084472656,45.02000045776367,27.470869064331055,1359300,0.0,0.0
2011-06-03,44.66999816894531,44.75,43.9900016784668,44.36000061035156,27.068138122558594,2141000,0.0,0.0
2011-06-06,44.16999816894531,44.439998626708984,43.869998931884766,44.349998474121094,27.062028884887695,1649500,0.0,0.0
2011-06-07,44.52000045776367,44.880001068115234,43.470001220703125,43.529998779296875,26.561677932739258,1594800,0.0,0.0
2011-06-08,43.5,43.56999969482422,42.939998626708984,43.02000045776367,26.250476837158203,908300,0.0,0.0
2011-06-09,43.150001525878906,43.61000061035156,43.029998779296875,43.31999969482422,26.433544158935547,749500,0.0,0.0
2011-06-10,43.060001373291016,43.20000076293945,42.630001068115234,42.66999816894531,26.036903381347656,818900,0.0,0.0
2011-06-13,42.720001220703125,43.18000030517578,42.70000076293945,42.90999984741211,26.183359146118164,1103000,0.0,0.0
2011-06-14,43.36000061035156,43.880001068115234,43.290000915527344,43.56999969482422,26.586082458496094,1082400,0.0,0.0
2011-06-15,43.209999084472656,43.70000076293945,43.13999938964844,43.599998474121094,26.60438346862793,1338300,0.0,0.0
2011-06-16,43.5,44.0,43.29999923706055,43.470001220703125,26.525062561035156,837300,0.0,0.0
2011-06-17,43.86000061035156,44.0099983215332,43.36000061035156,43.36000061035156,26.457935333251953,863400,0.0,0.0
2011-06-20,43.209999084472656,44.099998474121094,43.209999084472656,44.06999969482422,26.891183853149414,676900,0.0,0.0
2011-06-21,44.13999938964844,44.5,43.91999816894531,43.97999954223633,26.836257934570312,869500,0.0,0.0
2011-06-22,43.7400016784668,44.130001068115234,43.709999084472656,43.849998474121094,26.756935119628906,1261200,0.0,0.0
2011-06-23,43.41999816894531,43.86000061035156,43.189998626708984,43.650001525878906,26.63490104675293,1129100,0.0,0.0
2011-06-24,43.77000045776367,43.9900016784668,43.15999984741211,43.349998474121094,26.451839447021484,707200,0.0,0.0
2011-06-27,43.45000076293945,44.0099983215332,43.43000030517578,43.75,26.695911407470703,811600,0.0,0.0
2011-06-28,44.310001373291016,44.65999984741211,43.790000915527344,44.619998931884766,27.22679328918457,1054500,0.0,0.0
2011-06-29,44.7400016784668,44.79999923706055,44.13999938964844,44.349998474121094,27.062028884887695,806200,0.0,0.0
2011-06-30,44.40999984741211,44.599998474121094,43.79999923706055,43.93000030517578,26.805749893188477,2098500,0.0,0.0
2011-07-01,44.04999923706055,45.29999923706055,44.04999923706055,45.2599983215332,27.61730194091797,1448300,0.0,0.0
2011-07-05,45.310001373291016,46.0099983215332,45.20000076293945,46.0,28.068845748901367,1614500,0.0,0.0
2011-07-06,45.97999954223633,46.0099983215332,45.20000076293945,45.43000030517578,27.72104263305664,1380800,0.0,0.0
2011-07-07,45.709999084472656,45.939998626708984,45.2599983215332,45.68000030517578,27.873594284057617,997500,0.0,0.0
2011-07-08,45.130001068115234,45.209999084472656,44.06999969482422,44.650001525878906,27.245098114013672,1398100,0.0,0.0
2011-07-11,44.040000915527344,44.040000915527344,42.91999816894531,43.09000015258789,26.29319190979004,2318100,0.0,0.0
2011-07-12,42.97999954223633,43.61000061035156,42.97999954223633,43.25,26.39082145690918,1473900,0.0,0.0
2011-07-13,43.470001220703125,43.560001373291016,42.36000061035156,42.38999938964844,25.866056442260742,2026700,0.0,0.0
2011-07-14,42.59000015258789,42.59000015258789,41.25,41.310001373291016,25.207048416137695,4096100,0.0,0.0
2011-07-15,41.939998626708984,42.380001068115234,41.04999923706055,41.369998931884766,25.24365997314453,5872600,0.0,0.0
2011-07-18,41.09000015258789,41.29999923706055,39.310001373291016,39.400001525878906,24.041576385498047,7007800,0.0,0.0
2011-07-19,39.560001373291016,39.72999954223633,38.77000045776367,39.40999984741211,24.04768180847168,3822000,0.0,0.0
2011-07-20,39.400001525878906,39.66999816894531,39.16999816894531,39.369998931884766,24.023269653320312,1566900,0.0,0.0
2011-07-21,39.47999954223633,39.83000183105469,39.279998779296875,39.459999084472656,24.07819366455078,1888800,0.0,0.0
2011-07-22,39.779998779296875,40.72999954223633,39.65999984741211,40.5,24.71279525756836,2609000,0.0,0.0
2011-07-25,40.25,40.779998779296875,39.959999084472656,40.41999816894531,24.663976669311523,2832300,0.0,0.0
2011-07-26,40.529998779296875,40.599998474121094,40.11000061035156,40.29999923706055,24.59075927734375,1729100,0.0,0.0
2011-07-27,40.16999816894531,40.369998931884766,39.689998626708984,39.88999938964844,24.340572357177734,2718900,0.0,0.0
2011-07-28,39.7599983215332,40.34000015258789,39.5,39.70000076293945,24.40821075439453,1828000,0.3,0.0
2011-07-29,39.349998474121094,39.81999969482422,39.099998474121094,39.560001373291016,24.322124481201172,1975900,0.0,0.0
2011-08-01,39.790000915527344,39.86000061035156,39.029998779296875,39.43000030517578,24.242198944091797,2286100,0.0,0.0
2011-08-02,39.130001068115234,39.15999984741211,37.86000061035156,37.86000061035156,23.276945114135742,2226400,0.0,0.0
2011-08-03,37.939998626708984,38.810001373291016,37.63999938964844,38.66999816894531,23.77494239807129,2304900,0.0,0.0
2011-08-04,38.36000061035156,38.5099983215332,37.27000045776367,37.27000045776367,22.914203643798828,2257800,0.0,0.0
2011-08-05,37.630001068115234,38.099998474121094,36.380001068115234,37.25,22.901912689208984,2735100,0.0,0.0
2011-08-08,36.52000045776367,36.869998931884766,34.459999084472656,34.5,21.211156845092773,3035600,0.0,0.0
2011-08-09,34.959999084472656,35.72999954223633,33.81999969482422,35.68000030517578,21.936643600463867,4150600,0.0,0.0
2011-08-10,35.209999084472656,36.599998474121094,34.900001525878906,35.5,21.825979232788086,4150300,0.0,0.0
2011-08-11,35.790000915527344,37.349998474121094,35.560001373291016,36.95000076293945,22.717458724975586,3135300,0.0,0.0
2011-08-12,37.029998779296875,37.7599983215332,36.630001068115234,37.45000076293945,23.024871826171875,2065500,0.0,0.0
2011-08-15,37.720001220703125,38.0099983215332,37.34000015258789,37.880001068115234,23.28923988342285,1714300,0.0,0.0
2011-08-16,37.290000915527344,38.15999984741211,37.2400016784668,37.52000045776367,23.067899703979492,2459000,0.0,0.0
2011-08-17,37.84000015258789,38.06999969482422,37.29999923706055,37.52000045776367,23.067899703979492,2031200,0.0,0.0
2011-08-18,36.4900016784668,36.869998931884766,35.400001525878906,35.720001220703125,21.96123695373535,1979300,0.0,0.0
2011-08-19,35.349998474121094,37.27000045776367,35.18000030517578,36.43000030517578,22.397754669189453,2459300,0.0,0.0
2011-08-22,37.15999984741211,37.2400016784668,36.470001220703125,36.709999084472656,22.569902420043945,1415000,0.0,0.0
2011-08-23,36.79999923706055,37.689998626708984,36.33000183105469,37.59000015258789,23.11094093322754,2088600,0.0,0.0
2011-08-24,37.459999084472656,38.20000076293945,37.34000015258789,37.9900016784668,23.356870651245117,1620400,0.0,0.0
2011-08-25,38.2599983215332,38.380001068115234,37.04999923706055,37.04999923706055,22.77893829345703,1529700,0.0,0.0
2011-08-26,36.880001068115234,37.15999984741211,35.95000076293945,36.81999969482422,22.637531280517578,2023100,0.0,0.0
2011-08-29,37.189998626708984,37.900001525878906,37.0,37.68000030517578,23.166276931762695,2126100,0.0,0.0
2011-08-30,37.58000183105469,38.34000015258789,37.5,38.08000183105469,23.41221046447754,1588100,0.0,0.0
2011-08-31,38.290000915527344,38.91999816894531,38.09000015258789,38.7400016784668,23.8179874420166,2339200,0.0,0.0
2011-09-01,38.90999984741211,39.029998779296875,37.66999816894531,37.709999084472656,23.18471336364746,1476700,0.0,0.0
2011-09-02,37.0099983215332,37.25,36.43000030517578,36.4900016784668,22.434642791748047,953000,0.0,0.0
2011-09-06,35.5099983215332,35.779998779296875,35.0,35.5,21.825979232788086,2074000,0.0,0.0
2011-09-07,36.0099983215332,36.36000061035156,35.880001068115234,36.31999969482422,22.330121994018555,1827800,0.0,0.0
2011-09-08,35.97999954223633,36.630001068115234,35.91999816894531,36.380001068115234,22.367015838623047,1769300,0.0,0.0
2011-09-09,35.88999938964844,36.41999816894531,35.56999969482422,36.279998779296875,22.30553436279297,2114200,0.0,0.0
2011-09-12,35.72999954223633,36.0,35.130001068115234,35.790000915527344,22.004268646240234,3031800,0.0,0.0
2011-09-13,35.5,36.25,35.29999923706055,36.029998779296875,22.15182876586914,2444200,0.0,0.0
2011-09-14,36.2599983215332,37.41999816894531,35.70000076293945,37.060001373291016,22.78508758544922,3519300,0.0,0.0
2011-09-15,37.189998626708984,37.29999923706055,36.029998779296875,36.150001525878906,22.22562026977539,2142800,0.0,0.0
2011-09-16,36.29999923706055,36.709999084472656,35.689998626708984,36.02000045776367,22.145681381225586,4965200,0.0,0.0
2011-09-19,35.56999969482422,36.0099983215332,35.27000045776367,35.72999954223633,21.967378616333008,1320100,0.0,0.0
2011-09-20,35.86000061035156,35.970001220703125,35.290000915527344,35.349998474121094,21.733755111694336,1587900,0.0,0.0
2011-09-21,35.290000915527344,35.70000076293945,34.61000061035156,34.619998931884766,21.28493309020996,1519500,0.0,0.0
2011-09-22,33.77000045776367,34.380001068115234,33.209999084472656,34.209999084472656,21.03286361694336,3069900,0.0,0.0
2011-09-23,34.09000015258789,34.65999984741211,34.02000045776367,34.45000076293945,21.180421829223633,1703900,0.0,0.0
2011-09-26,34.75,35.130001068115234,34.220001220703125,35.08000183105469,21.567752838134766,1843000,0.0,0.0
2011-09-27,35.56999969482422,35.88999938964844,34.86000061035156,35.02000045776367,21.53087043762207,1933200,0.0,0.0
2011-09-28,35.0099983215332,35.220001220703125,34.0099983215332,34.06999969482422,20.94679069519043,1721300,0.0,0.0
2011-09-29,34.130001068115234,34.439998626708984,33.470001220703125,34.029998779296875,20.922203063964844,2065900,0.0,0.0
2011-09-30,33.630001068115234,33.779998779296875,32.560001373291016,32.61000061035156,20.049158096313477,2504500,0.0,0.0
2011-10-03,32.29999923706055,33.099998474121094,31.969999313354492,31.989999771118164,19.667972564697266,2427000,0.0,0.0
2011-10-04,31.56999969482422,32.63999938964844,31.360000610351562,32.27000045776367,19.84012222290039,2782400,0.0,0.0
2011-10-05,32.22999954223633,33.630001068115234,32.16999816894531,33.54999923706055,20.62708282470703,3031400,0.0,0.0
2011-10-06,33.63999938964844,33.65999984741211,33.189998626708984,33.5099983215332,20.602493286132812,1464300,0.0,0.0
2011-10-07,33.5,34.0,33.20000076293945,33.25,20.44264030456543,2394900,0.0,0.0
2011-10-10,33.68000030517578,34.77000045776367,33.61000061035156,34.7400016784668,21.35871696472168,1548200,0.0,0.0
2011-10-11,34.369998931884766,35.099998474121094,33.86000061035156,34.849998474121094,21.426349639892578,2258700,0.0,0.0
2011-10-12,34.9900016784668,35.220001220703125,34.45000076293945,34.84000015258789,21.420194625854492,2672300,0.0,0.0
2011-10-13,34.66999816894531,35.130001068115234,34.27000045776367,34.34000015258789,21.1127872467041,1907700,0.0,0.0
2011-10-14,34.43000030517578,34.77000045776367,33.79999923706055,34.75,21.36486053466797,1974800,0.0,0.0
2011-10-17,33.54999923706055,35.2599983215332,32.84000015258789,34.9900016784668,21.51241683959961,3552800,0.0,0.0
2011-10-18,34.09000015258789,34.970001220703125,33.4900016784668,34.75,21.36486053466797,3804400,0.0,0.0
2011-10-19,34.79999923706055,34.91999816894531,34.130001068115234,34.22999954223633,21.045154571533203,1516400,0.0,0.0
2011-10-20,34.290000915527344,35.04999923706055,34.279998779296875,34.95000076293945,21.487831115722656,1671700,0.0,0.0
2011-10-21,35.310001373291016,35.47999954223633,34.61000061035156,35.08000183105469,21.567752838134766,2167500,0.0,0.0
2011-10-24,35.220001220703125,36.90999984741211,35.119998931884766,36.880001068115234,22.674421310424805,2454600,0.0,0.0
2011-10-25,36.79999923706055,36.90999984741211,36.02000045776367,36.08000183105469,22.18257713317871,1735000,0.0,0.0
2011-10-26,36.52000045776367,37.45000076293945,36.02000045776367,37.16999816894531,22.852718353271484,2418100,0.0,0.0
2011-10-27,38.04999923706055,39.20000076293945,37.959999084472656,38.790000915527344,23.84872055053711,2619200,0.0,0.0
2011-10-28,38.529998779296875,38.720001220703125,37.529998779296875,38.06999969482422,23.58847999572754,2244300,0.3,0.0
2011-10-31,37.900001525878906,38.47999954223633,37.599998474121094,38.060001373291016,23.582290649414062,2186600,0.0,0.0
2011-11-01,37.099998474121094,38.36000061035156,36.75,37.90999984741211,23.489351272583008,2523000,0.0,0.0
2011-11-02,38.33000183105469,38.599998474121094,37.90999984741211,38.52000045776367,23.867311477661133,1986100,0.0,0.0
2011-11-03,38.75,39.02000045776367,37.95000076293945,38.939998626708984,24.127544403076172,1605300,0.0,0.0
2011-11-04,38.7599983215332,38.9900016784668,38.060001373291016,38.65999984741211,23.95405387878418,1058000,0.0,0.0
2011-11-07,38.59000015258789,39.0099983215332,38.189998626708984,38.70000076293945,23.97883415222168,1030600,0.0,0.0
2011-11-08,38.7400016784668,38.970001220703125,38.31999969482422,38.939998626708984,24.127544403076172,949100,0.0,0.0
2011-11-09,38.20000076293945,38.349998474121094,35.720001220703125,36.45000076293945,22.5847225189209,3325200,0.0,0.0
2011-11-10,36.7599983215332,37.15999984741211,36.209999084472656,36.75,22.770601272583008,1692500,0.0,0.0
2011-11-11,37.209999084472656,37.58000183105469,36.90999984741211,37.36000061035156,23.148561477661133,968400,0.0,0.0
2011-11-14,37.33000183105469,37.41999816894531,36.689998626708984,36.849998474121094,22.832563400268555,665200,0.0,0.0
2011-11-15,36.689998626708984,37.43000030517578,36.540000915527344,37.22999954223633,23.06801986694336,715900,0.0,0.0
2011-11-16,37.099998474121094,37.15999984741211,36.220001220703125,36.290000915527344,22.485584259033203,1207600,0.0,0.0
2011-11-17,36.34000015258789,36.36000061035156,35.290000915527344,35.41999816894531,21.946521759033203,1260800,0.0,0.0
2011-11-18,35.7400016784668,36.18000030517578,35.45000076293945,36.029998779296875,22.32448387145996,1027500,0.0,0.0
2011-11-21,35.79999923706055,35.79999923706055,34.709999084472656,35.09000015258789,21.74205207824707,1371300,0.0,0.0
2011-11-22,35.189998626708984,35.2599983215332,34.56999969482422,34.90999984741211,21.63051986694336,1012900,0.0,0.0
2011-11-23,34.75,34.779998779296875,34.13999938964844,34.2599983215332,21.227783203125,1093100,0.0,0.0
2011-11-25,34.38999938964844,34.65999984741211,34.13999938964844,34.150001525878906,21.15962028503418,291200,0.0,0.0
2011-11-28,35.130001068115234,35.900001525878906,34.75,35.099998474121094,21.74825096130371,1041800,0.0,0.0
2011-11-29,35.27000045776367,35.5099983215332,34.7599983215332,34.77000045776367,21.543773651123047,907000,0.0,0.0
2011-11-30,35.72999954223633,35.97999954223633,35.5099983215332,35.810001373291016,22.18816566467285,1346200,0.0,0.0
2011-12-01,35.90999984741211,36.09000015258789,35.349998474121094,35.400001525878906,21.93413543701172,1181200,0.0,0.0
2011-12-02,35.77000045776367,36.470001220703125,35.54999923706055,36.040000915527344,22.330686569213867,1093400,0.0,0.0
2011-12-05,36.47999954223633,37.02000045776367,36.279998779296875,36.779998779296875,22.78919219970703,1210600,0.0,0.0
2011-12-06,36.900001525878906,37.349998474121094,36.36000061035156,37.130001068115234,23.00605010986328,1248000,0.0,0.0
2011-12-07,37.029998779296875,37.20000076293945,36.5,37.029998779296875,22.944093704223633,1244600,0.0,0.0
2011-12-08,36.849998474121094,37.31999969482422,36.369998931884766,36.41999816894531,22.566137313842773,1446400,0.0,0.0
2011-12-09,36.5,36.9900016784668,36.34000015258789,36.7599983215332,22.776805877685547,823200,0.0,0.0
2011-12-12,37.0099983215332,37.0099983215332,36.150001525878906,36.369998931884766,22.5351505279541,847100,0.0,0.0
2011-12-13,36.61000061035156,36.619998931884766,34.720001220703125,34.810001373291016,21.568561553955078,1511200,0.0,0.0
2011-12-14,34.900001525878906,34.900001525878906,33.79999923706055,33.849998474121094,20.97374153137207,1492600,0.0,0.0
2011-12-15,34.0,34.43000030517578,33.36000061035156,34.29999923706055,21.252565383911133,1860600,0.0,0.0
2011-12-16,34.529998779296875,34.68000030517578,33.79999923706055,34.02000045776367,21.079071044921875,2643600,0.0,0.0
2011-12-19,33.619998931884766,33.650001525878906,32.68000030517578,32.779998779296875,20.31075668334961,1933600,0.0,0.0
2011-12-20,33.08000183105469,33.310001373291016,32.599998474121094,32.77000045776367,20.304563522338867,2694200,0.0,0.0
2011-12-21,32.84000015258789,33.20000076293945,32.52000045776367,33.16999816894531,20.552400588989258,1562600,0.0,0.0
2011-12-22,33.04999923706055,33.13999938964844,32.130001068115234,32.15999984741211,19.926605224609375,2137700,0.0,0.0
2011-12-23,32.29999923706055,32.61000061035156,32.099998474121094,32.43000030517578,20.09389305114746,1010000,0.0,0.0
2011-12-27,32.45000076293945,32.459999084472656,31.899999618530273,32.13999938964844,19.91420555114746,1496300,0.0,0.0
2011-12-28,32.310001373291016,32.310001373291016,31.510000228881836,31.649999618530273,19.6106014251709,860200,0.0,0.0
2011-12-29,31.829999923706055,32.16999816894531,31.719999313354492,32.040000915527344,19.852251052856445,915200,0.0,0.0
2011-12-30,32.13999938964844,32.150001525878906,31.790000915527344,31.889999389648438,19.75931167602539,1371800,0.0,0.0
2012-01-03,32.2599983215332,32.560001373291016,32.02000045776367,32.13999938964844,19.91420555114746,2693900,0.0,0.0
2012-01-04,32.20000076293945,32.56999969482422,32.099998474121094,32.56999969482422,20.180644989013672,1758400,0.0,0.0
2012-01-05,32.47999954223633,32.939998626708984,32.400001525878906,32.63999938964844,20.224014282226562,2872700,0.0,0.0
2012-01-06,32.689998626708984,32.75,31.649999618530273,31.899999618530273,19.765499114990234,3105400,0.0,0.0
2012-01-09,32.060001373291016,32.59000015258789,32.0099983215332,32.47999954223633,20.12487030029297,2875000,0.0,0.0
2012-01-10,32.79999923706055,33.04999923706055,32.63999938964844,32.90999984741211,20.391307830810547,1880300,0.0,0.0
2012-01-11,32.93000030517578,33.279998779296875,32.70000076293945,33.25,20.60197639465332,1833400,0.0,0.0
2012-01-12,33.380001068115234,33.400001525878906,32.689998626708984,33.09000015258789,20.502840042114258,1783000,0.0,0.0
2012-01-13,32.81999969482422,33.349998474121094,32.4900016784668,32.689998626708984,20.254989624023438,2227900,0.0,0.0
2012-01-17,32.58000183105469,33.470001220703125,32.56999969482422,33.099998474121094,20.509031295776367,4309000,0.0,0.0
2012-01-18,32.88999938964844,33.189998626708984,32.560001373291016,33.06999969482422,20.490447998046875,2977300,0.0,0.0
2012-01-19,33.20000076293945,33.22999954223633,32.290000915527344,32.75,20.292171478271484,3774800,0.0,0.0
2012-01-20,32.790000915527344,32.91999816894531,32.470001220703125,32.75,20.292171478271484,1838300,0.0,0.0
2012-01-23,32.88999938964844,33.97999954223633,32.849998474121094,33.880001068115234,20.992332458496094,2295700,0.0,0.0
2012-01-24,33.86000061035156,34.369998931884766,33.810001373291016,34.27000045776367,21.233978271484375,2155500,0.0,0.0
2012-01-25,34.2599983215332,35.13999938964844,33.939998626708984,35.0099983215332,21.692472457885742,2144900,0.0,0.0
2012-01-26,35.20000076293945,35.400001525878906,34.72999954223633,34.900001525878906,21.62433433532715,1857200,0.0,0.0
2012-01-27,34.849998474121094,35.209999084472656,34.709999084472656,35.060001373291016,21.723464965820312,1781400,0.0,0.0
2012-01-30,34.599998474121094,34.619998931884766,34.119998931884766,34.459999084472656,21.53597640991211,2398800,0.3,0.0
2012-01-31,34.79999923706055,35.380001068115234,34.72999954223633,34.90999984741211,21.817216873168945,2167600,0.0,0.0
2012-02-01,35.209999084472656,35.61000061035156,34.810001373291016,34.900001525878906,21.810958862304688,2198100,0.0,0.0
2012-02-02,35.0,35.45000076293945,34.869998931884766,35.13999938964844,21.96094512939453,1874400,0.0,0.0
2012-02-03,35.7400016784668,36.11000061035156,35.59000015258789,35.86000061035156,22.410905838012695,1896100,0.0,0.0
2012-02-06,35.189998626708984,36.90999984741211,34.540000915527344,36.65999984741211,22.9108829498291,4066300,0.0,0.0
2012-02-07,36.70000076293945,36.70000076293945,36.290000915527344,36.40999984741211,22.754638671875,1855700,0.0,0.0
2012-02-08,36.41999816894531,36.54999923706055,35.720001220703125,35.72999954223633,22.329668045043945,2063700,0.0,0.0
2012-02-09,35.9900016784668,36.869998931884766,35.779998779296875,36.59000015258789,22.86713218688965,3056100,0.0,0.0
2012-02-10,36.310001373291016,37.08000183105469,36.0,36.84000015258789,23.02337074279785,2433500,0.0,0.0
2012-02-13,37.0,37.630001068115234,36.54999923706055,36.70000076293945,22.93588638305664,2360200,0.0,0.0
2012-02-14,36.689998626708984,36.959999084472656,36.36000061035156,36.58000183105469,22.860891342163086,2452600,0.0,0.0
2012-02-15,35.970001220703125,36.380001068115234,34.560001373291016,35.47999954223633,22.17343521118164,2558700,0.0,0.0
2012-02-16,35.560001373291016,36.09000015258789,35.380001068115234,35.93000030517578,22.454662322998047,1570700,0.0,0.0
2012-02-17,36.279998779296875,36.43000030517578,35.83000183105469,36.18000030517578,22.61090660095215,1167600,0.0,0.0
2012-02-21,36.43000030517578,36.43000030517578,35.52000045776367,35.650001525878906,22.27967643737793,1096100,0.0,0.0
2012-02-22,35.470001220703125,35.63999938964844,34.45000076293945,34.52000045776367,21.5734806060791,2487000,0.0,0.0
2012-02-23,34.5,35.2400016784668,34.5,35.099998474121094,21.935951232910156,1299700,0.0,0.0
2012-02-24,35.220001220703125,35.459999084472656,34.7599983215332,34.86000061035156,21.785964965820312,1890300,0.0,0.0
2012-02-27,34.75,35.56999969482422,34.56999969482422,35.380001068115234,22.11094093322754,1586300,0.0,0.0
2012-02-28,35.529998779296875,35.869998931884766,34.959999084472656,35.2599983215332,22.03594970703125,1157800,0.0,0.0
2012-02-29,35.38999938964844,35.619998931884766,35.0,35.31999969482422,22.073442459106445,1726700,0.0,0.0
2012-03-01,35.65999984741211,35.709999084472656,35.22999954223633,35.400001525878906,22.123437881469727,1301400,0.0,0.0
2012-03-02,35.43000030517578,35.4900016784668,35.040000915527344,35.209999084472656,22.004695892333984,1238000,0.0,0.0
2012-03-05,35.22999954223633,35.75,35.11000061035156,35.650001525878906,22.27967643737793,1352600,0.0,0.0
2012-03-06,35.41999816894531,35.58000183105469,34.540000915527344,34.650001525878906,21.654726028442383,1840900,0.0,0.0
2012-03-07,34.849998474121094,34.849998474121094,34.40999984741211,34.58000183105469,21.610973358154297,1090700,0.0,0.0
2012-03-08,34.939998626708984,34.95000076293945,34.41999816894531,34.86000061035156,21.785964965820312,1074700,0.0,0.0
2012-03-09,35.029998779296875,35.25,34.880001068115234,35.18000030517578,21.985944747924805,658000,0.0,0.0
2012-03-12,35.25,35.66999816894531,35.220001220703125,35.40999984741211,22.129688262939453,862800,0.0,0.0
2012-03-13,35.61000061035156,35.7400016784668,35.290000915527344,35.68000030517578,22.298425674438477,690100,0.0,0.0
2012-03-14,35.720001220703125,35.77000045776367,35.27000045776367,35.459999084472656,22.160934448242188,711600,0.0,0.0
2012-03-15,35.599998474121094,35.709999084472656,34.779998779296875,35.5099983215332,22.192180633544922,1046300,0.0,0.0
2012-03-16,35.63999938964844,35.7599983215332,35.16999816894531,35.45000076293945,22.154693603515625,1496900,0.0,0.0
2012-03-19,35.40999984741211,36.439998626708984,35.34000015258789,36.349998474121094,22.717144012451172,1477900,0.0,0.0
2012-03-20,36.189998626708984,36.209999084472656,35.7400016784668,36.029998779296875,22.517162322998047,891800,0.0,0.0
2012-03-21,36.189998626708984,36.33000183105469,35.72999954223633,35.7400016784668,22.33592414855957,972000,0.0,0.0
2012-03-22,35.4900016784668,35.97999954223633,35.470001220703125,35.93000030517578,22.454662322998047,803100,0.0,0.0
2012-03-23,36.02000045776367,36.40999984741211,35.810001373291016,36.380001068115234,22.735897064208984,876900,0.0,0.0
2012-03-26,36.59000015258789,37.369998931884766,36.56999969482422,37.099998474121094,23.18585968017578,1307400,0.0,0.0
2012-03-27,37.119998931884766,37.70000076293945,37.02000045776367,37.34000015258789,23.33584976196289,1496200,0.0,0.0
2012-03-28,37.189998626708984,37.36000061035156,36.810001373291016,37.220001220703125,23.2608642578125,1789000,0.0,0.0
2012-03-29,37.13999938964844,37.279998779296875,36.91999816894531,37.13999938964844,23.21085548400879,1816800,0.0,0.0
2012-03-30,37.4900016784668,37.4900016784668,36.709999084472656,36.720001220703125,22.948373794555664,1207600,0.0,0.0
2012-04-02,36.86000061035156,37.54999923706055,36.72999954223633,37.290000915527344,23.304609298706055,1140200,0.0,0.0
2012-04-03,37.349998474121094,37.52000045776367,37.060001373291016,37.34000015258789,23.33584976196289,1117600,0.0,0.0
2012-04-04,37.130001068115234,37.2400016784668,36.900001525878906,36.95000076293945,23.09211540222168,1462600,0.0,0.0
2012-04-05,36.79999923706055,37.099998474121094,36.75,37.0,23.123369216918945,889900,0.0,0.0
2012-04-09,36.619998931884766,36.619998931884766,35.97999954223633,36.16999816894531,22.604656219482422,1238100,0.0,0.0
2012-04-10,36.16999816894531,36.220001220703125,35.41999816894531,35.560001373291016,22.223432540893555,1767800,0.0,0.0
2012-04-11,35.90999984741211,36.20000076293945,35.79999923706055,36.029998779296875,22.517162322998047,862600,0.0,0.0
2012-04-12,36.0,36.470001220703125,36.0,36.2599983215332,22.660890579223633,906600,0.0,0.0
2012-04-13,36.130001068115234,36.380001068115234,35.900001525878906,36.18000030517578,22.61090660095215,3932600,0.0,0.0
2012-04-16,35.599998474121094,36.08000183105469,34.9900016784668,35.7599983215332,22.34842300415039,6414600,0.0,0.0
2012-04-17,36.099998474121094,36.66999816894531,36.0,36.59000015258789,22.86713218688965,1002200,0.0,0.0
2012-04-18,36.66999816894531,36.66999816894531,36.11000061035156,36.33000183105469,22.704648971557617,1772000,0.0,0.0
2012-04-19,36.38999938964844,36.47999954223633,35.689998626708984,35.779998779296875,22.360923767089844,1544200,0.0,0.0
2012-04-20,36.11000061035156,36.400001525878906,35.810001373291016,35.91999816894531,22.448415756225586,2083300,0.0,0.0
2012-04-23,35.4900016784668,35.5,33.810001373291016,34.040000915527344,21.273494720458984,5351000,0.0,0.0
2012-04-24,33.959999084472656,35.38999938964844,33.959999084472656,35.130001068115234,21.95469856262207,3301600,0.0,0.0
2012-04-25,35.529998779296875,35.779998779296875,35.20000076293945,35.630001068115234,22.267181396484375,1942200,0.0,0.0
2012-04-26,35.869998931884766,36.59000015258789,35.54999923706055,36.4900016784668,22.80463981628418,2807300,0.0,0.0
2012-04-27,36.22999954223633,36.75,36.13999938964844,36.68000030517578,23.151790618896484,1559400,0.36,0.0
2012-04-30,36.70000076293945,36.86000061035156,36.41999816894531,36.7400016784668,23.189659118652344,1447700,0.0,0.0
2012-05-01,36.88999938964844,37.220001220703125,36.59000015258789,36.880001068115234,23.27802848815918,1746000,0.0,0.0
2012-05-02,36.810001373291016,37.11000061035156,36.5,37.040000915527344,23.37901496887207,1286300,0.0,0.0
2012-05-03,37.0,37.2400016784668,36.7400016784668,36.97999954223633,23.341148376464844,1094500,0.0,0.0
2012-05-04,36.18000030517578,36.619998931884766,36.0,36.09000015258789,22.779386520385742,2994900,0.0,0.0
2012-05-07,36.27000045776367,37.060001373291016,36.060001373291016,36.349998474121094,22.94349479675293,2902600,0.0,0.0
2012-05-08,36.09000015258789,36.20000076293945,35.34000015258789,35.93000030517578,22.678396224975586,1596100,0.0,0.0
2012-05-09,35.7599983215332,35.7599983215332,35.130001068115234,35.34000015258789,22.305999755859375,1202200,0.0,0.0
2012-05-10,35.709999084472656,35.869998931884766,35.20000076293945,35.47999954223633,22.394367218017578,1369800,0.0,0.0
2012-05-11,35.40999984741211,36.0,35.25,35.68000030517578,22.52060317993164,1264000,0.0,0.0
2012-05-14,35.27000045776367,35.540000915527344,35.0,35.099998474121094,22.154516220092773,1355200,0.0,0.0
2012-05-15,35.150001525878906,36.630001068115234,35.09000015258789,36.0,22.722579956054688,2333600,0.0,0.0
2012-05-16,36.36000061035156,36.54999923706055,36.0,36.150001525878906,22.817256927490234,1517700,0.0,0.0
2012-05-17,36.15999984741211,36.290000915527344,34.72999954223633,34.72999954223633,21.92098045349121,1220800,0.0,0.0
2012-05-18,34.75,34.97999954223633,34.13999938964844,34.2400016784668,21.61170196533203,1466000,0.0,0.0
2012-05-21,34.380001068115234,34.439998626708984,33.41999816894531,34.40999984741211,21.719003677368164,1559700,0.0,0.0
2012-05-22,34.52000045776367,34.65999984741211,34.25,34.470001220703125,21.75687599182129,1127400,0.0,0.0
2012-05-23,34.25,34.689998626708984,34.02000045776367,34.650001525878906,21.87049102783203,1000000,0.0,0.0
2012-05-24,34.349998474121094,34.88999938964844,34.20000076293945,34.59000015258789,21.832626342773438,3236700,0.0,0.0
2012-05-25,34.77000045776367,35.08000183105469,34.5099983215332,34.90999984741211,22.03459930419922,1072300,0.0,0.0
2012-05-29,35.33000183105469,35.84000015258789,35.130001068115234,35.52000045776367,22.41962432861328,1604900,0.0,0.0
2012-05-30,35.33000183105469,35.4900016784668,35.130001068115234,35.290000915527344,22.274444580078125,1570900,0.0,0.0
2012-05-31,35.33000183105469,35.72999954223633,35.08000183105469,35.41999816894531,22.35649299621582,2153800,0.0,0.0
2012-06-01,34.95000076293945,35.369998931884766,34.720001220703125,34.959999084472656,22.066150665283203,1773000,0.0,0.0
2012-06-04,34.88999938964844,35.15999984741211,34.150001525878906,34.540000915527344,21.801063537597656,1990400,0.0,0.0
2012-06-05,34.459999084472656,34.779998779296875,34.349998474121094,34.459999084472656,21.750564575195312,1735100,0.0,0.0
2012-06-06,34.83000183105469,34.970001220703125,34.58000183105469,34.880001068115234,22.015663146972656,1658000,0.0,0.0
2012-06-07,35.290000915527344,35.470001220703125,34.790000915527344,34.869998931884766,22.00934600830078,940100,0.0,0.0
2012-06-08,34.97999954223633,34.97999954223633,34.43000030517578,34.5,21.775815963745117,1994800,0.0,0.0
2012-06-11,34.77000045776367,34.810001373291016,33.810001373291016,33.86000061035156,21.371858596801758,1372300,0.0,0.0
2012-06-12,34.22999954223633,34.369998931884766,33.75,34.31999969482422,21.662195205688477,978000,0.0,0.0
2012-06-13,34.27000045776367,34.34000015258789,33.75,33.849998474121094,21.36554527282715,1443500,0.0,0.0
2012-06-14,34.0,34.34000015258789,33.81999969482422,34.060001373291016,21.498088836669922,1847600,0.0,0.0
2012-06-15,34.099998474121094,34.59000015258789,33.91999816894531,34.5,21.775815963745117,2435600,0.0,0.0
2012-06-18,34.349998474121094,34.5,34.11000061035156,34.45000076293945,21.744245529174805,856200,0.0,0.0
2012-06-19,34.7400016784668,35.16999816894531,34.529998779296875,34.779998779296875,21.952539443969727,1081900,0.0,0.0
2012-06-20,34.90999984741211,34.90999984741211,34.279998779296875,34.540000915527344,21.801063537597656,1281400,0.0,0.0
2012-06-21,34.7400016784668,34.900001525878906,33.84000015258789,33.95000076293945,21.42865562438965,1470500,0.0,0.0
2012-06-22,34.2400016784668,34.369998931884766,33.54999923706055,33.869998931884766,21.3781681060791,1421600,0.0,0.0
2012-06-25,33.72999954223633,33.72999954223633,33.040000915527344,33.15999984741211,20.930025100708008,1330000,0.0,0.0
2012-06-26,33.27000045776367,33.75,32.91999816894531,32.970001220703125,20.81010627746582,1395600,0.0,0.0
2012-06-27,32.43000030517578,33.060001373291016,32.209999084472656,32.27000045776367,20.368267059326172,4559600,0.0,0.0
2012-06-28,32.18000030517578,33.130001068115234,32.0,33.029998779296875,20.84797477722168,2183000,0.0,0.0
2012-06-29,33.63999938964844,33.95000076293945,33.540000915527344,33.869998931884766,21.3781681060791,1331300,0.0,0.0
2012-07-02,34.150001525878906,34.43000030517578,33.79999923706055,34.130001068115234,21.542272567749023,1186400,0.0,0.0
2012-07-03,34.13999938964844,34.310001373291016,33.540000915527344,33.86000061035156,21.371858596801758,857400,0.0,0.0
2012-07-05,33.959999084472656,34.4900016784668,33.79999923706055,34.369998931884766,21.693758010864258,1122300,0.0,0.0
2012-07-06,34.2400016784668,34.2400016784668,33.61000061035156,34.16999816894531,21.567522048950195,915000,0.0,0.0
2012-07-09,34.189998626708984,34.40999984741211,33.61000061035156,33.97999954223633,21.44759178161621,1183400,0.0,0.0
2012-07-10,34.16999816894531,34.16999816894531,33.27000045776367,33.65999984741211,21.2456111907959,1334200,0.0,0.0
2012-07-11,33.790000915527344,33.880001068115234,33.09000015258789,33.47999954223633,21.13200569152832,1100800,0.0,0.0
2012-07-12,33.279998779296875,33.400001525878906,32.81999969482422,32.880001068115234,20.753293991088867,1525000,0.0,0.0
2012-07-13,32.77000045776367,33.02000045776367,32.41999816894531,32.90999984741211,20.772232055664062,2210500,0.0,0.0
2012-07-16,32.83000183105469,32.939998626708984,32.290000915527344,32.349998474121094,20.41876792907715,1347200,0.0,0.0
2012-07-17,33.0,33.77000045776367,32.63999938964844,33.2599983215332,20.993141174316406,2777700,0.0,0.0
2012-07-18,33.150001525878906,33.68000030517578,33.029998779296875,33.27000045776367,20.999452590942383,1511500,0.0,0.0
2012-07-19,33.5,33.880001068115234,33.2400016784668,33.720001220703125,21.283483505249023,3251900,0.0,0.0
2012-07-20,33.560001373291016,34.09000015258789,33.34000015258789,33.84000015258789,21.359224319458008,4675000,0.0,0.0
2012-07-23,35.0,36.459999084472656,34.720001220703125,35.189998626708984,22.211328506469727,7029100,0.0,0.0
2012-07-24,35.380001068115234,35.79999923706055,34.72999954223633,34.959999084472656,22.066150665283203,2192000,0.0,0.0
2012-07-25,35.119998931884766,35.18000030517578,34.560001373291016,34.709999084472656,21.908361434936523,1578100,0.0,0.0
2012-07-26,35.099998474121094,35.41999816894531,34.75,35.33000183105469,22.29969596862793,1391100,0.0,0.0
2012-07-27,35.5099983215332,36.369998931884766,35.45000076293945,36.2599983215332,22.886688232421875,2026700,0.0,0.0
2012-07-30,35.939998626708984,36.369998931884766,35.59000015258789,36.310001373291016,23.148069381713867,1609200,0.36,0.0
2012-07-31,36.5,36.56999969482422,35.75,35.81999969482422,22.835691452026367,1172500,0.0,0.0
2012-08-01,36.15999984741211,36.16999816894531,35.650001525878906,35.68000030517578,22.746437072753906,1150500,0.0,0.0
2012-08-02,35.650001525878906,35.720001220703125,35.0099983215332,35.36000061035156,22.54243278503418,1335200,0.0,0.0
2012-08-03,35.91999816894531,36.310001373291016,35.599998474121094,36.06999969482422,22.995071411132812,1214200,0.0,0.0
2012-08-06,36.22999954223633,36.630001068115234,36.099998474121094,36.459999084472656,23.24370002746582,1467200,0.0,0.0
2012-08-07,36.77000045776367,36.9900016784668,36.540000915527344,36.79999923706055,23.460453033447266,1309200,0.0,0.0
2012-08-08,36.81999969482422,37.06999969482422,36.599998474121094,37.040000915527344,23.613454818725586,1034200,0.0,0.0
2012-08-09,37.060001373291016,38.310001373291016,36.93000030517578,37.369998931884766,23.82383155822754,1650400,0.0,0.0
2012-08-10,37.380001068115234,37.599998474121094,36.58000183105469,37.560001373291016,23.944963455200195,1152400,0.0,0.0
2012-08-13,37.779998779296875,37.88999938964844,37.209999084472656,37.58000183105469,23.957717895507812,992900,0.0,0.0
2012-08-14,37.77000045776367,37.97999954223633,37.47999954223633,37.63999938964844,23.995962142944336,804000,0.0,0.0
2012-08-15,37.61000061035156,38.0,37.52000045776367,37.720001220703125,24.04696273803711,1087800,0.0,0.0
2012-08-16,37.779998779296875,38.310001373291016,37.65999984741211,38.2400016784668,24.378469467163086,1396700,0.0,0.0
2012-08-17,38.29999923706055,38.599998474121094,37.970001220703125,38.2400016784668,24.378469467163086,1075400,0.0,0.0
2012-08-20,38.310001373291016,38.310001373291016,37.77000045776367,38.119998931884766,24.30196762084961,1180700,0.0,0.0
2012-08-21,38.29999923706055,38.31999969482422,37.83000183105469,37.9900016784668,24.21909523010254,754300,0.0,0.0
2012-08-22,38.040000915527344,38.040000915527344,37.619998931884766,37.75,24.066082000732422,621700,0.0,0.0
2012-08-23,37.650001525878906,37.72999954223633,37.13999938964844,37.290000915527344,23.772836685180664,934600,0.0,0.0
2012-08-24,37.06999969482422,37.4900016784668,36.959999084472656,37.4900016784668,23.900333404541016,1523500,0.0,0.0
2012-08-27,37.68000030517578,38.0,37.560001373291016,37.66999816894531,24.01508903503418,1066200,0.0,0.0
2012-08-28,37.529998779296875,37.72999954223633,37.279998779296875,37.5,23.906709671020508,1196500,0.0,0.0
2012-08-29,37.43000030517578,37.7400016784668,37.2599983215332,37.5,23.906709671020508,1207900,0.0,0.0
2012-08-30,37.459999084472656,37.59000015258789,37.02000045776367,37.400001525878906,23.842966079711914,1179100,0.0,0.0
2012-08-31,37.650001525878906,37.869998931884766,37.369998931884766,37.5099983215332,23.913087844848633,750100,0.0,0.0
2012-09-04,37.47999954223633,37.529998779296875,36.83000183105469,37.20000076293945,23.7154541015625,1262800,0.0,0.0
2012-09-05,37.099998474121094,37.2400016784668,36.75,37.130001068115234,23.67083740234375,792600,0.0,0.0
2012-09-06,37.33000183105469,38.150001525878906,37.33000183105469,37.95000076293945,24.193599700927734,1148200,0.0,0.0
2012-09-07,38.09000015258789,38.5,37.59000015258789,37.63999938964844,23.995962142944336,859500,0.0,0.0
2012-09-10,37.5099983215332,38.02000045776367,37.33000183105469,37.849998474121094,24.12984848022461,1214300,0.0,0.0
2012-09-11,38.06999969482422,38.59000015258789,37.560001373291016,38.560001373291016,24.582481384277344,1291600,0.0,0.0
2012-09-12,38.689998626708984,38.97999954223633,38.380001068115234,38.86000061035156,24.773740768432617,1628100,0.0,0.0
2012-09-13,38.900001525878906,39.20000076293945,38.529998779296875,39.06999969482422,24.90760612487793,1013900,0.0,0.0
2012-09-14,39.16999816894531,39.97999954223633,38.97999954223633,39.959999084472656,25.474994659423828,1720000,0.0,0.0
2012-09-17,38.900001525878906,39.29999923706055,38.72999954223633,38.959999084472656,24.837478637695312,1810900,0.0,0.0
2012-09-18,39.06999969482422,39.22999954223633,38.61000061035156,38.68000030517578,24.65897560119629,749200,0.0,0.0
2012-09-19,38.0099983215332,38.5,37.560001373291016,38.400001525878906,24.480470657348633,969400,0.0,0.0
2012-09-20,38.380001068115234,38.5,37.900001525878906,38.20000076293945,24.352968215942383,1047800,0.0,0.0
2012-09-21,38.33000183105469,38.58000183105469,37.939998626708984,38.0099983215332,24.23184585571289,1002200,0.0,0.0
2012-09-24,37.9900016784668,38.43000030517578,37.83000183105469,38.099998474121094,24.28921127319336,905600,0.0,0.0
2012-09-25,38.040000915527344,38.099998474121094,37.5,37.529998779296875,23.925832748413086,969400,0.0,0.0
2012-09-26,37.810001373291016,37.959999084472656,37.220001220703125,37.310001373291016,23.78559112548828,912800,0.0,0.0
2012-09-27,37.5,37.70000076293945,37.310001373291016,37.650001525878906,24.002330780029297,793900,0.0,0.0
2012-09-28,37.619998931884766,38.279998779296875,37.470001220703125,38.16999816894531,24.333845138549805,1202200,0.0,0.0
2012-10-01,38.130001068115234,38.150001525878906,37.630001068115234,37.90999984741211,24.1680908203125,1635800,0.0,0.0
2012-10-02,37.93000030517578,38.189998626708984,37.77000045776367,37.79999923706055,24.09796905517578,1415200,0.0,0.0
2012-10-03,37.939998626708984,38.08000183105469,37.20000076293945,37.40999984741211,23.84933853149414,1152500,0.0,0.0
2012-10-04,37.66999816894531,38.0,37.290000915527344,37.459999084472656,23.881208419799805,1105500,0.0,0.0
2012-10-05,37.63999938964844,37.95000076293945,37.5099983215332,37.7599983215332,24.07246208190918,1066700,0.0,0.0
2012-10-08,37.75,38.2599983215332,37.689998626708984,38.220001220703125,24.365724563598633,687700,0.0,0.0
2012-10-09,38.2400016784668,38.36000061035156,37.470001220703125,37.56999969482422,23.951339721679688,889000,0.0,0.0
2012-10-10,37.560001373291016,37.720001220703125,37.220001220703125,37.31999969482422,23.791961669921875,858900,0.0,0.0
2012-10-11,37.689998626708984,38.029998779296875,37.5099983215332,37.810001373291016,24.10434341430664,800200,0.0,0.0
2012-10-12,37.959999084472656,39.400001525878906,37.86000061035156,39.29999923706055,25.05423355102539,2524300,0.0,0.0
2012-10-15,38.119998931884766,38.33000183105469,37.61000061035156,37.75,24.066082000732422,3787700,0.0,0.0
2012-10-16,38.380001068115234,38.59000015258789,37.93000030517578,38.380001068115234,24.467721939086914,1759900,0.0,0.0
2012-10-17,38.59000015258789,39.38999938964844,38.25,38.959999084472656,24.837478637695312,1770500,0.0,0.0
2012-10-18,39.130001068115234,39.29999923706055,38.720001220703125,39.04999923706055,24.894859313964844,1409000,0.0,0.0
2012-10-19,39.11000061035156,39.470001220703125,38.34000015258789,39.04999923706055,24.894859313964844,3559100,0.0,0.0
2012-10-22,39.31999969482422,39.959999084472656,37.7599983215332,38.38999938964844,24.474092483520508,3924700,0.0,0.0
2012-10-23,38.11000061035156,38.25,36.7599983215332,36.779998779296875,23.447702407836914,2568200,0.0,0.0
2012-10-24,36.83000183105469,37.310001373291016,36.540000915527344,36.849998474121094,23.492326736450195,1578800,0.0,0.0
2012-10-25,37.220001220703125,37.439998626708984,36.540000915527344,36.56999969482422,23.313827514648438,1647100,0.0,0.0
2012-10-26,36.7400016784668,36.810001373291016,36.13999938964844,36.349998474121094,23.173568725585938,2192000,0.0,0.0
2012-10-31,37.0,37.040000915527344,35.939998626708984,35.9900016784668,23.173568725585938,2153700,0.36,0.0
2012-11-01,36.84000015258789,36.84000015258789,35.86000061035156,36.33000183105469,23.392499923706055,2617900,0.0,0.0
2012-11-02,36.630001068115234,36.720001220703125,35.470001220703125,35.58000183105469,22.90958023071289,2103800,0.0,0.0
2012-11-05,35.790000915527344,36.34000015258789,35.72999954223633,36.16999816894531,23.289474487304688,1401800,0.0,0.0
2012-11-06,37.560001373291016,38.65999984741211,36.75,37.790000915527344,24.33258628845215,7254700,0.0,0.0
2012-11-07,37.5099983215332,37.630001068115234,36.95000076293945,37.209999084472656,23.95911979675293,1703200,0.0,0.0
2012-11-08,37.029998779296875,37.58000183105469,36.93000030517578,37.25,23.98488426208496,1718500,0.0,0.0
2012-11-09,37.04999923706055,37.689998626708984,37.029998779296875,37.220001220703125,23.965559005737305,1179300,0.0,0.0
2012-11-12,37.41999816894531,37.619998931884766,36.810001373291016,36.95000076293945,23.791717529296875,966500,0.0,0.0
2012-11-13,36.9900016784668,37.5099983215332,36.95000076293945,36.97999954223633,23.81102752685547,1023400,0.0,0.0
2012-11-14,36.97999954223633,37.22999954223633,36.369998931884766,36.47999954223633,23.48908233642578,1085100,0.0,0.0
2012-11-15,36.400001525878906,36.7599983215332,36.06999969482422,36.34000015258789,23.398937225341797,1163000,0.0,0.0
2012-11-16,36.41999816894531,36.939998626708984,36.119998931884766,36.45000076293945,23.469764709472656,1061300,0.0,0.0
2012-11-19,37.13999938964844,37.650001525878906,36.77000045776367,37.38999938964844,24.075029373168945,1141600,0.0,0.0
2012-11-20,37.25,37.47999954223633,36.90999984741211,37.2599983215332,23.991304397583008,1389400,0.0,0.0
2012-11-21,37.439998626708984,37.7400016784668,37.20000076293945,37.68000030517578,24.261743545532227,1103200,0.0,0.0
2012-11-23,37.810001373291016,38.25,37.7400016784668,38.25,24.628767013549805,533500,0.0,0.0
2012-11-26,38.25,38.4900016784668,38.099998474121094,38.31999969482422,24.673839569091797,710000,0.0,0.0
2012-11-27,38.36000061035156,38.70000076293945,38.220001220703125,38.29999923706055,24.660953521728516,1003600,0.0,0.0
2012-11-28,38.0099983215332,38.560001373291016,38.0,38.540000915527344,24.815494537353516,936900,0.0,0.0
2012-11-29,38.4900016784668,38.86000061035156,38.08000183105469,38.599998474121094,24.854124069213867,983200,0.0,0.0
2012-11-30,38.70000076293945,39.0099983215332,38.279998779296875,38.459999084472656,24.763978958129883,1669000,0.0,0.0
2012-12-03,38.599998474121094,38.88999938964844,37.54999923706055,37.70000076293945,24.274625778198242,1341000,0.0,0.0
2012-12-04,37.689998626708984,37.81999969482422,36.650001525878906,37.31999969482422,24.029949188232422,1600400,0.0,0.0
2012-12-05,37.150001525878906,37.290000915527344,36.630001068115234,37.0,23.823904037475586,1857300,0.0,0.0
2012-12-06,37.0099983215332,37.33000183105469,36.9900016784668,37.220001220703125,23.965559005737305,1013200,0.0,0.0
2012-12-07,37.2599983215332,37.5,36.7599983215332,37.459999084472656,24.120092391967773,1092800,0.0,0.0
2012-12-10,37.47999954223633,37.630001068115234,37.04999923706055,37.599998474121094,24.210237503051758,1011800,0.0,0.0
2012-12-11,37.709999084472656,38.36000061035156,37.31999969482422,38.0099983215332,24.4742374420166,1217800,0.0,0.0
2012-12-12,38.06999969482422,38.2400016784668,37.68000030517578,37.77000045776367,24.319700241088867,1528200,0.0,0.0
2012-12-13,37.47999954223633,37.869998931884766,37.040000915527344,37.20000076293945,24.183181762695312,1011000,0.36,0.0
2012-12-14,37.22999954223633,37.310001373291016,36.83000183105469,36.970001220703125,24.033649444580078,1227100,0.0,0.0
2012-12-17,36.970001220703125,37.16999816894531,36.560001373291016,36.75,23.890636444091797,1662400,0.0,0.0
2012-12-18,36.91999816894531,37.11000061035156,36.650001525878906,36.720001220703125,23.871145248413086,1895400,0.0,0.0
2012-12-19,36.880001068115234,37.06999969482422,36.54999923706055,36.56999969482422,23.77362823486328,1721900,0.0,0.0
2012-12-20,36.7599983215332,36.84000015258789,36.130001068115234,36.599998474121094,23.793119430541992,1273400,0.0,0.0
2012-12-21,36.33000183105469,36.470001220703125,35.970001220703125,36.040000915527344,23.429075241088867,2022200,0.0,0.0
2012-12-24,36.29999923706055,36.880001068115234,35.630001068115234,35.88999938964844,23.331565856933594,687100,0.0,0.0
2012-12-26,35.83000183105469,35.970001220703125,35.27000045776367,35.38999938964844,23.006519317626953,1281400,0.0,0.0
2012-12-27,35.439998626708984,35.63999938964844,34.90999984741211,35.560001373291016,23.117036819458008,1182700,0.0,0.0
2012-12-28,35.5099983215332,35.599998474121094,35.060001373291016,35.310001373291016,22.95451545715332,1800300,0.0,0.0
2012-12-31,35.20000076293945,35.91999816894531,35.040000915527344,35.900001525878906,23.338064193725586,1071800,0.0,0.0
2013-01-02,36.369998931884766,36.380001068115234,35.29999923706055,35.81999969482422,23.286054611206055,2460900,0.0,0.0
2013-01-03,35.61000061035156,36.18000030517578,35.5,36.119998931884766,23.481082916259766,2271100,0.0,0.0
2013-01-04,36.279998779296875,36.439998626708984,35.650001525878906,35.7400016784668,23.234054565429688,2228900,0.0,0.0
2013-01-07,35.619998931884766,35.75,35.0,35.349998474121094,22.980518341064453,2372900,0.0,0.0
2013-01-08,35.2599983215332,35.4900016784668,35.0099983215332,35.380001068115234,23.000024795532227,2953400,0.0,0.0
2013-01-09,35.599998474121094,36.02000045776367,35.470001220703125,35.68000030517578,23.195049285888672,1728300,0.0,0.0
2013-01-10,35.97999954223633,37.349998474121094,35.68000030517578,37.06999969482422,24.098663330078125,5557800,0.0,0.0
2013-01-11,37.15999984741211,37.15999984741211,36.40999984741211,36.88999938964844,23.981651306152344,2704400,0.0,0.0
2013-01-14,36.83000183105469,36.88999938964844,35.959999084472656,36.560001373291016,23.767131805419922,1791000,0.0,0.0
2013-01-15,36.619998931884766,37.290000915527344,36.38999938964844,37.209999084472656,24.18968391418457,1993000,0.0,0.0
2013-01-16,37.209999084472656,37.880001068115234,37.0,37.56999969482422,24.4237117767334,2043200,0.0,0.0
2013-01-17,37.880001068115234,38.29999923706055,37.61000061035156,37.939998626708984,24.664241790771484,1747000,0.0,0.0
2013-01-18,38.150001525878906,39.099998474121094,37.959999084472656,39.0099983215332,25.359832763671875,3177500,0.0,0.0
2013-01-22,39.04999923706055,39.099998474121094,38.689998626708984,38.869998931884766,25.268827438354492,1640100,0.0,0.0
2013-01-23,38.900001525878906,39.0,38.0,38.119998931884766,24.781251907348633,2370800,0.0,0.0
2013-01-24,38.20000076293945,38.72999954223633,38.16999816894531,38.45000076293945,24.995790481567383,1873900,0.0,0.0
2013-01-25,37.41999816894531,37.65999984741211,36.599998474121094,37.310001373291016,24.25468635559082,7321900,0.0,0.0
2013-01-28,37.27000045776367,37.27000045776367,37.0099983215332,37.02000045776367,24.0661678314209,3041900,0.0,0.0
2013-01-29,36.97999954223633,37.27000045776367,36.79999923706055,37.220001220703125,24.196184158325195,1108100,0.0,0.0
2013-01-30,37.349998474121094,37.459999084472656,37.16999816894531,37.2400016784668,24.20918846130371,2551300,0.0,0.0
2013-01-31,37.209999084472656,37.43000030517578,37.029998779296875,37.369998931884766,24.293699264526367,1749700,0.0,0.0
2013-02-01,37.689998626708984,37.720001220703125,37.220001220703125,37.650001525878906,24.47571563720703,1555400,0.0,0.0
2013-02-04,37.43000030517578,37.619998931884766,37.25,37.43000030517578,24.332698822021484,1379100,0.0,0.0
2013-02-05,37.72999954223633,38.060001373291016,37.650001525878906,37.88999938964844,24.63173484802246,1055500,0.0,0.0
2013-02-06,37.79999923706055,38.279998779296875,37.720001220703125,38.16999816894531,24.813764572143555,1506600,0.0,0.0
2013-02-07,38.9900016784668,38.9900016784668,37.90999984741211,38.720001220703125,25.171308517456055,1806900,0.0,0.0
2013-02-08,38.86000061035156,39.84000015258789,38.7599983215332,39.84000015258789,25.899398803710938,2649100,0.0,0.0
2013-02-11,40.040000915527344,40.130001068115234,39.400001525878906,39.689998626708984,25.801891326904297,3309100,0.0,0.0
2013-02-12,39.790000915527344,40.02000045776367,39.68000030517578,39.88999938964844,25.93191146850586,2206600,0.0,0.0
2013-02-13,40.22999954223633,40.54999923706055,39.93000030517578,40.41999816894531,26.276458740234375,2341400,0.0,0.0
2013-02-14,40.2400016784668,40.95000076293945,40.220001220703125,40.880001068115234,26.575490951538086,2162000,0.0,0.0
2013-02-15,40.9900016784668,41.0,40.43000030517578,40.529998779296875,26.34796714782715,1925000,0.0,0.0
2013-02-19,40.72999954223633,40.93000030517578,40.31999969482422,40.90999984741211,26.59499168395996,1749500,0.0,0.0
2013-02-20,41.040000915527344,41.560001373291016,40.81999969482422,41.119998931884766,26.731508255004883,1427600,0.0,0.0
2013-02-21,41.619998931884766,41.619998931884766,40.75,41.119998931884766,26.731508255004883,1639800,0.0,0.0
2013-02-22,41.349998474121094,41.47999954223633,40.849998474121094,41.130001068115234,26.73802375793457,1164900,0.0,0.0
2013-02-25,41.33000183105469,41.4900016784668,40.09000015258789,40.11000061035156,26.07493019104004,2403900,0.0,0.0
2013-02-26,40.13999938964844,40.41999816894531,39.9900016784668,40.04999923706055,26.03592872619629,1460500,0.0,0.0
2013-02-27,40.0099983215332,40.619998931884766,39.9900016784668,40.52000045776367,26.341466903686523,1515200,0.0,0.0
2013-02-28,40.43000030517578,40.68000030517578,40.0,40.02000045776367,26.016416549682617,1494600,0.0,0.0
2013-03-01,40.099998474121094,40.43000030517578,39.880001068115234,40.11000061035156,26.07493019104004,2154700,0.0,0.0
2013-03-04,40.0099983215332,40.349998474121094,40.0099983215332,40.08000183105469,26.055429458618164,1433400,0.0,0.0
2013-03-05,40.290000915527344,40.84000015258789,40.290000915527344,40.70000076293945,26.458473205566406,1031600,0.0,0.0
2013-03-06,40.70000076293945,41.41999816894531,40.70000076293945,40.95000076293945,26.62099838256836,1664100,0.0,0.0
2013-03-07,40.90999984741211,41.470001220703125,40.88999938964844,41.060001373291016,26.692506790161133,930300,0.0,0.0
2013-03-08,41.29999923706055,41.75,41.06999969482422,41.66999816894531,27.089061737060547,778700,0.0,0.0
2013-03-11,41.68000030517578,42.279998779296875,41.380001068115234,42.279998779296875,27.485626220703125,1459100,0.0,0.0
2013-03-12,42.04999923706055,42.220001220703125,41.689998626708984,42.150001525878906,27.401094436645508,1008400,0.0,0.0
2013-03-13,41.54999923706055,41.97999954223633,41.29999923706055,41.810001373291016,27.18008041381836,1197700,0.0,0.0
2013-03-14,42.0,42.31999969482422,41.779998779296875,42.22999954223633,27.453107833862305,910300,0.0,0.0
2013-03-15,42.040000915527344,42.66999816894531,42.040000915527344,42.380001068115234,27.55062484741211,1271900,0.0,0.0
2013-03-18,42.060001373291016,42.369998931884766,41.79999923706055,42.220001220703125,27.446609497070312,637200,0.0,0.0
2013-03-19,42.40999984741211,42.45000076293945,41.56999969482422,41.83000183105469,27.193065643310547,962700,0.0,0.0
2013-03-20,42.02000045776367,42.380001068115234,42.02000045776367,42.2400016784668,27.45960235595703,730400,0.0,0.0
2013-03-21,42.189998626708984,43.08000183105469,42.02000045776367,42.88999938964844,27.882165908813477,1152500,0.0,0.0
2013-03-22,42.93000030517578,43.91999816894531,42.790000915527344,43.84000015258789,28.4997501373291,1809900,0.0,0.0
2013-03-25,43.970001220703125,44.13999938964844,43.38999938964844,43.66999816894531,28.38922119140625,1376200,0.0,0.0
2013-03-26,43.63999938964844,43.86000061035156,43.45000076293945,43.83000183105469,28.493242263793945,985400,0.0,0.0
2013-03-27,43.72999954223633,43.95000076293945,43.560001373291016,43.66999816894531,28.38922119140625,660400,0.0,0.0
2013-03-28,43.81999969482422,44.0,43.61000061035156,43.939998626708984,28.564754486083984,993000,0.0,0.0
2013-04-01,44.0,44.029998779296875,43.40999984741211,43.560001373291016,28.317724227905273,980000,0.0,0.0
2013-04-02,43.630001068115234,43.630001068115234,43.20000076293945,43.38999938964844,28.207199096679688,1006700,0.0,0.0
2013-04-03,43.43000030517578,43.61000061035156,42.91999816894531,43.029998779296875,27.973175048828125,1494200,0.0,0.0
2013-04-04,43.22999954223633,43.689998626708984,42.97999954223633,43.459999084472656,28.252717971801758,1034800,0.0,0.0
2013-04-05,42.869998931884766,43.34000015258789,42.56999969482422,43.33000183105469,28.168197631835938,1822300,0.0,0.0
2013-04-08,43.33000183105469,43.38999938964844,43.040000915527344,43.25,28.116195678710938,1124800,0.0,0.0
2013-04-09,43.25,44.0099983215332,43.08000183105469,43.90999984741211,28.54526138305664,860300,0.0,0.0
2013-04-10,44.029998779296875,44.75,43.79999923706055,44.709999084472656,29.06532096862793,1705600,0.0,0.0
2013-04-11,44.83000183105469,45.540000915527344,44.720001220703125,45.060001373291016,29.292835235595703,1456600,0.0,0.0
2013-04-12,44.83000183105469,45.099998474121094,44.33000183105469,44.90999984741211,29.195337295532227,713200,0.0,0.0
2013-04-15,44.650001525878906,45.029998779296875,43.68000030517578,43.79999923706055,28.4737491607666,840000,0.0,0.0
2013-04-16,43.91999816894531,44.380001068115234,43.790000915527344,44.33000183105469,28.81828498840332,723700,0.0,0.0
2013-04-17,44.36000061035156,44.38999938964844,43.34000015258789,43.7400016784668,28.434734344482422,1150900,0.0,0.0
2013-04-18,43.709999084472656,44.56999969482422,43.459999084472656,44.34000015258789,28.82478904724121,1346600,0.0,0.0
2013-04-19,44.36000061035156,45.119998931884766,44.04999923706055,45.02000045776367,29.26685905456543,1393800,0.0,0.0
2013-04-22,46.380001068115234,48.459999084472656,45.86000061035156,46.54999923706055,30.261484146118164,5200300,0.0,0.0
2013-04-23,47.0,47.790000915527344,46.459999084472656,47.7599983215332,31.048086166381836,1870100,0.0,0.0
2013-04-24,47.5,47.70000076293945,46.709999084472656,47.279998779296875,30.736042022705078,2169100,0.0,0.0
2013-04-25,47.41999816894531,48.400001525878906,47.2599983215332,47.7599983215332,31.048086166381836,1290400,0.0,0.0
2013-04-26,47.810001373291016,47.939998626708984,47.27000045776367,47.27000045776367,30.729541778564453,1351000,0.0,0.0
2013-04-29,47.02000045776367,47.68000030517578,46.900001525878906,47.650001525878906,31.240921020507812,1244200,0.4,0.0
2013-04-30,47.70000076293945,47.72999954223633,47.209999084472656,47.369998931884766,31.057361602783203,1156900,0.0,0.0
2013-05-01,47.5,47.7400016784668,46.66999816894531,47.04999923706055,30.847549438476562,1362400,0.0,0.0
2013-05-02,47.04999923706055,47.54999923706055,46.720001220703125,46.810001373291016,30.6901912689209,1240100,0.0,0.0
2013-05-03,47.099998474121094,47.38999938964844,46.959999084472656,47.220001220703125,30.959003448486328,1034400,0.0,0.0
2013-05-06,47.40999984741211,47.439998626708984,46.84000015258789,47.150001525878906,30.91312026977539,1218700,0.0,0.0
2013-05-07,47.040000915527344,47.52000045776367,47.0,47.459999084472656,31.116365432739258,1585700,0.0,0.0
2013-05-08,47.459999084472656,47.720001220703125,47.400001525878906,47.599998474121094,31.208145141601562,1119300,0.0,0.0
2013-05-09,47.70000076293945,47.88999938964844,47.41999816894531,47.59000015258789,31.20159339904785,1011500,0.0,0.0
2013-05-10,47.380001068115234,47.90999984741211,47.369998931884766,47.5099983215332,31.14914321899414,1183400,0.0,0.0
2013-05-13,47.47999954223633,47.7400016784668,47.220001220703125,47.459999084472656,31.116365432739258,1228000,0.0,0.0
2013-05-14,47.38999938964844,47.630001068115234,47.0099983215332,47.5099983215332,31.14914321899414,1875200,0.0,0.0
2013-05-15,47.54999923706055,47.779998779296875,47.369998931884766,47.61000061035156,31.214704513549805,1431600,0.0,0.0
2013-05-16,47.630001068115234,47.880001068115234,47.13999938964844,47.209999084472656,30.95244789123535,1060100,0.0,0.0
2013-05-17,47.33000183105469,47.939998626708984,47.33000183105469,47.90999984741211,31.41139793395996,932600,0.0,0.0
2013-05-20,47.939998626708984,47.970001220703125,47.59000015258789,47.70000076293945,31.273712158203125,735900,0.0,0.0
2013-05-21,47.900001525878906,48.720001220703125,47.790000915527344,48.459999084472656,31.771997451782227,1692200,0.0,0.0
2013-05-22,48.400001525878906,48.970001220703125,47.29999923706055,47.47999954223633,31.12947654724121,1499300,0.0,0.0
2013-05-23,47.060001373291016,47.209999084472656,46.5,46.970001220703125,30.795103073120117,1353700,0.0,0.0
2013-05-24,46.560001373291016,47.68000030517578,46.369998931884766,47.15999984741211,30.91967010498047,1320000,0.0,0.0
2013-05-28,47.630001068115234,48.0,46.630001068115234,46.720001220703125,30.631189346313477,928300,0.0,0.0
2013-05-29,46.45000076293945,46.689998626708984,44.220001220703125,44.45000076293945,29.142911911010742,4442700,0.0,0.0
2013-05-30,44.38999938964844,45.119998931884766,44.290000915527344,44.83000183105469,29.392051696777344,1239900,0.0,0.0
2013-05-31,44.459999084472656,45.02000045776367,44.439998626708984,44.47999954223633,29.162569046020508,1308700,0.0,0.0
2013-06-03,44.970001220703125,44.97999954223633,44.099998474121094,44.810001373291016,29.37893295288086,1067100,0.0,0.0
2013-06-04,44.779998779296875,44.97999954223633,44.13999938964844,44.65999984741211,29.28058624267578,1532100,0.0,0.0
2013-06-05,44.45000076293945,44.630001068115234,44.060001373291016,44.099998474121094,28.91343116760254,649300,0.0,0.0
2013-06-06,44.16999816894531,44.2599983215332,43.459999084472656,44.18000030517578,28.965892791748047,1231300,0.0,0.0
2013-06-07,44.29999923706055,45.040000915527344,44.130001068115234,45.0,29.503509521484375,972600,0.0,0.0
2013-06-10,44.9900016784668,45.119998931884766,44.5099983215332,44.59000015258789,29.234689712524414,1182500,0.0,0.0
2013-06-11,44.31999969482422,44.86000061035156,43.77000045776367,44.70000076293945,29.306821823120117,1204000,0.0,0.0
2013-06-12,44.900001525878906,44.9900016784668,43.79999923706055,43.810001373291016,28.72329330444336,961000,0.0,0.0
2013-06-13,43.88999938964844,44.439998626708984,43.72999954223633,44.31999969482422,29.05767250061035,800900,0.0,0.0
2013-06-14,44.38999938964844,44.63999938964844,44.0,44.09000015258789,28.90688133239746,794200,0.0,0.0
2013-06-17,44.2400016784668,44.90999984741211,44.119998931884766,44.310001373291016,29.051111221313477,998400,0.0,0.0
2013-06-18,44.380001068115234,44.869998931884766,44.369998931884766,44.7400016784668,29.33304786682129,679100,0.0,0.0
2013-06-19,44.58000183105469,45.33000183105469,44.58000183105469,44.880001068115234,29.42483901977539,1212600,0.0,0.0
2013-06-20,44.45000076293945,44.54999923706055,43.72999954223633,43.810001373291016,28.72329330444336,1117300,0.0,0.0
2013-06-21,44.13999938964844,44.540000915527344,43.849998474121094,44.34000015258789,29.070781707763672,1891200,0.0,0.0
2013-06-24,44.16999816894531,44.209999084472656,43.689998626708984,43.849998474121094,28.749523162841797,951000,0.0,0.0
2013-06-25,44.04999923706055,44.2599983215332,43.63999938964844,43.97999954223633,28.834754943847656,1236100,0.0,0.0
2013-06-26,44.45000076293945,44.59000015258789,43.79999923706055,44.130001068115234,28.93311309814453,1170700,0.0,0.0
2013-06-27,44.25,44.7400016784668,44.15999984741211,44.630001068115234,29.260921478271484,772500,0.0,0.0
2013-06-28,44.689998626708984,45.2400016784668,44.36000061035156,44.83000183105469,29.392051696777344,1353500,0.0,0.0
2013-07-01,44.95000076293945,45.7599983215332,44.77000045776367,45.72999954223633,29.982118606567383,1343100,0.0,0.0
2013-07-02,45.599998474121094,46.08000183105469,45.5099983215332,45.90999984741211,30.100126266479492,1274300,0.0,0.0
2013-07-03,45.79999923706055,46.20000076293945,45.630001068115234,46.029998779296875,30.178804397583008,517200,0.0,0.0
2013-07-05,46.40999984741211,46.619998931884766,45.84000015258789,46.61000061035156,30.559085845947266,538400,0.0,0.0
2013-07-08,46.70000076293945,47.209999084472656,46.650001525878906,46.709999084472656,30.6246280670166,1263500,0.0,0.0
2013-07-09,47.060001373291016,47.54999923706055,46.86000061035156,47.22999954223633,30.965566635131836,1008800,0.0,0.0
2013-07-10,47.060001373291016,47.22999954223633,46.540000915527344,46.95000076293945,30.781993865966797,1183500,0.0,0.0
2013-07-11,47.560001373291016,47.599998474121094,46.7400016784668,47.279998779296875,30.998353958129883,1065600,0.0,0.0
2013-07-12,47.279998779296875,47.75,47.279998779296875,47.63999938964844,31.234373092651367,841200,0.0,0.0
2013-07-15,47.779998779296875,47.84000015258789,47.2400016784668,47.45000076293945,31.10980796813965,912300,0.0,0.0
2013-07-16,47.40999984741211,47.54999923706055,46.90999984741211,47.15999984741211,30.91967010498047,1308800,0.0,0.0
2013-07-17,46.0,46.66999816894531,45.619998931884766,46.029998779296875,30.178804397583008,1979500,0.0,0.0
2013-07-18,46.20000076293945,46.54999923706055,46.060001373291016,46.47999954223633,30.47383689880371,1448700,0.0,0.0
2013-07-19,46.27000045776367,46.459999084472656,45.349998474121094,45.380001068115234,29.752649307250977,2424000,0.0,0.0
2013-07-22,45.119998931884766,47.970001220703125,44.900001525878906,46.869998931884766,30.729537963867188,3772900,0.0,0.0
2013-07-23,47.97999954223633,48.349998474121094,47.630001068115234,47.83000183105469,31.358949661254883,3351400,0.0,0.0
2013-07-24,47.720001220703125,47.93000030517578,46.84000015258789,47.119998931884766,30.893451690673828,1622400,0.0,0.0
2013-07-25,47.0,47.369998931884766,46.90999984741211,47.099998474121094,30.88033676147461,914500,0.0,0.0
2013-07-26,46.84000015258789,47.220001220703125,46.77000045776367,47.08000183105469,30.867229461669922,612700,0.0,0.0
2013-07-29,46.91999816894531,47.25,46.7599983215332,47.150001525878906,30.91312026977539,1646100,0.0,0.0
2013-07-30,46.86000061035156,46.970001220703125,46.06999969482422,46.400001525878906,30.681678771972656,1255400,0.4,0.0
2013-07-31,46.619998931884766,46.630001068115234,45.95000076293945,46.0,30.417179107666016,805800,0.0,0.0
2013-08-01,46.08000183105469,47.060001373291016,46.0,46.959999084472656,31.051979064941406,1581300,0.0,0.0
2013-08-02,46.970001220703125,47.15999984741211,46.75,46.9900016784668,31.071823120117188,875600,0.0,0.0
2013-08-05,46.79999923706055,47.0099983215332,46.709999084472656,46.79999923706055,30.946184158325195,616200,0.0,0.0
2013-08-06,46.68000030517578,46.869998931884766,45.959999084472656,46.2599983215332,30.58910369873047,1218500,0.0,0.0
2013-08-07,46.02000045776367,46.220001220703125,45.709999084472656,45.93000030517578,30.37088394165039,711400,0.0,0.0
2013-08-08,46.2400016784668,46.40999984741211,46.06999969482422,46.33000183105469,30.63539695739746,630600,0.0,0.0
2013-08-09,46.310001373291016,46.34000015258789,45.86000061035156,45.959999084472656,30.39073371887207,1036200,0.0,0.0
2013-08-12,45.58000183105469,46.209999084472656,45.130001068115234,45.349998474121094,29.987363815307617,2554900,0.0,0.0
2013-08-13,46.25,46.25,45.15999984741211,45.689998626708984,30.212196350097656,814100,0.0,0.0
2013-08-14,45.61000061035156,45.79999923706055,45.29999923706055,45.45000076293945,30.05350112915039,477100,0.0,0.0
2013-08-15,45.209999084472656,45.33000183105469,44.7599983215332,45.040000915527344,29.782390594482422,690000,0.0,0.0
2013-08-16,45.099998474121094,45.2599983215332,44.79999923706055,44.900001525878906,29.689821243286133,1314800,0.0,0.0
2013-08-19,44.93000030517578,45.279998779296875,44.72999954223633,44.88999938964844,29.68320655822754,1118300,0.0,0.0
2013-08-20,44.869998931884766,45.2599983215332,44.869998931884766,45.08000183105469,29.80884552001953,669300,0.0,0.0
2013-08-21,44.93000030517578,45.130001068115234,44.7400016784668,44.7599983215332,29.59723472595215,685800,0.0,0.0
2013-08-22,44.869998931884766,45.599998474121094,44.689998626708984,45.2599983215332,29.9278564453125,450200,0.0,0.0
2013-08-23,45.41999816894531,46.150001525878906,45.099998474121094,46.11000061035156,30.48991584777832,824900,0.0,0.0
2013-08-26,47.61000061035156,47.61000061035156,46.290000915527344,46.38999938964844,30.675079345703125,1529900,0.0,0.0
2013-08-27,46.06999969482422,46.15999984741211,45.540000915527344,45.560001373291016,30.12623405456543,794500,0.0,0.0
2013-08-28,45.560001373291016,45.720001220703125,45.33000183105469,45.63999938964844,30.17913818359375,681700,0.0,0.0
2013-08-29,45.43000030517578,45.939998626708984,45.400001525878906,45.630001068115234,30.172523498535156,948400,0.0,0.0
2013-08-30,45.689998626708984,45.720001220703125,45.150001525878906,45.58000183105469,30.139463424682617,1036700,0.0,0.0
2013-09-03,45.9900016784668,46.33000183105469,45.7400016784668,46.279998779296875,30.602333068847656,1253100,0.0,0.0
2013-09-04,46.310001373291016,46.81999969482422,46.189998626708984,46.72999954223633,30.8998966217041,1489300,0.0,0.0
2013-09-05,46.86000061035156,47.59000015258789,46.72999954223633,47.560001373291016,31.44872283935547,1634400,0.0,0.0
2013-09-06,47.5,48.540000915527344,47.349998474121094,47.9900016784668,31.73306655883789,1609300,0.0,0.0
2013-09-09,47.959999084472656,48.2400016784668,47.95000076293945,48.15999984741211,31.845476150512695,1364300,0.0,0.0
2013-09-10,48.2400016784668,48.65999984741211,46.91999816894531,47.16999816894531,31.190841674804688,2604800,0.0,0.0
2013-09-11,47.04999923706055,47.459999084472656,46.9900016784668,47.15999984741211,31.18422508239746,1179300,0.0,0.0
2013-09-12,47.040000915527344,47.15999984741211,46.45000076293945,46.5,30.747798919677734,1328000,0.0,0.0
2013-09-13,46.59000015258789,46.88999938964844,46.22999954223633,46.81999969482422,30.95940589904785,1100600,0.0,0.0
2013-09-16,47.400001525878906,47.650001525878906,47.11000061035156,47.38999938964844,31.33631706237793,826900,0.0,0.0
2013-09-17,47.38999938964844,47.93000030517578,47.38999938964844,47.7599983215332,31.58098793029785,684400,0.0,0.0
2013-09-18,47.779998779296875,48.79999923706055,47.560001373291016,48.66999816894531,32.18269729614258,2841200,0.0,0.0
2013-09-19,48.72999954223633,49.45000076293945,48.68000030517578,49.29999923706055,32.59928512573242,957100,0.0,0.0
2013-09-20,49.29999923706055,49.75,48.75,48.790000915527344,32.26205825805664,1529800,0.0,0.0
2013-09-23,48.83000183105469,48.90999984741211,48.150001525878906,48.52000045776367,32.08351516723633,1397500,0.0,0.0
2013-09-24,48.54999923706055,48.93000030517578,48.33000183105469,48.40999984741211,32.01077651977539,1054400,0.0,0.0
2013-09-25,48.400001525878906,48.59000015258789,47.619998931884766,47.900001525878906,31.67353630065918,1151300,0.0,0.0
2013-09-26,48.36000061035156,48.36000061035156,47.40999984741211,47.66999816894531,31.521459579467773,932700,0.0,0.0
2013-09-27,47.29999923706055,47.61000061035156,47.119998931884766,47.380001068115234,31.32969856262207,970500,0.0,0.0
2013-09-30,47.11000061035156,47.279998779296875,46.83000183105469,47.13999938964844,31.171009063720703,1089200,0.0,0.0
2013-10-01,47.04999923706055,47.779998779296875,46.97999954223633,47.619998931884766,31.488399505615234,1067800,0.0,0.0
2013-10-02,47.349998474121094,47.40999984741211,46.75,47.34000015258789,31.303253173828125,971300,0.0,0.0
2013-10-03,47.11000061035156,47.439998626708984,46.68000030517578,46.970001220703125,31.058589935302734,1027800,0.0,0.0
2013-10-04,46.900001525878906,47.459999084472656,46.81999969482422,47.43000030517578,31.36277961730957,804500,0.0,0.0
2013-10-07,47.11000061035156,47.31999969482422,46.45000076293945,46.630001068115234,30.83377456665039,962300,0.0,0.0
2013-10-08,46.630001068115234,46.650001525878906,45.72999954223633,45.93000030517578,30.37088394165039,1552100,0.0,0.0
2013-10-09,46.099998474121094,46.220001220703125,45.849998474121094,45.9900016784668,30.410572052001953,886400,0.0,0.0
2013-10-10,46.349998474121094,46.650001525878906,46.20000076293945,46.29999923706055,30.615564346313477,803800,0.0,0.0
2013-10-11,46.119998931884766,46.83000183105469,46.119998931884766,46.720001220703125,30.893278121948242,994900,0.0,0.0
2013-10-14,46.380001068115234,46.68000030517578,46.220001220703125,46.52000045776367,30.761037826538086,1798300,0.0,0.0
2013-10-15,46.33000183105469,46.560001373291016,45.77000045776367,45.9900016784668,30.410572052001953,1617800,0.0,0.0
2013-10-16,47.27000045776367,47.540000915527344,45.439998626708984,46.099998474121094,30.483308792114258,3918500,0.0,0.0
2013-10-17,45.75,46.849998474121094,45.75,46.83000183105469,30.96601676940918,1499000,0.0,0.0
2013-10-18,47.0,47.349998474121094,46.56999969482422,47.2400016784668,31.237136840820312,1906500,0.0,0.0
2013-10-21,48.93000030517578,51.68000030517578,48.709999084472656,49.720001220703125,32.87700271606445,5335700,0.0,0.0
2013-10-22,50.11000061035156,50.15999984741211,49.650001525878906,49.9900016784668,33.055545806884766,3184000,0.0,0.0
2013-10-23,49.9900016784668,50.38999938964844,49.130001068115234,50.06999969482422,33.10844802856445,2541000,0.0,0.0
2013-10-24,50.18000030517578,51.04999923706055,50.150001525878906,50.56999969482422,33.43906021118164,995000,0.0,0.0
2013-10-25,50.72999954223633,52.52000045776367,50.72999954223633,52.04999923706055,34.41769790649414,2997200,0.0,0.0
2013-10-28,52.11000061035156,52.470001220703125,51.84000015258789,52.130001068115234,34.47061538696289,1832500,0.0,0.0
2013-10-29,52.400001525878906,53.68000030517578,52.27000045776367,53.380001068115234,35.29716491699219,2208300,0.0,0.0
2013-10-30,52.97999954223633,53.369998931884766,51.970001220703125,52.25,34.810813903808594,1626400,0.4,0.0
2013-10-31,52.13999938964844,52.7400016784668,51.650001525878906,51.650001525878906,34.41106414794922,1410500,0.0,0.0
2013-11-01,51.68000030517578,52.38999938964844,51.36000061035156,51.84000015258789,34.53764343261719,954700,0.0,0.0
2013-11-04,52.029998779296875,52.5099983215332,51.70000076293945,52.2400016784668,34.80415344238281,1604500,0.0,0.0
2013-11-05,51.790000915527344,52.2599983215332,51.5099983215332,52.09000015258789,34.7042121887207,865000,0.0,0.0
2013-11-06,52.369998931884766,52.369998931884766,51.90999984741211,52.290000915527344,34.83747100830078,1162300,0.0,0.0
2013-11-07,51.70000076293945,52.15999984741211,50.41999816894531,50.599998474121094,33.71152114868164,1840400,0.0,0.0
2013-11-08,50.59000015258789,50.97999954223633,50.16999816894531,50.47999954223633,33.631568908691406,2721200,0.0,0.0
2013-11-11,50.5099983215332,51.599998474121094,50.5099983215332,51.25,34.144569396972656,1463600,0.0,0.0
2013-11-12,51.150001525878906,51.380001068115234,50.720001220703125,51.25,34.144569396972656,899500,0.0,0.0
2013-11-13,51.119998931884766,52.95000076293945,50.9900016784668,52.95000076293945,35.27717590332031,2594500,0.0,0.0
2013-11-14,52.75,53.0,52.41999816894531,52.7400016784668,35.13725662231445,915100,0.0,0.0
2013-11-15,52.619998931884766,52.970001220703125,52.22999954223633,52.72999954223633,35.130592346191406,950400,0.0,0.0
2013-11-18,52.849998474121094,52.93000030517578,52.02000045776367,52.08000183105469,34.69755172729492,820000,0.0,0.0
2013-11-19,52.13999938964844,52.22999954223633,51.619998931884766,51.779998779296875,34.49767303466797,853500,0.0,0.0
2013-11-20,51.880001068115234,52.13999938964844,51.72999954223633,51.900001525878906,34.5776252746582,969200,0.0,0.0
2013-11-21,52.150001525878906,52.25,51.59000015258789,52.099998474121094,34.71087646484375,888500,0.0,0.0
2013-11-22,51.779998779296875,52.93000030517578,51.5,52.880001068115234,35.23052978515625,1330000,0.0,0.0
2013-11-25,53.0,53.86000061035156,52.40999984741211,53.59000015258789,35.70356369018555,1812200,0.0,0.0
2013-11-26,53.720001220703125,53.90999984741211,53.369998931884766,53.75,35.81016159057617,1316700,0.0,0.0
2013-11-27,53.689998626708984,54.06999969482422,53.290000915527344,53.849998474121094,35.876792907714844,1015800,0.0,0.0
2013-11-29,53.72999954223633,54.11000061035156,53.709999084472656,53.81999969482422,35.85679626464844,340600,0.0,0.0
2013-12-02,53.97999954223633,54.13999938964844,53.540000915527344,53.65999984741211,35.750205993652344,1163300,0.0,0.0
2013-12-03,53.400001525878906,53.84000015258789,52.45000076293945,52.970001220703125,35.29050064086914,1427000,0.0,0.0
2013-12-04,52.66999816894531,52.880001068115234,51.0099983215332,52.06999969482422,34.690879821777344,4121300,0.0,0.0
2013-12-05,52.11000061035156,52.58000183105469,51.40999984741211,52.369998931884766,34.89075469970703,2764600,0.0,0.0
2013-12-06,52.77000045776367,52.91999816894531,51.70000076293945,51.7599983215332,34.48435592651367,1898500,0.0,0.0
2013-12-09,51.7599983215332,52.439998626708984,51.52000045776367,52.40999984741211,34.91741180419922,1489400,0.0,0.0
2013-12-10,52.290000915527344,52.689998626708984,52.06999969482422,52.25,34.810813903808594,974100,0.0,0.0
2013-12-11,52.290000915527344,52.41999816894531,51.560001373291016,51.61000061035156,34.384403228759766,898700,0.0,0.0
2013-12-12,51.41999816894531,51.849998474121094,51.369998931884766,51.47999954223633,34.29780960083008,938100,0.0,0.0
2013-12-13,51.45000076293945,52.11000061035156,51.369998931884766,51.7599983215332,34.48435592651367,598300,0.0,0.0
2013-12-16,51.7599983215332,52.02000045776367,51.11000061035156,51.310001373291016,34.184539794921875,791000,0.0,0.0
2013-12-17,51.08000183105469,51.61000061035156,51.0,51.529998779296875,34.33111572265625,850800,0.0,0.0
2013-12-18,51.70000076293945,52.47999954223633,51.130001068115234,52.45000076293945,34.944061279296875,1275400,0.0,0.0
2013-12-19,52.099998474121094,52.970001220703125,52.099998474121094,52.27000045776367,34.82414627075195,1662500,0.0,0.0
2013-12-20,50.220001220703125,52.720001220703125,50.220001220703125,52.4900016784668,34.970706939697266,1510700,0.0,0.0
2013-12-23,52.900001525878906,53.220001220703125,52.59000015258789,53.15999984741211,35.41708755493164,1585900,0.0,0.0
2013-12-24,53.33000183105469,53.75,53.20000076293945,53.45000076293945,35.61029052734375,449300,0.0,0.0
2013-12-26,53.459999084472656,54.25,53.189998626708984,54.15999984741211,36.08332443237305,1066500,0.0,0.0
2013-12-27,54.0099983215332,54.54999923706055,54.0,54.400001525878906,36.24320602416992,1178000,0.0,0.0
2013-12-30,54.43000030517578,55.04999923706055,54.38999938964844,54.970001220703125,36.62297058105469,892700,0.0,0.0
2013-12-31,55.15999984741211,55.15999984741211,54.689998626708984,55.0099983215332,36.64960861206055,776800,0.0,0.0
2014-01-02,54.88999938964844,55.18000030517578,54.560001373291016,54.58000183105469,36.36314010620117,2326100,0.0,0.0
2014-01-03,51.599998474121094,54.5,51.599998474121094,54.11000061035156,36.04999923706055,848600,0.0,0.0
2014-01-06,54.220001220703125,54.369998931884766,53.650001525878906,53.72999954223633,35.79682922363281,900000,0.0,0.0
2014-01-07,54.29999923706055,54.310001373291016,53.5,53.779998779296875,35.83015060424805,1461800,0.0,0.0
2014-01-08,53.779998779296875,53.88999938964844,53.310001373291016,53.720001220703125,35.79016876220703,1045700,0.0,0.0
2014-01-09,53.83000183105469,53.88999938964844,52.65999984741211,52.97999954223633,35.29716110229492,1750200,0.0,0.0
2014-01-10,52.970001220703125,53.43000030517578,52.68000030517578,53.040000915527344,35.33713150024414,1615900,0.0,0.0
2014-01-13,52.79999923706055,53.18000030517578,52.099998474121094,52.25,34.810813903808594,1249400,0.0,0.0
2014-01-14,52.439998626708984,52.540000915527344,51.90999984741211,52.310001373291016,34.85078811645508,1231500,0.0,0.0
2014-01-15,52.2599983215332,52.400001525878906,51.970001220703125,52.27000045776367,34.82414627075195,733400,0.0,0.0
2014-01-16,51.97999954223633,52.5,51.86000061035156,52.349998474121094,34.877418518066406,927300,0.0,0.0
2014-01-17,52.2400016784668,52.63999938964844,51.79999923706055,52.0,34.64424133300781,868000,0.0,0.0
2014-01-21,52.40999984741211,52.47999954223633,51.47999954223633,51.810001373291016,34.51765823364258,915800,0.0,0.0
2014-01-22,51.72999954223633,52.459999084472656,51.540000915527344,52.369998931884766,34.89075469970703,844300,0.0,0.0
2014-01-23,52.349998474121094,52.349998474121094,51.459999084472656,51.86000061035156,34.55097579956055,913300,0.0,0.0
2014-01-24,51.119998931884766,51.52000045776367,50.970001220703125,51.27000045776367,34.15789031982422,1512500,0.0,0.0
2014-01-27,51.279998779296875,51.709999084472656,50.869998931884766,51.099998474121094,34.04462432861328,1197700,0.0,0.0
2014-01-28,51.150001525878906,52.11000061035156,50.91999816894531,51.970001220703125,34.6242561340332,1905400,0.0,0.0
2014-01-29,51.40999984741211,51.63999938964844,50.5099983215332,50.81999969482422,33.85810089111328,1340300,0.0,0.0
2014-01-30,51.0,51.349998474121094,50.83000183105469,51.2400016784668,34.13791275024414,1074600,0.0,0.0
2014-01-31,48.75,49.29999923706055,47.720001220703125,49.119998931884766,32.98295593261719,4776500,0.4,0.0
2014-02-03,47.47999954223633,49.31999969482422,47.47999954223633,48.08000183105469,32.28463363647461,2313900,0.0,0.0
2014-02-04,48.29999923706055,49.16999816894531,48.0099983215332,48.68000030517578,32.68751907348633,1641800,0.0,0.0
2014-02-05,48.5,49.119998931884766,48.279998779296875,48.7599983215332,32.74123764038086,1716500,0.0,0.0
2014-02-06,49.040000915527344,49.939998626708984,48.97999954223633,49.65999984741211,33.3455696105957,2096200,0.0,0.0
2014-02-07,49.91999816894531,50.290000915527344,49.41999816894531,50.09000015258789,33.634307861328125,1775200,0.0,0.0
2014-02-10,50.939998626708984,53.68000030517578,50.09000015258789,52.36000061035156,35.15856170654297,6195600,0.0,0.0
2014-02-11,52.459999084472656,52.58000183105469,51.7400016784668,52.369998931884766,35.16526412963867,1855000,0.0,0.0
2014-02-12,52.06999969482422,52.349998474121094,51.86000061035156,51.95000076293945,34.88324737548828,2264400,0.0,0.0
2014-02-13,51.86000061035156,53.029998779296875,51.650001525878906,52.91999816894531,35.534584045410156,1148800,0.0,0.0
2014-02-14,52.939998626708984,53.029998779296875,52.459999084472656,52.81999969482422,35.46743392944336,841100,0.0,0.0
2014-02-18,52.810001373291016,52.9900016784668,52.31999969482422,52.959999084472656,35.56144332885742,1896100,0.0,0.0
2014-02-19,52.70000076293945,53.88999938964844,52.4900016784668,53.869998931884766,36.172481536865234,2261800,0.0,0.0
2014-02-20,54.040000915527344,54.459999084472656,53.810001373291016,54.27000045776367,36.441062927246094,1646700,0.0,0.0
2014-02-21,54.290000915527344,54.630001068115234,54.20000076293945,54.29999923706055,36.461219787597656,1257900,0.0,0.0
2014-02-24,54.650001525878906,55.02000045776367,54.40999984741211,54.47999954223633,36.58208084106445,2047800,0.0,0.0
2014-02-25,54.560001373291016,54.86000061035156,54.40999984741211,54.68000030517578,36.71638107299805,979900,0.0,0.0
2014-02-26,54.5,55.25,54.38999938964844,55.040000915527344,36.95812225341797,1257600,0.0,0.0
2014-02-27,54.959999084472656,55.18000030517578,54.72999954223633,55.029998779296875,36.95140075683594,1282500,0.0,0.0
2014-02-28,54.790000915527344,55.58000183105469,54.47999954223633,55.15999984741211,37.03868865966797,1367600,0.0,0.0
2014-03-03,54.84000015258789,55.08000183105469,54.459999084472656,54.650001525878906,36.696250915527344,769400,0.0,0.0
2014-03-04,55.040000915527344,55.58000183105469,54.790000915527344,54.959999084472656,36.904396057128906,1246400,0.0,0.0
2014-03-05,54.81999969482422,54.97999954223633,54.470001220703125,54.83000183105469,36.817108154296875,1067600,0.0,0.0
2014-03-06,54.97999954223633,55.31999969482422,54.810001373291016,55.08000183105469,36.98497772216797,866400,0.0,0.0
2014-03-07,55.31999969482422,55.599998474121094,54.72999954223633,54.77000045776367,36.776824951171875,967700,0.0,0.0
2014-03-10,54.79999923706055,54.900001525878906,54.4900016784668,54.84000015258789,36.82380676269531,631300,0.0,0.0
2014-03-11,54.66999816894531,54.779998779296875,54.40999984741211,54.5,36.59552001953125,1226200,0.0,0.0
2014-03-12,54.15999984741211,54.68000030517578,53.84000015258789,54.58000183105469,36.64923095703125,1283500,0.0,0.0
2014-03-13,54.810001373291016,55.189998626708984,54.279998779296875,54.63999938964844,36.68952178955078,1457000,0.0,0.0
2014-03-14,54.619998931884766,55.13999938964844,54.5,54.65999984741211,36.70294952392578,996100,0.0,0.0
2014-03-17,54.84000015258789,55.5,54.810001373291016,54.959999084472656,36.904396057128906,1175700,0.0,0.0
2014-03-18,54.93000030517578,55.4900016784668,54.79999923706055,55.060001373291016,36.9715461730957,843500,0.0,0.0
2014-03-19,55.209999084472656,55.369998931884766,54.349998474121094,54.7400016784668,36.75667953491211,873200,0.0,0.0
2014-03-20,54.540000915527344,55.06999969482422,54.470001220703125,54.93000030517578,36.88424301147461,808300,0.0,0.0
2014-03-21,55.36000061035156,55.5099983215332,54.66999816894531,55.20000076293945,37.065547943115234,2580600,0.0,0.0
2014-03-24,55.11000061035156,55.310001373291016,54.70000076293945,54.95000076293945,36.89769744873047,1130100,0.0,0.0
2014-03-25,55.150001525878906,55.220001220703125,54.349998474121094,54.59000015258789,36.65594482421875,1319100,0.0,0.0
2014-03-26,54.83000183105469,55.36000061035156,54.38999938964844,54.470001220703125,36.57537841796875,981500,0.0,0.0
2014-03-27,54.619998931884766,54.63999938964844,54.02000045776367,54.5099983215332,36.60222625732422,933100,0.0,0.0
2014-03-28,54.84000015258789,55.66999816894531,54.790000915527344,55.18000030517578,37.0521125793457,879100,0.0,0.0
2014-03-31,55.36000061035156,55.75,55.2400016784668,55.619998931884766,37.34757614135742,752900,0.0,0.0
2014-04-01,55.880001068115234,56.459999084472656,55.869998931884766,56.38999938964844,37.864601135253906,1214500,0.0,0.0
2014-04-02,56.36000061035156,56.720001220703125,56.11000061035156,56.290000915527344,37.797462463378906,1202200,0.0,0.0
2014-04-03,56.209999084472656,56.40999984741211,55.599998474121094,55.77000045776367,37.44829177856445,890300,0.0,0.0
2014-04-04,55.29999923706055,55.84000015258789,54.720001220703125,54.9900016784668,36.9245491027832,1292000,0.0,0.0
2014-04-07,54.95000076293945,54.97999954223633,54.310001373291016,54.52000045776367,36.608943939208984,1169200,0.0,0.0
2014-04-08,54.52000045776367,55.09000015258789,54.52000045776367,54.560001373291016,36.635799407958984,1255500,0.0,0.0
2014-04-09,54.720001220703125,55.2599983215332,54.65999984741211,55.09000015258789,36.991695404052734,846500,0.0,0.0
2014-04-10,55.02000045776367,55.16999816894531,54.22999954223633,54.29999923706055,36.461219787597656,1128100,0.0,0.0
2014-04-11,54.119998931884766,54.31999969482422,53.560001373291016,53.630001068115234,36.01133346557617,1038800,0.0,0.0
2014-04-14,53.84000015258789,55.16999816894531,53.310001373291016,53.650001525878906,36.02477264404297,1058300,0.0,0.0
2014-04-15,53.45000076293945,54.06999969482422,52.90999984741211,53.47999954223633,35.91060256958008,1307800,0.0,0.0
2014-04-16,53.66999816894531,54.02000045776367,53.599998474121094,53.849998474121094,36.1590576171875,828100,0.0,0.0
2014-04-17,53.90999984741211,55.04999923706055,53.720001220703125,54.61000061035156,36.66938018798828,1999800,0.0,0.0
2014-04-21,56.06999969482422,56.90999984741211,54.27000045776367,55.65999984741211,37.37444305419922,1563600,0.0,0.0
2014-04-22,55.70000076293945,55.97999954223633,55.27000045776367,55.29999923706055,37.13270950317383,957600,0.0,0.0
2014-04-23,55.40999984741211,55.58000183105469,54.68000030517578,55.040000915527344,36.95812225341797,1932900,0.0,0.0
2014-04-24,55.11000061035156,55.38999938964844,54.75,54.95000076293945,36.89769744873047,891800,0.0,0.0
2014-04-25,54.90999984741211,55.220001220703125,54.709999084472656,54.720001220703125,36.74324035644531,796700,0.0,0.0
2014-04-28,54.9900016784668,55.939998626708984,54.7400016784668,55.689998626708984,37.39457702636719,1696700,0.0,0.0
2014-04-29,55.31999969482422,55.5,54.95000076293945,55.18000030517578,37.3404426574707,875300,0.43,0.0
2014-04-30,55.130001068115234,55.34000015258789,54.650001525878906,55.2599983215332,37.39457702636719,1156700,0.0,0.0
2014-05-01,55.13999938964844,55.939998626708984,55.13999938964844,55.65999984741211,37.665260314941406,712000,0.0,0.0
2014-05-02,55.77000045776367,56.11000061035156,55.689998626708984,55.77000045776367,37.739688873291016,573000,0.0,0.0
2014-05-05,55.5,55.65999984741211,55.119998931884766,55.52000045776367,37.57050704956055,842800,0.0,0.0
2014-05-06,55.41999816894531,55.959999084472656,55.36000061035156,55.38999938964844,37.482547760009766,764700,0.0,0.0
2014-05-07,55.34000015258789,55.72999954223633,55.06999969482422,55.349998474121094,37.455474853515625,964800,0.0,0.0
2014-05-08,55.279998779296875,55.650001525878906,55.0099983215332,55.27000045776367,37.401329040527344,753300,0.0,0.0
2014-05-09,55.18000030517578,55.560001373291016,55.0099983215332,55.41999816894531,37.50285339355469,598000,0.0,0.0
2014-05-12,56.02000045776367,56.060001373291016,55.43000030517578,55.59000015258789,37.617881774902344,982400,0.0,0.0
2014-05-13,55.529998779296875,55.7599983215332,55.25,55.5,37.55698013305664,790600,0.0,0.0
2014-05-14,55.27000045776367,55.56999969482422,54.90999984741211,54.95000076293945,37.18479537963867,596200,0.0,0.0
2014-05-15,54.97999954223633,55.0,53.58000183105469,54.040000915527344,36.569000244140625,1573400,0.0,0.0
2014-05-16,53.900001525878906,54.369998931884766,53.59000015258789,54.189998626708984,36.67050552368164,645000,0.0,0.0
2014-05-19,53.86000061035156,54.34000015258789,53.77000045776367,53.869998931884766,36.45396041870117,793900,0.0,0.0
2014-05-20,53.72999954223633,53.849998474121094,53.13999938964844,53.34000015258789,36.09530258178711,587000,0.0,0.0
2014-05-21,53.43000030517578,53.81999969482422,53.18000030517578,53.70000076293945,36.33892059326172,621300,0.0,0.0
2014-05-22,53.650001525878906,53.959999084472656,53.59000015258789,53.70000076293945,36.33892059326172,665000,0.0,0.0
2014-05-23,53.59000015258789,53.880001068115234,53.5,53.849998474121094,36.44041061401367,970500,0.0,0.0
2014-05-27,53.900001525878906,53.900001525878906,53.15999984741211,53.529998779296875,36.223873138427734,1289800,0.0,0.0
2014-05-28,53.5099983215332,53.65999984741211,53.04999923706055,53.38999938964844,36.129150390625,937800,0.0,0.0
2014-05-29,53.310001373291016,53.52000045776367,53.02000045776367,53.349998474121094,36.10207748413086,921700,0.0,0.0
2014-05-30,53.47999954223633,53.84000015258789,53.369998931884766,53.70000076293945,36.33892059326172,1046100,0.0,0.0
2014-06-02,53.560001373291016,53.689998626708984,52.09000015258789,52.18000030517578,35.31033706665039,1554200,0.0,0.0
2014-06-03,52.16999816894531,52.22999954223633,51.2400016784668,51.47999954223633,34.836639404296875,2199700,0.0,0.0
2014-06-04,51.349998474121094,52.130001068115234,51.08000183105469,52.09000015258789,35.24941635131836,1319500,0.0,0.0
2014-06-05,52.290000915527344,52.4900016784668,51.83000183105469,52.45000076293945,35.49303436279297,911500,0.0,0.0
2014-06-06,52.400001525878906,52.47999954223633,52.08000183105469,52.189998626708984,35.31711196899414,943700,0.0,0.0
2014-06-09,52.599998474121094,53.2400016784668,52.209999084472656,53.08000183105469,35.91936111450195,1424500,0.0,0.0
2014-06-10,52.88999938964844,53.150001525878906,52.650001525878906,53.09000015258789,35.92613220214844,1396300,0.0,0.0
2014-06-11,52.869998931884766,53.06999969482422,52.70000076293945,52.90999984741211,35.804317474365234,1146500,0.0,0.0
2014-06-12,52.75,52.88999938964844,52.349998474121094,52.459999084472656,35.499813079833984,1229200,0.0,0.0
2014-06-13,52.63999938964844,52.720001220703125,52.2599983215332,52.38999938964844,35.45244216918945,707700,0.0,0.0
2014-06-16,52.15999984741211,52.54999923706055,52.0099983215332,52.20000076293945,35.3238639831543,843000,0.0,0.0
2014-06-17,52.220001220703125,52.459999084472656,51.95000076293945,52.40999984741211,35.46597671508789,703400,0.0,0.0
2014-06-18,52.4900016784668,52.4900016784668,52.130001068115234,52.380001068115234,35.44567108154297,1066200,0.0,0.0
2014-06-19,52.43000030517578,52.720001220703125,51.970001220703125,52.439998626708984,35.48627471923828,929700,0.0,0.0
2014-06-20,52.68000030517578,52.779998779296875,52.27000045776367,52.650001525878906,35.628395080566406,1388100,0.0,0.0
2014-06-23,52.79999923706055,53.86000061035156,52.7599983215332,53.77000045776367,36.38629150390625,1639800,0.0,0.0
2014-06-24,53.86000061035156,53.93000030517578,53.369998931884766,53.529998779296875,36.223873138427734,915800,0.0,0.0
2014-06-25,53.060001373291016,53.84000015258789,52.779998779296875,53.04999923706055,35.89906692504883,919800,0.0,0.0
2014-06-26,53.04999923706055,53.09000015258789,52.25,52.849998474121094,35.76371383666992,638300,0.0,0.0
2014-06-27,52.63999938964844,53.290000915527344,52.63999938964844,53.25,36.034400939941406,595400,0.0,0.0
2014-06-30,50.81999969482422,53.75,50.81999969482422,53.04999923706055,35.89906692504883,682500,0.0,0.0
2014-07-01,53.11000061035156,54.040000915527344,53.02000045776367,53.81999969482422,36.42012023925781,971100,0.0,0.0
2014-07-02,53.709999084472656,54.0099983215332,53.5,53.650001525878906,36.30508041381836,772500,0.0,0.0
2014-07-03,53.68000030517578,54.290000915527344,53.68000030517578,54.119998931884766,36.623130798339844,507900,0.0,0.0
2014-07-07,53.7599983215332,54.0,53.540000915527344,53.58000183105469,36.25770950317383,761500,0.0,0.0
2014-07-08,53.40999984741211,53.86000061035156,53.31999969482422,53.58000183105469,36.25770950317383,1187200,0.0,0.0
2014-07-09,53.63999938964844,54.45000076293945,53.63999938964844,54.11000061035156,36.61636734008789,1016100,0.0,0.0
2014-07-10,53.470001220703125,54.16999816894531,53.470001220703125,53.72999954223633,36.359214782714844,1156800,0.0,0.0
2014-07-11,53.79999923706055,54.68000030517578,53.70000076293945,54.38999938964844,36.805843353271484,939900,0.0,0.0
2014-07-14,54.59000015258789,54.9900016784668,54.08000183105469,54.15999984741211,36.65018844604492,1219900,0.0,0.0
2014-07-15,54.040000915527344,54.290000915527344,53.529998779296875,53.529998779296875,36.223873138427734,1306300,0.0,0.0
2014-07-16,53.540000915527344,53.689998626708984,52.47999954223633,52.54999923706055,35.56070327758789,1911400,0.0,0.0
2014-07-17,51.79999923706055,52.9900016784668,51.65999984741211,52.91999816894531,35.81108474731445,2574100,0.0,0.0
2014-07-18,52.720001220703125,53.36000061035156,52.720001220703125,53.209999084472656,36.007328033447266,1032500,0.0,0.0
2014-07-21,52.2599983215332,52.4900016784668,51.29999923706055,51.779998779296875,35.03965377807617,3064800,0.0,0.0
2014-07-22,53.18000030517578,53.18000030517578,51.04999923706055,51.650001525878906,34.95167922973633,2288900,0.0,0.0
2014-07-23,51.4900016784668,52.15999984741211,51.13999938964844,51.16999816894531,34.626861572265625,1347700,0.0,0.0
2014-07-24,51.150001525878906,51.81999969482422,51.130001068115234,51.79999923706055,35.05318832397461,981500,0.0,0.0
2014-07-25,51.709999084472656,51.849998474121094,51.38999938964844,51.459999084472656,34.8231086730957,1445900,0.0,0.0
2014-07-28,51.38999938964844,51.68000030517578,51.04999923706055,51.13999938964844,34.60655975341797,1621900,0.0,0.0
2014-07-29,51.16999816894531,51.29999923706055,50.220001220703125,50.689998626708984,34.302032470703125,1269800,0.0,0.0
2014-07-30,50.470001220703125,50.849998474121094,50.09000015258789,50.689998626708984,34.59552001953125,845500,0.43,0.0
2014-07-31,50.470001220703125,50.779998779296875,49.869998931884766,49.95000076293945,34.090476989746094,828100,0.0,0.0
2014-08-01,49.900001525878906,49.95000076293945,49.36000061035156,49.599998474121094,33.85159683227539,1006700,0.0,0.0
2014-08-04,49.68000030517578,49.900001525878906,49.52000045776367,49.709999084472656,33.92667007446289,801400,0.0,0.0
2014-08-05,49.7400016784668,50.310001373291016,49.52000045776367,50.04999923706055,34.158721923828125,1274300,0.0,0.0
2014-08-06,50.0,50.45000076293945,49.83000183105469,50.27000045776367,34.30888366699219,1018800,0.0,0.0
2014-08-07,50.68000030517578,50.68000030517578,49.59000015258789,49.68000030517578,33.906192779541016,754400,0.0,0.0
2014-08-08,49.75,50.650001525878906,49.75,50.400001525878906,34.397586822509766,999200,0.0,0.0
2014-08-11,50.47999954223633,50.849998474121094,50.47999954223633,50.560001373291016,34.50679397583008,836700,0.0,0.0
2014-08-12,50.630001068115234,50.849998474121094,50.150001525878906,50.25,34.29521560668945,468700,0.0,0.0
2014-08-13,48.0099983215332,50.68000030517578,48.0099983215332,50.31999969482422,34.34299087524414,735400,0.0,0.0
2014-08-14,50.400001525878906,51.150001525878906,50.400001525878906,51.0099983215332,34.81391525268555,823300,0.0,0.0
2014-08-15,51.209999084472656,51.43000030517578,50.4900016784668,50.790000915527344,34.66376876831055,524700,0.0,0.0
2014-08-18,51.16999816894531,51.66999816894531,51.130001068115234,51.59000015258789,35.20976257324219,800300,0.0,0.0
2014-08-19,51.560001373291016,52.0,51.560001373291016,51.900001525878906,35.42133712768555,743900,0.0,0.0
2014-08-20,51.540000915527344,52.349998474121094,51.4900016784668,52.13999938964844,35.58511734008789,815300,0.0,0.0
2014-08-21,52.290000915527344,52.70000076293945,52.20000076293945,52.599998474121094,35.89908218383789,940200,0.0,0.0
2014-08-22,51.5099983215332,52.9900016784668,51.5099983215332,52.470001220703125,35.81035614013672,693600,0.0,0.0
2014-08-25,52.95000076293945,52.9900016784668,52.52000045776367,52.709999084472656,35.97415542602539,599000,0.0,0.0
2014-08-26,52.630001068115234,52.709999084472656,51.900001525878906,52.22999954223633,35.64655303955078,1167700,0.0,0.0
2014-08-27,52.400001525878906,52.63999938964844,51.97999954223633,52.2599983215332,35.66701889038086,894500,0.0,0.0
2014-08-28,52.119998931884766,52.369998931884766,51.7599983215332,52.119998931884766,35.57147979736328,528400,0.0,0.0
2014-08-29,52.20000076293945,52.7400016784668,52.040000915527344,52.65999984741211,35.94001388549805,792400,0.0,0.0
2014-09-02,52.72999954223633,53.02000045776367,52.47999954223633,52.66999816894531,35.94684982299805,763000,0.0,0.0
2014-09-03,52.869998931884766,53.2599983215332,52.77000045776367,53.2599983215332,36.34950637817383,1009400,0.0,0.0
2014-09-04,53.34000015258789,53.91999816894531,53.11000061035156,53.849998474121094,36.75218963623047,1158200,0.0,0.0
2014-09-05,53.650001525878906,54.11000061035156,53.56999969482422,54.02000045776367,36.86821365356445,775100,0.0,0.0
2014-09-08,54.0,54.25,53.849998474121094,54.0,36.85456085205078,626800,0.0,0.0
2014-09-09,54.029998779296875,54.11000061035156,53.56999969482422,53.66999816894531,36.629337310791016,1251900,0.0,0.0
2014-09-10,53.7599983215332,53.83000183105469,53.540000915527344,53.720001220703125,36.66346740722656,609100,0.0,0.0
2014-09-11,53.61000061035156,54.04999923706055,53.61000061035156,53.88999938964844,36.77948760986328,900100,0.0,0.0
2014-09-12,53.880001068115234,54.04999923706055,53.59000015258789,53.66999816894531,36.629337310791016,827800,0.0,0.0
2014-09-15,53.7400016784668,53.779998779296875,53.47999954223633,53.540000915527344,36.54059982299805,638100,0.0,0.0
2014-09-16,53.560001373291016,53.709999084472656,53.369998931884766,53.439998626708984,36.47236633300781,750300,0.0,0.0
2014-09-17,53.400001525878906,54.029998779296875,53.25,53.77000045776367,36.69758605957031,806800,0.0,0.0
2014-09-18,53.959999084472656,53.9900016784668,53.56999969482422,53.90999984741211,36.793148040771484,406600,0.0,0.0
2014-09-19,54.15999984741211,54.61000061035156,53.880001068115234,54.119998931884766,36.93646240234375,1292400,0.0,0.0
2014-09-22,54.119998931884766,54.33000183105469,53.369998931884766,53.40999984741211,36.45189666748047,714800,0.0,0.0
2014-09-23,53.31999969482422,53.470001220703125,52.869998931884766,52.939998626708984,36.13111114501953,498900,0.0,0.0
2014-09-24,52.93000030517578,55.779998779296875,52.86000061035156,54.95000076293945,37.5029296875,2862000,0.0,0.0
2014-09-25,54.91999816894531,55.369998931884766,54.31999969482422,54.650001525878906,37.29818344116211,988200,0.0,0.0
2014-09-26,54.599998474121094,55.61000061035156,54.599998474121094,55.33000183105469,37.76228332519531,966500,0.0,0.0
2014-09-29,54.79999923706055,55.27000045776367,54.70000076293945,55.04999923706055,37.57117462158203,810900,0.0,0.0
2014-09-30,55.04999923706055,55.38999938964844,54.7400016784668,55.0,37.53706359863281,956400,0.0,0.0
2014-10-01,55.040000915527344,55.369998931884766,54.56999969482422,54.849998474121094,37.4346809387207,1535100,0.0,0.0
2014-10-02,54.779998779296875,55.34000015258789,54.540000915527344,55.2599983215332,37.714500427246094,739800,0.0,0.0
2014-10-03,55.59000015258789,56.060001373291016,55.38999938964844,55.41999816894531,37.823707580566406,933400,0.0,0.0
2014-10-06,55.59000015258789,56.09000015258789,54.88999938964844,55.099998474121094,37.60531234741211,1204400,0.0,0.0
2014-10-07,54.90999984741211,55.18000030517578,54.650001525878906,54.7599983215332,37.37326431274414,1257000,0.0,0.0
2014-10-08,54.79999923706055,55.61000061035156,54.650001525878906,55.52000045776367,37.89194107055664,804200,0.0,0.0
2014-10-09,55.5099983215332,55.959999084472656,54.810001373291016,54.849998474121094,37.4346809387207,748400,0.0,0.0
2014-10-10,54.970001220703125,55.4900016784668,54.5099983215332,55.0,37.53706359863281,970700,0.0,0.0
2014-10-13,54.900001525878906,55.209999084472656,54.58000183105469,54.65999984741211,37.30499267578125,1118100,0.0,0.0
2014-10-14,54.90999984741211,55.5,54.70000076293945,54.83000183105469,37.42103958129883,1111300,0.0,0.0
2014-10-15,54.18000030517578,54.88999938964844,53.41999816894531,54.33000183105469,37.07977294921875,1984700,0.0,0.0
2014-10-16,54.029998779296875,54.31999969482422,52.7400016784668,54.209999084472656,36.99787902832031,1763000,0.0,0.0
2014-10-17,54.5099983215332,54.79999923706055,53.849998474121094,53.849998474121094,36.75218963623047,2197600,0.0,0.0
2014-10-20,53.88999938964844,57.15999984741211,53.869998931884766,56.5099983215332,38.567630767822266,3105700,0.0,0.0
2014-10-21,56.84000015258789,58.040000915527344,56.459999084472656,57.720001220703125,39.393436431884766,2876700,0.0,0.0
2014-10-22,57.849998474121094,58.060001373291016,56.83000183105469,56.90999984741211,38.84061050415039,1470500,0.0,0.0
2014-10-23,57.43000030517578,57.83000183105469,57.29999923706055,57.47999954223633,39.22963333129883,1179200,0.0,0.0
2014-10-24,57.63999938964844,57.880001068115234,57.33000183105469,57.61000061035156,39.318359375,716100,0.0,0.0
2014-10-27,57.5,57.72999954223633,57.16999816894531,57.310001373291016,39.11360549926758,1063000,0.0,0.0
2014-10-28,57.45000076293945,57.83000183105469,57.15999984741211,57.72999954223633,39.40026092529297,916700,0.0,0.0
2014-10-29,57.790000915527344,57.970001220703125,57.310001373291016,57.619998931884766,39.32518005371094,678900,0.0,0.0
2014-10-30,56.970001220703125,57.52000045776367,56.7400016784668,57.18000030517578,39.31830978393555,911600,0.43,0.0
2014-10-31,57.72999954223633,57.959999084472656,57.369998931884766,57.529998779296875,39.5589714050293,1110600,0.0,0.0
2014-11-03,57.689998626708984,57.689998626708984,57.150001525878906,57.63999938964844,39.634613037109375,804000,0.0,0.0
2014-11-04,57.560001373291016,57.93000030517578,57.189998626708984,57.36000061035156,39.442073822021484,741700,0.0,0.0
2014-11-05,57.650001525878906,57.880001068115234,57.22999954223633,57.849998474121094,39.77901077270508,635100,0.0,0.0
2014-11-06,57.9900016784668,58.40999984741211,57.63999938964844,58.119998931884766,39.964691162109375,1041400,0.0,0.0
2014-11-07,58.029998779296875,58.38999938964844,57.720001220703125,57.97999954223633,39.868412017822266,854000,0.0,0.0
2014-11-10,57.90999984741211,58.189998626708984,57.02000045776367,57.08000183105469,39.24954605102539,1474200,0.0,0.0
2014-11-11,57.2599983215332,57.38999938964844,56.5099983215332,56.66999816894531,38.967620849609375,1375900,0.0,0.0
2014-11-12,56.58000183105469,57.56999969482422,56.5099983215332,57.470001220703125,39.51771545410156,1082300,0.0,0.0
2014-11-13,56.09000015258789,56.099998474121094,54.150001525878906,54.97999954223633,37.80554962158203,3957700,0.0,0.0
2014-11-14,55.5,55.869998931884766,53.7400016784668,54.02000045776367,37.145416259765625,1886100,0.0,0.0
2014-11-17,56.25,57.22999954223633,55.91999816894531,56.369998931884766,38.761329650878906,2112200,0.0,0.0
2014-11-18,56.189998626708984,56.650001525878906,55.86000061035156,56.119998931884766,38.58942794799805,1103900,0.0,0.0
2014-11-19,56.11000061035156,56.45000076293945,55.91999816894531,56.130001068115234,38.596309661865234,859100,0.0,0.0
2014-11-20,56.0,56.66999816894531,55.95000076293945,56.5099983215332,38.857608795166016,1119600,0.0,0.0
2014-11-21,57.08000183105469,57.20000076293945,56.45000076293945,56.689998626708984,38.981361389160156,1274700,0.0,0.0
2014-11-24,57.060001373291016,57.22999954223633,56.150001525878906,56.65999984741211,38.96073913574219,1587600,0.0,0.0
2014-11-25,56.88999938964844,57.650001525878906,56.790000915527344,57.540000915527344,39.565853118896484,1229600,0.0,0.0
2014-11-26,57.65999984741211,58.310001373291016,57.13999938964844,58.13999938964844,39.97842788696289,1272100,0.0,0.0
2014-11-28,58.70000076293945,59.41999816894531,58.47999954223633,59.20000076293945,40.707305908203125,750500,0.0,0.0
2014-12-01,58.619998931884766,59.0,57.43000030517578,57.459999084472656,39.51084518432617,1415400,0.0,0.0
2014-12-02,57.43000030517578,58.02000045776367,57.290000915527344,57.459999084472656,39.51084518432617,1082400,0.0,0.0
2014-12-03,57.310001373291016,57.619998931884766,56.84000015258789,57.08000183105469,39.24954605102539,905400,0.0,0.0
2014-12-04,56.97999954223633,57.2400016784668,56.63999938964844,56.75,39.022640228271484,1716600,0.0,0.0
2014-12-05,56.91999816894531,57.58000183105469,56.650001525878906,57.22999954223633,39.35269546508789,981500,0.0,0.0
2014-12-08,57.189998626708984,57.20000076293945,56.369998931884766,56.54999923706055,38.885101318359375,785300,0.0,0.0
2014-12-09,55.97999954223633,56.52000045776367,55.84000015258789,56.369998931884766,38.761329650878906,1493500,0.0,0.0
2014-12-10,56.380001068115234,56.83000183105469,55.4900016784668,55.54999923706055,38.19747543334961,1238000,0.0,0.0
2014-12-11,55.630001068115234,56.81999969482422,55.630001068115234,56.29999923706055,38.71320343017578,670500,0.0,0.0
2014-12-12,56.310001373291016,56.79999923706055,56.040000915527344,56.060001373291016,38.54817199707031,948600,0.0,0.0
2014-12-15,56.459999084472656,57.040000915527344,55.599998474121094,56.20000076293945,38.644432067871094,1206100,0.0,0.0
2014-12-16,56.04999923706055,57.29999923706055,56.04999923706055,56.900001525878906,39.12577819824219,1855200,0.0,0.0
2014-12-17,57.220001220703125,57.86000061035156,56.810001373291016,57.369998931884766,39.44895935058594,1357900,0.0,0.0
2014-12-18,58.060001373291016,58.369998931884766,57.58000183105469,58.36000061035156,40.129695892333984,1075800,0.0,0.0
2014-12-19,58.0,58.06999969482422,54.41999816894531,54.630001068115234,37.56486511230469,5091100,0.0,0.0
2014-12-22,54.81999969482422,54.9900016784668,54.0,54.33000183105469,37.358585357666016,1583100,0.0,0.0
2014-12-23,54.68000030517578,56.060001373291016,54.560001373291016,55.220001220703125,37.9705696105957,2225700,0.0,0.0
2014-12-24,55.560001373291016,55.7400016784668,55.220001220703125,55.25,37.9911994934082,331800,0.0,0.0
2014-12-26,55.20000076293945,55.779998779296875,55.099998474121094,55.540000915527344,38.19060516357422,463700,0.0,0.0
2014-12-29,55.4900016784668,56.400001525878906,55.4900016784668,55.900001525878906,38.43815612792969,1240400,0.0,0.0
2014-12-30,55.790000915527344,55.9900016784668,54.97999954223633,55.040000915527344,37.846797943115234,1144800,0.0,0.0
2014-12-31,55.119998931884766,55.470001220703125,54.91999816894531,54.9900016784668,37.81241226196289,885000,0.0,0.0
2015-01-02,55.45000076293945,55.81999969482422,54.56999969482422,54.970001220703125,37.79865646362305,839400,0.0,0.0
2015-01-05,54.810001373291016,55.29999923706055,54.599998474121094,55.130001068115234,37.90869140625,1053500,0.0,0.0
2015-01-06,55.38999938964844,55.58000183105469,54.400001525878906,54.40999984741211,37.41358947753906,903500,0.0,0.0
2015-01-07,54.63999938964844,55.029998779296875,53.41999816894531,54.66999816894531,37.59236145019531,1899300,0.0,0.0
2015-01-08,54.939998626708984,55.02000045776367,53.75,55.0,37.81929397583008,1789100,0.0,0.0
2015-01-09,54.97999954223633,55.29999923706055,53.130001068115234,53.220001220703125,36.595306396484375,1517000,0.0,0.0
2015-01-12,52.91999816894531,53.0099983215332,52.29999923706055,52.61000061035156,36.17587661743164,1792200,0.0,0.0
2015-01-13,52.47999954223633,53.18000030517578,51.41999816894531,51.90999984741211,35.69453430175781,1418400,0.0,0.0
2015-01-14,51.720001220703125,52.400001525878906,51.56999969482422,52.20000076293945,35.89393997192383,1467900,0.0,0.0
2015-01-15,52.27000045776367,52.459999084472656,51.77000045776367,51.959999084472656,35.728912353515625,1288800,0.0,0.0
2015-01-16,51.869998931884766,52.58000183105469,51.83000183105469,52.540000915527344,36.12773895263672,1062300,0.0,0.0
2015-01-20,52.119998931884766,52.79999923706055,51.4900016784668,52.08000183105469,35.81142044067383,1668300,0.0,0.0
2015-01-21,51.91999816894531,52.869998931884766,51.79999923706055,52.81999969482422,36.32026672363281,1103600,0.0,0.0
2015-01-22,53.209999084472656,54.029998779296875,52.7599983215332,53.84000015258789,37.02163314819336,1138800,0.0,0.0
2015-01-23,53.56999969482422,55.18000030517578,52.70000076293945,54.939998626708984,37.77802658081055,2560800,0.0,0.0
2015-01-26,53.7599983215332,55.689998626708984,53.27000045776367,54.849998474121094,37.71614074707031,2473100,0.0,0.0
2015-01-27,54.29999923706055,55.02000045776367,53.689998626708984,54.650001525878906,37.578636169433594,1517000,0.0,0.0
2015-01-28,54.790000915527344,55.40999984741211,54.720001220703125,55.04999923706055,37.853675842285156,1146600,0.0,0.0
2015-01-29,55.060001373291016,55.900001525878906,55.0,55.77000045776367,38.3487663269043,1301700,0.0,0.0
2015-01-30,55.34000015258789,55.68000030517578,54.58000183105469,54.91999816894531,38.057708740234375,1307800,0.43,0.0
2015-02-02,54.68000030517578,54.90999984741211,53.900001525878906,54.70000076293945,37.9052619934082,1364400,0.0,0.0
2015-02-03,54.9900016784668,56.27000045776367,54.970001220703125,56.150001525878906,38.910064697265625,755500,0.0,0.0
2015-02-04,56.18000030517578,57.40999984741211,56.18000030517578,56.58000183105469,39.208030700683594,1315400,0.0,0.0
2015-02-05,56.54999923706055,56.779998779296875,55.88999938964844,56.130001068115234,38.896202087402344,1030100,0.0,0.0
2015-02-06,56.02000045776367,56.25,55.2599983215332,55.7400016784668,38.625946044921875,1548900,0.0,0.0
2015-02-09,58.400001525878906,60.65999984741211,57.20000076293945,59.65999984741211,41.342369079589844,4926600,0.0,0.0
2015-02-10,60.869998931884766,61.7400016784668,59.84000015258789,61.61000061035156,42.69365692138672,2821000,0.0,0.0
2015-02-11,62.0099983215332,62.43000030517578,61.11000061035156,61.20000076293945,42.409542083740234,1657200,0.0,0.0
2015-02-12,61.47999954223633,62.33000183105469,61.38999938964844,62.15999984741211,43.074771881103516,940200,0.0,0.0
2015-02-13,62.15999984741211,63.09000015258789,62.15999984741211,62.7400016784668,43.476707458496094,1436200,0.0,0.0
2015-02-17,62.58000183105469,62.9900016784668,62.060001373291016,62.470001220703125,43.289608001708984,1311700,0.0,0.0
2015-02-18,62.52000045776367,62.72999954223633,61.63999938964844,62.119998931884766,43.047061920166016,1216800,0.0,0.0
2015-02-19,62.2599983215332,62.40999984741211,61.5,61.779998779296875,42.81144332885742,1948300,0.0,0.0
2015-02-20,61.0,61.970001220703125,60.09000015258789,61.83000183105469,42.84611511230469,1668200,0.0,0.0
2015-02-23,61.97999954223633,62.02000045776367,61.54999923706055,62.02000045776367,42.977787017822266,1370500,0.0,0.0
2015-02-24,62.16999816894531,62.290000915527344,61.790000915527344,62.04999923706055,42.99856185913086,576100,0.0,0.0
2015-02-25,62.189998626708984,62.779998779296875,61.97999954223633,62.08000183105469,43.01934814453125,1040100,0.0,0.0
2015-02-26,62.0,62.599998474121094,61.83000183105469,62.5,43.31038284301758,606900,0.0,0.0
2015-02-27,62.599998474121094,62.77000045776367,62.0,62.31999969482422,43.1856575012207,730900,0.0,0.0
2015-03-02,62.45000076293945,63.470001220703125,62.38999938964844,63.150001525878906,43.760833740234375,697700,0.0,0.0
2015-03-03,62.79999923706055,63.18000030517578,62.470001220703125,62.720001220703125,43.462852478027344,711600,0.0,0.0
2015-03-04,63.2599983215332,63.310001373291016,62.11000061035156,62.43000030517578,43.261898040771484,645800,0.0,0.0
2015-03-05,62.619998931884766,62.849998474121094,62.13999938964844,62.43000030517578,43.261898040771484,782200,0.0,0.0
2015-03-06,62.25,62.2599983215332,61.40999984741211,61.650001525878906,42.72137451171875,1158600,0.0,0.0
2015-03-09,61.91999816894531,62.34000015258789,61.529998779296875,61.970001220703125,42.943115234375,622100,0.0,0.0
2015-03-10,61.5099983215332,61.63999938964844,61.0,61.349998474121094,42.51348114013672,864500,0.0,0.0
2015-03-11,60.0099983215332,61.56999969482422,60.0099983215332,60.90999984741211,42.20857620239258,726400,0.0,0.0
2015-03-12,61.18000030517578,61.88999938964844,60.880001068115234,61.70000076293945,42.75603103637695,1182900,0.0,0.0
2015-03-13,61.81999969482422,62.5,60.220001220703125,60.72999954223633,42.083839416503906,1278400,0.0,0.0
2015-03-16,61.06999969482422,61.709999084472656,60.61000061035156,61.5,42.61743927001953,832700,0.0,0.0
2015-03-17,61.25,61.689998626708984,60.81999969482422,61.599998474121094,42.68672180175781,660300,0.0,0.0
2015-03-18,61.59000015258789,61.70000076293945,60.290000915527344,61.43000030517578,42.56891632080078,930800,0.0,0.0
2015-03-19,61.209999084472656,61.5,60.650001525878906,61.099998474121094,42.34023666381836,1309000,0.0,0.0
2015-03-20,61.31999969482422,61.4900016784668,60.810001373291016,61.08000183105469,42.326385498046875,2512600,0.0,0.0
2015-03-23,61.279998779296875,62.29999923706055,61.11000061035156,61.380001068115234,42.53428649902344,1128300,0.0,0.0
2015-03-24,61.56999969482422,62.060001373291016,61.31999969482422,61.4900016784668,42.61050033569336,898600,0.0,0.0
2015-03-25,61.599998474121094,61.650001525878906,60.68000030517578,60.68000030517578,42.04920196533203,1053800,0.0,0.0
2015-03-26,60.25,60.83000183105469,59.7400016784668,60.560001373291016,41.96604537963867,1012700,0.0,0.0
2015-03-27,60.43000030517578,61.5099983215332,60.060001373291016,61.029998779296875,42.2917366027832,783500,0.0,0.0
2015-03-30,61.5,62.650001525878906,61.130001068115234,62.56999969482422,43.35890197753906,1021500,0.0,0.0
2015-03-31,62.599998474121094,63.59000015258789,62.22999954223633,63.2400016784668,43.82319259643555,1437300,0.0,0.0
2015-04-01,63.13999938964844,63.95000076293945,62.560001373291016,63.790000915527344,44.20432662963867,1663600,0.0,0.0
2015-04-02,63.68000030517578,63.880001068115234,62.91999816894531,63.45000076293945,43.96872329711914,997300,0.0,0.0
2015-04-06,63.2599983215332,64.4800033569336,63.0,64.1500015258789,44.453792572021484,1053200,0.0,0.0
2015-04-07,64.1500015258789,64.43000030517578,63.2599983215332,63.61000061035156,44.079593658447266,1089600,0.0,0.0
2015-04-08,63.939998626708984,64.19000244140625,63.58000183105469,64.04000091552734,44.3775634765625,925800,0.0,0.0
2015-04-09,64.13999938964844,64.27999877929688,63.75,64.20999908447266,44.4953727722168,461100,0.0,0.0
2015-04-10,64.2699966430664,64.58999633789062,63.95000076293945,64.22000122070312,44.5023078918457,779600,0.0,0.0
2015-04-13,64.12000274658203,64.77999877929688,63.779998779296875,63.880001068115234,44.26668930053711,854100,0.0,0.0
2015-04-14,63.77000045776367,64.9000015258789,63.650001525878906,64.4800033569336,44.68247985839844,806300,0.0,0.0
2015-04-15,64.73999786376953,64.98999786376953,64.33999633789062,64.81999969482422,44.918087005615234,1208400,0.0,0.0
2015-04-16,64.80999755859375,66.31999969482422,64.16999816894531,66.05000305175781,45.770423889160156,1593500,0.0,0.0
2015-04-17,65.91000366210938,66.29000091552734,64.95999908447266,65.88999938964844,45.65955352783203,2173900,0.0,0.0
2015-04-20,70.0,74.36000061035156,69.66000366210938,74.16000366210938,51.390384674072266,7883600,0.0,0.0
2015-04-21,74.19000244140625,74.75,73.51000213623047,73.55000305175781,50.96767807006836,3901300,0.0,0.0
2015-04-22,72.97000122070312,73.33999633789062,71.70999908447266,71.7300033569336,49.70648193359375,3905100,0.0,0.0
2015-04-23,71.76000213623047,72.33000183105469,71.61000061035156,71.70999908447266,49.6926155090332,2025600,0.0,0.0
2015-04-24,72.44999694824219,72.45999908447266,71.41000366210938,71.61000061035156,49.62332534790039,1515800,0.0,0.0
2015-04-27,71.69000244140625,71.9800033569336,70.83999633789062,71.01000213623047,49.20752716064453,1050100,0.0,0.0
2015-04-28,71.11000061035156,71.36000061035156,70.33000183105469,71.11000061035156,49.276851654052734,1310500,0.0,0.0
2015-04-29,70.6500015258789,71.13999938964844,70.05999755859375,70.55000305175781,49.20709991455078,985100,0.46,0.0
2015-04-30,70.31999969482422,70.94999694824219,69.91000366210938,70.79000091552734,49.37449264526367,1319400,0.0,0.0
2015-05-01,71.1500015258789,72.22000122070312,71.11000061035156,71.66000366210938,49.981285095214844,1316500,0.0,0.0
2015-05-04,72.26000213623047,72.33000183105469,70.55999755859375,71.19000244140625,49.65348815917969,906900,0.0,0.0
2015-05-05,71.0199966430664,71.19000244140625,69.93000030517578,70.18000030517578,48.94902801513672,665600,0.0,0.0
2015-05-06,70.48999786376953,70.56999969482422,69.9000015258789,70.38999938964844,49.09548568725586,791400,0.0,0.0
2015-05-07,70.7699966430664,71.48999786376953,70.7300033569336,71.12000274658203,49.60465621948242,1177000,0.0,0.0
2015-05-08,71.56999969482422,71.88999938964844,71.08000183105469,71.22000122070312,49.67441177368164,552700,0.0,0.0
2015-05-11,71.55999755859375,72.26000213623047,71.23999786376953,72.0,50.218441009521484,1263600,0.0,0.0
2015-05-12,71.62000274658203,71.93000030517578,70.66000366210938,70.95999908447266,49.49305725097656,738300,0.0,0.0
2015-05-13,71.0,71.26000213623047,70.30000305175781,70.44000244140625,49.130374908447266,866100,0.0,0.0
2015-05-14,70.61000061035156,72.0,70.23999786376953,71.97000122070312,50.19751739501953,828900,0.0,0.0
2015-05-15,72.05999755859375,72.5199966430664,70.75,72.38999938964844,50.490440368652344,633300,0.0,0.0
2015-05-18,72.26000213623047,72.30999755859375,71.58999633789062,71.97000122070312,50.19751739501953,746300,0.0,0.0
2015-05-19,72.08999633789062,72.26000213623047,71.36000061035156,71.83000183105469,50.09986877441406,644900,0.0,0.0
2015-05-20,71.73999786376953,72.19999694824219,71.33999633789062,71.79000091552734,50.071964263916016,704000,0.0,0.0
2015-05-21,71.93000030517578,72.73999786376953,71.9000015258789,72.55000305175781,50.602054595947266,583100,0.0,0.0
2015-05-22,72.62000274658203,73.0199966430664,72.55000305175781,72.9000015258789,50.846160888671875,619300,0.0,0.0
2015-05-26,72.8499984741211,73.16000366210938,72.02999877929688,72.18000030517578,50.3439826965332,587300,0.0,0.0
2015-05-27,72.0999984741211,72.69999694824219,72.01000213623047,72.4000015258789,50.4974250793457,519400,0.0,0.0
2015-05-28,72.3499984741211,72.80999755859375,72.0199966430664,72.44999694824219,50.53228759765625,412500,0.0,0.0
2015-05-29,72.4800033569336,72.75,71.5999984741211,72.12999725341797,50.30910873413086,1023000,0.0,0.0
2015-06-01,71.94999694824219,73.01000213623047,71.52999877929688,72.38999938964844,50.490440368652344,627600,0.0,0.0
2015-06-02,72.05999755859375,72.6500015258789,71.54000091552734,72.16999816894531,50.336997985839844,615200,0.0,0.0
2015-06-03,72.72000122070312,73.25,72.26000213623047,72.77999877929688,50.762474060058594,1114500,0.0,0.0
2015-06-04,72.58999633789062,73.05999755859375,72.05000305175781,72.19000244140625,50.350948333740234,806400,0.0,0.0
2015-06-05,72.33999633789062,72.6500015258789,71.54000091552734,72.22000122070312,50.37187576293945,773400,0.0,0.0
2015-06-08,72.30999755859375,73.01000213623047,72.13999938964844,72.33999633789062,50.45555877685547,640500,0.0,0.0
2015-06-09,72.2300033569336,72.79000091552734,72.01000213623047,72.05000305175781,50.253318786621094,530900,0.0,0.0
2015-06-10,72.44000244140625,72.9800033569336,71.88999938964844,72.69000244140625,50.69968795776367,565000,0.0,0.0
2015-06-11,72.80000305175781,73.4800033569336,72.77999877929688,73.2699966430664,51.1042366027832,894300,0.0,0.0
2015-06-12,72.91999816894531,73.23999786376953,72.33999633789062,72.81999969482422,50.79037094116211,752900,0.0,0.0
2015-06-15,72.80999755859375,73.08999633789062,72.23999786376953,72.88999938964844,50.83919906616211,675900,0.0,0.0
2015-06-16,73.12000274658203,73.5,72.91000366210938,73.04000091552734,50.943809509277344,734300,0.0,0.0
2015-06-17,73.12000274658203,74.83000183105469,73.04000091552734,74.58999633789062,52.024879455566406,807500,0.0,0.0
2015-06-18,74.83999633789062,75.80999755859375,74.62000274658203,75.48999786376953,52.65262985229492,786000,0.0,0.0
2015-06-19,75.6500015258789,76.48999786376953,75.33000183105469,76.18000030517578,53.133880615234375,1389900,0.0,0.0
2015-06-22,76.63999938964844,77.25,76.16999816894531,76.62999725341797,53.44775390625,658900,0.0,0.0
2015-06-23,76.94999694824219,77.98999786376953,76.93000030517578,77.7699966430664,54.24287796020508,1192700,0.0,0.0
2015-06-24,77.98999786376953,78.63999938964844,77.76000213623047,78.33999633789062,54.64043426513672,1401100,0.0,0.0
2015-06-25,78.58000183105469,78.91000366210938,78.05000305175781,78.41999816894531,54.696224212646484,1022900,0.0,0.0
2015-06-26,78.23999786376953,78.55000305175781,77.22000122070312,77.69000244140625,54.18709182739258,1367400,0.0,0.0
2015-06-29,77.38999938964844,77.72000122070312,75.52999877929688,75.5999984741211,52.729347229003906,947400,0.0,0.0
2015-06-30,75.9000015258789,76.13999938964844,74.69000244140625,74.79000091552734,52.16441345214844,1998700,0.0,0.0
2015-07-01,74.02999877929688,76.26000213623047,74.0199966430664,75.77999877929688,52.85490798950195,1858100,0.0,0.0
2015-07-02,75.56999969482422,75.97000122070312,74.83999633789062,75.91999816894531,52.952537536621094,1399800,0.0,0.0
2015-07-06,74.69000244140625,76.37999725341797,74.66000366210938,75.8499984741211,52.903717041015625,1402900,0.0,0.0
2015-07-07,75.5199966430664,76.2300033569336,75.12000274658203,76.16000366210938,53.11995315551758,1356000,0.0,0.0
2015-07-08,76.16999816894531,77.5,76.13999938964844,77.05000305175781,53.74069595336914,2135900,0.0,0.0
2015-07-09,77.44000244140625,77.68000030517578,75.8499984741211,75.94000244140625,52.96651840209961,1589500,0.0,0.0
2015-07-10,76.86000061035156,77.66999816894531,76.13999938964844,77.22000122070312,53.859256744384766,1629800,0.0,0.0
2015-07-13,77.2699966430664,78.30999755859375,76.80000305175781,78.22000122070312,54.5567512512207,1088400,0.0,0.0
2015-07-14,78.23999786376953,78.94000244140625,77.8499984741211,78.69000244140625,54.88454818725586,2423700,0.0,0.0
2015-07-15,78.58000183105469,78.66000366210938,77.88999938964844,78.06999969482422,54.45209884643555,1061400,0.0,0.0
2015-07-16,78.36000061035156,78.98999786376953,78.01000213623047,78.41999816894531,54.696224212646484,1064200,0.0,0.0
2015-07-17,78.41999816894531,79.0,77.30000305175781,78.25,54.57767105102539,2458900,0.0,0.0
2015-07-20,81.69000244140625,84.41999816894531,81.69000244140625,83.1500015258789,57.99532699584961,3993900,0.0,0.0
2015-07-21,81.88999938964844,81.88999938964844,79.95999908447266,80.41999816894531,56.0911979675293,3089600,0.0,0.0
2015-07-22,80.51000213623047,80.66999816894531,79.44999694824219,79.8499984741211,55.69363784790039,1437500,0.0,0.0
2015-07-23,79.91999816894531,80.2699966430664,79.05000305175781,79.27999877929688,55.29606628417969,1026000,0.0,0.0
2015-07-24,79.33000183105469,79.80000305175781,79.05999755859375,79.63999938964844,55.54716110229492,1178700,0.0,0.0
2015-07-27,79.62999725341797,80.12999725341797,79.11000061035156,79.51000213623047,55.45649719238281,1084700,0.0,0.0
2015-07-28,79.9000015258789,79.9000015258789,79.05000305175781,79.56999969482422,55.49834442138672,1134600,0.0,0.0
2015-07-29,79.7699966430664,80.91999816894531,79.30000305175781,80.76000213623047,56.32834243774414,1273400,0.0,0.0
2015-07-30,80.12999725341797,80.33999633789062,79.5199966430664,79.98999786376953,56.11088562011719,1034400,0.46,0.0
2015-07-31,80.0199966430664,80.1500015258789,78.5999984741211,78.73999786376953,55.2340202331543,1874200,0.0,0.0
2015-08-03,78.73999786376953,79.0199966430664,77.22000122070312,77.73999786376953,54.53257751464844,986700,0.0,0.0
2015-08-04,77.73999786376953,79.69000244140625,77.48999786376953,78.83000183105469,55.29717254638672,907900,0.0,0.0
2015-08-05,79.08999633789062,79.6500015258789,78.77999877929688,79.23999786376953,55.58479309082031,729400,0.0,0.0
2015-08-06,79.45999908447266,79.58999633789062,76.9000015258789,76.93000030517578,53.96436309814453,1588900,0.0,0.0
2015-08-07,76.8499984741211,77.94000244140625,76.5,77.41000366210938,54.30110168457031,1080100,0.0,0.0
2015-08-10,78.16000366210938,79.55000305175781,78.05999755859375,79.51000213623047,55.7741813659668,1120300,0.0,0.0
2015-08-11,78.70999908447266,79.27999877929688,78.43000030517578,79.12999725341797,55.50762176513672,1142400,0.0,0.0
2015-08-12,78.73999786376953,79.58000183105469,78.2300033569336,79.48999786376953,55.76015853881836,1127700,0.0,0.0
2015-08-13,79.6500015258789,80.87999725341797,79.43000030517578,80.55000305175781,56.50370788574219,765800,0.0,0.0
2015-08-14,80.81999969482422,81.0,80.13999938964844,80.70999908447266,56.61594009399414,519800,0.0,0.0
2015-08-17,80.19999694824219,80.9000015258789,79.73999786376953,80.62000274658203,56.552818298339844,569600,0.0,0.0
2015-08-18,80.41999816894531,80.66000366210938,79.83999633789062,80.37999725341797,56.38444137573242,654000,0.0,0.0
2015-08-19,79.88999938964844,80.01000213623047,79.01000213623047,79.58000183105469,55.82327651977539,738900,0.0,0.0
2015-08-20,78.66999816894531,79.93000030517578,77.83999633789062,77.86000061035156,54.61675262451172,806200,0.0,0.0
2015-08-21,77.44999694824219,77.48999786376953,75.18000030517578,75.18000030517578,52.73678970336914,1476500,0.0,0.0
2015-08-24,69.80999755859375,73.52999877929688,60.380001068115234,71.18000030517578,49.9308967590332,2393100,0.0,0.0
2015-08-25,72.66999816894531,73.4000015258789,71.48999786376953,71.52999877929688,50.176422119140625,2737200,0.0,0.0
2015-08-26,73.27999877929688,73.27999877929688,71.0999984741211,72.79000091552734,51.06028366088867,1860800,0.0,0.0
2015-08-27,73.48999786376953,75.4000015258789,72.68000030517578,75.13999938964844,52.708736419677734,1181300,0.0,0.0
2015-08-28,74.88999938964844,76.16000366210938,74.6500015258789,75.51000213623047,52.968292236328125,1088500,0.0,0.0
2015-08-31,75.08000183105469,75.7699966430664,74.51000213623047,74.58999633789062,52.322906494140625,1242900,0.0,0.0
2015-09-01,73.95999908447266,73.95999908447266,72.06999969482422,72.5199966430664,50.87086868286133,1127600,0.0,0.0
2015-09-02,74.55000305175781,75.13999938964844,73.87999725341797,74.51000213623047,52.26680374145508,2911400,0.0,0.0
2015-09-03,76.0,77.44999694824219,75.55000305175781,76.86000061035156,53.91526794433594,1811900,0.0,0.0
2015-09-04,75.91999816894531,76.43000030517578,75.19999694824219,75.37000274658203,52.87007141113281,1575900,0.0,0.0
2015-09-08,76.63999938964844,76.66999816894531,75.41999816894531,76.29000091552734,53.51543426513672,1314400,0.0,0.0
2015-09-09,76.91000366210938,77.12999725341797,75.12999725341797,75.27999877929688,52.806941986083984,991300,0.0,0.0
2015-09-10,75.19999694824219,76.66999816894531,75.01000213623047,76.02999877929688,53.33304214477539,742400,0.0,0.0
2015-09-11,75.66000366210938,76.80999755859375,75.23999786376953,76.75,53.838096618652344,759200,0.0,0.0
2015-09-14,76.75,78.26000213623047,76.48999786376953,77.58000183105469,54.42033386230469,966200,0.0,0.0
2015-09-15,77.47000122070312,79.41000366210938,77.47000122070312,79.08000183105469,55.472530364990234,1181200,0.0,0.0
2015-09-16,79.01000213623047,80.37999725341797,78.41000366210938,80.25,56.29325866699219,1134000,0.0,0.0
2015-09-17,79.08999633789062,79.86000061035156,77.30000305175781,77.51000213623047,54.371219635009766,1631200,0.0,0.0
2015-09-18,76.73999786376953,77.68000030517578,76.66000366210938,77.05999755859375,54.05555725097656,1390800,0.0,0.0
2015-09-21,77.48999786376953,78.27999877929688,76.69999694824219,77.19000244140625,54.146751403808594,769900,0.0,0.0
2015-09-22,75.95999908447266,76.55999755859375,75.04000091552734,75.55000305175781,52.996337890625,1028600,0.0,0.0
2015-09-23,75.83999633789062,75.9800033569336,75.02999877929688,75.37999725341797,52.87709426879883,879900,0.0,0.0
2015-09-24,75.02999877929688,75.5199966430664,73.29000091552734,74.6500015258789,52.365020751953125,934700,0.0,0.0
2015-09-25,75.06999969482422,75.45999908447266,74.37000274658203,74.94999694824219,52.57545471191406,593400,0.0,0.0
2015-09-28,74.69999694824219,74.94999694824219,72.0999984741211,72.12999725341797,50.597312927246094,844500,0.0,0.0
2015-09-29,72.30999755859375,72.97000122070312,71.5999984741211,72.69000244140625,50.99012756347656,971900,0.0,0.0
2015-09-30,72.23999786376953,72.58999633789062,70.5,72.13999938964844,50.604312896728516,2280300,0.0,0.0
2015-10-01,72.48999786376953,72.80000305175781,70.73999786376953,71.68000030517578,50.28163528442383,1632100,0.0,0.0
2015-10-02,70.4800033569336,71.52999877929688,70.11000061035156,71.36000061035156,50.057167053222656,1201500,0.0,0.0
2015-10-05,71.94000244140625,73.87000274658203,71.91000366210938,73.63999938964844,51.6565055847168,1200600,0.0,0.0
2015-10-06,73.52999877929688,73.91000366210938,72.22000122070312,72.86000061035156,51.1093864440918,761000,0.0,0.0
2015-10-07,72.16999816894531,74.11000061035156,72.05000305175781,73.41999816894531,51.502201080322266,973600,0.0,0.0
2015-10-08,72.93000030517578,74.7699966430664,72.81999969482422,73.80000305175781,51.76876449584961,1316500,0.0,0.0
2015-10-09,73.98999786376953,74.66999816894531,73.55000305175781,74.3499984741211,52.154563903808594,932600,0.0,0.0
2015-10-12,74.1500015258789,74.66000366210938,73.77999877929688,74.44000244140625,52.21770095825195,972700,0.0,0.0
2015-10-13,74.2699966430664,75.48999786376953,74.11000061035156,74.12999725341797,52.000240325927734,1144700,0.0,0.0
2015-10-14,74.11000061035156,74.75,73.4800033569336,73.66999816894531,51.677574157714844,998400,0.0,0.0
2015-10-15,74.0,75.36000061035156,73.83000183105469,75.33000183105469,52.842010498046875,1181200,0.0,0.0
2015-10-16,75.58000183105469,77.91000366210938,74.62999725341797,77.77999877929688,54.56061935424805,2667700,0.0,0.0
2015-10-19,76.7699966430664,77.5,70.81999969482422,72.18000030517578,50.63236999511719,5352700,0.0,0.0
2015-10-20,71.93000030517578,74.20999908447266,71.3499984741211,72.94000244140625,51.16550064086914,2228400,0.0,0.0
2015-10-21,73.44999694824219,74.4800033569336,73.31999969482422,73.98999786376953,51.90204620361328,1513800,0.0,0.0
2015-10-22,74.36000061035156,76.77999877929688,74.29000091552734,76.76000213623047,53.84512710571289,2125100,0.0,0.0
2015-10-23,77.25,79.23999786376953,77.0199966430664,78.87000274658203,55.32525634765625,2546200,0.0,0.0
2015-10-26,78.25,79.43000030517578,78.13999938964844,78.30999755859375,54.932403564453125,1902000,0.0,0.0
2015-10-27,77.76000213623047,78.48999786376953,77.45999908447266,78.22000122070312,54.86927795410156,1211500,0.0,0.0
2015-10-28,78.23999786376953,78.5,77.48999786376953,78.18000030517578,54.84121322631836,825800,0.0,0.0
2015-10-29,77.44000244140625,77.83000183105469,76.93000030517578,77.75,54.86238098144531,690600,0.46,0.0
2015-10-30,77.5199966430664,77.72000122070312,76.81999969482422,76.83000183105469,54.21320343017578,1065800,0.0,0.0
2015-11-02,77.27999877929688,77.33000183105469,76.6500015258789,77.23999786376953,54.50251007080078,1151600,0.0,0.0
2015-11-03,77.08999633789062,77.51000213623047,76.97000122070312,77.2300033569336,54.495460510253906,1185100,0.0,0.0
2015-11-04,77.45999908447266,77.75,76.77999877929688,77.01000213623047,54.340213775634766,743300,0.0,0.0
2015-11-05,77.38999938964844,77.87000274658203,76.41999816894531,77.05999755859375,54.37549591064453,585200,0.0,0.0
2015-11-06,76.80999755859375,78.68000030517578,76.70999908447266,78.23999786376953,55.208126068115234,704300,0.0,0.0
2015-11-09,78.0,78.73999786376953,77.30999755859375,78.38999938964844,55.31398391723633,1172400,0.0,0.0
2015-11-10,78.66000366210938,79.88999938964844,78.37000274658203,79.80999755859375,56.315982818603516,913300,0.0,0.0
2015-11-11,79.87000274658203,79.93000030517578,78.20999908447266,78.56999969482422,55.44099807739258,1075600,0.0,0.0
2015-11-12,78.79000091552734,79.63999938964844,77.55999755859375,77.8499984741211,54.93294906616211,1210100,0.0,0.0
2015-11-13,77.5199966430664,77.69000244140625,75.72000122070312,76.01000213623047,53.63460922241211,1032900,0.0,0.0
2015-11-16,75.9000015258789,76.58000183105469,74.2300033569336,75.7699966430664,53.46525573730469,1386900,0.0,0.0
2015-11-17,75.31999969482422,75.81999969482422,74.12000274658203,74.76000213623047,52.7525634765625,1836200,0.0,0.0
2015-11-18,75.11000061035156,75.68000030517578,74.31999969482422,75.56999969482422,53.3241081237793,1288100,0.0,0.0
2015-11-19,75.68000030517578,77.0,75.22000122070312,75.5999984741211,53.34528350830078,1361700,0.0,0.0
2015-11-20,75.9800033569336,76.33999633789062,75.44000244140625,75.48999786376953,53.267669677734375,1334300,0.0,0.0
2015-11-23,75.5999984741211,76.83999633789062,74.05999755859375,75.19000244140625,53.05596923828125,1423300,0.0,0.0
2015-11-24,74.63999938964844,75.69999694824219,74.1500015258789,75.68000030517578,53.40174102783203,869900,0.0,0.0
2015-11-25,76.0,76.69000244140625,74.80000305175781,76.45999908447266,53.952125549316406,575900,0.0,0.0
2015-11-27,76.31999969482422,76.77999877929688,75.20999908447266,75.37000274658203,53.1829948425293,453900,0.0,0.0
2015-11-30,75.55999755859375,75.55999755859375,72.87000274658203,73.08999633789062,51.57417678833008,1858600,0.0,0.0
2015-12-01,73.73999786376953,73.93000030517578,72.06999969482422,73.12999725341797,51.602394104003906,1793200,0.0,0.0
2015-12-02,73.1500015258789,73.36000061035156,72.23999786376953,72.51000213623047,51.16490936279297,1142200,0.0,0.0
2015-12-03,72.98999786376953,73.1500015258789,69.69000244140625,70.41000366210938,49.68309020996094,3109600,0.0,0.0
2015-12-04,70.19999694824219,70.5,67.72000122070312,68.70999908447266,48.483543395996094,3049500,0.0,0.0
2015-12-07,68.8499984741211,69.44000244140625,68.58000183105469,68.8499984741211,48.58231735229492,1220800,0.0,0.0
2015-12-08,69.44000244140625,71.3499984741211,69.0,69.81999969482422,49.266788482666016,1627200,0.0,0.0
2015-12-09,69.25,70.3499984741211,67.87999725341797,68.41000366210938,48.2718505859375,1619500,0.0,0.0
2015-12-10,68.69999694824219,68.83999633789062,68.08999633789062,68.22000122070312,48.13776397705078,1626100,0.0,0.0
2015-12-11,67.66000366210938,69.18000030517578,67.5,68.37000274658203,48.243621826171875,2135700,0.0,0.0
2015-12-14,68.93000030517578,69.58000183105469,68.56999969482422,69.19000244140625,48.822235107421875,1593000,0.0,0.0
2015-12-15,69.83000183105469,70.7699966430664,68.91999816894531,69.19000244140625,48.822235107421875,1414300,0.0,0.0
2015-12-16,69.58999633789062,71.04000091552734,68.05000305175781,69.20999908447266,48.836341857910156,1526300,0.0,0.0
2015-12-17,69.1500015258789,69.20999908447266,66.33000183105469,66.38999938964844,46.84647750854492,1962800,0.0,0.0
2015-12-18,66.30000305175781,66.87999725341797,65.30999755859375,65.83000183105469,46.45133590698242,2456900,0.0,0.0
2015-12-21,66.45999908447266,66.81999969482422,64.91000366210938,65.30999755859375,46.08440017700195,1617300,0.0,0.0
2015-12-22,65.63999938964844,66.80999755859375,65.41000366210938,66.7699966430664,47.114620208740234,926300,0.0,0.0
2015-12-23,67.38999938964844,67.73999786376953,65.86000061035156,67.26000213623047,47.46038055419922,1801000,0.0,0.0
2015-12-24,67.11000061035156,68.08999633789062,67.0,67.62000274658203,47.714412689208984,417200,0.0,0.0
2015-12-28,67.4000015258789,67.87999725341797,66.80000305175781,67.6500015258789,47.73555374145508,641600,0.0,0.0
2015-12-29,68.0199966430664,68.7699966430664,67.4800033569336,68.43000030517578,48.28596496582031,921700,0.0,0.0
2015-12-30,68.30000305175781,68.61000061035156,67.47000122070312,67.5,47.629722595214844,572100,0.0,0.0
2015-12-31,67.37000274658203,67.86000061035156,67.22000122070312,67.36000061035156,47.530941009521484,892700,0.0,0.0
2016-01-04,66.33999633789062,66.9800033569336,65.5199966430664,66.95999908447266,47.24868392944336,1214900,0.0,0.0
2016-01-05,67.30000305175781,68.5,67.01000213623047,68.18000030517578,48.10955047607422,1661000,0.0,0.0
2016-01-06,66.7699966430664,71.0999984741211,66.61000061035156,69.88999938964844,49.31616973876953,3295000,0.0,0.0
2016-01-07,68.5,70.30000305175781,68.02999877929688,69.12000274658203,48.772850036621094,1808100,0.0,0.0
2016-01-08,69.25,69.56999969482422,67.91000366210938,68.04000091552734,48.010765075683594,1231000,0.0,0.0
2016-01-11,68.68000030517578,70.12999725341797,68.27999877929688,70.01000213623047,49.400848388671875,1275300,0.0,0.0
2016-01-12,70.29000091552734,70.9800033569336,69.81999969482422,70.83000183105469,49.97946548461914,1054500,0.0,0.0
2016-01-13,70.52999877929688,71.0,68.47000122070312,68.4800033569336,48.32123947143555,1309400,0.0,0.0
2016-01-14,68.94999694824219,70.72000122070312,68.30000305175781,70.19999694824219,49.53489685058594,1346300,0.0,0.0
2016-01-15,68.70999908447266,72.26000213623047,68.5199966430664,72.06999969482422,50.85444641113281,2433200,0.0,0.0
2016-01-19,72.63999938964844,72.7699966430664,69.25,70.44999694824219,49.711326599121094,1699600,0.0,0.0
2016-01-20,69.30999755859375,70.16000366210938,67.19999694824219,69.7300033569336,49.20328140258789,1514600,0.0,0.0
2016-01-21,69.88999938964844,72.30999755859375,69.16999816894531,71.94999694824219,50.769744873046875,1345200,0.0,0.0
2016-01-22,73.22000122070312,73.62000274658203,72.01000213623047,72.91000366210938,51.44716262817383,1036700,0.0,0.0
2016-01-25,72.72000122070312,73.2300033569336,70.73999786376953,70.91000366210938,50.03591537475586,1597900,0.0,0.0
2016-01-26,71.52999877929688,72.37999725341797,70.93000030517578,72.33000183105469,51.037899017333984,1030900,0.0,0.0
2016-01-27,72.5999984741211,72.94000244140625,70.69000244140625,71.16000366210938,50.21232604980469,840100,0.0,0.0
2016-01-28,72.06999969482422,72.6500015258789,70.62999725341797,72.3499984741211,51.05201721191406,954200,0.0,0.0
2016-01-29,72.33999633789062,74.31999969482422,71.69999694824219,74.27999877929688,52.74923324584961,1324500,0.46,0.0
2016-02-01,73.9800033569336,74.19000244140625,72.54000091552734,73.7699966430664,52.387062072753906,2351000,0.0,0.0
2016-02-02,74.08999633789062,75.95999908447266,73.44999694824219,74.33999633789062,52.791839599609375,2857800,0.0,0.0
2016-02-03,74.75,76.19999694824219,74.29000091552734,75.0,53.26054000854492,2384100,0.0,0.0
2016-02-04,74.58000183105469,78.44999694824219,73.86000061035156,75.9000015258789,53.899681091308594,4598300,0.0,0.0
2016-02-05,75.9000015258789,76.88999938964844,73.94000244140625,74.0999984741211,52.621421813964844,2478800,0.0,0.0
2016-02-08,74.36000061035156,75.87000274658203,72.31999969482422,75.11000061035156,53.338661193847656,3899700,0.0,0.0
2016-02-09,74.0199966430664,75.27999877929688,70.94000244140625,71.94000244140625,51.08751678466797,2495900,0.0,0.0
2016-02-10,72.26000213623047,72.66999816894531,71.58000183105469,72.16999816894531,51.2508430480957,1829800,0.0,0.0
2016-02-11,69.80999755859375,70.88999938964844,68.91999816894531,69.55999755859375,49.39739227294922,1678700,0.0,0.0
2016-02-12,70.0,70.44000244140625,68.5999984741211,70.08000183105469,49.766639709472656,2573200,0.0,0.0
2016-02-16,70.80000305175781,71.43000030517578,70.48999786376953,71.04000091552734,50.44839096069336,1410100,0.0,0.0
2016-02-17,71.97000122070312,72.69999694824219,71.22000122070312,72.05000305175781,51.16563415527344,1527500,0.0,0.0
2016-02-18,72.16999816894531,73.08999633789062,71.83999633789062,72.2699966430664,51.32184600830078,1513600,0.0,0.0
2016-02-19,72.19000244140625,72.29000091552734,71.19999694824219,72.08000183105469,51.18693161010742,1130000,0.0,0.0
2016-02-22,73.30999755859375,74.58000183105469,72.5,74.54000091552734,52.93387985229492,1006700,0.0,0.0
2016-02-23,74.0999984741211,74.8499984741211,73.9800033569336,74.51000213623047,52.91257095336914,1034600,0.0,0.0
2016-02-24,73.77999877929688,75.81999969482422,73.5,75.75,53.793155670166016,1019700,0.0,0.0
2016-02-25,75.68000030517578,76.20999908447266,74.66000366210938,76.12999725341797,54.06300354003906,867300,0.0,0.0
2016-02-26,76.5,77.05000305175781,76.0,76.44999694824219,54.290252685546875,672200,0.0,0.0
2016-02-29,76.44000244140625,76.56999969482422,75.13999938964844,75.87000274658203,53.878353118896484,795300,0.0,0.0
2016-03-01,76.06999969482422,77.48999786376953,75.51000213623047,77.44000244140625,54.99329376220703,770100,0.0,0.0
2016-03-02,77.27999877929688,79.01000213623047,76.5,78.94000244140625,56.058494567871094,1105100,0.0,0.0
2016-03-03,79.19000244140625,79.4000015258789,78.41000366210938,78.88999938964844,56.02299118041992,967800,0.0,0.0
2016-03-04,78.72000122070312,79.16000366210938,77.5199966430664,77.91000366210938,55.327049255371094,918300,0.0,0.0
2016-03-07,77.55000305175781,79.05999755859375,77.55000305175781,78.5999984741211,55.817047119140625,688700,0.0,0.0
2016-03-08,77.88999938964844,79.30999755859375,77.80000305175781,78.58000183105469,55.80284881591797,774400,0.0,0.0
2016-03-09,78.88999938964844,79.08999633789062,77.91999816894531,78.0,55.390960693359375,772400,0.0,0.0
2016-03-10,78.4800033569336,78.75,77.5,77.94000244140625,55.348358154296875,1045900,0.0,0.0
2016-03-11,78.41999816894531,78.76000213623047,77.69999694824219,77.9800033569336,55.37675476074219,1184600,0.0,0.0
2016-03-14,77.7699966430664,78.6500015258789,77.61000061035156,78.4000015258789,55.675018310546875,886200,0.0,0.0
2016-03-15,77.80999755859375,78.5,77.80999755859375,78.4800033569336,55.731834411621094,1561500,0.0,0.0
2016-03-16,78.44999694824219,78.87000274658203,77.95999908447266,78.38999938964844,55.66791915893555,717600,0.0,0.0
2016-03-17,78.33000183105469,79.20999908447266,77.83000183105469,78.61000061035156,55.82414627075195,1015600,0.0,0.0
2016-03-18,78.72000122070312,78.94999694824219,78.30999755859375,78.48999786376953,55.73893356323242,2241700,0.0,0.0
2016-03-21,78.20999908447266,78.7699966430664,77.41000366210938,77.8499984741211,55.28445053100586,901100,0.0,0.0
2016-03-22,77.80999755859375,78.33999633789062,77.51000213623047,78.08000183105469,55.44778823852539,733200,0.0,0.0
2016-03-23,77.9800033569336,78.33000183105469,77.41999816894531,78.06999969482422,55.44065856933594,720100,0.0,0.0
2016-03-24,77.62999725341797,77.9800033569336,77.11000061035156,77.30000305175781,54.893882751464844,1002100,0.0,0.0
2016-03-28,77.56999969482422,78.58000183105469,77.41999816894531,78.12000274658203,55.476173400878906,1240900,0.0,0.0
2016-03-29,77.83000183105469,78.30999755859375,77.63999938964844,78.2300033569336,55.55430221557617,888400,0.0,0.0
2016-03-30,78.69000244140625,78.9800033569336,78.30999755859375,78.55000305175781,55.781551361083984,750900,0.0,0.0
2016-03-31,78.55000305175781,80.33000183105469,78.55000305175781,80.0999984741211,56.882266998291016,1970200,0.0,0.0
2016-04-01,79.56999969482422,79.95999908447266,78.69999694824219,79.19000244140625,56.23603820800781,1110500,0.0,0.0
2016-04-04,79.37000274658203,80.44000244140625,79.29000091552734,79.69999694824219,56.59819030761719,988200,0.0,0.0
2016-04-05,79.73999786376953,79.98999786376953,77.77999877929688,77.80000305175781,55.24894332885742,1352100,0.0,0.0
2016-04-06,77.76000213623047,79.79000091552734,77.72000122070312,79.73999786376953,56.62663269042969,1040600,0.0,0.0
2016-04-07,78.98999786376953,79.5199966430664,77.62999725341797,78.45999908447266,55.71764373779297,1166800,0.0,0.0
2016-04-08,78.83999633789062,79.19999694824219,77.5,78.76000213623047,55.93067932128906,982400,0.0,0.0
2016-04-11,79.30999755859375,80.30000305175781,79.0199966430664,79.44999694824219,56.42066955566406,1050100,0.0,0.0
2016-04-12,79.80999755859375,80.97000122070312,79.36000061035156,80.94000244140625,57.47879409790039,1122400,0.0,0.0
2016-04-13,81.05000305175781,81.8499984741211,80.9800033569336,81.5,57.87644958496094,755000,0.0,0.0
2016-04-14,81.8499984741211,81.95999908447266,81.16999816894531,81.33000183105469,57.755733489990234,651200,0.0,0.0
2016-04-15,81.31999969482422,82.61000061035156,80.94999694824219,82.41000366210938,58.5226936340332,1513100,0.0,0.0
2016-04-18,87.33999633789062,88.0,84.56999969482422,87.18000030517578,61.9100456237793,3719300,0.0,0.0
2016-04-19,87.70999908447266,88.52999877929688,86.66000366210938,87.0199966430664,61.79643249511719,1772200,0.0,0.0
2016-04-20,85.22000122070312,86.77999877929688,85.18000030517578,86.5,61.427181243896484,1810900,0.0,0.0
2016-04-21,86.0,87.1500015258789,85.66999816894531,86.80000305175781,61.640201568603516,1196700,0.0,0.0
2016-04-22,86.91000366210938,87.66999816894531,86.75,87.43000030517578,62.087615966796875,1608000,0.0,0.0
2016-04-25,87.0,87.5999984741211,86.63999938964844,87.23999786376953,61.952667236328125,1123400,0.0,0.0
2016-04-26,87.27999877929688,87.7300033569336,86.69000244140625,87.62999725341797,62.229618072509766,954000,0.0,0.0
2016-04-27,87.19000244140625,87.9800033569336,87.12000274658203,87.16000366210938,61.89584732055664,729500,0.0,0.0
2016-04-28,86.2300033569336,86.95999908447266,85.06999969482422,85.31999969482422,60.945823669433594,860600,0.51,0.0
2016-04-29,85.26000213623047,85.30000305175781,84.22000122070312,84.63999938964844,60.4600830078125,709400,0.0,0.0
2016-05-02,85.43000030517578,86.33999633789062,84.72000122070312,85.58999633789062,61.13868713378906,736700,0.0,0.0
2016-05-03,85.08999633789062,85.56999969482422,84.81999969482422,84.88999938964844,60.63865661621094,491700,0.0,0.0
2016-05-04,84.58000183105469,85.23999786376953,84.05000305175781,84.27999877929688,60.202919006347656,746100,0.0,0.0
2016-05-05,84.29000091552734,84.41000366210938,83.36000061035156,83.55000305175781,59.68144989013672,1195000,0.0,0.0
2016-05-06,83.41999816894531,85.16999816894531,83.3499984741211,85.08999633789062,60.781524658203125,858100,0.0,0.0
2016-05-09,84.69000244140625,86.44000244140625,84.69000244140625,86.11000061035156,61.5101203918457,924600,0.0,0.0
2016-05-10,85.30000305175781,86.44999694824219,84.75,86.33000183105469,61.66727066040039,902200,0.0,0.0
2016-05-11,85.80999755859375,86.26000213623047,84.3499984741211,84.5,60.360069274902344,927300,0.0,0.0
2016-05-12,84.48999786376953,85.41000366210938,84.3499984741211,85.30000305175781,60.931514739990234,694300,0.0,0.0
2016-05-13,85.23999786376953,85.70999908447266,84.95999908447266,85.11000061035156,60.79579162597656,861800,0.0,0.0
2016-05-16,84.9000015258789,85.95999908447266,84.54000091552734,85.45999908447266,61.04581832885742,612000,0.0,0.0
2016-05-17,85.22000122070312,85.73999786376953,84.22000122070312,84.62999725341797,60.45292663574219,748200,0.0,0.0
2016-05-18,84.58000183105469,85.48999786376953,83.86000061035156,84.9000015258789,60.645790100097656,852400,0.0,0.0
2016-05-19,84.5199966430664,85.12999725341797,83.80000305175781,84.87000274658203,60.624385833740234,493600,0.0,0.0
2016-05-20,85.1500015258789,85.52999877929688,84.13999938964844,84.38999938964844,60.281517028808594,872500,0.0,0.0
2016-05-23,84.6500015258789,85.19999694824219,84.12999725341797,84.97000122070312,60.695796966552734,457500,0.0,0.0
2016-05-24,85.1500015258789,87.16999816894531,85.01000213623047,86.72000122070312,61.945858001708984,849500,0.0,0.0
2016-05-25,86.5,87.12000274658203,86.2300033569336,86.76000213623047,61.97443771362305,753500,0.0,0.0
2016-05-26,86.95999908447266,87.30999755859375,86.26000213623047,86.75,61.96726989746094,516900,0.0,0.0
2016-05-27,86.30000305175781,87.55999755859375,86.30000305175781,87.27999877929688,62.34585952758789,413700,0.0,0.0
2016-05-31,87.2699966430664,87.63999938964844,86.43000030517578,87.29000091552734,62.35301971435547,643800,0.0,0.0
2016-06-01,86.58000183105469,87.16000366210938,86.16999816894531,87.12000274658203,62.231605529785156,886200,0.0,0.0
2016-06-02,86.63999938964844,87.12000274658203,86.0999984741211,86.7300033569336,61.9530029296875,681800,0.0,0.0
2016-06-03,86.19000244140625,86.41999816894531,85.33000183105469,85.79000091552734,61.281532287597656,720700,0.0,0.0
2016-06-06,86.36000061035156,86.94000244140625,85.94999694824219,86.23999786376953,61.60298538208008,687600,0.0,0.0
2016-06-07,86.2300033569336,87.23999786376953,86.13999938964844,86.94999694824219,62.11017990112305,707600,0.0,0.0
2016-06-08,86.81999969482422,87.37999725341797,86.63999938964844,87.11000061035156,62.22444534301758,366500,0.0,0.0
2016-06-09,86.7300033569336,87.16000366210938,85.69999694824219,87.06999969482422,62.19587707519531,524700,0.0,0.0
2016-06-10,86.61000061035156,86.83999633789062,85.48999786376953,85.91999816894531,61.3743896484375,446700,0.0,0.0
2016-06-13,85.7699966430664,86.0,85.04000091552734,85.05999755859375,60.760074615478516,457200,0.0,0.0
2016-06-14,84.9000015258789,85.48999786376953,84.4800033569336,85.44000244140625,61.031551361083984,1208900,0.0,0.0
2016-06-15,85.58999633789062,86.7699966430664,85.45999908447266,86.0199966430664,61.445823669433594,741900,0.0,0.0
2016-06-16,85.48999786376953,86.25,84.58999633789062,85.88999938964844,61.35298156738281,710500,0.0,0.0
2016-06-17,85.81999969482422,85.91999816894531,84.86000061035156,85.41999816894531,61.01723098754883,786400,0.0,0.0
2016-06-20,86.75,87.0999984741211,86.05000305175781,86.1500015258789,61.538700103759766,601900,0.0,0.0
2016-06-21,86.27999877929688,86.81999969482422,85.69000244140625,85.81999969482422,61.30297088623047,972300,0.0,0.0
2016-06-22,85.94000244140625,86.83000183105469,85.6500015258789,85.87000274658203,61.33869552612305,514200,0.0,0.0
2016-06-23,86.63999938964844,86.66000366210938,85.52999877929688,86.19999694824219,61.57441329956055,1234400,0.0,0.0
2016-06-24,83.44999694824219,84.19999694824219,82.33000183105469,82.37000274658203,58.83855438232422,2621100,0.0,0.0
2016-06-27,81.87999725341797,82.0199966430664,80.33999633789062,80.61000061035156,57.58136749267578,983200,0.0,0.0
2016-06-28,80.9000015258789,83.0199966430664,80.68000030517578,82.76000213623047,59.117156982421875,1286200,0.0,0.0
2016-06-29,83.18000030517578,83.58000183105469,82.76000213623047,83.06999969482422,59.338600158691406,1825300,0.0,0.0
2016-06-30,82.73999786376953,84.12999725341797,82.58000183105469,83.98999786376953,59.99577713012695,2309100,0.0,0.0
2016-07-01,84.05000305175781,84.25,83.52999877929688,83.9000015258789,59.93147277832031,1046800,0.0,0.0
2016-07-05,83.33000183105469,83.56999969482422,81.73999786376953,82.33000183105469,58.80999755859375,1482700,0.0,0.0
2016-07-06,82.26000213623047,83.19999694824219,82.13999938964844,83.01000213623047,59.29573440551758,3448600,0.0,0.0
2016-07-07,83.23999786376953,83.80999755859375,82.43000030517578,83.11000061035156,59.367156982421875,1301000,0.0,0.0
2016-07-08,83.5999984741211,84.94000244140625,83.18000030517578,84.70999908447266,60.510101318359375,3082800,0.0,0.0
2016-07-11,84.94999694824219,85.9000015258789,84.94999694824219,85.5,61.074371337890625,727300,0.0,0.0
2016-07-12,85.73999786376953,87.0,85.73999786376953,86.25,61.610145568847656,1083400,0.0,0.0
2016-07-13,86.41999816894531,86.94999694824219,84.9800033569336,85.54000091552734,61.102962493896484,831100,0.0,0.0
2016-07-14,86.05999755859375,86.1500015258789,85.19000244140625,85.26000213623047,60.902931213378906,664800,0.0,0.0
2016-07-15,85.4000015258789,85.73999786376953,84.91999816894531,85.5,61.074371337890625,1418600,0.0,0.0
2016-07-18,83.5,84.25,78.52999877929688,79.81999969482422,57.01704788208008,7940300,0.0,0.0
2016-07-19,80.80999755859375,81.9000015258789,80.19999694824219,81.08000183105469,57.917076110839844,3289100,0.0,0.0
2016-07-20,81.5,81.66999816894531,80.7300033569336,81.33000183105469,58.095680236816406,2197400,0.0,0.0
2016-07-21,81.58999633789062,81.77999877929688,80.45999908447266,80.94000244140625,57.817081451416016,1288900,0.0,0.0
2016-07-22,80.83999633789062,81.04000091552734,80.27999877929688,80.4000015258789,57.43135070800781,1078500,0.0,0.0
2016-07-25,80.25,81.25,79.95999908447266,81.1500015258789,57.96710968017578,1733600,0.0,0.0
2016-07-26,81.19000244140625,81.5999984741211,80.41000366210938,80.87999725341797,57.774234771728516,1009200,0.0,0.0
2016-07-27,80.81999969482422,81.45999908447266,80.51000213623047,80.95999908447266,57.83137512207031,1203800,0.0,0.0
2016-07-28,80.43000030517578,81.08999633789062,80.19999694824219,80.98999786376953,58.21956253051758,991900,0.51,0.0
2016-07-29,80.7300033569336,81.55000305175781,80.55999755859375,81.2300033569336,58.39208221435547,953800,0.0,0.0
2016-08-01,81.02999877929688,81.66999816894531,81.0,81.0199966430664,58.24110412597656,882500,0.0,0.0
2016-08-02,81.11000061035156,81.44000244140625,80.25,80.4000015258789,57.79542922973633,1004700,0.0,0.0
2016-08-03,80.20999908447266,80.97000122070312,80.13999938964844,80.80999755859375,58.09016036987305,910100,0.0,0.0
2016-08-04,80.56999969482422,81.33000183105469,80.45999908447266,80.56999969482422,57.917640686035156,695100,0.0,0.0
2016-08-05,80.98999786376953,82.05999755859375,80.76000213623047,81.88999938964844,58.86652755737305,1098500,0.0,0.0
2016-08-08,81.66000366210938,82.22000122070312,81.37999725341797,81.73999786376953,58.75869369506836,628300,0.0,0.0
2016-08-09,81.80000305175781,82.44000244140625,81.33000183105469,81.51000213623047,58.593360900878906,745600,0.0,0.0
2016-08-10,81.63999938964844,82.12999725341797,80.9800033569336,82.12000274658203,59.03187561035156,655400,0.0,0.0
2016-08-11,82.20999908447266,82.91999816894531,81.94000244140625,82.8499984741211,59.556610107421875,675000,0.0,0.0
2016-08-12,82.79000091552734,82.81999969482422,82.12000274658203,82.41999816894531,59.24750900268555,619900,0.0,0.0
2016-08-15,82.41000366210938,82.75,81.66000366210938,81.79000091552734,58.794620513916016,733900,0.0,0.0
2016-08-16,81.72000122070312,81.8499984741211,80.45999908447266,80.8499984741211,58.118900299072266,962700,0.0,0.0
2016-08-17,80.9000015258789,81.19000244140625,80.4000015258789,81.05999755859375,58.26987075805664,660600,0.0,0.0
2016-08-18,80.97000122070312,81.19000244140625,80.5,80.66999816894531,57.98950958251953,662900,0.0,0.0
2016-08-19,80.31999969482422,80.81999969482422,80.20999908447266,80.69000244140625,58.00389862060547,616300,0.0,0.0
2016-08-22,80.37000274658203,80.95999908447266,80.37000274658203,80.72000122070312,58.02547836303711,726500,0.0,0.0
2016-08-23,81.16999816894531,82.4800033569336,80.68000030517578,82.13999938964844,59.046241760253906,709000,0.0,0.0
2016-08-24,82.26000213623047,82.26000213623047,81.11000061035156,81.20999908447266,58.37770080566406,414300,0.0,0.0
2016-08-25,80.91999816894531,81.16000366210938,80.58000183105469,80.81999969482422,58.097354888916016,434300,0.0,0.0
2016-08-26,80.94000244140625,82.13999938964844,80.83999633789062,81.36000061035156,58.48551940917969,638400,0.0,0.0
2016-08-29,81.30000305175781,81.76000213623047,80.94999694824219,81.58999633789062,58.65086364746094,374800,0.0,0.0
2016-08-30,81.62999725341797,82.25,81.41000366210938,82.22000122070312,59.10372543334961,690400,0.0,0.0
2016-08-31,81.95999908447266,82.22000122070312,81.4000015258789,81.73999786376953,58.75869369506836,712200,0.0,0.0
2016-09-01,81.43000030517578,81.91999816894531,80.77999877929688,81.62000274658203,58.67243194580078,553400,0.0,0.0
2016-09-02,81.91999816894531,82.94999694824219,81.83000183105469,82.91000366210938,59.599761962890625,570200,0.0,0.0
2016-09-06,82.91999816894531,83.25,81.9800033569336,82.70999908447266,59.45597839355469,805200,0.0,0.0
2016-09-07,82.69000244140625,82.93000030517578,81.9000015258789,82.63999938964844,59.40564727783203,555200,0.0,0.0
2016-09-08,82.58000183105469,82.68000030517578,81.2699966430664,81.30000305175781,58.4423828125,781300,0.0,0.0
2016-09-09,80.83999633789062,81.04000091552734,79.81999969482422,79.93000030517578,57.45755386352539,900600,0.0,0.0
2016-09-12,79.30000305175781,80.22000122070312,79.08000183105469,79.95999908447266,57.47913360595703,999400,0.0,0.0
2016-09-13,79.55000305175781,79.77999877929688,77.51000213623047,77.9000015258789,55.99833297729492,1312700,0.0,0.0
2016-09-14,78.05999755859375,78.33999633789062,77.31999969482422,77.72000122070312,55.86893844604492,775100,0.0,0.0
2016-09-15,77.69999694824219,78.16999816894531,77.19999694824219,77.75,55.89049530029297,990300,0.0,0.0
2016-09-16,77.25,77.7699966430664,76.80000305175781,77.2699966430664,55.54543685913086,1535700,0.0,0.0
2016-09-19,77.4000015258789,78.25,77.0199966430664,77.33000183105469,55.588565826416016,736100,0.0,0.0
2016-09-20,77.80999755859375,78.04000091552734,77.2699966430664,77.37000274658203,55.6173210144043,576000,0.0,0.0
2016-09-21,77.70999908447266,79.05999755859375,77.63999938964844,78.97000122070312,56.767478942871094,616800,0.0,0.0
2016-09-22,79.6500015258789,79.86000061035156,78.75,79.4000015258789,57.07659149169922,724700,0.0,0.0
2016-09-23,79.37999725341797,81.0999984741211,79.37999725341797,80.16000366210938,57.6229248046875,789900,0.0,0.0
2016-09-26,79.9800033569336,80.05000305175781,78.98999786376953,79.37000274658203,57.05502700805664,1033700,0.0,0.0
2016-09-27,79.25,80.37000274658203,78.5999984741211,79.87000274658203,57.414451599121094,1030700,0.0,0.0
2016-09-28,80.1500015258789,80.30000305175781,79.36000061035156,79.61000061035156,57.22753143310547,860700,0.0,0.0
2016-09-29,79.58999633789062,80.33000183105469,79.02999877929688,79.38999938964844,57.06938934326172,917200,0.0,0.0
2016-09-30,79.33999633789062,79.76000213623047,78.86000061035156,79.33000183105469,57.02626419067383,1296400,0.0,0.0
2016-10-03,78.98999786376953,80.79000091552734,78.98999786376953,80.54000091552734,57.896087646484375,1125900,0.0,0.0
2016-10-04,79.16999816894531,80.91999816894531,79.16999816894531,80.41999816894531,57.80980682373047,1015300,0.0,0.0
2016-10-05,80.79000091552734,80.80000305175781,80.02999877929688,80.44000244140625,57.82419204711914,887300,0.0,0.0
2016-10-06,80.58000183105469,80.80000305175781,80.1500015258789,80.4800033569336,57.852935791015625,951300,0.0,0.0
2016-10-07,80.77999877929688,80.77999877929688,78.44999694824219,79.30000305175781,57.004722595214844,1587100,0.0,0.0
2016-10-10,79.87999725341797,79.98999786376953,79.26000213623047,79.77999877929688,57.34974670410156,1055500,0.0,0.0
2016-10-11,79.81999969482422,79.81999969482422,78.4000015258789,78.69000244140625,56.56620788574219,1113600,0.0,0.0
2016-10-12,78.55000305175781,78.68000030517578,77.4000015258789,77.63999938964844,55.81142807006836,1897800,0.0,0.0
2016-10-13,77.25,77.25,76.4000015258789,76.62000274658203,55.07819747924805,1568400,0.0,0.0
2016-10-14,77.0999984741211,77.9000015258789,76.13999938964844,76.16000366210938,54.74750518798828,2977300,0.0,0.0
2016-10-17,79.94000244140625,82.81999969482422,79.11000061035156,81.81999969482422,58.81619644165039,9315500,0.0,0.0
2016-10-18,82.08000183105469,82.69000244140625,80.33999633789062,81.44999694824219,58.55021286010742,2830500,0.0,0.0
2016-10-19,81.70999908447266,81.86000061035156,80.83999633789062,80.9000015258789,58.15484619140625,1618400,0.0,0.0
2016-10-20,80.94000244140625,82.69000244140625,80.5999984741211,82.47000122070312,59.28343963623047,1709100,0.0,0.0
2016-10-21,81.70999908447266,82.87000274658203,81.70999908447266,82.80999755859375,59.527862548828125,1619200,0.0,0.0
2016-10-24,83.38999938964844,84.25,83.23999786376953,83.87999725341797,60.29704284667969,1581700,0.0,0.0
2016-10-25,83.4800033569336,83.94000244140625,81.91999816894531,83.30000305175781,59.88011169433594,1224100,0.0,0.0
2016-10-26,83.27999877929688,83.30000305175781,82.16000366210938,82.54000091552734,59.333778381347656,636100,0.0,0.0
2016-10-27,82.63999938964844,82.88999938964844,82.05000305175781,82.80999755859375,59.527862548828125,1177800,0.0,0.0
2016-10-28,82.51000213623047,83.72000122070312,82.20999908447266,83.2699966430664,60.22944641113281,1115100,0.51,0.0
2016-10-31,83.44999694824219,84.4000015258789,83.26000213623047,83.41000366210938,60.330718994140625,1025200,0.0,0.0
2016-11-01,83.88999938964844,83.93000030517578,81.6500015258789,82.20999908447266,59.46275329589844,1261700,0.0,0.0
2016-11-02,82.12999725341797,82.5999984741211,80.91000366210938,81.05999755859375,58.6309700012207,976500,0.0,0.0
2016-11-03,81.44000244140625,81.81999969482422,80.36000061035156,81.27999877929688,58.79010009765625,1202300,0.0,0.0
2016-11-04,81.91999816894531,82.76000213623047,81.06999969482422,81.12000274658203,58.67436981201172,960200,0.0,0.0
2016-11-07,82.26000213623047,82.76000213623047,81.98999786376953,82.62999725341797,59.766563415527344,922100,0.0,0.0
2016-11-08,82.48999786376953,83.54000091552734,82.36000061035156,83.30000305175781,60.25117492675781,703300,0.0,0.0
2016-11-09,81.7300033569336,83.88999938964844,80.55000305175781,83.43000030517578,60.34519577026367,1153300,0.0,0.0
2016-11-10,83.76000213623047,84.63999938964844,83.25,83.9000015258789,60.685142517089844,1107300,0.0,0.0
2016-11-11,83.8499984741211,84.91000366210938,83.55000305175781,84.58999633789062,61.18422317504883,997800,0.0,0.0
2016-11-14,85.0,87.72000122070312,84.94999694824219,87.19999694824219,63.072044372558594,2078800,0.0,0.0
2016-11-15,87.0999984741211,87.31999969482422,85.05999755859375,85.43000030517578,61.79179000854492,1124400,0.0,0.0
2016-11-16,85.37999725341797,86.02999877929688,84.79000091552734,85.31999969482422,61.71223831176758,703700,0.0,0.0
2016-11-17,85.72000122070312,86.19999694824219,85.12999725341797,85.94999694824219,62.16789627075195,736700,0.0,0.0
2016-11-18,86.12999725341797,86.18000030517578,84.25,84.27999877929688,60.96002197265625,731700,0.0,0.0
2016-11-21,84.69999694824219,85.88999938964844,84.48999786376953,85.62999725341797,61.93647384643555,847300,0.0,0.0
2016-11-22,85.79000091552734,86.6500015258789,85.27999877929688,86.26000213623047,62.392127990722656,1073100,0.0,0.0
2016-11-23,85.95999908447266,87.11000061035156,85.95999908447266,86.88999938964844,62.847801208496094,744600,0.0,0.0
2016-11-25,86.95999908447266,87.95999908447266,86.63999938964844,87.94000244140625,63.6072883605957,418600,0.0,0.0
2016-11-28,86.54000091552734,86.75,85.12000274658203,85.44999694824219,61.80625534057617,1923500,0.0,0.0
2016-11-29,85.12999725341797,87.13999938964844,85.12999725341797,86.62000274658203,62.65252685546875,1255400,0.0,0.0
2016-11-30,86.68000030517578,87.12000274658203,85.33999633789062,85.38999938964844,61.76286697387695,1104000,0.0,0.0
2016-12-01,85.25,85.25,83.55999755859375,84.12999725341797,60.851497650146484,1188100,0.0,0.0
2016-12-02,84.02999877929688,84.73999786376953,83.56999969482422,83.9800033569336,60.74300765991211,881700,0.0,0.0
2016-12-05,84.63999938964844,85.41999816894531,84.23999786376953,84.37999725341797,61.03233337402344,956300,0.0,0.0
2016-12-06,84.5999984741211,84.9800033569336,83.95999908447266,84.44000244140625,61.07572555541992,963100,0.0,0.0
2016-12-07,84.44999694824219,86.69000244140625,84.08000183105469,86.5199966430664,62.5801887512207,1189600,0.0,0.0
2016-12-08,86.30000305175781,87.37000274658203,86.0199966430664,86.7300033569336,62.73210525512695,920200,0.0,0.0
2016-12-09,86.5999984741211,86.5999984741211,85.2699966430664,86.01000213623047,62.21131896972656,817800,0.0,0.0
2016-12-12,86.51000213623047,87.56999969482422,85.30000305175781,85.9000015258789,62.13173294067383,1216400,0.0,0.0
2016-12-13,85.55000305175781,86.70999908447266,84.68000030517578,85.5,61.842411041259766,1232200,0.0,0.0
2016-12-14,85.62999725341797,86.31999969482422,84.69000244140625,85.08000183105469,61.53862762451172,1449600,0.0,0.0
2016-12-15,85.30999755859375,85.30999755859375,82.37000274658203,82.87999725341797,59.94737243652344,1730000,0.0,0.0
2016-12-16,82.86000061035156,84.5199966430664,80.77999877929688,80.87000274658203,58.4935302734375,6199500,0.0,0.0
2016-12-19,80.0999984741211,81.26000213623047,78.75,79.81999969482422,57.73406219482422,2457100,0.0,0.0
2016-12-20,80.23999786376953,81.06999969482422,80.04000091552734,80.97000122070312,58.56586837768555,1111100,0.0,0.0
2016-12-21,80.87999725341797,81.33000183105469,79.86000061035156,80.01000213623047,57.871490478515625,873500,0.0,0.0
2016-12-22,79.68000030517578,79.68000030517578,77.33999633789062,78.72000122070312,56.93843460083008,1935100,0.0,0.0
2016-12-23,78.77999877929688,79.4000015258789,78.1500015258789,78.36000061035156,56.67803955078125,927900,0.0,0.0
2016-12-27,78.69999694824219,79.43000030517578,77.93000030517578,78.19999694824219,56.56232452392578,1170100,0.0,0.0
2016-12-28,77.9000015258789,78.0,77.37999725341797,77.62000274658203,56.14280700683594,927800,0.0,0.0
2016-12-29,77.7699966430664,78.52999877929688,77.19999694824219,77.93000030517578,56.367027282714844,1212300,0.0,0.0
2016-12-30,78.19999694824219,78.63999938964844,77.43000030517578,77.79000091552734,56.2657470703125,1049600,0.0,0.0
2017-01-03,78.11000061035156,79.8499984741211,78.11000061035156,79.80000305175781,57.71961212158203,1750000,0.0,0.0
2017-01-04,79.6500015258789,81.55000305175781,79.6500015258789,80.94000244140625,58.54417037963867,1881600,0.0,0.0
2017-01-05,80.6500015258789,84.19000244140625,79.30999755859375,83.70999908447266,60.547725677490234,3326700,0.0,0.0
2017-01-06,83.55000305175781,83.88999938964844,81.83000183105469,82.87000274658203,59.94013595581055,2195200,0.0,0.0
2017-01-09,82.98999786376953,83.4000015258789,82.16999816894531,82.5999984741211,59.744834899902344,1331300,0.0,0.0
2017-01-10,82.81999969482422,83.19999694824219,82.5,82.86000061035156,59.932918548583984,982700,0.0,0.0
2017-01-11,82.55000305175781,82.9800033569336,81.75,82.4800033569336,59.65805435180664,1339000,0.0,0.0
2017-01-12,82.26000213623047,83.91999816894531,81.30999755859375,83.44999694824219,60.35964584350586,1320800,0.0,0.0
2017-01-13,83.6500015258789,83.94000244140625,83.2699966430664,83.86000061035156,60.65620040893555,1155100,0.0,0.0
2017-01-17,83.69999694824219,85.22000122070312,83.55999755859375,85.16999816894531,61.60372543334961,1653900,0.0,0.0
2017-01-18,85.31999969482422,85.3499984741211,84.12000274658203,84.55000305175781,61.15529251098633,1828100,0.0,0.0
2017-01-19,84.91000366210938,85.2699966430664,83.58999633789062,83.7699966430664,60.59111785888672,919000,0.0,0.0
2017-01-20,84.05000305175781,84.70999908447266,83.62999725341797,83.98999786376953,60.75023651123047,950500,0.0,0.0
2017-01-23,84.12999725341797,84.5999984741211,83.62000274658203,83.91999816894531,60.69961929321289,969300,0.0,0.0
2017-01-24,84.05000305175781,85.6500015258789,84.05000305175781,85.44999694824219,61.80625534057617,1131500,0.0,0.0
2017-01-25,86.11000061035156,87.11000061035156,86.0,86.76000213623047,62.75379180908203,1468100,0.0,0.0
2017-01-26,81.12000274658203,82.0999984741211,80.22000122070312,81.51000213623047,58.95643997192383,4222800,0.0,0.0
2017-01-27,81.41999816894531,82.62999725341797,81.38999938964844,82.58999633789062,59.73761749267578,1649500,0.0,0.0
2017-01-30,82.0,83.4800033569336,81.56999969482422,83.37000274658203,60.676475524902344,1336100,0.51,0.0
2017-01-31,82.94000244140625,83.16999816894531,82.01000213623047,82.51000213623047,60.05055236816406,1828300,0.0,0.0
2017-02-01,82.4800033569336,82.58999633789062,81.80000305175781,82.12999725341797,59.77398681640625,1265000,0.0,0.0
2017-02-02,82.06999969482422,82.56999969482422,81.54000091552734,82.44000244140625,59.999629974365234,963800,0.0,0.0
2017-02-03,82.79000091552734,83.2300033569336,82.22000122070312,82.62999725341797,60.137916564941406,1856400,0.0,0.0
2017-02-06,94.11000061035156,96.33999633789062,93.30000305175781,94.30999755859375,68.63860321044922,12332700,0.0,0.0
2017-02-07,94.27999877929688,97.56999969482422,93.26000213623047,94.9800033569336,69.1261978149414,6446000,0.0,0.0
2017-02-08,95.16000366210938,96.7300033569336,95.0,96.62000274658203,70.3198013305664,2509500,0.0,0.0
2017-02-09,96.5199966430664,98.26000213623047,96.43000030517578,97.73999786376953,71.1349105834961,1775400,0.0,0.0
2017-02-10,97.7300033569336,98.0,97.04000091552734,97.62999725341797,71.05488586425781,1378500,0.0,0.0
2017-02-13,98.26000213623047,98.76000213623047,97.98999786376953,98.12999725341797,71.41876220703125,1766000,0.0,0.0
2017-02-14,98.36000061035156,98.58999633789062,97.54000091552734,97.80000305175781,71.17857360839844,1978700,0.0,0.0
2017-02-15,97.44999694824219,98.05999755859375,97.37000274658203,97.83999633789062,71.20770263671875,1010600,0.0,0.0
2017-02-16,97.9000015258789,98.19999694824219,97.29000091552734,97.63999938964844,71.06214904785156,894700,0.0,0.0
2017-02-17,97.5,98.63999938964844,96.81999969482422,98.5,71.68807220458984,1562500,0.0,0.0
2017-02-21,98.98999786376953,99.33000183105469,98.2699966430664,98.87999725341797,71.964599609375,1563600,0.0,0.0
2017-02-22,98.81999969482422,98.95999908447266,98.30999755859375,98.81999969482422,71.92093658447266,1134500,0.0,0.0
2017-02-23,98.5999984741211,98.9800033569336,96.93000030517578,97.05000305175781,70.63273620605469,1038000,0.0,0.0
2017-02-24,96.87000274658203,97.79000091552734,96.5,97.77999877929688,71.16403198242188,1110300,0.0,0.0
2017-02-27,97.38999938964844,97.62000274658203,96.66000366210938,97.52999877929688,70.9820785522461,1082800,0.0,0.0
2017-02-28,97.5199966430664,97.94999694824219,96.80000305175781,96.87000274658203,70.50174713134766,1309700,0.0,0.0
2017-03-01,97.12999725341797,98.58999633789062,96.87999725341797,97.93000030517578,71.27320861816406,1502200,0.0,0.0
2017-03-02,97.87999725341797,98.61000061035156,97.29000091552734,97.52999877929688,70.9820785522461,1055900,0.0,0.0
2017-03-03,97.4800033569336,97.9000015258789,97.04000091552734,97.75,71.14221954345703,1027900,0.0,0.0
2017-03-06,97.51000213623047,97.81999969482422,97.01000213623047,97.04000091552734,70.62545013427734,867300,0.0,0.0
2017-03-07,96.79000091552734,97.7699966430664,96.79000091552734,97.19999694824219,70.74189758300781,1022300,0.0,0.0
2017-03-08,97.2300033569336,97.7300033569336,96.91999816894531,97.37999725341797,70.87290954589844,836000,0.0,0.0
2017-03-09,97.68000030517578,97.87000274658203,97.0,97.3499984741211,70.85107421875,1001100,0.0,0.0
2017-03-10,97.87999725341797,97.87999725341797,97.2300033569336,97.47000122070312,70.93843078613281,949800,0.0,0.0
2017-03-13,97.41000366210938,97.9000015258789,97.2699966430664,97.69000244140625,71.09852600097656,913500,0.0,0.0
2017-03-14,97.87999725341797,98.7300033569336,97.48999786376953,98.18000030517578,71.45515441894531,943500,0.0,0.0
2017-03-15,98.31999969482422,99.83000183105469,97.93000030517578,99.51000213623047,72.42313385009766,1267100,0.0,0.0
2017-03-16,99.66000366210938,100.13999938964844,99.01000213623047,99.23999786376953,72.22661590576172,953700,0.0,0.0
2017-03-17,98.98999786376953,100.55000305175781,98.69000244140625,100.25,72.9616928100586,1341200,0.0,0.0
2017-03-20,100.22000122070312,101.08000183105469,99.52999877929688,100.55000305175781,73.18003845214844,1355300,0.0,0.0
2017-03-21,100.72000122070312,101.0,98.72000122070312,98.76000213623047,71.87728118896484,818600,0.0,0.0
2017-03-22,98.6500015258789,99.16999816894531,98.02999877929688,98.77999877929688,71.89183807373047,1492600,0.0,0.0
2017-03-23,99.1500015258789,100.2300033569336,99.0,99.93000030517578,72.72880554199219,998200,0.0,0.0
2017-03-24,100.01000213623047,100.45999908447266,99.72000122070312,99.97000122070312,72.75791931152344,887400,0.0,0.0
2017-03-27,99.27999877929688,99.69999694824219,98.75,99.05000305175781,72.08834838867188,1171500,0.0,0.0
2017-03-28,99.05999755859375,99.98999786376953,98.27999877929688,99.4000015258789,72.34307861328125,925200,0.0,0.0
2017-03-29,99.05000305175781,99.69000244140625,98.83999633789062,99.6500015258789,72.52503204345703,819200,0.0,0.0
2017-03-30,99.36000061035156,99.70999908447266,99.0999984741211,99.58000183105469,72.47405242919922,665000,0.0,0.0
2017-03-31,99.5999984741211,100.54000091552734,99.44000244140625,99.81999969482422,72.64873504638672,840400,0.0,0.0
2017-04-03,99.9000015258789,100.3499984741211,99.2300033569336,99.58999633789062,72.48133850097656,1323200,0.0,0.0
2017-04-04,99.2300033569336,99.80999755859375,97.61000061035156,97.8499984741211,71.2149887084961,865400,0.0,0.0
2017-04-05,98.01000213623047,98.20999908447266,96.33000183105469,96.55999755859375,70.276123046875,2023000,0.0,0.0
2017-04-06,96.48999786376953,96.87999725341797,96.04000091552734,96.43000030517578,70.18152618408203,1598200,0.0,0.0
2017-04-07,96.69000244140625,96.7699966430664,95.54000091552734,95.75,69.6866226196289,971100,0.0,0.0
2017-04-10,95.87000274658203,96.13999938964844,94.76000213623047,95.77999877929688,69.70845031738281,805200,0.0,0.0
2017-04-11,95.43000030517578,96.33000183105469,94.87000274658203,96.29000091552734,70.07963562011719,848400,0.0,0.0
2017-04-12,96.20999908447266,96.98999786376953,95.6500015258789,96.45999908447266,70.20333099365234,946300,0.0,0.0
2017-04-13,96.11000061035156,96.52999877929688,95.45999908447266,95.5,69.5046615600586,916000,0.0,0.0
2017-04-17,95.73999786376953,96.19000244140625,95.06999969482422,95.83000183105469,69.74483489990234,709400,0.0,0.0
2017-04-18,95.76000213623047,96.19000244140625,95.41000366210938,95.69000244140625,69.64292907714844,673700,0.0,0.0
2017-04-19,96.16000366210938,96.51000213623047,94.9800033569336,95.51000213623047,69.51192474365234,982600,0.0,0.0
2017-04-20,96.0199966430664,96.55999755859375,95.5199966430664,96.01000213623047,69.87583923339844,1018400,0.0,0.0
2017-04-21,94.83999633789062,96.5199966430664,94.79000091552734,96.02999877929688,69.890380859375,1997700,0.0,0.0
2017-04-24,102.27999877929688,104.13999938964844,99.68000030517578,101.69999694824219,74.01699829101562,5715000,0.0,0.0
2017-04-25,101.16999816894531,102.80000305175781,100.93000030517578,101.56999969482422,73.92239379882812,1713300,0.0,0.0
2017-04-26,101.37000274658203,101.98999786376953,100.9000015258789,101.04000091552734,73.53665924072266,1129600,0.0,0.0
2017-04-27,100.80999755859375,101.04000091552734,99.7300033569336,100.5199966430664,73.5732421875,1284600,0.57,0.0
2017-04-28,100.30000305175781,100.36000061035156,98.5,99.11000061035156,72.54124450683594,1474900,0.0,0.0
2017-05-01,99.4800033569336,99.4800033569336,98.01000213623047,98.77999877929688,72.29971313476562,1316500,0.0,0.0
2017-05-02,99.4000015258789,100.02999877929688,98.98999786376953,99.66999816894531,72.95111846923828,977300,0.0,0.0
2017-05-03,99.6500015258789,99.91999816894531,98.66999816894531,99.08000183105469,72.51929473876953,826500,0.0,0.0
2017-05-04,99.30000305175781,99.70999908447266,98.91000366210938,99.37000274658203,72.73153686523438,786800,0.0,0.0
2017-05-05,99.5999984741211,100.22000122070312,99.12000274658203,100.19999694824219,73.33901977539062,488500,0.0,0.0
2017-05-08,100.44999694824219,100.7699966430664,99.6500015258789,99.75,73.0096664428711,430500,0.0,0.0
2017-05-09,99.5999984741211,101.19999694824219,99.43000030517578,101.19000244140625,74.06364440917969,1093600,0.0,0.0
2017-05-10,101.12000274658203,101.86000061035156,100.72000122070312,101.81999969482422,74.52477264404297,1090500,0.0,0.0
2017-05-11,101.2699966430664,101.5199966430664,100.44999694824219,101.37999725341797,74.20272064208984,588700,0.0,0.0
2017-05-12,101.05999755859375,101.55000305175781,100.8499984741211,101.37000274658203,74.19538116455078,472700,0.0,0.0
2017-05-15,101.2300033569336,101.81999969482422,100.87999725341797,101.29000091552734,74.13685607910156,502700,0.0,0.0
2017-05-16,101.12999725341797,101.20999908447266,100.5999984741211,101.0199966430664,73.93921661376953,650700,0.0,0.0
2017-05-17,100.55000305175781,101.08000183105469,99.41000366210938,99.47000122070312,72.80474853515625,713100,0.0,0.0
2017-05-18,99.3499984741211,99.83000183105469,98.62000274658203,99.52999877929688,72.8486328125,669000,0.0,0.0
2017-05-19,99.56999969482422,101.58000183105469,98.2699966430664,101.05000305175781,73.96118927001953,748600,0.0,0.0
2017-05-22,100.68000030517578,102.08000183105469,100.5,101.26000213623047,74.11491394042969,782700,0.0,0.0
2017-05-23,101.6500015258789,101.7300033569336,100.51000213623047,100.9800033569336,73.90995025634766,608400,0.0,0.0
2017-05-24,101.7300033569336,104.11000061035156,101.54000091552734,103.95999908447266,76.09107208251953,1171400,0.0,0.0
2017-05-25,104.37999725341797,104.81999969482422,103.9800033569336,104.16999816894531,76.24478149414062,954100,0.0,0.0
2017-05-26,104.38999938964844,104.79000091552734,103.72000122070312,104.20999908447266,76.27405548095703,637300,0.0,0.0
2017-05-30,104.12999725341797,104.63999938964844,103.70999908447266,104.23999786376953,76.2960433959961,503600,0.0,0.0
2017-05-31,104.44999694824219,105.38999938964844,104.01000213623047,105.26000213623047,77.04261779785156,664900,0.0,0.0
2017-06-01,105.31999969482422,106.43000030517578,104.91000366210938,105.97000122070312,77.56224060058594,746100,0.0,0.0
2017-06-02,106.12000274658203,108.04000091552734,105.5999984741211,107.16000366210938,78.4332504272461,1057900,0.0,0.0
2017-06-05,107.04000091552734,107.87999725341797,106.5999984741211,107.80000305175781,78.90167236328125,1048000,0.0,0.0
2017-06-06,107.58999633789062,108.8499984741211,106.76000213623047,108.0,79.04808044433594,674100,0.0,0.0
2017-06-07,108.18000030517578,108.55000305175781,107.79000091552734,108.4000015258789,79.34083557128906,633700,0.0,0.0
2017-06-08,108.11000061035156,108.69999694824219,107.69000244140625,108.51000213623047,79.4213638305664,524900,0.0,0.0
2017-06-09,109.41000366210938,109.79000091552734,107.66999816894531,107.9000015258789,78.97486877441406,722900,0.0,0.0
2017-06-12,107.47000122070312,108.7699966430664,107.12000274658203,108.44000244140625,79.37012481689453,708700,0.0,0.0
2017-06-13,108.52999877929688,110.61000061035156,107.88999938964844,110.0999984741211,80.5851058959961,930800,0.0,0.0
2017-06-14,110.30000305175781,110.4800033569336,108.91999816894531,109.30999755859375,80.00688171386719,868500,0.0,0.0
2017-06-15,108.80999755859375,111.01000213623047,108.36000061035156,108.98999786376953,79.77267456054688,1712000,0.0,0.0
2017-06-16,108.20999908447266,110.3499984741211,108.20999908447266,109.63999938964844,80.2484130859375,1322200,0.0,0.0
2017-06-19,111.3499984741211,111.7699966430664,110.26000213623047,111.30000305175781,81.46343231201172,690700,0.0,0.0
2017-06-20,111.13999938964844,111.83000183105469,110.69999694824219,111.37999725341797,81.52198028564453,706200,0.0,0.0
2017-06-21,111.58000183105469,111.93000030517578,110.55000305175781,111.22000122070312,81.40485382080078,542700,0.0,0.0
2017-06-22,111.86000061035156,111.86000061035156,110.2300033569336,110.47000122070312,80.85591125488281,486700,0.0,0.0
2017-06-23,113.48999786376953,113.48999786376953,110.33000183105469,111.91000366210938,81.90991973876953,1470200,0.0,0.0
2017-06-26,112.16000366210938,112.23999786376953,110.94000244140625,111.83999633789062,81.8586654663086,813400,0.0,0.0
2017-06-27,111.54000091552734,112.08999633789062,110.29000091552734,110.41999816894531,80.81932830810547,936800,0.0,0.0
2017-06-28,110.7300033569336,111.95999908447266,110.22000122070312,110.81999969482422,81.11209106445312,612900,0.0,0.0
2017-06-29,110.69000244140625,110.88999938964844,108.94000244140625,110.05999755859375,80.55582427978516,846200,0.0,0.0
2017-06-30,110.9800033569336,112.08000183105469,110.47000122070312,111.51000213623047,81.61713409423828,768200,0.0,0.0
2017-07-03,112.08999633789062,112.33999633789062,110.22000122070312,110.73999786376953,81.05352783203125,381900,0.0,0.0
2017-07-05,110.41999816894531,113.0,110.23999786376953,112.0,81.97579193115234,741000,0.0,0.0
2017-07-06,111.26000213623047,112.33999633789062,110.33999633789062,111.12000274658203,81.33168029785156,643700,0.0,0.0
2017-07-07,111.55000305175781,112.19000244140625,111.1500015258789,111.93000030517578,81.9245376586914,463500,0.0,0.0
2017-07-10,112.02999877929688,112.75,111.06999969482422,112.12999725341797,82.07091522216797,427800,0.0,0.0
2017-07-11,112.44999694824219,112.5,111.16999816894531,112.30000305175781,82.19534301757812,528800,0.0,0.0
2017-07-12,113.20999908447266,113.2699966430664,112.19000244140625,112.97000122070312,82.68574523925781,414500,0.0,0.0
2017-07-13,112.7699966430664,113.41000366210938,111.72000122070312,111.73999786376953,81.78546142578125,695500,0.0,0.0
2017-07-14,112.23999786376953,113.41000366210938,112.0199966430664,113.13999938964844,82.81017303466797,453500,0.0,0.0
2017-07-17,113.30999755859375,113.38999938964844,112.61000061035156,112.83999633789062,82.59058380126953,466400,0.0,0.0
2017-07-18,112.86000061035156,113.68000030517578,112.29000091552734,113.4000015258789,83.00047302246094,466900,0.0,0.0
2017-07-19,113.62999725341797,114.52999877929688,112.94999694824219,114.04000091552734,83.46888732910156,584200,0.0,0.0
2017-07-20,114.26000213623047,115.0,112.33999633789062,114.9000015258789,84.09838104248047,640400,0.0,0.0
2017-07-21,114.80999755859375,116.19999694824219,114.72000122070312,115.94999694824219,84.86687469482422,1321100,0.0,0.0
2017-07-24,111.16000366210938,111.58999633789062,103.68000030517578,105.0,76.85226440429688,5715800,0.0,0.0
2017-07-25,107.38999938964844,107.62000274658203,104.31999969482422,106.31999969482422,77.81844329833984,3151500,0.0,0.0
2017-07-26,105.79000091552734,106.69999694824219,105.11000061035156,106.0999984741211,77.65740966796875,1141500,0.0,0.0
2017-07-27,106.29000091552734,106.6500015258789,105.0,106.63999938964844,78.05264282226562,968200,0.0,0.0
2017-07-28,106.08000183105469,106.25,105.16000366210938,105.73999786376953,77.809814453125,1305400,0.57,0.0
2017-07-31,105.69999694824219,106.0,105.19999694824219,105.87999725341797,77.91282653808594,1341400,0.0,0.0
2017-08-01,106.08000183105469,106.80000305175781,105.52999877929688,105.94999694824219,77.96434020996094,1214400,0.0,0.0
2017-08-02,105.5,106.54000091552734,103.26000213623047,104.7699966430664,77.09602355957031,1540300,0.0,0.0
2017-08-03,105.12999725341797,105.72000122070312,103.41000366210938,103.94000244140625,76.48526763916016,1009200,0.0,0.0
2017-08-04,104.30000305175781,104.31999969482422,102.83999633789062,103.48999786376953,76.15411376953125,1000400,0.0,0.0
2017-08-07,103.6500015258789,103.86000061035156,102.91999816894531,103.0199966430664,75.80825805664062,824800,0.0,0.0
2017-08-08,102.98999786376953,103.36000061035156,101.25,101.43000030517578,74.63825988769531,1182000,0.0,0.0
2017-08-09,101.0,101.05000305175781,99.75,100.0,73.58595275878906,1575200,0.0,0.0
2017-08-10,99.55999755859375,99.97000122070312,97.68000030517578,97.81999969482422,71.98180389404297,1223900,0.0,0.0
2017-08-11,97.98999786376953,98.36000061035156,97.06999969482422,97.55000305175781,71.78311920166016,1515500,0.0,0.0
2017-08-14,98.4800033569336,99.0,98.0,98.23999786376953,72.29084777832031,943100,0.0,0.0
2017-08-15,98.29000091552734,98.66000366210938,97.75,98.33000183105469,72.35709381103516,907300,0.0,0.0
2017-08-16,98.25,99.5999984741211,98.12000274658203,98.95999908447266,72.82068634033203,882600,0.0,0.0
2017-08-17,98.63999938964844,99.02999877929688,97.12000274658203,97.16000366210938,71.49614715576172,835100,0.0,0.0
2017-08-18,96.7300033569336,96.91000366210938,95.12000274658203,95.51000213623047,70.2819595336914,1399600,0.0,0.0
2017-08-21,95.55000305175781,95.66000366210938,94.66000366210938,94.83999633789062,69.78893280029297,1729300,0.0,0.0
2017-08-22,95.0,95.13999938964844,94.38999938964844,94.55000305175781,69.57553100585938,2229700,0.0,0.0
2017-08-23,94.58999633789062,94.58999633789062,93.7300033569336,93.91999816894531,69.11195373535156,1616000,0.0,0.0
2017-08-24,94.16999816894531,95.4000015258789,94.05999755859375,95.05000305175781,69.9434585571289,1824900,0.0,0.0
2017-08-25,95.27999877929688,96.05999755859375,95.08000183105469,95.19999694824219,70.05384063720703,988200,0.0,0.0
2017-08-28,95.29000091552734,95.44999694824219,94.4800033569336,94.62999725341797,69.63440704345703,1090600,0.0,0.0
2017-08-29,94.37000274658203,95.2300033569336,94.31999969482422,94.83000183105469,69.78157043457031,1159200,0.0,0.0
2017-08-30,94.95999908447266,95.6500015258789,94.5199966430664,95.27999877929688,70.11273193359375,1117000,0.0,0.0
2017-08-31,96.0,98.30999755859375,95.94000244140625,98.25,72.29822540283203,1687500,0.0,0.0
2017-09-01,98.44999694824219,99.08999633789062,97.80999755859375,98.33999633789062,72.36443328857422,1071700,0.0,0.0
2017-09-05,97.37000274658203,97.45999908447266,95.16000366210938,95.5199966430664,70.28934478759766,1378500,0.0,0.0
2017-09-06,95.6500015258789,95.83999633789062,92.1500015258789,93.66000366210938,68.92062377929688,3335100,0.0,0.0
2017-09-07,93.6500015258789,94.19999694824219,92.37000274658203,92.66999816894531,68.19213104248047,1403500,0.0,0.0
2017-09-08,92.43000030517578,94.37999725341797,91.56999969482422,94.08999633789062,69.23704528808594,1356400,0.0,0.0
2017-09-11,94.9800033569336,96.52999877929688,94.56999969482422,95.80000305175781,70.49536895751953,1644200,0.0,0.0
2017-09-12,95.94000244140625,96.19999694824219,94.44000244140625,94.91999816894531,69.84780883789062,1682400,0.0,0.0
2017-09-13,94.6500015258789,96.08000183105469,94.5199966430664,95.95999908447266,70.61309814453125,657300,0.0,0.0
2017-09-14,95.37999725341797,95.93000030517578,94.63999938964844,95.06999969482422,69.95819091796875,880900,0.0,0.0
2017-09-15,95.0199966430664,95.94999694824219,94.66000366210938,94.83999633789062,69.78893280029297,1454300,0.0,0.0
2017-09-18,95.16999816894531,95.61000061035156,92.36000061035156,93.23999786376953,68.61155700683594,1796900,0.0,0.0
2017-09-19,93.04000091552734,96.87999725341797,92.91000366210938,94.98999786376953,69.89932250976562,1960800,0.0,0.0
2017-09-20,95.5999984741211,95.5999984741211,94.22000122070312,95.5199966430664,70.28934478759766,1305000,0.0,0.0
2017-09-21,95.54000091552734,95.66000366210938,94.3499984741211,94.83999633789062,69.78893280029297,1710800,0.0,0.0
2017-09-22,95.0,96.43000030517578,94.7300033569336,96.13999938964844,70.74555206298828,1548900,0.0,0.0
2017-09-25,96.16999816894531,97.05000305175781,95.5,96.5999984741211,71.08406066894531,1164600,0.0,0.0
2017-09-26,97.04000091552734,97.69999694824219,96.69999694824219,97.41999816894531,71.68745422363281,907300,0.0,0.0
2017-09-27,97.61000061035156,97.75,96.7699966430664,97.16000366210938,71.49614715576172,890800,0.0,0.0
2017-09-28,96.94999694824219,97.45999908447266,96.1500015258789,97.01000213623047,71.38575744628906,1030400,0.0,0.0
2017-09-29,97.0,97.87000274658203,96.81999969482422,97.66999816894531,71.87142181396484,934100,0.0,0.0
2017-10-02,97.3499984741211,97.73999786376953,96.75,97.6500015258789,71.85669708251953,1022900,0.0,0.0
2017-10-03,97.72000122070312,98.06999969482422,96.87999725341797,97.56999969482422,71.79784393310547,1045600,0.0,0.0
2017-10-04,97.5199966430664,97.94999694824219,97.08999633789062,97.68000030517578,71.87877655029297,711900,0.0,0.0
2017-10-05,97.94000244140625,98.58000183105469,96.48999786376953,96.58000183105469,71.06936645507812,1378500,0.0,0.0
2017-10-06,96.38999938964844,96.41999816894531,95.52999877929688,96.26000213623047,70.8338623046875,1325700,0.0,0.0
2017-10-09,96.5,97.26000213623047,96.12000274658203,96.62000274658203,71.09877014160156,628000,0.0,0.0
2017-10-10,96.52999877929688,96.88999938964844,96.08000183105469,96.19000244140625,70.7823486328125,644100,0.0,0.0
2017-10-11,95.9000015258789,96.83000183105469,95.9000015258789,96.61000061035156,71.09141540527344,908100,0.0,0.0
2017-10-12,96.44000244140625,96.97000122070312,96.22000122070312,96.5999984741211,71.08406066894531,798500,0.0,0.0
2017-10-13,97.16999816894531,97.7699966430664,96.5199966430664,96.62000274658203,71.09877014160156,967900,0.0,0.0
2017-10-16,96.5999984741211,97.25,96.30000305175781,97.12999725341797,71.47406005859375,1259000,0.0,0.0
2017-10-17,97.27999877929688,97.27999877929688,96.36000061035156,96.55999755859375,71.05461120605469,1507600,0.0,0.0
2017-10-18,96.51000213623047,96.93000030517578,96.30000305175781,96.72000122070312,71.17237091064453,821700,0.0,0.0
2017-10-19,96.66999816894531,97.04000091552734,96.12999725341797,96.66999816894531,71.13556671142578,876500,0.0,0.0
2017-10-20,97.31999969482422,98.93000030517578,97.0999984741211,98.19000244140625,72.25408172607422,2270300,0.0,0.0
2017-10-23,92.69000244140625,93.44000244140625,88.66000366210938,89.75,66.04340362548828,7220400,0.0,0.0
2017-10-24,91.66999816894531,93.98999786376953,91.5,92.95999908447266,68.4055404663086,4445000,0.0,0.0
2017-10-25,92.87999725341797,94.44000244140625,92.5999984741211,94.4000015258789,69.46515655517578,2730300,0.0,0.0
2017-10-26,94.94000244140625,95.45999908447266,94.2300033569336,94.93000030517578,69.85517883300781,2011400,0.0,0.0
2017-10-27,94.8499984741211,97.30000305175781,94.0,97.13999938964844,71.4814224243164,2576100,0.0,0.0
2017-10-30,96.95999908447266,96.95999908447266,95.4000015258789,95.47000122070312,70.25252532958984,2131900,0.0,0.0
2017-10-31,94.6500015258789,94.75,92.19000244140625,92.58999633789062,68.54248046875,1944000,0.57,0.0
2017-11-01,92.9000015258789,93.33000183105469,90.31999969482422,90.47000122070312,66.97306823730469,1854200,0.0,0.0
2017-11-02,91.06999969482422,91.0999984741211,89.29000091552734,89.61000061035156,66.33645629882812,1402400,0.0,0.0
2017-11-03,89.1500015258789,91.01000213623047,89.0999984741211,90.69000244140625,67.1359634399414,1066200,0.0,0.0
2017-11-06,90.66999816894531,91.26000213623047,90.3499984741211,91.01000213623047,67.37284088134766,704400,0.0,0.0
2017-11-07,90.76000213623047,91.12999725341797,89.16000366210938,89.88999938964844,66.5437240600586,1362000,0.0,0.0
2017-11-08,89.81999969482422,89.9000015258789,88.20999908447266,89.01000213623047,65.89227294921875,1630600,0.0,0.0
2017-11-09,88.31999969482422,89.88999938964844,87.91999816894531,88.69000244140625,65.65540313720703,1637900,0.0,0.0
2017-11-10,88.83000183105469,91.58999633789062,88.76000213623047,91.44999694824219,67.69855499267578,1421900,0.0,0.0
2017-11-13,94.75,99.16999816894531,94.75,96.83000183105469,71.68128967285156,5587900,0.0,0.0
2017-11-14,96.22000122070312,97.30000305175781,95.63999938964844,95.9800033569336,71.05204010009766,2382800,0.0,0.0
2017-11-15,95.5999984741211,95.88999938964844,94.0199966430664,94.75,70.14149475097656,1424400,0.0,0.0
2017-11-16,93.91000366210938,96.33999633789062,93.5,95.9000015258789,70.99280548095703,967300,0.0,0.0
2017-11-17,96.06999969482422,96.9000015258789,95.69999694824219,95.88999938964844,70.98542022705078,1080800,0.0,0.0
2017-11-20,95.54000091552734,95.97000122070312,94.45999908447266,95.0199966430664,70.34136962890625,966900,0.0,0.0
2017-11-21,95.68000030517578,96.0999984741211,94.87999725341797,95.05000305175781,70.36356353759766,717500,0.0,0.0
2017-11-22,95.16999816894531,95.52999877929688,94.83999633789062,95.02999877929688,70.34877014160156,471800,0.0,0.0
2017-11-24,95.30999755859375,95.45999908447266,94.58999633789062,94.6500015258789,70.0674819946289,294000,0.0,0.0
2017-11-27,94.91999816894531,95.22000122070312,93.4800033569336,93.69999694824219,69.36420440673828,703800,0.0,0.0
2017-11-28,93.77999877929688,94.19000244140625,93.30999755859375,93.77999877929688,69.42343139648438,741500,0.0,0.0
2017-11-29,93.72000122070312,93.91999816894531,92.80999755859375,92.83999633789062,68.72754669189453,979200,0.0,0.0
2017-11-30,92.94999694824219,93.91999816894531,92.55000305175781,93.0199966430664,68.8608169555664,1075000,0.0,0.0
2017-12-01,92.63999938964844,92.87000274658203,90.19000244140625,91.83999633789062,67.98724365234375,949100,0.0,0.0
2017-12-04,92.31999969482422,93.86000061035156,91.44999694824219,92.13999938964844,68.20935821533203,1177300,0.0,0.0
2017-12-05,91.91999816894531,92.25,90.02999877929688,91.11000061035156,67.44686126708984,1637900,0.0,0.0
2017-12-06,91.02999877929688,91.86000061035156,90.75,90.80999755859375,67.22480010986328,1429400,0.0,0.0
2017-12-07,90.86000061035156,91.61000061035156,90.62999725341797,91.3499984741211,67.62452697753906,1023700,0.0,0.0
2017-12-08,91.55999755859375,91.94999694824219,91.02999877929688,91.36000061035156,67.63194274902344,933800,0.0,0.0
2017-12-11,91.16000366210938,92.6500015258789,91.0,91.66999816894531,67.8614273071289,859700,0.0,0.0
2017-12-12,91.58999633789062,92.31999969482422,90.77999877929688,92.0199966430664,68.12051391601562,973700,0.0,0.0
2017-12-13,92.38999938964844,96.0,92.02999877929688,95.44999694824219,70.65968322753906,2174000,0.0,0.0
2017-12-14,95.73999786376953,97.16999816894531,95.44999694824219,95.87000274658203,70.97061920166016,1283600,0.0,0.0
2017-12-15,96.38999938964844,96.8499984741211,93.93000030517578,94.06999969482422,69.63809967041016,2334400,0.0,0.0
2017-12-18,94.38999938964844,94.97000122070312,91.0199966430664,91.55000305175781,67.77257537841797,1660500,0.0,0.0
2017-12-19,91.62999725341797,91.97000122070312,90.23999786376953,91.66999816894531,67.8614273071289,1502100,0.0,0.0
2017-12-20,92.08999633789062,92.55000305175781,90.83999633789062,91.11000061035156,67.44686126708984,993700,0.0,0.0
2017-12-21,92.02999877929688,94.0999984741211,91.54000091552734,92.83999633789062,68.72754669189453,1094600,0.0,0.0
2017-12-22,92.69000244140625,93.70999908447266,92.58000183105469,93.55000305175781,69.25313568115234,775500,0.0,0.0
2017-12-26,93.88999938964844,93.91000366210938,92.27999877929688,92.80000305175781,68.69794464111328,551800,0.0,0.0
2017-12-27,92.94999694824219,93.27999877929688,91.19000244140625,91.66999816894531,67.8614273071289,1036100,0.0,0.0
2017-12-28,91.77999877929688,92.02999877929688,90.56999969482422,91.5199966430664,67.75037384033203,817300,0.0,0.0
2017-12-29,91.47000122070312,91.58999633789062,90.08000183105469,90.88999938964844,67.28400421142578,854700,0.0,0.0
2018-01-02,91.55999755859375,92.25,90.70999908447266,92.08000183105469,68.1649398803711,1223300,0.0,0.0
2018-01-03,92.2699966430664,92.2699966430664,89.94999694824219,91.29000091552734,67.58010864257812,1677500,0.0,0.0
2018-01-04,91.54000091552734,91.94999694824219,90.54000091552734,90.70999908447266,67.15077209472656,1291400,0.0,0.0
2018-01-05,91.18000030517578,92.77999877929688,89.98999786376953,92.41000366210938,68.40923309326172,1644200,0.0,0.0
2018-01-08,92.0999984741211,93.29000091552734,91.68000030517578,93.16999816894531,68.97184753417969,1257000,0.0,0.0
2018-01-09,93.44000244140625,95.16999816894531,93.0,93.94000244140625,69.5418701171875,1324700,0.0,0.0
2018-01-10,93.73999786376953,94.19000244140625,91.91999816894531,92.30999755859375,68.33521270751953,1239300,0.0,0.0
2018-01-11,92.08999633789062,92.62000274658203,90.5999984741211,92.41000366210938,68.40923309326172,1218100,0.0,0.0
2018-01-12,92.62000274658203,93.7699966430664,91.93000030517578,92.44999694824219,68.43883514404297,1328800,0.0,0.0
2018-01-16,92.58000183105469,92.87999725341797,91.30000305175781,91.38999938964844,67.6541519165039,1521300,0.0,0.0
2018-01-17,91.44999694824219,93.1500015258789,91.22000122070312,91.62000274658203,67.82440948486328,1387000,0.0,0.0
2018-01-18,90.91000366210938,92.13999938964844,88.30000305175781,90.5199966430664,67.01010131835938,1909800,0.0,0.0
2018-01-19,90.58000183105469,92.7300033569336,89.54000091552734,92.55999755859375,68.52029418945312,1859900,0.0,0.0
2018-01-22,92.33999633789062,92.48999786376953,89.69000244140625,90.86000061035156,67.26182556152344,1695300,0.0,0.0
2018-01-23,91.8499984741211,97.45999908447266,90.04000091552734,94.55999755859375,70.00083923339844,3606800,0.0,0.0
2018-01-24,94.41999816894531,96.93000030517578,93.25,95.7699966430664,70.8965835571289,2354200,0.0,0.0
2018-01-25,96.48999786376953,96.94000244140625,95.2300033569336,95.55000305175781,70.73371887207031,1475000,0.0,0.0
2018-01-26,95.52999877929688,96.11000061035156,91.47000122070312,93.38999938964844,69.13471221923828,2644900,0.0,0.0
2018-01-29,93.3499984741211,94.5,92.81999969482422,94.19999694824219,69.73431396484375,935500,0.0,0.0
2018-01-30,94.0199966430664,94.9800033569336,93.37000274658203,94.2699966430664,69.78614044189453,1351800,0.0,0.0
2018-01-31,94.41999816894531,94.91000366210938,93.86000061035156,94.56999969482422,70.43411254882812,947200,0.57,0.0
2018-02-01,94.33999633789062,96.30000305175781,93.45999908447266,95.73999786376953,71.30551147460938,1462000,0.0,0.0
2018-02-02,94.75,95.37999725341797,93.75,94.12000274658203,70.09896087646484,1823300,0.0,0.0
2018-02-05,94.01000213623047,94.44000244140625,91.30000305175781,91.33000183105469,68.02103424072266,1990900,0.0,0.0
2018-02-06,90.5999984741211,94.33999633789062,89.88999938964844,93.93000030517578,69.95745849609375,2692700,0.0,0.0
2018-02-07,92.5,103.38999938964844,92.0999984741211,102.22000122070312,76.13172149658203,7270600,0.0,0.0
2018-02-08,101.01000213623047,101.51000213623047,96.27999877929688,96.4800033569336,71.85665130615234,3362700,0.0,0.0
2018-02-09,97.69999694824219,98.9800033569336,95.04000091552734,97.7300033569336,72.7876205444336,2911500,0.0,0.0
2018-02-12,98.41000366210938,99.33000183105469,96.33999633789062,96.62999725341797,71.96836853027344,1313000,0.0,0.0
2018-02-13,96.43000030517578,97.38999938964844,94.7300033569336,95.55999755859375,71.17144012451172,1987900,0.0,0.0
2018-02-14,95.16000366210938,97.27999877929688,94.68000030517578,96.70999908447266,72.0279541015625,1370200,0.0,0.0
2018-02-15,96.7699966430664,97.81999969482422,95.62000274658203,97.36000061035156,72.51206970214844,1270600,0.0,0.0
2018-02-16,97.2300033569336,100.69000244140625,95.69999694824219,98.8499984741211,73.62178802490234,2570400,0.0,0.0
2018-02-20,98.5199966430664,98.94999694824219,97.25,97.7699966430664,72.81742095947266,1403700,0.0,0.0
2018-02-21,98.18000030517578,100.26000213623047,97.58000183105469,99.06999969482422,73.78564453125,1916800,0.0,0.0
2018-02-22,98.80000305175781,99.05999755859375,96.9800033569336,97.30999755859375,72.4748306274414,1426100,0.0,0.0
2018-02-23,97.19999694824219,97.72000122070312,95.97000122070312,97.47000122070312,72.59398651123047,1290000,0.0,0.0
2018-02-26,97.80999755859375,98.9000015258789,97.36000061035156,98.5199966430664,73.37600708007812,1230900,0.0,0.0
2018-02-27,98.87999725341797,100.55000305175781,97.22000122070312,97.23999786376953,72.42268371582031,979600,0.0,0.0
2018-02-28,97.62000274658203,98.4800033569336,95.55000305175781,95.56999969482422,71.17890167236328,1398000,0.0,0.0
2018-03-01,96.05999755859375,96.86000061035156,94.22000122070312,94.4000015258789,70.30750274658203,1150800,0.0,0.0
2018-03-02,93.95999908447266,95.93000030517578,93.55000305175781,95.6500015258789,71.23848724365234,888400,0.0,0.0
2018-03-05,95.4000015258789,97.16000366210938,94.77999877929688,96.80000305175781,72.09498596191406,768100,0.0,0.0
2018-03-06,96.80000305175781,96.9800033569336,95.37999725341797,95.87000274658203,71.40232849121094,701800,0.0,0.0
2018-03-07,95.44999694824219,96.37000274658203,94.13999938964844,94.22000122070312,70.17344665527344,1152100,0.0,0.0
2018-03-08,94.0199966430664,94.29000091552734,93.05999755859375,93.37999725341797,69.54782104492188,864000,0.0,0.0
2018-03-09,91.08000183105469,92.1500015258789,89.83999633789062,91.45999908447266,68.11784362792969,3198300,0.0,0.0
2018-03-12,92.0,92.18000030517578,90.0,90.06999969482422,67.08258819580078,1980400,0.0,0.0
2018-03-13,90.54000091552734,90.91000366210938,89.1500015258789,89.3499984741211,66.54637145996094,1353500,0.0,0.0
2018-03-14,89.7300033569336,90.0,87.58000183105469,88.52999877929688,65.93561553955078,2079300,0.0,0.0
2018-03-15,88.37999725341797,88.63999938964844,87.30000305175781,88.1500015258789,65.65263366699219,1707200,0.0,0.0
2018-03-16,88.22000122070312,88.70999908447266,87.41999816894531,87.73999786376953,65.3472671508789,1928200,0.0,0.0
2018-03-19,87.11000061035156,87.29000091552734,85.98999786376953,86.44999694824219,64.38648223876953,1536400,0.0,0.0
2018-03-20,86.5199966430664,86.86000061035156,85.33000183105469,85.69999694824219,63.82789611816406,1636300,0.0,0.0
2018-03-21,85.9800033569336,87.16000366210938,85.41999816894531,86.5999984741211,64.49818420410156,1689200,0.0,0.0
2018-03-22,85.93000030517578,86.05999755859375,84.51000213623047,84.66000366210938,63.05331802368164,1957400,0.0,0.0
2018-03-23,85.25,85.94000244140625,84.05999755859375,84.22000122070312,62.72562026977539,1586600,0.0,0.0
2018-03-26,84.81999969482422,85.18000030517578,83.94999694824219,85.08000183105469,63.36614227294922,754800,0.0,0.0
2018-03-27,85.55999755859375,86.0,83.55999755859375,84.06999969482422,62.6138916015625,908700,0.0,0.0
2018-03-28,84.30999755859375,85.27999877929688,83.66000366210938,83.81999969482422,62.427696228027344,1052100,0.0,0.0
2018-03-29,83.95999908447266,84.86000061035156,83.95999908447266,84.30000305175781,62.78520965576172,1084300,0.0,0.0
2018-04-02,83.97000122070312,84.87000274658203,83.4000015258789,83.75,62.37556838989258,1454500,0.0,0.0
2018-04-03,84.2300033569336,84.66000366210938,83.61000061035156,84.25,62.747982025146484,1057700,0.0,0.0
2018-04-04,83.75,85.41000366210938,83.44000244140625,85.16999816894531,63.43313980102539,830600,0.0,0.0
2018-04-05,85.83000183105469,86.29000091552734,85.30999755859375,85.4000015258789,63.604469299316406,685600,0.0,0.0
2018-04-06,84.56999969482422,85.58999633789062,83.87999725341797,84.43000030517578,62.881996154785156,1024100,0.0,0.0
2018-04-09,84.9800033569336,86.0999984741211,84.3499984741211,84.44999694824219,62.896907806396484,984000,0.0,0.0
2018-04-10,85.48999786376953,86.33999633789062,84.93000030517578,86.08999633789062,64.11837768554688,1075700,0.0,0.0
2018-04-11,85.41999816894531,87.91999816894531,85.41999816894531,87.33000183105469,65.04187774658203,1094500,0.0,0.0
2018-04-12,87.41000366210938,87.70999908447266,86.36000061035156,86.83000183105469,64.66948699951172,975300,0.0,0.0
2018-04-13,87.02999877929688,87.91999816894531,86.62000274658203,87.76000213623047,65.36216735839844,1157500,0.0,0.0
2018-04-16,88.43000030517578,88.68000030517578,87.88999938964844,88.04000091552734,65.5707015991211,1140800,0.0,0.0
2018-04-17,88.83999633789062,89.05999755859375,86.0,86.05999755859375,64.09600067138672,1461800,0.0,0.0
2018-04-18,86.37999725341797,86.37999725341797,85.2300033569336,85.48999786376953,63.67149353027344,2302800,0.0,0.0
2018-04-19,85.45999908447266,85.73999786376953,83.44999694824219,83.98999786376953,62.554298400878906,2693500,0.0,0.0
2018-04-20,84.44000244140625,85.6500015258789,82.44999694824219,82.80999755859375,61.67546844482422,2775000,0.0,0.0
2018-04-23,79.25,86.87999725341797,79.0,86.12000274658203,64.14069366455078,9536700,0.0,0.0
2018-04-24,87.19000244140625,87.61000061035156,85.5999984741211,86.26000213623047,64.2449722290039,3022900,0.0,0.0
2018-04-25,86.41999816894531,87.33999633789062,85.91999816894531,86.97000122070312,64.77376556396484,1791900,0.0,0.0
2018-04-26,87.08999633789062,87.5999984741211,84.47000122070312,85.80999755859375,63.90984344482422,2443100,0.0,0.0
2018-04-27,86.05999755859375,88.4800033569336,86.0,87.36000061035156,65.06421661376953,1726900,0.0,0.0
2018-04-30,87.0,88.73999786376953,86.80000305175781,88.08999633789062,66.08448791503906,1468100,0.63,0.0
2018-05-01,88.0,88.08000183105469,85.66999816894531,87.38999938964844,65.55935668945312,2201600,0.0,0.0
2018-05-02,85.73999786376953,87.37999725341797,85.73999786376953,86.62999725341797,64.98920440673828,1173800,0.0,0.0
2018-05-03,86.41000366210938,86.73999786376953,85.30999755859375,86.11000061035156,64.59912872314453,1300600,0.0,0.0
2018-05-04,85.70999908447266,87.12999725341797,85.61000061035156,86.87000274658203,65.16925811767578,895800,0.0,0.0
2018-05-07,86.83000183105469,88.27999877929688,86.30999755859375,88.02999877929688,66.03946685791016,1383100,0.0,0.0
2018-05-08,87.68000030517578,89.16000366210938,86.7699966430664,87.30000305175781,65.4918441772461,1133200,0.0,0.0
2018-05-09,87.02999877929688,87.11000061035156,85.87000274658203,86.68000030517578,65.02670288085938,1041500,0.0,0.0
2018-05-10,87.13999938964844,87.73999786376953,86.45999908447266,86.97000122070312,65.2442855834961,630400,0.0,0.0
2018-05-11,87.23999786376953,87.97000122070312,86.75,87.25,65.45435333251953,883400,0.0,0.0
2018-05-14,87.25,87.41000366210938,86.3499984741211,86.62999725341797,64.98920440673828,790000,0.0,0.0
2018-05-15,86.2699966430664,87.55000305175781,86.2699966430664,87.16999816894531,65.3943099975586,759200,0.0,0.0
2018-05-16,87.36000061035156,88.44999694824219,87.19999694824219,88.27999877929688,66.22705078125,766900,0.0,0.0
2018-05-17,88.08999633789062,89.20999908447266,88.04000091552734,88.66999816894531,66.51960754394531,812000,0.0,0.0
2018-05-18,88.58000183105469,89.05000305175781,88.16999816894531,88.70999908447266,66.54962158203125,873800,0.0,0.0
2018-05-21,88.8499984741211,88.8499984741211,87.06999969482422,87.37000274658203,65.54437255859375,750400,0.0,0.0
2018-05-22,87.45999908447266,88.55000305175781,87.45999908447266,87.55999755859375,65.6868896484375,633500,0.0,0.0
2018-05-23,87.30000305175781,87.87000274658203,87.1500015258789,87.73999786376953,65.8219223022461,460000,0.0,0.0
2018-05-24,87.76000213623047,88.0999984741211,87.11000061035156,87.77999877929688,65.8519515991211,465900,0.0,0.0
2018-05-25,88.0,88.44000244140625,87.5,87.63999938964844,65.7469253540039,633600,0.0,0.0
2018-05-29,87.37999725341797,87.5,86.37999725341797,86.9800033569336,65.25178527832031,1031600,0.0,0.0
2018-05-30,87.19999694824219,87.30000305175781,86.69000244140625,86.80999755859375,65.12423706054688,699500,0.0,0.0
2018-05-31,86.95999908447266,87.22000122070312,86.41000366210938,86.75,65.07925415039062,1195900,0.0,0.0
2018-06-01,87.22000122070312,87.62000274658203,86.27999877929688,87.08999633789062,65.33429718017578,994700,0.0,0.0
2018-06-04,87.33999633789062,88.69000244140625,87.23999786376953,88.6500015258789,66.50463104248047,745100,0.0,0.0
2018-06-05,88.43000030517578,88.62999725341797,86.94000244140625,87.05999755859375,65.31180572509766,1135000,0.0,0.0
2018-06-06,87.18000030517578,88.44000244140625,86.75,88.43000030517578,66.33955383300781,941100,0.0,0.0
2018-06-07,88.44999694824219,89.69000244140625,88.25,88.80999755859375,66.6246337890625,656300,0.0,0.0
2018-06-08,88.81999969482422,90.5,88.81999969482422,90.33000183105469,67.76493072509766,648500,0.0,0.0
2018-06-11,90.37000274658203,90.87999725341797,90.05000305175781,90.43000030517578,67.83995056152344,443600,0.0,0.0
2018-06-12,90.56999969482422,91.26000213623047,90.16999816894531,91.20999908447266,68.42510223388672,837300,0.0,0.0
2018-06-13,91.02999877929688,91.55000305175781,90.41000366210938,90.75,68.08002471923828,1052000,0.0,0.0
2018-06-14,91.08000183105469,92.0199966430664,90.9000015258789,91.61000061035156,68.72518157958984,1264300,0.0,0.0
2018-06-15,91.62000274658203,91.62000274658203,90.33000183105469,91.27999877929688,68.47760772705078,1863800,0.0,0.0
2018-06-18,91.5,91.91000366210938,90.43000030517578,91.11000061035156,68.35006713867188,1150700,0.0,0.0
2018-06-19,90.29000091552734,90.41000366210938,88.1500015258789,90.0,67.51736450195312,1716300,0.0,0.0
2018-06-20,90.41999816894531,91.56999969482422,89.26000213623047,91.30000305175781,68.49261474609375,976300,0.0,0.0
2018-06-21,91.36000061035156,91.87999725341797,90.5999984741211,91.5999984741211,68.71765899658203,873100,0.0,0.0
2018-06-22,91.83999633789062,92.22000122070312,91.26000213623047,91.68000030517578,68.77770233154297,980900,0.0,0.0
2018-06-25,91.19000244140625,91.5199966430664,90.19000244140625,91.0199966430664,68.28257751464844,862800,0.0,0.0
2018-06-26,91.30000305175781,91.5999984741211,90.5999984741211,90.94999694824219,68.23004150390625,654100,0.0,0.0
2018-06-27,91.22000122070312,91.44999694824219,90.44000244140625,90.94000244140625,68.2225570678711,1320300,0.0,0.0
2018-06-28,91.05000305175781,92.0199966430664,90.95999908447266,92.01000213623047,69.02526092529297,1393300,0.0,0.0
2018-06-29,92.98999786376953,93.0,91.68000030517578,92.30999755859375,69.25032043457031,1786000,0.0,0.0
2018-07-02,91.75,93.05000305175781,91.69999694824219,93.0199966430664,69.7829360961914,2397800,0.0,0.0
2018-07-03,92.87000274658203,93.33999633789062,92.61000061035156,93.16000366210938,69.88795471191406,1121900,0.0,0.0
2018-07-05,93.16000366210938,95.37999725341797,93.16000366210938,95.30999755859375,71.50089263916016,1930800,0.0,0.0
2018-07-06,95.7699966430664,96.26000213623047,95.44000244140625,96.05000305175781,72.05603790283203,1141700,0.0,0.0
2018-07-09,96.19000244140625,97.04000091552734,95.77999877929688,96.73999786376953,72.57365417480469,985100,0.0,0.0
2018-07-10,96.77999877929688,97.37999725341797,96.47000122070312,96.58999633789062,72.46112823486328,1052600,0.0,0.0
2018-07-11,95.95999908447266,97.13999938964844,95.95999908447266,96.7300033569336,72.56615447998047,807000,0.0,0.0
2018-07-12,97.11000061035156,97.54000091552734,96.94999694824219,97.4000015258789,73.06879425048828,794500,0.0,0.0
2018-07-13,97.18000030517578,97.52999877929688,96.01000213623047,96.5199966430664,72.40862274169922,675600,0.0,0.0
2018-07-16,94.44999694824219,95.13999938964844,93.66999816894531,94.3499984741211,70.78070831298828,2469600,0.0,0.0
2018-07-17,93.98999786376953,94.51000213623047,93.47000122070312,94.0199966430664,70.53314971923828,1669500,0.0,0.0
2018-07-18,93.94999694824219,94.3499984741211,93.1500015258789,93.63999938964844,70.24807739257812,823200,0.0,0.0
2018-07-19,93.62999725341797,94.0999984741211,92.45999908447266,93.69000244140625,70.28558349609375,1243300,0.0,0.0
2018-07-20,93.38999938964844,94.05000305175781,92.56999969482422,93.93000030517578,70.46560668945312,1617000,0.0,0.0
2018-07-23,104.77999877929688,107.58000183105469,100.08000183105469,106.04000091552734,79.55046081542969,9757400,0.0,0.0
2018-07-24,105.19000244140625,105.97000122070312,100.43000030517578,101.11000061035156,75.85199737548828,3966600,0.0,0.0
2018-07-25,101.01000213623047,102.05999755859375,100.55999755859375,101.66999816894531,76.27210998535156,1476300,0.0,0.0
2018-07-26,100.55000305175781,101.91999816894531,99.83999633789062,100.86000061035156,75.66445922851562,1749700,0.0,0.0
2018-07-27,100.94000244140625,101.55000305175781,99.69999694824219,101.30999755859375,76.00204467773438,1526800,0.0,0.0
2018-07-30,100.86000061035156,101.18000030517578,99.01000213623047,99.19999694824219,74.41915130615234,1064200,0.0,0.0
2018-07-31,98.7699966430664,99.93000030517578,96.16999816894531,99.61000061035156,75.204345703125,1389700,0.63,0.0
2018-08-01,99.37999725341797,99.37999725341797,97.97000122070312,98.81999969482422,74.60787963867188,785000,0.0,0.0
2018-08-02,98.80999755859375,99.91999816894531,98.2699966430664,98.66000366210938,74.48709106445312,995600,0.0,0.0
2018-08-03,99.0,100.5,98.30000305175781,99.52999877929688,75.14390563964844,793500,0.0,0.0
2018-08-06,99.3499984741211,99.69999694824219,98.75,99.20999908447266,74.90233612060547,837300,0.0,0.0
2018-08-07,99.41000366210938,99.58000183105469,98.6500015258789,98.95999908447266,74.71359252929688,466400,0.0,0.0
2018-08-08,99.4000015258789,99.44000244140625,97.31999969482422,97.68000030517578,73.74720764160156,681100,0.0,0.0
2018-08-09,97.69999694824219,98.68000030517578,97.23999786376953,98.33000183105469,74.23796844482422,595800,0.0,0.0
2018-08-10,97.7699966430664,98.37999725341797,97.22000122070312,97.81999969482422,73.8529052734375,621700,0.0,0.0
2018-08-13,98.36000061035156,98.36000061035156,97.4000015258789,97.94000244140625,73.94349670410156,492700,0.0,0.0
2018-08-14,98.0199966430664,98.72000122070312,97.9000015258789,98.12999725341797,74.08696746826172,548300,0.0,0.0
2018-08-15,97.9000015258789,98.88999938964844,97.38999938964844,98.70999908447266,74.52484893798828,705000,0.0,0.0
2018-08-16,98.70999908447266,98.76000213623047,97.63999938964844,98.23999786376953,74.17000579833984,669100,0.0,0.0
2018-08-17,98.30999755859375,99.12999725341797,98.12000274658203,98.52999877929688,74.3889389038086,930100,0.0,0.0
2018-08-20,98.79000091552734,99.93000030517578,98.44999694824219,99.6500015258789,75.23453521728516,719800,0.0,0.0
2018-08-21,99.66000366210938,101.41999816894531,99.6500015258789,100.12999725341797,75.59691619873047,1042700,0.0,0.0
2018-08-22,99.83000183105469,100.77999877929688,99.44999694824219,100.48999786376953,75.86870574951172,504200,0.0,0.0
2018-08-23,100.48999786376953,100.81999969482422,99.4800033569336,99.93000030517578,75.44593811035156,492600,0.0,0.0
2018-08-24,100.30999755859375,101.2300033569336,99.73999786376953,100.98999786376953,76.24620819091797,563000,0.0,0.0
2018-08-27,101.4000015258789,102.0199966430664,101.20999908447266,101.70999908447266,76.78981018066406,679000,0.0,0.0
2018-08-28,101.4800033569336,102.5199966430664,101.4800033569336,101.8499984741211,76.89550018310547,736300,0.0,0.0
2018-08-29,100.83000183105469,101.66000366210938,99.6500015258789,100.81999969482422,76.11787414550781,611500,0.0,0.0
2018-08-30,100.88999938964844,101.2699966430664,99.69999694824219,99.79000091552734,75.34021759033203,532400,0.0,0.0
2018-08-31,100.11000061035156,100.68000030517578,98.06999969482422,99.30999755859375,74.97782897949219,973900,0.0,0.0
2018-09-04,98.75,99.51000213623047,98.6500015258789,99.29000091552734,74.96273803710938,1108600,0.0,0.0
2018-09-05,99.25,100.55000305175781,99.25,100.08999633789062,75.56671905517578,1243400,0.0,0.0
2018-09-06,100.23999786376953,101.61000061035156,100.23999786376953,101.02999877929688,76.27642059326172,899500,0.0,0.0
2018-09-07,100.79000091552734,101.25,100.25,101.0,76.25375366210938,824300,0.0,0.0
2018-09-10,101.27999877929688,103.04000091552734,101.27999877929688,102.88999938964844,77.68070983886719,1071100,0.0,0.0
2018-09-11,102.66000366210938,103.41999816894531,101.22000122070312,101.56999969482422,76.6841049194336,604100,0.0,0.0
2018-09-12,101.38999938964844,103.43000030517578,101.20999908447266,102.87999725341797,77.67313385009766,851300,0.0,0.0
2018-09-13,103.0,103.80000305175781,102.55999755859375,103.33999633789062,78.02043914794922,595600,0.0,0.0
2018-09-14,104.37999725341797,105.93000030517578,104.16000366210938,105.58999633789062,79.71916198730469,1224500,0.0,0.0
2018-09-17,105.33999633789062,106.37000274658203,105.27999877929688,105.80999755859375,79.88526153564453,1272700,0.0,0.0
2018-09-18,105.80999755859375,107.72000122070312,105.51000213623047,107.62000274658203,81.25179290771484,1542200,0.0,0.0
2018-09-19,107.80000305175781,109.5999984741211,107.26000213623047,108.98999786376953,82.28612518310547,1865200,0.0,0.0
2018-09-20,108.91999816894531,109.20999908447266,106.86000061035156,107.01000213623047,80.7912368774414,1071200,0.0,0.0
2018-09-21,107.43000030517578,107.83999633789062,106.79000091552734,107.45999908447266,81.13099670410156,1875900,0.0,0.0
2018-09-24,107.0999984741211,107.30000305175781,105.4000015258789,106.20999908447266,80.187255859375,827600,0.0,0.0
2018-09-25,106.3499984741211,107.47000122070312,105.45999908447266,105.55999755859375,79.69652557373047,1005100,0.0,0.0
2018-09-26,105.4000015258789,107.37999725341797,105.3499984741211,106.38999938964844,80.32315826416016,737400,0.0,0.0
2018-09-27,106.41999816894531,107.16000366210938,105.91000366210938,105.9800033569336,80.01361083984375,688000,0.0,0.0
2018-09-28,105.91999816894531,106.69999694824219,104.8499984741211,105.12000274658203,79.36429595947266,1253500,0.0,0.0
2018-10-01,106.11000061035156,107.56999969482422,105.01000213623047,105.69000244140625,79.79466247558594,1447000,0.0,0.0
2018-10-02,107.55999755859375,107.55999755859375,104.91000366210938,105.13999938964844,79.37940979003906,972800,0.0,0.0
2018-10-03,105.3499984741211,105.55999755859375,102.94999694824219,103.52999877929688,78.16389465332031,1248100,0.0,0.0
2018-10-04,103.41000366210938,103.9800033569336,100.68000030517578,101.44000244140625,76.5859603881836,1383600,0.0,0.0
2018-10-05,102.45999908447266,103.9000015258789,100.55000305175781,101.63999938964844,76.73694610595703,1010900,0.0,0.0
2018-10-08,101.44999694824219,101.73999786376953,100.30000305175781,100.75,76.06501770019531,871100,0.0,0.0
2018-10-09,100.55000305175781,101.58999633789062,100.16999816894531,100.69999694824219,76.02725219726562,621400,0.0,0.0
2018-10-10,100.54000091552734,100.54000091552734,98.33999633789062,98.37000274658203,74.26814270019531,1584800,0.0,0.0
2018-10-11,98.02999877929688,99.55999755859375,97.66000366210938,97.80999755859375,73.84538269042969,1240700,0.0,0.0
2018-10-12,98.54000091552734,99.7300033569336,96.87000274658203,98.30999755859375,74.22285461425781,945200,0.0,0.0
2018-10-15,97.88999938964844,99.12000274658203,97.30999755859375,98.80999755859375,74.60033416748047,846100,0.0,0.0
2018-10-16,99.41000366210938,102.06999969482422,98.95999908447266,101.91000366210938,76.94082641601562,1004900,0.0,0.0
2018-10-17,101.51000213623047,101.91000366210938,100.0999984741211,100.88999938964844,76.17071533203125,659600,0.0,0.0
2018-10-18,100.12999725341797,100.69000244140625,97.97000122070312,98.48999786376953,74.35875701904297,1024800,0.0,0.0
2018-10-19,99.12000274658203,100.19000244140625,95.69000244140625,98.04000091552734,74.01898956298828,3348500,0.0,0.0
2018-10-22,90.44000244140625,95.75,90.2699966430664,95.01000213623047,71.73138427734375,7593800,0.0,0.0
2018-10-23,93.5,94.29000091552734,90.5,94.05999755859375,71.01416015625,3557100,0.0,0.0
2018-10-24,93.58999633789062,94.33000183105469,91.9800033569336,92.05000305175781,69.49662017822266,1862500,0.0,0.0
2018-10-25,92.29000091552734,93.83000183105469,91.94000244140625,93.5,70.59135437011719,1417000,0.0,0.0
2018-10-26,91.44000244140625,94.08999633789062,91.0,92.70999908447266,69.99491119384766,1544100,0.0,0.0
2018-10-29,93.66000366210938,94.33000183105469,91.2699966430664,92.02999877929688,69.48152160644531,1373000,0.0,0.0
2018-10-30,92.0999984741211,93.5,91.25,91.83999633789062,69.33805847167969,1344000,0.0,0.0
2018-10-31,91.86000061035156,93.20999908447266,89.88999938964844,91.70999908447266,69.71817016601562,2712800,0.63,0.0
2018-11-01,92.05000305175781,97.56999969482422,92.05000305175781,97.55000305175781,74.1577377319336,2048100,0.0,0.0
2018-11-02,97.87000274658203,99.37000274658203,97.2300033569336,98.29000091552734,74.7203140258789,1468200,0.0,0.0
2018-11-05,98.30999755859375,99.0,96.83000183105469,97.87000274658203,74.4010238647461,1185500,0.0,0.0
2018-11-06,97.5199966430664,98.94000244140625,97.5199966430664,98.83000183105469,75.13082122802734,662100,0.0,0.0
2018-11-07,98.94000244140625,100.8499984741211,98.80000305175781,100.4000015258789,76.32433319091797,973100,0.0,0.0
2018-11-08,100.1500015258789,100.81999969482422,98.25,98.4000015258789,74.80392456054688,1044700,0.0,0.0
2018-11-09,98.20999908447266,98.93000030517578,96.69999694824219,97.31999969482422,73.98291015625,1109700,0.0,0.0
2018-11-12,97.08999633789062,97.19000244140625,95.58000183105469,95.66000366210938,72.72100067138672,845800,0.0,0.0
2018-11-13,96.0,97.25,95.30999755859375,95.55999755859375,72.64496612548828,674500,0.0,0.0
2018-11-14,96.20999908447266,97.9000015258789,95.7699966430664,96.69000244140625,73.50398254394531,854600,0.0,0.0
2018-11-15,95.93000030517578,98.08999633789062,95.16999816894531,97.55999755859375,74.16535949707031,1109700,0.0,0.0
2018-11-16,97.0,97.98999786376953,96.68000030517578,97.70999908447266,74.27938842773438,1201100,0.0,0.0
2018-11-19,97.75,98.04000091552734,94.51000213623047,94.88999938964844,72.1356201171875,1274100,0.0,0.0
2018-11-20,94.31999969482422,95.04000091552734,93.4800033569336,93.95999908447266,71.42864227294922,1048500,0.0,0.0
2018-11-21,94.36000061035156,95.44999694824219,93.93000030517578,94.19999694824219,71.61106872558594,662800,0.0,0.0
2018-11-23,93.68000030517578,96.55000305175781,93.6500015258789,96.02999877929688,73.00225067138672,375600,0.0,0.0
2018-11-26,97.11000061035156,98.27999877929688,96.51000213623047,97.52999877929688,74.14256286621094,1346100,0.0,0.0
2018-11-27,96.98999786376953,97.44999694824219,94.62000274658203,95.5999984741211,72.67535400390625,948800,0.0,0.0
2018-11-28,95.80000305175781,96.94999694824219,95.36000061035156,96.4800033569336,73.34435272216797,881700,0.0,0.0
2018-11-29,95.95999908447266,97.44000244140625,95.41999816894531,96.8499984741211,73.62561798095703,777100,0.0,0.0
2018-11-30,96.9800033569336,97.44999694824219,90.97000122070312,91.0,69.17842864990234,3746900,0.0,0.0
2018-12-03,91.47000122070312,91.51000213623047,88.5999984741211,89.87000274658203,68.31939697265625,4109000,0.0,0.0
2018-12-04,89.54000091552734,90.23999786376953,87.94999694824219,88.41000366210938,67.20952606201172,1668500,0.0,0.0
2018-12-06,87.3499984741211,87.83000183105469,85.37000274658203,87.48999786376953,66.51011657714844,2250900,0.0,0.0
2018-12-07,86.66999816894531,87.9800033569336,83.29000091552734,83.93000030517578,63.80379867553711,1589900,0.0,0.0
2018-12-10,83.58000183105469,84.12000274658203,81.80999755859375,84.0,63.85702133178711,1349800,0.0,0.0
2018-12-11,85.05000305175781,85.93000030517578,83.48999786376953,83.86000061035156,63.750572204589844,1096700,0.0,0.0
2018-12-12,85.0,85.69999694824219,84.52999877929688,84.83000183105469,64.48796844482422,869500,0.0,0.0
2018-12-13,84.80999755859375,85.37999725341797,83.56999969482422,83.76000213623047,63.674564361572266,1058700,0.0,0.0
2018-12-14,83.0199966430664,84.86000061035156,82.51000213623047,84.05999755859375,63.90262222290039,1172400,0.0,0.0
2018-12-17,83.83000183105469,85.44999694824219,82.86000061035156,83.58999633789062,63.545345306396484,1713700,0.0,0.0
2018-12-18,83.87999725341797,84.13999938964844,81.81999969482422,82.30000305175781,62.564659118652344,1294200,0.0,0.0
2018-12-19,82.23999786376953,82.7300033569336,79.20999908447266,80.5,61.19630432128906,1768800,0.0,0.0
2018-12-20,80.08000183105469,80.7699966430664,78.01000213623047,79.08999633789062,60.12440872192383,1413700,0.0,0.0
2018-12-21,79.30000305175781,81.0999984741211,77.79000091552734,78.11000061035156,59.37942123413086,1983900,0.0,0.0
2018-12-24,78.19999694824219,78.98999786376953,76.83999633789062,78.0199966430664,59.310997009277344,630300,0.0,0.0
2018-12-26,78.83999633789062,81.13999938964844,78.18000030517578,81.06999969482422,61.629615783691406,992800,0.0,0.0
2018-12-27,79.66999816894531,81.44000244140625,78.37999725341797,81.38999938964844,61.872886657714844,843300,0.0,0.0
2018-12-28,81.44999694824219,82.18000030517578,80.76000213623047,81.12999725341797,61.675235748291016,750200,0.0,0.0
2018-12-31,81.29000091552734,81.62999725341797,80.13999938964844,81.25,61.766441345214844,1147100,0.0,0.0
2019-01-02,79.88999938964844,81.05000305175781,79.26000213623047,79.9800033569336,60.8010139465332,1759000,0.0,0.0
2019-01-03,79.58000183105469,80.08000183105469,77.33999633789062,77.9000015258789,59.21978759765625,1472700,0.0,0.0
2019-01-04,79.25,82.30999755859375,78.08999633789062,80.79000091552734,61.41677474975586,2072400,0.0,0.0
2019-01-07,80.75,83.87000274658203,80.30000305175781,83.29000091552734,63.317264556884766,1951600,0.0,0.0
2019-01-08,84.16000366210938,85.81999969482422,84.16000366210938,85.41000366210938,64.92890167236328,1888100,0.0,0.0
2019-01-09,85.41000366210938,86.33999633789062,83.62999725341797,85.16999816894531,64.74644470214844,942500,0.0,0.0
2019-01-10,84.5,85.55000305175781,83.77999877929688,85.25,64.80725860595703,972900,0.0,0.0
2019-01-11,85.08000183105469,86.97000122070312,84.9000015258789,86.91999816894531,66.0768051147461,873100,0.0,0.0
2019-01-14,86.6500015258789,87.75,85.80000305175781,86.48999786376953,65.74992370605469,996400,0.0,0.0
2019-01-15,86.3499984741211,87.80999755859375,86.0,87.75,66.707763671875,802200,0.0,0.0
2019-01-16,87.66000366210938,87.9000015258789,86.69000244140625,87.08000183105469,66.19844818115234,759400,0.0,0.0
2019-01-17,86.91999816894531,88.6500015258789,86.83999633789062,88.38999938964844,67.19430541992188,890000,0.0,0.0
2019-01-18,88.69999694824219,89.19000244140625,87.94000244140625,88.8499984741211,67.5439682006836,1030200,0.0,0.0
2019-01-22,88.66000366210938,89.30000305175781,87.33999633789062,89.05999755859375,67.70365905761719,856500,0.0,0.0
2019-01-23,89.13999938964844,89.29000091552734,87.83999633789062,88.19999694824219,67.04987335205078,1092500,0.0,0.0
2019-01-24,88.26000213623047,89.55000305175781,87.79000091552734,89.4000015258789,67.96212005615234,814300,0.0,0.0
2019-01-25,89.95999908447266,90.48999786376953,89.33000183105469,90.12999725341797,68.5170669555664,932600,0.0,0.0
2019-01-28,89.11000061035156,90.87999725341797,89.11000061035156,90.7300033569336,68.97321319580078,665900,0.0,0.0
2019-01-29,90.69999694824219,90.91999816894531,89.95999908447266,90.62999725341797,68.89715576171875,885800,0.0,0.0
2019-01-30,90.9800033569336,91.54000091552734,90.04000091552734,91.05000305175781,69.21644592285156,747500,0.0,0.0
2019-01-31,90.54000091552734,91.37999725341797,89.3499984741211,90.55999755859375,69.3236083984375,969800,0.63,0.0
2019-02-01,90.54000091552734,91.01000213623047,89.66000366210938,90.77999877929688,69.49201965332031,1454200,0.0,0.0
2019-02-04,90.58000183105469,91.80999755859375,90.33999633789062,91.3499984741211,69.92835235595703,1122300,0.0,0.0
2019-02-05,91.58000183105469,91.9800033569336,90.94000244140625,91.5,70.04316711425781,1039600,0.0,0.0
2019-02-06,91.41999816894531,91.47000122070312,90.45999908447266,91.0,69.66043090820312,1143100,0.0,0.0
2019-02-07,90.5999984741211,90.62999725341797,88.88999938964844,90.25,69.0863037109375,2076500,0.0,0.0
2019-02-08,89.66000366210938,93.19000244140625,85.55000305175781,89.38999938964844,68.42799377441406,6386300,0.0,0.0
2019-02-11,90.48999786376953,90.68000030517578,88.25,88.87999725341797,68.03756713867188,1702100,0.0,0.0
2019-02-12,89.37999725341797,90.62999725341797,89.13999938964844,89.56999969482422,68.5657730102539,1413000,0.0,0.0
2019-02-13,89.55999755859375,90.2699966430664,88.75,89.97000122070312,68.87195587158203,1346400,0.0,0.0
2019-02-14,89.63999938964844,90.06999969482422,88.86000061035156,89.75,68.70355224609375,863000,0.0,0.0
2019-02-15,90.23999786376953,90.23999786376953,83.52999877929688,86.4000015258789,66.13915252685547,4487900,0.0,0.0
2019-02-19,86.44999694824219,87.5,85.80999755859375,87.45999908447266,66.9505615234375,1550300,0.0,0.0
2019-02-20,87.55999755859375,87.55999755859375,86.16999816894531,86.91999816894531,66.53718566894531,1307200,0.0,0.0
2019-02-21,86.6500015258789,86.94999694824219,86.08999633789062,86.29000091552734,66.054931640625,960400,0.0,0.0
2019-02-22,86.33000183105469,86.58000183105469,85.68000030517578,86.0,65.83293151855469,1745900,0.0,0.0
2019-02-25,86.51000213623047,86.88999938964844,85.62000274658203,86.16999816894531,65.96306610107422,959300,0.0,0.0
2019-02-26,85.91000366210938,86.30000305175781,84.58999633789062,84.63999938964844,64.79187774658203,906200,0.0,0.0
2019-02-27,84.1500015258789,85.08999633789062,84.1500015258789,84.4800033569336,64.66938781738281,1408300,0.0,0.0
2019-02-28,84.30000305175781,85.12000274658203,82.87999725341797,84.9000015258789,64.99088287353516,2428600,0.0,0.0
2019-03-01,85.79000091552734,88.23999786376953,85.69999694824219,88.0199966430664,67.37923431396484,1880700,0.0,0.0
2019-03-04,88.62999725341797,90.04000091552734,87.80999755859375,88.66000366210938,67.86917877197266,1375100,0.0,0.0
2019-03-05,88.9000015258789,89.36000061035156,88.44000244140625,88.51000213623047,67.75433349609375,711600,0.0,0.0
2019-03-06,88.41999816894531,89.02999877929688,87.95999908447266,88.08999633789062,67.43282318115234,662700,0.0,0.0
2019-03-07,87.73999786376953,87.80000305175781,86.2300033569336,86.69999694824219,66.36878204345703,1230300,0.0,0.0
2019-03-08,86.37999725341797,87.27999877929688,85.95999908447266,87.05000305175781,66.63671875,808400,0.0,0.0
2019-03-11,87.22000122070312,87.47000122070312,86.80999755859375,87.08000183105469,66.65967559814453,979900,0.0,0.0
2019-03-12,87.0,87.33000183105469,86.06999969482422,86.6500015258789,66.33051300048828,1181400,0.0,0.0
2019-03-13,86.83000183105469,87.51000213623047,86.61000061035156,86.83000183105469,66.46829986572266,1016500,0.0,0.0
2019-03-14,86.94999694824219,87.33999633789062,86.44999694824219,86.51000213623047,66.2233657836914,625000,0.0,0.0
2019-03-15,86.62000274658203,87.26000213623047,86.4000015258789,86.72000122070312,66.38408660888672,1393900,0.0,0.0
2019-03-18,86.80999755859375,87.5999984741211,86.3499984741211,87.0999984741211,66.67498779296875,694800,0.0,0.0
2019-03-19,87.16999816894531,88.13999938964844,86.5999984741211,86.93000030517578,66.54483032226562,566900,0.0,0.0
2019-03-20,86.68000030517578,87.33999633789062,85.51000213623047,85.80999755859375,65.68751525878906,617500,0.0,0.0
2019-03-21,85.18000030517578,85.33000183105469,84.29000091552734,84.97000122070312,65.0444564819336,942900,0.0,0.0
2019-03-22,84.81999969482422,85.0,82.87000274658203,83.51000213623047,63.92683792114258,1100600,0.0,0.0
2019-03-25,83.29000091552734,84.1500015258789,83.04000091552734,83.95999908447266,64.27130889892578,653300,0.0,0.0
2019-03-26,84.44000244140625,84.88999938964844,83.97000122070312,84.68000030517578,64.82247161865234,622400,0.0,0.0
2019-03-27,84.72000122070312,85.43000030517578,84.0,84.87000274658203,64.9679183959961,801700,0.0,0.0
2019-03-28,85.05000305175781,85.75,84.9800033569336,85.55999755859375,65.49612426757812,778400,0.0,0.0
2019-03-29,85.81999969482422,85.88999938964844,84.95999908447266,85.0199966430664,65.08274841308594,1204400,0.0,0.0
2019-04-01,85.45999908447266,85.86000061035156,85.0199966430664,85.68000030517578,65.58798217773438,925700,0.0,0.0
2019-04-02,85.56999969482422,85.73999786376953,84.95999908447266,85.12000274658203,65.1593017578125,569300,0.0,0.0
2019-04-03,85.41000366210938,86.04000091552734,84.61000061035156,85.26000213623047,65.26646423339844,745500,0.0,0.0
2019-04-04,85.2300033569336,86.36000061035156,85.0,86.02999877929688,65.85588836669922,1303800,0.0,0.0
2019-04-05,86.25,86.66999816894531,86.08000183105469,86.55999755859375,66.2616195678711,589900,0.0,0.0
2019-04-08,86.2699966430664,86.66000366210938,86.04000091552734,86.52999877929688,66.23863220214844,541100,0.0,0.0
2019-04-09,86.37000274658203,86.37000274658203,84.75,85.1500015258789,65.18226623535156,1356600,0.0,0.0
2019-04-10,85.16000366210938,85.83000183105469,84.80999755859375,85.5999984741211,65.52674102783203,568900,0.0,0.0
2019-04-11,85.88999938964844,86.2699966430664,85.36000061035156,85.8499984741211,65.71810150146484,528000,0.0,0.0
2019-04-12,86.13999938964844,87.62000274658203,86.04000091552734,87.56999969482422,67.03475952148438,953600,0.0,0.0
2019-04-15,87.58000183105469,88.04000091552734,87.4800033569336,87.91000366210938,67.29502868652344,719600,0.0,0.0
2019-04-16,88.08999633789062,89.70999908447266,88.08000183105469,89.68000030517578,68.64997863769531,1011800,0.0,0.0
2019-04-17,89.58000183105469,90.56999969482422,87.19999694824219,90.18000030517578,69.03271484375,1037100,0.0,0.0
2019-04-18,90.37999725341797,90.37999725341797,88.52999877929688,88.77999877929688,67.96102905273438,1172900,0.0,0.0
2019-04-22,88.41999816894531,89.30000305175781,87.91999816894531,88.11000061035156,67.44812774658203,966300,0.0,0.0
2019-04-23,100.30000305175781,102.87000274658203,99.02999877929688,100.6500015258789,77.04751586914062,7378300,0.0,0.0
2019-04-24,100.98999786376953,103.5199966430664,100.55000305175781,103.18000030517578,78.98423767089844,3572200,0.0,0.0
2019-04-25,99.83999633789062,102.9800033569336,98.98999786376953,101.4800033569336,77.68286895751953,1552500,0.0,0.0
2019-04-26,102.0,103.33999633789062,101.87000274658203,102.58999633789062,78.53256225585938,1176600,0.0,0.0
2019-04-29,102.62000274658203,103.5999984741211,100.69000244140625,101.72000122070312,77.86659240722656,1686100,0.0,0.0
2019-04-30,101.29000091552734,101.9000015258789,100.62000274658203,101.86000061035156,78.49852752685547,1026200,0.68,0.0
2019-05-01,101.9000015258789,103.1500015258789,101.83999633789062,102.08999633789062,78.67575073242188,993800,0.0,0.0
2019-05-02,102.02999877929688,103.66999816894531,101.9800033569336,103.55000305175781,79.8009262084961,1565500,0.0,0.0
2019-05-03,104.0,105.0,102.33999633789062,104.75,80.72569274902344,1177300,0.0,0.0
2019-05-06,102.94000244140625,104.36000061035156,101.77999877929688,103.69000244140625,79.90882110595703,1439700,0.0,0.0
2019-05-07,102.94999694824219,103.73999786376953,101.0199966430664,101.19000244140625,77.982177734375,1373000,0.0,0.0
2019-05-08,100.9000015258789,101.83999633789062,100.25,100.80999755859375,77.68933868408203,684500,0.0,0.0
2019-05-09,100.29000091552734,100.69000244140625,98.95999908447266,100.45999908447266,77.41960906982422,878700,0.0,0.0
2019-05-10,100.16999816894531,101.04000091552734,98.5,100.69000244140625,77.59686279296875,748900,0.0,0.0
2019-05-13,98.5199966430664,98.5199966430664,95.73999786376953,95.97000122070312,73.95939636230469,1364500,0.0,0.0
2019-05-14,96.44000244140625,98.0999984741211,96.01000213623047,96.7699966430664,74.5759048461914,752900,0.0,0.0
2019-05-15,96.75,98.36000061035156,96.22000122070312,97.4000015258789,75.06141662597656,982400,0.0,0.0
2019-05-16,97.51000213623047,98.5,97.0999984741211,98.27999877929688,75.73959350585938,850000,0.0,0.0
2019-05-17,97.83999633789062,98.88999938964844,96.79000091552734,97.1500015258789,74.8687515258789,1274400,0.0,0.0
2019-05-20,96.38999938964844,96.6500015258789,95.52999877929688,96.13999938964844,74.09039306640625,896600,0.0,0.0
2019-05-21,96.23999786376953,97.38999938964844,95.86000061035156,97.01000213623047,74.76084899902344,645500,0.0,0.0
2019-05-22,96.77999877929688,99.37000274658203,96.69999694824219,99.06999969482422,76.34840393066406,1324300,0.0,0.0
2019-05-23,98.18000030517578,99.01000213623047,97.41000366210938,97.93000030517578,75.4698486328125,1476800,0.0,0.0
2019-05-24,98.20999908447266,99.43000030517578,97.91999816894531,98.31999969482422,75.77043151855469,532800,0.0,0.0
2019-05-28,98.73999786376953,99.2699966430664,97.81999969482422,97.86000061035156,75.4159164428711,779100,0.0,0.0
2019-05-29,97.30000305175781,97.7300033569336,96.51000213623047,97.13999938964844,74.86105346679688,669000,0.0,0.0
2019-05-30,97.38999938964844,98.63999938964844,96.8499984741211,98.0199966430664,75.53922271728516,506300,0.0,0.0
2019-05-31,96.45999908447266,97.20999908447266,95.0999984741211,95.13999938964844,73.31974029541016,848700,0.0,0.0
2019-06-03,95.20999908447266,97.72000122070312,94.58000183105469,97.06999969482422,74.80709075927734,886300,0.0,0.0
2019-06-04,99.08000183105469,103.16999816894531,98.81999969482422,103.04000091552734,79.40789031982422,1407700,0.0,0.0
2019-06-05,103.3499984741211,104.22000122070312,101.97000122070312,103.48999786376953,79.75467681884766,699300,0.0,0.0
2019-06-06,103.36000061035156,104.91999816894531,102.9800033569336,104.45999908447266,80.50220489501953,708800,0.0,0.0
2019-06-07,104.98999786376953,106.25,104.26000213623047,105.91999816894531,81.62735748291016,736400,0.0,0.0
2019-06-10,106.20999908447266,108.0,105.23999786376953,105.73999786376953,81.4886474609375,1075100,0.0,0.0
2019-06-11,106.55999755859375,107.62000274658203,105.54000091552734,105.68000030517578,81.44239807128906,1222900,0.0,0.0
2019-06-12,105.83999633789062,106.80999755859375,105.54000091552734,106.75,82.26700592041016,628100,0.0,0.0
2019-06-13,107.11000061035156,107.95999908447266,106.79000091552734,107.5199966430664,82.86038208007812,951300,0.0,0.0
2019-06-14,107.12999725341797,107.70999908447266,106.87000274658203,107.45999908447266,82.81415557861328,556800,0.0,0.0
2019-06-17,107.80999755859375,107.80999755859375,106.30999755859375,106.58999633789062,82.14370727539062,672400,0.0,0.0
2019-06-18,108.0,108.58000183105469,106.55000305175781,107.87999725341797,83.13783264160156,498200,0.0,0.0
2019-06-19,107.88999938964844,108.2300033569336,106.05999755859375,107.33000183105469,82.71397399902344,693400,0.0,0.0
2019-06-20,108.63999938964844,108.86000061035156,107.37999725341797,107.9000015258789,83.15325927734375,672600,0.0,0.0
2019-06-21,107.93000030517578,108.12000274658203,106.52999877929688,107.2699966430664,82.6677474975586,1043000,0.0,0.0
2019-06-24,107.73999786376953,108.12000274658203,106.26000213623047,106.38999938964844,81.98957824707031,571600,0.0,0.0
2019-06-25,106.1500015258789,106.5,104.77999877929688,105.12000274658203,81.01084899902344,1428700,0.0,0.0
2019-06-26,105.48999786376953,107.16999816894531,105.29000091552734,105.41000366210938,81.23432922363281,638700,0.0,0.0
2019-06-27,105.76000213623047,106.97000122070312,105.41000366210938,105.91999816894531,81.62735748291016,453700,0.0,0.0
2019-06-28,106.02999877929688,107.13999938964844,105.36000061035156,105.68000030517578,81.44239807128906,1782300,0.0,0.0
2019-07-01,106.69999694824219,107.9000015258789,105.91000366210938,106.41999816894531,82.01268005371094,932900,0.0,0.0
2019-07-02,106.37000274658203,106.62000274658203,104.47000122070312,104.69000244140625,80.6794662475586,683600,0.0,0.0
2019-07-03,104.91000366210938,107.0999984741211,104.91000366210938,106.38999938964844,81.98957824707031,788100,0.0,0.0
2019-07-05,105.83000183105469,107.08000183105469,105.68000030517578,106.91999816894531,82.39801025390625,720700,0.0,0.0
2019-07-08,106.33000183105469,108.41000366210938,106.33000183105469,108.16999816894531,83.361328125,900100,0.0,0.0
2019-07-09,107.63999938964844,108.72000122070312,106.61000061035156,108.22000122070312,83.39987182617188,629200,0.0,0.0
2019-07-10,108.36000061035156,108.6500015258789,107.9800033569336,108.30000305175781,83.46151733398438,792100,0.0,0.0
2019-07-11,108.62000274658203,108.62000274658203,106.45999908447266,107.61000061035156,82.92975616455078,747700,0.0,0.0
2019-07-12,108.0,109.7699966430664,107.98999786376953,109.2699966430664,84.20903778076172,957300,0.0,0.0
2019-07-15,109.31999969482422,111.76000213623047,108.2300033569336,109.63999938964844,84.49420166015625,795400,0.0,0.0
2019-07-16,109.80000305175781,110.6500015258789,109.44999694824219,109.8499984741211,84.65604400634766,780900,0.0,0.0
2019-07-17,110.0,110.01000213623047,108.38999938964844,108.61000061035156,83.70040893554688,751200,0.0,0.0
2019-07-18,108.37000274658203,109.8499984741211,108.11000061035156,109.37999725341797,84.29381561279297,976700,0.0,0.0
2019-07-19,109.58000183105469,109.58000183105469,107.63999938964844,107.66000366210938,82.96830749511719,1047900,0.0,0.0
2019-07-22,108.12000274658203,108.94000244140625,107.69000244140625,108.51000213623047,83.62336730957031,1616900,0.0,0.0
2019-07-23,115.87000274658203,119.95999908447266,114.5,119.30999755859375,91.9463882446289,3924500,0.0,0.0
2019-07-24,118.61000061035156,121.93000030517578,118.55999755859375,121.83000183105469,93.88843536376953,1716500,0.0,0.0
2019-07-25,121.87999725341797,123.62999725341797,121.37999725341797,122.19000244140625,94.1658706665039,1201000,0.0,0.0
2019-07-26,123.63999938964844,124.33000183105469,122.61000061035156,123.66999816894531,95.30641174316406,1205900,0.0,0.0
2019-07-29,123.83999633789062,126.29000091552734,123.7300033569336,126.06999969482422,97.15597534179688,958700,0.0,0.0
2019-07-30,125.23999786376953,126.87000274658203,122.66000366210938,124.37999725341797,95.85359191894531,1217200,0.0,0.0
2019-07-31,123.11000061035156,123.88999938964844,120.31999969482422,121.16000366210938,93.88536071777344,1230400,0.68,0.0
2019-08-01,121.58999633789062,122.19000244140625,114.61000061035156,114.83000183105469,88.9803466796875,2472600,0.0,0.0
2019-08-02,114.41000366210938,114.83000183105469,111.61000061035156,113.51000213623047,87.95748901367188,1859600,0.0,0.0
2019-08-05,111.9000015258789,111.95999908447266,109.83000183105469,111.41000366210938,86.33020782470703,1499900,0.0,0.0
2019-08-06,111.66000366210938,113.08000183105469,110.9000015258789,112.9800033569336,87.5467758178711,1103200,0.0,0.0
2019-08-07,111.13999938964844,113.94000244140625,109.79000091552734,113.76000213623047,88.15119934082031,830300,0.0,0.0
2019-08-08,114.94999694824219,116.69999694824219,114.26000213623047,116.63999938964844,90.38288116455078,867800,0.0,0.0
2019-08-09,115.11000061035156,116.16999816894531,113.69000244140625,114.52999877929688,88.74784851074219,720200,0.0,0.0
2019-08-12,113.93000030517578,114.37000274658203,112.55000305175781,113.13999938964844,87.67076110839844,513000,0.0,0.0
2019-08-13,112.9800033569336,120.97000122070312,112.11000061035156,116.25,90.0806655883789,1623200,0.0,0.0
2019-08-14,114.19999694824219,115.04000091552734,113.33000183105469,114.41000366210938,88.65487670898438,975600,0.0,0.0
2019-08-15,115.05999755859375,115.05999755859375,112.22000122070312,113.13999938964844,87.67076110839844,598200,0.0,0.0
2019-08-16,114.44000244140625,114.91999816894531,113.56999969482422,114.37000274658203,88.62388610839844,598800,0.0,0.0
2019-08-19,115.62999725341797,116.2300033569336,114.16000366210938,114.94999694824219,89.07332611083984,562800,0.0,0.0
2019-08-20,114.43000030517578,115.0199966430664,114.20999908447266,114.38999938964844,88.63937377929688,422800,0.0,0.0
2019-08-21,115.94999694824219,116.61000061035156,114.55999755859375,115.5,89.49950408935547,375100,0.0,0.0
2019-08-22,115.38999938964844,115.66999816894531,112.91999816894531,114.3499984741211,88.60838317871094,517500,0.0,0.0
2019-08-23,106.94999694824219,108.69000244140625,103.76000213623047,104.12999725341797,80.68902587890625,2044600,0.0,0.0
2019-08-26,105.48999786376953,107.86000061035156,104.79000091552734,107.19999694824219,83.06793212890625,1026100,0.0,0.0
2019-08-27,107.8499984741211,108.55000305175781,106.87000274658203,107.26000213623047,83.11444091796875,858700,0.0,0.0
2019-08-28,106.77999877929688,108.62999725341797,103.04000091552734,108.2699966430664,83.89706420898438,557500,0.0,0.0
2019-08-29,109.4800033569336,110.7300033569336,108.93000030517578,110.13999938964844,85.34610748291016,504400,0.0,0.0
2019-08-30,111.04000091552734,111.33999633789062,109.86000061035156,110.47000122070312,85.601806640625,679300,0.0,0.0
2019-09-03,109.81999969482422,110.2699966430664,108.08999633789062,109.38999938964844,84.76494598388672,704500,0.0,0.0
2019-09-04,110.29000091552734,110.95999908447266,108.79000091552734,109.56999969482422,84.90443420410156,619800,0.0,0.0
2019-09-05,111.30999755859375,112.43000030517578,110.05000305175781,110.98999786376953,86.0047607421875,683800,0.0,0.0
2019-09-06,110.7699966430664,112.48999786376953,110.5199966430664,112.4000015258789,87.09735107421875,677600,0.0,0.0
2019-09-09,112.69999694824219,114.4000015258789,111.79000091552734,113.94000244140625,88.29067993164062,580600,0.0,0.0
2019-09-10,114.7300033569336,118.68000030517578,114.22000122070312,116.55000305175781,90.31314849853516,1088700,0.0,0.0
2019-09-11,116.22000122070312,117.61000061035156,115.01000213623047,117.48999786376953,91.04151916503906,755500,0.0,0.0
2019-09-12,117.66000366210938,120.98999786376953,117.66000366210938,119.63999938964844,92.7075424194336,850600,0.0,0.0
2019-09-13,119.68000030517578,121.4800033569336,119.63999938964844,119.77999877929688,92.81602478027344,601400,0.0,0.0
2019-09-16,118.58000183105469,120.37999725341797,118.12999725341797,119.06999969482422,92.26585388183594,433700,0.0,0.0
2019-09-17,120.01000213623047,120.01000213623047,118.5199966430664,119.30000305175781,92.444091796875,735200,0.0,0.0
2019-09-18,119.30999755859375,119.79000091552734,118.2300033569336,119.6500015258789,92.71527862548828,814300,0.0,0.0
2019-09-19,120.33000183105469,121.37000274658203,119.72000122070312,120.91999816894531,93.69937896728516,1027100,0.0,0.0
2019-09-20,120.0999984741211,121.13999938964844,117.41000366210938,117.62999725341797,91.15000915527344,2461200,0.0,0.0
2019-09-23,117.7300033569336,119.37000274658203,117.27999877929688,118.08000183105469,91.49871063232422,520600,0.0,0.0
2019-09-24,119.0999984741211,119.44999694824219,116.41000366210938,117.0,90.66181945800781,598100,0.0,0.0
2019-09-25,117.08000183105469,119.41000366210938,116.62000274658203,118.80999755859375,92.06437683105469,525700,0.0,0.0
2019-09-26,118.55000305175781,118.62000274658203,117.25,117.4000015258789,90.9717788696289,497300,0.0,0.0
2019-09-27,118.44000244140625,119.52999877929688,117.81999969482422,118.81999969482422,92.07212829589844,536800,0.0,0.0
2019-09-30,119.06999969482422,119.91999816894531,118.62999725341797,118.69000244140625,91.97139739990234,672100,0.0,0.0
2019-10-01,118.94999694824219,119.93000030517578,116.58000183105469,117.0999984741211,90.73933410644531,651700,0.0,0.0
2019-10-02,116.51000213623047,117.58999633789062,113.94999694824219,115.30999755859375,89.35226440429688,664300,0.0,0.0
2019-10-03,115.01000213623047,116.5999984741211,113.94000244140625,116.5999984741211,90.35188293457031,491100,0.0,0.0
2019-10-04,116.43000030517578,118.47000122070312,116.43000030517578,118.23999786376953,91.62268829345703,512600,0.0,0.0
2019-10-07,117.80000305175781,118.19999694824219,116.5,117.66000366210938,91.17325592041016,430900,0.0,0.0
2019-10-08,117.0199966430664,118.0999984741211,116.6500015258789,116.69000244140625,90.42161560058594,602900,0.0,0.0
2019-10-09,117.3499984741211,118.88999938964844,117.0199966430664,118.16000366210938,91.56069946289062,531700,0.0,0.0
2019-10-10,118.16999816894531,119.69999694824219,117.54000091552734,119.44999694824219,92.56031036376953,622600,0.0,0.0
2019-10-11,120.47000122070312,122.0999984741211,120.02999877929688,121.29000091552734,93.98609924316406,611900,0.0,0.0
2019-10-14,120.66999816894531,121.63999938964844,120.20999908447266,120.9000015258789,93.68389892578125,509100,0.0,0.0
2019-10-15,121.5999984741211,122.4800033569336,121.3499984741211,121.95999908447266,94.50529479980469,541700,0.0,0.0
2019-10-16,121.48999786376953,122.58000183105469,121.11000061035156,121.98999786376953,94.52852630615234,647400,0.0,0.0
2019-10-17,122.33999633789062,122.97000122070312,121.58000183105469,122.38999938964844,94.8384780883789,802400,0.0,0.0
2019-10-18,122.30000305175781,123.05000305175781,121.52999877929688,121.95999908447266,94.50529479980469,911300,0.0,0.0
2019-10-21,122.93000030517578,122.93000030517578,119.4000015258789,120.16000366210938,93.1104736328125,2064600,0.0,0.0
2019-10-22,101.01000213623047,104.94999694824219,98.8499984741211,100.0199966430664,77.50423431396484,6939000,0.0,0.0
2019-10-23,100.1500015258789,101.75,98.05999755859375,99.4000015258789,77.0238037109375,3201900,0.0,0.0
2019-10-24,99.29000091552734,99.51000213623047,95.5999984741211,96.16000366210938,74.51319122314453,2428400,0.0,0.0
2019-10-25,96.1500015258789,96.38999938964844,94.19000244140625,96.01000213623047,74.3969497680664,2241500,0.0,0.0
2019-10-28,96.26000213623047,97.26000213623047,96.1500015258789,96.63999938964844,74.88513946533203,1520500,0.0,0.0
2019-10-29,96.16000366210938,98.9800033569336,95.63999938964844,98.63999938964844,76.4349136352539,2531400,0.0,0.0
2019-10-30,98.22000122070312,99.4000015258789,97.16000366210938,99.29000091552734,76.93859100341797,1357500,0.0,0.0
2019-10-31,98.43000030517578,98.94000244140625,96.80000305175781,97.30999755859375,75.92427062988281,1142600,0.68,0.0
2019-11-01,97.79000091552734,98.05999755859375,96.29000091552734,96.44000244140625,75.24547576904297,1089000,0.0,0.0
2019-11-04,96.58000183105469,98.26000213623047,96.30000305175781,97.69999694824219,76.22856903076172,885300,0.0,0.0
2019-11-05,96.06999969482422,99.23999786376953,95.77999877929688,95.79000091552734,74.73832702636719,2386300,0.0,0.0
2019-11-06,93.33999633789062,95.66999816894531,92.58999633789062,94.86000061035156,74.01270294189453,8392300,0.0,0.0
2019-11-07,95.66000366210938,96.66999816894531,94.7699966430664,95.20999908447266,74.28579711914062,1941500,0.0,0.0
2019-11-08,95.54000091552734,96.0,94.36000061035156,95.52999877929688,74.53546905517578,1988000,0.0,0.0
2019-11-11,95.12999725341797,95.98999786376953,94.80999755859375,95.51000213623047,74.51985931396484,719900,0.0,0.0
2019-11-12,95.7300033569336,95.9000015258789,94.0,94.4000015258789,73.65382385253906,1336700,0.0,0.0
2019-11-13,94.33000183105469,94.68000030517578,93.83000183105469,94.0,73.34172821044922,1151900,0.0,0.0
2019-11-14,94.0,95.43000030517578,93.51000213623047,95.33000183105469,74.3794174194336,1006900,0.0,0.0
2019-11-15,95.5999984741211,96.19000244140625,95.02999877929688,95.41000366210938,74.44183349609375,1270800,0.0,0.0
2019-11-18,95.0199966430664,95.76000213623047,94.55000305175781,95.36000061035156,74.40281677246094,1538900,0.0,0.0
2019-11-19,95.69999694824219,95.73999786376953,95.0999984741211,95.25,74.31700134277344,1151200,0.0,0.0
2019-11-20,95.11000061035156,95.55000305175781,94.0,94.91000366210938,74.0517349243164,1441800,0.0,0.0
2019-11-21,94.95999908447266,96.81999969482422,94.41999816894531,95.41999816894531,74.44962310791016,1691400,0.0,0.0
2019-11-22,95.9000015258789,96.91999816894531,95.55999755859375,96.12000274658203,74.9958267211914,1258200,0.0,0.0
2019-11-25,98.5,99.94000244140625,98.20999908447266,99.19000244140625,77.39110565185547,2047400,0.0,0.0
2019-11-26,99.95999908447266,100.95999908447266,98.68000030517578,100.44000244140625,78.36640167236328,2612400,0.0,0.0
2019-11-27,101.0,102.69999694824219,100.5,101.93000030517578,79.52894592285156,1269000,0.0,0.0
2019-11-29,102.16999816894531,102.62000274658203,101.19000244140625,101.69999694824219,79.34949493408203,652300,0.0,0.0
2019-12-02,102.5999984741211,102.72000122070312,100.06999969482422,100.48999786376953,78.40542602539062,1124200,0.0,0.0
2019-12-03,99.22000122070312,99.95999908447266,98.06999969482422,99.2300033569336,77.42232513427734,990500,0.0,0.0
2019-12-04,99.38999938964844,100.19999694824219,99.38999938964844,99.45999908447266,77.6017837524414,698300,0.0,0.0
2019-12-05,100.11000061035156,100.45999908447266,99.44000244140625,100.30999755859375,78.26494598388672,874800,0.0,0.0
2019-12-06,101.05000305175781,101.5,100.43000030517578,101.0,78.8033447265625,743600,0.0,0.0
2019-12-09,101.25,101.37000274658203,100.4000015258789,100.69999694824219,78.56925201416016,771100,0.0,0.0
2019-12-10,100.7699966430664,101.01000213623047,99.2699966430664,99.93000030517578,77.96849060058594,770400,0.0,0.0
2019-12-11,99.6500015258789,100.9000015258789,99.5999984741211,100.37000274658203,78.3117904663086,500300,0.0,0.0
2019-12-12,100.37000274658203,102.98999786376953,99.93000030517578,102.76000213623047,80.1765365600586,1164800,0.0,0.0
2019-12-13,102.87999725341797,104.56999969482422,101.88999938964844,103.91999816894531,81.08161163330078,1090600,0.0,0.0
2019-12-16,104.66000366210938,104.91999816894531,102.12000274658203,102.26000213623047,79.78640747070312,1311900,0.0,0.0
2019-12-17,102.7300033569336,103.19999694824219,101.75,102.88999938964844,80.27796936035156,753500,0.0,0.0
2019-12-18,102.77999877929688,103.5999984741211,102.0999984741211,103.5199966430664,80.7695083618164,899000,0.0,0.0
2019-12-19,103.80000305175781,104.68000030517578,103.16999816894531,104.37999725341797,81.44050598144531,811500,0.0,0.0
2019-12-20,104.70999908447266,105.55000305175781,103.47000122070312,103.58999633789062,80.8241195678711,4982500,0.0,0.0
2019-12-23,104.16000366210938,105.30999755859375,104.08000183105469,105.20999908447266,82.08811950683594,772500,0.0,0.0
2019-12-24,105.01000213623047,105.2699966430664,104.54000091552734,105.0999984741211,82.00227355957031,190200,0.0,0.0
2019-12-26,105.69000244140625,105.73999786376953,104.69999694824219,104.95999908447266,81.8930435180664,533000,0.0,0.0
2019-12-27,105.05999755859375,106.0,104.73999786376953,105.76000213623047,82.51722717285156,458200,0.0,0.0
2019-12-30,105.7699966430664,106.25,104.44999694824219,105.18000030517578,82.06468963623047,521400,0.0,0.0
2019-12-31,105.19000244140625,106.2699966430664,105.19000244140625,105.61000061035156,82.40019989013672,530800,0.0,0.0
2020-01-02,106.16999816894531,106.18000030517578,104.30000305175781,105.33000183105469,82.18173217773438,1043200,0.0,0.0
2020-01-03,103.91999816894531,105.5,103.63999938964844,105.05000305175781,81.96328735351562,708100,0.0,0.0
2020-01-06,104.33999633789062,105.4000015258789,103.3499984741211,105.36000061035156,82.20513916015625,779400,0.0,0.0
2020-01-07,105.01000213623047,105.01000213623047,102.76000213623047,103.38999938964844,80.6680679321289,984900,0.0,0.0
2020-01-08,103.87999725341797,105.88999938964844,103.4000015258789,104.94999694824219,81.88523864746094,920900,0.0,0.0
2020-01-09,104.88999938964844,105.16999816894531,103.31999969482422,103.9000015258789,81.06599426269531,683300,0.0,0.0
2020-01-10,104.12000274658203,104.12000274658203,101.51000213623047,101.68000030517578,79.3338851928711,1096200,0.0,0.0
2020-01-13,101.83999633789062,104.97000122070312,101.3499984741211,104.86000061035156,81.81503295898438,900400,0.0,0.0
2020-01-14,104.7699966430664,105.94000244140625,103.51000213623047,105.25,82.11930084228516,1646800,0.0,0.0
2020-01-15,102.05000305175781,103.33999633789062,100.62000274658203,103.02999877929688,80.38720703125,1972000,0.0,0.0
2020-01-16,103.66000366210938,104.52999877929688,103.06999969482422,103.62000274658203,80.84752655029297,868200,0.0,0.0
2020-01-17,104.37999725341797,105.45999908447266,104.2300033569336,105.12999725341797,82.02571105957031,1164400,0.0,0.0
2020-01-21,105.0,105.08999633789062,103.13999938964844,104.70999908447266,81.697998046875,758700,0.0,0.0
2020-01-22,105.0,106.25,104.75,105.77999877929688,82.5328140258789,875100,0.0,0.0
2020-01-23,105.01000213623047,106.02999877929688,104.30000305175781,105.4800033569336,82.29877471923828,818200,0.0,0.0
2020-01-24,105.27999877929688,105.6500015258789,104.37000274658203,104.68000030517578,81.67456817626953,1217500,0.0,0.0
2020-01-27,102.94999694824219,104.05999755859375,102.61000061035156,103.63999938964844,80.8631362915039,931500,0.0,0.0
2020-01-28,103.97000122070312,105.66999816894531,103.36000061035156,104.98999786376953,81.91645812988281,658900,0.0,0.0
2020-01-29,104.79000091552734,105.47000122070312,104.22000122070312,104.29000091552734,81.37030029296875,710600,0.0,0.0
2020-01-30,103.06999969482422,103.69000244140625,101.76000213623047,102.91000366210938,80.8205337524414,1166300,0.68,0.0
2020-01-31,102.83999633789062,103.3499984741211,101.33000183105469,101.87000274658203,80.0037841796875,923000,0.0,0.0
2020-02-03,102.69000244140625,103.08000183105469,101.69000244140625,101.7699966430664,79.92524719238281,636100,0.0,0.0
2020-02-04,103.05000305175781,104.8499984741211,103.01000213623047,103.91000366210938,81.60590362548828,991200,0.0,0.0
2020-02-05,104.94999694824219,105.41999816894531,103.62999725341797,105.06999969482422,82.51691436767578,914400,0.0,0.0
2020-02-06,105.5,105.5,102.16999816894531,102.48999786376953,80.4906997680664,1566300,0.0,0.0
2020-02-07,102.27999877929688,102.4800033569336,99.16999816894531,99.73999786376953,78.33097076416016,1849000,0.0,0.0
2020-02-10,99.43000030517578,101.13999938964844,99.36000061035156,100.9000015258789,79.24197387695312,1118600,0.0,0.0
2020-02-11,107.88999938964844,109.5,100.0,100.0999984741211,78.61371612548828,4045500,0.0,0.0
2020-02-12,99.9800033569336,100.08000183105469,96.7699966430664,98.19999694824219,77.12153625488281,2776300,0.0,0.0
2020-02-13,97.55999755859375,97.83000183105469,96.77999877929688,96.98999786376953,76.17127990722656,1374000,0.0,0.0
2020-02-14,97.2699966430664,98.79000091552734,97.0,97.70999908447266,76.73670196533203,936900,0.0,0.0
2020-02-18,97.48999786376953,97.62999725341797,95.94000244140625,97.41999816894531,76.50897216796875,1160400,0.0,0.0
2020-02-19,97.22000122070312,98.3499984741211,96.27999877929688,97.68000030517578,76.71315002441406,1124100,0.0,0.0
2020-02-20,97.55999755859375,98.98999786376953,96.9800033569336,98.87999725341797,77.65558624267578,1340000,0.0,0.0
2020-02-21,98.04000091552734,98.05999755859375,89.86000061035156,89.97000122070312,70.65808868408203,3638000,0.0,0.0
2020-02-24,87.56999969482422,88.56999969482422,86.77999877929688,87.08999633789062,68.39627838134766,2284600,0.0,0.0
2020-02-25,87.44999694824219,87.66000366210938,82.62999725341797,83.01000213623047,65.19205474853516,1565900,0.0,0.0
2020-02-26,83.7699966430664,84.88999938964844,82.5,82.5,64.79151916503906,1820200,0.0,0.0
2020-02-27,81.20999908447266,82.7300033569336,79.41000366210938,79.51000213623047,62.44331359863281,2369400,0.0,0.0
2020-02-28,77.0,78.45999908447266,75.62999725341797,77.25,60.668418884277344,2288300,0.0,0.0
2020-03-02,77.31999969482422,79.52999877929688,76.05000305175781,79.29000091552734,62.270538330078125,1485900,0.0,0.0
2020-03-03,78.44000244140625,80.12000274658203,75.37000274658203,75.44000244140625,59.24693298339844,2577300,0.0,0.0
2020-03-04,76.5,77.86000061035156,75.44999694824219,77.8499984741211,61.139617919921875,2367600,0.0,0.0
2020-03-05,75.77999877929688,75.94000244140625,73.5,74.47000122070312,58.48513412475586,1286300,0.0,0.0
2020-03-06,71.88999938964844,73.8499984741211,70.93000030517578,72.75,57.134334564208984,1800600,0.0,0.0
2020-03-09,68.4800033569336,69.6500015258789,66.0999984741211,66.2300033569336,52.01384735107422,2254700,0.0,0.0
2020-03-10,68.86000061035156,69.13999938964844,63.93000030517578,67.25,52.814903259277344,2008000,0.0,0.0
2020-03-11,64.94999694824219,65.58999633789062,61.880001068115234,62.97999954223633,49.461456298828125,2602400,0.0,0.0
2020-03-12,58.540000915527344,59.189998626708984,53.779998779296875,53.790000915527344,42.24407196044922,2547500,0.0,0.0
2020-03-13,56.43000030517578,57.790000915527344,52.02000045776367,55.02000045776367,43.210044860839844,3069000,0.0,0.0
2020-03-16,49.5,50.41999816894531,44.689998626708984,44.72999954223633,35.1287841796875,2488500,0.0,0.0
2020-03-17,45.900001525878906,48.93000030517578,44.619998931884766,46.75,36.71519088745117,3130400,0.0,0.0
2020-03-18,44.43000030517578,48.36000061035156,41.33000183105469,46.81999969482422,36.77016830444336,2507100,0.0,0.0
2020-03-19,46.81999969482422,50.310001373291016,45.029998779296875,47.290000915527344,37.139286041259766,2495200,0.0,0.0
2020-03-20,47.97999954223633,50.56999969482422,45.63999938964844,46.11000061035156,36.21257019042969,2739100,0.0,0.0
2020-03-23,52.08000183105469,54.779998779296875,49.22999954223633,51.869998931884766,40.73619079589844,3802400,0.0,0.0
2020-03-24,55.0,63.20000076293945,54.849998474121094,63.11000061035156,49.56354522705078,3305500,0.0,0.0
2020-03-25,63.81999969482422,69.26000213623047,62.540000915527344,66.79000091552734,52.453636169433594,3121500,0.0,0.0
2020-03-26,66.6500015258789,71.22000122070312,65.08000183105469,68.29000091552734,53.63166427612305,1758700,0.0,0.0
2020-03-27,64.05999755859375,67.29000091552734,63.709999084472656,65.63999938964844,51.55049133300781,1322400,0.0,0.0
2020-03-30,65.20999908447266,72.5999984741211,65.0,71.4800033569336,56.136940002441406,1841500,0.0,0.0
2020-03-31,70.80000305175781,72.76000213623047,70.27999877929688,71.55000305175781,56.19191360473633,2456300,0.0,0.0
2020-04-01,68.04000091552734,72.16999816894531,67.25,70.08000183105469,55.037452697753906,2343100,0.0,0.0
2020-04-02,69.83999633789062,71.22000122070312,68.26000213623047,70.43000030517578,55.312313079833984,1468600,0.0,0.0
2020-04-03,70.58999633789062,72.1500015258789,66.47000122070312,66.94000244140625,52.571449279785156,1628400,0.0,0.0
2020-04-06,70.98999786376953,72.43000030517578,69.75,71.19999694824219,55.91702651977539,1250700,0.0,0.0
2020-04-07,74.72000122070312,75.58000183105469,73.0999984741211,74.41000366210938,58.438026428222656,1919200,0.0,0.0
2020-04-08,75.05999755859375,75.93000030517578,72.66999816894531,74.1500015258789,58.233829498291016,1194000,0.0,0.0
2020-04-09,75.22000122070312,78.25,74.26000213623047,75.66999816894531,59.427555084228516,1507900,0.0,0.0
2020-04-13,75.0999984741211,75.7300033569336,72.22000122070312,74.22000122070312,58.288795471191406,1003700,0.0,0.0
2020-04-14,75.4000015258789,76.73999786376953,73.97000122070312,74.66000366210938,58.634361267089844,1306900,0.0,0.0
2020-04-15,70.97000122070312,72.19000244140625,70.08000183105469,71.52999877929688,56.176204681396484,1598100,0.0,0.0
2020-04-16,72.25,73.83999633789062,71.36000061035156,73.01000213623047,57.33852005004883,1349700,0.0,0.0
2020-04-17,76.51000213623047,76.51000213623047,74.02999877929688,75.19999694824219,59.058441162109375,1306700,0.0,0.0
2020-04-20,74.48999786376953,77.37000274658203,74.25,75.68000030517578,59.435420989990234,1045800,0.0,0.0
2020-04-21,73.58000183105469,75.6500015258789,72.06999969482422,72.33999633789062,56.81233215332031,1267700,0.0,0.0
2020-04-22,73.66000366210938,74.8499984741211,73.2300033569336,74.1500015258789,58.233829498291016,787300,0.0,0.0
2020-04-23,74.11000061035156,74.69000244140625,72.68000030517578,72.76000213623047,57.1422004699707,1209400,0.0,0.0
2020-04-24,73.44999694824219,75.26000213623047,71.75,74.87000274658203,58.79928207397461,1540000,0.0,0.0
2020-04-27,75.69999694824219,77.4000015258789,75.5999984741211,76.76000213623047,60.28360366821289,1045700,0.0,0.0
2020-04-28,78.45999908447266,80.48999786376953,77.30000305175781,77.86000061035156,61.147483825683594,1926500,0.0,0.0
2020-04-29,75.91000366210938,76.4800033569336,72.44999694824219,72.91000366210938,57.25999450683594,3835300,0.0,0.0
2020-04-30,72.7699966430664,73.97000122070312,70.55999755859375,72.20999908447266,57.2441291809082,1860600,0.68,0.0
2020-05-01,70.6500015258789,70.9800033569336,68.23999786376953,68.7300033569336,54.48538589477539,1742400,0.0,0.0
2020-05-04,68.0,69.0999984741211,66.62000274658203,69.06999969482422,54.75490951538086,1120000,0.0,0.0
2020-05-05,70.48999786376953,70.6500015258789,67.13999938964844,67.20999908447266,53.2804069519043,1212700,0.0,0.0
2020-05-06,67.44000244140625,68.94000244140625,65.80000305175781,65.88999938964844,52.233978271484375,1229400,0.0,0.0
2020-05-07,66.94999694824219,68.93000030517578,66.81999969482422,68.37999725341797,54.207916259765625,911900,0.0,0.0
2020-05-08,68.98999786376953,69.91999816894531,68.22000122070312,69.69999694824219,55.25433349609375,719200,0.0,0.0
2020-05-11,69.08999633789062,69.45999908447266,67.5,68.5999984741211,54.38233947753906,772700,0.0,0.0
2020-05-12,68.79000091552734,68.80999755859375,65.5,65.54000091552734,51.95652389526367,819700,0.0,0.0
2020-05-13,65.80000305175781,65.80000305175781,62.0099983215332,62.84000015258789,49.81610870361328,1063900,0.0,0.0
2020-05-14,62.20000076293945,64.83000183105469,60.20000076293945,64.62000274658203,51.22720718383789,1064700,0.0,0.0
2020-05-15,64.19999694824219,65.27999877929688,62.849998474121094,64.80000305175781,51.36989212036133,1135100,0.0,0.0
2020-05-18,67.0,69.48999786376953,66.80000305175781,68.26000213623047,54.112796783447266,1264900,0.0,0.0
2020-05-19,68.66999816894531,69.22000122070312,67.37000274658203,67.97000122070312,53.88290023803711,848100,0.0,0.0
2020-05-20,69.02999877929688,69.33000183105469,68.16999816894531,68.86000061035156,54.58843231201172,677400,0.0,0.0
2020-05-21,68.51000213623047,68.97000122070312,67.41999816894531,68.80000305175781,54.54087829589844,691400,0.0,0.0
2020-05-22,68.68000030517578,68.93000030517578,66.47000122070312,66.69000244140625,52.86818313598633,1010100,0.0,0.0
2020-05-26,68.8499984741211,72.66000366210938,68.0999984741211,72.55999755859375,57.52159118652344,2309300,0.0,0.0
2020-05-27,73.61000061035156,74.95999908447266,72.23999786376953,73.3499984741211,58.14785385131836,1102400,0.0,0.0
2020-05-28,74.06999969482422,74.4800033569336,72.63999938964844,73.45999908447266,58.235069274902344,1289000,0.0,0.0
2020-05-29,74.19999694824219,74.30000305175781,72.55000305175781,73.51000213623047,58.27470016479492,1642000,0.0,0.0
2020-06-01,73.55999755859375,74.20999908447266,72.3499984741211,72.66000366210938,57.600887298583984,745400,0.0,0.0
2020-06-02,73.12000274658203,74.81999969482422,72.91000366210938,73.31999969482422,58.12409973144531,1050600,0.0,0.0
2020-06-03,74.29000091552734,77.30000305175781,74.25,77.19000244140625,61.1920051574707,1307000,0.0,0.0
2020-06-04,76.62999725341797,77.98999786376953,75.69000244140625,77.05999755859375,61.08895492553711,927000,0.0,0.0
2020-06-05,79.43000030517578,82.19000244140625,79.06999969482422,80.86000061035156,64.10137176513672,1154500,0.0,0.0
2020-06-08,81.77999877929688,83.98999786376953,81.55000305175781,83.91999816894531,66.5271987915039,1153000,0.0,0.0
2020-06-09,79.83999633789062,80.54000091552734,77.33000183105469,79.20999908447266,62.79335403442383,1110100,0.0,0.0
2020-06-10,79.08999633789062,79.08999633789062,75.97000122070312,76.12000274658203,60.34378433227539,813800,0.0,0.0
2020-06-11,73.5,73.66999816894531,70.37000274658203,71.08000183105469,56.34834289550781,918800,0.0,0.0
2020-06-12,73.58000183105469,74.54000091552734,72.13999938964844,74.30000305175781,58.90096664428711,800400,0.0,0.0
2020-06-15,72.36000061035156,76.27999877929688,71.5,75.51000213623047,59.860198974609375,856300,0.0,0.0
2020-06-16,78.06999969482422,78.38999938964844,75.55000305175781,77.11000061035156,61.128578186035156,680900,0.0,0.0
2020-06-17,77.33000183105469,77.56999969482422,75.87000274658203,76.6500015258789,60.76393127441406,548700,0.0,0.0
2020-06-18,75.51000213623047,76.70999908447266,74.95999908447266,75.16000366210938,59.58273696899414,755000,0.0,0.0
2020-06-19,76.63999938964844,76.63999938964844,71.19000244140625,71.33999633789062,56.55445098876953,3198300,0.0,0.0
2020-06-22,71.51000213623047,73.18000030517578,70.37000274658203,73.13999938964844,57.98138427734375,1204900,0.0,0.0
2020-06-23,74.7300033569336,74.7300033569336,73.12000274658203,73.7699966430664,58.48080825805664,697700,0.0,0.0
2020-06-24,72.88999938964844,72.9000015258789,70.18000030517578,70.94000244140625,56.23734664916992,999100,0.0,0.0
2020-06-25,70.26000213623047,70.83000183105469,69.33000183105469,70.36000061035156,55.77756118774414,1235900,0.0,0.0
2020-06-26,70.0999984741211,70.81999969482422,69.44000244140625,70.61000061035156,55.975738525390625,3389700,0.0,0.0
2020-06-29,72.06999969482422,73.79000091552734,70.8499984741211,73.79000091552734,58.49668502807617,1011800,0.0,0.0
2020-06-30,73.29000091552734,75.25,72.4000015258789,74.94999694824219,59.4162483215332,981400,0.0,0.0
2020-07-01,74.69000244140625,75.91999816894531,74.37999725341797,74.69000244140625,59.210147857666016,731600,0.0,0.0
2020-07-02,76.4000015258789,76.9800033569336,74.33000183105469,74.5999984741211,59.13880920410156,692600,0.0,0.0
2020-07-06,75.4000015258789,76.22000122070312,74.08999633789062,74.83999633789062,59.329044342041016,743600,0.0,0.0
2020-07-07,74.63999938964844,74.66999816894531,73.16000366210938,73.54000091552734,58.298465728759766,680000,0.0,0.0
2020-07-08,73.37999725341797,73.93000030517578,72.16999816894531,73.26000213623047,58.07652282714844,595300,0.0,0.0
2020-07-09,73.0999984741211,73.48999786376953,71.01000213623047,71.5,56.68128204345703,1182700,0.0,0.0
2020-07-10,71.51000213623047,74.19999694824219,71.4000015258789,74.18000030517578,58.805850982666016,670300,0.0,0.0
2020-07-13,75.0,75.43000030517578,72.76000213623047,73.61000061035156,58.35398483276367,649300,0.0,0.0
2020-07-14,73.6500015258789,74.77999877929688,73.0999984741211,74.62000274658203,59.1546630859375,589800,0.0,0.0
2020-07-15,75.4000015258789,78.68000030517578,75.13999938964844,78.33000183105469,62.09575653076172,765200,0.0,0.0
2020-07-16,78.0,79.33999633789062,77.0999984741211,77.51000213623047,61.445682525634766,599500,0.0,0.0
2020-07-17,77.83000183105469,78.95999908447266,77.05000305175781,77.48999786376953,61.42982482910156,789400,0.0,0.0
2020-07-20,76.9800033569336,78.23999786376953,76.69000244140625,78.0,61.834136962890625,762700,0.0,0.0
2020-07-21,79.02999877929688,80.7300033569336,78.5999984741211,78.83000183105469,62.49212646484375,910800,0.0,0.0
2020-07-22,77.27999877929688,79.9000015258789,77.27999877929688,79.1500015258789,62.74579620361328,689100,0.0,0.0
2020-07-23,79.55999755859375,80.80000305175781,79.12000274658203,79.80000305175781,63.261085510253906,858500,0.0,0.0
2020-07-24,80.23999786376953,80.80000305175781,77.0199966430664,77.58999633789062,61.509098052978516,1653100,0.0,0.0
2020-07-27,75.04000091552734,75.4000015258789,70.77999877929688,71.83999633789062,56.95082092285156,5159500,0.0,0.0
2020-07-28,71.80999755859375,73.38999938964844,71.16000366210938,72.41000366210938,57.40269088745117,1411100,0.0,0.0
2020-07-29,72.86000061035156,74.58000183105469,72.12999725341797,74.02999877929688,58.68694305419922,1123000,0.0,0.0
2020-07-30,73.33000183105469,73.87999725341797,72.51000213623047,73.30000305175781,58.10822677612305,761400,0.0,0.0
2020-07-31,72.52999877929688,72.86000061035156,71.06999969482422,72.76000213623047,58.22025680541992,1111300,0.68,0.0
2020-08-03,72.95999908447266,74.91999816894531,72.27999877929688,74.87000274658203,59.90861892700195,1113100,0.0,0.0
2020-08-04,74.25,75.22000122070312,73.93000030517578,74.86000061035156,59.900596618652344,1140500,0.0,0.0
2020-08-05,75.38999938964844,77.41999816894531,75.37999725341797,77.36000061035156,61.90102005004883,981800,0.0,0.0
2020-08-06,77.37999725341797,77.66000366210938,76.54000091552734,76.88999938964844,61.52494430541992,707800,0.0,0.0
2020-08-07,76.4800033569336,76.76000213623047,75.58999633789062,76.75,61.41292190551758,543800,0.0,0.0
2020-08-10,77.16999816894531,79.05000305175781,76.69999694824219,78.97000122070312,63.18929672241211,787600,0.0,0.0
2020-08-11,79.6500015258789,80.44999694824219,78.47000122070312,78.72000122070312,62.9892578125,664600,0.0,0.0
2020-08-12,79.30999755859375,80.38999938964844,78.45999908447266,79.81999969482422,63.86943435668945,732600,0.0,0.0
2020-08-13,79.33000183105469,79.94000244140625,78.68000030517578,78.94000244140625,63.165287017822266,476900,0.0,0.0
2020-08-14,79.3499984741211,80.16999816894531,78.56999969482422,79.62999725341797,63.717403411865234,473400,0.0,0.0
2020-08-17,79.75,79.75,77.9800033569336,78.38999938964844,62.725189208984375,546700,0.0,0.0
2020-08-18,78.20999908447266,78.93000030517578,77.51000213623047,78.6500015258789,62.9332275390625,462900,0.0,0.0
2020-08-19,78.94000244140625,79.94000244140625,78.29000091552734,78.58999633789062,62.88522720336914,363300,0.0,0.0
2020-08-20,78.04000091552734,78.19999694824219,76.45999908447266,77.44999694824219,61.9730339050293,500000,0.0,0.0
2020-08-21,77.33999633789062,77.91999816894531,76.33000183105469,76.81999969482422,61.46894073486328,591100,0.0,0.0
2020-08-24,77.13999938964844,80.30000305175781,76.52999877929688,79.94000244140625,63.96548080444336,517000,0.0,0.0
2020-08-25,80.6500015258789,80.6500015258789,78.8499984741211,79.37999725341797,63.517364501953125,452800,0.0,0.0
2020-08-26,79.80000305175781,80.0,78.44000244140625,79.44999694824219,63.57338333129883,483100,0.0,0.0
2020-08-27,79.47000122070312,82.08000183105469,79.41000366210938,80.68000030517578,64.55758666992188,658300,0.0,0.0
2020-08-28,81.0,81.36000061035156,79.5,80.94000244140625,64.765625,689100,0.0,0.0
2020-08-31,80.58999633789062,80.5999984741211,78.5,78.94000244140625,63.165287017822266,750400,0.0,0.0
2020-09-01,78.56999969482422,81.93000030517578,78.0,81.9000015258789,65.53379821777344,711100,0.0,0.0
2020-09-02,82.93000030517578,83.13999938964844,80.9000015258789,82.55999755859375,66.06189727783203,646000,0.0,0.0
2020-09-03,82.6500015258789,83.26000213623047,79.26000213623047,80.01000213623047,64.02147674560547,755800,0.0,0.0
2020-09-04,80.70999908447266,81.0,78.19999694824219,79.05999755859375,63.261287689208984,613400,0.0,0.0
2020-09-08,77.4800033569336,79.19000244140625,77.16000366210938,78.08999633789062,62.48514938354492,869900,0.0,0.0
2020-09-09,78.5,79.5,76.7699966430664,78.37000274658203,62.709205627441406,1463900,0.0,0.0
2020-09-10,79.05000305175781,80.0,78.19999694824219,78.56999969482422,62.869239807128906,1098500,0.0,0.0
2020-09-11,79.29000091552734,79.29000091552734,78.05999755859375,78.6500015258789,62.9332275390625,782200,0.0,0.0
2020-09-14,78.7300033569336,80.43000030517578,77.0999984741211,77.18000030517578,61.75701141357422,1099800,0.0,0.0
2020-09-15,77.43000030517578,78.44000244140625,76.4000015258789,77.41000366210938,61.941043853759766,1169500,0.0,0.0
2020-09-16,76.77999877929688,80.01000213623047,76.6500015258789,78.51000213623047,62.821224212646484,1105500,0.0,0.0
2020-09-17,77.22000122070312,80.58999633789062,77.0999984741211,80.41000366210938,64.34154510498047,1257000,0.0,0.0
2020-09-18,80.29000091552734,81.97000122070312,79.51000213623047,79.91000366210938,63.94145202636719,1765700,0.0,0.0
2020-09-21,78.41999816894531,78.52999877929688,75.5999984741211,76.06999969482422,60.868804931640625,1066900,0.0,0.0
2020-09-22,76.12000274658203,77.56999969482422,75.25,75.44999694824219,60.37270736694336,716800,0.0,0.0
2020-09-23,77.91999816894531,79.75,76.77999877929688,76.87999725341797,61.516944885253906,987500,0.0,0.0
2020-09-24,77.26000213623047,77.44999694824219,75.2699966430664,76.16000366210938,60.940834045410156,702500,0.0,0.0
2020-09-25,76.05000305175781,77.2300033569336,75.4000015258789,76.97000122070312,61.588958740234375,693700,0.0,0.0
2020-09-28,78.0,78.6500015258789,77.29000091552734,78.25,62.61317825317383,482400,0.0,0.0
2020-09-29,79.18000030517578,81.9000015258789,78.83999633789062,81.23999786376953,65.00568389892578,941600,0.0,0.0
2020-09-30,84.02999877929688,85.81999969482422,82.29000091552734,82.72000122070312,66.1899185180664,1427800,0.0,0.0
2020-10-01,82.98999786376953,84.61000061035156,82.37999725341797,82.94999694824219,66.37396240234375,765300,0.0,0.0
2020-10-02,81.37000274658203,84.12999725341797,80.23999786376953,82.97000122070312,66.38997650146484,812400,0.0,0.0
2020-10-05,83.19999694824219,84.58000183105469,82.83999633789062,83.08999633789062,66.48599243164062,808700,0.0,0.0
2020-10-06,83.91999816894531,84.98999786376953,82.77999877929688,83.05000305175781,66.45398712158203,815900,0.0,0.0
2020-10-07,84.29000091552734,85.16999816894531,83.66000366210938,84.93000030517578,67.95829010009766,521300,0.0,0.0
2020-10-08,85.30999755859375,88.0,85.0199966430664,87.95999908447266,70.38280487060547,742000,0.0,0.0
2020-10-09,88.1500015258789,90.0,88.11000061035156,89.16000366210938,71.343017578125,836100,0.0,0.0
2020-10-12,89.44000244140625,89.66000366210938,87.05000305175781,87.73999786376953,70.206787109375,708600,0.0,0.0
2020-10-13,87.83000183105469,87.83000183105469,86.22000122070312,86.88999938964844,69.52664184570312,644200,0.0,0.0
2020-10-14,87.37999725341797,88.13999938964844,85.75,85.8499984741211,68.69444274902344,607000,0.0,0.0
2020-10-15,85.0199966430664,87.04000091552734,84.9000015258789,86.80999755859375,69.4626235961914,492100,0.0,0.0
2020-10-16,86.87999725341797,87.8499984741211,86.16000366210938,87.5999984741211,70.0947494506836,636100,0.0,0.0
2020-10-19,88.51000213623047,88.87999725341797,86.12000274658203,86.55000305175781,69.25457000732422,711900,0.0,0.0
2020-10-20,87.23999786376953,88.08999633789062,86.30999755859375,86.66000366210938,69.34259796142578,548200,0.0,0.0
2020-10-21,86.5,87.77999877929688,86.2300033569336,86.94999694824219,69.57465362548828,669400,0.0,0.0
2020-10-22,87.2699966430664,89.91000366210938,86.55999755859375,89.81999969482422,71.8711166381836,1165900,0.0,0.0
2020-10-23,91.94999694824219,92.94999694824219,91.0,92.0,73.61550903320312,1972000,0.0,0.0
2020-10-26,87.0199966430664,87.9000015258789,82.25,83.4000015258789,66.73404693603516,3951200,0.0,0.0
2020-10-27,84.08999633789062,86.4000015258789,82.66999816894531,85.0999984741211,68.09432983398438,2330000,0.0,0.0
2020-10-28,83.6500015258789,84.55000305175781,81.72000122070312,84.04000091552734,67.24615478515625,1717000,0.0,0.0
2020-10-29,83.41000366210938,84.87000274658203,82.19999694824219,83.87000274658203,67.11012268066406,1015900,0.0,0.0
2020-10-30,82.69999694824219,83.44000244140625,81.69000244140625,82.72000122070312,66.73097229003906,1198400,0.68,0.0
2020-11-02,83.52999877929688,84.0999984741211,82.01000213623047,82.4000015258789,66.47283172607422,839700,0.0,0.0
2020-11-03,83.66000366210938,85.33000183105469,82.33999633789062,84.70999908447266,68.33631134033203,755200,0.0,0.0
2020-11-04,84.0999984741211,84.63999938964844,82.2300033569336,82.37999725341797,66.45668029785156,839300,0.0,0.0
2020-11-05,83.95999908447266,84.48999786376953,83.0199966430664,84.0999984741211,67.84423065185547,818800,0.0,0.0
2020-11-06,84.4800033569336,85.45999908447266,83.18000030517578,84.33999633789062,68.03784942626953,588900,0.0,0.0
2020-11-09,88.08000183105469,88.7300033569336,85.05999755859375,85.4000015258789,68.89295959472656,1742700,0.0,0.0
2020-11-10,85.72000122070312,87.22000122070312,84.75,85.6500015258789,69.09461212158203,947800,0.0,0.0
2020-11-11,86.33000183105469,87.43000030517578,85.6500015258789,86.52999877929688,69.80451202392578,981900,0.0,0.0
2020-11-12,86.37999725341797,86.37999725341797,83.33999633789062,84.22000122070312,67.94103240966797,700700,0.0,0.0
2020-11-13,84.83000183105469,88.66999816894531,84.81999969482422,87.72000122070312,70.76451110839844,1152500,0.0,0.0
2020-11-16,89.86000061035156,90.94000244140625,87.77999877929688,90.88999938964844,73.32177734375,891800,0.0,0.0
2020-11-17,90.4800033569336,92.47000122070312,89.2699966430664,91.88999938964844,74.12847900390625,641800,0.0,0.0
2020-11-18,91.94000244140625,94.30000305175781,90.98999786376953,92.08000183105469,74.28177642822266,1032200,0.0,0.0
2020-11-19,91.66999816894531,92.55999755859375,90.23999786376953,91.75,74.01554870605469,628300,0.0,0.0
2020-11-20,91.47000122070312,93.4000015258789,90.73999786376953,93.0199966430664,75.0400619506836,832900,0.0,0.0
2020-11-23,93.22000122070312,93.73999786376953,91.87999725341797,92.62000274658203,74.71739196777344,679300,0.0,0.0
2020-11-24,93.44000244140625,94.0,91.80999755859375,92.0999984741211,74.29789733886719,1144700,0.0,0.0
2020-11-25,91.55000305175781,92.33999633789062,90.9000015258789,92.13999938964844,74.33016204833984,587300,0.0,0.0
2020-11-27,91.88999938964844,93.19999694824219,91.48999786376953,92.31999969482422,74.4753646850586,227900,0.0,0.0
2020-11-30,92.01000213623047,93.25,90.69000244140625,93.02999877929688,75.04814147949219,1223400,0.0,0.0
2020-12-01,94.33999633789062,97.12999725341797,93.80000305175781,96.19000244140625,77.59735107421875,1914000,0.0,0.0
2020-12-02,94.7699966430664,94.97000122070312,91.30000305175781,93.93000030517578,75.77420043945312,1192100,0.0,0.0
2020-12-03,93.9000015258789,95.22000122070312,92.36000061035156,92.66000366210938,74.7496566772461,907300,0.0,0.0
2020-12-04,92.9000015258789,93.70999908447266,90.91999816894531,91.06999969482422,73.46700286865234,1477800,0.0,0.0
2020-12-07,90.66999816894531,90.98999786376953,89.4000015258789,89.56999969482422,72.2569351196289,1079300,0.0,0.0
2020-12-08,89.0199966430664,91.11000061035156,88.83999633789062,89.72000122070312,72.37793731689453,702000,0.0,0.0
2020-12-09,91.05000305175781,91.54000091552734,88.43000030517578,88.76000213623047,71.60348510742188,1366700,0.0,0.0
2020-12-10,88.18000030517578,89.27999877929688,87.69999694824219,88.68000030517578,71.53895568847656,783700,0.0,0.0
2020-12-11,88.18000030517578,89.5,87.5199966430664,89.0,71.79710388183594,889400,0.0,0.0
2020-12-14,90.16999816894531,91.31999969482422,89.48999786376953,90.11000061035156,72.69255065917969,682700,0.0,0.0
2020-12-15,90.87999725341797,92.76000213623047,89.13999938964844,92.25,74.41890716552734,1001300,0.0,0.0
2020-12-16,92.19999694824219,95.55999755859375,92.0,94.76000213623047,76.4437255859375,1485500,0.0,0.0
2020-12-17,94.76000213623047,96.06999969482422,93.02999877929688,93.20999908447266,75.19335174560547,934500,0.0,0.0
2020-12-18,93.75,94.30000305175781,92.0,93.80999755859375,75.67735290527344,1873700,0.0,0.0
2020-12-21,92.6500015258789,94.80000305175781,91.33000183105469,93.5999984741211,75.5079574584961,1095500,0.0,0.0
2020-12-22,93.69000244140625,94.23999786376953,92.25,92.37999725341797,74.5237808227539,583300,0.0,0.0
2020-12-23,92.98999786376953,93.44999694824219,91.83999633789062,92.75,74.822265625,671600,0.0,0.0
2020-12-24,93.22000122070312,93.33999633789062,92.01000213623047,93.1500015258789,75.14495086669922,201000,0.0,0.0
2020-12-28,93.51000213623047,94.1500015258789,92.83000183105469,93.33999633789062,75.29822540283203,476100,0.0,0.0
2020-12-29,93.77999877929688,93.80000305175781,92.20999908447266,93.37999725341797,75.33049011230469,459600,0.0,0.0
2020-12-30,93.30999755859375,94.83999633789062,93.01000213623047,94.0,75.83065032958984,507400,0.0,0.0
2020-12-31,93.75,94.19000244140625,92.80000305175781,93.54000091552734,75.45957946777344,559200,0.0,0.0
2021-01-04,93.73999786376953,93.73999786376953,90.38999938964844,91.95999908447266,74.1849594116211,990000,0.0,0.0
2021-01-05,92.20999908447266,94.2699966430664,92.0,93.18000030517578,75.16913604736328,537700,0.0,0.0
2021-01-06,93.0,95.4800033569336,93.0,94.48999786376953,76.22594451904297,693700,0.0,0.0
2021-01-07,95.43000030517578,95.58999633789062,94.25,94.79000091552734,76.46794128417969,646900,0.0,0.0
2021-01-08,95.26000213623047,97.52999877929688,95.01000213623047,97.26000213623047,78.46051788330078,908900,0.0,0.0
2021-01-11,96.5,97.93000030517578,96.12999725341797,96.8499984741211,78.12977600097656,575500,0.0,0.0
2021-01-12,97.0,99.62999725341797,96.52999877929688,99.12000274658203,79.96099090576172,843600,0.0,0.0
2021-01-13,98.72000122070312,99.5999984741211,98.2300033569336,99.25,80.06586456298828,640800,0.0,0.0
2021-01-14,99.54000091552734,101.23999786376953,98.98999786376953,99.20999908447266,80.03360748291016,1058800,0.0,0.0
2021-01-15,98.41999816894531,98.55999755859375,96.18000030517578,97.19999694824219,78.41211700439453,1018100,0.0,0.0
2021-01-19,97.58000183105469,97.68000030517578,94.76000213623047,96.29000091552734,77.67801666259766,769200,0.0,0.0
2021-01-20,95.91000366210938,96.66999816894531,94.12000274658203,94.73999786376953,76.4276123046875,664900,0.0,0.0
2021-01-21,94.88999938964844,97.94999694824219,94.30999755859375,97.0,78.25078582763672,706500,0.0,0.0
2021-01-22,96.77999877929688,97.76000213623047,95.4800033569336,97.4800033569336,78.63799285888672,437900,0.0,0.0
2021-01-25,97.47000122070312,98.44999694824219,95.31999969482422,95.83000183105469,77.30693054199219,638000,0.0,0.0
2021-01-26,96.8499984741211,96.8499984741211,93.06999969482422,95.19000244140625,76.79064178466797,1081400,0.0,0.0
2021-01-27,94.23999786376953,95.33999633789062,91.26000213623047,93.29000091552734,75.25788879394531,1162600,0.0,0.0
2021-01-28,93.87999725341797,95.62000274658203,93.36000061035156,95.13999938964844,76.75031280517578,1059900,0.0,0.0
2021-01-29,94.26000213623047,95.31999969482422,93.0199966430664,93.81999969482422,75.6854476928711,726700,0.0,0.0
2021-02-01,93.75,94.54000091552734,92.75,94.36000061035156,76.67680358886719,418800,0.68,0.0
2021-02-02,94.95999908447266,96.4800033569336,94.05000305175781,95.48999786376953,77.59505462646484,757000,0.0,0.0
2021-02-03,95.66999816894531,96.94000244140625,94.62999725341797,96.5,78.415771484375,645200,0.0,0.0
2021-02-04,96.44000244140625,97.8499984741211,96.0,96.87000274658203,78.71644592285156,633900,0.0,0.0
2021-02-05,97.37999725341797,98.45999908447266,96.02999877929688,97.27999877929688,79.04959106445312,1244400,0.0,0.0
2021-02-08,99.61000061035156,99.68000030517578,92.41000366210938,93.1500015258789,75.69355773925781,2631700,0.0,0.0
2021-02-09,92.94999694824219,93.30000305175781,90.58999633789062,90.73999786376953,73.7352066040039,1355500,0.0,0.0
2021-02-10,90.83999633789062,93.48999786376953,89.75,92.29000091552734,74.99473571777344,1447600,0.0,0.0
2021-02-11,92.0999984741211,92.61000061035156,90.16000366210938,90.6500015258789,73.66207885742188,1068700,0.0,0.0
2021-02-12,90.55000305175781,91.54000091552734,90.25,91.4800033569336,74.33654022216797,717300,0.0,0.0
2021-02-16,91.5999984741211,92.5999984741211,89.37999725341797,89.43000030517578,72.67070770263672,894900,0.0,0.0
2021-02-17,89.63999938964844,91.19999694824219,89.16000366210938,90.87999725341797,73.84898376464844,750700,0.0,0.0
2021-02-18,90.05000305175781,91.87999725341797,90.05000305175781,91.43000030517578,74.2958984375,509100,0.0,0.0
2021-02-19,92.2300033569336,92.44000244140625,89.95999908447266,90.0,73.1338882446289,705000,0.0,0.0
2021-02-22,89.6500015258789,91.97000122070312,89.36000061035156,91.76000213623047,74.56404876708984,808400,0.0,0.0
2021-02-23,91.69999694824219,92.23999786376953,90.55000305175781,91.37999725341797,74.25526428222656,850300,0.0,0.0
2021-02-24,91.11000061035156,92.33000183105469,90.36000061035156,90.91000366210938,73.87335205078125,889800,0.0,0.0
2021-02-25,91.16000366210938,94.05000305175781,89.19000244140625,91.83999633789062,74.62906646728516,1880900,0.0,0.0
2021-02-26,92.2699966430664,95.06999969482422,92.0,93.70999908447266,76.14862823486328,2478700,0.0,0.0
2021-03-01,94.13999938964844,96.18000030517578,93.55999755859375,95.05999755859375,77.24563598632812,1000100,0.0,0.0
2021-03-02,95.43000030517578,95.91000366210938,93.36000061035156,95.29000091552734,77.43252563476562,753500,0.0,0.0
2021-03-03,95.5,95.5999984741211,92.87999725341797,93.02999877929688,75.59606170654297,617500,0.0,0.0
2021-03-04,93.05000305175781,93.58000183105469,90.31999969482422,92.23999786376953,74.95409393310547,1017100,0.0,0.0
2021-03-05,92.95999908447266,95.0999984741211,91.52999877929688,94.79000091552734,77.0262222290039,802200,0.0,0.0
2021-03-08,94.63999938964844,98.25,94.19000244140625,97.29000091552734,79.05773162841797,715800,0.0,0.0
2021-03-09,97.76000213623047,98.94999694824219,95.55999755859375,95.81999969482422,77.86321258544922,1167100,0.0,0.0
2021-03-10,96.48999786376953,97.11000061035156,95.1500015258789,96.76000213623047,78.62705993652344,661400,0.0,0.0
2021-03-11,96.58000183105469,97.62999725341797,94.4800033569336,94.87999725341797,77.09934997558594,927800,0.0,0.0
2021-03-12,95.12000274658203,95.37999725341797,94.02999877929688,94.88999938964844,77.10747528076172,763600,0.0,0.0
2021-03-15,95.22000122070312,97.68000030517578,94.98999786376953,97.41000366210938,79.15523529052734,717500,0.0,0.0
2021-03-16,97.83999633789062,98.0,96.33999633789062,97.41000366210938,79.15523529052734,690600,0.0,0.0
2021-03-17,96.69000244140625,97.4000015258789,92.76000213623047,94.97000122070312,77.17249298095703,1135500,0.0,0.0
2021-03-18,94.91000366210938,97.44999694824219,94.66999816894531,95.52999877929688,77.62754821777344,713000,0.0,0.0
2021-03-19,95.19999694824219,96.36000061035156,94.27999877929688,95.93000030517578,77.95258331298828,2762400,0.0,0.0
2021-03-22,96.62999725341797,98.04000091552734,95.70999908447266,96.8499984741211,78.70018768310547,811600,0.0,0.0
2021-03-23,96.55999755859375,97.31999969482422,96.12999725341797,96.75,78.61894226074219,737000,0.0,0.0
2021-03-24,96.94000244140625,98.19999694824219,95.62000274658203,95.62999725341797,77.70880889892578,770300,0.0,0.0
2021-03-25,94.62999725341797,98.87000274658203,94.58000183105469,98.3499984741211,79.91908264160156,756100,0.0,0.0
2021-03-26,98.48999786376953,99.48999786376953,97.76000213623047,98.5,80.04097747802734,628900,0.0,0.0
2021-03-29,98.0,98.6500015258789,96.94999694824219,97.9000015258789,79.55340576171875,608500,0.0,0.0
2021-03-30,97.81999969482422,98.4000015258789,96.51000213623047,96.87999725341797,78.72455596923828,973300,0.0,0.0
2021-03-31,97.0,97.26000213623047,95.61000061035156,96.12000274658203,78.10699462890625,1411500,0.0,0.0
2021-04-01,96.25,97.31999969482422,95.0,95.45999908447266,77.5706787109375,878700,0.0,0.0
2021-04-05,95.69999694824219,96.44999694824219,94.87999725341797,95.55000305175781,77.64380645751953,811800,0.0,0.0
2021-04-06,95.4800033569336,96.55000305175781,95.05000305175781,95.7699966430664,77.82257843017578,750700,0.0,0.0
2021-04-07,96.05999755859375,97.5,95.94999694824219,97.19000244140625,78.97647857666016,603300,0.0,0.0
2021-04-08,97.4800033569336,97.6500015258789,94.94000244140625,96.20999908447266,78.18011474609375,1743600,0.0,0.0
2021-04-09,96.33000183105469,96.83000183105469,94.7300033569336,95.23999786376953,77.39189910888672,718000,0.0,0.0
2021-04-12,94.79000091552734,97.2699966430664,94.36000061035156,97.11000061035156,78.91146087646484,737700,0.0,0.0
2021-04-13,96.62999725341797,100.47000122070312,95.66999816894531,98.83999633789062,80.31724548339844,1723200,0.0,0.0
2021-04-14,98.26000213623047,100.29000091552734,97.38999938964844,99.98999786376953,81.25173950195312,1069300,0.0,0.0
2021-04-15,100.31999969482422,100.36000061035156,98.83999633789062,99.01000213623047,80.45539855957031,845300,0.0,0.0
2021-04-16,99.5,99.6500015258789,97.97000122070312,98.0,79.6346664428711,1016600,0.0,0.0
2021-04-19,98.0,98.66999816894531,96.87999725341797,98.01000213623047,79.64281463623047,644700,0.0,0.0
2021-04-20,98.16999816894531,98.26000213623047,96.1500015258789,96.7300033569336,78.6026611328125,771300,0.0,0.0
2021-04-21,96.75,98.44999694824219,96.56999969482422,97.69000244140625,79.38276672363281,616300,0.0,0.0
2021-04-22,97.66000366210938,98.95999908447266,97.1500015258789,98.4800033569336,80.02472686767578,673400,0.0,0.0
2021-04-23,99.37000274658203,100.51000213623047,96.7699966430664,97.1500015258789,78.9439468383789,891200,0.0,0.0
2021-04-26,97.20999908447266,97.58999633789062,95.58999633789062,97.0199966430664,78.83831787109375,987300,0.0,0.0
2021-04-27,96.75,99.8499984741211,95.7300033569336,98.3499984741211,79.91908264160156,1256700,0.0,0.0
2021-04-28,98.61000061035156,98.61000061035156,96.7699966430664,98.0,79.6346664428711,703900,0.0,0.0
2021-04-29,98.80999755859375,99.51000213623047,98.0199966430664,99.08999633789062,80.5204086303711,756700,0.0,0.0
2021-04-30,98.23999786376953,99.47000122070312,98.12999725341797,99.44999694824219,81.371337890625,1035600,0.68,0.0
2021-05-03,99.70999908447266,100.4800033569336,98.45999908447266,99.36000061035156,81.29772186279297,837200,0.0,0.0
2021-05-04,99.44000244140625,99.54000091552734,97.81999969482422,98.19999694824219,80.34858703613281,669500,0.0,0.0
2021-05-05,98.11000061035156,99.75,98.04000091552734,99.37999725341797,81.3140640258789,534400,0.0,0.0
2021-05-06,99.79000091552734,100.12000274658203,98.69999694824219,99.43000030517578,81.35497283935547,637000,0.0,0.0
2021-05-07,99.75,100.41999816894531,99.11000061035156,99.1500015258789,81.1258773803711,583400,0.0,0.0
2021-05-10,99.76000213623047,101.0999984741211,99.05999755859375,99.38999938964844,81.32225036621094,700000,0.0,0.0
2021-05-11,99.23999786376953,100.02999877929688,97.83000183105469,98.20999908447266,80.35675048828125,682900,0.0,0.0
2021-05-12,98.16999816894531,98.70999908447266,94.58000183105469,94.76000213623047,77.53392791748047,705800,0.0,0.0
2021-05-13,94.94999694824219,97.0999984741211,94.94999694824219,96.30999755859375,78.80215454101562,550400,0.0,0.0
2021-05-14,96.05999755859375,97.05999755859375,95.41999816894531,96.30000305175781,78.79397583007812,728600,0.0,0.0
2021-05-17,96.36000061035156,96.43000030517578,94.87000274658203,96.08000183105469,78.61396789550781,708000,0.0,0.0
2021-05-18,96.0199966430664,96.4800033569336,94.91999816894531,94.9800033569336,77.71392822265625,641800,0.0,0.0
2021-05-19,94.37000274658203,94.66999816894531,92.75,93.83999633789062,76.78116607666016,745600,0.0,0.0
2021-05-20,93.54000091552734,95.0,93.19999694824219,94.80000305175781,77.5666732788086,568200,0.0,0.0
2021-05-21,94.66000366210938,95.18000030517578,93.94000244140625,94.05999755859375,76.961181640625,600800,0.0,0.0
2021-05-24,94.44999694824219,94.44999694824219,93.66999816894531,94.12000274658203,77.0102767944336,437500,0.0,0.0
2021-05-25,94.43000030517578,94.87999725341797,93.88999938964844,94.04000091552734,76.94480895996094,489500,0.0,0.0
2021-05-26,94.30000305175781,95.0,94.04000091552734,94.83000183105469,77.59119415283203,433000,0.0,0.0
2021-05-27,94.9800033569336,96.18000030517578,94.76000213623047,95.91999816894531,78.48306274414062,1160500,0.0,0.0
2021-05-28,96.43000030517578,96.43000030517578,95.19999694824219,95.97000122070312,78.52397155761719,425100,0.0,0.0
2021-06-01,96.5,96.76000213623047,95.5999984741211,96.29000091552734,78.7857894897461,523300,0.0,0.0
2021-06-02,96.4000015258789,96.66000366210938,94.94999694824219,95.45999908447266,78.1066665649414,668500,0.0,0.0
2021-06-03,95.48999786376953,95.75,94.1500015258789,95.56999969482422,78.19668579101562,768600,0.0,0.0
2021-06-04,95.63999938964844,95.83000183105469,94.13999938964844,95.23999786376953,77.9266586303711,549200,0.0,0.0
2021-06-07,95.62000274658203,95.6500015258789,94.47000122070312,94.75,77.52574920654297,399200,0.0,0.0
2021-06-08,95.16000366210938,96.80000305175781,94.41000366210938,96.37000274658203,78.85126495361328,429300,0.0,0.0
2021-06-09,96.75,96.80000305175781,95.33000183105469,95.4000015258789,78.05758666992188,317400,0.0,0.0
2021-06-10,95.62999725341797,96.48999786376953,95.20999908447266,96.22000122070312,78.72850799560547,429000,0.0,0.0
2021-06-11,96.30000305175781,97.63999938964844,96.05999755859375,97.47000122070312,79.75128936767578,644000,0.0,0.0
2021-06-14,97.2300033569336,97.62999725341797,94.94000244140625,95.5,78.139404296875,727500,0.0,0.0
2021-06-15,95.37999725341797,95.44000244140625,94.43000030517578,95.12000274658203,77.8284912109375,573600,0.0,0.0
2021-06-16,95.06999969482422,95.06999969482422,93.62000274658203,94.0,76.91207122802734,642100,0.0,0.0
2021-06-17,93.98999786376953,94.13999938964844,90.80999755859375,91.83999633789062,75.14472961425781,923300,0.0,0.0
2021-06-18,91.05000305175781,92.0,90.55000305175781,91.02999877929688,74.48200225830078,1126400,0.0,0.0
2021-06-21,91.26000213623047,92.76000213623047,90.80000305175781,92.16000366210938,75.40657043457031,677100,0.0,0.0
2021-06-22,92.11000061035156,93.18000030517578,91.05000305175781,92.87000274658203,75.98748779296875,595900,0.0,0.0
2021-06-23,92.98999786376953,93.3499984741211,92.51000213623047,92.70999908447266,75.85657501220703,671700,0.0,0.0
2021-06-24,92.94000244140625,93.77999877929688,92.87999725341797,93.18000030517578,76.24114990234375,568800,0.0,0.0
2021-06-25,93.33000183105469,93.69999694824219,92.80000305175781,93.54000091552734,76.53570556640625,688500,0.0,0.0
2021-06-28,94.0,94.56999969482422,93.37000274658203,93.61000061035156,76.59297943115234,815200,0.0,0.0
2021-06-29,93.97000122070312,94.62000274658203,93.52999877929688,94.0,76.91207122802734,906000,0.0,0.0
2021-06-30,94.20999908447266,94.5999984741211,93.66999816894531,94.5199966430664,77.3375473022461,826800,0.0,0.0
2021-07-01,94.9000015258789,95.77999877929688,94.8499984741211,95.33999633789062,78.00849151611328,568600,0.0,0.0
2021-07-02,95.6500015258789,96.83999633789062,95.52999877929688,96.6500015258789,79.08035278320312,686600,0.0,0.0
2021-07-06,96.45999908447266,96.69000244140625,94.56999969482422,95.62000274658203,78.23757934570312,498100,0.0,0.0
2021-07-07,95.75,97.11000061035156,95.52999877929688,96.93000030517578,79.3094482421875,498600,0.0,0.0
2021-07-08,96.19000244140625,97.2300033569336,95.38999938964844,96.88999938964844,79.27671813964844,591100,0.0,0.0
2021-07-09,97.62999725341797,98.25,97.22000122070312,97.9800033569336,80.16857147216797,431000,0.0,0.0
2021-07-12,97.58999633789062,98.26000213623047,97.22000122070312,98.1500015258789,80.30767059326172,341800,0.0,0.0
2021-07-13,98.16000366210938,98.31999969482422,97.27999877929688,97.56999969482422,79.83309936523438,480500,0.0,0.0
2021-07-14,97.6500015258789,98.41999816894531,97.30000305175781,97.79000091552734,80.01312255859375,624800,0.0,0.0
2021-07-15,97.7300033569336,97.8499984741211,94.51000213623047,94.80000305175781,77.5666732788086,1006200,0.0,0.0
2021-07-16,94.56999969482422,94.8499984741211,93.61000061035156,94.04000091552734,76.94480895996094,678100,0.0,0.0
2021-07-19,93.04000091552734,93.44999694824219,90.81999969482422,91.80000305175781,75.11203002929688,796800,0.0,0.0
2021-07-20,92.16000366210938,94.38999938964844,91.91000366210938,94.0,76.91207122802734,654000,0.0,0.0
2021-07-21,94.37000274658203,95.29000091552734,93.83999633789062,94.22000122070312,77.09209442138672,421900,0.0,0.0
2021-07-22,94.19999694824219,94.19999694824219,92.86000061035156,93.23999786376953,76.29023742675781,393900,0.0,0.0
2021-07-23,93.68000030517578,93.68000030517578,91.68000030517578,92.41000366210938,75.61112976074219,1105300,0.0,0.0
2021-07-26,98.0999984741211,104.88999938964844,96.87999725341797,103.72000122070312,84.86511993408203,3870500,0.0,0.0
2021-07-27,102.81999969482422,103.45999908447266,100.33999633789062,101.37000274658203,82.94232177734375,1496100,0.0,0.0
2021-07-28,101.4000015258789,102.69000244140625,99.75,99.87999725341797,81.72317504882812,1437600,0.0,0.0
2021-07-29,100.51000213623047,100.76000213623047,99.36000061035156,100.48999786376953,82.2222900390625,970400,0.0,0.0
2021-07-30,99.87000274658203,101.5,99.18000030517578,99.44000244140625,81.91747283935547,1622600,0.68,0.0
2021-08-02,100.06999969482422,101.5999984741211,99.47000122070312,99.6500015258789,82.09049224853516,637500,0.0,0.0
2021-08-03,100.05000305175781,100.87000274658203,98.66999816894531,100.37999725341797,82.69184112548828,899200,0.0,0.0
2021-08-04,100.33999633789062,101.01000213623047,99.1500015258789,99.55999755859375,82.01634979248047,553900,0.0,0.0
2021-08-05,99.61000061035156,99.7300033569336,98.41000366210938,99.06999969482422,81.61268615722656,507900,0.0,0.0
2021-08-06,99.22000122070312,99.94999694824219,97.68000030517578,97.98999786376953,80.7229995727539,573500,0.0,0.0
2021-08-09,98.27999877929688,98.95999908447266,97.91999816894531,98.19999694824219,80.89599609375,369700,0.0,0.0
2021-08-10,98.06999969482422,99.02999877929688,97.79000091552734,98.68000030517578,81.29141998291016,339300,0.0,0.0
2021-08-11,98.5199966430664,99.05999755859375,97.7300033569336,98.70999908447266,81.31611633300781,471000,0.0,0.0
2021-08-12,98.9800033569336,99.3499984741211,98.41000366210938,99.06999969482422,81.61268615722656,678500,0.0,0.0
2021-08-13,99.33000183105469,100.2699966430664,99.04000091552734,100.26000213623047,82.5929946899414,528200,0.0,0.0
2021-08-16,99.8499984741211,100.7699966430664,99.4800033569336,99.9800033569336,82.36233520507812,548100,0.0,0.0
2021-08-17,99.4000015258789,99.4000015258789,96.25,97.30999755859375,80.16281127929688,542100,0.0,0.0
2021-08-18,96.94999694824219,97.20999908447266,95.9000015258789,95.94999694824219,79.0424575805664,464200,0.0,0.0
2021-08-19,96.3499984741211,97.2699966430664,94.29000091552734,94.77999877929688,78.07865142822266,636000,0.0,0.0
2021-08-20,95.0999984741211,96.37999725341797,94.91000366210938,95.83999633789062,78.95185852050781,463100,0.0,0.0
2021-08-23,96.06999969482422,97.58000183105469,96.06999969482422,97.18000030517578,80.05574035644531,444700,0.0,0.0
2021-08-24,96.94000244140625,98.44999694824219,96.9000015258789,97.66000366210938,80.4511489868164,405200,0.0,0.0
2021-08-25,98.01000213623047,98.83999633789062,97.69000244140625,98.44000244140625,81.09368896484375,405700,0.0,0.0
2021-08-26,98.33999633789062,98.8499984741211,97.72000122070312,97.93000030517578,80.67356872558594,383000,0.0,0.0
2021-08-27,97.66000366210938,98.87000274658203,97.51000213623047,98.44999694824219,81.10193634033203,365900,0.0,0.0
2021-08-30,98.98999786376953,99.5199966430664,98.19000244140625,98.33000183105469,81.00308990478516,322900,0.0,0.0
2021-08-31,98.55999755859375,98.73999786376953,97.73999786376953,98.30999755859375,80.98662567138672,639900,0.0,0.0
2021-09-01,98.54000091552734,99.7699966430664,98.05999755859375,98.8499984741211,81.43146514892578,390100,0.0,0.0
2021-09-02,99.08000183105469,99.44000244140625,98.44000244140625,98.94000244140625,81.5055923461914,246000,0.0,0.0
2021-09-03,99.08999633789062,99.41000366210938,98.41000366210938,99.36000061035156,81.85160064697266,249300,0.0,0.0
2021-09-07,99.79000091552734,100.94999694824219,99.48999786376953,100.20999908447266,82.55181121826172,657400,0.0,0.0
2021-09-08,100.22000122070312,100.6500015258789,97.88999938964844,98.11000061035156,80.82185363769531,435300,0.0,0.0
2021-09-09,98.20999908447266,99.0,97.69999694824219,98.04000091552734,80.7641830444336,523600,0.0,0.0
2021-09-10,98.36000061035156,99.0199966430664,97.76000213623047,98.0199966430664,80.74769592285156,361300,0.0,0.0
2021-09-13,98.27999877929688,98.63999938964844,97.13999938964844,97.55999755859375,80.36876678466797,406800,0.0,0.0
2021-09-14,97.80999755859375,97.80999755859375,96.69999694824219,97.4800033569336,80.30286407470703,433600,0.0,0.0
2021-09-15,97.2300033569336,98.79000091552734,96.76000213623047,98.5999984741211,81.22550201416016,499400,0.0,0.0
2021-09-16,98.22000122070312,99.08999633789062,97.7699966430664,98.73999786376953,81.34083557128906,500100,0.0,0.0
2021-09-17,98.18000030517578,98.66999816894531,96.52999877929688,97.52999877929688,80.34404754638672,1381100,0.0,0.0
2021-09-20,96.69999694824219,97.27999877929688,94.8499984741211,95.5999984741211,78.7541275024414,830600,0.0,0.0
2021-09-21,96.19000244140625,97.52999877929688,92.83000183105469,92.86000061035156,76.49695587158203,785400,0.0,0.0
2021-09-22,92.86000061035156,94.48999786376953,91.43000030517578,94.30999755859375,77.69145965576172,859700,0.0,0.0
2021-09-23,94.93000030517578,96.0199966430664,94.58000183105469,94.6500015258789,77.9715576171875,476000,0.0,0.0
2021-09-24,94.27999877929688,95.37999725341797,93.93000030517578,94.43000030517578,77.79031372070312,417900,0.0,0.0
2021-09-27,94.2699966430664,95.5199966430664,93.9800033569336,94.06999969482422,77.49373626708984,411200,0.0,0.0
2021-09-28,93.9800033569336,94.29000091552734,91.7300033569336,92.5199966430664,76.21687316894531,696700,0.0,0.0
2021-09-29,92.87999725341797,93.23999786376953,92.12999725341797,92.23999786376953,75.9862060546875,423000,0.0,0.0
2021-09-30,92.6500015258789,92.66000366210938,88.81999969482422,89.22000122070312,73.49836730957031,1430100,0.0,0.0
2021-10-01,89.27999877929688,89.6500015258789,86.62999725341797,89.08999633789062,73.39127349853516,889600,0.0,0.0
2021-10-04,89.54000091552734,89.54000091552734,86.05000305175781,86.6500015258789,71.38124084472656,1008900,0.0,0.0
2021-10-05,86.9800033569336,87.72000122070312,86.08000183105469,87.12000274658203,71.76842498779297,970600,0.0,0.0
2021-10-06,86.56999969482422,88.0199966430664,86.30000305175781,87.91000366210938,72.41921997070312,597600,0.0,0.0
2021-10-07,88.91999816894531,90.25,88.5199966430664,89.30999755859375,73.57252502441406,766600,0.0,0.0
2021-10-08,89.70999908447266,90.76000213623047,89.70999908447266,90.0,74.14092254638672,695700,0.0,0.0
2021-10-11,88.0,89.62000274658203,87.80999755859375,88.54000091552734,72.93820190429688,883000,0.0,0.0
2021-10-12,88.87999725341797,89.44999694824219,87.0,88.05000305175781,72.53453826904297,647500,0.0,0.0
2021-10-13,87.5,88.72000122070312,86.9000015258789,88.25,72.69931030273438,783800,0.0,0.0
2021-10-14,89.16999816894531,92.02999877929688,88.94999694824219,91.3499984741211,75.25303649902344,1066800,0.0,0.0
2021-10-15,92.02999877929688,93.1500015258789,91.6500015258789,92.47000122070312,76.1756820678711,978500,0.0,0.0
2021-10-18,92.18000030517578,93.31999969482422,91.69999694824219,92.62000274658203,76.29924774169922,881900,0.0,0.0
2021-10-19,92.98999786376953,93.95999908447266,92.08000183105469,93.29000091552734,76.85118865966797,657900,0.0,0.0
2021-10-20,93.25,93.25,90.81999969482422,91.0199966430664,74.98119354248047,710500,0.0,0.0
2021-10-21,90.81999969482422,92.58999633789062,90.73999786376953,92.45999908447266,76.16743469238281,1061900,0.0,0.0
2021-10-22,93.62999725341797,93.87000274658203,88.76000213623047,89.5,73.72904205322266,1403500,0.0,0.0
2021-10-25,89.52999877929688,89.58999633789062,88.0199966430664,88.5,72.90523529052734,1532000,0.0,0.0
2021-10-26,91.5199966430664,94.12999725341797,90.66999816894531,91.36000061035156,75.26126861572266,2121600,0.0,0.0
2021-10-27,91.2300033569336,95.06999969482422,90.62000274658203,94.5999984741211,77.93035888671875,1436500,0.0,0.0
2021-10-28,94.94999694824219,96.66999816894531,94.0199966430664,96.58999633789062,79.56970977783203,1312600,0.0,0.0
2021-10-29,95.16000366210938,96.0999984741211,93.80000305175781,95.76000213623047,79.44523620605469,1376500,0.68,0.0
2021-11-01,95.87999725341797,96.05000305175781,94.58000183105469,94.94999694824219,78.77324676513672,808700,0.0,0.0
2021-11-02,95.19999694824219,95.26000213623047,92.06999969482422,93.44999694824219,77.52881622314453,955000,0.0,0.0
2021-11-03,93.37000274658203,94.76000213623047,92.69000244140625,93.55000305175781,77.61177062988281,773300,0.0,0.0
2021-11-04,93.86000061035156,95.04000091552734,93.41999816894531,94.81999969482422,78.66539001464844,629300,0.0,0.0
2021-11-05,95.12999725341797,96.19000244140625,95.0199966430664,96.0,79.64435577392578,676900,0.0,0.0
2021-11-08,96.0,97.44999694824219,95.0,97.19999694824219,80.63990783691406,599400,0.0,0.0
2021-11-09,97.20999908447266,97.9800033569336,96.80000305175781,97.63999938964844,81.00495910644531,503900,0.0,0.0
2021-11-10,97.58999633789062,99.9000015258789,97.0199966430664,97.6500015258789,81.01323699951172,566400,0.0,0.0
2021-11-11,97.58999633789062,98.76000213623047,96.83999633789062,98.22000122070312,81.48614501953125,490900,0.0,0.0
2021-11-12,98.6500015258789,98.6500015258789,97.37000274658203,98.19999694824219,81.46954345703125,667200,0.0,0.0
2021-11-15,98.75,99.79000091552734,98.33000183105469,99.08999633789062,82.20792388916016,613900,0.0,0.0
2021-11-16,99.08999633789062,100.61000061035156,99.08999633789062,99.41999816894531,82.48168182373047,662700,0.0,0.0
2021-11-17,99.01000213623047,101.04000091552734,99.01000213623047,100.70999908447266,83.55192565917969,658600,0.0,0.0
2021-11-18,100.87999725341797,101.04000091552734,98.88999938964844,99.83000183105469,82.82183837890625,539500,0.0,0.0
2021-11-19,100.0,100.5999984741211,99.30000305175781,100.4800033569336,83.36109924316406,635000,0.0,0.0
2021-11-22,100.54000091552734,101.19999694824219,99.80000305175781,100.43000030517578,83.31961059570312,578500,0.0,0.0
2021-11-23,100.37999725341797,100.91999816894531,98.5999984741211,99.5,82.54806518554688,604600,0.0,0.0
2021-11-24,98.9800033569336,99.58000183105469,98.1500015258789,99.41999816894531,82.48168182373047,393000,0.0,0.0
2021-11-26,98.25,99.58000183105469,97.7300033569336,98.75,81.92584228515625,606900,0.0,0.0
2021-11-29,99.2300033569336,99.95999908447266,97.87999725341797,99.12999725341797,82.24109649658203,511100,0.0,0.0
2021-11-30,98.33000183105469,98.7699966430664,96.37999725341797,96.91000366210938,80.39932250976562,1543900,0.0,0.0
2021-12-01,97.56999969482422,99.5199966430664,96.58999633789062,96.66000366210938,80.1919174194336,778600,0.0,0.0
2021-12-02,96.9000015258789,99.05000305175781,96.26000213623047,98.66999816894531,81.85945892333984,826800,0.0,0.0
2021-12-03,99.1500015258789,99.70999908447266,97.41000366210938,98.37000274658203,81.61058044433594,748700,0.0,0.0
2021-12-06,98.47000122070312,100.0999984741211,98.33000183105469,98.62000274658203,81.81800079345703,753800,0.0,0.0
2021-12-07,99.56999969482422,100.51000213623047,99.0199966430664,100.11000061035156,83.05413818359375,730400,0.0,0.0
2021-12-08,100.4000015258789,101.18000030517578,99.94000244140625,100.93000030517578,83.73443603515625,561100,0.0,0.0
2021-12-09,100.88999938964844,101.25,100.11000061035156,100.41000366210938,83.30303955078125,544500,0.0,0.0
2021-12-10,100.91000366210938,102.1500015258789,100.25,100.81999969482422,83.64317321777344,645100,0.0,0.0
2021-12-13,100.62000274658203,101.0,99.75,100.58000183105469,83.44406127929688,776900,0.0,0.0
2021-12-14,100.23999786376953,100.98999786376953,99.47000122070312,100.4000015258789,83.29470825195312,1043800,0.0,0.0
2021-12-15,100.33999633789062,101.66999816894531,99.51000213623047,101.4000015258789,84.12435150146484,811600,0.0,0.0
2021-12-16,101.88999938964844,102.79000091552734,101.12999725341797,101.23999786376953,83.99162292480469,844100,0.0,0.0
2021-12-17,100.4800033569336,100.72000122070312,98.69000244140625,98.8499984741211,82.0088119506836,1561200,0.0,0.0
2021-12-20,97.86000061035156,97.9800033569336,95.0999984741211,95.97000122070312,79.61946868896484,868900,0.0,0.0
2021-12-21,96.88999938964844,97.61000061035156,96.18000030517578,96.5199966430664,80.07577514648438,918400,0.0,0.0
2021-12-22,96.79000091552734,97.30999755859375,95.94000244140625,96.62000274658203,80.15873718261719,752600,0.0,0.0
2021-12-23,96.62000274658203,98.37000274658203,96.25,97.91999816894531,81.23725891113281,552300,0.0,0.0
2021-12-27,98.11000061035156,99.4000015258789,97.43000030517578,99.33000183105469,82.40702056884766,417800,0.0,0.0
2021-12-28,99.41999816894531,100.1500015258789,98.37999725341797,98.7300033569336,81.90923309326172,379400,0.0,0.0
2021-12-29,98.98999786376953,99.70999908447266,98.73999786376953,99.51000213623047,82.55636596679688,350900,0.0,0.0
2021-12-30,99.76000213623047,101.45999908447266,99.76000213623047,101.0199966430664,83.8091049194336,434500,0.0,0.0
2021-12-31,100.88999938964844,101.91999816894531,100.83999633789062,101.77999877929688,84.43960571289062,401700,0.0,0.0
2022-01-03,102.22000122070312,102.87000274658203,100.9000015258789,102.16999816894531,84.76317596435547,677200,0.0,0.0
2022-01-04,102.48999786376953,105.36000061035156,102.33000183105469,103.91999816894531,86.21501159667969,1533100,0.0,0.0
2022-01-05,104.30000305175781,105.7300033569336,103.1500015258789,103.31999969482422,85.71725463867188,947000,0.0,0.0
2022-01-06,103.31999969482422,103.80000305175781,102.30000305175781,103.1500015258789,85.57621002197266,570300,0.0,0.0
2022-01-07,103.1500015258789,103.62999725341797,102.05000305175781,102.77999877929688,85.26922607421875,595100,0.0,0.0
2022-01-10,101.77999877929688,102.33999633789062,100.33000183105469,101.4000015258789,84.12435150146484,1025900,0.0,0.0
2022-01-11,101.29000091552734,101.56999969482422,100.43000030517578,101.25,83.9999008178711,1044800,0.0,0.0
2022-01-12,101.95999908447266,102.77999877929688,101.05999755859375,102.70999908447266,85.21117401123047,880800,0.0,0.0
2022-01-13,102.69999694824219,103.05999755859375,101.80999755859375,102.0199966430664,84.63872528076172,1062900,0.0,0.0
2022-01-14,101.68000030517578,101.75,98.94000244140625,100.12000274658203,83.06242370605469,960600,0.0,0.0
2022-01-18,99.58000183105469,100.61000061035156,98.62999725341797,100.12999725341797,83.07071685791016,827400,0.0,0.0
2022-01-19,100.2300033569336,100.69999694824219,98.77999877929688,99.12999725341797,82.24109649658203,663400,0.0,0.0
2022-01-20,99.20999908447266,100.48999786376953,97.79000091552734,98.1500015258789,81.42805480957031,771300,0.0,0.0
2022-01-21,98.30999755859375,98.30999755859375,95.7300033569336,95.91999816894531,79.5779800415039,1268000,0.0,0.0
2022-01-24,94.66000366210938,97.5199966430664,93.61000061035156,97.41000366210938,80.81414031982422,1278300,0.0,0.0
2022-01-25,96.93000030517578,97.05000305175781,93.55999755859375,95.58000183105469,79.29591369628906,1037100,0.0,0.0
2022-01-26,94.0,96.23999786376953,88.55999755859375,89.79000091552734,74.49237060546875,2393000,0.0,0.0
2022-01-27,90.27999877929688,91.29000091552734,88.23999786376953,88.47000122070312,73.39725494384766,1320100,0.0,0.0
2022-01-28,87.87000274658203,90.02999877929688,85.97000122070312,89.97000122070312,74.64168548583984,1346100,0.0,0.0
2022-01-31,88.77999877929688,92.80000305175781,88.5,92.4800033569336,77.3083724975586,2808300,0.68,0.0
2022-02-01,92.75,94.72000122070312,92.37999725341797,94.52999877929688,79.02206420898438,1150600,0.0,0.0
2022-02-02,94.75,95.68000030517578,93.94000244140625,95.52999877929688,79.85800170898438,1183800,0.0,0.0
2022-02-03,94.80000305175781,96.4000015258789,93.43000030517578,93.77999877929688,78.39510345458984,939000,0.0,0.0
2022-02-04,93.58999633789062,94.61000061035156,92.55999755859375,93.91999816894531,78.51213073730469,1409700,0.0,0.0
2022-02-07,93.83999633789062,94.33999633789062,90.01000213623047,93.0,77.7430648803711,1707500,0.0,0.0
2022-02-08,92.16999816894531,92.5999984741211,89.95999908447266,92.29000091552734,77.1495361328125,2250300,0.0,0.0
2022-02-09,93.26000213623047,96.5,93.0,96.2300033569336,80.44319152832031,945100,0.0,0.0
2022-02-10,95.19999694824219,97.79000091552734,94.43000030517578,94.93000030517578,79.3564453125,1134100,0.0,0.0
2022-02-11,94.55000305175781,95.47000122070312,93.94999694824219,94.38999938964844,78.905029296875,1478300,0.0,0.0
2022-02-14,94.73999786376953,95.55999755859375,94.3499984741211,94.55999755859375,79.04713439941406,1209300,0.0,0.0
2022-02-15,95.79000091552734,96.95999908447266,95.30000305175781,96.44999694824219,80.6270751953125,1345700,0.0,0.0
2022-02-16,96.66999816894531,97.30000305175781,95.7699966430664,97.04000091552734,81.12027740478516,1125900,0.0,0.0
2022-02-17,102.6500015258789,105.12999725341797,98.2699966430664,99.08000183105469,82.82563781738281,3621500,0.0,0.0
2022-02-18,99.08000183105469,99.38999938964844,97.05000305175781,97.9800033569336,81.90608215332031,1194900,0.0,0.0
2022-02-22,97.3499984741211,97.87999725341797,94.0,94.20999908447266,78.75455474853516,1548600,0.0,0.0
2022-02-23,94.0,95.5999984741211,91.87000274658203,92.13999938964844,77.02413940429688,914600,0.0,0.0
2022-02-24,89.75,93.4000015258789,89.66000366210938,93.18000030517578,77.89352416992188,965600,0.0,0.0
2022-02-25,93.0,96.77999877929688,93.0,96.70999908447266,80.84442138671875,962000,0.0,0.0
2022-02-28,96.16999816894531,99.8499984741211,95.55000305175781,97.05000305175781,81.12865447998047,2032400,0.0,0.0
2022-03-01,96.55999755859375,97.45999908447266,94.06999969482422,94.81999969482422,79.26448059082031,716500,0.0,0.0
2022-03-02,94.88999938964844,97.30000305175781,94.83000183105469,96.7699966430664,80.89457702636719,621300,0.0,0.0
2022-03-03,97.55000305175781,97.55000305175781,93.75,94.19000244140625,78.73784637451172,669100,0.0,0.0
2022-03-04,93.69000244140625,93.98999786376953,91.30999755859375,92.44999694824219,77.28327178955078,1056900,0.0,0.0
2022-03-07,91.5,92.44999694824219,88.9800033569336,89.12999725341797,74.5079345703125,979500,0.0,0.0
2022-03-08,88.7699966430664,91.31999969482422,87.38999938964844,88.08999633789062,73.63855743408203,1209200,0.0,0.0
2022-03-09,90.0,90.98999786376953,89.70999908447266,89.93000030517578,75.17670440673828,1113500,0.0,0.0
2022-03-10,89.12000274658203,89.44000244140625,88.12999725341797,88.98999786376953,74.39091491699219,1067900,0.0,0.0
2022-03-11,89.16999816894531,89.26000213623047,86.37999725341797,86.47000122070312,72.28430938720703,747300,0.0,0.0
2022-03-14,87.05999755859375,88.94000244140625,86.30999755859375,86.83999633789062,72.59363555908203,1614000,0.0,0.0
2022-03-15,86.83000183105469,88.45999908447266,86.72000122070312,88.0199966430664,73.58003234863281,1277000,0.0,0.0
2022-03-16,88.80999755859375,90.52999877929688,87.83000183105469,89.94999694824219,75.19341278076172,1053900,0.0,0.0
2022-03-17,89.88999938964844,90.19999694824219,88.95999908447266,89.66999816894531,74.95935821533203,1009400,0.0,0.0
2022-03-18,89.45999908447266,89.83000183105469,88.36000061035156,89.33000183105469,74.6751480102539,2447800,0.0,0.0
2022-03-21,89.4000015258789,89.95999908447266,88.31999969482422,89.4000015258789,74.73365783691406,1291000,0.0,0.0
2022-03-22,89.58999633789062,90.52999877929688,88.97000122070312,89.16999816894531,74.54137420654297,1731600,0.0,0.0
2022-03-23,88.81999969482422,88.81999969482422,85.05000305175781,85.12000274658203,71.15579986572266,1024700,0.0,0.0
2022-03-24,85.55000305175781,86.02999877929688,84.38999938964844,85.5,71.47347259521484,1555100,0.0,0.0
2022-03-25,85.55000305175781,85.98999786376953,84.55000305175781,84.87999725341797,70.95516967773438,1022600,0.0,0.0
2022-03-28,84.93000030517578,84.93000030517578,83.19000244140625,83.83000183105469,70.07740783691406,1690600,0.0,0.0
2022-03-29,85.16000366210938,87.76000213623047,85.16000366210938,86.44000244140625,72.2592544555664,2681500,0.0,0.0
2022-03-30,85.9800033569336,86.55000305175781,83.97000122070312,84.5,70.63749694824219,1592700,0.0,0.0
2022-03-31,84.72000122070312,84.93000030517578,81.16000366210938,81.91999816894531,68.48075103759766,2896900,0.0,0.0
2022-04-01,82.33999633789062,84.45999908447266,81.83999633789062,84.44999694824219,70.59571075439453,1582200,0.0,0.0
2022-04-04,84.37000274658203,85.2300033569336,84.08999633789062,85.12000274658203,71.15579986572266,1259000,0.0,0.0
2022-04-05,84.5999984741211,85.63999938964844,84.36000061035156,85.05000305175781,71.09727478027344,1498800,0.0,0.0
2022-04-06,84.4000015258789,85.98999786376953,83.70999908447266,85.44000244140625,71.42330932617188,1072100,0.0,0.0
2022-04-07,85.44000244140625,85.56999969482422,83.27999877929688,84.68000030517578,70.78797912597656,1529300,0.0,0.0
2022-04-08,84.66999816894531,85.4000015258789,83.95999908447266,84.36000061035156,70.52049255371094,793100,0.0,0.0
2022-04-11,84.13999938964844,85.51000213623047,83.5,83.5999984741211,69.8851547241211,925000,0.0,0.0
2022-04-12,84.11000061035156,85.0999984741211,82.6500015258789,82.76000213623047,69.18296813964844,769900,0.0,0.0
2022-04-13,83.3499984741211,84.02999877929688,83.19999694824219,83.80000305175781,70.05233764648438,715800,0.0,0.0
2022-04-14,84.11000061035156,85.41000366210938,84.11000061035156,85.22000122070312,71.23939514160156,1668600,0.0,0.0
2022-04-18,85.08999633789062,85.25,83.05000305175781,83.52999877929688,69.82662963867188,1029600,0.0,0.0
2022-04-19,83.4800033569336,88.66999816894531,83.38999938964844,87.83999633789062,73.42957305908203,2246200,0.0,0.0
2022-04-20,88.4800033569336,88.98999786376953,87.13999938964844,88.69000244140625,74.1401138305664,1484400,0.0,0.0
2022-04-21,89.2699966430664,89.9000015258789,88.11000061035156,88.44999694824219,73.93949127197266,1366800,0.0,0.0
2022-04-22,88.48999786376953,89.04000091552734,87.27999877929688,87.93000030517578,73.50480651855469,1318100,0.0,0.0
2022-04-25,87.97000122070312,89.95999908447266,87.05999755859375,89.54000091552734,74.85069274902344,1219800,0.0,0.0
2022-04-26,88.72000122070312,89.5,87.97000122070312,88.26000213623047,73.78068542480469,1232800,0.0,0.0
2022-04-27,88.73999786376953,91.48999786376953,88.72000122070312,90.5999984741211,75.7367935180664,1938600,0.0,0.0
2022-04-28,91.11000061035156,92.5199966430664,88.37000274658203,90.45999908447266,75.61974334716797,1364900,0.0,0.0
2022-04-29,89.55999755859375,90.23999786376953,87.81999969482422,88.05999755859375,74.18757629394531,1510300,0.7,0.0
2022-05-02,87.87999725341797,89.7300033569336,87.52999877929688,89.66999816894531,75.54393005371094,1066500,0.0,0.0
2022-05-03,90.04000091552734,92.4800033569336,90.02999877929688,92.16999816894531,77.65009307861328,1162500,0.0,0.0
2022-05-04,92.2300033569336,94.22000122070312,91.38999938964844,94.1500015258789,79.31818389892578,1048500,0.0,0.0
2022-05-05,92.9800033569336,93.37000274658203,90.93000030517578,92.08000183105469,77.57427978515625,1062000,0.0,0.0
2022-05-06,91.62999725341797,92.68000030517578,90.55000305175781,91.91999816894531,77.43946838378906,1104600,0.0,0.0
2022-05-09,90.9000015258789,92.12999725341797,88.48999786376953,88.5,74.5582504272461,1366900,0.0,0.0
2022-05-10,89.68000030517578,89.88999938964844,87.20999908447266,88.62000274658203,74.65935516357422,1409800,0.0,0.0
2022-05-11,88.58999633789062,90.01000213623047,87.0,87.58999633789062,73.7916030883789,1301500,0.0,0.0
2022-05-12,87.05999755859375,89.56999969482422,87.05999755859375,89.51000213623047,75.40912628173828,974500,0.0,0.0
2022-05-13,90.3499984741211,92.37999725341797,90.04000091552734,92.0999984741211,77.59111785888672,897800,0.0,0.0
2022-05-16,91.7300033569336,92.30000305175781,90.93000030517578,91.19999694824219,76.8329086303711,711200,0.0,0.0
2022-05-17,91.44000244140625,92.55999755859375,90.91000366210938,92.55999755859375,77.97865295410156,739400,0.0,0.0
2022-05-18,91.81999969482422,92.18000030517578,90.41999816894531,90.7300033569336,76.43695068359375,843900,0.0,0.0
2022-05-19,89.94999694824219,90.86000061035156,86.5999984741211,86.76000213623047,73.09236907958984,1130300,0.0,0.0
2022-05-20,87.0999984741211,87.37999725341797,80.72000122070312,84.69999694824219,71.35688781738281,2960800,0.0,0.0
2022-05-23,85.0,85.41999816894531,83.4000015258789,84.95999908447266,71.575927734375,1318200,0.0,0.0
2022-05-24,84.27999877929688,84.5,81.5199966430664,81.61000061035156,68.753662109375,1134800,0.0,0.0
2022-05-25,81.30000305175781,83.8499984741211,81.0999984741211,83.56999969482422,70.40487670898438,879000,0.0,0.0
2022-05-26,84.04000091552734,86.51000213623047,84.04000091552734,85.98999786376953,72.44365692138672,902000,0.0,0.0
2022-05-27,86.37999725341797,87.31999969482422,86.19000244140625,87.08000183105469,73.36194610595703,905400,0.0,0.0
2022-05-31,87.05999755859375,90.33999633789062,85.83999633789062,89.75,75.611328125,1995700,0.0,0.0
2022-06-01,89.9000015258789,91.52999877929688,89.13999938964844,89.44999694824219,75.35859680175781,1203700,0.0,0.0
2022-06-02,90.08999633789062,90.33000183105469,88.87999725341797,89.87000274658203,75.7124252319336,812900,0.0,0.0
2022-06-03,89.4800033569336,89.7699966430664,87.94000244140625,88.79000091552734,74.80257415771484,577600,0.0,0.0
2022-06-06,89.30999755859375,89.55000305175781,88.18000030517578,88.56999969482422,74.61722564697266,472200,0.0,0.0
2022-06-07,87.76000213623047,88.97000122070312,87.0,88.81999969482422,74.82782745361328,726000,0.0,0.0
2022-06-08,88.58000183105469,89.26000213623047,87.87999725341797,88.33000183105469,74.41502380371094,626900,0.0,0.0
2022-06-09,88.2699966430664,89.12999725341797,87.27999877929688,87.29000091552734,73.53885650634766,657300,0.0,0.0
2022-06-10,86.11000061035156,86.22000122070312,84.9000015258789,84.91999816894531,71.5422134399414,688500,0.0,0.0
2022-06-13,83.26000213623047,83.8499984741211,80.75,81.2699966430664,68.46722412109375,997800,0.0,0.0
2022-06-14,81.16999816894531,81.36000061035156,80.16999816894531,80.75,68.02912139892578,1090400,0.0,0.0
2022-06-15,80.80999755859375,82.87999725341797,80.80999755859375,81.76000213623047,68.88002014160156,998800,0.0,0.0
2022-06-16,80.20999908447266,80.7699966430664,78.63999938964844,79.01000213623047,66.56326293945312,1125000,0.0,0.0
2022-06-17,78.98999786376953,80.86000061035156,78.31999969482422,80.11000061035156,67.4899673461914,1740600,0.0,0.0
2022-06-21,80.87999725341797,82.91000366210938,80.1500015258789,82.45999908447266,69.46974182128906,904300,0.0,0.0
2022-06-22,81.81999969482422,83.33999633789062,81.55999755859375,82.2699966430664,69.30968475341797,815500,0.0,0.0
2022-06-23,82.68000030517578,83.38999938964844,82.31999969482422,83.05999755859375,69.97523498535156,649700,0.0,0.0
2022-06-24,83.5999984741211,85.91999816894531,83.5999984741211,85.73999786376953,72.23304748535156,1208400,0.0,0.0
2022-06-27,86.0,86.41999816894531,84.80999755859375,85.6500015258789,72.15721893310547,607000,0.0,0.0
2022-06-28,86.05000305175781,86.5,84.11000061035156,84.19000244140625,70.92723083496094,429200,0.0,0.0
2022-06-29,84.0199966430664,84.37000274658203,83.30999755859375,83.88999938964844,70.67447662353516,489200,0.0,0.0
2022-06-30,83.0,83.05000305175781,81.41000366210938,81.87999725341797,68.98111724853516,872200,0.0,0.0
2022-07-01,81.5,81.55000305175781,79.7300033569336,81.3499984741211,68.53460693359375,1199300,0.0,0.0
2022-07-05,80.37000274658203,82.16999816894531,79.4000015258789,82.16999816894531,69.2254409790039,793100,0.0,0.0
2022-07-06,82.2699966430664,82.79000091552734,80.7699966430664,82.19999694824219,69.25071716308594,829100,0.0,0.0
2022-07-07,82.27999877929688,84.95999908447266,82.06999969482422,84.63999938964844,71.30633544921875,988200,0.0,0.0
2022-07-08,84.29000091552734,84.55999755859375,83.16000366210938,83.79000091552734,70.5902328491211,805800,0.0,0.0
2022-07-11,83.19999694824219,83.87000274658203,82.22000122070312,82.51000213623047,69.51187896728516,917200,0.0,0.0
2022-07-12,82.4800033569336,83.55999755859375,80.61000061035156,81.16000366210938,68.37454223632812,868000,0.0,0.0
2022-07-13,79.23999786376953,81.91999816894531,79.23999786376953,80.87000274658203,68.13024139404297,936400,0.0,0.0
2022-07-14,79.94999694824219,80.16999816894531,78.66999816894531,79.38999938964844,66.88337707519531,1117900,0.0,0.0
2022-07-15,79.8499984741211,80.08999633789062,77.79000091552734,79.20999908447266,66.73173522949219,1509000,0.0,0.0
2022-07-18,79.94999694824219,80.3499984741211,79.08999633789062,79.41999816894531,66.90865325927734,1579900,0.0,0.0
2022-07-19,79.30999755859375,81.80999755859375,77.11000061035156,79.9800033569336,67.38043975830078,2971500,0.0,0.0
2022-07-20,79.88999938964844,81.81999969482422,79.55999755859375,81.33000183105469,68.51776885986328,1841800,0.0,0.0
2022-07-21,81.5999984741211,85.08000183105469,80.4800033569336,84.80000305175781,71.44111633300781,1676500,0.0,0.0
2022-07-22,84.11000061035156,84.11000061035156,80.55999755859375,81.12999725341797,68.34928894042969,1261500,0.0,0.0
2022-07-25,81.22000122070312,81.27999877929688,78.13999938964844,78.66000366210938,66.26838684082031,1825200,0.0,0.0
2022-07-26,77.72000122070312,78.62999725341797,77.04000091552734,77.54000091552734,65.32482147216797,1719400,0.0,0.0
2022-07-27,77.36000061035156,78.69000244140625,76.94000244140625,78.6500015258789,66.25996398925781,1654100,0.0,0.0
2022-07-28,78.76000213623047,79.9800033569336,78.3499984741211,79.6500015258789,67.10242462158203,1136700,0.0,0.0
2022-07-29,79.0999984741211,79.41000366210938,78.30000305175781,78.72000122070312,66.90693664550781,2917900,0.7,0.0
2022-08-01,78.52999877929688,80.43000030517578,77.83000183105469,79.4800033569336,67.55289459228516,1277400,0.0,0.0
2022-08-02,79.37000274658203,79.47000122070312,78.52999877929688,78.55000305175781,66.76244354248047,744800,0.0,0.0
2022-08-03,78.69999694824219,79.3499984741211,77.75,79.05999755859375,67.19590759277344,1077200,0.0,0.0
2022-08-04,78.86000061035156,79.0999984741211,78.3499984741211,78.91000366210938,67.06843566894531,601000,0.0,0.0
2022-08-05,78.12999725341797,78.62999725341797,77.44000244140625,77.91000366210938,66.2184829711914,759900,0.0,0.0
2022-08-08,78.30999755859375,78.93000030517578,77.91999816894531,78.0999984741211,66.37998962402344,490400,0.0,0.0
2022-08-09,77.94999694824219,78.19999694824219,77.20999908447266,77.95999908447266,66.260986328125,739600,0.0,0.0
2022-08-10,78.8499984741211,79.1500015258789,78.08999633789062,78.44999694824219,66.67744445800781,591900,0.0,0.0
2022-08-11,79.30999755859375,79.95999908447266,78.4800033569336,78.63999938964844,66.83895874023438,790800,0.0,0.0
2022-08-12,79.20999908447266,80.62999725341797,78.69999694824219,80.58000183105469,68.4878158569336,605700,0.0,0.0
2022-08-15,80.31999969482422,80.88999938964844,79.87000274658203,80.62000274658203,68.52182006835938,670800,0.0,0.0
2022-08-16,80.41000366210938,82.45999908447266,80.0999984741211,82.41999816894531,70.05168914794922,733600,0.0,0.0
2022-08-17,81.91000366210938,82.18000030517578,80.61000061035156,81.25,69.0572738647461,732800,0.0,0.0
2022-08-18,81.48999786376953,83.5999984741211,80.68000030517578,82.5999984741211,70.2046890258789,934300,0.0,0.0
2022-08-19,82.5199966430664,84.19000244140625,81.87999725341797,84.0,71.39460754394531,1274300,0.0,0.0
2022-08-22,83.0,83.16999816894531,81.56999969482422,81.68000030517578,69.42274475097656,1207200,0.0,0.0
2022-08-23,82.0,82.70999908447266,81.55999755859375,82.33000183105469,69.97521209716797,822700,0.0,0.0
2022-08-24,82.5,83.38999938964844,82.13999938964844,83.08000183105469,70.61266326904297,670700,0.0,0.0
2022-08-25,83.31999969482422,84.12999725341797,82.72000122070312,83.36000061035156,70.85063934326172,522900,0.0,0.0
2022-08-26,83.62999725341797,83.75,80.44000244140625,80.44000244140625,68.36882781982422,496400,0.0,0.0
2022-08-29,79.76000213623047,80.48999786376953,79.02999877929688,79.87999725341797,67.89286041259766,622000,0.0,0.0
2022-08-30,80.31999969482422,80.43000030517578,78.77999877929688,78.93000030517578,67.08541870117188,548200,0.0,0.0
2022-08-31,79.62999725341797,79.63999938964844,78.5999984741211,78.81999969482422,66.9919204711914,1238600,0.0,0.0
2022-09-01,78.37000274658203,79.44000244140625,78.01000213623047,79.23999786376953,67.34890747070312,816500,0.0,0.0
2022-09-02,80.05999755859375,80.9000015258789,78.30000305175781,78.70999908447266,66.8984375,562300,0.0,0.0
2022-09-06,78.0199966430664,78.55000305175781,76.44000244140625,77.62999725341797,65.98050689697266,1153000,0.0,0.0
2022-09-07,77.55999755859375,79.36000061035156,77.22000122070312,79.2699966430664,67.37440490722656,1146000,0.0,0.0
2022-09-08,78.9800033569336,79.91000366210938,78.0999984741211,79.7699966430664,67.79936218261719,788300,0.0,0.0
2022-09-09,80.62000274658203,81.95999908447266,80.45999908447266,81.44999694824219,69.22727966308594,706400,0.0,0.0
2022-09-12,82.0,83.25,81.94000244140625,82.47000122070312,70.0942153930664,932900,0.0,0.0
2022-09-13,80.86000061035156,81.37999725341797,79.69999694824219,79.88999938964844,67.90135955810547,785700,0.0,0.0
2022-09-14,79.87999725341797,80.73999786376953,79.20999908447266,80.56999969482422,68.47930908203125,1184200,0.0,0.0
2022-09-15,80.83000183105469,81.04000091552734,77.86000061035156,77.98999786376953,66.2864761352539,1232200,0.0,0.0
2022-09-16,77.91000366210938,77.91000366210938,75.3499984741211,75.80000305175781,64.42513275146484,1780800,0.0,0.0
2022-09-19,74.7300033569336,77.70999908447266,74.62999725341797,77.43000030517578,65.8105239868164,803500,0.0,0.0
2022-09-20,76.5999984741211,76.72000122070312,74.88999938964844,75.0,63.745174407958984,1003700,0.0,0.0
2022-09-21,75.05000305175781,77.4000015258789,75.05000305175781,75.16000366210938,63.88117218017578,822400,0.0,0.0
2022-09-22,74.94000244140625,75.41999816894531,72.68000030517578,73.04000091552734,62.07929229736328,764600,0.0,0.0
2022-09-23,72.4800033569336,72.4800033569336,70.22000122070312,70.98999786376953,60.336936950683594,1031900,0.0,0.0
2022-09-26,70.80000305175781,72.22000122070312,70.68000030517578,71.12000274658203,60.44743728637695,961400,0.0,0.0
2022-09-27,71.18000030517578,71.73999786376953,68.95999908447266,69.44000244140625,59.01953125,884700,0.0,0.0
2022-09-28,69.70999908447266,69.88999938964844,68.52999877929688,69.37999725341797,58.968544006347656,979100,0.0,0.0
2022-09-29,68.86000061035156,68.9800033569336,66.91999816894531,67.88999938964844,57.70212173461914,957800,0.0,0.0
2022-09-30,67.73999786376953,68.83000183105469,67.2699966430664,67.41999816894531,57.30265426635742,1066800,0.0,0.0
2022-10-03,67.81999969482422,69.62999725341797,66.69999694824219,68.9800033569336,58.628578186035156,1669800,0.0,0.0
2022-10-04,70.45999908447266,73.27999877929688,66.66999816894531,70.4800033569336,59.90346908569336,4847900,0.0,0.0
2022-10-05,69.01000213623047,69.25,68.0999984741211,68.29000091552734,58.042118072509766,1859200,0.0,0.0
2022-10-06,68.12999725341797,69.81999969482422,67.98999786376953,68.55000305175781,58.26308822631836,1575800,0.0,0.0
2022-10-07,67.87999725341797,69.4000015258789,67.26000213623047,68.97000122070312,58.62005615234375,1971400,0.0,0.0
2022-10-10,69.33999633789062,69.5199966430664,66.54000091552734,67.38999938964844,57.277164459228516,1113300,0.0,0.0
2022-10-11,67.30999755859375,68.80999755859375,66.91000366210938,67.76000213623047,57.591644287109375,1221400,0.0,0.0
2022-10-12,67.69000244140625,68.22000122070312,67.22000122070312,67.72000122070312,57.55764389038086,925500,0.0,0.0
2022-10-13,66.43000030517578,69.16999816894531,65.83000183105469,68.08999633789062,57.872127532958984,1369200,0.0,0.0
2022-10-14,69.12999725341797,69.26000213623047,66.4000015258789,66.5999984741211,56.60572052001953,2163600,0.0,0.0
2022-10-17,67.83999633789062,68.25,67.19000244140625,67.70999908447266,57.549137115478516,2210000,0.0,0.0
2022-10-18,68.23999786376953,68.79000091552734,65.44000244140625,65.76000213623047,55.89176940917969,3023900,0.0,0.0
2022-10-19,65.83999633789062,66.94000244140625,64.37000274658203,64.83999633789062,55.10982894897461,2590600,0.0,0.0
2022-10-20,64.87999725341797,65.91999816894531,63.599998474121094,64.11000061035156,54.489376068115234,1727000,0.0,0.0
2022-10-21,63.849998474121094,65.62999725341797,63.4900016784668,65.48999786376953,55.662288665771484,1627000,0.0,0.0
2022-10-24,65.52999877929688,66.87999725341797,65.4000015258789,65.61000061035156,55.76427459716797,1343600,0.0,0.0
2022-10-25,65.73999786376953,67.05999755859375,65.62999725341797,66.97000122070312,56.920188903808594,976800,0.0,0.0
2022-10-26,66.94000244140625,67.69000244140625,65.52999877929688,66.06999969482422,56.15525436401367,1244100,0.0,0.0
2022-10-27,66.36000061035156,67.36000061035156,65.0199966430664,65.11000061035156,55.33930969238281,1240900,0.0,0.0
2022-10-28,65.08000183105469,66.11000061035156,64.80000305175781,65.7300033569336,55.86627960205078,1875700,0.0,0.0
2022-10-31,64.97000122070312,65.69999694824219,64.63999938964844,65.25,56.055274963378906,1256900,0.7,0.0
2022-11-01,66.18000030517578,66.5199966430664,64.73999786376953,65.05000305175781,55.883460998535156,850700,0.0,0.0
2022-11-02,65.12999725341797,65.26000213623047,62.619998931884766,62.630001068115234,53.80447006225586,1175700,0.0,0.0
2022-11-03,62.060001373291016,62.439998626708984,59.869998931884766,61.209999084472656,52.58456802368164,1665300,0.0,0.0
2022-11-04,61.93000030517578,63.619998931884766,61.209999084472656,62.189998626708984,53.42646789550781,1540000,0.0,0.0
2022-11-07,62.66999816894531,63.0,61.90999984741211,62.41999816894531,53.62406539916992,1408800,0.0,0.0
2022-11-08,62.560001373291016,63.150001525878906,60.90999984741211,61.38999938964844,52.73920440673828,1382800,0.0,0.0
2022-11-09,60.93000030517578,61.09000015258789,57.58000183105469,57.959999084472656,49.79254913330078,1631800,0.0,0.0
2022-11-10,59.65999984741211,60.40999984741211,59.470001220703125,60.38999938964844,51.88011932373047,2082000,0.0,0.0
2022-11-11,60.7400016784668,63.540000915527344,60.52000045776367,63.40999984741211,54.47454833984375,1359700,0.0,0.0
2022-11-14,58.11000061035156,59.52000045776367,57.13999938964844,57.15999984741211,49.10527801513672,4553200,0.0,0.0
2022-11-15,57.9900016784668,58.9900016784668,57.959999084472656,58.709999084472656,50.436859130859375,2102200,0.0,0.0
2022-11-16,58.150001525878906,58.209999084472656,55.150001525878906,55.970001220703125,48.08296585083008,2424400,0.0,0.0
2022-11-17,55.720001220703125,58.439998626708984,55.56999969482422,58.41999816894531,50.187721252441406,1825200,0.0,0.0
2022-11-18,59.20000076293945,60.59000015258789,59.20000076293945,59.52000045776367,51.132720947265625,1912400,0.0,0.0
2022-11-21,59.38999938964844,59.869998931884766,58.68000030517578,59.150001525878906,50.81486129760742,1263900,0.0,0.0
2022-11-22,59.529998779296875,61.31999969482422,59.38999938964844,61.2599983215332,52.62752914428711,1282000,0.0,0.0
2022-11-23,61.29999923706055,62.91999816894531,61.279998779296875,62.15999984741211,53.400699615478516,1047100,0.0,0.0
2022-11-25,62.16999816894531,62.720001220703125,62.08000183105469,62.099998474121094,53.34915542602539,509900,0.0,0.0
2022-11-28,61.150001525878906,62.18000030517578,61.060001373291016,61.77000045776367,53.0656623840332,991000,0.0,0.0
2022-11-29,61.810001373291016,63.11000061035156,61.5099983215332,62.16999816894531,53.40928268432617,1073600,0.0,0.0
2022-11-30,62.029998779296875,63.040000915527344,60.33000183105469,62.81999969482422,53.96769332885742,2876300,0.0,0.0
2022-12-01,63.11000061035156,64.36000061035156,62.849998474121094,63.2599983215332,54.34568786621094,2520000,0.0,0.0
2022-12-02,63.0099983215332,63.709999084472656,62.650001525878906,63.310001373291016,54.38865280151367,1245300,0.0,0.0
2022-12-05,63.09000015258789,63.689998626708984,62.56999969482422,63.2400016784668,54.32851028442383,1413500,0.0,0.0
2022-12-06,63.470001220703125,63.59000015258789,59.599998474121094,60.56999969482422,52.03475570678711,2034300,0.0,0.0
2022-12-07,60.7400016784668,61.7599983215332,59.97999954223633,60.040000915527344,51.579437255859375,1273900,0.0,0.0
2022-12-08,61.0,61.63999938964844,59.880001068115234,60.04999923706055,51.58803176879883,1799800,0.0,0.0
2022-12-09,60.029998779296875,60.439998626708984,59.459999084472656,59.4900016784668,51.10695266723633,1400900,0.0,0.0
2022-12-12,59.560001373291016,60.04999923706055,59.099998474121094,60.0,51.545082092285156,1649500,0.0,0.0
2022-12-13,61.88999938964844,62.7599983215332,60.220001220703125,60.66999816894531,52.120662689208984,1941500,0.0,0.0
2022-12-14,60.5099983215332,61.029998779296875,59.310001373291016,59.959999084472656,51.51070785522461,1794300,0.0,0.0
2022-12-15,59.189998626708984,59.54999923706055,58.54999923706055,59.220001220703125,50.87499237060547,1833700,0.0,0.0
2022-12-16,58.97999954223633,59.22999954223633,57.220001220703125,57.86000061035156,49.70663070678711,3318000,0.0,0.0
2022-12-19,57.720001220703125,57.90999984741211,55.65999984741211,55.90999984741211,48.03142166137695,2430500,0.0,0.0
2022-12-20,55.61000061035156,55.7400016784668,54.650001525878906,54.790000915527344,47.069244384765625,2735000,0.0,0.0
2022-12-21,55.16999816894531,58.0,55.16999816894531,57.70000076293945,49.56917953491211,2654900,0.0,0.0
2022-12-22,57.22999954223633,57.77000045776367,55.84000015258789,57.70000076293945,49.56917953491211,1944900,0.0,0.0
2022-12-23,57.880001068115234,58.2599983215332,57.45000076293945,58.209999084472656,50.00732421875,1146300,0.0,0.0
2022-12-27,58.27000045776367,59.040000915527344,57.66999816894531,58.83000183105469,50.53994369506836,917800,0.0,0.0
2022-12-28,58.970001220703125,59.459999084472656,58.0,58.220001220703125,50.01591110229492,1068200,0.0,0.0
2022-12-29,58.77000045776367,61.119998931884766,58.630001068115234,60.9900016784668,52.39556884765625,1603800,0.0,0.0
2022-12-30,60.279998779296875,61.119998931884766,60.15999984741211,61.0099983215332,52.41275405883789,1274000,0.0,0.0
2023-01-03,61.58000183105469,62.04999923706055,61.220001220703125,61.95000076293945,53.22029113769531,1681500,0.0,0.0
2023-01-04,62.04999923706055,62.810001373291016,61.59000015258789,62.11000061035156,53.35774612426758,1734800,0.0,0.0
2023-01-05,61.900001525878906,63.41999816894531,61.61000061035156,63.29999923706055,54.38005828857422,1666200,0.0,0.0
2023-01-06,63.59000015258789,65.30999755859375,63.459999084472656,64.86000061035156,55.7202262878418,1397200,0.0,0.0
2023-01-09,64.88999938964844,64.94000244140625,63.56999969482422,63.70000076293945,54.723697662353516,1193800,0.0,0.0
2023-01-10,63.63999938964844,64.55999755859375,63.5,64.4800033569336,55.39378356933594,1320300,0.0,0.0
2023-01-11,65.02999877929688,66.22000122070312,65.0,65.93000030517578,56.63945388793945,1770700,0.0,0.0
2023-01-12,66.25,66.25,64.86000061035156,65.87999725341797,56.59649658203125,1039800,0.0,0.0
2023-01-13,65.11000061035156,66.16999816894531,64.9000015258789,66.0199966430664,56.71675491333008,914300,0.0,0.0
2023-01-17,65.68000030517578,65.9000015258789,64.87999725341797,65.41999816894531,56.20131301879883,1378700,0.0,0.0
2023-01-18,65.5,65.62999725341797,64.0,64.16999816894531,55.12746047973633,1271400,0.0,0.0
2023-01-19,63.70000076293945,63.91999816894531,61.040000915527344,61.540000915527344,52.86806869506836,1516100,0.0,0.0
2023-01-20,61.599998474121094,63.41999816894531,61.56999969482422,63.31999969482422,54.39724349975586,1322600,0.0,0.0
2023-01-23,63.79999923706055,65.08999633789062,63.310001373291016,65.01000213623047,55.849098205566406,1538700,0.0,0.0
2023-01-24,64.87000274658203,65.38999938964844,63.650001525878906,63.81999969482422,54.8267822265625,978900,0.0,0.0
2023-01-25,63.5,64.12000274658203,62.63999938964844,64.0999984741211,55.06733322143555,950400,0.0,0.0
2023-01-26,64.91999816894531,65.20999908447266,63.439998626708984,63.779998779296875,54.79241943359375,1138000,0.0,0.0
2023-01-27,59.84000015258789,61.689998626708984,58.40999984741211,58.61000061035156,50.350955963134766,7005800,0.0,0.0
2023-01-30,58.36000061035156,59.540000915527344,58.130001068115234,58.939998626708984,50.63444137573242,3556000,0.0,0.0
2023-01-31,58.540000915527344,59.58000183105469,57.95000076293945,59.16999816894531,51.4429931640625,8146900,0.7,0.0
2023-02-01,58.58000183105469,60.470001220703125,58.099998474121094,60.2400016784668,52.373268127441406,2397600,0.0,0.0
2023-02-02,60.83000183105469,63.9900016784668,60.09000015258789,63.25,54.99019241333008,2553300,0.0,0.0
2023-02-03,61.869998931884766,63.150001525878906,61.68000030517578,61.72999954223633,53.66868591308594,1185900,0.0,0.0
2023-02-06,60.779998779296875,60.97999954223633,59.61000061035156,60.529998779296875,52.62539291381836,1462900,0.0,0.0
2023-02-07,60.290000915527344,60.349998474121094,58.689998626708984,60.16999816894531,52.312408447265625,1102900,0.0,0.0
2023-02-08,59.779998779296875,60.220001220703125,59.15999984741211,59.369998931884766,51.61687088012695,1489300,0.0,0.0
2023-02-09,59.189998626708984,59.189998626708984,56.77000045776367,56.83000183105469,49.40857696533203,2514700,0.0,0.0
2023-02-10,56.65999984741211,57.84000015258789,56.54999923706055,57.380001068115234,49.886756896972656,1279000,0.0,0.0
2023-02-13,57.599998474121094,58.72999954223633,57.29999923706055,58.709999084472656,51.043067932128906,1395600,0.0,0.0
2023-02-14,58.209999084472656,58.56999969482422,56.95000076293945,58.11000061035156,50.52143096923828,1330500,0.0,0.0
2023-02-15,57.5099983215332,58.41999816894531,56.86000061035156,58.380001068115234,50.756168365478516,2137100,0.0,0.0
2023-02-16,59.70000076293945,61.34000015258789,58.349998474121094,58.459999084472656,50.825714111328125,2680700,0.0,0.0
2023-02-17,58.380001068115234,59.43000030517578,58.16999816894531,59.36000061035156,51.608184814453125,2593400,0.0,0.0
2023-02-21,58.900001525878906,59.0099983215332,56.310001373291016,56.38999938964844,49.026039123535156,2739900,0.0,0.0
2023-02-22,56.4900016784668,57.650001525878906,56.38999938964844,57.599998474121094,50.07802200317383,2440100,0.0,0.0
2023-02-23,57.63999938964844,57.97999954223633,56.0099983215332,57.06999969482422,49.61723327636719,1457700,0.0,0.0
2023-02-24,56.08000183105469,56.56999969482422,54.97999954223633,56.43000030517578,49.060821533203125,1743500,0.0,0.0
2023-02-27,56.7599983215332,57.040000915527344,55.11000061035156,55.290000915527344,48.06968307495117,1606500,0.0,0.0
2023-02-28,55.34000015258789,55.939998626708984,54.7599983215332,55.0099983215332,47.82624816894531,2133900,0.0,0.0
2023-03-01,54.869998931884766,55.22999954223633,54.279998779296875,54.47999954223633,47.36546325683594,1584400,0.0,0.0
2023-03-02,54.099998474121094,55.099998474121094,53.81999969482422,55.06999969482422,47.87841033935547,1004900,0.0,0.0
2023-03-03,55.58000183105469,55.72999954223633,55.02000045776367,55.619998931884766,48.35659408569336,1015300,0.0,0.0
2023-03-06,55.91999816894531,56.0,54.06999969482422,54.18000030517578,47.104644775390625,1136200,0.0,0.0
2023-03-07,54.2599983215332,54.31999969482422,51.84000015258789,51.9900016784668,45.20063018798828,2071200,0.0,0.0
2023-03-08,52.0,52.86000061035156,51.709999084472656,52.75,45.861385345458984,2085900,0.0,0.0
2023-03-09,52.65999984741211,53.34000015258789,51.150001525878906,51.209999084472656,44.522491455078125,2294000,0.0,0.0
2023-03-10,51.40999984741211,51.439998626708984,48.68000030517578,49.209999084472656,42.7836799621582,2385700,0.0,0.0
2023-03-13,48.5,48.849998474121094,47.08000183105469,47.630001068115234,41.410003662109375,3552100,0.0,0.0
2023-03-14,48.27000045776367,48.779998779296875,46.790000915527344,47.150001525878906,40.992698669433594,2616200,0.0,0.0
2023-03-15,46.45000076293945,47.41999816894531,45.75,47.34000015258789,41.15787887573242,3122500,0.0,0.0
2023-03-16,46.599998474121094,48.06999969482422,46.02000045776367,48.02000045776367,41.74906921386719,3032200,0.0,0.0
2023-03-17,47.630001068115234,48.060001373291016,46.65999984741211,48.0,41.73168182373047,6806600,0.0,0.0
2023-03-20,48.529998779296875,49.41999816894531,48.22999954223633,48.380001068115234,42.06206130981445,1941100,0.0,0.0
2023-03-21,49.040000915527344,50.060001373291016,49.040000915527344,49.72999954223633,43.23576736450195,1421900,0.0,0.0
2023-03-22,50.0099983215332,50.5,48.91999816894531,48.93000030517578,42.54024124145508,1473300,0.0,0.0
2023-03-23,49.209999084472656,49.459999084472656,48.040000915527344,48.63999938964844,42.28810501098633,1542500,0.0,0.0
2023-03-24,48.400001525878906,49.29999923706055,48.310001373291016,49.040000915527344,42.6358757019043,1363200,0.0,0.0
2023-03-27,49.540000915527344,50.380001068115234,49.189998626708984,50.16999816894531,43.61830520629883,1767500,0.0,0.0
2023-03-28,50.13999938964844,50.630001068115234,49.81999969482422,50.47999954223633,43.8878288269043,1002300,0.0,0.0
2023-03-29,51.15999984741211,52.150001525878906,50.81999969482422,52.0,45.20933151245117,1798300,0.0,0.0
2023-03-30,52.619998931884766,53.470001220703125,52.220001220703125,52.36000061035156,45.52231216430664,2123200,0.0,0.0
2023-03-31,52.970001220703125,53.77000045776367,52.470001220703125,53.689998626708984,46.678627014160156,2110800,0.0,0.0
2023-04-03,53.599998474121094,53.959999084472656,52.529998779296875,52.88999938964844,45.98310089111328,1500700,0.0,0.0
2023-04-04,53.2599983215332,53.369998931884766,52.220001220703125,52.369998931884766,45.531009674072266,1400100,0.0,0.0
2023-04-05,52.0,52.540000915527344,51.56999969482422,51.939998626708984,45.157161712646484,1472100,0.0,0.0
2023-04-06,51.7599983215332,52.22999954223633,51.54999923706055,51.93000030517578,45.14846420288086,932100,0.0,0.0
2023-04-10,51.66999816894531,52.52000045776367,51.599998474121094,52.209999084472656,45.391902923583984,1007700,0.0,0.0
2023-04-11,52.470001220703125,53.06999969482422,52.349998474121094,52.40999984741211,45.56578826904297,1188000,0.0,0.0
2023-04-12,52.95000076293945,53.08000183105469,51.099998474121094,51.29999923706055,44.60074234008789,1634900,0.0,0.0
2023-04-13,51.63999938964844,52.88999938964844,51.599998474121094,52.63999938964844,45.7657470703125,2278500,0.0,0.0
2023-04-14,53.0,53.099998474121094,52.2599983215332,52.400001525878906,45.55710220336914,1879400,0.0,0.0
2023-04-17,52.529998779296875,53.189998626708984,52.349998474121094,53.06999969482422,46.13959884643555,1668200,0.0,0.0
2023-04-18,53.18000030517578,53.25,52.470001220703125,52.77000045776367,45.878780364990234,1660600,0.0,0.0
2023-04-19,52.5,52.56999969482422,52.02000045776367,52.5,45.64403533935547,1615300,0.0,0.0
2023-04-20,52.099998474121094,52.38999938964844,50.97999954223633,51.290000915527344,44.5920524597168,1762000,0.0,0.0
2023-04-21,51.290000915527344,51.81999969482422,51.119998931884766,51.689998626708984,44.9398078918457,1280200,0.0,0.0
2023-04-24,51.720001220703125,51.880001068115234,51.040000915527344,51.72999954223633,44.97459411621094,1757800,0.0,0.0
2023-04-25,51.5,51.66999816894531,50.77000045776367,51.040000915527344,44.37469482421875,1811100,0.0,0.0
2023-04-26,50.93000030517578,51.459999084472656,50.88999938964844,51.40999984741211,44.696372985839844,2663800,0.0,0.0
2023-04-27,55.0,59.060001373291016,54.86000061035156,58.93000030517578,51.23432922363281,5627100,0.0,0.0
2023-04-28,59.400001525878906,61.349998474121094,58.90999984741211,59.220001220703125,52.105403900146484,3469800,0.7,0.0
2023-05-01,58.84000015258789,58.9900016784668,57.9900016784668,58.63999938964844,51.5950813293457,2165800,0.0,0.0
2023-05-02,58.599998474121094,58.93000030517578,57.93000030517578,58.54999923706055,51.515892028808594,1742400,0.0,0.0
2023-05-03,58.47999954223633,60.470001220703125,58.29999923706055,59.72999954223633,52.55413818359375,1983600,0.0,0.0
2023-05-04,59.63999938964844,60.150001525878906,58.540000915527344,59.90999984741211,52.71250915527344,2134800,0.0,0.0
2023-05-05,60.47999954223633,60.79999923706055,59.68000030517578,60.380001068115234,53.126041412353516,1823800,0.0,0.0
2023-05-08,60.380001068115234,60.4900016784668,59.0,59.470001220703125,52.32536697387695,1820800,0.0,0.0
2023-05-09,59.02000045776367,59.790000915527344,58.970001220703125,59.650001525878906,52.483741760253906,1174800,0.0,0.0
2023-05-10,60.470001220703125,60.5099983215332,59.43000030517578,59.97999954223633,52.77409744262695,1262500,0.0,0.0
2023-05-11,59.7599983215332,60.209999084472656,59.4900016784668,60.02000045776367,52.80929183959961,1386700,0.0,0.0
2023-05-12,60.25,61.290000915527344,60.0,61.189998626708984,53.83872604370117,1590500,0.0,0.0
2023-05-15,61.2400016784668,62.65999984741211,61.22999954223633,62.36000061035156,54.86817169189453,1988200,0.0,0.0
2023-05-16,61.84000015258789,62.029998779296875,60.81999969482422,61.81999969482422,54.39303970336914,1372100,0.0,0.0
2023-05-17,62.09000015258789,62.209999084472656,61.189998626708984,61.9900016784668,54.54262161254883,1646900,0.0,0.0
2023-05-18,61.880001068115234,62.119998931884766,61.18000030517578,62.0,54.55141830444336,982200,0.0,0.0
2023-05-19,62.04999923706055,62.709999084472656,59.97999954223633,60.31999969482422,53.073246002197266,1962700,0.0,0.0
2023-05-22,60.459999084472656,60.619998931884766,59.81999969482422,60.40999984741211,53.152435302734375,1150300,0.0,0.0
2023-05-23,60.130001068115234,61.31999969482422,59.880001068115234,60.790000915527344,53.48678970336914,1232900,0.0,0.0
2023-05-24,60.88999938964844,60.93000030517578,59.959999084472656,60.52000045776367,53.24922180175781,1151000,0.0,0.0
2023-05-25,60.650001525878906,60.650001525878906,59.36000061035156,59.720001220703125,52.54533386230469,1316100,0.0,0.0
2023-05-26,59.650001525878906,61.119998931884766,59.36000061035156,60.06999969482422,52.85329055786133,1271200,0.0,0.0
2023-05-30,60.599998474121094,60.720001220703125,59.79999923706055,60.439998626708984,53.17884063720703,1145500,0.0,0.0
2023-05-31,60.02000045776367,60.18000030517578,58.880001068115234,59.349998474121094,52.219783782958984,2988700,0.0,0.0
2023-06-01,58.459999084472656,60.189998626708984,58.459999084472656,60.02000045776367,52.80929183959961,1695200,0.0,0.0
2023-06-02,60.70000076293945,60.779998779296875,59.900001525878906,60.02000045776367,52.80929183959961,1635100,0.0,0.0
2023-06-05,60.18000030517578,60.349998474121094,59.689998626708984,59.88999938964844,52.69490432739258,1328800,0.0,0.0
2023-06-06,60.31999969482422,60.5099983215332,59.689998626708984,59.939998626708984,52.738895416259766,1192500,0.0,0.0
2023-06-07,60.310001373291016,61.470001220703125,60.04999923706055,61.13999938964844,53.794734954833984,1193000,0.0,0.0
2023-06-08,61.0099983215332,61.529998779296875,60.38999938964844,61.09000015258789,53.7507438659668,859500,0.0,0.0
2023-06-09,61.2400016784668,61.619998931884766,60.209999084472656,60.290000915527344,53.0468635559082,884000,0.0,0.0
2023-06-12,60.439998626708984,61.869998931884766,60.290000915527344,61.779998779296875,54.357852935791016,1066500,0.0,0.0
2023-06-13,61.779998779296875,62.900001525878906,61.5,62.869998931884766,55.316898345947266,1353100,0.0,0.0
2023-06-14,63.130001068115234,63.869998931884766,61.86000061035156,61.90999984741211,54.47222900390625,2125900,0.0,0.0
2023-06-15,61.61000061035156,62.040000915527344,61.15999984741211,61.630001068115234,54.22587966918945,1680900,0.0,0.0
2023-06-16,61.90999984741211,62.27000045776367,61.060001373291016,61.45000076293945,54.06748962402344,2347100,0.0,0.0
2023-06-20,61.09000015258789,61.689998626708984,60.75,61.470001220703125,54.08509063720703,1351800,0.0,0.0
2023-06-21,61.220001220703125,61.279998779296875,60.15999984741211,60.20000076293945,52.96766662597656,1389700,0.0,0.0
2023-06-22,60.06999969482422,60.380001068115234,59.84000015258789,60.27000045776367,53.02925109863281,872400,0.0,0.0
2023-06-23,59.810001373291016,60.15999984741211,59.040000915527344,60.0,52.79169464111328,2096300,0.0,0.0
2023-06-26,60.27000045776367,61.040000915527344,60.27000045776367,60.97999954223633,53.65395736694336,807500,0.0,0.0
2023-06-27,61.06999969482422,62.68000030517578,61.040000915527344,62.599998474121094,55.07933044433594,989800,0.0,0.0
2023-06-28,62.61000061035156,63.27000045776367,62.27000045776367,63.27000045776367,55.66884231567383,1253800,0.0,0.0
2023-06-29,63.27000045776367,63.9900016784668,63.16999816894531,63.83000183105469,56.16157150268555,1350400,0.0,0.0
2023-06-30,64.55999755859375,65.0,64.11000061035156,64.7699966430664,56.98863983154297,1272900,0.0,0.0
2023-07-03,64.72000122070312,65.16000366210938,64.69000244140625,64.79000091552734,57.00623321533203,735600,0.0,0.0
2023-07-05,64.44999694824219,64.61000061035156,63.81999969482422,64.23999786376953,56.52230453491211,1398900,0.0,0.0
2023-07-06,63.349998474121094,64.3499984741211,62.849998474121094,64.30000305175781,56.575103759765625,1477300,0.0,0.0
2023-07-07,64.19999694824219,65.22000122070312,64.0,64.55999755859375,56.803863525390625,1619800,0.0,0.0
2023-07-10,64.58000183105469,65.0,63.939998626708984,64.08000183105469,56.381534576416016,1988400,0.0,0.0
2023-07-11,64.08999633789062,64.8499984741211,63.47999954223633,64.80999755859375,57.023826599121094,1376200,0.0,0.0
2023-07-12,65.30000305175781,65.44999694824219,64.58999633789062,64.88999938964844,57.09421157836914,1594300,0.0,0.0
2023-07-13,65.12000274658203,65.69000244140625,64.73999786376953,65.37000274658203,57.51655197143555,1143300,0.0,0.0
2023-07-14,65.3499984741211,65.3499984741211,63.849998474121094,64.0999984741211,56.399131774902344,1032300,0.0,0.0
2023-07-17,64.08000183105469,64.45999908447266,63.2599983215332,64.0,56.31114196777344,2049800,0.0,0.0
2023-07-18,64.18000030517578,64.87999725341797,62.93000030517578,63.20000076293945,55.60725021362305,1366200,0.0,0.0
2023-07-19,63.470001220703125,64.72000122070312,63.310001373291016,64.61000061035156,56.84785842895508,1527000,0.0,0.0
2023-07-20,64.5,64.58000183105469,63.11000061035156,63.84000015258789,56.17036056518555,1033400,0.0,0.0
2023-07-21,64.11000061035156,64.4000015258789,63.380001068115234,63.959999084472656,56.275943756103516,1033500,0.0,0.0
2023-07-24,64.30000305175781,65.05000305175781,63.91999816894531,64.9800033569336,57.17340087890625,1178400,0.0,0.0
2023-07-25,64.98999786376953,64.98999786376953,63.58000183105469,63.65999984741211,56.011985778808594,1139400,0.0,0.0
2023-07-26,63.5,64.0999984741211,63.209999084472656,64.05999755859375,56.36392593383789,906400,0.0,0.0
2023-07-27,64.25,64.5999984741211,62.66999816894531,62.880001068115234,55.3256950378418,1512600,0.0,0.0
2023-07-28,63.79999923706055,63.79999923706055,62.400001525878906,62.70000076293945,55.167320251464844,1485100,0.0,0.0
2023-07-31,64.52999877929688,65.1500015258789,63.459999084472656,64.55999755859375,57.445186614990234,6328700,0.7,0.0
2023-08-01,64.16000366210938,65.0,64.12000274658203,64.55000305175781,57.43629837036133,1410700,0.0,0.0
2023-08-02,64.38999938964844,64.51000213623047,63.66999816894531,64.37000274658203,57.27613830566406,2365300,0.0,0.0
2023-08-03,66.0,67.88999938964844,64.48999786376953,65.08999633789062,57.91678237915039,4085000,0.0,0.0
2023-08-04,65.16000366210938,65.18000030517578,63.25,63.75,56.724464416503906,2377100,0.0,0.0
2023-08-07,63.66999816894531,64.95999908447266,63.380001068115234,64.77999877929688,57.64094543457031,1771600,0.0,0.0
2023-08-08,64.16000366210938,65.76000213623047,64.01000213623047,65.68000030517578,58.441768646240234,1702400,0.0,0.0
2023-08-09,65.69999694824219,66.5,65.47000122070312,66.05999755859375,58.77988815307617,1267900,0.0,0.0
2023-08-10,66.41999816894531,66.62999725341797,65.04000091552734,65.08999633789062,57.91678237915039,865400,0.0,0.0
2023-08-11,65.0,65.94000244140625,64.69999694824219,65.7699966430664,58.52184295654297,901800,0.0,0.0
2023-08-14,65.51000213623047,65.7699966430664,64.43000030517578,65.62000274658203,58.38838195800781,1459000,0.0,0.0
2023-08-15,65.1500015258789,65.55000305175781,63.84000015258789,64.02999877929688,56.973602294921875,1445500,0.0,0.0
2023-08-16,63.7599983215332,65.06999969482422,63.75,64.63999938964844,57.51638412475586,914000,0.0,0.0
2023-08-17,64.87000274658203,65.58000183105469,63.66999816894531,63.68000030517578,56.66217803955078,893900,0.0,0.0
2023-08-18,63.08000183105469,63.95000076293945,62.79999923706055,63.7599983215332,56.73335647583008,761100,0.0,0.0
2023-08-21,63.599998474121094,64.22000122070312,63.02000045776367,63.25,56.27956008911133,898900,0.0,0.0
2023-08-22,65.48999786376953,68.48999786376953,65.44999694824219,67.70999908447266,60.248046875,4017900,0.0,0.0
2023-08-23,66.97000122070312,67.55000305175781,66.30999755859375,66.83999633789062,59.47392654418945,1645500,0.0,0.0
2023-08-24,66.63999938964844,66.80999755859375,65.63999938964844,65.94999694824219,58.6820068359375,1713500,0.0,0.0
2023-08-25,68.0999984741211,70.37999725341797,67.87000274658203,69.68000030517578,62.00094985961914,3366300,0.0,0.0
2023-08-28,69.86000061035156,70.88999938964844,69.44999694824219,70.6500015258789,62.86405563354492,2088100,0.0,0.0
2023-08-29,70.6500015258789,71.20999908447266,69.9000015258789,70.98999786376953,63.16658020019531,1517000,0.0,0.0
2023-08-30,71.33999633789062,71.45999908447266,70.62000274658203,71.43000030517578,63.55809020996094,1055300,0.0,0.0
2023-08-31,71.66000366210938,72.63999938964844,71.4000015258789,72.0,64.06526947021484,1427500,0.0,0.0
2023-09-01,72.37999725341797,72.94000244140625,72.01000213623047,72.79000091552734,64.7682113647461,1253600,0.0,0.0
2023-09-05,72.66000366210938,72.91000366210938,71.55000305175781,72.63999938964844,64.6347427368164,2212900,0.0,0.0
2023-09-06,72.63999938964844,73.58000183105469,72.45999908447266,72.91999816894531,64.88389587402344,2374100,0.0,0.0
2023-09-07,72.45999908447266,72.52999877929688,69.5199966430664,70.3499984741211,62.597110748291016,2835400,0.0,0.0
2023-09-08,70.23999786376953,70.41999816894531,69.61000061035156,69.94000244140625,62.232295989990234,1952600,0.0,0.0
2023-09-11,70.22000122070312,70.91999816894531,69.5199966430664,69.75,62.063228607177734,1402700,0.0,0.0
2023-09-12,70.0199966430664,70.91000366210938,69.73999786376953,70.36000061035156,62.606014251708984,1140800,0.0,0.0
2023-09-13,70.33000183105469,70.5999984741211,68.93000030517578,69.18000030517578,61.55604934692383,1765300,0.0,0.0
2023-09-14,69.4800033569336,69.61000061035156,68.11000061035156,68.12999725341797,60.62177658081055,1678800,0.0,0.0
2023-09-15,67.41000366210938,67.69000244140625,66.25,66.37000274658203,59.05572509765625,3894100,0.0,0.0
2023-09-18,66.47000122070312,66.9000015258789,65.79000091552734,66.01000213623047,58.73540115356445,1500300,0.0,0.0
2023-09-19,65.8499984741211,66.5199966430664,65.70999908447266,66.27999877929688,58.975643157958984,945600,0.0,0.0
2023-09-20,66.26000213623047,67.30000305175781,66.26000213623047,66.66000366210938,59.313777923583984,991200,0.0,0.0
2023-09-21,66.30999755859375,67.05999755859375,66.22000122070312,66.48999786376953,59.16250228881836,860500,0.0,0.0
2023-09-22,66.5199966430664,66.87999725341797,65.16000366210938,65.2300033569336,58.0413703918457,1032700,0.0,0.0
2023-09-25,65.2300033569336,67.0199966430664,65.06999969482422,66.66000366210938,59.313777923583984,1460400,0.0,0.0
2023-09-26,66.08999633789062,66.44000244140625,65.22000122070312,65.2699966430664,58.07695388793945,914800,0.0,0.0
2023-09-27,66.54000091552734,66.69999694824219,64.70999908447266,64.98999786376953,57.82780838012695,1876700,0.0,0.0
2023-09-28,64.7300033569336,65.6500015258789,64.58000183105469,65.58000183105469,58.3527946472168,1151300,0.0,0.0
2023-09-29,66.11000061035156,66.58999633789062,65.68000030517578,66.13999938964844,58.85106658935547,996100,0.0,0.0
2023-10-02,65.77999877929688,65.91000366210938,64.0999984741211,64.27999877929688,57.19605255126953,1454400,0.0,0.0
2023-10-03,64.05000305175781,64.20999908447266,62.709999084472656,62.9900016784668,56.048221588134766,1863700,0.0,0.0
2023-10-04,62.900001525878906,63.29999923706055,61.86000061035156,62.290000915527344,55.42536163330078,1500500,0.0,0.0
2023-10-05,62.150001525878906,62.150001525878906,59.869998931884766,59.90999984741211,53.307655334472656,1492500,0.0,0.0
2023-10-06,59.540000915527344,59.72999954223633,57.75,58.7599983215332,52.28438186645508,1814500,0.0,0.0
2023-10-09,58.720001220703125,58.84000015258789,57.84000015258789,58.7400016784668,52.2665901184082,1138200,0.0,0.0
2023-10-10,58.79999923706055,60.06999969482422,58.7400016784668,59.560001373291016,52.99622344970703,1698400,0.0,0.0
2023-10-11,59.65999984741211,59.90999984741211,57.83000183105469,58.2400016784668,51.82168960571289,1796500,0.0,0.0
2023-10-12,58.2400016784668,58.34000015258789,55.2599983215332,55.63999938964844,49.50822448730469,2433900,0.0,0.0
2023-10-13,55.38999938964844,56.189998626708984,54.880001068115234,55.9900016784668,49.81965255737305,1679300,0.0,0.0
2023-10-16,56.459999084472656,57.40999984741211,55.88999938964844,56.81999969482422,50.55817794799805,1361600,0.0,0.0
2023-10-17,56.599998474121094,59.0099983215332,56.290000915527344,58.40999984741211,51.97295379638672,2273900,0.0,0.0
2023-10-18,58.099998474121094,58.369998931884766,57.5099983215332,58.0099983215332,51.61703872680664,1052000,0.0,0.0
2023-10-19,57.95000076293945,58.06999969482422,56.4900016784668,56.619998931884766,50.38021469116211,960200,0.0,0.0
2023-10-20,56.41999816894531,56.7599983215332,55.08000183105469,56.060001373291016,49.88193130493164,1406500,0.0,0.0
2023-10-23,55.619998931884766,55.619998931884766,54.0,54.20000076293945,48.226924896240234,1729800,0.0,0.0
2023-10-24,54.290000915527344,55.25,54.220001220703125,54.9900016784668,48.92985534667969,1412400,0.0,0.0
2023-10-25,54.61000061035156,54.849998474121094,53.77000045776367,54.75,48.71630096435547,1787400,0.0,0.0
2023-10-26,46.560001373291016,50.279998779296875,46.369998931884766,48.369998931884766,43.03940963745117,7713600,0.0,0.0
2023-10-27,48.349998474121094,48.380001068115234,45.52000045776367,45.84000015258789,40.78822708129883,3606200,0.0,0.0
2023-10-30,46.220001220703125,47.31999969482422,44.70000076293945,45.040000915527344,40.076393127441406,4806300,0.0,0.0
2023-10-31,44.279998779296875,45.68000030517578,43.290000915527344,45.150001525878906,40.80849838256836,4885200,0.7,0.0
2023-11-01,45.0099983215332,46.279998779296875,44.65999984741211,46.029998779296875,41.6038818359375,2260900,0.0,0.0
2023-11-02,46.5,47.529998779296875,46.189998626708984,46.5099983215332,42.0377197265625,1843000,0.0,0.0
2023-11-03,47.310001373291016,47.83000183105469,46.540000915527344,46.939998626708984,42.42637634277344,1997200,0.0,0.0
2023-11-06,47.099998474121094,47.380001068115234,45.630001068115234,45.83000183105469,41.42311477661133,1932700,0.0,0.0
2023-11-07,45.5,46.029998779296875,45.400001525878906,45.439998626708984,41.070613861083984,1592200,0.0,0.0
2023-11-08,45.47999954223633,45.5,43.97999954223633,44.040000915527344,39.80523681640625,2358900,0.0,0.0
2023-11-09,44.29999923706055,44.529998779296875,43.220001220703125,43.2599983215332,39.10023880004883,1758900,0.0,0.0
2023-11-10,43.209999084472656,43.369998931884766,42.65999984741211,43.11000061035156,38.96466064453125,1688800,0.0,0.0
2023-11-13,43.0,43.41999816894531,42.689998626708984,42.880001068115234,38.75677490234375,2155000,0.0,0.0
2023-11-14,43.90999984741211,45.720001220703125,43.86000061035156,45.119998931884766,40.78138732910156,1777300,0.0,0.0
2023-11-15,45.209999084472656,47.20000076293945,45.13999938964844,46.83000183105469,42.32695388793945,3188600,0.0,0.0
2023-11-16,46.72999954223633,46.959999084472656,44.709999084472656,45.130001068115234,40.79042053222656,1502200,0.0,0.0
2023-11-17,45.63999938964844,45.65999984741211,44.689998626708984,45.150001525878906,40.80849838256836,1183300,0.0,0.0
2023-11-20,45.27000045776367,45.29999923706055,44.20000076293945,44.66999816894531,40.37466049194336,1358200,0.0,0.0
2023-11-21,44.349998474121094,45.369998931884766,43.7400016784668,45.08000183105469,40.74523162841797,1830500,0.0,0.0
2023-11-22,45.060001373291016,46.0099983215332,45.060001373291016,45.619998931884766,41.23330307006836,1341600,0.0,0.0
2023-11-24,45.790000915527344,46.20000076293945,45.540000915527344,46.150001525878906,41.712345123291016,482100,0.0,0.0
2023-11-27,45.88999938964844,45.900001525878906,45.22999954223633,45.36000061035156,40.99830627441406,1179900,0.0,0.0
2023-11-28,45.27000045776367,46.040000915527344,44.849998474121094,45.709999084472656,41.31465148925781,1488400,0.0,0.0
2023-11-29,46.0,46.81999969482422,46.0,46.43000030517578,41.965415954589844,1674500,0.0,0.0
2023-11-30,46.5099983215332,46.86000061035156,46.04999923706055,46.40999984741211,41.94734191894531,3006000,0.0,0.0
2023-12-01,46.15999984741211,48.68000030517578,45.869998931884766,48.459999084472656,43.80022048950195,1980400,0.0,0.0
2023-12-04,48.36000061035156,49.900001525878906,48.36000061035156,49.029998779296875,44.31541061401367,2611300,0.0,0.0
2023-12-05,48.90999984741211,48.9900016784668,47.84000015258789,47.970001220703125,43.35733413696289,1691500,0.0,0.0
2023-12-06,48.06999969482422,48.65999984741211,47.58000183105469,47.849998474121094,43.248870849609375,1148800,0.0,0.0
2023-12-07,48.02000045776367,48.880001068115234,47.41999816894531,48.709999084472656,44.026180267333984,1515000,0.0,0.0
2023-12-08,48.529998779296875,49.22999954223633,48.369998931884766,48.70000076293945,44.01714324951172,1528900,0.0,0.0
2023-12-11,48.79999923706055,49.189998626708984,48.150001525878906,48.88999938964844,44.188873291015625,1745100,0.0,0.0
2023-12-12,47.720001220703125,49.02000045776367,47.09000015258789,48.369998931884766,43.718875885009766,3715500,0.0,0.0
2023-12-13,48.369998931884766,50.5099983215332,47.83000183105469,49.86000061035156,45.06560134887695,3298900,0.0,0.0
2023-12-14,50.810001373291016,51.90999984741211,50.34000015258789,51.290000915527344,46.358097076416016,2461000,0.0,0.0
2023-12-15,51.15999984741211,51.369998931884766,49.86000061035156,50.380001068115234,45.53560256958008,3325500,0.0,0.0
2023-12-18,50.25,52.56999969482422,49.7599983215332,51.970001220703125,46.97270202636719,2304100,0.0,0.0
2023-12-19,52.209999084472656,52.59000015258789,51.31999969482422,51.380001068115234,46.43944549560547,1860300,0.0,0.0
2023-12-20,51.279998779296875,51.84000015258789,49.9900016784668,50.0,45.192138671875,1779400,0.0,0.0
2023-12-21,50.52000045776367,51.2599983215332,50.43000030517578,51.08000183105469,46.16829299926758,1136100,0.0,0.0
2023-12-22,50.9900016784668,51.75,50.68000030517578,51.02000045776367,46.11405944824219,842200,0.0,0.0
2023-12-26,50.97999954223633,51.5099983215332,50.72999954223633,51.400001525878906,46.457515716552734,952200,0.0,0.0
2023-12-27,51.43000030517578,51.529998779296875,50.459999084472656,51.0,46.095977783203125,844800,0.0,0.0
2023-12-28,50.79999923706055,51.5099983215332,50.58000183105469,51.470001220703125,46.520790100097656,947100,0.0,0.0
2023-12-29,51.220001220703125,51.59000015258789,50.77000045776367,51.060001373291016,46.15021896362305,863400,0.0,0.0
2024-01-02,50.279998779296875,51.16999816894531,49.689998626708984,49.900001525878906,45.10175704956055,1812500,0.0,0.0
2024-01-03,49.400001525878906,49.400001525878906,47.849998474121094,48.11000061035156,43.4838752746582,2140600,0.0,0.0
2024-01-04,47.84000015258789,48.43000030517578,47.38999938964844,48.36000061035156,43.709835052490234,1452000,0.0,0.0
2024-01-05,48.25,48.83000183105469,47.9900016784668,48.380001068115234,43.727909088134766,1393600,0.0,0.0
2024-01-08,48.41999816894531,50.02000045776367,48.349998474121094,49.86000061035156,45.06560134887695,1677100,0.0,0.0
2024-01-09,49.40999984741211,50.189998626708984,49.099998474121094,50.099998474121094,45.28251647949219,1591000,0.0,0.0
2024-01-10,50.220001220703125,50.83000183105469,50.040000915527344,50.75,45.87002182006836,1583400,0.0,0.0
2024-01-11,50.68000030517578,50.68000030517578,48.65999984741211,49.5,44.74021530151367,2155400,0.0,0.0
2024-01-12,49.849998474121094,50.119998931884766,48.20000076293945,48.61000061035156,43.935791015625,1310400,0.0,0.0
2024-01-16,48.2400016784668,48.25,46.650001525878906,47.11000061035156,42.58003234863281,2041700,0.0,0.0
2024-01-17,46.529998779296875,47.27000045776367,46.20000076293945,47.2400016784668,42.697532653808594,1867000,0.0,0.0
2024-01-18,47.63999938964844,47.7400016784668,47.11000061035156,47.65999984741211,43.077144622802734,1323300,0.0,0.0
2024-01-19,47.72999954223633,48.45000076293945,47.06999969482422,48.2599983215332,43.619449615478516,1531700,0.0,0.0
2024-01-22,48.56999969482422,48.810001373291016,48.130001068115234,48.380001068115234,43.727909088134766,1517800,0.0,0.0
2024-01-23,48.91999816894531,49.189998626708984,47.91999816894531,48.310001373291016,43.66464614868164,1167700,0.0,0.0
2024-01-24,48.790000915527344,48.810001373291016,48.02000045776367,48.119998931884766,43.4929084777832,1098600,0.0,0.0
2024-01-25,48.88999938964844,50.33000183105469,48.619998931884766,50.08000183105469,45.26445007324219,1694100,0.0,0.0
2024-01-26,50.61000061035156,51.470001220703125,50.47999954223633,51.11000061035156,46.195404052734375,1578800,0.0,0.0
2024-01-29,51.060001373291016,51.4900016784668,50.72999954223633,51.40999984741211,46.466552734375,1396100,0.0,0.0
2024-01-30,51.15999984741211,51.29999923706055,50.619998931884766,50.68000030517578,45.80675506591797,1172400,0.0,0.0
2024-01-31,49.97999954223633,50.380001068115234,48.81999969482422,48.95000076293945,44.86275100708008,2040600,0.7,0.0
2024-02-01,49.119998931884766,50.060001373291016,48.83000183105469,49.95000076293945,45.77925109863281,1043700,0.0,0.0
2024-02-02,49.56999969482422,50.630001068115234,48.93000030517578,50.06999969482422,45.88924026489258,1279500,0.0,0.0
2024-02-05,49.52000045776367,49.52000045776367,48.08000183105469,49.13999938964844,45.036888122558594,1526300,0.0,0.0
2024-02-06,49.150001525878906,49.900001525878906,48.91999816894531,49.2400016784668,45.1285400390625,1526400,0.0,0.0
2024-02-07,49.209999084472656,50.369998931884766,48.880001068115234,49.900001525878906,45.73343276977539,1727600,0.0,0.0
2024-02-08,50.290000915527344,51.310001373291016,50.22999954223633,50.68000030517578,46.448307037353516,1476900,0.0,0.0
2024-02-09,50.79999923706055,51.099998474121094,50.22999954223633,50.59000015258789,46.365821838378906,1443300,0.0,0.0
2024-02-12,50.5,51.65999984741211,50.310001373291016,51.290000915527344,47.00737380981445,3155900,0.0,0.0
2024-02-13,46.150001525878906,50.68000030517578,46.09000015258789,50.599998474121094,46.374977111816406,7515500,0.0,0.0
2024-02-14,50.5,52.720001220703125,50.13999938964844,52.689998626708984,48.290470123291016,3748900,0.0,0.0
2024-02-15,52.79999923706055,53.09000015258789,50.209999084472656,51.04999923706055,46.78740692138672,2889400,0.0,0.0
2024-02-16,50.5099983215332,51.18000030517578,50.400001525878906,50.779998779296875,46.53995895385742,1330900,0.0,0.0
2024-02-20,50.33000183105469,50.650001525878906,49.72999954223633,50.189998626708984,45.999210357666016,1649200,0.0,0.0
2024-02-21,49.880001068115234,50.720001220703125,49.7400016784668,50.09000015258789,45.907569885253906,1467400,0.0,0.0
2024-02-22,50.29999923706055,50.369998931884766,49.09000015258789,50.15999984741211,45.97172164916992,1672200,0.0,0.0
2024-02-23,50.38999938964844,50.619998931884766,49.59000015258789,49.59000015258789,45.44931411743164,1651500,0.0,0.0
2024-02-26,49.650001525878906,49.66999816894531,48.63999938964844,48.66999816894531,44.606136322021484,1407800,0.0,0.0
2024-02-27,48.810001373291016,50.540000915527344,48.720001220703125,50.279998779296875,46.081703186035156,1992400,0.0,0.0
2024-02-28,49.720001220703125,51.0,49.619998931884766,50.41999816894531,46.21001434326172,1200500,0.0,0.0
2024-02-29,50.970001220703125,51.41999816894531,50.27000045776367,50.290000915527344,46.09086608886719,2028700,0.0,0.0
2024-03-01,50.25,50.84000015258789,49.209999084472656,50.25,46.0542106628418,1324200,0.0,0.0
2024-03-04,50.06999969482422,50.970001220703125,50.06999969482422,50.369998931884766,46.1641845703125,1643800,0.0,0.0
2024-03-05,49.939998626708984,50.790000915527344,49.86000061035156,50.72999954223633,46.4941291809082,1303500,0.0,0.0
2024-03-06,51.06999969482422,51.630001068115234,50.5099983215332,51.34000015258789,47.053192138671875,1176900,0.0,0.0
2024-03-07,51.5099983215332,52.209999084472656,51.029998779296875,51.36000061035156,47.0715217590332,1581500,0.0,0.0
2024-03-08,51.779998779296875,52.459999084472656,50.88999938964844,51.75,47.428958892822266,1680700,0.0,0.0
2024-03-11,51.40999984741211,53.18000030517578,51.2599983215332,52.56999969482422,48.18048858642578,1801500,0.0,0.0
2024-03-12,52.470001220703125,53.150001525878906,51.77000045776367,53.09000015258789,48.65707015991211,1257400,0.0,0.0
2024-03-13,52.810001373291016,53.58000183105469,52.810001373291016,53.040000915527344,48.61124801635742,1287700,0.0,0.0
2024-03-14,52.90999984741211,53.130001068115234,52.470001220703125,52.970001220703125,48.54709243774414,1676900,0.0,0.0
2024-03-15,52.77000045776367,53.849998474121094,52.61000061035156,53.310001373291016,48.85870361328125,3942900,0.0,0.0
2024-03-18,53.25,53.470001220703125,52.95000076293945,53.290000915527344,48.840370178222656,1230300,0.0,0.0
2024-03-19,53.33000183105469,54.41999816894531,53.33000183105469,54.36000061035156,49.82102584838867,1286600,0.0,0.0
2024-03-20,54.220001220703125,54.689998626708984,53.90999984741211,54.279998779296875,49.747711181640625,1216000,0.0,0.0
2024-03-21,54.33000183105469,56.11000061035156,54.310001373291016,56.060001373291016,51.37908172607422,1685100,0.0,0.0
2024-03-22,56.09000015258789,56.2599983215332,54.70000076293945,54.84000015258789,50.260948181152344,1212700,0.0,0.0
2024-03-25,54.529998779296875,56.0,54.529998779296875,55.91999816894531,51.25076675415039,2592700,0.0,0.0
2024-03-26,56.15999984741211,56.22999954223633,54.04999923706055,54.61000061035156,50.05015182495117,1360700,0.0,0.0
2024-03-27,54.9900016784668,56.61000061035156,54.86000061035156,56.47999954223633,51.76401138305664,1298600,0.0,0.0
2024-03-28,56.4900016784668,57.040000915527344,56.15999984741211,56.52000045776367,51.80067825317383,1079900,0.0,0.0
2024-04-01,56.209999084472656,56.41999816894531,55.599998474121094,56.2599983215332,51.5623779296875,1134300,0.0,0.0
2024-04-02,56.0,56.0,55.16999816894531,55.75,51.094966888427734,1052200,0.0,0.0
2024-04-03,55.689998626708984,55.900001525878906,54.63999938964844,55.439998626708984,50.810848236083984,2001800,0.0,0.0
2024-04-04,56.09000015258789,57.0,55.33000183105469,55.849998474121094,51.18661117553711,1741700,0.0,0.0
2024-04-05,56.08000183105469,56.9900016784668,55.709999084472656,56.41999816894531,51.709022521972656,1517900,0.0,0.0
2024-04-08,57.0,58.16999816894531,56.90999984741211,57.59000015258789,52.78133010864258,1867200,0.0,0.0
2024-04-09,57.599998474121094,58.4900016784668,57.310001373291016,57.33000183105469,52.54303741455078,1171400,0.0,0.0
2024-04-10,56.310001373291016,57.310001373291016,55.790000915527344,56.779998779296875,52.03895568847656,1542600,0.0,0.0
2024-04-11,56.88999938964844,56.88999938964844,54.959999084472656,56.22999954223633,51.53488540649414,1619900,0.0,0.0
2024-04-12,56.0099983215332,56.310001373291016,55.43000030517578,55.79999923706055,51.14079666137695,1636900,0.0,0.0
2024-04-15,56.650001525878906,57.02000045776367,55.2400016784668,55.59000015258789,50.94832229614258,1197400,0.0,0.0
2024-04-16,55.29999923706055,55.77000045776367,54.849998474121094,55.029998779296875,50.435081481933594,971800,0.0,0.0
2024-04-17,55.11000061035156,55.58000183105469,54.720001220703125,54.81999969482422,50.24263000488281,1081200,0.0,0.0
2024-04-18,55.47999954223633,55.47999954223633,54.2599983215332,54.939998626708984,50.35260009765625,1422500,0.0,0.0
2024-04-19,54.86000061035156,55.65999984741211,54.75,55.27000045776367,50.65504455566406,1486400,0.0,0.0
2024-04-22,55.529998779296875,56.2400016784668,55.16999816894531,55.900001525878906,51.23244094848633,1401200,0.0,0.0
2024-04-23,56.25,58.25,56.0099983215332,58.13999938964844,53.285404205322266,3189000,0.0,0.0
2024-04-24,63.5,66.37999725341797,63.18000030517578,65.02999877929688,59.60010528564453,7253300,0.0,0.0
2024-04-25,64.98999786376953,65.2699966430664,63.209999084472656,64.97000122070312,59.54511260986328,2374900,0.0,0.0
2024-04-26,64.56999969482422,64.80000305175781,63.4900016784668,64.47000122070312,59.08686065673828,1881800,0.0,0.0
2024-04-29,64.51000213623047,64.68000030517578,63.84000015258789,64.27999877929688,58.912723541259766,1657000,0.0,0.0
2024-04-30,63.310001373291016,63.619998931884766,61.189998626708984,61.29999923706055,56.80009078979492,1624900,0.7,0.0
2024-05-01,60.97999954223633,61.470001220703125,59.9900016784668,60.34000015258789,55.91056442260742,1202800,0.0,0.0
2024-05-02,61.2400016784668,62.150001525878906,60.15999984741211,61.18000030517578,56.688899993896484,1542900,0.0,0.0
2024-05-03,61.72999954223633,62.16999816894531,61.0,61.47999954223633,56.96688461303711,1327900,0.0,0.0
2024-05-06,61.79999923706055,62.02000045776367,60.79999923706055,60.90999984741211,56.438724517822266,991900,0.0,0.0
2024-05-07,61.04999923706055,61.470001220703125,60.79999923706055,61.15999984741211,56.670372009277344,903200,0.0,0.0
2024-05-08,60.720001220703125,61.720001220703125,60.4900016784668,61.31999969482422,56.81862258911133,928800,0.0,0.0
2024-05-09,61.34000015258789,61.630001068115234,60.84000015258789,61.02000045776367,56.5406494140625,739300,0.0,0.0
2024-05-10,61.11000061035156,61.11000061035156,59.709999084472656,60.09000015258789,55.67892074584961,836900,0.0,0.0
2024-05-13,60.54999923706055,61.11000061035156,60.099998474121094,60.970001220703125,56.494319915771484,826900,0.0,0.0
2024-05-14,61.72999954223633,62.709999084472656,61.61000061035156,62.18000030517578,57.61549758911133,1394500,0.0,0.0
2024-05-15,62.150001525878906,62.22999954223633,60.02000045776367,60.5099983215332,56.068084716796875,2051900,0.0,0.0
2024-05-16,60.4900016784668,60.56999969482422,59.15999984741211,59.47999954223633,55.11369323730469,1480400,0.0,0.0
2024-05-17,59.63999938964844,60.189998626708984,58.90999984741211,60.130001068115234,55.71597671508789,1412000,0.0,0.0
2024-05-20,60.939998626708984,62.34000015258789,60.7400016784668,62.08000183105469,57.5228385925293,1940900,0.0,0.0
2024-05-21,61.88999938964844,62.86000061035156,61.529998779296875,62.47999954223633,57.89347457885742,1457200,0.0,0.0
2024-05-22,61.7400016784668,61.7400016784668,59.939998626708984,60.33000183105469,55.90130615234375,2008900,0.0,0.0
2024-05-23,62.5,62.650001525878906,59.599998474121094,60.349998474121094,55.91983413696289,1775200,0.0,0.0
2024-05-24,60.529998779296875,60.79999923706055,59.959999084472656,60.65999984741211,56.20707321166992,1488000,0.0,0.0
2024-05-28,60.65999984741211,61.77000045776367,60.06999969482422,61.75,57.21706008911133,1555100,0.0,0.0
2024-05-29,61.040000915527344,61.22999954223633,59.779998779296875,60.22999954223633,55.80864334106445,1572900,0.0,0.0
2024-05-30,60.349998474121094,60.650001525878906,58.720001220703125,60.29999923706055,55.87350082397461,2285400,0.0,0.0
2024-05-31,60.470001220703125,61.04999923706055,59.41999816894531,59.779998779296875,55.39167022705078,14545000,0.0,0.0
2024-06-03,59.779998779296875,59.88999938964844,58.09000015258789,58.66999816894531,54.363155364990234,2061600,0.0,0.0
2024-06-04,58.189998626708984,58.47999954223633,57.36000061035156,57.4900016784668,53.269779205322266,2101200,0.0,0.0
2024-06-05,57.529998779296875,58.59000015258789,56.61000061035156,58.56999969482422,54.2704963684082,2078000,0.0,0.0
2024-06-06,58.45000076293945,58.79999923706055,58.209999084472656,58.38999938964844,54.10371017456055,1552700,0.0,0.0
2024-06-07,58.02000045776367,58.880001068115234,58.02000045776367,58.45000076293945,54.159305572509766,1132800,0.0,0.0
2024-06-10,58.290000915527344,58.83000183105469,57.72999954223633,58.47999954223633,54.187103271484375,1166900,0.0,0.0
2024-06-11,58.22999954223633,58.7599983215332,58.20000076293945,58.38999938964844,54.10371017456055,884400,0.0,0.0
2024-06-12,59.33000183105469,59.560001373291016,58.18000030517578,58.310001373291016,54.02958679199219,1479600,0.0,0.0
2024-06-13,58.470001220703125,59.119998931884766,57.779998779296875,58.02000045776367,53.76087188720703,982900,0.0,0.0
2024-06-14,60.29999923706055,61.68000030517578,59.380001068115234,61.5,56.98541259765625,4205100,0.0,0.0
2024-06-17,61.16999816894531,62.20000076293945,60.849998474121094,61.58000183105469,57.059539794921875,1962500,0.0,0.0
2024-06-18,61.83000183105469,61.84000015258789,60.599998474121094,60.65999984741211,56.20707321166992,1600900,0.0,0.0
2024-06-20,60.70000076293945,61.060001373291016,60.36000061035156,60.619998931884766,56.17000961303711,1817400,0.0,0.0
2024-06-21,60.689998626708984,62.279998779296875,60.189998626708984,62.2599983215332,57.68962478637695,2202600,0.0,0.0
2024-06-24,62.2599983215332,62.59000015258789,61.58000183105469,61.779998779296875,57.24485397338867,1372400,0.0,0.0
2024-06-25,61.66999816894531,61.7599983215332,59.380001068115234,59.400001525878906,55.03956604003906,1243000,0.0,0.0
2024-06-26,59.18000030517578,59.68000030517578,57.83000183105469,58.029998779296875,53.7701416015625,1443900,0.0,0.0
2024-06-27,57.79999923706055,58.29999923706055,57.540000915527344,58.15999984741211,53.890594482421875,1041000,0.0,0.0
2024-06-28,58.459999084472656,59.22999954223633,58.06999969482422,58.5,54.20563507080078,5116600,0.0,0.0
2024-07-01,58.439998626708984,58.61000061035156,57.400001525878906,57.52000045776367,53.29757308959961,1034900,0.0,0.0
2024-07-02,57.25,57.369998931884766,56.119998931884766,57.060001373291016,52.87134552001953,1091200,0.0,0.0
2024-07-03,57.060001373291016,57.459999084472656,56.130001068115234,57.029998779296875,52.84354019165039,826400,0.0,0.0
2024-07-05,56.65999984741211,56.790000915527344,55.900001525878906,56.59000015258789,52.435848236083984,1141800,0.0,0.0
2024-07-08,56.66999816894531,57.22999954223633,56.560001373291016,56.83000183105469,52.658226013183594,1122700,0.0,0.0
2024-07-09,56.470001220703125,57.38999938964844,56.459999084472656,56.540000915527344,52.38951873779297,1458600,0.0,0.0
2024-07-10,56.77000045776367,57.58000183105469,56.630001068115234,57.150001525878906,52.95473861694336,910000,0.0,0.0
2024-07-11,57.45000076293945,58.72999954223633,57.41999816894531,58.58000183105469,54.27976608276367,1239600,0.0,0.0
2024-07-12,58.90999984741211,60.27000045776367,58.810001373291016,59.7400016784668,55.354610443115234,1107900,0.0,0.0
2024-07-15,60.0,60.02000045776367,59.0,59.5099983215332,55.14149475097656,1222600,0.0,0.0
2024-07-16,59.70000076293945,62.13999938964844,59.529998779296875,62.119998931884766,57.559898376464844,2019500,0.0,0.0
2024-07-17,61.97999954223633,62.380001068115234,60.540000915527344,60.66999816894531,56.216339111328125,1754500,0.0,0.0
2024-07-18,60.459999084472656,61.619998931884766,59.84000015258789,60.2599983215332,55.83643341064453,1038700,0.0,0.0
2024-07-19,60.04999923706055,60.04999923706055,58.52000045776367,59.0,54.6689338684082,1253700,0.0,0.0
2024-07-22,59.47999954223633,61.33000183105469,58.0,59.849998474121094,55.4565315246582,3558400,0.0,0.0
2024-07-23,59.38999938964844,59.47999954223633,58.13999938964844,58.279998779296875,54.00178146362305,1314900,0.0,0.0
2024-07-24,58.68000030517578,59.97999954223633,58.68000030517578,59.41999816894531,55.05810546875,2253700,0.0,0.0
2024-07-25,64.44999694824219,65.12000274658203,60.52000045776367,61.52000045776367,57.003944396972656,4099000,0.0,0.0
2024-07-26,62.310001373291016,63.88999938964844,61.25,63.849998474121094,59.162899017333984,2088400,0.0,0.0
2024-07-29,64.22000122070312,64.93000030517578,63.220001220703125,64.69999694824219,59.950504302978516,1780300,0.0,0.0
2024-07-30,64.9000015258789,65.80000305175781,64.37999725341797,65.51000213623047,60.701045989990234,1625200,0.0,0.0
2024-07-31,65.51000213623047,66.01000213623047,64.18000030517578,64.45999908447266,59.72812271118164,2244300,0.0,0.0
2024-08-01,64.3499984741211,65.61000061035156,64.20999908447266,65.01000213623047,60.23775100708008,1200400,0.0,0.0
2024-08-02,64.12000274658203,64.58999633789062,62.619998931884766,63.459999084472656,58.80153274536133,1630900,0.0,0.0
2024-08-05,62.06999969482422,63.279998779296875,59.880001068115234,62.849998474121094,58.23630905151367,2182200,0.0,0.0
2024-08-06,63.02000045776367,64.73999786376953,62.869998931884766,63.70000076293945,59.0239143371582,1514600,0.0,0.0
2024-08-07,64.37000274658203,64.94999694824219,63.029998779296875,63.099998474121094,58.467960357666016,798600,0.0,0.0
2024-08-08,63.349998474121094,64.26000213623047,63.209999084472656,64.0199966430664,59.3204231262207,1093800,0.0,0.0
2024-08-09,63.91999816894531,64.44000244140625,63.61000061035156,64.2699966430664,59.552066802978516,1313200,0.0,0.0
2024-08-12,64.08999633789062,64.23999786376953,62.689998626708984,63.09000015258789,58.45869445800781,993800,0.0,0.0
2024-08-13,63.27000045776367,64.18000030517578,63.209999084472656,64.06999969482422,59.36675262451172,876500,0.0,0.0
2024-08-14,64.22000122070312,65.08000183105469,64.22000122070312,64.62000274658203,59.87638473510742,977400,0.0,0.0
2024-08-15,65.37000274658203,66.20999908447266,65.37000274658203,66.04000091552734,61.192138671875,1364000,0.0,0.0
2024-08-16,65.81999969482422,66.6500015258789,65.6500015258789,66.33999633789062,61.47011947631836,965000,0.0,0.0
2024-08-19,66.37999725341797,66.56999969482422,65.94000244140625,66.33000183105469,61.46084976196289,782400,0.0,0.0
2024-08-20,66.45999908447266,66.45999908447266,65.61000061035156,65.87999725341797,61.043888092041016,846800,0.0,0.0
2024-08-21,65.79000091552734,66.58000183105469,65.44000244140625,66.56999969482422,62.345672607421875,810100,0.7,0.0
2024-08-22,67.0,67.37000274658203,66.45999908447266,66.81999969482422,62.57981872558594,856700,0.0,0.0
2024-08-23,67.12999725341797,68.06999969482422,67.0199966430664,68.0199966430664,63.70366287231445,808300,0.0,0.0
2024-08-26,68.29000091552734,69.2300033569336,68.1500015258789,68.51000213623047,64.1625747680664,949200,0.0,0.0
2024-08-27,67.9800033569336,68.8499984741211,67.5,67.94999694824219,63.63810729980469,1214800,0.0,0.0
2024-08-28,67.94999694824219,68.0199966430664,67.16999816894531,67.72000122070312,63.42271041870117,734600,0.0,0.0
2024-08-29,67.72000122070312,68.83000183105469,67.27999877929688,68.02999877929688,63.71302795410156,1184200,0.0,0.0
2024-08-30,68.19000244140625,68.27999877929688,67.22000122070312,68.16000366210938,63.834781646728516,1240200,0.0,0.0
2024-09-03,68.16000366210938,68.30000305175781,67.05000305175781,67.26000213623047,62.99190139770508,1359100,0.0,0.0
2024-09-04,67.33000183105469,68.2699966430664,67.26000213623047,67.98999786376953,63.67557144165039,1103600,0.0,0.0
2024-09-05,68.05000305175781,68.13999938964844,67.05999755859375,67.80000305175781,63.49763488769531,840200,0.0,0.0
2024-09-06,67.80999755859375,68.2699966430664,66.16000366210938,66.5,62.28013229370117,1013600,0.0,0.0
2024-09-09,66.52999877929688,68.2699966430664,66.20999908447266,67.62999725341797,63.338409423828125,1091800,0.0,0.0
2024-09-10,67.62999725341797,67.75,66.80000305175781,67.5999984741211,63.31032180786133,890200,0.0,0.0
2024-09-11,67.26000213623047,67.52999877929688,65.83999633789062,67.41999816894531,63.14174270629883,1055300,0.0,0.0
2024-09-12,67.38999938964844,68.11000061035156,67.23999786376953,67.30999755859375,63.038726806640625,1628000,0.0,0.0
2024-09-13,67.7699966430664,69.12999725341797,67.72000122070312,68.7300033569336,64.36861419677734,1235600,0.0,0.0
2024-09-16,69.7300033569336,71.33000183105469,69.6500015258789,69.79000091552734,65.36134338378906,2160200,0.0,0.0
2024-09-17,70.0999984741211,70.70999908447266,69.66000366210938,70.41999816894531,65.95137023925781,1188900,0.0,0.0
2024-09-18,70.83999633789062,72.19999694824219,70.72000122070312,71.16000366210938,66.64441680908203,1251400,0.0,0.0
2024-09-19,72.25,72.25,70.8499984741211,71.81999969482422,67.26252746582031,1123600,0.0,0.0
2024-09-20,71.30000305175781,71.73999786376953,70.7300033569336,71.20999908447266,66.69124603271484,1349900,0.0,0.0
2024-09-23,71.52999877929688,72.26000213623047,71.20999908447266,71.47000122070312,66.93474578857422,974800,0.0,0.0
2024-09-24,71.5199966430664,72.13999938964844,71.18000030517578,71.94999694824219,67.38427734375,1074700,0.0,0.0
2024-09-25,71.62000274658203,71.7699966430664,70.47000122070312,71.23999786376953,66.7193374633789,1146200,0.0,0.0
2024-09-26,71.62000274658203,72.41000366210938,71.54000091552734,71.98999786376953,67.42174530029297,898100,0.0,0.0
2024-09-27,72.16999816894531,72.80000305175781,71.81999969482422,72.0999984741211,67.52477264404297,837000,0.0,0.0
2024-09-30,71.94000244140625,72.51000213623047,71.06999969482422,72.31999969482422,67.73080444335938,1525200,0.0,0.0
2024-10-01,72.91999816894531,73.45999908447266,72.0199966430664,72.88999938964844,68.26464080810547,2136800,0.0,0.0
2024-10-02,72.5999984741211,73.12000274658203,72.0199966430664,72.36000061035156,67.76826477050781,1285100,0.0,0.0
2024-10-03,72.69999694824219,72.81999969482422,71.61000061035156,71.80000305175781,67.24380493164062,1148600,0.0,0.0
2024-10-04,72.4800033569336,72.56999969482422,71.1500015258789,72.30999755859375,67.72144317626953,1291300,0.0,0.0
2024-10-07,71.98999786376953,72.83000183105469,71.98999786376953,72.48999786376953,67.8900146484375,1944100,0.0,0.0
2024-10-08,72.6500015258789,72.9800033569336,71.11000061035156,72.11000061035156,67.53412628173828,901300,0.0,0.0
2024-10-09,72.0,72.54000091552734,71.79000091552734,72.23999786376953,67.6558837890625,584700,0.0,0.0
2024-10-10,72.12999725341797,72.55999755859375,72.0,72.33999633789062,67.74952697753906,808600,0.0,0.0
2024-10-11,72.33999633789062,72.81999969482422,72.0,72.12999725341797,67.5528564453125,704600,0.0,0.0
2024-10-14,71.80000305175781,71.9800033569336,70.91000366210938,71.56999969482422,67.02838134765625,766700,0.0,0.0
2024-10-15,71.77999877929688,73.05000305175781,71.5199966430664,71.63999938964844,67.09395599365234,1164800,0.0,0.0
2024-10-16,71.63999938964844,72.31999969482422,71.43000030517578,71.61000061035156,67.06586456298828,1388300,0.0,0.0
2024-10-17,71.63999938964844,71.91000366210938,71.27999877929688,71.80999755859375,67.253173828125,1294500,0.0,0.0
2024-10-18,71.88999938964844,72.98999786376953,71.26000213623047,72.94000244140625,68.31146240234375,1241400,0.0,0.0
2024-10-21,73.05000305175781,73.19999694824219,71.58000183105469,71.94000244140625,67.37492370605469,1163200,0.0,0.0
2024-10-22,71.83000183105469,71.87999725341797,70.86000061035156,71.04000091552734,66.53202819824219,1300900,0.0,0.0
2024-10-23,70.7699966430664,71.80999755859375,70.16000366210938,70.33000183105469,65.86707305908203,2174900,0.0,0.0
2024-10-24,70.44999694824219,70.61000061035156,65.86000061035156,66.0999984741211,61.9055061340332,3237200,0.0,0.0
2024-10-25,66.7699966430664,68.45999908447266,66.30999755859375,66.41999816894531,62.205204010009766,2267200,0.0,0.0
2024-10-28,66.66999816894531,67.0,65.0,65.80000305175781,61.62453842163086,2442900,0.0,0.0
2024-10-29,65.2300033569336,66.44000244140625,65.02999877929688,65.62999725341797,61.465328216552734,1678000,0.0,0.0
2024-10-30,65.22000122070312,67.36000061035156,64.87000274658203,66.6500015258789,62.42060470581055,1518100,0.0,0.0
2024-10-31,66.41999816894531,66.66999816894531,65.61000061035156,65.62999725341797,61.465328216552734,1132400,0.0,0.0
2024-11-01,65.9000015258789,66.08999633789062,65.0,65.81999969482422,61.64327621459961,1363700,0.0,0.0
2024-11-04,65.91000366210938,67.05000305175781,65.86000061035156,66.05999755859375,61.86803436279297,1210100,0.0,0.0
2024-11-05,66.05999755859375,66.98999786376953,65.69999694824219,66.95999908447266,62.71092987060547,1205800,0.0,0.0
2024-11-06,67.4000015258789,67.75,62.619998931884766,63.4900016784668,59.46112823486328,2295600,0.0,0.0
2024-11-07,64.13999938964844,64.62999725341797,63.599998474121094,64.13999938964844,60.06987762451172,1187700,0.0,0.0
2024-11-08,63.84000015258789,64.55999755859375,63.70000076293945,64.37999725341797,60.294647216796875,1060700,0.0,0.0
2024-11-11,64.69000244140625,64.77999877929688,64.01000213623047,64.1500015258789,60.079246520996094,1556500,0.0,0.0
2024-11-12,64.0199966430664,64.19999694824219,63.13999938964844,63.41999816894531,59.39556884765625,1367900,0.0,0.0
2024-11-13,63.36000061035156,64.4000015258789,62.63999938964844,62.790000915527344,58.80554962158203,1824300,0.0,0.0
2024-11-14,62.7599983215332,63.459999084472656,62.279998779296875,63.060001373291016,59.05841827392578,1111100,0.0,0.0
2024-11-15,62.869998931884766,63.189998626708984,62.13999938964844,62.209999084472656,58.26234817504883,1168500,0.0,0.0
2024-11-18,62.29999923706055,62.470001220703125,61.58000183105469,61.689998626708984,57.77534866333008,1484100,0.0,0.0
2024-11-19,61.20000076293945,61.959999084472656,60.84000015258789,61.7599983215332,57.84090805053711,1341400,0.0,0.0
2024-11-20,60.630001068115234,61.880001068115234,60.5099983215332,61.849998474121094,58.589256286621094,1570400,0.7,0.0
2024-11-21,61.900001525878906,62.150001525878906,61.4900016784668,61.90999984741211,58.64609146118164,1495500,0.0,0.0
2024-11-22,61.90999984741211,62.599998474121094,61.84000015258789,62.52000045776367,59.22393798828125,2107500,0.0,0.0
2024-11-25,63.06999969482422,65.06999969482422,63.0,64.3499984741211,60.957454681396484,2000600,0.0,0.0
2024-11-26,64.01000213623047,64.05000305175781,62.880001068115234,64.0,60.62590789794922,1631200,0.0,0.0
2024-11-27,64.4800033569336,64.61000061035156,63.47999954223633,63.88999938964844,60.521705627441406,1017800,0.0,0.0
2024-11-29,66.0,66.29000091552734,64.62999725341797,65.1500015258789,61.71528244018555,1492300,0.0,0.0
2024-12-02,65.1500015258789,66.18000030517578,64.25,64.7300033569336,61.31742858886719,1414600,0.0,0.0
2024-12-03,64.62999725341797,65.45999908447266,64.43000030517578,65.31999969482422,61.87631607055664,1130800,0.0,0.0
2024-12-04,65.33999633789062,67.5,65.2699966430664,67.26000213623047,63.714046478271484,2165400,0.0,0.0
2024-12-05,67.43000030517578,67.83000183105469,66.6500015258789,67.0999984741211,63.562469482421875,1666400,0.0,0.0
2024-12-06,67.25,67.47000122070312,65.87999725341797,65.9800033569336,62.50152587890625,1559900,0.0,0.0
2024-12-09,66.1500015258789,66.72000122070312,64.87999725341797,64.9800033569336,61.55424499511719,1218700,0.0,0.0
2024-12-10,64.91000366210938,65.86000061035156,64.80000305175781,65.36000061035156,61.91421127319336,1044100,0.0,0.0
2024-12-11,65.80999755859375,66.0,64.33999633789062,64.37999725341797,60.985870361328125,1752500,0.0,0.0
2024-12-12,63.70000076293945,64.69000244140625,63.33000183105469,64.05000305175781,60.67327880859375,2121000,0.0,0.0
2024-12-13,63.77000045776367,64.0,61.439998626708984,61.7599983215332,58.50400161743164,1971900,0.0,0.0
2024-12-16,61.70000076293945,61.88999938964844,60.11000061035156,60.81999969482422,57.61355972290039,2185900,0.0,0.0
2024-12-17,60.47999954223633,60.83000183105469,59.75,60.150001525878906,56.978885650634766,1753300,0.0,0.0
2024-12-18,60.02000045776367,60.56999969482422,58.04999923706055,58.11000061035156,55.04644012451172,1660800,0.0,0.0
2024-12-19,58.220001220703125,58.650001525878906,56.470001220703125,56.5099983215332,53.53078079223633,1896400,0.0,0.0
2024-12-20,56.45000076293945,57.900001525878906,56.43000030517578,57.58000183105469,54.544376373291016,5977300,0.0,0.0
2024-12-23,57.0099983215332,57.33000183105469,56.47999954223633,56.779998779296875,53.78655242919922,1495700,0.0,0.0
2024-12-24,56.79999923706055,57.279998779296875,56.099998474121094,57.150001525878906,54.13704299926758,696100,0.0,0.0
2024-12-26,56.630001068115234,57.56999969482422,56.459999084472656,57.0,53.99494934082031,1029400,0.0,0.0
2024-12-27,57.0,57.36000061035156,56.560001373291016,56.70000076293945,53.71076583862305,1139300,0.0,0.0
2024-12-30,56.5099983215332,56.5099983215332,55.560001373291016,55.709999084472656,52.772953033447266,1390400,0.0,0.0
2024-12-31,55.7400016784668,56.31999969482422,55.66999816894531,55.90999984741211,52.96241760253906,1018200,0.0,0.0
2025-01-02,56.529998779296875,56.83000183105469,55.779998779296875,56.43000030517578,53.45500564575195,1675500,0.0,0.0
2025-01-03,56.720001220703125,58.150001525878906,56.40999984741211,56.79999923706055,53.80548858642578,1125000,0.0,0.0
2025-01-06,57.22999954223633,58.04999923706055,56.599998474121094,56.88999938964844,53.890750885009766,1324700,0.0,0.0
2025-01-07,57.34000015258789,57.810001373291016,56.75,57.11000061035156,54.09915542602539,1983000,0.0,0.0
2025-01-08,57.029998779296875,57.16999816894531,56.0,57.11000061035156,54.09915542602539,1239500,0.0,0.0
2025-01-10,56.86000061035156,57.43000030517578,56.65999984741211,57.040000915527344,54.03284454345703,1167900,0.0,0.0
2025-01-13,56.900001525878906,57.599998474121094,56.380001068115234,57.400001525878906,54.373863220214844,1264000,0.0,0.0
2025-01-14,57.310001373291016,57.349998474121094,56.33000183105469,56.619998931884766,53.634986877441406,1428500,0.0,0.0
2025-01-15,56.91999816894531,57.529998779296875,55.59000015258789,56.15999984741211,53.19923400878906,1199400,0.0,0.0
2025-01-16,56.220001220703125,57.81999969482422,55.75,57.7400016784668,54.69593811035156,1503900,0.0,0.0
2025-01-17,58.290000915527344,58.290000915527344,57.0,57.34000015258789,54.31703186035156,1175400,0.0,0.0
2025-01-21,57.849998474121094,58.5,57.59000015258789,57.93000030517578,54.875919342041016,1135900,0.0,0.0
2025-01-22,57.650001525878906,57.91999816894531,56.90999984741211,57.25,54.23176956176758,948200,0.0,0.0
2025-01-23,57.0,57.65999984741211,56.79999923706055,57.540000915527344,54.5064811706543,1713300,0.0,0.0
2025-01-24,57.810001373291016,57.81999969482422,57.209999084472656,57.41999816894531,54.39280700683594,701800,0.0,0.0
2025-01-27,57.529998779296875,58.88999938964844,57.529998779296875,58.72999954223633,55.63374328613281,1334800,0.0,0.0
2025-01-28,58.599998474121094,59.2400016784668,58.209999084472656,58.290000915527344,55.21693801879883,926200,0.0,0.0
2025-01-29,58.400001525878906,59.0,57.91999816894531,58.54999923706055,55.463233947753906,739200,0.0,0.0
2025-01-30,58.709999084472656,59.709999084472656,58.709999084472656,59.560001373291016,56.41998291015625,1041000,0.0,0.0
2025-01-31,59.560001373291016,59.560001373291016,57.459999084472656,57.84000015258789,54.79066848754883,1322700,0.0,0.0
2025-02-03,56.4900016784668,57.33000183105469,55.5099983215332,56.63999938964844,53.653926849365234,1544800,0.0,0.0
2025-02-04,56.63999938964844,57.279998779296875,56.40999984741211,57.150001525878906,54.13704299926758,1226600,0.0,0.0
2025-02-05,58.720001220703125,60.06999969482422,58.0099983215332,58.900001525878906,55.79478454589844,2342300,0.0,0.0
2025-02-06,59.709999084472656,60.060001373291016,58.81999969482422,59.650001525878906,56.505245208740234,1375000,0.0,0.0
2025-02-07,59.790000915527344,59.790000915527344,58.650001525878906,59.04999923706055,55.93687438964844,1104100,0.0,0.0
2025-02-10,59.36000061035156,60.34000015258789,58.70000076293945,59.40999984741211,56.277896881103516,1293100,0.0,0.0
2025-02-11,59.25,60.380001068115234,59.22999954223633,60.09000015258789,56.92204666137695,1345000,0.0,0.0
2025-02-12,59.33000183105469,59.77000045776367,58.86000061035156,59.720001220703125,56.57155227661133,943500,0.0,0.0
2025-02-13,60.209999084472656,60.470001220703125,59.61000061035156,60.25,57.0736083984375,1227900,0.0,0.0
2025-02-14,60.08000183105469,60.970001220703125,60.08000183105469,60.81999969482422,57.61355972290039,1170100,0.0,0.0
2025-02-18,60.81999969482422,61.279998779296875,60.189998626708984,61.25,58.020896911621094,2027500,0.0,0.0
2025-02-19,60.79999923706055,61.5099983215332,60.20000076293945,61.13999938964844,57.91668701171875,2049100,0.0,0.0
2025-02-20,64.0999984741211,70.04000091552734,63.7599983215332,69.05999755859375,65.41913604736328,5552900,0.0,0.0
2025-02-21,68.7699966430664,69.2300033569336,67.08000183105469,67.55999755859375,63.99822235107422,3172800,0.0,0.0
2025-02-24,67.55999755859375,67.69000244140625,65.26000213623047,67.05000305175781,63.51511764526367,2109700,0.0,0.0
2025-02-25,66.95999908447266,69.16000366210938,66.77999877929688,68.55000305175781,64.93603515625,2016200,0.0,0.0
2025-02-26,68.81999969482422,68.97000122070312,67.88999938964844,68.0199966430664,64.43396759033203,1291100,0.0,0.0
2025-02-27,67.47000122070312,67.94000244140625,65.88999938964844,66.01000213623047,62.52994918823242,1906800,0.0,0.0
2025-02-28,65.93000030517578,66.16000366210938,64.29000091552734,65.11000061035156,61.67738723754883,2232400,0.0,0.0
2025-03-03,64.41000366210938,65.1500015258789,63.459999084472656,63.689998626708984,60.98793411254883,1716600,0.7,0.0
2025-03-04,63.68000030517578,63.84000015258789,61.790000915527344,61.810001373291016,59.18769454956055,2325300,0.0,0.0
2025-03-05,61.810001373291016,63.31999969482422,61.54999923706055,63.040000915527344,60.36551284790039,1833800,0.0,0.0
2025-03-06,62.83000183105469,63.93000030517578,62.5,63.5099983215332,60.81556701660156,1373800,0.0,0.0
2025-03-07,63.33000183105469,65.04000091552734,62.970001220703125,64.3499984741211,61.61993408203125,2190100,0.0,0.0
2025-03-10,64.04000091552734,65.70999908447266,63.59000015258789,63.93000030517578,61.217750549316406,1723300,0.0,0.0
2025-03-11,63.93000030517578,64.19000244140625,62.650001525878906,62.95000076293945,60.279327392578125,2106000,0.0,0.0
2025-03-12,62.810001373291016,63.56999969482422,61.599998474121094,61.86000061035156,59.235572814941406,2113300,0.0,0.0
2025-03-13,61.70000076293945,62.22999954223633,59.099998474121094,59.29999923706055,56.7841796875,2173000,0.0,0.0
2025-03-14,60.22999954223633,60.22999954223633,59.040000915527344,59.790000915527344,57.253395080566406,1902400,0.0,0.0
2025-03-17,59.560001373291016,60.65999984741211,59.52000045776367,60.220001220703125,57.66514587402344,1533100,0.0,0.0
2025-03-18,60.2599983215332,60.529998779296875,59.65999984741211,59.959999084472656,57.41617965698242,1501000,0.0,0.0
2025-03-19,60.119998931884766,60.779998779296875,59.65999984741211,60.619998931884766,58.04818344116211,1523700,0.0,0.0
2025-03-20,60.380001068115234,61.560001373291016,59.84000015258789,60.380001068115234,57.818363189697266,2746700,0.0,0.0
2025-03-21,60.040000915527344,60.9900016784668,58.81999969482422,60.56999969482422,58.00030517578125,5505500,0.0,0.0
2025-03-24,60.83000183105469,61.83000183105469,60.7599983215332,61.599998474121094,58.98659896850586,1175100,0.0,0.0
2025-03-25,61.7400016784668,61.75,60.599998474121094,61.040000915527344,58.45035934448242,1486400,0.0,0.0
2025-03-26,61.16999816894531,61.97999954223633,61.0,61.4900016784668,58.88127517700195,1309800,0.0,0.0
2025-03-27,61.619998931884766,61.77000045776367,60.79999923706055,61.380001068115234,58.77593994140625,750900,0.0,0.0
2025-03-28,61.369998931884766,61.61000061035156,60.43000030517578,60.59000015258789,58.01945114135742,887400,0.0,0.0
2025-03-31,60.5099983215332,61.59000015258789,59.88999938964844,61.4900016784668,58.88127517700195,1673300,0.0,0.0
2025-04-01,61.31999969482422,62.16999816894531,60.939998626708984,62.13999938964844,59.503692626953125,1165300,0.0,0.0
2025-04-02,61.70000076293945,62.90999984741211,61.439998626708984,62.689998626708984,60.030357360839844,968400,0.0,0.0
2025-04-03,58.79999923706055,59.02000045776367,53.810001373291016,54.9900016784668,52.65703582763672,4110600,0.0,0.0
2025-04-04,52.84000015258789,54.5,51.119998931884766,53.959999084472656,51.67073440551758,3044000,0.0,0.0
2025-04-07,52.11000061035156,55.56999969482422,51.33000183105469,53.16999816894531,50.914241790771484,3528200,0.0,0.0
2025-04-08,55.0,55.5,50.400001525878906,50.709999084472656,48.55861282348633,3551400,0.0,0.0
2025-04-09,50.18000030517578,55.54999923706055,49.0,55.18000030517578,52.83897018432617,3401600,0.0,0.0
2025-04-10,53.810001373291016,54.349998474121094,49.790000915527344,51.0,48.83631134033203,2461900,0.0,0.0
2025-04-11,50.880001068115234,52.16999816894531,49.08000183105469,52.040000915527344,49.83218765258789,1826000,0.0,0.0
2025-04-14,52.81999969482422,53.560001373291016,52.290000915527344,53.349998474121094,51.08660888671875,1546400,0.0,0.0
2025-04-15,53.040000915527344,53.689998626708984,51.970001220703125,52.4900016784668,50.263099670410156,1449000,0.0,0.0
2025-04-16,52.4900016784668,52.90999984741211,51.33000183105469,51.880001068115234,49.67898178100586,1401100,0.0,0.0
2025-04-17,51.79999923706055,52.970001220703125,51.79999923706055,52.650001525878906,50.41630935668945,1446500,0.0,0.0
2025-04-21,51.90999984741211,52.15999984741211,50.54999923706055,51.540000915527344,49.353397369384766,1988800,0.0,0.0
2025-04-22,52.18000030517578,52.77000045776367,51.7400016784668,52.099998474121094,49.88964080810547,2149600,0.0,0.0
2025-04-23,53.65999984741211,55.34000015258789,52.310001373291016,52.689998626708984,50.45460891723633,3866800,0.0,0.0
2025-04-24,56.650001525878906,61.56999969482422,56.63999938964844,60.369998931884766,57.80878448486328,6126900,0.0,0.0
2025-04-25,61.849998474121094,61.849998474121094,59.849998474121094,60.9900016784668,58.40248489379883,3857600,0.0,0.0
2025-04-28,61.08000183105469,62.63999938964844,60.349998474121094,61.34000015258789,58.737632751464844,2348600,0.0,0.0
2025-04-29,61.060001373291016,62.2400016784668,60.650001525878906,61.56999969482422,58.95787048339844,2248900,0.0,0.0
2025-04-30,61.0099983215332,62.029998779296875,60.040000915527344,61.900001525878906,59.27387619018555,2265300,0.0,0.0
2025-05-01,61.709999084472656,62.060001373291016,60.66999816894531,60.709999084472656,58.134361267089844,1715100,0.0,0.0
2025-05-02,61.689998626708984,62.7599983215332,61.04999923706055,61.75,59.13024139404297,2499300,0.0,0.0
2025-05-05,61.290000915527344,61.959999084472656,60.33000183105469,61.189998626708984,58.593994140625,1481100,0.0,0.0
2025-05-06,61.029998779296875,61.65999984741211,60.560001373291016,60.91999816894531,58.33544921875,1532500,0.0,0.0
2025-05-07,61.40999984741211,61.66999816894531,60.63999938964844,61.43000030517578,58.823814392089844,1636800,0.0,0.0
2025-05-08,61.81999969482422,62.81999969482422,61.189998626708984,61.779998779296875,59.158966064453125,2613400,0.0,0.0
2025-05-09,61.81999969482422,62.70000076293945,61.45000076293945,61.52000045776367,58.909996032714844,1335100,0.0,0.0
2025-05-12,64.0199966430664,66.06999969482422,64.0,65.55999755859375,62.778594970703125,4201300,0.0,0.0
2025-05-13,65.66999816894531,66.58999633789062,65.1500015258789,65.83000183105469,63.03715133666992,2330100,0.0,0.0
2025-05-14,65.58000183105469,65.77999877929688,64.81999969482422,65.20999908447266,62.44344711303711,2603300,0.0,0.0
2025-05-15,65.26000213623047,66.5199966430664,64.86000061035156,66.47000122070312,63.64999008178711,2150100,0.0,0.0
2025-05-16,66.47000122070312,67.26000213623047,66.22000122070312,67.20999908447266,64.35859680175781,1522600,0.0,0.0
2025-05-19,66.66000366210938,68.31999969482422,66.56999969482422,68.18000030517578,65.28744506835938,3027200,0.0,0.0
2025-05-20,68.08000183105469,68.87999725341797,68.08000183105469,68.36000061035156,65.45980834960938,1905800,0.0,0.0
2025-05-21,67.31999969482422,67.76000213623047,66.25,66.27999877929688,64.12467956542969,1626800,0.7,0.0
2025-05-22,66.16000366210938,66.66000366210938,65.86000061035156,66.4000015258789,64.24078369140625,1128900,0.0,0.0
2025-05-23,64.73999786376953,66.13999938964844,64.73999786376953,65.83000183105469,63.68932342529297,1341000,0.0,0.0
2025-05-27,66.4800033569336,67.44000244140625,66.12000274658203,67.37999725341797,65.18891143798828,1316900,0.0,0.0
2025-05-28,67.37999725341797,67.72000122070312,66.1500015258789,66.27999877929688,64.12467956542969,1182500,0.0,0.0
2025-05-29,67.05000305175781,67.61000061035156,66.06999969482422,66.80000305175781,64.62777709960938,2442100,0.0,0.0
2025-05-30,66.75,67.19999694824219,66.0,66.70999908447266,64.54069519042969,2145400,0.0,0.0
2025-06-02,66.55000305175781,66.55000305175781,65.43000030517578,65.55000305175781,63.418426513671875,1940600,0.0,0.0
2025-06-03,65.44999694824219,66.01000213623047,64.8499984741211,65.68000030517578,63.544193267822266,1113800,0.0,0.0
2025-06-04,65.66000366210938,66.0,64.91000366210938,65.43000030517578,63.30232238769531,1470300,0.0,0.0
2025-06-05,65.18000030517578,66.16000366210938,65.05999755859375,65.18000030517578,63.06045150756836,1445400,0.0,0.0
2025-06-06,65.43000030517578,66.69999694824219,65.43000030517578,66.31999969482422,64.16338348388672,1238800,0.0,0.0
2025-06-09,66.52999877929688,67.8499984741211,66.30000305175781,67.56999969482422,65.37274169921875,1677400,0.0,0.0
2025-06-10,67.69999694824219,69.0,67.69999694824219,68.8499984741211,66.61111450195312,1883400,0.0,0.0
2025-06-11,69.25,69.55000305175781,68.7300033569336,69.04000091552734,66.79493713378906,2498600,0.0,0.0
2025-06-12,68.95999908447266,69.70999908447266,68.41999816894531,69.5,67.23998260498047,2199900,0.0,0.0
2025-06-13,68.91999816894531,69.44999694824219,67.43000030517578,67.80999755859375,65.60492706298828,1689600,0.0,0.0
2025-06-16,68.66000366210938,69.80000305175781,67.81999969482422,69.7699966430664,67.5011978149414,1984900,0.0,0.0
2025-06-17,69.16000366210938,69.52999877929688,67.44999694824219,67.5,65.30500793457031,2892500,0.0,0.0
2025-06-18,67.29000091552734,68.5199966430664,67.11000061035156,67.93000030517578,65.72102355957031,1993200,0.0,0.0
2025-06-20,68.36000061035156,68.8499984741211,67.88999938964844,68.62999725341797,66.39826965332031,2353200,0.0,0.0
2025-06-23,68.31999969482422,70.83999633789062,68.19999694824219,70.5999984741211,68.30420684814453,2581700,0.0,0.0
2025-06-24,70.93000030517578,73.0199966430664,70.76000213623047,72.58000183105469,70.21981811523438,3272600,0.0,0.0
2025-06-25,72.44000244140625,72.66000366210938,71.22000122070312,71.68000030517578,69.34908294677734,1742700,0.0,0.0
2025-06-26,71.69000244140625,72.55999755859375,71.37000274658203,72.30999755859375,69.9585952758789,1247400,0.0,0.0
2025-06-27,72.80000305175781,73.45999908447266,72.30999755859375,73.12999725341797,70.7519302368164,4666900,0.0,0.0
2025-06-30,73.16000366210938,73.97000122070312,72.2300033569336,73.81999969482422,71.41948699951172,2266300,0.0,0.0
2025-07-01,75.12000274658203,78.83000183105469,74.94999694824219,76.98999786376953,74.48641204833984,5231100,0.0,0.0
2025-07-02,76.68000030517578,78.2699966430664,75.48999786376953,78.22000122070312,75.6764144897461,2185400,0.0,0.0
2025-07-03,78.08999633789062,78.37999725341797,77.2699966430664,77.63999938964844,75.11527252197266,1693000,0.0,0.0
2025-07-07,77.25,77.94000244140625,75.91000366210938,76.55000305175781,74.06072235107422,1969900,0.0,0.0
2025-07-08,76.56999969482422,77.16999816894531,75.72000122070312,76.51000213623047,74.02201843261719,4796200,0.0,0.0
2025-07-09,76.83000183105469,77.0,75.5,76.68000030517578,74.18648529052734,2117400,0.0,0.0
2025-07-10,76.91000366210938,77.83000183105469,76.44999694824219,77.0999984741211,74.59282684326172,1833700,0.0,0.0
2025-07-11,76.77999877929688,76.77999877929688,75.11000061035156,75.37000274658203,72.91910552978516,1738600,0.0,0.0
2025-07-14,75.30000305175781,76.33000183105469,74.80999755859375,75.79000091552734,73.32543182373047,1719700,0.0,0.0
2025-07-15,76.12000274658203,76.13999938964844,74.5199966430664,74.83999633789062,72.40631866455078,1627300,0.0,0.0
2025-07-16,75.36000061035156,75.9800033569336,74.5999984741211,75.91999816894531,73.45120239257812,1491400,0.0,0.0
2025-07-17,76.12000274658203,77.93000030517578,76.05000305175781,77.19000244140625,74.6799087524414,1990200,0.0,0.0
2025-07-18,77.30999755859375,77.87999725341797,76.41999816894531,77.80999755859375,75.27974700927734,1836700,0.0,0.0
2025-07-21,77.9000015258789,78.0,76.83999633789062,77.66999816894531,75.14429473876953,2351500,0.0,0.0
2025-07-22,77.91999816894531,78.81999969482422,77.37000274658203,77.56999969482422,75.04755401611328,4109000,0.0,0.0
2025-07-23,77.5,77.9000015258789,74.08999633789062,76.83999633789062,74.34129333496094,5353000,0.0,0.0
2025-07-24,76.4800033569336,77.5199966430664,74.86000061035156,75.05000305175781,72.6094970703125,3894000,0.0,0.0
2025-07-25,75.83999633789062,76.12000274658203,73.86000061035156,74.9800033569336,72.5417709350586,2542000,0.0,0.0
2025-07-28,75.72000122070312,76.44999694824219,74.66000366210938,76.30000305175781,73.81885528564453,3564800,0.0,0.0
2025-07-29,76.44999694824219,77.41999816894531,75.54000091552734,76.30000305175781,73.81885528564453,2845600,0.0,0.0
2025-07-30,76.4000015258789,76.62999725341797,75.30999755859375,76.0,73.52860260009766,1733100,0.0,0.0
2025-07-31,75.58999633789062,75.81999969482422,74.69000244140625,75.16000366210938,72.7159194946289,2203000,0.0,0.0
2025-08-01,74.66000366210938,75.43000030517578,74.05000305175781,74.62999725341797,72.20315551757812,2129300,0.0,0.0
2025-08-04,75.2300033569336,77.0199966430664,74.87999725341797,76.88999938964844,74.38965606689453,2332800,0.0,0.0
2025-08-05,76.94999694824219,77.47000122070312,75.80000305175781,76.97000122070312,74.4670639038086,2205100,0.0,0.0
2025-08-06,77.31999969482422,77.58999633789062,76.63999938964844,77.05000305175781,74.54446411132812,1559200,0.0,0.0
2025-08-07,77.31999969482422,77.5,76.30000305175781,77.3499984741211,74.83470153808594,1938400,0.0,0.0
2025-08-08,77.58999633789062,78.27999877929688,77.05000305175781,77.48999786376953,74.97014617919922,2116600,0.0,0.0
2025-08-11,77.4000015258789,78.0,77.27999877929688,77.56999969482422,75.04755401611328,1737800,0.0,0.0
2025-08-12,77.75,78.30000305175781,77.08999633789062,78.25,75.70543670654297,2132200,0.0,0.0
2025-08-13,78.70999908447266,80.41999816894531,78.4800033569336,80.31999969482422,77.70812225341797,3413400,0.0,0.0
2025-08-14,79.5199966430664,80.83000183105469,79.08000183105469,80.55000305175781,77.9306411743164,1944800,0.0,0.0
2025-08-15,80.93000030517578,81.30999755859375,80.12999725341797,81.13999938964844,78.50144958496094,1498900,0.0,0.0
2025-08-18,81.13999938964844,81.83000183105469,80.91999816894531,81.51000213623047,78.85942840576172,1351700,0.0,0.0
2025-08-19,81.55999755859375,81.97000122070312,79.9000015258789,80.05000305175781,77.44691467285156,1450400,0.0,0.0
2025-08-20,79.41999816894531,80.12999725341797,79.16000366210938,79.69000244140625,77.77874755859375,1201700,0.7,0.0
2025-08-21,79.18000030517578,79.5999984741211,78.5,79.41000366210938,77.5054702758789,1001400,0.0,0.0
2025-08-22,79.66999816894531,82.05000305175781,79.66999816894531,81.8499984741211,79.8869400024414,1159800,0.0,0.0
2025-08-25,81.43000030517578,81.69000244140625,80.87999725341797,81.05999755859375,79.11589050292969,857900,0.0,0.0
2025-08-26,81.08999633789062,81.83999633789062,80.73999786376953,81.5999984741211,79.6429443359375,2283200,0.0,0.0
2025-08-27,81.52999877929688,82.19000244140625,81.19000244140625,81.55999755859375,79.6039047241211,1021200,0.0,0.0
2025-08-28,81.55999755859375,81.72000122070312,80.86000061035156,81.5999984741211,79.6429443359375,1119300,0.0,0.0
2025-08-29,81.47000122070312,82.01000213623047,80.56999969482422,81.16999816894531,79.22325134277344,991100,0.0,0.0
2025-09-02,79.9000015258789,80.5999984741211,79.19000244140625,79.75,77.83731079101562,1598000,0.0,0.0
2025-09-03,79.66999816894531,80.5,78.9800033569336,79.02999877929688,77.13457489013672,1606400,0.0,0.0
2025-09-04,79.37000274658203,80.44000244140625,78.77999877929688,80.4000015258789,78.47173309326172,1226400,0.0,0.0
2025-09-05,80.62000274658203,81.27999877929688,79.29000091552734,79.7300033569336,77.81779479980469,1362100,0.0,0.0
2025-09-08,79.79000091552734,79.79000091552734,78.4000015258789,79.36000061035156,77.4566650390625,1444800,0.0,0.0
2025-09-09,79.16000366210938,79.16000366210938,78.12000274658203,78.63999938964844,76.75393676757812,1143700,0.0,0.0
2025-09-10,78.36000061035156,78.55999755859375,77.12999725341797,77.66000366210938,75.79743957519531,1183900,0.0,0.0
2025-09-11,77.70999908447266,80.11000061035156,77.70999908447266,79.94999694824219,78.03251647949219,2008600,0.0,0.0
2025-09-12,79.5,79.8499984741211,78.36000061035156,78.37999725341797,76.50017547607422,1147500,0.0,0.0
2025-09-15,78.61000061035156,78.61000061035156,75.95999908447266,76.0,74.17724609375,2104200,0.0,0.0
2025-09-16,76.16000366210938,76.3499984741211,74.0999984741211,74.69000244140625,72.89867401123047,2033600,0.0,0.0
2025-09-17,75.0999984741211,75.8499984741211,73.73999786376953,73.91999816894531,72.14713287353516,1589000,0.0,0.0
2025-09-18,74.44000244140625,75.18000030517578,73.7699966430664,74.87999725341797,73.08411407470703,1317900,0.0,0.0
2025-09-19,74.6500015258789,74.73999786376953,72.97000122070312,74.1500015258789,72.37162017822266,2278600,0.0,0.0
2025-09-22,74.1500015258789,75.3499984741211,73.69999694824219,74.70999908447266,72.9181900024414,1852900,0.0,0.0
2025-09-23,74.7699966430664,75.54000091552734,74.73999786376953,74.81999969482422,73.02555084228516,1492300,0.0,0.0
2025-09-24,74.94000244140625,75.43000030517578,74.33000183105469,75.2300033569336,73.42572784423828,1120100,0.0,0.0
2025-09-25,75.16000366210938,75.52999877929688,74.45999908447266,74.55999755859375,72.77178192138672,1519900,0.0,0.0
2025-09-26,74.9800033569336,75.6500015258789,74.3499984741211,75.58999633789062,73.77708435058594,1471200,0.0,0.0
2025-09-29,76.5199966430664,77.13999938964844,75.27999877929688,76.94999694824219,75.10446166992188,2358900,0.0,0.0
2025-09-30,76.83000183105469,77.16000366210938,75.08000183105469,75.8499984741211,74.03084564208984,1353100,0.0,0.0
2025-10-01,75.8499984741211,76.2300033569336,74.4800033569336,75.30999755859375,73.50379943847656,4326600,0.0,0.0
2025-10-02,75.5199966430664,75.5199966430664,73.95999908447266,75.16999816894531,73.36715698242188,1548100,0.0,0.0
2025-10-03,75.33000183105469,76.25,75.04000091552734,75.88999938964844,74.06988525390625,1238000,0.0,0.0
2025-10-06,75.83000183105469,76.41999816894531,74.62999725341797,74.77999877929688,72.98651885986328,1499300,0.0,0.0
2025-10-07,74.77999877929688,75.33999633789062,74.44999694824219,74.83000183105469,73.03531646728516,1325300,0.0,0.0
2025-10-08,74.83000183105469,76.06999969482422,74.1500015258789,75.56999969482422,73.757568359375,1102800,0.0,0.0
2025-10-09,75.75,75.9000015258789,74.04000091552734,74.63999938964844,72.84986877441406,894900,0.0,0.0
2025-10-10,74.98999786376953,74.98999786376953,70.91000366210938,70.94999694824219,69.24836730957031,1759800,0.0,0.0
2025-10-13,71.94999694824219,72.83999633789062,71.31999969482422,72.41000366210938,70.6733627319336,1583700,0.0,0.0
2025-10-14,71.87999725341797,73.55999755859375,71.25,73.13999938964844,71.3858413696289,1359300,0.0,0.0
2025-10-15,73.69000244140625,74.38999938964844,73.30000305175781,74.12999725341797,72.35209655761719,1170000,0.0,0.0
2025-10-16,74.4000015258789,74.54000091552734,73.16000366210938,74.4000015258789,72.6156234741211,1239300,0.0,0.0
2025-10-17,74.2699966430664,74.9000015258789,73.94999694824219,74.80999755859375,73.01579284667969,1303700,0.0,0.0
2025-10-20,75.0,75.25,74.2699966430664,74.79000091552734,72.99627685546875,1211800,0.0,0.0
2025-10-21,74.51000213623047,75.55999755859375,74.06999969482422,74.83000183105469,73.03531646728516,1633500,0.0,0.0
2025-10-22,74.2300033569336,75.83999633789062,73.83999633789062,75.16000366210938,73.3573989868164,2165800,0.0,0.0
2025-10-23,71.0,78.37999725341797,69.5,77.94000244140625,76.07072448730469,4580100,0.0,0.0
2025-10-24,78.66000366210938,80.04000091552734,76.0999984741211,76.69999694824219,74.8604507446289,4426900,0.0,0.0
2025-10-27,77.52999877929688,78.38999938964844,77.18000030517578,78.08999633789062,76.21711730957031,2157000,0.0,0.0
2025-10-28,77.7699966430664,78.29000091552734,77.05000305175781,77.94000244140625,76.07072448730469,1484200,0.0,0.0
2025-10-29,77.6500015258789,78.9800033569336,77.05999755859375,77.95999908447266,76.09024810791016,2402700,0.0,0.0
2025-10-30,77.6500015258789,78.43000030517578,76.41000366210938,76.55000305175781,74.71406555175781,2132300,0.0,0.0
2025-10-31,76.16000366210938,77.19000244140625,75.81999969482422,76.30999755859375,74.47981262207031,2214000,0.0,0.0
2025-11-03,75.9800033569336,76.30999755859375,75.08000183105469,75.8499984741211,74.03084564208984,1601500,0.0,0.0
2025-11-04,75.45999908447266,76.70999908447266,75.37999725341797,75.9800033569336,74.1577377319336,1482500,0.0,0.0
2025-11-05,76.05000305175781,77.97000122070312,74.80999755859375,76.87000274658203,75.0263900756836,2872700,0.0,0.0
2025-11-06,76.9800033569336,78.0,76.1500015258789,76.61000061035156,74.77261352539062,1629600,0.0,0.0
2025-11-07,76.66000366210938,77.19000244140625,76.08999633789062,76.56999969482422,74.73358154296875,1736400,0.0,0.0
2025-11-10,77.1500015258789,78.37000274658203,76.61000061035156,78.1500015258789,76.27568817138672,2082600,0.0,0.0
2025-11-11,78.4800033569336,79.02999877929688,77.91000366210938,78.43000030517578,76.5489730834961,1282300,0.0,0.0
2025-11-12,78.9800033569336,79.80999755859375,78.83999633789062,79.12999725341797,77.232177734375,1643300,0.0,0.0
2025-11-13,78.72000122070312,79.5999984741211,78.52999877929688,78.9000015258789,77.00769805908203,1963400,0.0,0.0
2025-11-14,78.80000305175781,79.0,77.55000305175781,77.70999908447266,75.84623718261719,1663800,0.0,0.0
2025-11-17,77.76000213623047,77.9800033569336,76.66000366210938,77.04000091552734,75.19230651855469,1469200,0.0,0.0
2025-11-18,76.61000061035156,76.81999969482422,75.37000274658203,76.04000091552734,74.21629333496094,1550100,0.0,0.0
2025-11-19,75.30000305175781,77.01000213623047,74.77999877929688,76.47000122070312,75.32943725585938,2559300,0.7,0.0
2025-11-20,77.43000030517578,78.69000244140625,76.69999694824219,76.76000213623047,75.6151123046875,1974300,0.0,0.0
2025-11-21,77.11000061035156,79.30000305175781,76.61000061035156,79.19999694824219,78.01872253417969,2961100,0.0,0.0
2025-11-24,79.2699966430664,80.30999755859375,78.2300033569336,79.3499984741211,78.1664810180664,2080400,0.0,0.0
2025-11-25,79.75,82.30999755859375,79.5,81.56999969482422,80.3533706665039,2749900,0.0,0.0
2025-11-26,81.55999755859375,83.4000015258789,81.0,82.66999816894531,81.43695831298828,1711100,0.0,0.0
2025-11-28,82.58999633789062,82.9000015258789,82.5,82.5999984741211,81.36800384521484,1023800,0.0,0.0
2025-12-01,82.1500015258789,83.44999694824219,82.0,82.69000244140625,81.4566650390625,1625600,0.0,0.0
2025-12-02,82.69999694824219,82.83000183105469,81.23999786376953,81.6500015258789,80.43218231201172,1234800,0.0,0.0
2025-12-03,81.73999786376953,83.37999725341797,81.72000122070312,82.47000122070312,81.23995208740234,1355900,0.0,0.0
2025-12-04,82.37999725341797,82.54000091552734,81.2699966430664,81.8499984741211,80.62918853759766,1037200,0.0,0.0
2025-12-05,81.7699966430664,82.41999816894531,80.93000030517578,81.0999984741211,79.89037322998047,1097500,0.0,0.0
2025-12-08,81.5199966430664,82.77999877929688,80.41999816894531,81.12999725341797,79.91992950439453,1556200,0.0,0.0
2025-12-09,80.79000091552734,81.05999755859375,79.41999816894531,79.86000061035156,78.66887664794922,1438200,0.0,0.0
2025-12-10,79.86000061035156,82.41999816894531,79.68000030517578,82.16000366210938,80.93457794189453,1442400,0.0,0.0
2025-12-11,82.08000183105469,85.1500015258789,81.86000061035156,83.95999908447266,82.70772552490234,2651300,0.0,0.0
2025-12-12,84.0,84.91999816894531,81.12999725341797,81.55000305175781,80.33367919921875,2240300,0.0,0.0
2025-12-15,82.36000061035156,82.36000061035156,80.9000015258789,81.0999984741211,79.89037322998047,2553200,0.0,0.0
2025-12-16,81.13999938964844,81.73999786376953,79.69999694824219,80.41000366210938,79.21067810058594,2412900,0.0,0.0
2025-12-17,80.2699966430664,81.77999877929688,79.4800033569336,81.3499984741211,80.13665008544922,1600000,0.0,0.0
2025-12-18,81.70999908447266,82.51000213623047,81.56999969482422,82.02999877929688,80.80651092529297,1851000,0.0,0.0
2025-12-19,82.02999877929688,82.47000122070312,81.5,81.9800033569336,80.75726318359375,1771300,0.0,0.0
2025-12-22,81.9800033569336,82.1500015258789,81.30000305175781,81.55999755859375,80.34352111816406,1050400,0.0,0.0
2025-12-23,81.79000091552734,81.98999786376953,81.0,81.41000366210938,80.19576263427734,1094900,0.0,0.0
2025-12-24,81.37999725341797,81.94000244140625,81.05000305175781,81.62999725341797,80.4124755859375,349300,0.0,0.0
2025-12-26,81.43000030517578,82.56999969482422,81.4000015258789,82.55999755859375,81.32860565185547,660100,0.0,0.0
2025-12-29,82.37999725341797,82.9800033569336,82.33000183105469,82.83000183105469,81.5945816040039,889400,0.0,0.0
2025-12-30,82.83000183105469,82.91000366210938,82.37999725341797,82.66999816894531,81.43695831298828,1724800,0.0,0.0
2025-12-31,82.83000183105469,82.83000183105469,81.9800033569336,82.0,80.77696228027344,924600,0.0,0.0
2026-01-02,82.0,83.16000366210938,81.6500015258789,82.97000122070312,81.73249053955078,967700,0.0,0.0
2026-01-05,82.80999755859375,86.51000213623047,82.6500015258789,85.58000183105469,84.3035659790039,1751100,0.0,0.0
2026-01-06,85.29000091552734,87.37999725341797,84.01000213623047,87.23999786376953,85.93880462646484,1764000,0.0,0.0
2026-01-07,87.29000091552734,88.16999816894531,86.31999969482422,87.0199966430664,85.72207641601562,1584400,0.0,0.0
2026-01-08,86.52999877929688,89.19999694824219,86.44999694824219,89.13999938964844,87.81046295166016,2514100,0.0,0.0
2026-01-09,88.93000030517578,89.04000091552734,86.18000030517578,86.72000122070312,85.42655181884766,2797700,0.0,0.0
2026-01-12,86.36000061035156,87.01000213623047,85.6500015258789,86.63999938964844,85.34774780273438,1724200,0.0,0.0
2026-01-13,86.48999786376953,87.5,85.94999694824219,86.87000274658203,85.57432556152344,2367800,0.0,0.0
2026-01-14,86.6500015258789,87.0199966430664,84.37999725341797,85.41999816894531,84.14594268798828,1491300,0.0,0.0
2026-01-15,85.70999908447266,87.37999725341797,85.04000091552734,86.88999938964844,85.59402465820312,1293500,0.0,0.0
2026-01-16,86.80000305175781,87.05000305175781,85.7699966430664,86.19999694824219,84.914306640625,1329200,0.0,0.0
2026-01-20,85.48999786376953,86.45999908447266,84.5999984741211,85.12999725341797,83.86026763916016,2479900,0.0,0.0
2026-01-21,85.86000061035156,87.91999816894531,85.19999694824219,87.9000015258789,86.58895874023438,2098600,0.0,0.0
2026-01-22,88.26000213623047,88.91000366210938,87.98999786376953,88.75,87.42628479003906,1251000,0.0,0.0
2026-01-23,88.58999633789062,89.01000213623047,88.20999908447266,88.68000030517578,87.3573226928711,1702400,0.0,0.0
2026-01-26,88.68000030517578,89.47000122070312,88.44999694824219,89.41000366210938,88.0764389038086,1258800,0.0,0.0
2026-01-27,89.47000122070312,90.12000274658203,88.7699966430664,89.69000244140625,88.35226440429688,1158400,0.0,0.0
2026-01-28,89.86000061035156,90.47000122070312,89.08000183105469,89.87999725341797,88.53942108154297,1197700,0.0,0.0
2026-01-29,90.12999725341797,90.80000305175781,89.4000015258789,90.45999908447266,89.11077880859375,1649000,0.0,0.0
2026-01-30,90.2699966430664,90.75,87.9000015258789,89.30999755859375,87.9779281616211,2336900,0.0,0.0
2026-02-02,89.30999755859375,93.94000244140625,88.87999725341797,93.83999633789062,92.44035339355469,1833800,0.0,0.0
2026-02-03,93.93000030517578,95.91000366210938,93.75,94.66000366210938,93.24813079833984,2067800,0.0,0.0
2026-02-04,95.38999938964844,97.41000366210938,95.04000091552734,96.58999633789062,95.14933776855469,1810700,0.0,0.0
2026-02-05,95.91000366210938,96.1500015258789,94.33999633789062,95.43000030517578,94.00664520263672,2161900,0.0,0.0
2026-02-06,96.5,96.61000061035156,93.69999694824219,93.83999633789062,92.44035339355469,3118600,0.0,0.0
2026-02-09,93.97000122070312,96.7699966430664,93.27999877929688,96.76000213623047,95.31681060791016,4688700,0.0,0.0
2026-02-10,98.8499984741211,105.3499984741211,98.8499984741211,104.0,102.44882202148438,6079400,0.0,0.0
2026-02-11,103.79000091552734,106.70999908447266,103.51000213623047,105.94000244140625,104.35989379882812,3093800,0.0,0.0
2026-02-12,105.88999938964844,106.9800033569336,101.20999908447266,101.56999969482422,100.05506896972656,3225700,0.0,0.0
2026-02-13,101.77999877929688,103.55999755859375,100.95999908447266,102.44999694824219,100.92194366455078,2435300,0.0,0.0
2026-02-17,102.26000213623047,103.18000030517578,101.54000091552734,102.2300033569336,100.7052230834961,1977000,0.0,0.0
2026-02-18,101.69000244140625,102.8499984741211,100.83000183105469,101.16999816894531,100.34814453125,1595400,0.7,0.0
2026-02-19,100.94000244140625,101.58000183105469,99.7699966430664,101.0,100.17952728271484,1490100,0.0,0.0
2026-02-20,101.0,102.68000030517578,99.69999694824219,101.45999908447266,100.63579559326172,2012100,0.0,0.0
2026-02-23,100.66000366210938,101.16999816894531,96.88999938964844,98.2699966430664,97.4717025756836,2037000,0.0,0.0
2026-02-24,98.9800033569336,100.47000122070312,98.80999755859375,99.80000305175781,98.9892807006836,1153500,0.0,0.0
2026-02-25,100.6500015258789,100.69000244140625,98.61000061035156,99.75,98.93968200683594,1577600,0.0,0.0
2026-02-26,100.06999969482422,101.58999633789062,99.69000244140625,100.36000061035156,99.54473114013672,1496200,0.0,0.0
2026-02-27,99.33999633789062,100.25,98.80000305175781,99.58999633789062,98.7809829711914,2106200,0.0,0.0
2026-03-02,97.69999694824219,99.13999938964844,95.87999725341797,99.05000305175781,98.24537658691406,1782900,0.0,0.0
2026-03-03,96.26000213623047,98.18000030517578,94.91999816894531,97.62999725341797,96.83690643310547,1307600,0.0,0.0
2026-03-04,98.12999725341797,98.75,96.33999633789062,97.12999725341797,96.3409652709961,1608600,0.0,0.0
2026-03-05,96.5,96.72000122070312,94.69999694824219,95.37000274658203,94.59526824951172,1123500,0.0,0.0
2026-03-06,94.12000274658203,94.80000305175781,92.22000122070312,94.48999786376953,93.722412109375,1489200,0.0,0.0
2026-03-09,92.7699966430664,96.05000305175781,91.33999633789062,95.77999877929688,95.0019302368164,1417500,0.0,0.0
2026-03-10,95.80000305175781,96.58999633789062,94.45999908447266,95.06999969482422,94.29769897460938,935200,0.0,0.0
2026-03-11,94.05999755859375,95.19000244140625,93.55999755859375,94.2699966430664,93.50419616699219,1176900,0.0,0.0
2026-03-12,97.62000274658203,98.06999969482422,94.30999755859375,95.11000061035156,94.3373794555664,2939900,0.0,0.0
2026-03-13,95.4800033569336,96.05000305175781,93.2699966430664,93.4000015258789,92.64127349853516,1352000,0.0,0.0
2026-03-16,93.55000305175781,94.22000122070312,92.80000305175781,92.8499984741211,92.09573364257812,1292200,0.0,0.0
2026-03-17,93.5199966430664,94.51000213623047,93.1500015258789,93.27999877929688,92.5222396850586,1761200,0.0,0.0
2026-03-18,92.7300033569336,93.27999877929688,91.05000305175781,91.62999725341797,90.8856430053711,1240300,0.0,0.0
2026-03-19,91.30999755859375,91.9000015258789,90.4800033569336,91.36000061035156,90.61784362792969,1698400,0.0,0.0
2026-03-20,91.02999877929688,91.79000091552734,90.23999786376953,91.11000061035156,90.369873046875,2715900,0.0,0.0
2026-03-23,92.7699966430664,94.55999755859375,91.97000122070312,92.98999786376953,92.2345962524414,1837600,0.0,0.0
2026-03-24,91.93000030517578,93.61000061035156,91.62999725341797,92.5999984741211,91.84776306152344,887300,0.0,0.0
2026-03-25,92.70999908447266,93.66999816894531,91.3499984741211,92.19000244140625,91.44110107421875,971800,0.0,0.0
2026-03-26,91.18000030517578,92.5999984741211,90.79000091552734,91.16000366210938,90.41947174072266,1079600,0.0,0.0
2026-03-27,90.5999984741211,91.2300033569336,87.98999786376953,88.58999633789062,87.8703384399414,1822100,0.0,0.0
2026-03-30,89.79000091552734,90.75,88.83000183105469,89.38999938964844,88.6638412475586,2014200,0.0,0.0
2026-03-31,90.45999908447266,94.12999725341797,90.43000030517578,93.5999984741211,92.83964538574219,2067200,0.0,0.0
2026-04-01,91.5999984741211,92.58999633789062,88.41999816894531,89.37999725341797,88.65392303466797,3441200,0.0,0.0
2026-04-02,88.19999694824219,90.45999908447266,87.30000305175781,90.16000366210938,89.4275894165039,1729100,0.0,0.0
2026-04-06,89.91999816894531,90.47000122070312,89.0999984741211,90.41999816894531,89.68547821044922,1773200,0.0,0.0
2026-04-07,89.91000366210938,90.52999877929688,88.77999877929688,89.4000015258789,88.67376708984375,1472100,0.0,0.0
2026-04-08,91.94999694824219,93.94000244140625,91.94999694824219,93.8499984741211,93.08760833740234,1500900,0.0,0.0
2026-04-09,93.5,94.08000183105469,92.62999725341797,93.05999755859375,92.30403137207031,1792300,0.0,0.0
2026-04-10,92.94999694824219,93.44999694824219,90.62000274658203,91.7300033569336,90.9848403930664,1663600,0.0,0.0
2026-04-13,91.7300033569336,92.86000061035156,91.43000030517578,92.48999786376953,91.73866271972656,1352100,0.0,0.0
2026-04-14,92.3499984741211,93.93000030517578,92.12000274658203,92.75,91.99655151367188,1493100,0.0,0.0
2026-04-15,92.47000122070312,94.19000244140625,91.80000305175781,93.93000030517578,93.16696166992188,3036200,0.0,0.0
2026-04-16,93.1500015258789,94.62000274658203,92.12000274658203,93.3499984741211,92.5916748046875,1479300,0.0,0.0
2026-04-17,94.30000305175781,98.0,94.30000305175781,97.1500015258789,96.36080932617188,1483500,0.0,0.0
2026-04-20,96.80000305175781,97.1500015258789,94.94000244140625,95.37999725341797,94.60517883300781,1178900,0.0,0.0
2026-04-21,95.7699966430664,96.05000305175781,87.81999969482422,91.06999969482422,90.3302001953125,4190100,0.0,0.0
2026-04-22,91.61000061035156,93.19999694824219,89.51000213623047,90.61000061035156,89.87393188476562,1987600,0.0,0.0
2026-04-23,95.18000030517578,99.19999694824219,94.33000183105469,96.58000183105469,95.79544067382812,2864700,0.0,0.0
2026-04-24,97.41000366210938,97.72000122070312,94.83000183105469,95.08000183105469,94.30762481689453,1699800,0.0,0.0
2026-04-27,95.63999938964844,96.69000244140625,94.4800033569336,94.69000244140625,93.92079162597656,1480500,0.0,0.0
2026-04-28,95.48999786376953,96.52999877929688,94.79000091552734,95.54000091552734,94.76388549804688,1629600,0.0,0.0
2026-04-29,95.73999786376953,95.73999786376953,92.76000213623047,94.0199966430664,93.2562255859375,1274300,0.0,0.0
2026-04-30,93.94000244140625,96.13999938964844,93.33999633789062,95.83999633789062,95.06144714355469,1345100,0.0,0.0
2026-05-01,96.11000061035156,96.30999755859375,94.5999984741211,95.2699966430664,94.49607849121094,1228100,0.0,0.0
2026-05-04,94.83999633789062,95.80000305175781,93.44999694824219,93.97000122070312,93.2066421508789,889100,0.0,0.0
2026-05-05,94.4800033569336,95.23999786376953,93.94000244140625,94.76000213623047,93.99022674560547,902700,0.0,0.0
2026-05-06,96.08999633789062,97.69999694824219,95.83000183105469,97.4800033569336,96.68812561035156,1457300,0.0,0.0
2026-05-07,97.69999694824219,98.83000183105469,96.98999786376953,97.38999938964844,96.5988540649414,2553200,0.0,0.0
2026-05-08,97.98999786376953,98.19999694824219,96.33999633789062,97.77999877929688,96.98568725585938,1128900,0.0,0.0
2026-05-11,98.0999984741211,98.4000015258789,94.58999633789062,95.19000244140625,94.41673278808594,1468600,0.0,0.0
2026-05-12,95.16999816894531,95.51000213623047,93.93000030517578,94.5,93.73233032226562,2882600,0.0,0.0
2026-05-13,94.77999877929688,95.41000366210938,93.4800033569336,94.01000213623047,93.2463150024414,1243100,0.0,0.0
2026-05-14,97.4800033569336,97.4800033569336,95.16999816894531,95.6500015258789,94.87299346923828,2665500,0.0,0.0
2026-05-15,95.6500015258789,96.3499984741211,93.91000366210938,95.25,94.47624206542969,1577000,0.0,0.0
2026-05-18,95.9000015258789,96.70999908447266,93.37999725341797,93.72000122070312,92.95867156982422,2119700,0.0,0.0
2026-05-19,93.72000122070312,97.45999908447266,92.11000061035156,97.18000030517578,96.39056396484375,3036800,0.0,0.0
2026-05-20,89.01000213623047,92.20999908447266,87.13999938964844,88.5999984741211,87.88025665283203,5639800,0.0,0.0
2026-05-21,88.43000030517578,91.08000183105469,87.0,90.08000183105469,89.3482437133789,2503300,0.0,0.0
2026-05-22,90.08000183105469,90.36000061035156,87.8499984741211,88.0999984741211,87.38432312011719,2234900,0.0,0.0
2026-05-26,88.5199966430664,89.97000122070312,87.5,87.98999786376953,87.27521514892578,2027500,0.0,0.0
2026-05-27,88.86000061035156,89.79000091552734,87.80999755859375,87.98999786376953,87.27521514892578,2424800,0.0,0.0
2026-05-28,88.04000091552734,88.05000305175781,85.91000366210938,86.37999725341797,85.67829132080078,2515500,0.0,0.0
2026-05-29,86.0,87.13999938964844,85.83000183105469,86.16999816894531,85.47000122070312,2002800,0.0,0.0
2026-06-01,84.62999725341797,85.16000366210938,82.62000274658203,85.06999969482422,85.06999969482422,2403500,0.7,0.0
2026-06-02,85.61000061035156,85.94000244140625,83.13999938964844,83.87999725341797,83.87999725341797,1744100,0.0,0.0
2026-06-03,84.3499984741211,85.38999938964844,83.93000030517578,84.12999725341797,84.12999725341797,1644400,0.0,0.0
2026-06-04,85.0,85.44000244140625,83.69000244140625,84.47000122070312,84.47000122070312,2497400,0.0,0.0
2026-06-05,84.36000061035156,84.9800033569336,83.80000305175781,84.18000030517578,84.18000030517578,1510700,0.0,0.0
2026-06-08,84.5999984741211,84.79000091552734,83.27999877929688,83.54000091552734,83.54000091552734,1343000,0.0,0.0
2026-06-09,83.54000091552734,84.62000274658203,83.04000091552734,84.26000213623047,84.26000213623047,1441800,0.0,0.0
2026-06-10,83.79000091552734,84.19999694824219,82.16000366210938,82.29000091552734,82.29000091552734,1672900,0.0,0.0
2026-06-11,82.9000015258789,84.19000244140625,82.16000366210938,83.7699966430664,83.7699966430664,1662600,0.0,0.0
2026-06-12,84.19999694824219,84.75,83.37000274658203,83.9000015258789,83.9000015258789,1046500,0.0,0.0
2026-06-15,84.76000213623047,86.02999877929688,84.16000366210938,84.98999786376953,84.98999786376953,1874900,0.0,0.0
2026-06-16,85.06999969482422,86.66999816894531,84.80000305175781,84.95999908447266,84.95999908447266,1547100,0.0,0.0
2026-06-17,84.55000305175781,85.69999694824219,82.94000244140625,83.47000122070312,83.47000122070312,1682600,0.0,0.0
2026-06-18,85.37000274658203,86.58999633789062,84.30000305175781,84.73999786376953,84.73999786376953,5902100,0.0,0.0
2026-06-22,84.91999816894531,85.0,83.76000213623047,84.38999938964844,84.38999938964844,1599600,0.0,0.0
2026-06-23,84.05999755859375,84.36000061035156,82.4000015258789,82.87000274658203,82.87000274658203,2056200,0.0,0.0
2026-06-24,83.06999969482422,84.63999938964844,82.44000244140625,83.27999877929688,83.27999877929688,1625800,0.0,0.0
2026-06-25,83.83000183105469,84.91999816894531,83.44999694824219,84.87999725341797,84.87999725341797,1517200,0.0,0.0
2026-06-26,84.93000030517578,86.25,84.41000366210938,85.33000183105469,85.33000183105469,2659100,0.0,0.0
2026-06-29,85.08000183105469,85.9000015258789,84.19999694824219,84.44000244140625,84.44000244140625,1407000,0.0,0.0
2026-06-30,84.0,84.6500015258789,82.20999908447266,82.58999633789062,82.58999633789062,2104000,0.0,0.0
2026-07-01,83.18000030517578,83.18000030517578,81.3499984741211,81.45999908447266,81.45999908447266,1519500,0.0,0.0
2026-07-02,81.70999908447266,82.4800033569336,79.7300033569336,80.1500015258789,80.1500015258789,2882300,0.0,0.0
2026-07-06,80.29000091552734,80.33999633789062,77.62999725341797,77.9800033569336,77.9800033569336,2782500,0.0,0.0
2026-07-07,78.0999984741211,78.63999938964844,76.30000305175781,76.7300033569336,76.7300033569336,2096200,0.0,0.0
2026-07-08,76.41000366210938,76.41000366210938,75.19000244140625,75.86000061035156,75.86000061035156,1887200,0.0,0.0
2026-07-09,76.76000213623047,77.91000366210938,76.0999984741211,77.38999938964844,77.38999938964844,1642700,0.0,0.0
2026-07-10,77.38999938964844,79.47000122070312,77.18000030517578,78.95999908447266,78.95999908447266,1656500,0.0,0.0
2026-07-13,79.20999908447266,81.26000213623047,79.20999908447266,79.52999877929688,79.52999877929688,1505500,0.0,0.0
2026-07-14,79.55999755859375,80.05000305175781,77.88999938964844,78.41999816894531,78.41999816894531,1495200,0.0,0.0
2026-07-15,79.19999694824219,80.94000244140625,78.93000030517578,80.51000213623047,80.51000213623047,1943800,0.0,0.0
2026-07-16,80.80000305175781,82.25,80.80000305175781,82.08999633789062,82.08999633789062,1794100,0.0,0.0
2026-07-17,81.91999816894531,81.91999816894531,80.48999786376953,81.55000305175781,81.55000305175781,1710700,0.0,0.0
2026-07-20,82.75,83.4000015258789,81.0,81.58999633789062,81.58999633789062,5458000,0.0,0.0
2026-07-21,84.51000213623047,93.05000305175781,83.91000366210938,88.77999877929688,88.77999877929688,8055400,0.0,0.0
2026-07-22,88.91999816894531,89.98999786376953,87.77999877929688,89.04000091552734,89.04000091552734,2875000,0.0,0.0
2026-07-23,88.08999633789062,88.7300033569336,86.69999694824219,87.3499984741211,87.3499984741211,2512200,0.0,0.0
2026-07-24,87.43000030517578,89.0,87.25,88.79000091552734,88.79000091552734,1675800,0.0,0.0
2026-07-27,90.02999877929688,90.72000122070312,88.79000091552734,90.61000061035156,90.61000061035156,1494000,0.0,0.0
2026-07-28,92.0,96.44000244140625,91.4000015258789,96.33999633789062,96.33999633789062,4063200,0.0,0.0
2026-07-29,95.63999938964844,97.0,95.06999969482422,95.16999816894531,95.16999816894531,2000700,0.0,0.0
2026-07-30,94.48999786376953,95.22000122070312,93.04000091552734,94.52999877929688,94.52999877929688,1263500,0.0,0.0
2026-07-31,94.97000122070312,95.3499984741211,93.68000030517578,93.94000244140625,93.94000244140625,2808600,0.0,0.0
2026-08-03,94.2300033569336,95.12999725341797,91.37000274658203,91.47000122070312,91.47000122070312,1884300,0.0,0.0
2026-08-04,90.58000183105469,91.87000274658203,89.0999984741211,91.51000213623047,91.51000213623047,2409600,0.0,0.0
2026-08-05,91.94999694824219,92.83999633789062,90.73999786376953,91.16000366210938,91.16000366210938,1089900,0.0,0.0
2026-08-06,92.13999938964844,92.66999816894531,90.55999755859375,91.69000244140625,91.69000244140625,1697000,0.0,0.0
2026-08-07,92.26000213623047,93.8499984741211,91.66999816894531,93.5199966430664,93.5199966430664,1028400,0.0,0.0
2026-08-10,92.9000015258789,94.61000061035156,92.66000366210938,94.48999786376953,94.48999786376953,2124200,0.0,0.0
2026-08-11,94.5,97.88999938964844,94.2699966430664,97.04000091552734,97.04000091552734,2123500,0.0,0.0
2026-08-12,96.86000061035156,96.88999938964844,94.5199966430664,94.88999938964844,94.88999938964844,2200900,0.0,0.0
2026-08-13,95.75,96.9800033569336,94.3499984741211,96.69999694824219,96.69999694824219,1053900,0.0,0.0
2026-08-14,97.0999984741211,98.06999969482422,96.2300033569336,96.69999694824219,96.69999694824219,1268800,0.0,0.0
