Date,Open,High,Low,Close,Adj Close,Volume,Dividends,Stock Splits
1996-01-02,12.843375205993652,12.931949615478516,12.813850402832031,12.931949615478516,6.320596218109131,1012701,0.0,0.0
1996-01-03,12.961475372314453,12.961475372314453,12.754799842834473,12.813850402832031,6.262873649597168,466554,0.0,0.0
1996-01-04,12.813850402832031,12.991000175476074,12.754799842834473,12.843375205993652,6.277303695678711,541490,0.0,0.0
1996-01-05,12.784324645996094,12.843375205993652,12.69575023651123,12.725275039672852,6.219578266143799,797206,0.0,0.0
1996-01-08,12.69575023651123,12.725275039672852,12.66622543334961,12.69575023651123,6.205147743225098,161727,0.0,0.0
1996-01-09,12.725275039672852,12.784324645996094,12.252875328063965,12.252875328063965,5.98868989944458,1033870,0.0,0.0
1996-01-10,12.252875328063965,12.341449737548828,12.134775161743164,12.164299964904785,5.945399761199951,1104572,0.0,0.0
1996-01-11,12.164299964904785,12.311924934387207,12.134775161743164,12.223349571228027,5.9742608070373535,640982,0.0,0.0
1996-01-12,12.252875328063965,12.252875328063965,11.691900253295898,11.987150192260742,5.858817100524902,1103302,0.0,0.0
1996-01-15,12.016674995422363,12.134775161743164,11.869050025939941,11.869050025939941,5.801092624664307,312447,0.0,0.0
1996-01-16,11.869050025939941,11.898574829101562,11.544275283813477,11.8100004196167,5.772233963012695,896698,0.0,0.0
1996-01-17,11.83952522277832,12.813850402832031,11.8100004196167,12.518600463867188,6.118566513061523,684166,0.0,0.0
1996-01-18,12.57765007019043,12.931949615478516,12.57765007019043,12.902424812316895,6.3061628341674805,1157494,0.0,0.0
1996-01-19,12.843375205993652,12.843375205993652,12.636699676513672,12.636699676513672,6.1762871742248535,1234547,0.0,0.0
1996-01-22,12.754799842834473,13.079574584960938,12.754799842834473,12.991000175476074,6.349453449249268,810330,0.0,0.0
1996-01-23,13.079574584960938,13.492924690246582,13.050049781799316,13.404350280761719,6.55148458480835,555461,0.0,0.0
1996-01-24,13.404350280761719,13.876749992370605,13.404350280761719,13.817700386047363,6.753513813018799,853937,0.0,0.0
1996-01-25,13.758649826049805,13.876749992370605,13.699600219726562,13.758649826049805,6.724652290344238,743438,0.0,0.0
1996-01-26,13.788174629211426,14.08342456817627,13.758649826049805,13.965325355529785,6.825663089752197,733277,0.0,0.0
1996-01-29,13.994850158691406,14.319624900817871,13.965325355529785,14.17199993133545,6.926679611206055,1087638,0.0,0.0
1996-01-30,14.112950325012207,14.585350036621094,14.08342456817627,14.526300430297852,7.099843502044678,844623,0.0,0.0
1996-01-31,14.880599975585938,14.880599975585938,14.526300430297852,14.792024612426758,7.229720115661621,1266723,0.0,0.0
1996-02-01,14.792024612426758,14.821550369262695,14.703450202941895,14.703450202941895,7.186428546905518,341660,0.0,0.0
1996-02-02,14.732975006103516,14.762499809265137,14.585350036621094,14.585350036621094,7.128707408905029,678662,0.0,0.0
1996-02-05,14.644399642944336,15.116800308227539,14.585350036621094,15.087274551391602,7.374024391174316,1372989,0.0,0.0
1996-02-06,15.087274551391602,15.205374717712402,14.998700141906738,15.175849914550781,7.417320251464844,480525,0.0,0.0
1996-02-07,15.175849914550781,15.175849914550781,15.02822494506836,15.116800308227539,7.388452053070068,680356,0.0,0.0
1996-02-08,15.116800308227539,15.23490047454834,15.087274551391602,15.23490047454834,7.446181774139404,655377,0.0,0.0
1996-02-09,15.23490047454834,15.293950080871582,15.087274551391602,15.175849914550781,7.417320251464844,585097,0.0,0.0
1996-02-12,15.175849914550781,15.589200019836426,15.175849914550781,15.589200019836426,7.619349956512451,588061,0.0,0.0
1996-02-13,15.500624656677246,15.766349792480469,15.500624656677246,15.677775382995605,7.662637710571289,947502,0.0,0.0
1996-02-14,15.648249626159668,15.854925155639648,15.618724822998047,15.766349792480469,7.705925464630127,1296359,0.0,0.0
1996-02-15,15.766349792480469,15.79587459564209,15.559675216674805,15.589200019836426,7.619349956512451,730313,0.0,0.0
1996-02-16,15.530150413513184,15.530150413513184,15.323474884033203,15.323474884033203,7.489471435546875,815834,0.0,0.0
1996-02-20,15.264425277709961,15.412050247192383,15.23490047454834,15.264425277709961,7.460609436035156,524979,0.0,0.0
1996-02-21,15.23490047454834,15.471099853515625,15.23490047454834,15.441575050354004,7.547196388244629,522439,0.0,0.0
1996-02-22,15.471099853515625,15.736824989318848,15.441575050354004,15.677775382995605,7.662637710571289,663421,0.0,0.0
1996-02-23,15.648249626159668,15.88444995880127,15.648249626159668,15.88444995880127,7.763650417327881,860711,0.0,0.0
1996-02-26,15.88444995880127,15.91397476196289,15.79587459564209,15.854925155639648,7.749220371246338,216342,0.0,0.0
1996-02-27,15.854925155639648,16.032075881958008,15.825400352478027,15.825400352478027,7.734792709350586,648603,0.0,0.0
1996-02-28,15.943499565124512,16.268274307250977,15.88444995880127,16.17970085144043,7.907956600189209,919560,0.0,0.0
1996-02-29,16.032075881958008,16.032075881958008,15.707300186157227,15.707300186157227,7.677066326141357,648603,0.0,0.0
1996-03-01,15.677775382995605,15.677775382995605,15.116800308227539,15.205374717712402,7.469941139221191,649450,0.080308,0.0
1996-03-04,15.264425277709961,15.618724822998047,15.264425277709961,15.530150413513184,7.6294941902160645,469094,0.0,0.0
1996-03-05,15.500624656677246,15.500624656677246,15.264425277709961,15.382525444030762,7.556972980499268,561389,0.0,0.0
1996-03-06,15.352999687194824,15.441575050354004,15.175849914550781,15.175849914550781,7.455437660217285,355207,0.0,0.0
1996-03-07,15.14632511138916,15.293950080871582,14.998700141906738,15.293950080871582,7.513457775115967,234547,0.0,0.0
1996-03-08,15.23490047454834,15.500624656677246,15.02822494506836,15.087274551391602,7.411920547485352,741744,0.0,0.0
1996-03-11,15.05774974822998,15.264425277709961,14.969175338745117,15.23490047454834,7.484444618225098,273920,0.0,0.0
1996-03-12,15.175849914550781,15.23490047454834,14.969175338745117,15.23490047454834,7.484444618225098,366215,0.0,0.0
1996-03-13,15.293950080871582,15.500624656677246,15.116800308227539,15.441575050354004,7.5859785079956055,484335,0.0,0.0
1996-03-14,15.471099853515625,15.559675216674805,15.412050247192383,15.441575050354004,7.5859785079956055,247248,0.0,0.0
1996-03-15,15.352999687194824,15.589200019836426,15.323474884033203,15.589200019836426,7.658501148223877,559695,0.0,0.0
1996-03-18,15.589200019836426,16.00255012512207,15.589200019836426,15.943499565124512,7.83256196975708,309060,0.0,0.0
1996-03-19,16.00255012512207,16.00255012512207,15.854925155639648,15.943499565124512,7.83256196975708,376799,0.0,0.0
1996-03-20,15.943499565124512,15.97302532196045,15.736824989318848,15.825400352478027,7.774542808532715,373412,0.0,0.0
1996-03-21,15.854925155639648,15.943499565124512,15.766349792480469,15.79587459564209,7.760034561157227,431837,0.0,0.0
1996-03-22,15.766349792480469,16.00255012512207,15.736824989318848,16.00255012512207,7.861570358276367,267993,0.0,0.0
1996-03-25,15.97302532196045,16.00255012512207,15.412050247192383,15.441575050354004,7.5859785079956055,525826,0.0,0.0
1996-03-26,15.382525444030762,15.412050247192383,15.175849914550781,15.323474884033203,7.527957916259766,659610,0.0,0.0
1996-03-27,15.323474884033203,15.530150413513184,15.205374717712402,15.23490047454834,7.484444618225098,672312,0.0,0.0
1996-03-28,15.23490047454834,15.412050247192383,14.998700141906738,15.02822494506836,7.382910251617432,461473,0.0,0.0
1996-03-29,15.087274551391602,15.14632511138916,14.614874839782715,14.614874839782715,7.179843425750732,413209,0.0,0.0
1996-04-01,14.673925399780273,15.14632511138916,14.673925399780273,14.821550369262695,7.281380653381348,763760,0.0,0.0
1996-04-02,14.821550369262695,14.969175338745117,14.792024612426758,14.792024612426758,7.266873836517334,443692,0.0,0.0
1996-04-03,14.792024612426758,14.880599975585938,14.762499809265137,14.821550369262695,7.281380653381348,376376,0.0,0.0
1996-04-04,14.792024612426758,15.05774974822998,14.732975006103516,15.05774974822998,7.3974151611328125,387384,0.0,0.0
1996-04-08,14.93964958190918,14.93964958190918,14.644399642944336,14.673925399780273,7.208853244781494,516511,0.0,0.0
1996-04-09,14.703450202941895,14.998700141906738,14.644399642944336,14.998700141906738,7.368408679962158,734124,0.0,0.0
1996-04-10,14.998700141906738,15.05774974822998,14.93964958190918,14.969175338745117,7.353903770446777,431837,0.0,0.0
1996-04-11,15.05774974822998,15.087274551391602,14.703450202941895,14.732975006103516,7.2378668785095215,449196,0.0,0.0
1996-04-12,14.762499809265137,14.880599975585938,14.629637718200684,14.703450202941895,7.2233567237854,349704,0.0,0.0
1996-04-15,14.762499809265137,14.821550369262695,14.555825233459473,14.614874839782715,7.179843425750732,764183,0.0,0.0
1996-04-16,14.644399642944336,14.732975006103516,14.496774673461914,14.526300430297852,7.136330604553223,440728,0.0,0.0
1996-04-17,14.585350036621094,14.703450202941895,14.496774673461914,14.555825233459473,7.1508355140686035,678662,0.0,0.0
1996-04-18,14.585350036621094,14.585350036621094,14.260575294494629,14.319624900817871,7.034795761108398,787468,0.0,0.0
1996-04-19,14.37867546081543,14.40820026397705,14.142475128173828,14.20152473449707,6.976777076721191,1764606,0.0,0.0
1996-04-22,14.20152473449707,14.231049537658691,14.08342456817627,14.20152473449707,6.976777076721191,1372989,0.0,0.0
1996-04-23,14.260575294494629,14.998700141906738,14.260575294494629,14.969175338745117,7.353903770446777,1181626,0.0,0.0
1996-04-24,15.116800308227539,15.14632511138916,14.496774673461914,14.644399642944336,7.194349765777588,1955970,0.0,0.0
1996-04-25,14.585350036621094,14.585350036621094,14.112950325012207,14.17199993133545,6.962276458740234,1205334,0.0,0.0
1996-04-26,14.231049537658691,14.437725067138672,14.112950325012207,14.349149703979492,7.049302577972412,709568,0.0,0.0
1996-04-29,14.29010009765625,14.614874839782715,14.29010009765625,14.526300430297852,7.136330604553223,493649,0.0,0.0
1996-04-30,14.526300430297852,14.585350036621094,14.437725067138672,14.585350036621094,7.165339946746826,575783,0.0,0.0
1996-05-01,14.526300430297852,15.02822494506836,14.526300430297852,14.821550369262695,7.281380653381348,770533,0.0,0.0
1996-05-02,14.792024612426758,14.821550369262695,14.703450202941895,14.762499809265137,7.252371311187744,975021,0.0,0.0
1996-05-03,14.762499809265137,14.910124778747559,14.703450202941895,14.851075172424316,7.295886993408203,590178,0.0,0.0
1996-05-06,14.910124778747559,15.087274551391602,14.910124778747559,14.998700141906738,7.368408679962158,686706,0.0,0.0
1996-05-07,15.05774974822998,15.05774974822998,14.792024612426758,14.792024612426758,7.266873836517334,438188,0.0,0.0
1996-05-08,14.792024612426758,14.910124778747559,14.614874839782715,14.910124778747559,7.324892044067383,906435,0.0,0.0
1996-05-09,14.910124778747559,14.998700141906738,14.792024612426758,14.93964958190918,7.339398384094238,348857,0.0,0.0
1996-05-10,15.05774974822998,15.23490047454834,15.02822494506836,15.205374717712402,7.469941139221191,342083,0.0,0.0
1996-05-13,15.205374717712402,15.648249626159668,15.175849914550781,15.648249626159668,7.687509536743164,300169,0.0,0.0
1996-05-14,15.677775382995605,15.766349792480469,15.618724822998047,15.707300186157227,7.716519355773926,512278,0.0,0.0
1996-05-15,15.736824989318848,15.88444995880127,15.677775382995605,15.766349792480469,7.7455267906188965,418713,0.0,0.0
1996-05-16,15.736824989318848,15.825400352478027,15.618724822998047,15.677775382995605,7.702017307281494,157494,0.0,0.0
1996-05-17,15.736824989318848,15.825400352478027,15.707300186157227,15.766349792480469,7.7455267906188965,318798,0.0,0.0
1996-05-20,15.825400352478027,16.061599731445312,15.736824989318848,15.736824989318848,7.731025695800781,195597,0.0,0.0
1996-05-21,15.707300186157227,15.707300186157227,15.530150413513184,15.618724822998047,7.673005104064941,336156,0.0,0.0
1996-05-22,15.648249626159668,15.707300186157227,15.530150413513184,15.707300186157227,7.716519355773926,324301,0.0,0.0
1996-05-23,15.766349792480469,15.88444995880127,15.589200019836426,15.648249626159668,7.687509536743164,342083,0.0,0.0
1996-05-24,15.648249626159668,15.736824989318848,15.352999687194824,15.412050247192383,7.571475505828857,480948,0.0,0.0
1996-05-28,15.441575050354004,15.530150413513184,15.264425277709961,15.323474884033203,7.527957916259766,317528,0.0,0.0
1996-05-29,15.23490047454834,15.293950080871582,14.998700141906738,15.087274551391602,7.450968265533447,216342,0.080308,0.0
1996-05-30,15.116800308227539,15.441575050354004,15.05774974822998,15.382525444030762,7.596778392791748,478408,0.0,0.0
1996-05-31,15.352999687194824,15.352999687194824,15.05774974822998,15.264425277709961,7.538462162017822,352244,0.0,0.0
1996-06-03,15.264425277709961,15.264425277709961,15.116800308227539,15.14632511138916,7.4801344871521,345893,0.0,0.0
1996-06-04,15.205374717712402,15.205374717712402,14.998700141906738,15.02822494506836,7.42180871963501,235394,0.0,0.0
1996-06-05,14.969175338745117,15.05774974822998,14.821550369262695,15.05774974822998,7.4363908767700195,371296,0.0,0.0
1996-06-06,15.05774974822998,15.14632511138916,14.910124778747559,14.93964958190918,7.378063201904297,208721,0.0,0.0
1996-06-07,14.762499809265137,15.23490047454834,14.762499809265137,15.23490047454834,7.523876667022705,569009,0.0,0.0
1996-06-10,15.23490047454834,15.264425277709961,15.02822494506836,15.205374717712402,7.509294033050537,348434,0.0,0.0
1996-06-11,15.175849914550781,15.175849914550781,14.821550369262695,14.821550369262695,7.319738864898682,309060,0.0,0.0
1996-06-12,14.851075172424316,14.851075172424316,14.555825233459473,14.585350036621094,7.203090190887451,627434,0.0,0.0
1996-06-13,14.614874839782715,14.614874839782715,14.29010009765625,14.349149703979492,7.086441516876221,535986,0.0,0.0
1996-06-14,14.37867546081543,14.40820026397705,14.29010009765625,14.319624900817871,7.071862697601318,451312,0.0,0.0
1996-06-17,14.37867546081543,14.37867546081543,14.142475128173828,14.142475128173828,6.984375,232430,0.0,0.0
1996-06-18,14.17199993133545,14.231049537658691,13.935799598693848,13.965325355529785,6.896888732910156,356901,0.0,0.0
1996-06-19,13.965325355529785,13.965325355529785,13.611024856567383,13.906274795532227,6.867726802825928,1384843,0.0,0.0
1996-06-20,13.965325355529785,14.024374961853027,13.876749992370605,13.935799598693848,6.88231086730957,354784,0.0,0.0
1996-06-21,13.965325355529785,14.112950325012207,13.965325355529785,14.112950325012207,6.969790935516357,541067,0.0,0.0
1996-06-24,14.17199993133545,14.319624900817871,14.17199993133545,14.231049537658691,7.028120994567871,314141,0.0,0.0
1996-06-25,14.231049537658691,14.349149703979492,14.20152473449707,14.319624900817871,7.071862697601318,583827,0.0,0.0
1996-06-26,14.29010009765625,14.37867546081543,13.876749992370605,13.876749992370605,6.85314416885376,456393,0.0,0.0
1996-06-27,13.906274795532227,14.17199993133545,13.876749992370605,14.024374961853027,6.92604923248291,560542,0.0,0.0
1996-06-28,14.08342456817627,14.437725067138672,14.053899765014648,14.40820026397705,7.115606307983398,767146,0.0,0.0
1996-07-01,14.40820026397705,14.467249870300293,14.349149703979492,14.37867546081543,7.1010260581970215,782811,0.0,0.0
1996-07-02,14.40820026397705,14.526300430297852,14.40820026397705,14.437725067138672,7.13018274307251,234547,0.0,0.0
1996-07-03,14.437725067138672,14.437725067138672,14.29010009765625,14.349149703979492,7.086441516876221,407705,0.0,0.0
1996-07-05,14.231049537658691,14.231049537658691,14.08342456817627,14.08342456817627,6.955211639404297,181202,0.0,0.0
1996-07-08,14.024374961853027,14.20152473449707,14.024374961853027,14.053899765014648,6.940629959106445,382303,0.0,0.0
1996-07-09,14.08342456817627,14.08342456817627,13.876749992370605,13.935799598693848,6.88231086730957,1004234,0.0,0.0
1996-07-10,13.876749992370605,13.876749992370605,13.55197525024414,13.55197525024414,6.692749500274658,2183319,0.0,0.0
1996-07-11,13.581500053405762,13.581500053405762,12.931949615478516,13.050049781799316,6.444871425628662,1321338,0.0,0.0
1996-07-12,13.109100341796875,13.138625144958496,12.902424812316895,12.991000175476074,6.41571044921875,396274,0.0,0.0
1996-07-15,13.050049781799316,13.050049781799316,12.48907470703125,12.48907470703125,6.167829990386963,701101,0.0,0.0
1996-07-16,12.518600463867188,12.518600463867188,11.869050025939941,12.075724601745605,5.963691711425781,1947502,0.0,0.0
1996-07-17,12.282400131225586,12.725275039672852,12.134775161743164,12.725275039672852,6.284481525421143,1352244,0.0,0.0
1996-07-18,12.902424812316895,13.404350280761719,12.754799842834473,13.34529972076416,6.5906853675842285,533870,0.0,0.0
1996-07-19,13.168149948120117,13.22719955444336,12.725275039672852,12.784324645996094,6.313640594482422,629975,0.0,0.0
1996-07-22,12.754799842834473,12.754799842834473,12.282400131225586,12.400500297546387,6.124088287353516,435648,0.0,0.0
1996-07-23,12.430025100708008,12.636699676513672,12.430025100708008,12.48907470703125,6.167829990386963,1106689,0.0,0.0
1996-07-24,12.459549903869629,12.843375205993652,12.341449737548828,12.843375205993652,6.342801570892334,1574936,0.0,0.0
1996-07-25,13.079574584960938,13.315774917602539,13.079574584960938,13.168149948120117,6.503194808959961,1377646,0.0,0.0
1996-07-26,13.22719955444336,13.463399887084961,13.197674751281738,13.463399887084961,6.6490092277526855,508467,0.0,0.0
1996-07-29,13.404350280761719,13.463399887084961,13.374824523925781,13.374824523925781,6.605264186859131,287468,0.0,0.0
1996-07-30,13.404350280761719,13.52245044708252,13.286250114440918,13.492924690246582,6.663588523864746,707875,0.0,0.0
1996-07-31,13.55197525024414,13.611024856567383,13.463399887084961,13.581500053405762,6.707330226898193,624471,0.0,0.0
1996-08-01,13.611024856567383,13.965325355529785,13.611024856567383,13.847225189208984,6.838561058044434,441575,0.0,0.0
1996-08-02,13.935799598693848,14.349149703979492,13.935799598693848,14.29010009765625,7.057279586791992,552075,0.0,0.0
1996-08-05,14.112950325012207,14.17199993133545,13.847225189208984,13.935799598693848,6.88231086730957,503387,0.0,0.0
1996-08-06,13.994850158691406,13.994850158691406,13.876749992370605,13.935799598693848,6.88231086730957,372566,0.0,0.0
1996-08-07,13.965325355529785,14.08342456817627,13.965325355529785,14.08342456817627,6.955211639404297,661727,0.0,0.0
1996-08-08,14.142475128173828,14.319624900817871,14.142475128173828,14.319624900817871,7.071862697601318,334886,0.0,0.0
1996-08-09,14.319624900817871,14.37867546081543,14.231049537658691,14.260575294494629,7.042700290679932,611770,0.0,0.0
1996-08-12,14.231049537658691,14.260575294494629,14.112950325012207,14.20152473449707,7.013535499572754,376376,0.0,0.0
1996-08-13,14.20152473449707,14.20152473449707,13.994850158691406,14.024374961853027,6.92604923248291,889500,0.0,0.0
1996-08-14,14.08342456817627,14.142475128173828,14.024374961853027,14.142475128173828,6.984375,319644,0.0,0.0
1996-08-15,14.08342456817627,14.37867546081543,14.053899765014648,14.319624900817871,7.071862697601318,259949,0.0,0.0
1996-08-16,14.319624900817871,14.319624900817871,14.08342456817627,14.112950325012207,6.969790935516357,342506,0.0,0.0
1996-08-19,14.17199993133545,14.231049537658691,14.142475128173828,14.231049537658691,7.028120994567871,185013,0.0,0.0
1996-08-20,14.20152473449707,14.260575294494629,14.142475128173828,14.17199993133545,6.998956680297852,499577,0.0,0.0
1996-08-21,14.260575294494629,14.319624900817871,14.17199993133545,14.260575294494629,7.042700290679932,242591,0.0,0.0
1996-08-22,14.319624900817871,14.496774673461914,14.29010009765625,14.437725067138672,7.13018274307251,382727,0.0,0.0
1996-08-23,14.437725067138672,14.496774673461914,14.40820026397705,14.496774673461914,7.1593475341796875,260373,0.0,0.0
1996-08-26,14.496774673461914,14.496774673461914,14.437725067138672,14.496774673461914,7.1593475341796875,221846,0.0,0.0
1996-08-27,14.496774673461914,14.496774673461914,14.349149703979492,14.349149703979492,7.086441516876221,152413,0.0,0.0
1996-08-28,14.40820026397705,14.526300430297852,14.349149703979492,14.496774673461914,7.1593475341796875,560119,0.0,0.0
1996-08-29,14.526300430297852,14.555825233459473,14.496774673461914,14.526300430297852,7.173934459686279,395004,0.0,0.0
1996-08-30,14.526300430297852,14.585350036621094,14.467249870300293,14.526300430297852,7.173934459686279,356054,0.0,0.0
1996-09-03,14.496774673461914,14.496774673461914,14.40820026397705,14.467249870300293,7.144766807556152,117697,0.0,0.0
1996-09-04,14.319624900817871,14.40820026397705,14.319624900817871,14.349149703979492,7.130679130554199,266300,0.089756,0.0
1996-09-05,14.319624900817871,14.349149703979492,14.231049537658691,14.29010009765625,7.1013383865356445,591871,0.0,0.0
1996-09-06,14.260575294494629,14.555825233459473,14.260575294494629,14.37867546081543,7.145358562469482,444115,0.0,0.0
1996-09-09,14.37867546081543,14.555825233459473,14.37867546081543,14.496774673461914,7.204043388366699,182896,0.0,0.0
1996-09-10,14.526300430297852,14.526300430297852,14.319624900817871,14.349149703979492,7.130679130554199,728196,0.0,0.0
1996-09-11,14.349149703979492,14.40820026397705,14.29010009765625,14.319624900817871,7.116011619567871,845893,0.0,0.0
1996-09-12,14.349149703979492,14.349149703979492,14.20152473449707,14.20152473449707,7.0573225021362305,624471,0.0,0.0
1996-09-13,14.260575294494629,14.319624900817871,14.112950325012207,14.20152473449707,7.0573225021362305,1121084,0.0,0.0
1996-09-16,14.260575294494629,14.644399642944336,14.231049537658691,14.585350036621094,7.248054504394531,722693,0.0,0.0
1996-09-17,14.614874839782715,14.792024612426758,14.614874839782715,14.792024612426758,7.350767135620117,476715,0.0,0.0
1996-09-18,14.821550369262695,14.851075172424316,14.732975006103516,14.792024612426758,7.350767135620117,521592,0.0,0.0
1996-09-19,14.762499809265137,15.23490047454834,14.762499809265137,15.175849914550781,7.541506767272949,672735,0.0,0.0
1996-09-20,15.264425277709961,15.382525444030762,15.14632511138916,15.382525444030762,7.64420747756958,773074,0.0,0.0
1996-09-23,15.382525444030762,15.382525444030762,15.23490047454834,15.382525444030762,7.64420747756958,565199,0.0,0.0
1996-09-24,15.323474884033203,15.559675216674805,15.323474884033203,15.412050247192383,7.6588826179504395,730313,0.0,0.0
1996-09-25,15.471099853515625,15.471099853515625,15.352999687194824,15.412050247192383,7.6588826179504395,304403,0.0,0.0
1996-09-26,15.412050247192383,15.500624656677246,15.382525444030762,15.412050247192383,7.6588826179504395,164268,0.0,0.0
1996-09-27,15.441575050354004,15.500624656677246,15.382525444030762,15.441575050354004,7.6735520362854,475021,0.0,0.0
1996-09-30,15.471099853515625,15.559675216674805,15.382525444030762,15.382525444030762,7.64420747756958,548688,0.0,0.0
1996-10-01,15.382525444030762,15.382525444030762,15.175849914550781,15.323474884033203,7.614858627319336,449619,0.0,0.0
1996-10-02,15.323474884033203,15.323474884033203,15.02822494506836,15.02822494506836,7.468144416809082,560119,0.0,0.0
1996-10-03,15.087274551391602,15.087274551391602,14.703450202941895,14.732975006103516,7.321428298950195,678662,0.0,0.0
1996-10-04,14.792024612426758,14.93964958190918,14.792024612426758,14.792024612426758,7.350767135620117,582981,0.0,0.0
1996-10-07,14.851075172424316,15.087274551391602,14.821550369262695,15.05774974822998,7.482813835144043,350127,0.0,0.0
1996-10-08,14.998700141906738,15.116800308227539,14.969175338745117,14.998700141906738,7.453469276428223,275191,0.0,0.0
1996-10-09,14.998700141906738,15.14632511138916,14.998700141906738,15.05774974822998,7.482813835144043,253599,0.0,0.0
1996-10-10,15.05774974822998,15.14632511138916,15.02822494506836,15.116800308227539,7.512160301208496,187130,0.0,0.0
1996-10-11,15.116800308227539,15.441575050354004,15.087274551391602,15.293950080871582,7.600191593170166,382303,0.0,0.0
1996-10-14,15.323474884033203,15.500624656677246,15.323474884033203,15.382525444030762,7.64420747756958,535986,0.0,0.0
1996-10-15,15.441575050354004,15.500624656677246,15.382525444030762,15.471099853515625,7.688225269317627,491109,0.0,0.0
1996-10-16,15.500624656677246,15.500624656677246,15.116800308227539,15.175849914550781,7.541506767272949,302286,0.0,0.0
1996-10-17,15.116800308227539,15.264425277709961,14.998700141906738,15.087274551391602,7.497486591339111,324301,0.0,0.0
1996-10-18,15.087274551391602,15.087274551391602,14.880599975585938,14.969175338745117,7.4387993812561035,476715,0.0,0.0
1996-10-21,14.998700141906738,15.14632511138916,14.93964958190918,15.05774974822998,7.482813835144043,464860,0.0,0.0
1996-10-22,15.02822494506836,15.05774974822998,14.880599975585938,14.969175338745117,7.4387993812561035,460627,0.0,0.0
1996-10-23,14.910124778747559,15.087274551391602,14.851075172424316,14.880599975585938,7.394781589508057,392041,0.0,0.0
1996-10-24,14.93964958190918,14.998700141906738,14.585350036621094,14.673925399780273,7.2920756340026855,449196,0.0,0.0
1996-10-25,14.703450202941895,14.880599975585938,14.703450202941895,14.762499809265137,7.336090564727783,1019475,0.0,0.0
1996-10-28,14.821550369262695,14.93964958190918,14.792024612426758,14.910124778747559,7.409451007843018,317104,0.0,0.0
1996-10-29,14.969175338745117,14.969175338745117,14.614874839782715,14.762499809265137,7.336090564727783,1071126,0.0,0.0
1996-10-30,14.792024612426758,14.969175338745117,14.703450202941895,14.792024612426758,7.350767135620117,364098,0.0,0.0
1996-10-31,14.821550369262695,14.851075172424316,14.762499809265137,14.792024612426758,7.350767135620117,293395,0.0,0.0
1996-11-01,14.821550369262695,14.851075172424316,14.732975006103516,14.792024612426758,7.350767135620117,395851,0.0,0.0
1996-11-04,14.762499809265137,14.910124778747559,14.762499809265137,14.851075172424316,7.380109786987305,292972,0.0,0.0
1996-11-05,14.910124778747559,15.205374717712402,14.910124778747559,15.175849914550781,7.541506767272949,511854,0.0,0.0
1996-11-06,15.23490047454834,15.23490047454834,15.087274551391602,15.14632511138916,7.52683162689209,455970,0.0,0.0
1996-11-07,15.14632511138916,15.352999687194824,15.02822494506836,15.323474884033203,7.614858627319336,837003,0.0,0.0
1996-11-08,15.323474884033203,15.412050247192383,15.205374717712402,15.23490047454834,7.5708489418029785,563929,0.0,0.0
1996-11-11,15.264425277709961,15.382525444030762,15.205374717712402,15.382525444030762,7.64420747756958,425064,0.0,0.0
1996-11-12,15.441575050354004,15.648249626159668,15.382525444030762,15.559675216674805,7.732241630554199,1122354,0.0,0.0
1996-11-13,15.559675216674805,15.707300186157227,15.471099853515625,15.530150413513184,7.717568874359131,323455,0.0,0.0
1996-11-14,15.412050247192383,15.677775382995605,15.412050247192383,15.677775382995605,7.836217880249023,278577,0.089756,0.0
1996-11-15,15.736824989318848,15.766349792480469,15.589200019836426,15.677775382995605,7.836217880249023,455970,0.0,0.0
1996-11-18,15.648249626159668,15.88444995880127,15.618724822998047,15.88444995880127,7.93951940536499,564776,0.0,0.0
1996-11-19,15.88444995880127,16.09112548828125,15.854925155639648,16.09112548828125,8.042825698852539,655377,0.0,0.0
1996-11-20,16.061599731445312,16.150175094604492,16.032075881958008,16.032075881958008,8.013310432434082,546147,0.0,0.0
1996-11-21,16.09112548828125,16.120649337768555,15.97302532196045,16.061599731445312,8.028066635131836,406859,0.0,0.0
1996-11-22,16.00255012512207,16.17970085144043,15.91397476196289,15.943499565124512,7.969034194946289,658764,0.0,0.0
1996-11-25,15.97302532196045,16.150175094604492,15.943499565124512,16.120649337768555,8.057581901550293,290432,0.0,0.0
1996-11-26,16.209224700927734,16.474950790405273,16.032075881958008,16.120649337768555,8.057581901550293,445809,0.0,0.0
1996-11-27,16.09112548828125,16.297800064086914,16.09112548828125,16.268274307250977,8.131370544433594,364945,0.0,0.0
1996-11-29,16.297800064086914,16.386375427246094,16.17970085144043,16.17970085144043,8.087090492248535,121507,0.0,0.0
1996-12-02,16.150175094604492,16.474950790405273,16.120649337768555,16.445425033569336,8.219913482666016,185859,0.0,0.0
1996-12-03,16.504474639892578,16.858774185180664,16.474950790405273,16.593050003051758,8.293703079223633,539373,0.0,0.0
1996-12-04,16.534000396728516,16.622575759887695,16.474950790405273,16.474950790405273,8.234668731689453,370449,0.0,0.0
1996-12-05,16.504474639892578,16.652099609375,16.4158992767334,16.445425033569336,8.219913482666016,682896,0.0,0.0
1996-12-06,16.386375427246094,16.474950790405273,16.238750457763672,16.4158992767334,8.205155372619629,587214,0.0,0.0
1996-12-09,16.4158992767334,16.4158992767334,16.17970085144043,16.238750457763672,8.11661434173584,658764,0.0,0.0
1996-12-10,16.297800064086914,16.711149215698242,16.238750457763672,16.593050003051758,8.293703079223633,647333,0.0,0.0
1996-12-11,16.32732582092285,16.622575759887695,16.238750457763672,16.386375427246094,8.190398216247559,928450,0.0,0.0
1996-12-12,16.356849670410156,16.356849670410156,16.120649337768555,16.120649337768555,8.057581901550293,317104,0.0,0.0
1996-12-13,16.061599731445312,16.09112548828125,15.943499565124512,16.00255012512207,7.998551845550537,497036,0.0,0.0
1996-12-16,16.00255012512207,16.00255012512207,15.530150413513184,15.559675216674805,7.777187824249268,353514,0.0,0.0
1996-12-17,15.559675216674805,15.707300186157227,15.471099853515625,15.707300186157227,7.850978851318359,865792,0.0,0.0
1996-12-18,15.766349792480469,15.88444995880127,15.736824989318848,15.854925155639648,7.924765110015869,294666,0.0,0.0
1996-12-19,15.97302532196045,16.238750457763672,15.943499565124512,16.238750457763672,8.11661434173584,880610,0.0,0.0
1996-12-20,16.534000396728516,16.534000396728516,16.061599731445312,16.061599731445312,8.028066635131836,740051,0.0,0.0
1996-12-23,16.120649337768555,16.120649337768555,15.825400352478027,15.88444995880127,7.93951940536499,325148,0.0,0.0
1996-12-24,15.88444995880127,15.88444995880127,15.766349792480469,15.79587459564209,7.895245552062988,169348,0.0,0.0
1996-12-26,15.854925155639648,16.09112548828125,15.854925155639648,16.032075881958008,8.013310432434082,522439,0.0,0.0
1996-12-27,16.09112548828125,16.32732582092285,16.061599731445312,16.120649337768555,8.057581901550293,361981,0.0,0.0
1996-12-30,16.17970085144043,16.356849670410156,16.150175094604492,16.238750457763672,8.11661434173584,508044,0.0,0.0
1996-12-31,16.238750457763672,16.32732582092285,16.17970085144043,16.209224700927734,8.101853370666504,325572,0.0,0.0
1997-01-02,16.238750457763672,16.238750457763672,15.91397476196289,16.09112548828125,8.042825698852539,416596,0.0,0.0
1997-01-03,16.268274307250977,16.4158992767334,16.120649337768555,16.209224700927734,8.101853370666504,848434,0.0,0.0
1997-01-06,16.268274307250977,16.91782569885254,16.238750457763672,16.711149215698242,8.352730751037598,997460,0.0,0.0
1997-01-07,16.770200729370117,17.035924911499023,16.74067497253418,16.858774185180664,8.426517486572266,610923,0.0,0.0
1997-01-08,16.8882999420166,17.006399154663086,16.74067497253418,16.947349548339844,8.470794677734375,716342,0.0,0.0
1997-01-09,17.06545066833496,17.154024124145508,16.97687530517578,17.006399154663086,8.5003080368042,755715,0.0,0.0
1997-01-10,17.006399154663086,17.006399154663086,16.799724578857422,16.858774185180664,8.426517486572266,433954,0.0,0.0
1997-01-13,16.91782569885254,16.97687530517578,16.799724578857422,16.82925033569336,8.411758422851562,483065,0.0,0.0
1997-01-14,16.82925033569336,17.30164909362793,16.82925033569336,17.242599487304688,8.618365287780762,486876,0.0,0.0
1997-01-15,17.242599487304688,17.47879981994629,17.183549880981445,17.331174850463867,8.662639617919922,409399,0.0,0.0
1997-01-16,17.331174850463867,17.39022445678711,17.242599487304688,17.331174850463867,8.662639617919922,443268,0.0,0.0
1997-01-17,17.30164909362793,17.65595054626465,17.30164909362793,17.65595054626465,8.824966430664062,366638,0.0,0.0
1997-01-20,17.65595054626465,17.685474395751953,17.39022445678711,17.44927406311035,8.72166633605957,471211,0.0,0.0
1997-01-21,17.331174850463867,17.80357551574707,17.124500274658203,17.80357551574707,8.898758888244629,1035140,0.0,0.0
1997-01-22,17.951200485229492,18.187400817871094,17.862625122070312,18.098825454711914,9.0463285446167,721423,0.0,0.0
1997-01-23,18.2169246673584,18.895999908447266,18.157875061035156,18.512174606323242,9.252937316894531,934801,0.0,0.0
1997-01-24,18.27597427368164,18.718849182128906,18.27597427368164,18.571224212646484,9.282451629638672,1171465,0.0,0.0
1997-01-27,18.600749969482422,18.600749969482422,18.246450424194336,18.246450424194336,9.120119094848633,963590,0.0,0.0
1997-01-28,18.246450424194336,18.36454963684082,17.833099365234375,17.862625122070312,8.928276062011719,391617,0.0,0.0
1997-01-29,17.862625122070312,18.069299697875977,17.862625122070312,17.951200485229492,8.972541809082031,618544,0.0,0.0
1997-01-30,18.010250091552734,18.187400817871094,17.951200485229492,18.187400817871094,9.090604782104492,1289162,0.0,0.0
1997-01-31,18.2169246673584,18.2169246673584,17.951200485229492,17.980724334716797,8.987300872802734,1600339,0.0,0.0
1997-02-03,18.039775848388672,18.039775848388672,17.921674728393555,17.951200485229492,8.972541809082031,378069,0.0,0.0
1997-02-04,17.921674728393555,17.980724334716797,17.685474395751953,17.71500015258789,8.854484558105469,353514,0.0,0.0
1997-02-05,17.80357551574707,17.80357551574707,17.39022445678711,17.47879981994629,8.736420631408691,625318,0.0,0.0
1997-02-06,17.44927406311035,17.596900939941406,17.272125244140625,17.56737518310547,8.780693054199219,477561,0.0,0.0
1997-02-07,17.62642478942871,18.069299697875977,17.62642478942871,18.069299697875977,9.031573295593262,493226,0.0,0.0
1997-02-10,18.039775848388672,18.098825454711914,17.833099365234375,17.89215087890625,8.943029403686523,713802,0.0,0.0
1997-02-11,17.89215087890625,17.89215087890625,17.56737518310547,17.596900939941406,8.795451164245605,398815,0.0,0.0
1997-02-12,17.56737518310547,17.921674728393555,17.53784942626953,17.89215087890625,8.943029403686523,505504,0.0,0.0
1997-02-13,17.921674728393555,17.980724334716797,17.862625122070312,17.89215087890625,8.943029403686523,236664,0.0,0.0
1997-02-14,17.89215087890625,17.89215087890625,17.71500015258789,17.774049758911133,8.88399600982666,443268,0.0,0.0
1997-02-18,17.80357551574707,17.833099365234375,17.62642478942871,17.833099365234375,8.913516998291016,208298,0.0,0.0
1997-02-19,17.862625122070312,17.862625122070312,17.62642478942871,17.62642478942871,8.810208320617676,655377,0.0,0.0
1997-02-20,17.65595054626465,17.80357551574707,17.65595054626465,17.744525909423828,8.869240760803223,673158,0.0,0.0
1997-02-21,17.71500015258789,17.71500015258789,17.47879981994629,17.56737518310547,8.780693054199219,436494,0.0,0.0
1997-02-24,17.596900939941406,17.71500015258789,17.56737518310547,17.62642478942871,8.810208320617676,345893,0.0,0.0
1997-02-25,17.62642478942871,17.744525909423828,17.596900939941406,17.71500015258789,8.854484558105469,455546,0.0,0.0
1997-02-26,17.744525909423828,17.80357551574707,17.44927406311035,17.56737518310547,8.780693054199219,204911,0.0,0.0
1997-02-27,17.56737518310547,17.56737518310547,17.360700607299805,17.360700607299805,8.677399635314941,187553,0.0,0.0
1997-02-28,17.30164909362793,17.53784942626953,17.272125244140625,17.419750213623047,8.706910133361816,359865,0.0,0.0
1997-03-03,17.44927406311035,17.56737518310547,17.419750213623047,17.47879981994629,8.736420631408691,350550,0.0,0.0
1997-03-04,17.419750213623047,17.774049758911133,17.331174850463867,17.62642478942871,8.810208320617676,441998,0.0,0.0
1997-03-05,17.744525909423828,18.039775848388672,17.744525909423828,17.921674728393555,8.95778751373291,837426,0.0,0.0
1997-03-06,17.951200485229492,17.951200485229492,17.508325576782227,17.774049758911133,8.88399600982666,666384,0.0,0.0
1997-03-07,17.685474395751953,18.039775848388672,17.685474395751953,18.039775848388672,9.062582015991211,564352,0.089756,0.0
1997-03-10,18.187400817871094,18.246450424194336,17.921674728393555,18.187400817871094,9.136746406555176,458086,0.0,0.0
1997-03-11,18.246450424194336,18.54170036315918,18.2169246673584,18.482650756835938,9.285066604614258,683743,0.0,0.0
1997-03-12,18.512174606323242,18.659799575805664,18.423599243164062,18.453125,9.270234107971191,550804,0.0,0.0
1997-03-13,18.453125,18.453125,18.187400817871094,18.187400817871094,9.136746406555176,463167,0.0,0.0
1997-03-14,18.246450424194336,18.54170036315918,18.246450424194336,18.453125,9.270234107971191,537680,0.0,0.0
1997-03-17,18.453125,18.54170036315918,18.157875061035156,18.394075393676758,9.240571022033691,876799,0.0,0.0
1997-03-18,18.394075393676758,18.423599243164062,18.246450424194336,18.305500030517578,9.196070671081543,788738,0.0,0.0
1997-03-19,18.305500030517578,18.305500030517578,17.833099365234375,17.951200485229492,9.018084526062012,600762,0.0,0.0
1997-03-20,18.010250091552734,18.335025787353516,17.862625122070312,18.335025787353516,9.210904121398926,657917,0.0,0.0
1997-03-21,18.36454963684082,18.423599243164062,18.187400817871094,18.246450424194336,9.166410446166992,747248,0.0,0.0
1997-03-24,18.187400817871094,18.246450424194336,17.951200485229492,18.2169246673584,9.151581764221191,413633,0.0,0.0
1997-03-25,18.27597427368164,18.571224212646484,18.27597427368164,18.36454963684082,9.225741386413574,577053,0.0,0.0
1997-03-26,18.36454963684082,18.718849182128906,18.187400817871094,18.63027572631836,9.359227180480957,589331,0.0,0.0
1997-03-27,18.63027572631836,18.6893253326416,18.305500030517578,18.36454963684082,9.225741386413574,565199,0.0,0.0
1997-03-31,18.305500030517578,18.335025787353516,18.069299697875977,18.157875061035156,9.121908187866211,376376,0.0,0.0
1997-04-01,18.098825454711914,18.098825454711914,17.596900939941406,17.744525909423828,8.914257049560547,1096952,0.0,0.0
1997-04-02,17.774049758911133,17.774049758911133,17.39022445678711,17.596900939941406,8.840091705322266,2237087,0.0,0.0
1997-04-03,17.47879981994629,17.685474395751953,17.154024124145508,17.62642478942871,8.854923248291016,1745978,0.0,0.0
1997-04-04,17.596900939941406,18.512174606323242,17.419750213623047,18.423599243164062,9.25539779663086,1798052,0.0,0.0
1997-04-07,18.600749969482422,19.27982521057129,18.571224212646484,19.27982521057129,9.685541152954102,1483065,0.0,0.0
1997-04-08,19.25029945373535,19.60460090637207,19.10267448425293,19.575075149536133,9.833863258361816,941998,0.0,0.0
1997-04-09,19.811275482177734,20.0179500579834,19.634124755859375,19.693174362182617,9.893196105957031,1157070,0.0,0.0
1997-04-10,19.663650512695312,19.663650512695312,19.309349060058594,19.33887481689453,9.715205192565918,1800169,0.0,0.0
1997-04-11,19.27982521057129,19.309349060058594,18.925525665283203,18.984575271606445,9.537215232849121,726080,0.0,0.0
1997-04-14,19.01409912109375,19.36840057373047,18.866474151611328,19.33887481689453,9.715205192565918,534716,0.0,0.0
1997-04-15,19.33887481689453,19.51602554321289,19.10267448425293,19.42745018005371,9.759703636169434,1239627,0.0,0.0
1997-04-16,19.36840057373047,19.36840057373047,18.925525665283203,18.925525665283203,9.507554054260254,729890,0.0,0.0
1997-04-17,18.895999908447266,19.45697593688965,18.718849182128906,19.132200241088867,9.611379623413086,1347163,0.0,0.0
1997-04-18,19.132200241088867,19.161724090576172,18.955049514770508,19.01409912109375,9.552047729492188,493649,0.0,0.0
1997-04-21,18.955049514770508,18.955049514770508,18.63027572631836,18.659799575805664,9.374061584472656,755715,0.0,0.0
1997-04-22,18.600749969482422,18.600749969482422,18.335025787353516,18.54170036315918,9.314733505249023,1519052,0.0,0.0
1997-04-23,18.54170036315918,19.42745018005371,18.482650756835938,19.27982521057129,9.685541152954102,1503387,0.0,0.0
1997-04-24,19.486499786376953,19.84079933166504,19.36840057373047,19.51602554321289,9.804200172424316,1537680,0.0,0.0
1997-04-25,19.51602554321289,19.60460090637207,19.27982521057129,19.33887481689453,9.715205192565918,560542,0.0,0.0
1997-04-28,19.309349060058594,19.545549392700195,19.27982521057129,19.486499786376953,9.789373397827148,509738,0.0,0.0
1997-04-29,19.545549392700195,19.899850845336914,19.397924423217773,19.899850845336914,9.997020721435547,573243,0.0,0.0
1997-04-30,19.958900451660156,20.460824966430664,19.958900451660156,20.195100784301758,10.145342826843262,781541,0.0,0.0
1997-05-01,20.224624633789062,20.372249603271484,20.195100784301758,20.283674240112305,10.189842224121094,1078323,0.0,0.0
1997-05-02,20.313199996948242,20.785600662231445,20.254150390625,20.756074905395508,10.427152633666992,978831,0.0,0.0
1997-05-05,20.874174118041992,21.021799087524414,20.72654914855957,20.90369987487793,10.501323699951172,926757,0.0,0.0
1997-05-06,20.844650268554688,21.021799087524414,20.81512451171875,20.844650268554688,10.471654891967773,1180356,0.0,0.0
1997-05-07,20.874174118041992,20.874174118041992,20.460824966430664,20.4903507232666,10.29366683959961,656224,0.0,0.0
1997-05-08,20.431299209594727,20.785600662231445,20.401775360107422,20.72654914855957,10.412323951721191,700677,0.0,0.0
1997-05-09,20.756074905395508,21.22847557067871,20.756074905395508,21.110374450683594,10.605147361755371,661304,0.0,0.0
1997-05-12,21.05132484436035,21.13990020751953,20.90369987487793,21.05132484436035,10.575480461120605,875953,0.0,0.0
1997-05-13,21.110374450683594,21.110374450683594,20.637975692749023,20.667499542236328,10.382662773132324,372566,0.0,0.0
1997-05-14,20.667499542236328,21.021799087524414,20.372249603271484,20.460824966430664,10.278834342956543,633785,0.0,0.0
1997-05-15,20.401775360107422,20.81512451171875,20.401775360107422,20.81512451171875,10.456826210021973,1056308,0.0,0.0
1997-05-16,20.81512451171875,20.90369987487793,20.460824966430664,20.460824966430664,10.278834342956543,1002540,0.0,0.0
1997-05-19,20.4903507232666,20.4903507232666,20.224624633789062,20.254150390625,10.175004959106445,570279,0.0,0.0
1997-05-20,20.16557502746582,20.431299209594727,20.047475814819336,20.431299209594727,10.26400089263916,971211,0.0,0.0
1997-05-21,20.431299209594727,20.667499542236328,20.401775360107422,20.519874572753906,10.308500289916992,421677,0.0,0.0
1997-05-22,20.460824966430664,20.637975692749023,20.372249603271484,20.549400329589844,10.323328971862793,321338,0.0,0.0
1997-05-23,20.519874572753906,20.72654914855957,20.460824966430664,20.608449935913086,10.352995872497559,272650,0.0,0.0
1997-05-27,20.57892417907715,21.169424057006836,20.519874572753906,21.13990020751953,10.619982719421387,509738,0.0,0.0
1997-05-28,21.08085060119629,21.198949813842773,21.021799087524414,21.05132484436035,10.620573043823242,449196,0.089756,0.0
1997-05-29,21.110374450683594,21.169424057006836,20.844650268554688,20.90369987487793,10.546099662780762,244285,0.0,0.0
1997-05-30,20.608449935913086,20.933225631713867,20.4903507232666,20.933225631713867,10.560994148254395,658764,0.0,0.0
1997-06-02,20.874174118041992,20.962749481201172,20.756074905395508,20.933225631713867,10.560994148254395,235394,0.0,0.0
1997-06-03,20.874174118041992,20.90369987487793,20.72654914855957,20.756074905395508,10.47161865234375,436071,0.0,0.0
1997-06-04,20.697025299072266,20.99227523803711,20.57892417907715,20.608449935913086,10.397144317626953,424640,0.0,0.0
1997-06-05,20.549400329589844,20.874174118041992,20.549400329589844,20.608449935913086,10.397144317626953,244285,0.0,0.0
1997-06-06,20.4903507232666,20.81512451171875,20.431299209594727,20.81512451171875,10.50141429901123,291279,0.0,0.0
1997-06-09,20.874174118041992,21.110374450683594,20.874174118041992,21.05132484436035,10.620573043823242,317104,0.0,0.0
1997-06-10,21.021799087524414,21.464675903320312,21.021799087524414,21.346574783325195,10.769536018371582,729467,0.0,0.0
1997-06-11,21.435150146484375,21.70087432861328,21.287525177001953,21.70087432861328,10.948281288146973,1243438,0.0,0.0
1997-06-12,21.376100540161133,21.73040008544922,21.22847557067871,21.494199752807617,10.844010353088379,1437341,0.0,0.0
1997-06-13,21.435150146484375,21.64182472229004,21.376100540161133,21.405624389648438,10.799322128295898,819221,0.0,0.0
1997-06-16,21.435150146484375,21.523725509643555,21.405624389648438,21.464675903320312,10.82911491394043,385267,0.0,0.0
1997-06-17,21.464675903320312,21.759925842285156,21.405624389648438,21.55324935913086,10.873806953430176,1184166,0.0,0.0
1997-06-18,21.494199752807617,21.523725509643555,21.31705093383789,21.435150146484375,10.814220428466797,453429,0.0,0.0
1997-06-19,21.494199752807617,21.494199752807617,21.376100540161133,21.376100540161133,10.784427642822266,386113,0.0,0.0
1997-06-20,21.31705093383789,21.405624389648438,21.169424057006836,21.376100540161133,10.784427642822266,734547,0.0,0.0
1997-06-23,21.31705093383789,21.523725509643555,21.169424057006836,21.169424057006836,10.680157661437988,707875,0.0,0.0
1997-06-24,21.198949813842773,21.376100540161133,20.99227523803711,21.361337661743164,10.776978492736816,958933,0.0,0.0
1997-06-25,21.464675903320312,21.73040008544922,21.257999420166016,21.302288055419922,10.747194290161133,955123,0.0,0.0
1997-06-26,21.302288055419922,21.346574783325195,20.933225631713867,20.97751235961914,10.583340644836426,595258,0.0,0.0
1997-06-27,21.036563873291016,21.08085060119629,20.682262420654297,20.711788177490234,10.449275970458984,719729,0.0,0.0
1997-06-30,20.770837783813477,20.770837783813477,19.84079933166504,19.84079933166504,10.009858131408691,1278577,0.0,0.0
1997-07-01,19.870325088500977,19.870325088500977,19.471738815307617,19.51602554321289,9.846001625061035,1010161,0.0,0.0
1997-07-02,19.663650512695312,19.944137573242188,19.663650512695312,19.84079933166504,10.009858131408691,830652,0.0,0.0
1997-07-03,19.899850845336914,20.0179500579834,19.870325088500977,19.899850845336914,10.039643287658691,1193057,0.0,0.0
1997-07-07,19.958900451660156,20.195100784301758,19.51602554321289,19.693174362182617,9.935379981994629,955970,0.0,0.0
1997-07-08,19.84079933166504,20.0179500579834,19.781749725341797,19.958900451660156,10.069435119628906,1379340,0.0,0.0
1997-07-09,20.0179500579834,20.209863662719727,19.958900451660156,20.00318717956543,10.091778755187988,873836,0.0,0.0
1997-07-10,20.062238693237305,20.431299209594727,20.062238693237305,20.283674240112305,10.233295440673828,1115580,0.0,0.0
1997-07-11,20.401775360107422,20.475587844848633,20.254150390625,20.34272575378418,10.263082504272461,1082134,0.0,0.0
1997-07-14,20.401775360107422,20.652738571166992,20.387012481689453,20.652738571166992,10.419486999511719,389500,0.0,0.0
1997-07-15,20.697025299072266,20.756074905395508,20.549400329589844,20.637975692749023,10.412040710449219,1055038,0.0,0.0
1997-07-16,20.72654914855957,21.1546630859375,20.711788177490234,20.756074905395508,10.47161865234375,798899,0.0,0.0
1997-07-17,20.785600662231445,20.844650268554688,20.564163208007812,20.608449935913086,10.397144317626953,418290,0.0,0.0
1997-07-18,20.682262420654297,20.711788177490234,20.401775360107422,20.475587844848633,10.330116271972656,763760,0.0,0.0
1997-07-21,20.460824966430664,20.460824966430664,20.0179500579834,20.09176254272461,10.136466026306152,500423,0.0,0.0
1997-07-22,20.032712936401367,20.16557502746582,19.781749725341797,20.136049270629883,10.158809661865234,584251,0.0,0.0
1997-07-23,20.224624633789062,20.874174118041992,20.195100784301758,20.72654914855957,10.456721305847168,1118120,0.0,0.0
1997-07-24,20.549400329589844,20.57892417907715,20.26891326904297,20.313199996948242,10.248186111450195,722269,0.0,0.0
1997-07-25,20.283674240112305,20.387012481689453,19.98842430114746,20.047475814819336,10.114128112792969,629975,0.0,0.0
1997-07-28,20.047475814819336,20.209863662719727,19.914613723754883,20.047475814819336,10.114128112792969,853937,0.0,0.0
1997-07-29,20.062238693237305,20.26891326904297,19.958900451660156,20.15081214904785,10.16625690460205,368755,0.0,0.0
1997-07-30,20.136049270629883,20.41653823852539,20.09176254272461,20.372249603271484,10.277978897094727,658340,0.0,0.0
1997-07-31,20.372249603271484,20.57892417907715,20.372249603271484,20.519874572753906,10.352459907531738,1368332,0.0,0.0
1997-08-01,20.57892417907715,20.593687057495117,20.431299209594727,20.549400329589844,10.36734676361084,637172,0.0,0.0
1997-08-04,20.549400329589844,20.608449935913086,20.475587844848633,20.4903507232666,10.33755874633789,530906,0.0,0.0
1997-08-05,20.460824966430664,20.519874572753906,20.254150390625,20.283674240112305,10.233295440673828,491956,0.0,0.0
1997-08-06,20.313199996948242,20.637975692749023,20.23938751220703,20.564163208007812,10.374798774719238,622354,0.0,0.0
1997-08-07,20.593687057495117,20.593687057495117,20.298437118530273,20.313199996948242,10.248186111450195,593141,0.0,0.0
1997-08-08,20.254150390625,20.254150390625,19.737462997436523,19.826038360595703,10.002406120300293,1066046,0.0,0.0
1997-08-11,19.826038360595703,19.826038360595703,19.45697593688965,19.560312271118164,9.86834716796875,694327,0.0,0.0
1997-08-12,19.560312271118164,19.560312271118164,18.984575271606445,18.999338150024414,9.585331916809082,1056308,0.0,0.0
1997-08-13,19.206012725830078,19.294588088989258,19.161724090576172,19.294588088989258,9.734291076660156,2468671,0.0,0.0
1997-08-14,19.53078842163086,19.707937240600586,19.397924423217773,19.693174362182617,9.935379981994629,1759949,0.0,0.0
1997-08-15,19.781749725341797,19.781749725341797,19.42745018005371,19.67841339111328,9.927928924560547,1573243,0.0,0.0
1997-08-18,19.471738815307617,19.958900451660156,19.33887481689453,19.914613723754883,10.047094345092773,773920,0.0,0.0
1997-08-19,19.914613723754883,20.136049270629883,19.899850845336914,20.121288299560547,10.151365280151367,778577,0.0,0.0
1997-08-20,20.18033790588379,20.623212814331055,20.136049270629883,20.623212814331055,10.404585838317871,585521,0.0,0.0
1997-08-21,20.564163208007812,20.623212814331055,20.23938751220703,20.401775360107422,10.292878150939941,779424,0.0,0.0
1997-08-22,20.283674240112305,20.401775360107422,20.062238693237305,20.401775360107422,10.292878150939941,656224,0.0,0.0
1997-08-25,20.72654914855957,21.06608772277832,20.72654914855957,20.82988739013672,10.508858680725098,825572,0.0,0.0
1997-08-26,20.844650268554688,20.97751235961914,20.72654914855957,20.756074905395508,10.47161865234375,865792,0.0,0.0
1997-08-27,20.770837783813477,20.770837783813477,20.534637451171875,20.682262420654297,10.434382438659668,491109,0.0,0.0
1997-08-28,20.623212814331055,20.711788177490234,20.431299209594727,20.564163208007812,10.374798774719238,595258,0.0,0.0
1997-08-29,20.534637451171875,20.637975692749023,20.446062088012695,20.57892417907715,10.382245063781738,367485,0.0,0.0
1997-09-02,20.401775360107422,20.874174118041992,20.401775360107422,20.800363540649414,10.547232627868652,342930,0.103928,0.0
1997-09-03,20.90369987487793,21.110374450683594,20.888938903808594,21.021799087524414,10.65950870513916,535563,0.0,0.0
1997-09-04,21.021799087524414,21.80421257019043,21.021799087524414,21.494199752807617,10.899053573608398,919983,0.0,0.0
1997-09-05,21.55324935913086,21.73040008544922,21.405624389648438,21.538488388061523,10.921510696411133,1574936,0.0,0.0
1997-09-08,21.568012237548828,21.907550811767578,21.568012237548828,21.80421257019043,11.056248664855957,472481,0.0,0.0
1997-09-09,21.745162963867188,21.833738327026367,21.538488388061523,21.612300872802734,10.958943367004395,652413,0.0,0.0
1997-09-10,21.55324935913086,21.671350479125977,21.3908634185791,21.420387268066406,10.861623764038086,359018,0.0,0.0
1997-09-11,21.3908634185791,21.3908634185791,21.125137329101562,21.272762298583984,10.786763191223145,792972,0.0,0.0
1997-09-12,21.257999420166016,21.420387268066406,20.925844192504883,21.3908634185791,10.846652030944824,607536,0.0,0.0
1997-09-15,21.376100540161133,21.582775115966797,21.376100540161133,21.435150146484375,10.869112014770508,1026672,0.0,0.0
1997-09-16,21.494199752807617,21.774688720703125,21.494199752807617,21.73040008544922,11.018821716308594,375529,0.0,0.0
1997-09-17,21.848499298095703,22.099462509155273,21.848499298095703,22.010887145996094,11.161054611206055,456816,0.0,0.0
1997-09-18,21.96660041809082,22.896638870239258,21.96660041809082,22.881874084472656,11.602703094482422,765876,0.0,0.0
1997-09-19,22.896638870239258,22.999975204467773,22.70472526550293,22.79330062866211,11.557793617248535,1615157,0.0,0.0
1997-09-22,22.763774871826172,23.147600173950195,22.763774871826172,23.073787689208984,11.700014114379883,499577,0.0,0.0
1997-09-23,22.9556884765625,22.9556884765625,22.586624145507812,22.645675659179688,11.48293399810791,497036,0.0,0.0
1997-09-24,22.468524932861328,22.571863174438477,22.084699630737305,22.173274993896484,11.243392944335938,659187,0.0,0.0
1997-09-25,22.143749237060547,22.320899963378906,22.06993865966797,22.084699630737305,11.198476791381836,368755,0.0,0.0
1997-09-26,21.96660041809082,22.05517578125,21.71563720703125,21.774688720703125,11.041281700134277,488146,0.0,0.0
1997-09-29,21.287525177001953,21.996124267578125,21.22847557067871,21.996124267578125,11.15356159210205,514183,0.0,2.0
1997-09-30,21.848499298095703,21.907550811767578,21.523725509643555,21.612300872802734,10.958943367004395,668290,0.0,0.0
1997-10-01,21.73040008544922,21.78944969177246,21.346574783325195,21.405624389648438,10.85413932800293,417655,0.0,0.0
1997-10-02,21.287525177001953,21.612300872802734,21.257999420166016,21.464675903320312,10.884084701538086,413421,0.0,0.0
1997-10-03,21.582775115966797,21.70087432861328,20.785600662231445,21.08085060119629,10.689457893371582,523497,0.0,0.0
1997-10-06,21.08085060119629,21.671350479125977,21.08085060119629,21.435150146484375,10.869112014770508,462532,0.0,0.0
1997-10-07,21.376100540161133,21.435150146484375,20.90369987487793,20.90369987487793,10.599632263183594,522439,0.0,0.0
1997-10-08,21.021799087524414,21.198949813842773,20.72654914855957,21.05132484436035,10.674483299255371,631245,0.0,0.0
1997-10-09,20.81512451171875,21.8189754486084,20.667499542236328,21.759925842285156,11.03378963470459,639712,0.0,0.0
1997-10-10,21.64182472229004,21.937074661254883,21.494199752807617,21.78944969177246,11.0487642288208,609865,0.0,0.0
1997-10-13,21.907550811767578,22.025650024414062,21.55324935913086,21.671350479125977,10.988880157470703,298264,0.0,0.0
1997-10-14,21.907550811767578,22.94092559814453,21.848499298095703,22.498050689697266,11.408077239990234,668925,0.0,0.0
1997-10-15,22.37994956970215,22.675199508666992,22.29137420654297,22.675199508666992,11.497905731201172,549534,0.0,0.0
1997-10-16,22.37994956970215,23.6200008392334,22.37994956970215,22.970449447631836,11.64761734008789,769052,0.0,0.0
1997-10-17,22.85235023498535,23.324750900268555,22.261850357055664,22.320899963378906,11.318251609802246,996613,0.0,0.0
1997-10-20,22.409475326538086,22.85235023498535,22.37994956970215,22.557100296020508,11.438018798828125,478620,0.0,0.0
1997-10-21,22.675199508666992,23.118074417114258,22.675199508666992,23.088550567626953,11.707501411437988,473963,0.0,0.0
1997-10-22,23.118074417114258,23.118074417114258,22.468524932861328,22.85235023498535,11.587729454040527,694115,0.0,0.0
1997-10-23,22.675199508666992,22.675199508666992,21.996124267578125,22.084699630737305,11.198476791381836,289585,0.0,0.0
1997-10-24,22.43899917602539,22.43899917602539,21.55324935913086,21.64182472229004,10.973907470703125,546147,0.0,0.0
1997-10-27,21.523725509643555,21.582775115966797,19.899850845336914,19.899850845336914,10.090604782104492,252752,0.0,0.0
1997-10-28,19.36840057373047,21.405624389648438,19.25029945373535,21.22847557067871,10.764309883117676,698349,0.0,0.0
1997-10-29,21.346574783325195,21.848499298095703,20.933225631713867,21.08085060119629,10.689457893371582,538103,0.0,0.0
1997-10-30,20.962749481201172,21.021799087524414,20.637975692749023,20.637975692749023,10.464888572692871,259738,0.0,0.0
1997-10-31,20.874174118041992,20.933225631713867,20.283674240112305,20.608449935913086,10.44991683959961,624471,0.0,0.0
1997-11-03,20.90369987487793,21.22847557067871,20.90369987487793,21.05132484436035,10.674483299255371,456605,0.0,0.0
1997-11-04,21.05132484436035,21.612300872802734,20.844650268554688,21.523725509643555,10.914027214050293,343353,0.0,0.0
1997-11-05,21.78944969177246,22.084699630737305,21.494199752807617,21.848499298095703,11.078706741333008,398815,0.0,0.0
1997-11-06,21.73040008544922,21.78944969177246,21.110374450683594,21.257999420166016,10.779287338256836,577477,0.0,0.0
1997-11-07,20.962749481201172,20.962749481201172,20.224624633789062,20.667499542236328,10.479857444763184,508891,0.0,0.0
1997-11-10,20.697025299072266,20.756074905395508,20.460824966430664,20.4903507232666,10.390028953552246,234970,0.0,0.0
1997-11-11,20.519874572753906,21.021799087524414,20.519874572753906,21.021799087524414,10.65950870513916,360500,0.0,0.0
1997-11-12,20.844650268554688,21.021799087524414,20.431299209594727,20.519874572753906,10.405003547668457,473116,0.0,0.0
1997-11-13,20.57892417907715,20.756074905395508,20.401775360107422,20.697025299072266,10.494832992553711,214437,0.0,0.0
1997-11-14,20.697025299072266,21.169424057006836,20.519874572753906,21.08085060119629,10.689457893371582,273709,0.0,0.0
1997-11-17,21.31705093383789,21.848499298095703,21.257999420166016,21.70087432861328,11.003849983215332,445385,0.0,0.0
1997-11-18,21.759925842285156,21.907550811767578,21.435150146484375,21.464675903320312,10.884084701538086,441998,0.0,0.0
1997-11-19,21.435150146484375,21.671350479125977,21.169424057006836,21.257999420166016,10.831729888916016,352879,0.103928,0.0
1997-11-20,21.257999420166016,21.78944969177246,21.257999420166016,21.494199752807617,10.952079772949219,171888,0.0,0.0
1997-11-21,21.73040008544922,21.96660041809082,21.31705093383789,21.523725509643555,10.96712875366211,312024,0.0,0.0
1997-11-24,21.494199752807617,21.612300872802734,21.287525177001953,21.376100540161133,10.891902923583984,273709,0.0,0.0
1997-11-25,21.376100540161133,21.96660041809082,21.31705093383789,21.73040008544922,11.07243537902832,455334,0.0,0.0
1997-11-26,22.202800750732422,22.94092559814453,22.202800750732422,22.763774871826172,11.598977088928223,442210,0.0,0.0
1997-11-28,22.409475326538086,22.498050689697266,22.29137420654297,22.409475326538086,11.418453216552734,124471,0.0,0.0
1997-12-01,22.409475326538086,22.61614990234375,21.996124267578125,22.61614990234375,11.523758888244629,335944,0.0,0.0
1997-12-02,22.675199508666992,22.734249114990234,21.78944969177246,21.87802505493164,11.14765453338623,496190,0.0,0.0
1997-12-03,21.996124267578125,22.498050689697266,21.671350479125977,22.43899917602539,11.433490753173828,751482,0.0,0.0
1997-12-04,22.557100296020508,22.763774871826172,22.202800750732422,22.232324600219727,11.328182220458984,242591,0.0,0.0
1997-12-05,22.114225387573242,22.29137420654297,21.73040008544922,21.87802505493164,11.14765453338623,558425,0.0,0.0
1997-12-08,21.996124267578125,22.498050689697266,21.87802505493164,22.409475326538086,11.418453216552734,333616,0.0,0.0
1997-12-09,22.409475326538086,22.409475326538086,21.96660041809082,21.96660041809082,11.192789077758789,351397,0.0,0.0
1997-12-10,21.907550811767578,21.96660041809082,21.464675903320312,21.759925842285156,11.087480545043945,353937,0.0,0.0
1997-12-11,21.376100540161133,21.376100540161133,20.785600662231445,20.90369987487793,10.65119743347168,301439,0.0,0.0
1997-12-12,20.90369987487793,20.90369987487793,20.195100784301758,20.224624633789062,10.305185317993164,746825,0.0,0.0
1997-12-15,20.34272575378418,21.198949813842773,20.313199996948242,21.169424057006836,10.786598205566406,527096,0.0,0.0
1997-12-16,21.13990020751953,21.13990020751953,20.195100784301758,20.72654914855957,10.560937881469727,1239627,0.0,0.0
1997-12-17,20.844650268554688,21.021799087524414,20.697025299072266,20.72654914855957,10.560937881469727,1277731,0.0,0.0
1997-12-18,20.72654914855957,20.72654914855957,19.84079933166504,20.401775360107422,10.395452499389648,772227,0.0,0.0
1997-12-19,20.136049270629883,20.313199996948242,19.575075149536133,20.313199996948242,10.350319862365723,811177,0.0,0.0
1997-12-22,20.34272575378418,20.81512451171875,20.313199996948242,20.785600662231445,10.591026306152344,568586,0.0,0.0
1997-12-23,20.667499542236328,20.72654914855957,20.401775360107422,20.519874572753906,10.455628395080566,416384,0.0,0.0
1997-12-24,20.460824966430664,20.460824966430664,20.16557502746582,20.195100784301758,10.290141105651855,218882,0.0,0.0
1997-12-26,20.254150390625,20.372249603271484,20.136049270629883,20.254150390625,10.32022762298584,94835,0.0,0.0
1997-12-29,20.283674240112305,20.99227523803711,20.283674240112305,20.933225631713867,10.666245460510254,302286,0.0,0.0
1997-12-30,21.08085060119629,21.31705093383789,21.05132484436035,21.257999420166016,10.831729888916016,1066046,0.0,0.0
1997-12-31,21.287525177001953,21.87802505493164,21.169424057006836,21.671350479125977,11.04234504699707,324936,0.0,0.0
1998-01-02,21.78944969177246,21.96660041809082,21.13990020751953,21.257999420166016,10.831729888916016,522862,0.0,0.0
1998-01-05,21.435150146484375,21.78944969177246,21.169424057006836,21.405624389648438,10.906949043273926,479678,0.0,0.0
1998-01-06,21.22847557067871,21.257999420166016,20.962749481201172,21.22847557067871,10.816680908203125,606901,0.0,0.0
1998-01-07,21.22847557067871,21.22847557067871,20.431299209594727,20.608449935913086,10.500757217407227,573455,0.0,0.0
1998-01-08,20.72654914855957,21.346574783325195,20.72654914855957,21.169424057006836,10.786598205566406,530694,0.0,0.0
1998-01-09,21.05132484436035,21.169424057006836,20.16557502746582,20.460824966430664,10.425539016723633,772650,0.0,0.0
1998-01-12,19.84079933166504,20.519874572753906,19.722700119018555,20.16557502746582,10.275100708007812,1359653,0.0,0.0
1998-01-13,19.84079933166504,20.785600662231445,19.84079933166504,20.72654914855957,10.560937881469727,562870,0.0,0.0
1998-01-14,20.608449935913086,20.874174118041992,20.195100784301758,20.844650268554688,10.621113777160645,481372,0.0,0.0
1998-01-15,20.962749481201172,20.962749481201172,20.549400329589844,20.57892417907715,10.485713005065918,245978,0.0,0.0
1998-01-16,21.13990020751953,21.405624389648438,21.08085060119629,21.169424057006836,10.786598205566406,350550,0.0,0.0
1998-01-20,21.169424057006836,21.96660041809082,21.05132484436035,21.937074661254883,11.177746772766113,336367,0.0,0.0
1998-01-21,21.937074661254883,21.937074661254883,21.257999420166016,21.435150146484375,10.921995162963867,574513,0.0,0.0
1998-01-22,21.169424057006836,21.257999420166016,20.667499542236328,21.13990020751953,10.771556854248047,407917,0.0,0.0
1998-01-23,21.13990020751953,21.435150146484375,21.08085060119629,21.376100540161133,10.891902923583984,645004,0.0,0.0
1998-01-26,21.405624389648438,21.494199752807617,20.90369987487793,21.08085060119629,10.741464614868164,277731,0.0,0.0
1998-01-27,21.198949813842773,21.671350479125977,21.08085060119629,21.464675903320312,10.937039375305176,444327,0.0,0.0
1998-01-28,21.464675903320312,21.612300872802734,21.257999420166016,21.405624389648438,10.906949043273926,368120,0.0,0.0
1998-01-29,21.405624389648438,22.232324600219727,21.346574783325195,21.87802505493164,11.14765453338623,394369,0.0,0.0
1998-01-30,21.8189754486084,22.52757453918457,21.73040008544922,22.498050689697266,11.463578224182129,784716,0.0,0.0
1998-02-02,22.970449447631836,22.970449447631836,22.43899917602539,22.43899917602539,11.433490753173828,693057,0.0,0.0
1998-02-03,22.320899963378906,22.498050689697266,22.1658935546875,22.37994956970215,11.403396606445312,618332,0.0,0.0
1998-02-04,22.261850357055664,22.911399841308594,22.188037872314453,22.557100296020508,11.493668556213379,441998,0.0,0.0
1998-02-05,22.61614990234375,22.70472526550293,22.409475326538086,22.586624145507812,11.508708953857422,172100,0.0,0.0
1998-02-06,22.675199508666992,22.822824478149414,22.468524932861328,22.498050689697266,11.463578224182129,150720,0.0,0.0
1998-02-09,22.468524932861328,22.645675659179688,22.43899917602539,22.586624145507812,11.508708953857422,359865,0.0,0.0
1998-02-10,22.498050689697266,23.4133243560791,22.498050689697266,23.26569938659668,11.854727745056152,480948,0.0,0.0
1998-02-11,23.147600173950195,23.797149658203125,23.059024810791016,23.738100051879883,12.095428466796875,815199,0.0,0.0
1998-02-12,23.6200008392334,23.67905044555664,23.206649780273438,23.50189971923828,11.975078582763672,527731,0.0,0.0
1998-02-13,23.383800506591797,23.738100051879883,23.35427474975586,23.59047508239746,12.020209312438965,506986,0.0,0.0
1998-02-17,23.560949325561523,24.09239959716797,23.50189971923828,24.033349990844727,12.245871543884277,468036,0.0,0.0
1998-02-18,24.033349990844727,24.41717529296875,23.974300384521484,24.00382423400879,12.230829238891602,314776,0.0,0.0
1998-02-19,24.00382423400879,24.269550323486328,23.974300384521484,24.24002456665039,12.351181030273438,313294,0.0,0.0
1998-02-20,24.358125686645508,24.387649536132812,24.033349990844727,24.09239959716797,12.275962829589844,890347,0.0,0.0
1998-02-23,24.09239959716797,24.15144920349121,23.944774627685547,24.00382423400879,12.230829238891602,394369,0.0,0.0
1998-02-24,23.76762580871582,23.797149658203125,23.44285011291504,23.560949325561523,12.005171775817871,706605,0.0,0.0
1998-02-25,23.59047508239746,23.885725021362305,23.53142547607422,23.797149658203125,12.125519752502441,1044877,0.0,0.0
1998-02-26,23.738100051879883,24.7419490814209,23.738100051879883,24.535274505615234,12.501623153686523,411939,0.0,0.0
1998-02-27,24.41717529296875,24.41717529296875,23.797149658203125,23.974300384521484,12.215780258178711,412574,0.0,0.0
1998-03-02,24.062875747680664,24.210500717163086,23.6200008392334,23.649524688720703,12.050297737121582,357324,0.0,0.0
1998-03-03,23.53142547607422,23.67905044555664,23.53142547607422,23.67905044555664,12.065340995788574,485394,0.0,0.0
1998-03-04,23.67905044555664,23.797149658203125,23.50189971923828,23.76762580871582,12.110475540161133,248095,0.0,0.0
1998-03-05,23.383800506591797,23.472375869750977,23.088550567626953,23.35427474975586,11.899852752685547,452583,0.0,0.0
1998-03-06,23.35427474975586,24.00382423400879,23.35427474975586,23.6200008392334,12.089048385620117,388865,0.103928,0.0
1998-03-09,23.53142547607422,23.708574295043945,23.295225143432617,23.324750900268555,11.937933921813965,517993,0.0,0.0
1998-03-10,23.44285011291504,24.15144920349121,23.44285011291504,24.09239959716797,12.33083438873291,550804,0.0,0.0
1998-03-11,23.974300384521484,24.535274505615234,23.944774627685547,24.299074172973633,12.43660831451416,266300,0.0,0.0
1998-03-12,24.358125686645508,24.358125686645508,23.797149658203125,24.15144920349121,12.36104679107666,324725,0.0,0.0
1998-03-13,24.15144920349121,24.50575065612793,23.856199264526367,23.856199264526367,12.209942817687988,475233,0.0,0.0
1998-03-16,23.974300384521484,24.771474838256836,23.974300384521484,24.712425231933594,12.64816951751709,316046,0.0,0.0
1998-03-17,24.594324111938477,24.623849868774414,23.856199264526367,24.00382423400879,12.285501480102539,278577,0.0,0.0
1998-03-18,24.121925354003906,24.387649536132812,24.00382423400879,24.387649536132812,12.481945991516113,296994,0.0,0.0
1998-03-19,24.41717529296875,25.2143497467041,24.41717529296875,25.2143497467041,12.905054092407227,634843,0.0,0.0
1998-03-20,25.421024322509766,25.48007583618164,24.623849868774414,25.007675170898438,12.799283981323242,586156,0.0,0.0
1998-03-23,24.88957405090332,25.627700805664062,24.682899475097656,25.037200927734375,12.814393043518066,389289,0.0,0.0
1998-03-24,25.037200927734375,25.361974716186523,25.007675170898438,25.33245086669922,12.965508460998535,214014,0.0,0.0
1998-03-25,25.627700805664062,26.12962532043457,25.33245086669922,25.686750411987305,13.14683723449707,606266,0.0,0.0
1998-03-26,25.450550079345703,25.71627426147461,25.30292510986328,25.33245086669922,12.965508460998535,430567,0.0,0.0
1998-03-27,25.450550079345703,25.450550079345703,24.564800262451172,24.682899475097656,12.633054733276367,729255,0.0,0.0
1998-03-30,24.682899475097656,24.7419490814209,24.387649536132812,24.65337562561035,12.617948532104492,349915,0.0,0.0
1998-03-31,24.712425231933594,24.860050201416016,24.446699142456055,24.682899475097656,12.633054733276367,690728,0.0,0.0
1998-04-01,24.623849868774414,24.860050201416016,24.476224899291992,24.623849868774414,12.602839469909668,848222,0.0,0.0
1998-04-02,24.564800262451172,24.801000595092773,24.299074172973633,24.41717529296875,12.497064590454102,1079170,0.0,0.0
1998-04-03,24.535274505615234,24.623849868774414,24.41717529296875,24.476224899291992,12.527278900146484,421041,0.0,0.0
1998-04-06,24.535274505615234,24.564800262451172,23.944774627685547,23.974300384521484,12.270383834838867,325360,0.0,0.0
1998-04-07,23.974300384521484,23.974300384521484,22.970449447631836,23.59047508239746,12.07393741607666,410034,0.0,0.0
1998-04-08,23.44285011291504,23.856199264526367,23.4133243560791,23.738100051879883,12.149495124816895,972481,0.0,0.0
1998-04-09,23.67905044555664,23.856199264526367,23.6200008392334,23.76762580871582,12.1646089553833,457240,0.0,0.0
1998-04-13,23.76762580871582,24.00382423400879,23.35427474975586,23.35427474975586,11.953042030334473,524767,0.0,0.0
1998-04-14,23.4133243560791,23.974300384521484,23.147600173950195,23.885725021362305,12.225050926208496,456605,0.0,0.0
1998-04-15,23.944774627685547,24.387649536132812,23.885725021362305,24.269550323486328,12.421504974365234,796147,0.0,0.0
1998-04-16,24.15144920349121,24.535274505615234,24.062875747680664,24.387649536132812,12.481945991516113,539585,0.0,0.0
1998-04-17,24.41717529296875,24.682899475097656,24.32859992980957,24.476224899291992,12.527278900146484,334462,0.0,0.0
1998-04-20,24.476224899291992,24.476224899291992,23.915250778198242,24.033349990844727,12.300610542297363,236664,0.0,0.0
1998-04-21,24.121925354003906,24.121925354003906,23.708574295043945,24.00382423400879,12.285501480102539,382091,0.0,0.0
1998-04-22,24.09239959716797,24.9781494140625,23.974300384521484,24.801000595092773,12.693512916564941,538950,0.0,0.0
1998-04-23,24.801000595092773,25.037200927734375,24.32859992980957,24.358125686645508,12.466839790344238,216554,0.0,0.0
1998-04-24,24.299074172973633,24.50575065612793,23.472375869750977,23.59047508239746,12.07393741607666,495131,0.0,0.0
1998-04-27,23.649524688720703,23.974300384521484,23.206649780273438,23.472375869750977,12.013489723205566,291279,0.0,0.0
1998-04-28,23.53142547607422,23.59047508239746,22.970449447631836,23.088550567626953,11.817049980163574,493226,0.0,0.0
1998-04-29,23.088550567626953,23.4133243560791,23.088550567626953,23.206649780273438,11.8774995803833,502752,0.0,0.0
1998-04-30,23.44285011291504,23.915250778198242,22.822824478149414,22.85235023498535,11.696152687072754,556943,0.0,0.0
1998-05-01,23.206649780273438,24.18097496032715,23.118074417114258,24.121925354003906,12.345942497253418,553345,0.0,0.0
1998-05-04,24.15144920349121,24.623849868774414,24.033349990844727,24.09239959716797,12.33083438873291,372777,0.0,0.0
1998-05-05,24.210500717163086,24.32859992980957,23.797149658203125,24.15144920349121,12.36104679107666,379763,0.0,0.0
1998-05-06,24.09239959716797,24.771474838256836,24.033349990844727,24.41717529296875,12.497064590454102,506562,0.0,0.0
1998-05-07,24.18097496032715,24.210500717163086,23.885725021362305,24.18097496032715,12.376167297363281,631245,0.0,0.0
1998-05-08,24.121925354003906,24.682899475097656,24.121925354003906,24.65337562561035,12.617948532104492,480313,0.0,0.0
1998-05-11,24.65337562561035,24.712425231933594,24.358125686645508,24.358125686645508,12.466839790344238,459568,0.0,0.0
1998-05-12,24.387649536132812,24.50575065612793,24.062875747680664,24.358125686645508,12.466839790344238,264606,0.0,0.0
1998-05-13,24.387649536132812,24.65337562561035,24.32859992980957,24.564800262451172,12.572612762451172,261431,0.0,0.0
1998-05-14,24.564800262451172,24.564800262451172,24.09239959716797,24.09239959716797,12.33083438873291,1376799,0.0,0.0
1998-05-15,24.09239959716797,24.09239959716797,23.826675415039062,23.885725021362305,12.225050926208496,437765,0.0,0.0
1998-05-18,23.885725021362305,24.269550323486328,23.856199264526367,23.974300384521484,12.270383834838867,244708,0.0,0.0
1998-05-19,23.915250778198242,23.944774627685547,23.708574295043945,23.856199264526367,12.209942817687988,309060,0.0,0.0
1998-05-20,23.974300384521484,24.09239959716797,22.911399841308594,23.708574295043945,12.134383201599121,418078,0.0,0.0
1998-05-21,23.738100051879883,23.826675415039062,23.6200008392334,23.649524688720703,12.104158401489258,553768,0.0,0.0
1998-05-22,23.6200008392334,23.738100051879883,23.088550567626953,23.472375869750977,12.013489723205566,442633,0.0,0.0
1998-05-26,23.649524688720703,23.649524688720703,23.236175537109375,23.295225143432617,11.922828674316406,346317,0.0,0.0
1998-05-27,23.118074417114258,23.118074417114258,22.409475326538086,22.409475326538086,11.46949291229248,459780,0.0,0.0
1998-05-28,22.52757453918457,22.881874084472656,22.409475326538086,22.822824478149414,11.735477447509766,303980,0.103928,0.0
1998-05-29,22.94092559814453,22.94092559814453,22.734249114990234,22.85235023498535,11.750648498535156,263760,0.0,0.0
1998-06-01,22.734249114990234,22.94092559814453,22.61614990234375,22.763774871826172,11.705106735229492,382091,0.0,0.0
1998-06-02,22.763774871826172,22.970449447631836,22.37994956970215,22.498050689697266,11.568471908569336,617697,0.0,0.0
1998-06-03,22.498050689697266,23.147600173950195,22.29137420654297,22.498050689697266,11.568471908569336,812447,0.0,0.0
1998-06-04,22.37994956970215,22.52757453918457,22.143749237060547,22.202800750732422,11.416650772094727,633150,0.0,0.0
1998-06-05,22.261850357055664,22.261850357055664,21.435150146484375,21.464675903320312,11.037114143371582,1007832,0.0,0.0
1998-06-08,21.494199752807617,21.937074661254883,21.257999420166016,21.494199752807617,11.052290916442871,1299323,0.0,0.0
1998-06-09,21.64182472229004,22.025650024414062,21.612300872802734,21.937074661254883,11.280019760131836,805250,0.0,0.0
1998-06-10,21.937074661254883,21.937074661254883,21.13990020751953,21.346574783325195,10.976388931274414,951736,0.0,0.0
1998-06-11,21.31705093383789,21.494199752807617,21.08085060119629,21.13990020751953,10.870118141174316,385902,0.0,0.0
1998-06-12,21.13990020751953,21.346574783325195,20.313199996948242,20.697025299072266,10.642385482788086,548052,0.0,0.0
1998-06-15,20.756074905395508,20.933225631713867,20.283674240112305,20.283674240112305,10.429844856262207,378704,0.0,0.0
1998-06-16,20.254150390625,20.4903507232666,19.870325088500977,19.958900451660156,10.26284122467041,653895,0.0,0.0
1998-06-17,20.0179500579834,20.549400329589844,20.0179500579834,20.07699966430664,10.32357406616211,798264,0.0,0.0
1998-06-18,20.07699966430664,20.313199996948242,19.60460090637207,19.752225875854492,10.156575202941895,737722,0.0,0.0
1998-06-19,19.36840057373047,20.0179500579834,19.36840057373047,19.98842430114746,10.278026580810547,1181202,0.0,0.0
1998-06-22,19.811275482177734,19.958900451660156,19.663650512695312,19.84079933166504,10.202116966247559,1136749,0.0,0.0
1998-06-23,19.36840057373047,19.60460090637207,19.19124984741211,19.27982521057129,9.913663864135742,1765876,0.0,0.0
1998-06-24,19.220775604248047,19.663650512695312,19.073150634765625,19.45697593688965,10.004755020141602,2291914,0.0,0.0
1998-06-25,19.36840057373047,20.047475814819336,19.220775604248047,19.92937469482422,10.247665405273438,2129975,0.0,0.0
1998-06-26,19.958900451660156,20.549400329589844,19.899850845336914,20.4903507232666,10.536114692687988,748730,0.0,0.0
1998-06-29,20.844650268554688,20.962749481201172,20.637975692749023,20.72654914855957,10.657567977905273,565411,0.0,0.0
1998-06-30,20.697025299072266,21.169424057006836,20.549400329589844,21.110374450683594,10.85492992401123,754022,0.0,0.0
1998-07-01,21.110374450683594,21.198949813842773,20.72654914855957,20.874174118041992,10.733476638793945,730525,0.0,0.0
1998-07-02,20.785600662231445,20.90369987487793,20.254150390625,20.90369987487793,10.748658180236816,536410,0.0,0.0
1998-07-06,20.90369987487793,20.90369987487793,20.519874572753906,20.637975692749023,10.612028121948242,179509,0.0,0.0
1998-07-07,20.637975692749023,20.637975692749023,19.84079933166504,20.313199996948242,10.445029258728027,593353,0.0,0.0
1998-07-08,20.313199996948242,20.401775360107422,19.84079933166504,19.84079933166504,10.202116966247559,496190,0.0,0.0
1998-07-09,19.36840057373047,19.958900451660156,19.36840057373047,19.899850845336914,10.232475280761719,601185,0.0,0.0
1998-07-10,20.313199996948242,20.313199996948242,19.663650512695312,19.722700119018555,10.141388893127441,321973,0.0,0.0
1998-07-13,19.60460090637207,19.60460090637207,19.25029945373535,19.25029945373535,9.898482322692871,282811,0.0,0.0
1998-07-14,19.36840057373047,19.722700119018555,19.309349060058594,19.486499786376953,10.019935607910156,476715,0.0,0.0
1998-07-15,19.486499786376953,20.195100784301758,19.42745018005371,19.98842430114746,10.278026580810547,872354,0.0,0.0
1998-07-16,20.106525421142578,20.401775360107422,19.958900451660156,20.254150390625,10.414656639099121,303345,0.0,0.0
1998-07-17,20.224624633789062,20.283674240112305,19.84079933166504,19.958900451660156,10.26284122467041,879975,0.0,0.0
1998-07-20,19.84079933166504,19.870325088500977,19.663650512695312,19.781749725341797,10.171753883361816,498518,0.0,0.0
1998-07-21,19.132200241088867,19.722700119018555,19.132200241088867,19.693174362182617,10.126213073730469,836367,0.0,0.0
1998-07-22,19.575075149536133,19.722700119018555,19.25029945373535,19.722700119018555,10.141388893127441,604361,0.0,0.0
1998-07-23,19.663650512695312,19.663650512695312,18.895999908447266,19.01409912109375,9.777026176452637,376164,0.0,0.0
1998-07-24,19.132200241088867,19.36840057373047,19.132200241088867,19.27982521057129,9.913663864135742,831499,0.0,0.0
1998-07-27,19.161724090576172,19.36840057373047,18.6893253326416,19.309349060058594,9.92884635925293,639500,0.0,0.0
1998-07-28,19.19124984741211,19.634124755859375,19.132200241088867,19.33887481689453,9.944021224975586,497671,0.0,0.0
1998-07-29,19.36840057373047,19.42745018005371,19.01409912109375,19.043624877929688,9.792206764221191,413633,0.0,0.0
1998-07-30,19.043624877929688,19.45697593688965,18.984575271606445,19.27982521057129,9.913663864135742,406224,0.0,0.0
1998-07-31,19.309349060058594,19.309349060058594,18.571224212646484,18.718849182128906,9.62520980834961,417443,0.0,0.0
1998-08-03,18.718849182128906,18.748374938964844,18.12834930419922,18.157875061035156,9.33675765991211,415538,0.0,0.0
1998-08-04,18.27597427368164,18.394075393676758,17.71500015258789,17.80357551574707,9.154582023620605,869390,0.0,0.0
1998-08-05,17.80357551574707,18.36454963684082,17.744525909423828,17.951200485229492,9.23049259185791,846952,0.0,0.0
1998-08-06,17.833099365234375,17.862625122070312,17.331174850463867,17.774049758911133,9.139394760131836,1417019,0.0,0.0
1998-08-07,17.921674728393555,18.187400817871094,17.80357551574707,18.069299697875977,9.291215896606445,1077265,0.0,0.0
1998-08-10,18.600749969482422,18.600749969482422,17.951200485229492,18.039775848388672,9.27603816986084,430144,0.0,0.0
1998-08-11,17.951200485229492,17.951200485229492,17.30164909362793,17.47879981994629,8.987576484680176,1407070,0.0,0.0
1998-08-12,17.508325576782227,17.862625122070312,17.44927406311035,17.71500015258789,9.10903549194336,1500212,0.0,0.0
1998-08-13,17.62642478942871,17.744525909423828,17.360700607299805,17.47879981994629,8.987576484680176,846740,0.0,0.0
1998-08-14,17.419750213623047,17.47879981994629,16.97687530517578,17.035924911499023,8.759856224060059,439246,0.0,0.0
1998-08-17,17.154024124145508,17.71500015258789,16.97687530517578,17.596900939941406,9.048306465148926,1504234,0.0,0.0
1998-08-18,17.53784942626953,17.833099365234375,17.360700607299805,17.833099365234375,9.169759750366211,570914,0.0,0.0
1998-08-19,18.12834930419922,18.2169246673584,17.833099365234375,18.12834930419922,9.321574211120605,861135,0.0,0.0
1998-08-20,18.187400817871094,18.335025787353516,17.833099365234375,17.921674728393555,9.215304374694824,1234759,0.0,0.0
1998-08-21,17.80357551574707,17.951200485229492,17.419750213623047,17.951200485229492,9.23049259185791,565199,0.0,0.0
1998-08-24,17.951200485229492,18.394075393676758,17.951200485229492,18.187400817871094,9.35193920135498,333616,0.0,0.0
1998-08-25,18.12834930419922,18.246450424194336,17.833099365234375,17.921674728393555,9.215304374694824,772227,0.0,0.0
1998-08-26,17.89215087890625,17.951200485229492,17.47879981994629,17.53784942626953,9.01794147491455,478196,0.0,0.0
1998-08-27,17.47879981994629,17.47879981994629,16.474950790405273,16.504474639892578,8.486579895019531,433743,0.0,0.0
1998-08-28,16.386375427246094,16.681625366210938,16.00255012512207,16.09112548828125,8.27403736114502,500847,0.0,0.0
1998-08-31,16.209224700927734,16.534000396728516,15.05774974822998,15.05774974822998,7.742680072784424,1042125,0.0,0.0
1998-09-01,15.352999687194824,15.97302532196045,15.05774974822998,15.97302532196045,8.213310241699219,749153,0.0,0.0
1998-09-02,16.120649337768555,16.534000396728516,15.707300186157227,16.268274307250977,8.365129470825195,871084,0.0,0.0
1998-09-03,16.268274307250977,16.711149215698242,15.648249626159668,15.825400352478027,8.137401580810547,1440940,0.0,0.0
1998-09-04,15.766349792480469,16.00255012512207,15.736824989318848,15.943499565124512,8.198125839233398,675275,0.0,0.0
1998-09-08,15.943499565124512,16.74067497253418,15.943499565124512,16.534000396728516,8.501764297485352,681414,0.0,0.0
1998-09-09,16.56352424621582,16.593050003051758,16.209224700927734,16.534000396728516,8.501764297485352,915961,0.0,0.0
1998-09-10,16.356849670410156,16.356849670410156,15.648249626159668,15.736824989318848,8.147727012634277,620660,0.113376,0.0
1998-09-11,15.618724822998047,15.88444995880127,15.293950080871582,15.648249626159668,8.101868629455566,2733065,0.0,0.0
1998-09-14,15.707300186157227,16.00255012512207,15.589200019836426,15.88444995880127,8.224159240722656,1579594,0.0,0.0
1998-09-15,15.943499565124512,16.032075881958008,15.530150413513184,15.97302532196045,8.270015716552734,350127,0.0,0.0
1998-09-16,15.97302532196045,16.32732582092285,15.825400352478027,16.297800064086914,8.438167572021484,729467,0.0,0.0
1998-09-17,16.061599731445312,16.445425033569336,15.97302532196045,16.386375427246094,8.484033584594727,338273,0.0,0.0
1998-09-18,16.770200729370117,16.91782569885254,16.474950790405273,16.91782569885254,8.759190559387207,1096952,0.0,0.0
1998-09-21,16.681625366210938,16.947349548339844,16.56352424621582,16.799724578857422,8.698040008544922,317528,0.0,0.0
1998-09-22,17.035924911499023,17.242599487304688,16.947349548339844,17.006399154663086,8.805047035217285,1044454,0.0,0.0
1998-09-23,17.094974517822266,17.53784942626953,17.035924911499023,17.508325576782227,9.064924240112305,871296,0.0,0.0
1998-09-24,16.770200729370117,17.242599487304688,15.707300186157227,15.79587459564209,8.178295135498047,1388230,0.0,0.0
1998-09-25,15.589200019836426,15.825400352478027,15.323474884033203,15.471099853515625,8.010146141052246,1116003,0.0,0.0
1998-09-28,15.559675216674805,15.707300186157227,15.14632511138916,15.471099853515625,8.010146141052246,1137172,0.0,0.0
1998-09-29,15.530150413513184,15.79587459564209,15.293950080871582,15.441575050354004,7.994862079620361,769052,0.0,0.0
1998-09-30,15.323474884033203,15.471099853515625,14.762499809265137,15.116800308227539,7.826709747314453,1043819,0.0,0.0
1998-10-01,14.93964958190918,14.93964958190918,14.40820026397705,14.703450202941895,7.6127028465271,986452,0.0,0.0
1998-10-02,14.644399642944336,14.880599975585938,14.142475128173828,14.37867546081543,7.444545745849609,587003,0.0,0.0
1998-10-05,14.29010009765625,14.496774673461914,13.699600219726562,14.024374961853027,7.261106491088867,1016511,0.0,0.0
1998-10-06,14.142475128173828,14.349149703979492,13.611024856567383,13.817700386047363,7.154101848602295,1325783,0.0,0.0
1998-10-07,13.876749992370605,14.053899765014648,13.463399887084961,13.994850158691406,7.245823860168457,1001270,0.0,0.0
1998-10-08,13.581500053405762,13.581500053405762,13.020524978637695,13.286250114440918,6.87894344329834,903895,0.0,0.0
1998-10-09,13.404350280761719,13.611024856567383,13.22719955444336,13.22719955444336,6.848370552062988,968247,0.0,0.0
1998-10-12,13.52245044708252,14.142475128173828,13.43387508392334,13.906274795532227,7.199960231781006,489839,0.0,0.0
1998-10-13,13.847225189208984,13.906274795532227,13.581500053405762,13.699600219726562,7.092958450317383,657917,0.0,0.0
1998-10-14,13.758649826049805,14.024374961853027,13.640549659729004,13.758649826049805,7.123527526855469,632727,0.0,0.0
1998-10-15,13.699600219726562,14.231049537658691,13.640549659729004,14.20152473449707,7.352827072143555,1069221,0.0,0.0
1998-10-16,14.40820026397705,15.02822494506836,14.349149703979492,14.851075172424316,7.689130783081055,856901,0.0,0.0
1998-10-19,14.851075172424316,14.910124778747559,14.526300430297852,14.910124778747559,7.719706058502197,588696,0.0,0.0
1998-10-20,15.02822494506836,16.593050003051758,15.02822494506836,15.766349792480469,8.163016319274902,981372,0.0,0.0
1998-10-21,15.707300186157227,16.799724578857422,15.707300186157227,16.474950790405273,8.529892921447754,881033,0.0,0.0
1998-10-22,16.238750457763672,16.356849670410156,15.88444995880127,16.150175094604492,8.361737251281738,446444,0.0,0.0
1998-10-23,16.032075881958008,16.297800064086914,15.854925155639648,15.854925155639648,8.20887565612793,493649,0.0,0.0
1998-10-26,15.88444995880127,16.032075881958008,15.589200019836426,15.736824989318848,8.147727012634277,259949,0.0,0.0
1998-10-27,15.825400352478027,16.4158992767334,15.79587459564209,16.386375427246094,8.484033584594727,1304403,0.0,0.0
1998-10-28,16.474950790405273,16.474950790405273,16.09112548828125,16.209224700927734,8.392316818237305,656224,0.0,0.0
1998-10-29,16.209224700927734,16.534000396728516,16.120649337768555,16.504474639892578,8.545180320739746,1282388,0.0,0.0
1998-10-30,16.622575759887695,16.74067497253418,16.297800064086914,16.56352424621582,8.575748443603516,902837,0.0,0.0
1998-11-02,17.035924911499023,17.62642478942871,16.799724578857422,17.272125244140625,8.942628860473633,553768,0.0,0.0
1998-11-03,17.30164909362793,17.30164909362793,16.297800064086914,16.56352424621582,8.575748443603516,924640,0.0,0.0
1998-11-04,17.006399154663086,17.39022445678711,16.82925033569336,17.39022445678711,9.003775596618652,1290220,0.0,0.0
1998-11-05,17.272125244140625,17.833099365234375,17.094974517822266,17.65595054626465,9.141355514526367,1234970,0.0,0.0
1998-11-06,17.47879981994629,17.774049758911133,17.47879981994629,17.71500015258789,9.171928405761719,680567,0.0,0.0
1998-11-09,17.65595054626465,17.89215087890625,17.56737518310547,17.596900939941406,9.1107816696167,546359,0.0,0.0
1998-11-10,17.56737518310547,17.89215087890625,17.331174850463867,17.65595054626465,9.141355514526367,1252964,0.0,0.0
1998-11-11,17.685474395751953,18.098825454711914,17.596900939941406,17.833099365234375,9.233070373535156,658552,0.0,0.0
1998-11-12,17.833099365234375,18.010250091552734,17.419750213623047,17.921674728393555,9.2789306640625,825360,0.0,0.0
1998-11-13,17.89215087890625,17.951200485229492,17.71500015258789,17.774049758911133,9.202498435974121,349704,0.0,0.0
1998-11-16,17.951200485229492,18.157875061035156,17.80357551574707,17.921674728393555,9.2789306640625,329382,0.0,0.0
1998-11-17,17.980724334716797,18.010250091552734,17.71500015258789,17.833099365234375,9.233070373535156,502329,0.0,0.0
1998-11-18,17.774049758911133,18.039775848388672,17.744525909423828,17.89215087890625,9.322917938232422,530271,0.113376,0.0
1998-11-19,17.862625122070312,18.010250091552734,17.833099365234375,17.862625122070312,9.307537078857422,438400,0.0,0.0
1998-11-20,18.010250091552734,18.187400817871094,17.89215087890625,18.039775848388672,9.399837493896484,284716,0.0,0.0
1998-11-23,17.980724334716797,18.27597427368164,17.862625122070312,17.921674728393555,9.338298797607422,324936,0.0,0.0
1998-11-24,17.980724334716797,18.305500030517578,17.951200485229492,18.2169246673584,9.492151260375977,414903,0.0,0.0
1998-11-25,18.2169246673584,18.27597427368164,17.921674728393555,18.2169246673584,9.492151260375977,266511,0.0,0.0
1998-11-27,18.098825454711914,18.335025787353516,18.098825454711914,18.335025787353516,9.55368423461914,90178,0.0,0.0
1998-11-30,18.27597427368164,18.305500030517578,17.862625122070312,17.921674728393555,9.338298797607422,432684,0.0,0.0
1998-12-01,17.951200485229492,18.2169246673584,17.89215087890625,17.951200485229492,9.353690147399902,458721,0.0,0.0
1998-12-02,17.833099365234375,17.89215087890625,17.272125244140625,17.685474395751953,9.215227127075195,1398603,0.0,0.0
1998-12-03,17.71500015258789,18.187400817871094,17.47879981994629,17.508325576782227,9.122922897338867,614310,0.0,0.0
1998-12-04,17.71500015258789,17.862625122070312,17.65595054626465,17.685474395751953,9.215227127075195,433954,0.0,0.0
1998-12-07,17.56737518310547,18.157875061035156,17.508325576782227,18.098825454711914,9.430606842041016,370025,0.0,0.0
1998-12-08,18.069299697875977,18.748374938964844,17.774049758911133,17.921674728393555,9.338298797607422,606901,0.0,0.0
1998-12-09,17.921674728393555,18.6893253326416,17.921674728393555,18.423599243164062,9.599837303161621,425699,0.0,0.0
1998-12-10,18.069299697875977,18.069299697875977,17.56737518310547,17.62642478942871,9.184454917907715,516511,0.0,0.0
1998-12-11,17.508325576782227,17.56737518310547,17.094974517822266,17.183549880981445,8.953683853149414,429721,0.0,0.0
1998-12-14,17.183549880981445,17.183549880981445,16.622575759887695,16.681625366210938,8.692159652709961,434589,0.0,0.0
1998-12-15,16.56352424621582,17.124500274658203,16.474950790405273,16.947349548339844,8.830620765686035,467824,0.0,0.0
1998-12-16,16.770200729370117,16.799724578857422,15.854925155639648,16.238750457763672,8.461393356323242,735394,0.0,0.0
1998-12-17,16.356849670410156,17.006399154663086,16.356849670410156,16.97687530517578,8.845998764038086,899661,0.0,0.0
1998-12-18,16.91782569885254,17.47879981994629,16.82925033569336,17.39022445678711,9.061386108398438,582981,0.0,0.0
1998-12-21,17.331174850463867,17.44927406311035,17.154024124145508,17.30164909362793,9.015226364135742,587638,0.0,0.0
1998-12-22,17.242599487304688,17.419750213623047,16.97687530517578,17.094974517822266,8.907538414001465,1020110,0.0,0.0
1998-12-23,17.06545066833496,17.47879981994629,17.035924911499023,17.47879981994629,9.107538223266602,348645,0.0,0.0
1998-12-24,17.44927406311035,17.47879981994629,17.242599487304688,17.272125244140625,8.999847412109375,111558,0.0,0.0
1998-12-28,17.331174850463867,17.508325576782227,16.947349548339844,17.124500274658203,8.922926902770996,240474,0.0,0.0
1998-12-29,17.006399154663086,17.53784942626953,16.74067497253418,17.39022445678711,9.061386108398438,731795,0.0,0.0
1998-12-30,17.272125244140625,17.419750213623047,16.74067497253418,16.91782569885254,8.81523323059082,408975,0.0,0.0
1998-12-31,16.8882999420166,17.30164909362793,16.770200729370117,17.30164909362793,9.015226364135742,469517,0.0,0.0
1999-01-04,17.242599487304688,17.62642478942871,17.242599487304688,17.30164909362793,9.015226364135742,622566,0.0,0.0
1999-01-05,17.419750213623047,17.62642478942871,17.331174850463867,17.53784942626953,9.1383056640625,568798,0.0,0.0
1999-01-06,17.596900939941406,18.571224212646484,17.53784942626953,18.54170036315918,9.661373138427734,1179297,0.0,0.0
1999-01-07,18.305500030517578,18.423599243164062,17.833099365234375,18.2169246673584,9.492151260375977,748518,0.0,0.0
1999-01-08,18.305500030517578,18.600749969482422,18.098825454711914,18.36454963684082,9.56906795501709,850762,0.0,0.0
1999-01-11,18.36454963684082,18.571224212646484,18.246450424194336,18.394075393676758,9.584453582763672,562659,0.0,0.0
1999-01-12,18.039775848388672,18.63027572631836,18.010250091552734,18.453125,9.615221977233887,632091,0.0,0.0
1999-01-13,18.187400817871094,18.305500030517578,17.833099365234375,17.833099365234375,9.292145729064941,821126,0.0,0.0
1999-01-14,17.833099365234375,18.36454963684082,17.744525909423828,17.744525909423828,9.245996475219727,554826,0.0,0.0
1999-01-15,17.744525909423828,18.098825454711914,17.65595054626465,18.098825454711914,9.430606842041016,337638,0.0,0.0
1999-01-19,18.039775848388672,18.039775848388672,17.419750213623047,17.921674728393555,9.338298797607422,444327,0.0,0.0
1999-01-20,17.921674728393555,18.54170036315918,17.89215087890625,18.187400817871094,9.476759910583496,1179932,0.0,0.0
1999-01-21,17.71500015258789,17.744525909423828,17.360700607299805,17.65595054626465,9.199843406677246,567739,0.0,0.0
1999-01-22,17.47879981994629,17.744525909423828,17.242599487304688,17.272125244140625,8.999847412109375,367062,0.0,0.0
1999-01-25,17.154024124145508,17.419750213623047,16.91782569885254,17.419750213623047,9.076767921447754,1058848,0.0,0.0
1999-01-26,17.419750213623047,17.833099365234375,17.360700607299805,17.744525909423828,9.245996475219727,319856,0.0,0.0
1999-01-27,17.685474395751953,17.833099365234375,17.47879981994629,17.56737518310547,9.1536865234375,538315,0.0,0.0
1999-01-28,17.508325576782227,17.862625122070312,17.331174850463867,17.360700607299805,9.045998573303223,464225,0.0,0.0
1999-01-29,17.47879981994629,17.833099365234375,17.47879981994629,17.71500015258789,9.23061466217041,671041,0.0,0.0
1999-02-01,17.744525909423828,17.89215087890625,17.53784942626953,17.89215087890625,9.322917938232422,504657,0.0,0.0
1999-02-02,17.89215087890625,18.305500030517578,17.80357551574707,18.27597427368164,9.52291202545166,869602,0.0,0.0
1999-02-03,18.27597427368164,18.866474151611328,18.12834930419922,18.12834930419922,9.44599437713623,841660,0.0,0.0
1999-02-04,18.187400817871094,18.423599243164062,17.71500015258789,17.80357551574707,9.276762008666992,820279,0.0,0.0
1999-02-05,17.833099365234375,17.921674728393555,17.39022445678711,17.53784942626953,9.1383056640625,358383,0.0,0.0
1999-02-08,17.124500274658203,17.47879981994629,17.006399154663086,17.124500274658203,8.922926902770996,541067,0.0,0.0
1999-02-09,17.242599487304688,17.242599487304688,16.799724578857422,16.82925033569336,8.769081115722656,369390,0.0,0.0
1999-02-10,16.799724578857422,16.91782569885254,16.652099609375,16.681625366210938,8.692159652709961,415961,0.0,0.0
1999-02-11,16.799724578857422,16.8882999420166,16.593050003051758,16.799724578857422,8.753693580627441,638019,0.0,0.0
1999-02-12,16.799724578857422,16.799724578857422,16.4158992767334,16.445425033569336,8.569085121154785,950466,0.0,0.0
1999-02-16,16.504474639892578,16.711149215698242,16.474950790405273,16.56352424621582,8.630616188049316,483277,0.0,0.0
1999-02-17,16.504474639892578,16.593050003051758,16.150175094604492,16.17970085144043,8.430623054504395,803980,0.0,0.0
1999-02-18,16.209224700927734,16.504474639892578,15.97302532196045,16.386375427246094,8.538317680358887,386749,0.0,0.0
1999-02-19,16.268274307250977,16.4158992767334,16.150175094604492,16.32732582092285,8.507548332214355,502329,0.0,0.0
1999-02-22,16.268274307250977,16.386375427246094,15.943499565124512,16.061599731445312,8.369087219238281,529848,0.0,0.0
1999-02-23,16.061599731445312,16.061599731445312,15.323474884033203,15.441575050354004,8.046016693115234,1069856,0.0,0.0
1999-02-24,15.589200019836426,15.97302532196045,15.05774974822998,15.05774974822998,7.8460235595703125,1197290,0.0,0.0
1999-02-25,15.05774974822998,15.05774974822998,14.526300430297852,14.703450202941895,7.661409854888916,911727,0.0,0.0
1999-02-26,14.703450202941895,14.703450202941895,14.467249870300293,14.703450202941895,7.661409854888916,785563,0.0,0.0
1999-03-01,14.673925399780273,14.703450202941895,14.40820026397705,14.496774673461914,7.55371618270874,1033658,0.0,0.0
1999-03-02,14.614874839782715,14.644399642944336,14.053899765014648,14.112950325012207,7.35372257232666,954488,0.0,0.0
1999-03-03,14.231049537658691,14.349149703979492,14.08342456817627,14.20152473449707,7.399872303009033,699831,0.0,0.0
1999-03-04,14.112950325012207,14.29010009765625,13.374824523925781,13.906274795532227,7.24602746963501,917655,0.0,0.0
1999-03-05,14.053899765014648,14.40820026397705,13.817700386047363,13.994850158691406,7.352127552032471,1224386,0.113376,0.0
1999-03-08,14.053899765014648,14.17199993133545,13.729125022888184,14.17199993133545,7.445186614990234,679086,0.0,0.0
1999-03-09,14.053899765014648,14.29010009765625,13.935799598693848,14.112950325012207,7.414168834686279,1348010,0.0,0.0
1999-03-10,14.112950325012207,14.29010009765625,14.112950325012207,14.112950325012207,7.414168834686279,539162,0.0,0.0
1999-03-11,14.112950325012207,14.29010009765625,13.935799598693848,14.024374961853027,7.367631435394287,823455,0.0,0.0
1999-03-12,14.053899765014648,14.40820026397705,14.053899765014648,14.319624900817871,7.522741317749023,697290,0.0,0.0
1999-03-15,14.349149703979492,14.363912582397461,14.112950325012207,14.20152473449707,7.46069860458374,717824,0.0,0.0
1999-03-16,14.17199993133545,14.467249870300293,14.17199993133545,14.37867546081543,7.553762912750244,433319,0.0,0.0
1999-03-17,14.37867546081543,14.614874839782715,14.319624900817871,14.526300430297852,7.631320953369141,363251,0.0,0.0
1999-03-18,14.467249870300293,14.673925399780273,14.467249870300293,14.673925399780273,7.70887565612793,467189,0.0,0.0
1999-03-19,14.762499809265137,15.293950080871582,14.732975006103516,14.93964958190918,7.848467826843262,1603937,0.0,0.0
1999-03-22,15.05774974822998,15.05774974822998,14.703450202941895,15.02822494506836,7.8950018882751465,584251,0.0,0.0
1999-03-23,15.02822494506836,15.02822494506836,14.526300430297852,14.673925399780273,7.70887565612793,1040855,0.0,0.0
1999-03-24,14.703450202941895,14.732975006103516,14.467249870300293,14.467249870300293,7.600296974182129,374259,0.0,0.0
1999-03-25,14.40820026397705,14.585350036621094,14.40820026397705,14.526300430297852,7.631320953369141,310119,0.0,0.0
1999-03-26,14.585350036621094,14.644399642944336,14.437725067138672,14.644399642944336,7.693364143371582,385478,0.0,0.0
1999-03-29,14.644399642944336,15.05774974822998,14.555825233459473,14.969175338745117,7.863979816436768,1072608,0.0,0.0
1999-03-30,14.40820026397705,14.437725067138672,13.876749992370605,13.965325355529785,7.336613178253174,1269052,0.0,0.0
1999-03-31,13.847225189208984,13.876749992370605,13.404350280761719,13.52245044708252,7.10395622253418,1734124,0.0,0.0
1999-04-01,13.286250114440918,13.463399887084961,13.138625144958496,13.22719955444336,6.9488420486450195,834462,0.0,0.0
1999-04-05,13.34529972076416,13.463399887084961,13.286250114440918,13.463399887084961,7.072930812835693,721423,0.0,0.0
1999-04-06,13.34529972076416,13.43387508392334,13.138625144958496,13.168149948120117,6.917821407318115,1059272,0.0,0.0
1999-04-07,13.168149948120117,13.286250114440918,12.902424812316895,12.961475372314453,6.809245586395264,725445,0.0,0.0
1999-04-08,13.020524978637695,13.43387508392334,13.020524978637695,13.43387508392334,7.0574164390563965,340178,0.0,0.0
1999-04-09,13.315774917602539,13.404350280761719,12.991000175476074,13.22719955444336,6.9488420486450195,963590,0.0,0.0
1999-04-12,13.109100341796875,13.43387508392334,13.050049781799316,13.374824523925781,7.026392936706543,630186,0.0,0.0
1999-04-13,13.315774917602539,13.43387508392334,13.197674751281738,13.22719955444336,6.9488420486450195,760584,0.0,0.0
1999-04-14,14.762499809265137,15.88444995880127,14.732975006103516,15.88444995880127,8.344815254211426,2447290,0.0,0.0
1999-04-15,15.412050247192383,16.32732582092285,15.412050247192383,16.297800064086914,8.56196117401123,1913209,0.0,0.0
1999-04-16,15.943499565124512,16.97687530517578,15.88444995880127,16.97687530517578,8.91871452331543,1175699,0.0,0.0
1999-04-19,16.97687530517578,17.124500274658203,16.534000396728516,16.622575759887695,8.732585906982422,1343776,0.0,0.0
1999-04-20,16.74067497253418,16.799724578857422,15.79587459564209,16.061599731445312,8.437882423400879,613040,0.0,0.0
1999-04-21,16.061599731445312,16.386375427246094,15.854925155639648,16.17970085144043,8.499920845031738,609653,0.0,0.0
1999-04-22,16.061599731445312,16.268274307250977,15.91397476196289,16.00255012512207,8.406859397888184,483065,0.0,0.0
1999-04-23,15.943499565124512,16.17970085144043,15.677775382995605,15.97302532196045,8.391345024108887,636960,0.0,0.0
1999-04-26,16.032075881958008,16.356849670410156,16.00255012512207,16.150175094604492,8.48440933227539,703853,0.0,0.0
1999-04-27,16.17970085144043,16.238750457763672,16.032075881958008,16.209224700927734,8.515438079833984,280483,0.0,0.0
1999-04-28,16.17970085144043,16.445425033569336,16.032075881958008,16.386375427246094,8.608502388000488,489839,0.0,0.0
1999-04-29,16.32732582092285,16.4158992767334,16.09112548828125,16.297800064086914,8.56196117401123,336579,0.0,0.0
1999-04-30,16.297800064086914,16.474950790405273,16.032075881958008,16.32732582092285,8.577478408813477,440517,0.0,0.0
1999-05-03,16.32732582092285,16.8882999420166,16.32732582092285,16.770200729370117,8.810140609741211,825572,0.0,0.0
1999-05-04,16.770200729370117,17.685474395751953,16.770200729370117,17.596900939941406,9.2444429397583,660246,0.0,0.0
1999-05-05,17.56737518310547,18.6893253326416,17.56737518310547,18.36454963684082,9.647727012634277,1726926,0.0,0.0
1999-05-06,17.89215087890625,18.098825454711914,17.47879981994629,17.56737518310547,9.228928565979004,1252752,0.0,0.0
1999-05-07,17.62642478942871,17.685474395751953,17.06545066833496,17.360700607299805,9.120355606079102,808425,0.0,0.0
1999-05-10,18.12834930419922,18.895999908447266,17.89215087890625,18.069299697875977,9.49261474609375,1351609,0.0,0.0
1999-05-11,18.157875061035156,18.718849182128906,18.12834930419922,18.512174606323242,9.725278854370117,1393946,0.0,0.0
1999-05-12,18.36454963684082,18.512174606323242,18.039775848388672,18.453125,9.694257736206055,567528,0.0,0.0
1999-05-13,18.2169246673584,18.836950302124023,18.187400817871094,18.571224212646484,9.756300926208496,736029,0.0,0.0
1999-05-14,18.305500030517578,18.36454963684082,17.951200485229492,18.098825454711914,9.508124351501465,420618,0.0,0.0
1999-05-17,17.685474395751953,18.157875061035156,17.685474395751953,18.157875061035156,9.53915023803711,685648,0.0,0.0
1999-05-18,18.039775848388672,18.866474151611328,17.951200485229492,18.659799575805664,9.80282974243164,728408,0.0,0.0
1999-05-19,18.748374938964844,19.19124984741211,18.6893253326416,18.895999908447266,9.926920890808105,1303980,0.0,0.0
1999-05-20,18.807424545288086,19.161724090576172,18.748374938964844,18.925525665283203,9.942426681518555,889500,0.0,0.0
1999-05-21,18.925525665283203,19.161724090576172,18.866474151611328,19.01409912109375,9.988962173461914,1051863,0.0,0.0
1999-05-24,18.955049514770508,19.01409912109375,18.246450424194336,18.335025787353516,9.632216453552246,846317,0.0,0.0
1999-05-25,18.305500030517578,18.423599243164062,17.833099365234375,17.833099365234375,9.368525505065918,905800,0.0,0.0
1999-05-26,17.71500015258789,18.010250091552734,17.56737518310547,17.951200485229492,9.43057632446289,740262,0.0,0.0
1999-05-27,17.774049758911133,17.833099365234375,17.419750213623047,17.62642478942871,9.318805694580078,348857,0.113376,0.0
1999-05-28,17.56737518310547,17.951200485229492,17.56737518310547,17.862625122070312,9.443684577941895,287045,0.0,0.0
1999-06-01,17.921674728393555,17.951200485229492,17.596900939941406,17.833099365234375,9.428072929382324,271380,0.0,0.0
1999-06-02,17.774049758911133,18.27597427368164,17.596900939941406,18.27597427368164,9.662215232849121,261643,0.0,0.0
1999-06-03,18.423599243164062,18.54170036315918,17.71500015258789,17.862625122070312,9.443684577941895,392887,0.0,0.0
1999-06-04,17.921674728393555,18.571224212646484,17.89215087890625,18.571224212646484,9.818310737609863,303345,0.0,0.0
1999-06-07,18.12834930419922,18.836950302124023,18.12834930419922,18.836950302124023,9.958791732788086,308425,0.0,0.0
1999-06-08,18.866474151611328,18.866474151611328,17.80357551574707,17.80357551574707,9.412466049194336,326842,0.0,0.0
1999-06-09,17.833099365234375,18.394075393676758,17.833099365234375,18.36454963684082,9.70904541015625,613463,0.0,0.0
1999-06-10,18.36454963684082,18.600749969482422,18.305500030517578,18.600749969482422,9.833918571472168,333827,0.0,0.0
1999-06-11,18.600749969482422,18.77790069580078,17.774049758911133,17.862625122070312,9.443684577941895,446655,0.0,0.0
1999-06-14,17.980724334716797,18.305500030517578,17.89215087890625,18.039775848388672,9.537338256835938,188400,0.0,0.0
1999-06-15,18.098825454711914,18.335025787353516,17.951200485229492,18.157875061035156,9.59977912902832,295089,0.0,0.0
1999-06-16,18.335025787353516,18.335025787353516,17.833099365234375,18.187400817871094,9.615389823913574,247671,0.0,0.0
1999-06-17,18.12834930419922,18.157875061035156,17.774049758911133,17.89215087890625,9.459293365478516,185013,0.0,0.0
1999-06-18,17.89215087890625,18.039775848388672,17.62642478942871,17.744525909423828,9.381242752075195,812024,0.0,0.0
1999-06-21,17.685474395751953,17.951200485229492,17.62642478942871,17.89215087890625,9.459293365478516,618120,0.0,0.0
1999-06-22,17.862625122070312,18.157875061035156,17.833099365234375,18.157875061035156,9.59977912902832,424640,0.0,0.0
1999-06-23,18.098825454711914,18.187400817871094,17.89215087890625,18.157875061035156,9.59977912902832,146698,0.0,0.0
1999-06-24,17.833099365234375,17.862625122070312,17.006399154663086,17.47879981994629,9.240760803222656,1390135,0.0,0.0
1999-06-25,17.65595054626465,17.833099365234375,17.65595054626465,17.744525909423828,9.381242752075195,847163,0.0,0.0
1999-06-28,17.744525909423828,18.039775848388672,17.71500015258789,17.862625122070312,9.443684577941895,449831,0.0,0.0
1999-06-29,17.862625122070312,18.305500030517578,17.862625122070312,18.12834930419922,9.584169387817383,481795,0.0,0.0
1999-06-30,18.12834930419922,18.600749969482422,18.098825454711914,18.512174606323242,9.787093162536621,581287,0.0,0.0
1999-07-01,18.512174606323242,18.77790069580078,18.453125,18.718849182128906,9.896357536315918,790220,0.0,0.0
1999-07-02,18.482650756835938,18.659799575805664,18.423599243164062,18.600749969482422,9.833918571472168,290644,0.0,0.0
1999-07-06,18.600749969482422,18.748374938964844,18.423599243164062,18.54170036315918,9.80269718170166,404107,0.0,0.0
1999-07-07,18.600749969482422,18.600749969482422,18.010250091552734,18.187400817871094,9.615389823913574,342718,0.0,0.0
1999-07-08,18.12834930419922,18.187400817871094,17.833099365234375,18.069299697875977,9.55295467376709,837003,0.0,0.0
1999-07-09,18.069299697875977,18.098825454711914,17.980724334716797,18.069299697875977,9.55295467376709,633362,0.0,0.0
1999-07-12,18.069299697875977,18.27597427368164,18.039775848388672,18.098825454711914,9.568556785583496,343776,0.0,0.0
1999-07-13,17.951200485229492,17.980724334716797,17.833099365234375,17.833099365234375,9.428072929382324,779213,0.0,0.0
1999-07-14,17.89215087890625,17.951200485229492,17.685474395751953,17.951200485229492,9.490511894226074,531329,0.0,0.0
1999-07-15,17.951200485229492,18.157875061035156,17.921674728393555,18.010250091552734,9.521728515625,341871,0.0,0.0
1999-07-16,18.039775848388672,18.069299697875977,17.71500015258789,18.039775848388672,9.537338256835938,740474,0.0,0.0
1999-07-19,17.980724334716797,17.980724334716797,17.80357551574707,17.833099365234375,9.428072929382324,515453,0.0,0.0
1999-07-20,17.833099365234375,17.833099365234375,17.035924911499023,17.154024124145508,9.069058418273926,751270,0.0,0.0
1999-07-21,17.213075637817383,17.272125244140625,17.124500274658203,17.242599487304688,9.115885734558105,856266,0.0,0.0
1999-07-22,17.242599487304688,17.242599487304688,16.534000396728516,16.681625366210938,8.819306373596191,299323,0.0,0.0
1999-07-23,16.711149215698242,16.770200729370117,16.711149215698242,16.74067497253418,8.850530624389648,198984,0.0,0.0
1999-07-26,16.474950790405273,16.947349548339844,16.474950790405273,16.711149215698242,8.834912300109863,507409,0.0,0.0
1999-07-27,16.593050003051758,16.82925033569336,16.593050003051758,16.652099609375,8.803702354431152,294454,0.0,0.0
1999-07-28,16.652099609375,16.652099609375,15.854925155639648,15.97302532196045,8.44467830657959,803768,0.0,0.0
1999-07-29,15.88444995880127,15.88444995880127,14.526300430297852,14.644399642944336,7.742263317108154,723963,0.0,0.0
1999-07-30,14.526300430297852,14.585350036621094,14.17199993133545,14.319624900817871,7.570557117462158,2228831,0.0,0.0
1999-08-02,14.319624900817871,14.585350036621094,14.142475128173828,14.437725067138672,7.632989883422852,990051,0.0,0.0
1999-08-03,14.37867546081543,14.467249870300293,14.08342456817627,14.437725067138672,7.632989883422852,932684,0.0,0.0
1999-08-04,14.437725067138672,14.526300430297852,14.37867546081543,14.437725067138672,7.632989883422852,400931,0.0,0.0
1999-08-05,14.319624900817871,14.37867546081543,13.729125022888184,14.142475128173828,7.476897239685059,679509,0.0,0.0
1999-08-06,14.024374961853027,14.319624900817871,13.965325355529785,14.231049537658691,7.523731708526611,252964,0.0,0.0
1999-08-09,14.112950325012207,14.231049537658691,13.670075416564941,13.699600219726562,7.242762088775635,326207,0.0,0.0
1999-08-10,13.581500053405762,13.611024856567383,13.22719955444336,13.404350280761719,7.086665153503418,324301,0.0,0.0
1999-08-11,13.404350280761719,14.17199993133545,13.374824523925781,14.08342456817627,7.445685386657715,855207,0.0,0.0
1999-08-12,14.112950325012207,14.112950325012207,13.906274795532227,13.994850158691406,7.398854732513428,459780,0.0,0.0
1999-08-13,13.935799598693848,13.965325355529785,13.52245044708252,13.699600219726562,7.242762088775635,313082,0.0,0.0
1999-08-16,13.758649826049805,13.847225189208984,13.463399887084961,13.670075416564941,7.227147579193115,194539,0.0,0.0
1999-08-17,13.55197525024414,13.758649826049805,13.43387508392334,13.43387508392334,7.102270126342773,430779,0.0,0.0
1999-08-18,13.138625144958496,13.315774917602539,13.079574584960938,13.256725311279297,7.008615970611572,737299,0.0,0.0
1999-08-19,13.138625144958496,13.404350280761719,13.109100341796875,13.168149948120117,6.9617919921875,537468,0.0,0.0
1999-08-20,13.197674751281738,13.22719955444336,13.109100341796875,13.109100341796875,6.930572509765625,476503,0.0,0.0
1999-08-23,13.168149948120117,13.197674751281738,13.050049781799316,13.138625144958496,6.946180820465088,468459,0.0,0.0
1999-08-24,13.079574584960938,13.581500053405762,13.020524978637695,13.492924690246582,7.133490562438965,465284,0.0,0.0
1999-08-25,13.315774917602539,13.55197525024414,12.872900009155273,13.050049781799316,6.899348258972168,420406,0.0,0.0
1999-08-26,13.050049781799316,13.050049781799316,12.400500297546387,12.57765007019043,6.649601459503174,595682,0.0,0.0
1999-08-27,12.754799842834473,12.931949615478516,12.754799842834473,12.872900009155273,6.805696487426758,477561,0.0,0.0
1999-08-30,12.872900009155273,12.961475372314453,12.341449737548828,12.48907470703125,6.602775573730469,423370,0.0,0.0
1999-08-31,12.459549903869629,12.872900009155273,12.252875328063965,12.400500297546387,6.555944919586182,757621,0.0,0.0
1999-09-01,12.400500297546387,12.843375205993652,12.400500297546387,12.57765007019043,6.649601459503174,844412,0.0,0.0
1999-09-02,12.57765007019043,12.931949615478516,12.105250358581543,12.725275039672852,6.727649211883545,719729,0.0,0.0
1999-09-03,12.754799842834473,12.872900009155273,12.66622543334961,12.843375205993652,6.790088176727295,328323,0.0,0.0
1999-09-07,12.872900009155273,12.872900009155273,12.518600463867188,12.548125267028809,6.633991241455078,582557,0.0,0.0
1999-09-08,12.518600463867188,12.754799842834473,12.459549903869629,12.459549903869629,6.647223949432373,526672,0.113376,0.0
1999-09-09,12.282400131225586,12.48907470703125,11.63284969329834,11.75094985961914,6.269183158874512,775614,0.0,0.0
1999-09-10,11.869050025939941,11.869050025939941,11.396650314331055,11.573800086975098,6.1746745109558105,1063294,0.0,0.0
1999-09-13,11.573800086975098,11.573800086975098,11.160449981689453,11.544275283813477,6.158924579620361,692633,0.0,0.0
1999-09-14,11.426175117492676,11.691900253295898,11.278550148010254,11.662375450134277,6.22192907333374,817316,0.0,0.0
1999-09-15,12.046199798583984,12.046199798583984,11.63284969329834,11.987150192260742,6.395193576812744,1276461,0.0,0.0
1999-09-16,11.869050025939941,11.987150192260742,11.514749526977539,11.72142505645752,6.253432273864746,704488,0.0,0.0
1999-09-17,11.72142505645752,11.987150192260742,11.603324890136719,11.662375450134277,6.22192907333374,830652,0.0,0.0
1999-09-20,11.662375450134277,11.83952522277832,11.573800086975098,11.780474662780762,6.284935474395752,351397,0.0,0.0
1999-09-21,11.662375450134277,11.662375450134277,11.249025344848633,11.426175117492676,6.095911026000977,610288,0.0,0.0
1999-09-22,11.514749526977539,11.8100004196167,11.485224723815918,11.573800086975098,6.1746745109558105,751482,0.0,0.0
1999-09-23,11.691900253295898,12.37097454071045,11.63284969329834,12.105250358581543,6.458203315734863,1419136,0.0,0.0
1999-09-24,12.046199798583984,13.138625144958496,12.046199798583984,12.931949615478516,6.899251461029053,1860500,0.0,0.0
1999-09-27,12.961475372314453,13.52245044708252,12.843375205993652,13.374824523925781,7.135526657104492,1742803,0.0,0.0
1999-09-28,13.286250114440918,13.876749992370605,13.286250114440918,13.52245044708252,7.214288711547852,1532599,0.0,0.0
1999-09-29,13.463399887084961,13.463399887084961,13.079574584960938,13.256725311279297,7.072519302368164,845047,0.0,0.0
1999-09-30,13.138625144958496,13.168149948120117,13.020524978637695,13.050049781799316,6.96225643157959,839119,0.0,0.0
1999-10-01,12.991000175476074,13.22719955444336,12.902424812316895,13.109100341796875,6.993762493133545,424428,0.0,0.0
1999-10-04,13.168149948120117,13.670075416564941,13.138625144958496,13.315774917602539,7.104020118713379,687553,0.0,0.0
1999-10-05,13.315774917602539,13.315774917602539,12.518600463867188,12.991000175476074,6.930753231048584,1587638,0.0,0.0
1999-10-06,12.991000175476074,13.286250114440918,12.37097454071045,12.518600463867188,6.678726673126221,2143734,0.0,0.0
1999-10-07,12.754799842834473,12.843375205993652,12.57765007019043,12.69575023651123,6.773238182067871,1340178,0.0,0.0
1999-10-08,12.813850402832031,12.902424812316895,12.311924934387207,12.754799842834473,6.804739952087402,888442,0.0,0.0
1999-10-11,12.60717487335205,12.69575023651123,12.430025100708008,12.57765007019043,6.710228443145752,532388,0.0,0.0
1999-10-12,12.518600463867188,12.754799842834473,12.37097454071045,12.400500297546387,6.615723133087158,425487,0.0,0.0
1999-10-13,12.518600463867188,12.518600463867188,12.164299964904785,12.311924934387207,6.568464756011963,570491,0.0,0.0
1999-10-14,12.193824768066406,12.548125267028809,11.691900253295898,11.957625389099121,6.379445552825928,584039,0.0,0.0
1999-10-15,11.987150192260742,11.987150192260742,11.691900253295898,11.75094985961914,6.269183158874512,730525,0.0,0.0
1999-10-18,11.75094985961914,11.869050025939941,11.63284969329834,11.691900253295898,6.237677574157715,448137,0.0,0.0
1999-10-19,11.8100004196167,12.105250358581543,11.63284969329834,11.662375450134277,6.22192907333374,1096528,0.0,0.0
1999-10-20,11.662375450134277,11.928099632263184,11.337599754333496,11.514749526977539,6.14316987991333,1077688,0.0,0.0
1999-10-21,11.485224723815918,11.514749526977539,10.98330020904541,11.337599754333496,6.048655986785889,734335,0.0,0.0
1999-10-22,11.337599754333496,11.898574829101562,10.86520004272461,11.573800086975098,6.1746745109558105,1193692,0.0,0.0
1999-10-25,11.337599754333496,11.426175117492676,10.98330020904541,11.042349815368652,5.891141414642334,635690,0.0,0.0
1999-10-26,11.130925178527832,11.367124557495117,10.89472484588623,11.101400375366211,5.922641277313232,524132,0.0,0.0
1999-10-27,11.101400375366211,11.219499588012695,10.569950103759766,10.569950103759766,5.639117240905762,856054,0.0,0.0
1999-10-28,10.747099876403809,11.101400375366211,10.747099876403809,10.98330020904541,5.859640121459961,940093,0.0,0.0
1999-10-29,11.042349815368652,11.042349815368652,10.274700164794922,10.599474906921387,5.6548662185668945,1296359,0.0,0.0
1999-11-01,10.599474906921387,10.599474906921387,9.831825256347656,9.890874862670898,5.276824951171875,1957028,0.0,0.0
1999-11-02,9.890874862670898,11.337599754333496,9.890874862670898,11.189974784851074,5.969898223876953,1626376,0.0,0.0
1999-11-03,11.042349815368652,11.071874618530273,10.540425300598145,10.688050270080566,5.702119827270508,1894793,0.0,0.0
1999-11-04,10.747099876403809,10.86520004272461,10.510899543762207,10.510899543762207,5.60761022567749,1856478,0.0,0.0
1999-11-05,10.451849937438965,10.98330020904541,10.392800331115723,10.392800331115723,5.544605255126953,9701101,0.0,0.0
1999-11-08,8.975600242614746,9.625149726867676,8.621299743652344,9.625149726867676,6.045449256896973,2219094,1.565061,0.0
1999-11-09,9.447999954223633,9.979450225830078,9.418475151062012,9.92039966583252,6.230888366699219,3570703,0.0,0.0
1999-11-10,9.861350059509277,10.2451753616333,9.743249893188477,9.743249893188477,6.119627475738525,1419560,0.0,0.0
1999-11-11,9.772774696350098,10.363274574279785,9.772774696350098,9.890874862670898,6.212348937988281,1847163,0.0,0.0
1999-11-12,10.097550392150879,10.215649604797363,9.447999954223633,9.654674530029297,6.06399393081665,3852456,0.0,0.0
1999-11-15,9.743249893188477,9.772774696350098,9.507049560546875,9.684200286865234,6.0825371742248535,2563294,0.0,0.0
1999-11-16,9.625149726867676,9.654674530029297,9.359424591064453,9.536575317382812,5.989813804626465,4005927,0.0,0.0
1999-11-17,9.625149726867676,9.625149726867676,9.447999954223633,9.477524757385254,5.9675068855285645,2671041,0.02362,0.0
1999-11-18,9.507049560546875,9.654674530029297,9.359424591064453,9.536575317382812,6.004685878753662,2718671,0.0,0.0
1999-11-19,9.595624923706055,9.92039966583252,9.566100120544434,9.684200286865234,6.097641944885254,1767570,0.0,0.0
1999-11-22,9.684200286865234,9.861350059509277,9.684200286865234,9.743249893188477,6.134821891784668,1254869,0.0,0.0
1999-11-23,9.802300453186035,9.979450225830078,9.758012771606445,9.949925422668457,6.264950752258301,2241956,0.0,0.0
1999-11-24,9.92039966583252,9.979450225830078,9.861350059509277,9.92039966583252,6.246359348297119,767993,0.0,0.0
1999-11-26,9.92039966583252,10.1270751953125,9.861350059509277,9.890874862670898,6.227774143218994,1451524,0.0,0.0
1999-11-29,9.772774696350098,10.0089750289917,9.772774696350098,9.92039966583252,6.246359348297119,1000212,0.0,0.0
1999-11-30,9.92039966583252,10.1270751953125,9.92039966583252,9.92039966583252,6.246359348297119,826842,0.0,0.0
1999-12-01,10.156599998474121,10.304224967956543,10.068024635314941,10.156599998474121,6.395086288452148,1299746,0.0,0.0
1999-12-02,10.156599998474121,10.569950103759766,10.156599998474121,10.363274574279785,6.525217533111572,825572,0.0,0.0
1999-12-03,10.422325134277344,10.599474906921387,10.422325134277344,10.569950103759766,6.655354022979736,999365,0.0,0.0
1999-12-06,10.451849937438965,10.77662467956543,10.304224967956543,10.599474906921387,6.6739420890808105,800169,0.0,0.0
1999-12-07,10.510899543762207,10.86520004272461,10.481374740600586,10.481374740600586,6.599578857421875,693692,0.0,0.0
1999-12-08,10.599474906921387,10.953775405883789,10.510899543762207,10.86520004272461,6.841255187988281,860923,0.0,0.0
1999-12-09,10.86520004272461,10.953775405883789,10.835675239562988,10.86520004272461,6.841255187988281,1544030,0.0,0.0
1999-12-10,10.835675239562988,11.101400375366211,10.747099876403809,10.98330020904541,6.915616512298584,896486,0.0,0.0
1999-12-13,10.89472484588623,11.514749526977539,10.89472484588623,11.396650314331055,7.175881862640381,1458510,0.0,0.0
1999-12-14,11.367124557495117,11.514749526977539,11.101400375366211,11.101400375366211,6.9899773597717285,2222058,0.0,0.0
1999-12-15,11.219499588012695,11.396650314331055,11.101400375366211,11.101400375366211,6.9899773597717285,1402625,0.0,0.0
1999-12-16,11.130925178527832,11.455699920654297,11.101400375366211,11.249025344848633,7.082927227020264,799958,0.0,0.0
1999-12-17,11.337599754333496,11.75094985961914,11.337599754333496,11.514749526977539,7.250239372253418,959780,0.0,0.0
1999-12-20,11.396650314331055,11.75094985961914,11.337599754333496,11.337599754333496,7.138696193695068,917231,0.0,0.0
1999-12-21,11.337599754333496,11.63284969329834,11.101400375366211,11.573800086975098,7.287425994873047,1186283,0.0,0.0
1999-12-22,11.455699920654297,11.63284969329834,11.249025344848633,11.573800086975098,7.287425994873047,816046,0.0,0.0
1999-12-23,11.691900253295898,12.66622543334961,11.691900253295898,12.252875328063965,7.715002536773682,803768,0.0,0.0
1999-12-27,12.282400131225586,12.282400131225586,11.396650314331055,11.573800086975098,7.287425994873047,877646,0.0,0.0
1999-12-28,11.514749526977539,12.105250358581543,11.337599754333496,11.72142505645752,7.380376815795898,550804,0.0,0.0
1999-12-29,12.105250358581543,12.400500297546387,11.898574829101562,12.282400131225586,7.733592510223389,552075,0.0,0.0
1999-12-30,12.164299964904785,12.66622543334961,12.164299964904785,12.459549903869629,7.84513521194458,695809,0.0,0.0
1999-12-31,12.459549903869629,12.66622543334961,12.459549903869629,12.60717487335205,7.9380903244018555,160881,0.0,0.0
2000-01-03,12.636699676513672,12.636699676513672,12.075724601745605,12.252875328063965,7.715002536773682,670618,0.0,0.0
2000-01-04,12.134775161743164,12.134775161743164,11.367124557495117,11.780474662780762,7.417555332183838,893734,0.0,0.0
2000-01-05,11.8100004196167,11.8100004196167,11.455699920654297,11.662375450134277,7.34319543838501,429509,0.0,0.0
2000-01-06,11.72142505645752,11.75094985961914,11.455699920654297,11.573800086975098,7.287425994873047,430356,0.0,0.0
2000-01-07,11.691900253295898,11.8100004196167,11.514749526977539,11.8100004196167,7.436145782470703,486664,0.0,0.0
2000-01-10,11.869050025939941,11.987150192260742,11.75094985961914,11.8100004196167,7.436145782470703,868755,0.0,0.0
2000-01-11,11.63284969329834,11.75094985961914,11.219499588012695,11.514749526977539,7.250239372253418,631668,0.0,0.0
2000-01-12,11.8100004196167,12.046199798583984,11.780474662780762,11.83952522277832,7.454737186431885,1073243,0.0,0.0
2000-01-13,11.83952522277832,13.138625144958496,11.780474662780762,12.991000175476074,8.179763793945312,1501693,0.0,0.0
2000-01-14,12.931949615478516,13.817700386047363,12.754799842834473,13.817700386047363,8.700292587280273,1070279,0.0,0.0
2000-01-18,13.581500053405762,13.965325355529785,13.050049781799316,13.315774917602539,8.384252548217773,954488,0.0,0.0
2000-01-19,12.961475372314453,13.109100341796875,12.548125267028809,13.109100341796875,8.254118919372559,879975,0.0,0.0
2000-01-20,13.050049781799316,13.994850158691406,13.050049781799316,13.699600219726562,8.625926971435547,1570703,0.0,0.0
2000-01-21,13.935799598693848,14.024374961853027,13.52245044708252,13.611024856567383,8.570158004760742,1061177,0.0,0.0
2000-01-24,13.640549659729004,14.08342456817627,13.286250114440918,13.43387508392334,8.45861530303955,1357536,0.0,0.0
2000-01-25,13.55197525024414,13.758649826049805,13.315774917602539,13.758649826049805,8.663107872009277,755292,0.0,0.0
2000-01-26,13.404350280761719,15.23490047454834,13.404350280761719,15.116800308227539,9.518265724182129,2592295,0.0,0.0
2000-01-27,15.116800308227539,15.736824989318848,15.087274551391602,15.441575050354004,9.722766876220703,1991533,0.0,0.0
2000-01-28,15.412050247192383,15.412050247192383,13.876749992370605,14.614874839782715,9.202229499816895,1195385,0.0,0.0
2000-01-31,14.37867546081543,14.40820026397705,13.699600219726562,13.699600219726562,8.625926971435547,1160034,0.0,0.0
2000-02-01,13.994850158691406,15.116800308227539,13.817700386047363,14.851075172424316,9.350953102111816,1160246,0.0,0.0
2000-02-02,14.851075172424316,14.880599975585938,14.260575294494629,14.555825233459473,9.165051460266113,727350,0.0,0.0
2000-02-03,14.93964958190918,15.116800308227539,14.437725067138672,15.02822494506836,9.462499618530273,932896,0.0,0.0
2000-02-04,14.910124778747559,15.175849914550781,14.851075172424316,15.116800308227539,9.518265724182129,769687,0.0,0.0
2000-02-07,14.821550369262695,15.293950080871582,14.821550369262695,14.93964958190918,9.406723976135254,477985,0.0,0.0
2000-02-08,15.05774974822998,15.293950080871582,14.910124778747559,15.05774974822998,9.481087684631348,591660,0.0,0.0
2000-02-09,15.05774974822998,16.445425033569336,14.998700141906738,15.707300186157227,9.890071868896484,1598222,0.0,0.0
2000-02-10,15.766349792480469,15.825400352478027,15.23490047454834,15.530150413513184,9.778532028198242,1237511,0.0,0.0
2000-02-11,15.352999687194824,15.352999687194824,14.467249870300293,14.969175338745117,9.425315856933594,840390,0.0,0.0
2000-02-14,15.02822494506836,15.441575050354004,14.969175338745117,15.14632511138916,9.53686237335205,1118120,0.0,0.0
2000-02-15,15.205374717712402,15.471099853515625,15.116800308227539,15.352999687194824,9.66698932647705,940093,0.0,0.0
2000-02-16,15.352999687194824,15.352999687194824,14.998700141906738,15.087274551391602,9.499677658081055,1076842,0.0,0.0
2000-02-17,15.02822494506836,15.116800308227539,14.732975006103516,14.93964958190918,9.406723976135254,548264,0.0,0.0
2000-02-18,14.910124778747559,14.969175338745117,14.762499809265137,14.880599975585938,9.369542121887207,307790,0.0,0.0
2000-02-22,14.585350036621094,14.585350036621094,13.640549659729004,14.496774673461914,9.127874374389648,1098222,0.0,0.0
2000-02-23,14.37867546081543,14.880599975585938,14.142475128173828,14.29010009765625,8.997734069824219,2277942,0.0,0.0
2000-02-24,14.437725067138672,15.116800308227539,14.40820026397705,14.93964958190918,9.406723976135254,1919983,0.0,0.0
2000-02-25,14.880599975585938,14.998700141906738,14.732975006103516,14.910124778747559,9.388134002685547,1227138,0.0,0.0
2000-02-28,14.880599975585938,14.880599975585938,14.496774673461914,14.673925399780273,9.239411354064941,430144,0.0,0.0
2000-02-29,14.880599975585938,15.05774974822998,14.614874839782715,15.05774974822998,9.481087684631348,1037680,0.0,0.0
2000-03-01,14.998700141906738,15.116800308227539,14.555825233459473,14.614874839782715,9.202229499816895,951524,0.0,0.0
2000-03-02,14.496774673461914,16.120649337768555,14.496774673461914,16.120649337768555,10.150341033935547,1219517,0.0,0.0
2000-03-03,16.09112548828125,16.356849670410156,15.707300186157227,16.00255012512207,10.090764999389648,773709,0.02362,0.0
2000-03-06,15.88444995880127,16.622575759887695,15.825400352478027,16.356849670410156,10.314177513122559,602032,0.0,0.0
2000-03-07,16.356849670410156,16.74067497253418,15.707300186157227,15.766349792480469,9.941818237304688,647544,0.0,0.0
2000-03-08,15.766349792480469,16.032075881958008,15.293950080871582,15.736824989318848,9.923201560974121,772439,0.0,0.0
2000-03-09,15.825400352478027,17.006399154663086,15.766349792480469,17.006399154663086,10.723762512207031,3496401,0.0,0.0
2000-03-10,17.006399154663086,17.65595054626465,16.947349548339844,17.30164909362793,10.909936904907227,1456393,0.0,0.0
2000-03-13,16.947349548339844,18.305500030517578,16.74067497253418,17.89215087890625,11.282292366027832,1491109,0.0,0.0
2000-03-14,18.246450424194336,18.600749969482422,16.82925033569336,16.858774185180664,10.630677223205566,1601397,0.0,0.0
2000-03-15,17.06545066833496,18.36454963684082,17.06545066833496,17.921674728393555,11.300909996032715,1726715,0.0,0.0
2000-03-16,18.12834930419922,18.54170036315918,18.098825454711914,18.423599243164062,11.617409706115723,1842718,0.0,0.0
2000-03-17,17.951200485229492,18.423599243164062,17.47879981994629,17.508325576782227,11.040264129638672,600762,0.0,0.0
2000-03-20,17.62642478942871,17.744525909423828,16.74067497253418,17.183549880981445,10.835465431213379,614522,0.0,0.0
2000-03-21,17.006399154663086,17.183549880981445,16.770200729370117,16.947349548339844,10.686528205871582,727561,0.0,0.0
2000-03-22,17.006399154663086,18.482650756835938,16.97687530517578,17.685474395751953,11.151970863342285,2460203,0.0,0.0
2000-03-23,17.65595054626465,18.54170036315918,17.44927406311035,18.423599243164062,11.617409706115723,1016300,0.0,0.0
2000-03-24,18.394075393676758,18.394075393676758,17.65595054626465,17.862625122070312,11.263678550720215,1253387,0.0,0.0
2000-03-27,17.833099365234375,17.862625122070312,16.799724578857422,16.91782569885254,10.667911529541016,624682,0.0,0.0
2000-03-28,16.8882999420166,16.97687530517578,16.061599731445312,16.474950790405273,10.388647079467773,1290644,0.0,0.0
2000-03-29,16.17970085144043,16.4158992767334,15.648249626159668,15.736824989318848,9.923201560974121,1412362,0.0,0.0
2000-03-30,15.677775382995605,15.88444995880127,15.500624656677246,15.854925155639648,9.99767780303955,1578535,0.0,0.0
2000-03-31,15.88444995880127,16.4158992767334,15.854925155639648,16.32732582092285,10.295560836791992,1723539,0.0,0.0
2000-04-03,16.209224700927734,16.209224700927734,14.526300430297852,15.116800308227539,9.532232284545898,892041,0.0,0.0
2000-04-04,15.589200019836426,15.589200019836426,13.404350280761719,14.29010009765625,9.010940551757812,1720999,0.0,0.0
2000-04-05,14.260575294494629,14.93964958190918,14.260575294494629,14.673925399780273,9.25296688079834,1347798,0.0,0.0
2000-04-06,14.673925399780273,15.116800308227539,14.40820026397705,14.644399642944336,9.234353065490723,1432049,0.0,0.0
2000-04-07,14.880599975585938,15.087274551391602,14.703450202941895,15.02822494506836,9.47637939453125,1099704,0.0,0.0
2000-04-10,14.732975006103516,15.352999687194824,14.29010009765625,14.437725067138672,9.10403060913086,807578,0.0,0.0
2000-04-11,14.703450202941895,14.732975006103516,14.17199993133545,14.260575294494629,8.992321968078613,636113,0.0,0.0
2000-04-12,14.053899765014648,14.17199993133545,13.640549659729004,13.640549659729004,8.601348876953125,401566,0.0,0.0
2000-04-13,13.758649826049805,14.17199993133545,13.55197525024414,13.611024856567383,8.582735061645508,815622,0.0,0.0
2000-04-14,13.315774917602539,13.404350280761719,12.636699676513672,13.168149948120117,8.303470611572266,1420830,0.0,0.0
2000-04-17,13.168149948120117,13.22719955444336,12.57765007019043,13.197674751281738,8.322087287902832,746190,0.0,0.0
2000-04-18,13.197674751281738,13.492924690246582,13.050049781799316,13.315774917602539,8.39655876159668,780059,0.0,0.0
2000-04-19,13.43387508392334,13.758649826049805,13.256725311279297,13.374824523925781,8.43379020690918,589966,0.0,0.0
2000-04-20,13.699600219726562,13.847225189208984,13.286250114440918,13.492924690246582,8.50826358795166,643946,0.0,0.0
2000-04-24,13.43387508392334,13.463399887084961,12.902424812316895,13.050049781799316,8.228995323181152,549323,0.0,0.0
2000-04-25,13.22719955444336,13.52245044708252,13.22719955444336,13.404350280761719,8.452414512634277,641829,0.0,0.0
2000-04-26,13.286250114440918,14.821550369262695,13.286250114440918,14.703450202941895,9.271587371826172,1929932,0.0,0.0
2000-04-27,14.467249870300293,14.703450202941895,14.142475128173828,14.467249870300293,9.122644424438477,1112828,0.0,0.0
2000-04-28,14.29010009765625,15.382525444030762,14.29010009765625,15.264425277709961,9.625323295593262,963590,0.0,0.0
2000-05-01,15.14632511138916,15.441575050354004,15.02822494506836,15.264425277709961,9.625323295593262,443057,0.0,0.0
2000-05-02,15.205374717712402,15.412050247192383,14.880599975585938,14.93964958190918,9.420524597167969,612405,0.0,0.0
2000-05-03,14.644399642944336,14.998700141906738,14.585350036621094,14.792024612426758,9.32744026184082,969306,0.0,0.0
2000-05-04,14.851075172424316,16.534000396728516,14.821550369262695,16.268274307250977,10.258321762084961,1497883,0.0,0.0
2000-05-05,16.150175094604492,17.006399154663086,16.120649337768555,16.91782569885254,10.667911529541016,898391,0.0,0.0
2000-05-08,17.006399154663086,17.360700607299805,16.711149215698242,16.770200729370117,10.574821472167969,1716977,0.0,0.0
2000-05-09,16.4158992767334,16.56352424621582,15.91397476196289,16.150175094604492,10.183850288391113,626588,0.0,0.0
2000-05-10,15.88444995880127,15.88444995880127,14.998700141906738,15.05774974822998,9.49499797821045,899238,0.0,0.0
2000-05-11,15.175849914550781,15.500624656677246,15.05774974822998,15.352999687194824,9.681172370910645,708721,0.0,0.0
2000-05-12,15.530150413513184,15.91397476196289,15.500624656677246,15.559675216674805,9.81149673461914,435859,0.0,0.0
2000-05-15,15.441575050354004,15.441575050354004,14.732975006103516,15.116800308227539,9.532232284545898,685859,0.0,0.0
2000-05-16,15.352999687194824,15.559675216674805,15.205374717712402,15.293950080871582,9.643939971923828,338484,0.0,0.0
2000-05-17,15.175849914550781,15.205374717712402,14.969175338745117,15.05774974822998,9.49499797821045,518628,0.0,0.0
2000-05-18,15.087274551391602,15.087274551391602,14.93964958190918,14.93964958190918,9.420524597167969,247036,0.0,0.0
2000-05-19,14.762499809265137,14.792024612426758,14.112950325012207,14.17199993133545,8.936470031738281,730313,0.0,0.0
2000-05-22,14.17199993133545,14.17199993133545,13.581500053405762,13.876749992370605,8.750290870666504,440940,0.0,0.0
2000-05-23,13.994850158691406,14.112950325012207,13.640549659729004,13.640549659729004,8.601348876953125,566469,0.0,0.0
2000-05-24,13.640549659729004,13.847225189208984,13.43387508392334,13.52245044708252,8.52688217163086,769898,0.0,0.0
2000-05-25,13.109100341796875,14.112950325012207,13.109100341796875,13.906274795532227,8.76890754699707,1163844,0.0,0.0
2000-05-26,13.876749992370605,14.024374961853027,13.581500053405762,13.625787734985352,8.60666561126709,681626,0.02362,0.0
2000-05-30,13.640549659729004,14.231049537658691,13.640549659729004,14.08342456817627,8.895723342895508,520110,0.0,0.0
2000-05-31,14.17199993133545,14.526300430297852,14.142475128173828,14.437725067138672,9.11952018737793,759949,0.0,0.0
2000-06-01,14.349149703979492,15.14632511138916,14.319624900817871,15.087274551391602,9.529801368713379,784716,0.0,0.0
2000-06-02,15.943499565124512,16.061599731445312,15.471099853515625,15.530150413513184,9.809541702270508,1126164,0.0,0.0
2000-06-05,15.412050247192383,15.471099853515625,14.821550369262695,14.880599975585938,9.399259567260742,469729,0.0,0.0
2000-06-06,14.998700141906738,15.175849914550781,14.93964958190918,15.087274551391602,9.529801368713379,578112,0.0,0.0
2000-06-07,15.14632511138916,15.14632511138916,14.762499809265137,14.969175338745117,9.45520305633545,299534,0.0,0.0
2000-06-08,15.14632511138916,15.14632511138916,14.732975006103516,14.93964958190918,9.436554908752441,496825,0.0,0.0
2000-06-09,14.910124778747559,15.116800308227539,14.821550369262695,15.05774974822998,9.511152267456055,710203,0.0,0.0
2000-06-12,15.087274551391602,15.087274551391602,14.29010009765625,14.437725067138672,9.11952018737793,838061,0.0,0.0
2000-06-13,14.349149703979492,14.496774673461914,13.906274795532227,14.45248794555664,9.128844261169434,806308,0.0,0.0
2000-06-14,14.732975006103516,14.762499809265137,14.216287612915039,14.216287612915039,8.979646682739258,260796,0.0,0.0
2000-06-15,14.08342456817627,14.496774673461914,13.935799598693848,14.349149703979492,9.063568115234375,472058,0.0,0.0
2000-06-16,14.29010009765625,14.614874839782715,14.29010009765625,14.40820026397705,9.10086727142334,923582,0.0,0.0
2000-06-19,14.319624900817871,14.496774673461914,14.17199993133545,14.260575294494629,9.007620811462402,530483,0.0,0.0
2000-06-20,14.260575294494629,14.526300430297852,14.112950325012207,14.496774673461914,9.156817436218262,973539,0.0,0.0
2000-06-21,14.496774673461914,15.23490047454834,14.496774673461914,14.93964958190918,9.436554908752441,992379,0.0,0.0
2000-06-22,14.880599975585938,15.116800308227539,14.821550369262695,14.93964958190918,9.436554908752441,867697,0.0,0.0
2000-06-23,14.821550369262695,15.471099853515625,14.821550369262695,15.293950080871582,9.660344123840332,1425275,0.0,0.0
2000-06-26,15.352999687194824,15.441575050354004,14.792024612426758,14.851075172424316,9.380611419677734,805038,0.0,0.0
2000-06-27,14.880599975585938,15.175849914550781,14.851075172424316,15.087274551391602,9.529801368713379,885267,0.0,0.0
2000-06-28,15.116800308227539,16.268274307250977,15.116800308227539,15.825400352478027,9.996031761169434,1095893,0.0,0.0
2000-06-29,15.707300186157227,15.707300186157227,15.352999687194824,15.471099853515625,9.772245407104492,598645,0.0,0.0
2000-06-30,15.500624656677246,15.88444995880127,15.382525444030762,15.471099853515625,9.772245407104492,735182,0.0,0.0
2000-07-03,15.648249626159668,15.943499565124512,15.559675216674805,15.825400352478027,9.996031761169434,205546,0.0,0.0
2000-07-05,15.88444995880127,15.88444995880127,15.175849914550781,15.352999687194824,9.697647094726562,544877,0.0,0.0
2000-07-06,15.412050247192383,15.88444995880127,15.412050247192383,15.677775382995605,9.902791976928711,412574,0.0,0.0
2000-07-07,15.618724822998047,16.534000396728516,15.618724822998047,16.209224700927734,10.238478660583496,403472,0.0,0.0
2000-07-10,16.032075881958008,16.74067497253418,16.032075881958008,16.504474639892578,10.424973487854004,812447,0.0,0.0
2000-07-11,16.4158992767334,16.4158992767334,15.97302532196045,16.120649337768555,10.182528495788574,562870,0.0,0.0
2000-07-12,16.238750457763672,16.8882999420166,16.17970085144043,16.799724578857422,10.611459732055664,640982,0.0,0.0
2000-07-13,16.74067497253418,17.47879981994629,16.74067497253418,17.47879981994629,11.040396690368652,897333,0.0,0.0
2000-07-14,17.56737518310547,17.89215087890625,17.272125244140625,17.65595054626465,11.15229320526123,538315,0.0,0.0
2000-07-17,17.53784942626953,17.56737518310547,17.30164909362793,17.39022445678711,10.984450340270996,279636,0.0,0.0
2000-07-18,17.39022445678711,17.39022445678711,16.858774185180664,16.8882999420166,10.667409896850586,337003,0.0,0.0
2000-07-19,16.947349548339844,17.006399154663086,16.297800064086914,16.504474639892578,10.424973487854004,736029,0.0,0.0
2000-07-20,16.504474639892578,17.124500274658203,16.445425033569336,16.474950790405273,10.406320571899414,390559,0.0,0.0
2000-07-21,16.474950790405273,16.534000396728516,15.854925155639648,16.17970085144043,10.21982479095459,346317,0.0,0.0
2000-07-24,16.061599731445312,16.209224700927734,16.032075881958008,16.061599731445312,10.145227432250977,286833,0.0,0.0
2000-07-25,16.061599731445312,16.061599731445312,15.79587459564209,15.854925155639648,10.01468276977539,381033,0.0,0.0
2000-07-26,15.97302532196045,16.061599731445312,15.05774974822998,15.707300186157227,9.92143726348877,1401143,0.0,0.0
2000-07-27,15.766349792480469,15.88444995880127,15.648249626159668,15.79587459564209,9.97738265991211,514606,0.0,0.0
2000-07-28,15.766349792480469,16.297800064086914,15.707300186157227,16.268274307250977,10.275774002075195,795936,0.0,0.0
2000-07-31,16.09112548828125,16.534000396728516,16.09112548828125,16.17970085144043,10.21982479095459,1709992,0.0,0.0
2000-08-01,16.238750457763672,16.238750457763672,15.79587459564209,15.825400352478027,9.996031761169434,1177180,0.0,0.0
2000-08-02,15.589200019836426,15.648249626159668,14.762499809265137,14.998700141906738,9.473851203918457,1182896,0.0,0.0
2000-08-03,14.880599975585938,14.880599975585938,14.17199993133545,14.644399642944336,9.2500581741333,1206393,0.0,0.0
2000-08-04,14.998700141906738,14.998700141906738,14.555825233459473,14.910124778747559,9.417908668518066,978831,0.0,0.0
2000-08-07,15.05774974822998,15.23490047454834,14.821550369262695,15.02822494506836,9.492505073547363,438611,0.0,0.0
2000-08-08,14.762499809265137,14.762499809265137,14.053899765014648,14.08342456817627,8.895723342895508,1207451,0.0,0.0
2000-08-09,13.788174629211426,14.08342456817627,13.699600219726562,14.024374961853027,8.858427047729492,1601609,0.0,0.0
2000-08-10,14.142475128173828,14.29010009765625,14.024374961853027,14.024374961853027,8.858427047729492,419560,0.0,0.0
2000-08-11,14.024374961853027,14.142475128173828,13.906274795532227,14.08342456817627,8.895723342895508,573878,0.0,0.0
2000-08-14,14.20152473449707,14.349149703979492,13.965325355529785,14.053899765014648,8.877077102661133,422100,0.0,0.0
2000-08-15,14.17199993133545,14.614874839782715,14.142475128173828,14.142475128173828,8.933022499084473,781964,0.0,0.0
2000-08-16,14.142475128173828,14.37867546081543,14.08342456817627,14.112950325012207,8.914371490478516,204276,0.0,0.0
2000-08-17,14.231049537658691,14.526300430297852,14.17199993133545,14.17199993133545,8.951674461364746,810754,0.0,0.0
2000-08-18,14.17199993133545,14.437725067138672,14.17199993133545,14.40820026397705,9.10086727142334,374894,0.0,0.0
2000-08-21,14.29010009765625,14.349149703979492,14.08342456817627,14.17199993133545,8.951674461364746,278789,0.0,0.0
2000-08-22,14.17199993133545,14.29010009765625,14.08342456817627,14.17199993133545,8.951674461364746,432896,0.0,0.0
2000-08-23,14.17199993133545,14.17199993133545,13.876749992370605,13.906274795532227,8.783834457397461,324301,0.0,0.0
2000-08-24,14.024374961853027,14.17199993133545,13.699600219726562,13.699600219726562,8.653282165527344,412997,0.0,0.0
2000-08-25,13.758649826049805,13.906274795532227,13.729125022888184,13.758649826049805,8.690585136413574,487299,0.0,0.0
2000-08-28,13.758649826049805,14.37867546081543,13.758649826049805,14.053899765014648,8.877077102661133,866215,0.0,0.0
2000-08-29,13.935799598693848,14.37867546081543,13.935799598693848,14.319624900817871,9.044919967651367,601820,0.0,0.0
2000-08-30,14.29010009765625,14.29010009765625,13.729125022888184,14.142475128173828,8.933022499084473,687341,0.0,0.0
2000-08-31,14.142475128173828,14.585350036621094,14.142475128173828,14.20152473449707,8.97032642364502,579594,0.0,0.0
2000-09-01,14.349149703979492,14.792024612426758,14.349149703979492,14.40820026397705,9.10086727142334,581075,0.0,0.0
2000-09-05,14.29010009765625,14.349149703979492,13.965325355529785,14.260575294494629,9.007620811462402,594412,0.0,0.0
2000-09-06,14.112950325012207,14.37867546081543,13.906274795532227,14.231049537658691,9.003885269165039,1282176,0.02362,0.0
2000-09-07,14.29010009765625,14.467249870300293,14.231049537658691,14.260575294494629,9.022564888000488,357748,0.0,0.0
2000-09-08,14.260575294494629,14.37867546081543,13.581500053405762,13.670075416564941,8.648961067199707,569433,0.0,0.0
2000-09-11,13.670075416564941,14.37867546081543,13.670075416564941,14.29010009765625,9.041245460510254,560542,0.0,0.0
2000-09-12,14.29010009765625,14.467249870300293,13.699600219726562,13.699600219726562,8.667638778686523,716130,0.0,0.0
2000-09-13,13.699600219726562,13.699600219726562,13.197674751281738,13.43387508392334,8.499517440795898,385902,0.0,0.0
2000-09-14,13.492924690246582,13.994850158691406,13.492924690246582,13.758649826049805,8.705002784729004,350127,0.0,0.0
2000-09-15,13.52245044708252,13.670075416564941,13.34529972076416,13.52245044708252,8.555560111999512,334251,0.0,0.0
2000-09-18,13.640549659729004,13.640549659729004,12.725275039672852,12.754799842834473,8.069873809814453,545512,0.0,0.0
2000-09-19,12.813850402832031,12.961475372314453,12.754799842834473,12.902424812316895,8.163272857666016,518840,0.0,0.0
2000-09-20,12.961475372314453,13.138625144958496,12.69575023651123,12.991000175476074,8.219313621520996,709568,0.0,0.0
2000-09-21,12.961475372314453,12.961475372314453,12.37097454071045,12.400500297546387,7.845707416534424,407705,0.0,0.0
2000-09-22,12.282400131225586,12.37097454071045,11.691900253295898,12.282400131225586,7.7709832191467285,1520110,0.0,0.0
2000-09-25,12.400500297546387,12.784324645996094,12.37097454071045,12.48907470703125,7.901750087738037,588273,0.0,0.0
2000-09-26,12.430025100708008,12.931949615478516,12.430025100708008,12.902424812316895,8.163272857666016,1090813,0.0,0.0
2000-09-27,12.931949615478516,13.670075416564941,12.902424812316895,13.197674751281738,8.350077629089355,1158552,0.0,0.0
2000-09-28,13.079574584960938,13.463399887084961,12.931949615478516,13.463399887084961,8.518196105957031,1317951,0.0,0.0
2000-09-29,13.492924690246582,13.581500053405762,12.991000175476074,13.43387508392334,8.499517440795898,1746825,0.0,0.0
2000-10-02,13.55197525024414,13.847225189208984,13.374824523925781,13.463399887084961,8.518196105957031,939670,0.0,0.0
2000-10-03,13.463399887084961,13.906274795532227,13.256725311279297,13.286250114440918,8.406115531921387,1206816,0.0,0.0
2000-10-04,13.286250114440918,13.286250114440918,12.754799842834473,12.872900009155273,8.144591331481934,780906,0.0,0.0
2000-10-05,12.872900009155273,12.991000175476074,12.57765007019043,12.66622543334961,8.013833045959473,530483,0.0,0.0
2000-10-06,12.636699676513672,12.636699676513672,11.869050025939941,11.957625389099121,7.565506935119629,1147756,0.0,0.0
2000-10-09,11.957625389099121,12.164299964904785,11.514749526977539,12.164299964904785,7.696263790130615,1369179,0.0,0.0
2000-10-10,12.105250358581543,12.105250358581543,11.603324890136719,11.63284969329834,7.360022068023682,449196,0.0,0.0
2000-10-11,11.219499588012695,11.219499588012695,10.333749771118164,10.86520004272461,6.87433385848999,2247460,0.0,0.0
2000-10-12,11.042349815368652,11.189974784851074,10.599474906921387,10.717575073242188,6.780930519104004,841236,0.0,0.0
2000-10-13,10.628999710083008,10.924249649047852,10.569950103759766,10.835675239562988,6.85565710067749,1504657,0.0,0.0
2000-10-16,10.835675239562988,11.071874618530273,10.599474906921387,10.86520004272461,6.87433385848999,1765665,0.0,0.0
2000-10-17,10.806150436401367,10.835675239562988,10.392800331115723,10.510899543762207,6.650170803070068,594412,0.0,0.0
2000-10-18,10.333749771118164,10.333749771118164,9.802300453186035,10.156599998474121,6.426010608673096,1185859,0.0,0.0
2000-10-19,10.451849937438965,10.835675239562988,10.392800331115723,10.835675239562988,6.85565710067749,738781,0.0,0.0
2000-10-20,10.89472484588623,11.455699920654297,10.569950103759766,11.278550148010254,7.135860443115234,989627,0.0,0.0
2000-10-23,11.337599754333496,11.367124557495117,11.042349815368652,11.337599754333496,7.173220157623291,1218036,0.0,0.0
2000-10-24,11.8100004196167,11.898574829101562,11.249025344848633,11.426175117492676,7.229259967803955,700466,0.0,0.0
2000-10-25,11.367124557495117,12.57765007019043,10.806150436401367,12.459549903869629,7.88306999206543,2251693,0.0,0.0
2000-10-26,12.459549903869629,13.935799598693848,11.987150192260742,13.611024856567383,8.611600875854492,2763336,0.0,0.0
2000-10-27,13.817700386047363,14.526300430297852,13.611024856567383,14.29010009765625,9.041245460510254,2298688,0.0,0.0
2000-10-30,14.142475128173828,14.29010009765625,14.024374961853027,14.112950325012207,8.929163932800293,1630186,0.0,0.0
2000-10-31,14.112950325012207,14.969175338745117,14.112950325012207,14.969175338745117,9.470891952514648,1407070,0.0,0.0
2000-11-01,14.851075172424316,14.969175338745117,14.231049537658691,14.851075172424316,9.396167755126953,716765,0.0,0.0
2000-11-02,14.910124778747559,15.264425277709961,14.880599975585938,15.116800308227539,9.564292907714844,662362,0.0,0.0
2000-11-03,15.175849914550781,15.441575050354004,14.880599975585938,15.412050247192383,9.7510986328125,342083,0.0,0.0
2000-11-06,15.293950080871582,15.323474884033203,14.496774673461914,14.792024612426758,9.35881233215332,515665,0.0,0.0
2000-11-07,14.732975006103516,14.732975006103516,14.526300430297852,14.614874839782715,9.24672794342041,356054,0.0,0.0
2000-11-08,14.614874839782715,14.644399642944336,14.40820026397705,14.467249870300293,9.153327941894531,614522,0.0,0.0
2000-11-09,14.467249870300293,14.703450202941895,13.994850158691406,14.644399642944336,9.265411376953125,1662574,0.0,0.0
2000-11-10,14.644399642944336,14.644399642944336,14.231049537658691,14.467249870300293,9.153327941894531,870237,0.0,0.0
2000-11-13,14.231049537658691,14.40820026397705,13.965325355529785,14.349149703979492,9.078607559204102,621084,0.0,0.0
2000-11-14,14.29010009765625,15.293950080871582,14.29010009765625,14.703450202941895,9.302765846252441,1113251,0.0,0.0
2000-11-15,14.703450202941895,15.23490047454834,14.703450202941895,14.851075172424316,9.41128921508789,429721,0.02362,0.0
2000-11-16,14.969175338745117,15.087274551391602,14.732975006103516,14.93964958190918,9.467415809631348,517993,0.0,0.0
2000-11-17,14.880599975585938,15.116800308227539,14.614874839782715,14.762499809265137,9.355158805847168,654318,0.0,0.0
2000-11-20,14.762499809265137,14.821550369262695,14.467249870300293,14.614874839782715,9.261604309082031,901566,0.0,0.0
2000-11-21,14.614874839782715,15.352999687194824,14.614874839782715,15.323474884033203,9.71065902709961,820491,0.0,0.0
2000-11-22,15.323474884033203,15.323474884033203,14.526300430297852,15.05774974822998,9.54226016998291,456181,0.0,0.0
2000-11-24,15.05774974822998,15.441575050354004,14.851075172424316,15.352999687194824,9.729368209838867,204276,0.0,0.0
2000-11-27,15.471099853515625,15.707300186157227,15.382525444030762,15.412050247192383,9.766783714294434,371084,0.0,0.0
2000-11-28,15.471099853515625,15.471099853515625,14.614874839782715,14.792024612426758,9.373867988586426,420830,0.0,0.0
2000-11-29,14.792024612426758,15.02822494506836,14.349149703979492,14.555825233459473,9.224190711975098,599069,0.0,0.0
2000-11-30,14.37867546081543,14.732975006103516,13.817700386047363,14.526300430297852,9.205477714538574,1064564,0.0,0.0
2000-12-01,14.555825233459473,15.05774974822998,14.40820026397705,14.732975006103516,9.336450576782227,820703,0.0,0.0
2000-12-04,14.792024612426758,14.851075172424316,14.437725067138672,14.673925399780273,9.299025535583496,758679,0.0,0.0
2000-12-05,14.792024612426758,14.969175338745117,14.673925399780273,14.821550369262695,9.392579078674316,1243014,0.0,0.0
2000-12-06,14.821550369262695,14.821550369262695,14.585350036621094,14.703450202941895,9.31773567199707,1060119,0.0,0.0
2000-12-07,14.703450202941895,14.703450202941895,14.17199993133545,14.526300430297852,9.205477714538574,1308848,0.0,0.0
2000-12-08,14.585350036621094,15.087274551391602,14.585350036621094,15.087274551391602,9.560972213745117,1302286,0.0,0.0
2000-12-11,15.382525444030762,15.382525444030762,15.05774974822998,15.116800308227539,9.579682350158691,1310965,0.0,0.0
2000-12-12,15.087274551391602,15.087274551391602,14.821550369262695,14.969175338745117,9.486132621765137,928450,0.0,0.0
2000-12-13,14.998700141906738,15.087274551391602,14.673925399780273,14.93964958190918,9.467415809631348,1442633,0.0,0.0
2000-12-14,14.880599975585938,14.880599975585938,14.349149703979492,14.437725067138672,9.149349212646484,682049,0.0,0.0
2000-12-15,14.231049537658691,14.231049537658691,13.847225189208984,14.053899765014648,8.906109809875488,1046571,0.0,0.0
2000-12-18,14.08342456817627,14.112950325012207,13.699600219726562,14.024374961853027,8.887401580810547,1113251,0.0,0.0
2000-12-19,14.024374961853027,14.112950325012207,13.374824523925781,13.463399887084961,8.531905174255371,1089754,0.0,0.0
2000-12-20,13.109100341796875,13.315774917602539,12.725275039672852,13.020524978637695,8.251251220703125,1823243,0.0,0.0
2000-12-21,12.991000175476074,13.197674751281738,12.66622543334961,12.991000175476074,8.232538223266602,768205,0.0,0.0
2000-12-22,12.991000175476074,13.817700386047363,12.991000175476074,13.670075416564941,8.662875175476074,532388,0.0,0.0
2000-12-26,13.640549659729004,14.231049537658691,13.55197525024414,14.053899765014648,8.906109809875488,878069,0.0,0.0
2000-12-27,14.112950325012207,14.467249870300293,13.847225189208984,14.37867546081543,9.111924171447754,388865,0.0,0.0
2000-12-28,14.17199993133545,14.821550369262695,14.142475128173828,14.496774673461914,9.186763763427734,681626,0.0,0.0
2000-12-29,14.496774673461914,14.821550369262695,14.319624900817871,14.467249870300293,9.16805362701416,484547,0.0,0.0
2001-01-02,14.37867546081543,14.37867546081543,13.404350280761719,13.52245044708252,8.56932544708252,486876,0.0,0.0
2001-01-03,13.404350280761719,14.555825233459473,13.404350280761719,14.526300430297852,9.205477714538574,533235,0.0,0.0
2001-01-04,14.673925399780273,14.880599975585938,14.496774673461914,14.821550369262695,9.392579078674316,474809,0.0,0.0
2001-01-05,14.644399642944336,14.644399642944336,13.965325355529785,14.024374961853027,8.887401580810547,691363,0.0,0.0
2001-01-08,14.024374961853027,14.024374961853027,13.670075416564941,13.906274795532227,8.81256103515625,653683,0.0,0.0
2001-01-09,13.906274795532227,13.906274795532227,12.872900009155273,13.138625144958496,8.326090812683105,1305461,0.0,0.0
2001-01-10,12.518600463867188,13.404350280761719,12.459549903869629,13.256725311279297,8.400927543640137,2290855,0.0,0.0
2001-01-11,13.374824523925781,13.906274795532227,13.315774917602539,13.640549659729004,8.6441650390625,1030271,0.0,0.0
2001-01-12,13.640549659729004,13.640549659729004,13.286250114440918,13.34529972076416,8.457059860229492,552075,0.0,0.0
2001-01-16,13.34529972076416,13.463399887084961,12.991000175476074,13.050049781799316,8.269960403442383,766088,0.0,0.0
2001-01-17,13.109100341796875,13.43387508392334,12.843375205993652,13.079574584960938,8.288668632507324,1291067,0.0,0.0
2001-01-18,13.22719955444336,13.374824523925781,13.079574584960938,13.34529972076416,8.457059860229492,1102032,0.0,0.0
2001-01-19,13.34529972076416,13.34529972076416,12.400500297546387,12.400500297546387,7.858335494995117,589331,0.0,0.0
2001-01-22,12.518600463867188,13.050049781799316,12.252875328063965,12.991000175476074,8.232538223266602,1232854,0.0,0.0
2001-01-23,12.991000175476074,13.197674751281738,12.902424812316895,13.197674751281738,8.363515853881836,983489,0.0,0.0
2001-01-24,13.168149948120117,13.640549659729004,12.754799842834473,13.138625144958496,8.326090812683105,2438188,0.0,0.0
2001-01-25,13.197674751281738,13.197674751281738,12.843375205993652,13.197674751281738,8.363515853881836,792549,0.0,0.0
2001-01-26,13.050049781799316,13.197674751281738,12.784324645996094,13.079574584960938,8.288668632507324,601397,0.0,0.0
2001-01-29,12.962656021118164,13.534259796142578,12.962656021118164,13.463399887084961,8.531905174255371,855631,0.0,0.0
2001-01-30,13.463399887084961,14.143655776977539,13.298060417175293,13.935799598693848,8.83127212524414,1173582,0.0,0.0
2001-01-31,13.992487907409668,14.40820026397705,13.992487907409668,14.266480445861816,9.040827751159668,1079382,0.0,0.0
2001-02-01,14.148380279541016,14.162551879882812,13.675979614257812,13.88856029510498,8.801339149475098,1265241,0.0,0.0
2001-02-02,14.006660461425781,14.086968421936035,13.30750846862793,13.397263526916504,8.489989280700684,839754,0.0,0.0
2001-02-05,13.515363693237305,13.74683952331543,13.416159629821777,13.482295989990234,8.543880462646484,283870,0.0,0.0
2001-02-06,13.652359962463379,13.77046012878418,13.534259796142578,13.77046012878418,8.726486206054688,1037892,0.0,0.0
2001-02-07,13.652359962463379,13.789356231689453,13.27916431427002,13.420884132385254,8.504961967468262,579382,0.0,0.0
2001-02-08,13.538984298706055,13.614567756652832,13.335851669311523,13.472847938537598,8.53789234161377,589966,0.0,0.0
2001-02-09,13.472847938537598,13.652359962463379,12.991000175476074,12.991000175476074,8.232538223266602,774767,0.0,0.0
2001-02-12,13.038240432739258,13.321680068969727,12.877623558044434,13.014619827270508,8.247509956359863,939881,0.0,0.0
2001-02-13,13.22719955444336,13.699600219726562,13.179960250854492,13.472847938537598,8.53789234161377,930356,0.0,0.0
2001-02-14,13.472847938537598,13.784631729125977,13.293335914611816,13.482295989990234,8.543880462646484,881456,0.0,0.0
2001-02-15,13.364195823669434,14.242859840393066,13.364195823669434,13.751564025878906,8.714518547058105,908975,0.0,0.0
2001-02-16,13.756287574768066,13.841320037841797,13.165787696838379,13.28388786315918,8.418143272399902,1470364,0.0,0.0
2001-02-20,13.28388786315918,13.557880401611328,12.707559585571289,12.707559585571289,8.05291748046875,1531753,0.0,0.0
2001-02-21,12.707559585571289,12.79731559753418,12.320192337036133,12.320192337036133,7.807441234588623,1029001,0.0,0.0
2001-02-22,12.438291549682617,12.636699676513672,11.9989595413208,12.140680313110352,7.69368314743042,1045724,0.0,0.0
2001-02-23,12.211540222167969,12.211540222167969,11.663556098937988,11.975339889526367,7.588904857635498,1235182,0.0,0.0
2001-02-26,12.093440055847168,12.33436393737793,11.928099632263184,12.30601978302002,7.798460006713867,984759,0.0,0.0
2001-02-27,11.101400375366211,11.762760162353516,10.572312355041504,11.715519905090332,7.424252986907959,3889500,0.0,0.0
2001-02-28,11.720244407653809,11.98951244354248,11.597419738769531,11.861964225769043,7.517060279846191,1400296,0.0,0.0
2001-03-01,11.762760162353516,11.762760162353516,11.337599754333496,11.654108047485352,7.385339260101318,898180,0.0,0.0
2001-03-02,11.53600788116455,11.691900253295898,11.195879936218262,11.370668411254883,7.2203474044799805,1350974,0.02362,0.0
2001-03-05,11.621040344238281,11.621040344238281,11.243120193481445,11.243120193481445,7.13935661315918,1209145,0.0,0.0
2001-03-06,11.432080268859863,11.460424423217773,11.195879936218262,11.290360450744629,7.1693525314331055,1096528,0.0,0.0
2001-03-07,11.313980102539062,11.606867790222168,10.969127655029297,11.517111778259277,7.313342094421387,1046994,0.0,0.0
2001-03-08,11.517111778259277,11.739139556884766,11.38484001159668,11.564352035522461,7.3433403968811035,781964,0.0,0.0
2001-03-09,11.337599754333496,11.512388229370117,11.243120193481445,11.422632217407227,7.253347873687744,1954276,0.0,0.0
2001-03-12,11.101400375366211,11.47931957244873,11.01164436340332,11.252568244934082,7.145357608795166,2009949,0.0,0.0
2001-03-13,11.337599754333496,11.365943908691406,10.770719528198242,10.92188835144043,6.935375213623047,1447079,0.0,0.0
2001-03-14,10.794340133666992,11.214776039123535,10.690411567687988,10.98802375793457,6.977373123168945,953641,0.0,0.0
2001-03-15,11.243120193481445,11.3234281539917,11.006919860839844,11.096675872802734,7.046366214752197,1074301,0.0,0.0
2001-03-16,11.125020027160645,11.243120193481445,10.832132339477539,11.195879936218262,7.109364032745361,1995978,0.0,0.0
2001-03-19,11.195879936218262,11.195879936218262,10.86520004272461,11.195879936218262,7.109364032745361,1469306,0.0,0.0
2001-03-20,11.243120193481445,11.455699920654297,11.01164436340332,11.039987564086914,7.010371685028076,582557,0.0,0.0
2001-03-21,11.290360450744629,11.365943908691406,10.98330020904541,11.266739845275879,7.154356002807617,1533870,0.0,0.0
2001-03-22,11.219499588012695,11.332876205444336,10.822684288024902,11.266739845275879,7.154356002807617,1368332,0.0,0.0
2001-03-23,11.266739845275879,11.753312110900879,11.247843742370605,11.673004150390625,7.412332057952881,1399450,0.0,0.0
2001-03-26,11.729692459106445,11.833620071411133,11.337599754333496,11.408459663391113,7.244345188140869,871719,0.0,0.0
2001-03-27,11.337599754333496,11.621040344238281,11.219499588012695,11.521836280822754,7.31633996963501,523497,0.0,0.0
2001-03-28,11.290360450744629,11.290360450744629,10.799063682556152,10.936059951782227,6.9443769454956055,1139924,0.0,0.0
2001-03-29,10.936059951782227,11.233672142028809,10.86520004272461,10.884096145629883,6.911377429962158,738146,0.0,0.0
2001-03-30,10.912440299987793,11.691900253295898,10.89354419708252,11.691900253295898,7.424335956573486,1122354,0.0,0.0
2001-04-02,11.621040344238281,11.621040344238281,10.680964469909668,10.751824378967285,6.827386379241943,882938,0.0,0.0
2001-04-03,10.572312355041504,10.577035903930664,9.825920104980469,10.019603729248047,6.362428188323975,1618755,0.0,0.0
2001-04-04,10.019603729248047,10.369179725646973,9.958191871643066,10.047947883605957,6.380427360534668,1185859,0.0,0.0
2001-04-05,10.156599998474121,10.732928276062012,10.118807792663574,10.572312355041504,6.713395595550537,936071,0.0,0.0
2001-04-06,10.392800331115723,10.510899543762207,10.06684398651123,10.199115753173828,6.4764180183410645,734547,0.0,0.0
2001-04-09,10.345560073852539,10.884096145629883,10.345560073852539,10.676239967346191,6.779390335083008,685859,0.0,0.0
2001-04-10,10.751824378967285,11.290360450744629,10.751824378967285,11.101400375366211,7.0493645668029785,639289,0.0,0.0
2001-04-11,11.172260284423828,11.337599754333496,10.846303939819336,11.006919860839844,6.989368915557861,611135,0.0,0.0
2001-04-12,11.025815963745117,11.554903984069824,10.770719528198242,11.53600788116455,7.325343132019043,786622,0.0,0.0
2001-04-16,11.47931957244873,11.484044075012207,11.148639678955078,11.361220359802246,7.214352607727051,567104,0.0,0.0
2001-04-17,11.337599754333496,11.630488395690918,11.309255599975586,11.427355766296387,7.256346225738525,522862,0.0,0.0
2001-04-18,11.691900253295898,12.707559585571289,11.691900253295898,12.27295207977295,7.793301582336426,1520110,0.0,0.0
2001-04-19,12.235159873962402,12.778420448303223,12.192644119262695,12.745351791381836,8.093274116516113,694539,0.0,0.0
2001-04-20,12.745351791381836,12.84928035736084,12.282400131225586,12.565839767456055,7.979281425476074,689246,0.0,0.0
2001-04-23,12.565839767456055,12.565839767456055,12.27295207977295,12.310744285583496,7.817300319671631,984124,0.0,0.0
2001-04-24,12.32964038848877,12.76424789428711,12.315467834472656,12.41939640045166,7.886291980743408,638230,0.0,0.0
2001-04-25,12.400500297546387,12.650872230529785,12.39577579498291,12.641424179077148,8.0272798538208,476291,0.0,0.0
2001-04-26,12.660320281982422,12.986275672912598,12.537495613098145,12.84928035736084,8.159266471862793,581710,0.0,0.0
2001-04-27,12.920140266418457,13.014619827270508,12.75952434539795,13.014619827270508,8.264259338378906,688188,0.0,0.0
2001-04-30,13.099652290344238,13.581500053405762,13.099652290344238,13.581500053405762,8.624221801757812,820703,0.0,0.0
2001-05-01,13.510640144348145,13.510640144348145,13.213027954101562,13.40198802947998,8.510238647460938,1025191,0.0,0.0
2001-05-02,13.605119705200195,13.794079780578613,13.482295989990234,13.633463859558105,8.657220840454102,751482,0.0,0.0
2001-05-03,13.534259796142578,13.699600219726562,13.27916431427002,13.699600219726562,8.699216842651367,788950,0.0,0.0
2001-05-04,13.652359962463379,14.313719749450684,13.605119705200195,14.308996200561523,9.086182594299316,1243014,0.0,0.0
2001-05-07,14.242859840393066,14.502679824829102,14.242859840393066,14.431819915771484,9.164175987243652,1371084,0.0,0.0
2001-05-08,14.597160339355469,14.762499809265137,14.573539733886719,14.644399642944336,9.299163818359375,1198137,0.0,0.0
2001-05-09,14.3845796585083,14.3845796585083,13.86021614074707,13.898008346557617,8.825207710266113,1321550,0.0,0.0
2001-05-10,14.29010009765625,14.644399642944336,14.195619583129883,14.464887619018555,9.185175895690918,1387172,0.0,0.0
2001-05-11,14.582987785339355,14.611331939697266,14.143655776977539,14.398752212524414,9.143177032470703,578323,0.0,0.0
2001-05-14,14.3845796585083,14.3845796585083,14.011384010314941,14.058624267578125,8.927196502685547,279001,0.0,0.0
2001-05-15,14.001935958862305,14.20034408569336,13.92162799835205,14.162551879882812,8.99319076538086,682049,0.0,0.0
2001-05-16,14.115311622619629,14.115311622619629,13.80352783203125,14.072795867919922,8.936200141906738,733065,0.0,0.0
2001-05-17,14.17199993133545,14.40820026397705,14.17199993133545,14.40820026397705,9.149177551269531,997671,0.0,0.0
2001-05-18,14.40820026397705,14.464887619018555,14.190896034240723,14.32316780090332,9.095178604125977,515030,0.0,0.0
2001-05-21,14.3845796585083,15.031767845153809,14.356236457824707,15.031767845153809,9.54513931274414,656647,0.0,0.0
2001-05-22,15.164039611816406,15.21127986907959,14.852255821228027,14.913667678833008,9.470146179199219,1444962,0.0,0.0
2001-05-23,14.885323524475098,14.885323524475098,14.360960006713867,14.455439567565918,9.179176330566406,493014,0.0,0.0
2001-05-24,14.455439567565918,14.521575927734375,14.101140022277832,14.176724433898926,9.002190589904785,650931,0.0,0.0
2001-05-25,14.17199993133545,14.219240188598633,14.001935958862305,14.219240188598633,9.044255256652832,394369,0.02362,0.0
2001-05-29,14.148380279541016,14.148380279541016,13.71377182006836,13.73739242553711,8.737774848937988,426122,0.0,0.0
2001-05-30,13.652359962463379,13.652359962463379,13.142168045043945,13.146891593933105,8.3621826171875,486029,0.0,0.0
2001-05-31,13.274439811706543,13.605119705200195,13.236647605895996,13.425607681274414,8.539462089538574,660246,0.0,0.0
2001-06-01,13.468124389648438,13.77518367767334,13.439780235290527,13.761012077331543,8.752796173095703,470576,0.0,0.0
2001-06-04,13.761012077331543,13.817700386047363,13.675979614257812,13.80352783203125,8.779840469360352,241533,0.0,0.0
2001-06-05,13.80352783203125,14.337340354919434,13.794079780578613,14.29482364654541,9.09233283996582,376588,0.0,0.0
2001-06-06,14.181447982788086,14.370408058166504,14.068072319030762,14.176724433898926,9.017213821411133,729467,0.0,0.0
2001-06-07,14.176724433898926,14.209792137145996,13.935799598693848,13.940524101257324,8.866975784301758,429297,0.0,0.0
2001-06-08,13.945247650146484,13.945247650146484,13.605119705200195,13.680704116821289,8.701716423034668,412997,0.0,0.0
2001-06-11,13.680704116821289,13.690152168273926,13.31223201751709,13.534259796142578,8.608573913574219,686494,0.0,0.0
2001-06-12,13.31223201751709,13.699600219726562,13.014619827270508,13.652359962463379,8.683690071105957,646486,0.0,0.0
2001-06-13,13.74683952331543,14.573539733886719,13.7090482711792,14.134207725524902,8.990172386169434,1649450,0.0,0.0
2001-06-14,14.086968421936035,14.086968421936035,13.472847938537598,13.472847938537598,8.569510459899902,539373,0.0,0.0
2001-06-15,13.298060417175293,13.378368377685547,13.109100341796875,13.25082015991211,8.428285598754883,493014,0.0,0.0
2001-06-18,13.269716262817383,13.274439811706543,12.650872230529785,12.726455688476562,8.09476089477539,574301,0.0,0.0
2001-06-19,12.79259204864502,12.920140266418457,12.428844451904297,12.428844451904297,7.905462265014648,760161,0.0,0.0
2001-06-20,12.447739601135254,12.683939933776855,12.235159873962402,12.627251625061035,8.031656265258789,890559,0.0,0.0
2001-06-21,12.627251625061035,12.981552124023438,12.565839767456055,12.778420448303223,8.127815246582031,393946,0.0,0.0
2001-06-22,12.84928035736084,13.179960250854492,12.126507759094238,12.154851913452148,7.731186866760254,1983065,0.0,0.0
2001-06-25,12.216263771057129,12.466635704040527,12.150128364562988,12.187919616699219,7.752221584320068,323243,0.0,0.0
2001-06-26,12.192644119262695,12.315467834472656,11.9989595413208,12.225711822509766,7.776256561279297,478408,0.0,0.0
2001-06-27,12.131232261657715,12.32964038848877,12.041476249694824,12.211540222167969,7.767239093780518,620872,0.0,0.0
2001-06-28,12.282400131225586,12.712284088134766,12.282400131225586,12.542220115661621,7.9775776863098145,369390,0.0,0.0
2001-06-29,12.565839767456055,12.94375991821289,12.518600463867188,12.85400390625,8.17588996887207,392676,0.0,0.0
2001-07-02,12.802040100097656,13.033515930175781,12.707559585571289,12.995723724365234,8.266029357910156,498095,0.0,0.0
2001-07-03,12.948484420776367,13.123271942138672,12.82565975189209,13.099652290344238,8.332133293151855,589754,0.0,0.0
2001-07-05,13.038240432739258,13.038240432739258,12.636699676513672,12.707559585571289,8.082738876342773,559695,0.0,0.0
2001-07-06,12.712284088134766,12.712284088134766,12.244607925415039,12.258779525756836,7.79728889465332,324513,0.0,0.0
2001-07-09,12.258779525756836,12.48080825805664,12.173748016357422,12.173748016357422,7.743204116821289,251058,0.0,0.0
2001-07-10,12.206815719604492,12.613080024719238,11.9989595413208,12.575287818908691,7.9986138343811035,1063506,0.0,0.0
2001-07-11,12.494979858398438,12.565839767456055,12.32964038848877,12.551668167114258,7.983585357666016,560330,0.0,0.0
2001-07-12,12.665043830871582,13.198856353759766,12.665043830871582,13.123271942138672,8.34715747833252,653895,0.0,0.0
2001-07-13,13.123271942138672,13.123271942138672,12.84928035736084,13.038240432739258,8.293071746826172,257832,0.0,0.0
2001-07-16,13.014619827270508,13.179960250854492,13.000448226928711,13.005171775817871,8.272038459777832,494285,0.0,0.0
2001-07-17,13.005171775817871,13.061860084533691,12.806763648986816,12.920140266418457,8.217951774597168,430779,0.0,0.0
2001-07-18,12.896519660949707,13.019344329833984,12.400500297546387,12.518600463867188,7.962552547454834,362193,0.0,0.0
2001-07-19,12.589460372924805,13.321680068969727,12.589460372924805,12.84928035736084,8.172883987426758,381456,0.0,0.0
2001-07-20,12.802040100097656,12.872900009155273,12.674491882324219,12.740628242492676,8.10377311706543,363040,0.0,0.0
2001-07-23,12.754799842834473,12.773695945739746,12.589460372924805,12.636699676513672,8.03767204284668,381456,0.0,0.0
2001-07-24,12.636699676513672,12.655595779418945,12.42411994934082,12.428844451904297,7.905462265014648,321126,0.0,0.0
2001-07-25,12.466635704040527,12.981552124023438,12.466635704040527,12.929588317871094,8.223960876464844,1039162,0.0,0.0
2001-07-26,13.274439811706543,13.959420204162598,13.161064147949219,13.940524101257324,8.866975784301758,1211897,0.0,0.0
2001-07-27,13.940524101257324,14.20506763458252,13.874387741088867,14.148380279541016,8.999186515808105,554826,0.0,0.0
2001-07-30,14.153103828430176,14.162551879882812,13.846043586730957,14.153103828430176,9.002192497253418,318374,0.0,0.0
2001-07-31,14.157828330993652,14.370408058166504,14.157828330993652,14.181447982788086,9.020216941833496,924428,0.0,0.0
2001-08-01,14.25703239440918,14.72470760345459,14.242859840393066,14.606608390808105,9.290643692016602,378916,0.0,0.0
2001-08-02,14.668020248413086,14.795568466186523,14.40820026397705,14.597160339355469,9.284637451171875,563506,0.0,0.0
2001-08-03,14.597160339355469,14.597160339355469,14.436544418334961,14.497956275939941,9.221536636352539,288527,0.0,0.0
2001-08-06,14.497956275939941,14.715259552001953,14.469612121582031,14.535747528076172,9.245573997497559,303768,0.0,0.0
2001-08-07,14.540472030639648,14.6349515914917,14.469612121582031,14.592435836791992,9.281632423400879,484759,0.0,0.0
2001-08-08,14.549920082092285,14.620779991149902,14.389304161071777,14.488508224487305,9.215526580810547,359653,0.0,0.0
2001-08-09,14.479060173034668,14.479060173034668,14.053899765014648,14.101140022277832,8.969136238098145,445597,0.0,0.0
2001-08-10,14.17199993133545,14.242859840393066,13.935799598693848,14.115311622619629,8.978150367736816,397968,0.0,0.0
2001-08-13,14.077520370483398,14.148380279541016,13.628740310668945,13.794079780578613,8.773834228515625,732854,0.0,0.0
2001-08-14,13.983039855957031,14.049176216125488,13.822423934936523,13.841320037841797,8.80388069152832,302921,0.0,0.0
2001-08-15,13.841320037841797,13.86021614074707,13.496467590332031,13.524811744689941,8.602561950683594,325995,0.0,0.0
2001-08-16,13.510640144348145,13.73739242553711,13.321680068969727,13.652359962463379,8.683690071105957,802075,0.0,0.0
2001-08-17,13.605119705200195,13.68542766571045,13.392539978027344,13.624015808105469,8.665660858154297,390771,0.0,0.0
2001-08-20,13.595671653747559,13.779908180236816,13.392539978027344,13.71377182006836,8.72275161743164,259949,0.0,0.0
2001-08-21,13.699600219726562,13.8271484375,13.671256065368652,13.671256065368652,8.695711135864258,868755,0.0,0.0
2001-08-22,13.699600219726562,13.883835792541504,13.463399887084961,13.79880428314209,8.776836395263672,594200,0.0,0.0
2001-08-23,13.846043586730957,13.92162799835205,13.794079780578613,13.86493968963623,8.818901062011719,343988,0.0,0.0
2001-08-24,13.935799598693848,14.195619583129883,13.931076049804688,14.077520370483398,8.954118728637695,453218,0.0,0.0
2001-08-27,14.219240188598633,14.549920082092285,14.209792137145996,14.3845796585083,9.149420738220215,663421,0.0,0.0
2001-08-28,14.398752212524414,14.455439567565918,14.219240188598633,14.280652046203613,9.083319664001465,304826,0.0,0.0
2001-08-29,14.275927543640137,14.29482364654541,14.006660461425781,14.039728164672852,8.930074691772461,346317,0.0,0.0
2001-08-30,14.020832061767578,14.020832061767578,13.586223602294922,13.609844207763672,8.656645774841309,378916,0.0,0.0
2001-08-31,13.666531562805176,13.959420204162598,13.666531562805176,13.855491638183594,8.812891006469727,222481,0.0,0.0
2001-09-04,13.879112243652344,13.879112243652344,13.487019538879395,13.572052001953125,8.632607460021973,306732,0.0,0.0
2001-09-05,13.595671653747559,13.624015808105469,13.099652290344238,13.161064147949219,8.385791778564453,674005,0.02362,0.0
2001-09-06,13.113823890686035,13.217752456665039,12.863451957702637,12.868176460266113,8.199172973632812,436918,0.0,0.0
2001-09-07,12.802040100097656,13.014619827270508,12.698111534118652,12.698111534118652,8.090815544128418,490474,0.0,0.0
2001-09-10,12.702836036682129,12.877623558044434,12.48080825805664,12.844555854797363,8.184121131896973,482218,0.0,0.0
2001-09-17,15.352999687194824,15.683679580688477,14.049176216125488,14.101140022277832,8.984773635864258,3829594,0.0,0.0
2001-09-18,14.053899765014648,14.22868824005127,13.463399887084961,13.576775550842285,8.650664329528809,1481372,0.0,0.0
2001-09-19,13.557880401611328,13.704323768615723,13.179960250854492,13.680704116821289,8.716886520385742,1038527,0.0,0.0
2001-09-20,13.515363693237305,14.32316780090332,13.298060417175293,14.077520370483398,8.969727516174316,1124259,0.0,0.0
2001-09-21,14.082243919372559,14.124759674072266,13.477572441101074,13.74683952331543,8.759025573730469,986240,0.0,0.0
2001-09-24,13.983039855957031,14.493231773376465,13.935799598693848,13.983039855957031,8.909524917602539,711050,0.0,0.0
2001-09-25,13.935799598693848,14.082243919372559,13.387816429138184,13.699600219726562,8.728927612304688,793819,0.0,0.0
2001-09-26,13.841320037841797,13.86021614074707,13.510640144348145,13.794079780578613,8.789129257202148,738781,0.0,0.0
2001-09-27,13.77046012878418,14.890048027038574,13.77046012878418,14.77667236328125,9.41519832611084,1226926,0.0,0.0
2001-09-28,15.116800308227539,15.419136047363281,14.975079536437988,15.031767845153809,9.577738761901855,1532388,0.0,0.0
2001-10-01,14.975079536437988,15.30103588104248,14.904219627380371,14.998700141906738,9.556672096252441,1315622,0.0,0.0
2001-10-02,14.975079536437988,15.116800308227539,14.790843963623047,14.861703872680664,9.469379425048828,1594835,0.0,0.0
2001-10-03,14.86642837524414,15.376620292663574,14.790843963623047,15.27269172668457,9.731245994567871,1604784,0.0,0.0
2001-10-04,15.291587829589844,15.839571952819824,15.045940399169922,15.097904205322266,9.619880676269531,1508044,0.0,0.0
2001-10-05,15.093179702758789,15.409687995910645,14.616056442260742,15.390791893005371,9.806496620178223,958298,0.0,0.0
2001-10-08,15.305760383605957,15.967120170593262,15.305760383605957,15.603371620178223,9.941947937011719,1341448,0.0,0.0
2001-10-09,15.69785213470459,16.73240852355957,15.631715774536133,16.534000396728516,10.534912109375,4184166,0.0,0.0
2001-10-10,16.486759185791016,16.99222755432129,16.217491149902344,16.8882999420166,10.760656356811523,1916808,0.0,0.0
2001-10-11,16.8882999420166,17.407939910888672,16.8882999420166,17.143396377563477,10.92320442199707,1257197,0.0,0.0
2001-10-12,17.096155166625977,17.47879981994629,16.930816650390625,17.47879981994629,11.136906623840332,1160457,0.0,0.0
2001-10-15,17.47879981994629,17.47879981994629,17.12922477722168,17.327632904052734,11.040589332580566,1185224,0.0,0.0
2001-10-16,17.327632904052734,17.360700607299805,17.143396377563477,17.143396377563477,10.92320442199707,1166384,0.0,0.0
2001-10-17,17.289840698242188,17.3890438079834,15.589200019836426,16.06632423400879,10.236923217773438,2999153,0.0,0.0
2001-10-18,16.061599731445312,16.349763870239258,15.740367889404297,16.193872451782227,10.318197250366211,861135,0.0,0.0
2001-10-19,16.15608024597168,16.916643142700195,15.990739822387695,16.883575439453125,10.75765323638916,1248518,0.0,0.0
2001-10-22,16.817440032958984,16.82216453552246,16.274179458618164,16.293075561523438,10.3814058303833,1291702,0.0,0.0
2001-10-23,16.4631404876709,16.571792602539062,16.04270362854004,16.056875228881836,10.230901718139648,1269263,0.0,0.0
2001-10-24,16.014360427856445,16.08994483947754,15.565580368041992,15.78760814666748,10.059337615966797,903683,0.0,0.0
2001-10-25,15.740367889404297,15.745092391967773,15.305760383605957,15.622267723083496,9.953987121582031,1534505,0.0,0.0
2001-10-26,15.66950798034668,16.047428131103516,15.66950798034668,15.896260261535645,10.128561973571777,707451,0.0,0.0
2001-10-29,16.061599731445312,16.652099609375,16.047428131103516,16.231664657592773,10.342273712158203,1484335,0.0,0.0
2001-10-30,16.231664657592773,16.231664657592773,15.877364158630371,16.052152633666992,10.22789478302002,843141,0.0,0.0
2001-10-31,16.09939193725586,16.226940155029297,15.900983810424805,16.193872451782227,10.318197250366211,958510,0.0,0.0
2001-11-01,16.17970085144043,16.26945686340332,16.037979125976562,16.2127685546875,10.330239295959473,690517,0.0,0.0
2001-11-02,16.36865997314453,16.614307403564453,16.241111755371094,16.534000396728516,10.534912109375,1349492,0.0,0.0
2001-11-05,16.534000396728516,16.623756408691406,16.4489688873291,16.467863082885742,10.492772102355957,1470576,0.0,0.0
2001-11-06,16.4158992767334,16.4158992767334,16.241111755371094,16.340316772460938,10.411500930786133,1011219,0.0,0.0
2001-11-07,16.297800064086914,16.581239700317383,16.184423446655273,16.491483688354492,10.507820129394531,1335944,0.0,0.0
2001-11-08,16.524551391601562,16.524551391601562,16.037979125976562,16.052152633666992,10.22789478302002,703218,0.0,0.0
2001-11-09,15.863191604614258,15.976568222045898,15.61281967163086,15.61281967163086,9.947967529296875,1318163,0.0,0.0
2001-11-12,15.61281967163086,15.61281967163086,15.32938003540039,15.518340110778809,9.887763977050781,1087426,0.0,0.0
2001-11-13,15.598648071289062,15.63644027709961,15.442755699157715,15.489995956420898,9.869709968566895,947502,0.0,0.0
2001-11-14,15.541959762573242,15.541959762573242,15.116800308227539,15.1215238571167,9.634933471679688,1448772,0.0,0.0
2001-11-15,15.1215238571167,15.352999687194824,15.093179702758789,15.107352256774902,9.640963554382324,634420,0.02362,0.0
2001-11-16,15.15459156036377,15.21127986907959,14.951459884643555,15.022319793701172,9.586694717407227,583404,0.0,0.0
2001-11-19,15.045940399169922,15.060111999511719,14.40820026397705,14.630228042602539,9.33647346496582,1937553,0.0,0.0
2001-11-20,14.715259552001953,14.989252090454102,14.40820026397705,14.649124145507812,9.34853744506836,1127858,0.0,0.0
2001-11-21,14.677468299865723,14.738880157470703,14.20034408569336,14.592435836791992,9.312356948852539,1064564,0.0,0.0
2001-11-23,14.592435836791992,15.30103588104248,14.592435836791992,15.258520126342773,9.737430572509766,646909,0.0,0.0
2001-11-26,15.589200019836426,15.61281967163086,15.3577241897583,15.579751968383789,9.942427635192871,1692422,0.0,0.0
2001-11-27,15.518340110778809,15.655336380004883,15.30103588104248,15.447480201721191,9.85801887512207,1046782,0.0,0.0
2001-11-28,15.386068344116211,15.466376304626465,15.116800308227539,15.140419960021973,9.662064552307129,832557,0.0,0.0
2001-11-29,15.159316062927246,15.164039611816406,14.856980323791504,15.074283599853516,9.619857788085938,800169,0.0,0.0
2001-11-30,15.21127986907959,15.258520126342773,15.069560050964355,15.069560050964355,9.616842269897461,768628,0.0,0.0
2001-12-03,15.022319793701172,15.083731651306152,14.81446361541748,14.904219627380371,9.511323928833008,520745,0.0,0.0
2001-12-04,14.904219627380371,15.24434757232666,14.852255821228027,15.230175971984863,9.719343185424805,386537,0.0,0.0
2001-12-05,15.305760383605957,15.589200019836426,15.20655632019043,15.371895790100098,9.809781074523926,610288,0.0,0.0
2001-12-06,15.376620292663574,15.61281967163086,15.324655532836914,15.475824356079102,9.876102447509766,1100762,0.0,0.0
2001-12-07,15.494720458984375,15.63644027709961,15.32938003540039,15.423859596252441,9.842942237854004,655800,0.0,0.0
2001-12-10,15.428584098815918,15.631715774536133,15.1215238571167,15.164039611816406,9.67713451385498,542125,0.0,0.0
2001-12-11,15.258520126342773,15.367172241210938,14.554643630981445,14.66329574584961,9.357579231262207,999153,0.0,0.0
2001-12-12,14.653847694396973,14.786120414733887,14.360960006713867,14.545195579528809,9.282215118408203,578323,0.0,0.0
2001-12-13,14.360960006713867,14.40820026397705,14.077520370483398,14.17199993133545,9.04405689239502,776884,0.0,0.0
2001-12-14,14.17199993133545,14.512127876281738,13.983039855957031,14.167276382446289,9.041036605834961,1413421,0.0,0.0
2001-12-17,14.120036125183105,14.242859840393066,13.992487907409668,14.053899765014648,8.9686861038208,1224174,0.0,0.0
2001-12-18,14.124759674072266,14.252307891845703,13.83187198638916,14.006660461425781,8.938535690307617,824725,0.0,0.0
2001-12-19,14.006660461425781,14.006660461425781,13.652359962463379,13.652359962463379,8.712437629699707,1217824,0.0,0.0
2001-12-20,13.652359962463379,13.699600219726562,13.203579902648926,13.208304405212402,8.429056167602539,1199196,0.0,0.0
2001-12-21,13.203579902648926,13.439780235290527,13.179960250854492,13.321680068969727,8.5014066696167,1486876,0.0,0.0
2001-12-24,13.335851669311523,13.453951835632324,13.274439811706543,13.335851669311523,8.510455131530762,396274,0.0,0.0
2001-12-26,13.354747772216797,13.581500053405762,13.340576171875,13.543707847595215,8.643098831176758,636113,0.0,0.0
2001-12-27,13.562603950500488,14.247584342956543,13.562603950500488,14.223963737487793,9.077211380004883,1594412,0.0,0.0
2001-12-28,14.223963737487793,14.554643630981445,14.219240188598633,14.238136291503906,9.086257934570312,873836,0.0,0.0
2001-12-31,14.219240188598633,14.573539733886719,14.077520370483398,14.412923812866211,9.19780158996582,875318,0.0,0.0
2002-01-02,14.37985610961914,14.40820026397705,14.176724433898926,14.304271697998047,9.128463745117188,769052,0.0,0.0
2002-01-03,14.35151195526123,14.762499809265137,14.35151195526123,14.72470760345459,9.396774291992188,562870,0.0,0.0
2002-01-04,14.72470760345459,14.904219627380371,14.592435836791992,14.592435836791992,9.312356948852539,712320,0.0,0.0
2002-01-07,14.549920082092285,14.734155654907227,14.502679824829102,14.526300430297852,9.27015209197998,549111,0.0,0.0
2002-01-08,14.531023979187012,14.554643630981445,14.360960006713867,14.512127876281738,9.261110305786133,417655,0.0,0.0
2002-01-09,14.464887619018555,14.86642837524414,14.20034408569336,14.271203994750977,9.107364654541016,703218,0.0,0.0
2002-01-10,14.313719749450684,14.450716018676758,14.219240188598633,14.37985610961914,9.176698684692383,736876,0.0,0.0
2002-01-11,14.337340354919434,14.564091682434082,14.337340354919434,14.450716018676758,9.221919059753418,443057,0.0,0.0
2002-01-14,14.40820026397705,14.427096366882324,14.242859840393066,14.247584342956543,9.092286109924316,555461,0.0,0.0
2002-01-15,14.337340354919434,14.445992469787598,14.266480445861816,14.275927543640137,9.110376358032227,731372,0.0,0.0
2002-01-16,14.219240188598633,14.32316780090332,14.124759674072266,14.313719749450684,9.134491920471191,1145428,0.0,0.0
2002-01-17,14.3845796585083,15.164039611816406,14.360960006713867,15.1215238571167,9.650008201599121,1465495,0.0,0.0
2002-01-18,15.1215238571167,15.471099853515625,15.107352256774902,15.362447738647461,9.803750991821289,2004445,0.0,0.0
2002-01-22,15.367172241210938,15.693127632141113,15.32938003540039,15.622267723083496,9.969561576843262,1874047,0.0,0.0
2002-01-23,15.589200019836426,15.839571952819824,15.570303916931152,15.716748237609863,10.029855728149414,814987,0.0,0.0
2002-01-24,15.721471786499023,16.170251846313477,15.721471786499023,16.047428131103516,10.24087905883789,729890,0.0,0.0
2002-01-25,15.943499565124512,15.943499565124512,15.404964447021484,15.423859596252441,9.842942237854004,1179297,0.0,0.0
2002-01-28,15.400239944458008,15.73091983795166,15.21127986907959,15.70257568359375,10.0208101272583,827477,0.0,0.0
2002-01-29,15.63644027709961,15.82067584991455,15.541959762573242,15.589200019836426,9.948457717895508,838696,0.0,0.0
2002-01-30,15.589200019836426,16.047428131103516,15.589200019836426,15.971843719482422,10.192648887634277,941152,0.0,0.0
2002-01-31,15.971843719482422,16.67572021484375,15.971843719482422,16.52927589416504,10.54837703704834,1581710,0.0,0.0
2002-02-01,16.486759185791016,16.656824111938477,16.43951988220215,16.534000396728516,10.551392555236816,931202,0.0,0.0
2002-02-04,16.486759185791016,16.510379791259766,16.193872451782227,16.307247161865234,10.406684875488281,778154,0.0,0.0
2002-02-05,16.307247161865234,16.39228057861328,16.08994483947754,16.09939193725586,10.274042129516602,906224,0.0,0.0
2002-02-06,16.09939193725586,16.127735137939453,15.70257568359375,15.971843719482422,10.192648887634277,556308,0.0,0.0
2002-02-07,15.858468055725098,16.047428131103516,15.29631233215332,15.319931983947754,9.776619911193848,2634843,0.0,0.0
2002-02-08,15.367172241210938,15.75454044342041,15.126248359680176,15.70257568359375,10.0208101272583,473539,0.0,0.0
2002-02-11,15.749815940856934,16.17970085144043,15.688404083251953,16.108840942382812,10.280076026916504,359653,0.0,0.0
2002-02-12,16.108840942382812,16.113563537597656,15.839571952819824,16.00963592529297,10.216763496398926,448561,0.0,0.0
2002-02-13,16.13245964050293,16.13245964050293,15.872639656066895,15.952947616577148,10.18058967590332,443903,0.0,0.0
2002-02-14,15.967120170593262,15.967120170593262,15.532511711120605,15.541959762573242,9.918309211730957,610288,0.0,0.0
2002-02-15,15.63644027709961,15.78760814666748,15.461651802062988,15.63644027709961,9.978605270385742,1020533,0.0,0.0
2002-02-19,15.63644027709961,15.63644027709961,14.025555610656738,14.31844425201416,9.137506484985352,3731160,0.0,0.0
2002-02-20,14.3845796585083,15.66950798034668,14.304271697998047,15.603371620178223,9.957501411437988,1418713,0.0,0.0
2002-02-21,15.565580368041992,15.70257568359375,15.29631233215332,15.30103588104248,9.764558792114258,765876,0.0,0.0
2002-02-22,15.282139778137207,15.73091983795166,15.14986801147461,15.693127632141113,10.014780044555664,1190093,0.0,0.0
2002-02-25,15.645888328552246,16.307247161865234,15.645888328552246,16.297800064086914,10.40065860748291,1213802,0.0,0.0
2002-02-26,16.30252456665039,16.349763870239258,15.67423152923584,15.8442964553833,10.111251831054688,886113,0.0,0.0
2002-02-27,16.061599731445312,16.108840942382812,15.76398754119873,15.896260261535645,10.1444091796875,547417,0.0,0.0
2002-02-28,15.943499565124512,16.193872451782227,15.934052467346191,16.17970085144043,10.325292587280273,604572,0.0,0.0
2002-03-01,16.17970085144043,16.600135803222656,16.17970085144043,16.571792602539062,10.575510025024414,1199196,0.0,0.0
2002-03-04,16.604860305786133,17.578004837036133,16.567068099975586,17.426836013793945,11.137042999267578,1624682,0.02362,0.0
2002-03-05,17.426836013793945,17.45517921447754,17.124500274658203,17.19536018371582,10.989113807678223,1096317,0.0,0.0
2002-03-06,17.233152389526367,17.233152389526367,16.9024715423584,17.17173957824707,10.974015235900879,807790,0.0,0.0
2002-03-07,17.407939910888672,17.47879981994629,17.22842788696289,17.459903717041016,11.158172607421875,604996,0.0,0.0
2002-03-08,17.474075317382812,17.951200485229492,16.87885284423828,16.940263748168945,10.82608413696289,1185013,0.0,0.0
2002-03-11,16.91192054748535,17.242599487304688,16.803268432617188,17.07253646850586,10.91061782836914,1407705,0.0,0.0
2002-03-12,16.98278045654297,16.98278045654297,16.250560760498047,16.36865997314453,10.460787773132324,1212532,0.0,0.0
2002-03-13,16.36865997314453,16.628480911254883,16.193872451782227,16.467863082885742,10.524186134338379,405800,0.0,0.0
2002-03-14,16.467863082885742,16.6993408203125,16.467863082885742,16.482036590576172,10.533248901367188,362193,0.0,0.0
2002-03-15,16.534000396728516,16.633203506469727,16.36865997314453,16.486759185791016,10.536266326904297,581287,0.0,0.0
2002-03-18,16.43951988220215,16.68516731262207,16.43951988220215,16.482036590576172,10.533248901367188,388654,0.0,0.0
2002-03-19,16.486759185791016,16.52927589416504,16.231664657592773,16.241111755371094,10.379276275634766,421677,0.0,0.0
2002-03-20,16.241111755371094,16.382831573486328,16.13245964050293,16.274179458618164,10.400407791137695,274132,0.0,0.0
2002-03-21,16.15608024597168,16.250560760498047,16.104116439819336,16.15608024597168,10.324934959411621,290008,0.0,0.0
2002-03-22,16.160804748535156,16.321420669555664,16.12301254272461,16.12301254272461,10.303800582885742,241956,0.0,0.0
2002-03-25,16.127735137939453,16.127735137939453,15.943499565124512,16.014360427856445,10.234366416931152,393946,0.0,0.0
2002-03-26,16.014360427856445,16.354488372802734,16.014360427856445,16.27890396118164,10.40342903137207,395428,0.0,0.0
2002-03-27,16.363935470581055,16.581239700317383,16.363935470581055,16.4489688873291,10.512110710144043,437553,0.0,0.0
2002-03-28,16.500932693481445,16.99222755432129,16.500932693481445,16.963884353637695,10.841179847717285,893946,0.0,0.0
2002-04-01,16.963884353637695,16.963884353637695,16.68516731262207,16.869403839111328,10.780805587768555,374471,0.0,0.0
2002-04-02,16.82216453552246,16.82216453552246,16.600135803222656,16.600135803222656,10.60871696472168,511643,0.0,0.0
2002-04-03,16.652099609375,16.6993408203125,16.411176681518555,16.458415985107422,10.51815128326416,437976,0.0,0.0
2002-04-04,16.458415985107422,16.746580123901367,16.453691482543945,16.746580123901367,10.702311515808105,422523,0.0,0.0
2002-04-05,16.722959518432617,16.978055953979492,16.666271209716797,16.770200729370117,10.7174072265625,274555,0.0,0.0
2002-04-08,16.713512420654297,16.8882999420166,16.571792602539062,16.841060638427734,10.762688636779785,199407,0.0,0.0
2002-04-09,16.954435348510742,16.954435348510742,16.590688705444336,16.67572021484375,10.657022476196289,424005,0.0,0.0
2002-04-10,16.737131118774414,17.006399154663086,16.737131118774414,16.99222755432129,10.859298706054688,419771,0.0,0.0
2002-04-11,16.91192054748535,16.95915985107422,16.83161163330078,16.836336135864258,10.759669303894043,373624,0.0,0.0
2002-04-12,16.930816650390625,16.944988250732422,16.67572021484375,16.803268432617188,10.73853874206543,270957,0.0,0.0
2002-04-15,16.756027221679688,16.893024444580078,16.420623779296875,16.637928009033203,10.632872581481934,457240,0.0,0.0
2002-04-16,16.756027221679688,17.60162353515625,16.756027221679688,17.596900939941406,11.24573040008545,811600,0.0,0.0
2002-04-17,17.71500015258789,18.192123413085938,17.667760848999023,18.192123413085938,11.626119613647461,1701948,0.0,0.0
2002-04-18,18.16850471496582,18.182676315307617,17.26149559020996,17.441007614135742,11.146099090576172,1038738,0.0,0.0
2002-04-19,17.526039123535156,17.65831184387207,17.384319305419922,17.596900939941406,11.24573040008545,415326,0.0,0.0
2002-04-22,17.596900939941406,17.596900939941406,17.143396377563477,17.22842788696289,11.010244369506836,311389,0.0,0.0
2002-04-23,17.275667190551758,17.275667190551758,16.486759185791016,16.49620819091797,10.542304992675781,926334,0.0,0.0
2002-04-24,16.543447494506836,16.680444717407227,16.250560760498047,16.264732360839844,10.39437198638916,645428,0.0,0.0
2002-04-25,16.264732360839844,16.70878791809082,16.151355743408203,16.67572021484375,10.657022476196289,433531,0.0,0.0
2002-04-26,16.746580123901367,16.841060638427734,16.297800064086914,16.35921287536621,10.454751014709473,322396,0.0,0.0
2002-04-29,16.406452178955078,16.500932693481445,16.260007858276367,16.39228057861328,10.475884437561035,241744,0.0,0.0
2002-04-30,16.4158992767334,17.10560417175293,16.411176681518555,17.10560417175293,10.931756019592285,814564,0.0,0.0
2002-05-01,17.10560417175293,17.143396377563477,16.694616317749023,17.143396377563477,10.955906867980957,399873,0.0,0.0
2002-05-02,17.337080001831055,17.35125160217285,16.79854393005371,17.110328674316406,10.934770584106445,522650,0.0,0.0
2002-05-03,17.17173957824707,17.21898078918457,16.836336135864258,17.143396377563477,10.955906867980957,670618,0.0,0.0
2002-05-06,17.100879669189453,17.237876892089844,16.8882999420166,16.973331451416016,10.847217559814453,433319,0.0,0.0
2002-05-07,17.053640365600586,17.053640365600586,16.751304626464844,16.91192054748535,10.807971000671387,277519,0.0,0.0
2002-05-08,17.148120880126953,17.19536018371582,16.83161163330078,17.011123657226562,10.871373176574707,748730,0.0,0.0
2002-05-09,17.01584815979004,17.289840698242188,16.8882999420166,16.95915985107422,10.838162422180176,417655,0.0,0.0
2002-05-10,16.95915985107422,16.95915985107422,16.028532028198242,16.06632423400879,10.267574310302734,756351,0.0,0.0
2002-05-13,16.17970085144043,17.242599487304688,15.990739822387695,17.22842788696289,11.010244369506836,552921,0.0,0.0
2002-05-14,17.337080001831055,17.89923667907715,17.337080001831055,17.790584564208984,11.3695068359375,582557,0.0,0.0
2002-05-15,17.809480667114258,17.85199546813965,17.483524322509766,17.55910873413086,11.221576690673828,758467,0.0,0.0
2002-05-16,17.596900939941406,17.762239456176758,17.540212631225586,17.677207946777344,11.297049522399902,216765,0.0,0.0
2002-05-17,17.762239456176758,18.012611389160156,17.573280334472656,17.809480667114258,11.381582260131836,541914,0.0,0.0
2002-05-20,17.809480667114258,18.03150749206543,17.72444725036621,17.98899269104004,11.496302604675293,462320,0.0,0.0
2002-05-21,17.98899269104004,18.026784896850586,17.431560516357422,17.55910873413086,11.221576690673828,803980,0.0,0.0
2002-05-22,17.55910873413086,17.59217643737793,17.332355499267578,17.55910873413086,11.221576690673828,296147,0.0,0.0
2002-05-23,17.620519638061523,17.71500015258789,17.431560516357422,17.587451934814453,11.2396879196167,542972,0.0,0.0
2002-05-24,17.587451934814453,17.620519638061523,17.54493522644043,17.582727432250977,11.236668586730957,330864,0.0,0.0
2002-05-28,17.620519638061523,17.710275650024414,17.29456329345703,17.47879981994629,11.170252799987793,505504,0.0,0.0
2002-05-29,17.46935272216797,17.46935272216797,17.313459396362305,17.407939910888672,11.140023231506348,331075,0.02362,0.0
2002-05-30,17.407939910888672,17.573280334472656,17.289840698242188,17.554384231567383,11.233735084533691,319644,0.0,0.0
2002-05-31,17.71500015258789,17.99843978881836,17.69137954711914,17.8142032623291,11.40000057220459,572396,0.0,0.0
2002-06-03,17.951200485229492,17.960647583007812,17.431560516357422,17.615795135498047,11.273033142089844,637172,0.0,0.0
2002-06-04,17.497695922851562,17.700828552246094,17.384319305419922,17.700828552246094,11.327451705932617,559272,0.0,0.0
2002-06-05,17.700828552246094,17.870891571044922,17.549659729003906,17.766963958740234,11.369776725769043,397333,0.0,0.0
2002-06-06,17.856719970703125,17.955923080444336,17.563831329345703,17.587451934814453,11.254897117614746,904318,0.0,0.0
2002-06-07,17.431560516357422,17.80475616455078,17.355976104736328,17.752792358398438,11.360706329345703,652413,0.0,0.0
2002-06-10,17.785860061645508,17.946475982666016,17.729171752929688,17.795307159423828,11.38791275024414,665326,0.0,0.0
2002-06-11,17.880340576171875,18.14488410949707,17.653587341308594,17.790584564208984,11.384892463684082,797206,0.0,0.0
2002-06-12,17.78113555908203,17.790584564208984,17.431560516357422,17.69137954711914,11.321406364440918,532599,0.0,0.0
2002-06-13,17.667760848999023,17.785860061645508,17.35125160217285,17.540212631225586,11.22467041015625,414268,0.0,0.0
2002-06-14,17.42211151123047,17.573280334472656,16.6993408203125,17.464628219604492,11.176297187805176,650085,0.0,0.0
2002-06-17,17.667760848999023,17.880340576171875,17.596900939941406,17.880340576171875,11.442329406738281,832345,0.0,0.0
2002-06-18,17.922855377197266,18.281879425048828,17.842548370361328,17.99843978881836,11.517908096313477,1487299,0.0,0.0
2002-06-19,17.951200485229492,17.98899269104004,17.785860061645508,17.85199546813965,11.424187660217285,1588696,0.0,0.0
2002-06-20,17.573280334472656,17.82837677001953,17.573280334472656,17.672483444213867,11.30931568145752,720152,0.0,0.0
2002-06-21,17.672483444213867,17.78113555908203,17.573280334472656,17.71500015258789,11.336522102355957,926334,0.0,0.0
2002-06-24,17.700828552246094,17.984268188476562,17.554384231567383,17.833099365234375,11.412097930908203,880398,0.0,0.0
2002-06-25,17.809480667114258,17.94175148010254,17.50242042541504,17.582727432250977,11.251872062683105,2074513,0.0,0.0
2002-06-26,17.384319305419922,17.384319305419922,16.9024715423584,17.001676559448242,10.880037307739258,1598434,0.0,0.0
2002-06-27,17.006399154663086,17.124500274658203,16.510379791259766,16.95915985107422,10.852828979492188,1946655,0.0,0.0
2002-06-28,17.006399154663086,17.332355499267578,16.921367645263672,17.119775772094727,10.955613136291504,2293395,0.0,0.0
2002-07-01,17.167015075683594,17.167015075683594,16.31197166442871,16.36865997314453,10.474942207336426,1276037,0.0,0.0
2002-07-02,16.4158992767334,16.61903190612793,16.184423446655273,16.50565528869629,10.562617301940918,1212532,0.0,0.0
2002-07-03,16.486759185791016,16.486759185791016,15.938776016235352,16.293075561523438,10.42657470703125,780694,0.0,0.0
2002-07-05,16.293075561523438,16.581239700317383,16.08994483947754,16.486759185791016,10.550521850585938,540644,0.0,0.0
2002-07-08,16.534000396728516,16.68516731262207,16.39228057861328,16.491483688354492,10.553543090820312,940093,0.0,0.0
2002-07-09,16.491483688354492,16.79854393005371,16.453691482543945,16.590688705444336,10.617027282714844,1028577,0.0,0.0
2002-07-10,16.590688705444336,16.590688705444336,16.17970085144043,16.231664657592773,10.387273788452148,1119179,0.0,0.0
2002-07-11,16.113563537597656,16.387556076049805,15.995464324951172,16.340316772460938,10.456807136535645,1184166,0.0,0.0
2002-07-12,16.458415985107422,16.770200729370117,16.430072784423828,16.515104293823242,10.568660736083984,761854,0.0,0.0
2002-07-15,16.49620819091797,16.557619094848633,16.014360427856445,16.340316772460938,10.456807136535645,1274344,0.0,0.0
2002-07-16,16.39228057861328,17.56855583190918,16.382831573486328,17.327632904052734,11.088630676269531,2049111,0.0,0.0
2002-07-17,17.431560516357422,17.573280334472656,16.826887130737305,17.29456329345703,11.067469596862793,1520322,0.0,0.0
2002-07-18,17.29456329345703,17.47879981994629,16.963884353637695,17.001676559448242,10.880037307739258,744285,0.0,0.0
2002-07-19,16.86467933654785,16.98278045654297,16.28835105895996,16.4158992767334,10.505176544189453,747248,0.0,0.0
2002-07-22,16.4158992767334,16.722959518432617,15.934052467346191,16.250560760498047,10.399369239807129,1232007,0.0,0.0
2002-07-23,16.250560760498047,16.581239700317383,15.967120170593262,16.028532028198242,10.257285118103027,1189035,0.0,0.0
2002-07-24,15.745092391967773,15.745092391967773,14.644399642944336,15.626992225646973,10.000323295593262,2036198,0.0,0.0
2002-07-25,15.579751968383789,15.839571952819824,14.743603706359863,15.060111999511719,9.637552261352539,1026461,0.0,0.0
2002-07-26,15.060111999511719,15.164039611816406,14.582987785339355,14.630228042602539,9.362451553344727,709780,0.0,0.0
2002-07-29,14.786120414733887,14.927840232849121,14.668020248413086,14.78139591217041,9.45919418334961,1848645,0.0,0.0
2002-07-30,14.738880157470703,15.116800308227539,14.40820026397705,14.701087951660156,9.407798767089844,1732007,0.0,0.0
2002-07-31,14.701087951660156,15.352999687194824,14.455439567565918,15.168764114379883,9.707083702087402,1134208,0.0,0.0
2002-08-01,15.168764114379883,15.291587829589844,14.786120414733887,14.861703872680664,9.510584831237793,537257,0.0,0.0
2002-08-02,14.861703872680664,14.861703872680664,14.337340354919434,14.578264236450195,9.329203605651855,807790,0.0,0.0
2002-08-05,14.578264236450195,14.71998405456543,13.91690444946289,13.935799598693848,8.918063163757324,524979,0.0,0.0
2002-08-06,14.195619583129883,15.093179702758789,14.195619583129883,14.86642837524414,9.5136079788208,1015453,0.0,0.0
2002-08-07,15.008148193359375,15.286864280700684,14.786120414733887,15.21127986907959,9.734292030334473,1073666,0.0,0.0
2002-08-08,15.093179702758789,15.976568222045898,15.045940399169922,15.75926399230957,10.084969520568848,958298,0.0,0.0
2002-08-09,15.400239944458008,16.00018882751465,15.23490047454834,15.825400352478027,10.12729263305664,827688,0.0,0.0
2002-08-12,15.78760814666748,15.934052467346191,15.63644027709961,15.740367889404297,10.0728759765625,465919,0.0,0.0
2002-08-13,15.622267723083496,15.896260261535645,15.045940399169922,15.116800308227539,9.673830032348633,631880,0.0,0.0
2002-08-14,15.069560050964355,15.589200019836426,15.022319793701172,15.589200019836426,9.9761381149292,760584,0.0,0.0
2002-08-15,15.589200019836426,16.061599731445312,15.565580368041992,16.047428131103516,10.269376754760742,327477,0.0,0.0
2002-08-16,16.108840942382812,16.534000396728516,15.967120170593262,16.4158992767334,10.505176544189453,405800,0.0,0.0
2002-08-19,16.34503936767578,16.670995712280273,16.316696166992188,16.567068099975586,10.601913452148438,593565,0.0,0.0
2002-08-20,16.510379791259766,16.793819427490234,16.33559226989746,16.652099609375,10.656331062316895,828747,0.0,0.0
2002-08-21,15.409687995910645,16.15608024597168,15.126248359680176,16.108840942382812,10.308677673339844,6989839,0.0,0.0
2002-08-22,16.108840942382812,16.226940155029297,15.943499565124512,16.118288040161133,10.314724922180176,2182684,0.0,0.0
2002-08-23,16.071048736572266,16.080495834350586,15.73091983795166,15.896260261535645,10.17263412475586,1702794,0.0,0.0
2002-08-26,15.924604415893555,15.986016273498535,15.617544174194336,15.853743553161621,10.145429611206055,1015453,0.0,0.0
2002-08-27,15.872639656066895,15.872639656066895,15.055388450622559,15.253795623779297,9.761494636535645,2095470,0.0,0.0
2002-08-28,15.187660217285156,15.187660217285156,14.823911666870117,14.904219627380371,9.53779125213623,1141829,0.0,0.0
2002-08-29,14.890048027038574,15.471099853515625,14.78139591217041,15.140419960021973,9.688946723937988,709356,0.0,0.0
2002-08-30,15.045940399169922,15.258520126342773,14.904219627380371,15.093179702758789,9.658717155456543,731583,0.0,0.0
2002-09-03,15.079008102416992,15.079008102416992,14.74832820892334,14.861703872680664,9.510584831237793,714225,0.0,0.0
2002-09-04,14.800292015075684,15.045940399169922,14.701087951660156,14.984527587890625,9.613633155822754,933108,0.037792,0.0
2002-09-05,14.890048027038574,14.890048027038574,14.620779991149902,14.710536003112793,9.437841415405273,784928,0.0,0.0
2002-09-06,14.800292015075684,15.069560050964355,14.800292015075684,15.055388450622559,9.659095764160156,655800,0.0,0.0
2002-09-09,15.055388450622559,15.201831817626953,14.913667678833008,15.112075805664062,9.695463180541992,767570,0.0,0.0
2002-09-10,15.352999687194824,16.047428131103516,15.324655532836914,15.967120170593262,10.244032859802246,1380398,0.0,0.0
2002-09-11,15.919879913330078,16.108840942382812,15.797056198120117,15.801779747009277,10.137958526611328,959568,0.0,0.0
2002-09-12,15.778160095214844,15.801779747009277,15.381343841552734,15.381343841552734,9.868216514587402,368967,0.0,0.0
2002-09-13,15.381343841552734,15.541959762573242,15.26796817779541,15.471099853515625,9.925804138183594,335097,0.0,0.0
2002-09-16,15.461651802062988,15.541959762573242,15.197108268737793,15.466376304626465,9.92276668548584,468036,0.0,0.0
2002-09-17,15.565580368041992,15.660059928894043,15.258520126342773,15.282139778137207,9.804569244384766,806097,0.0,0.0
2002-09-18,15.26796817779541,15.30103588104248,14.998700141906738,15.15459156036377,9.722740173339844,780483,0.0,0.0
2002-09-19,15.022319793701172,15.140419960021973,14.923115730285645,14.965632438659668,9.601510047912598,573455,0.0,0.0
2002-09-20,15.164039611816406,15.24434757232666,15.008148193359375,15.187660217285156,9.743956565856934,806943,0.0,0.0
2002-09-23,15.187660217285156,15.343551635742188,15.126248359680176,15.343551635742188,9.84397029876709,979678,0.0,0.0
2002-09-24,15.21127986907959,15.338828086853027,15.055388450622559,15.258520126342773,9.789417266845703,1042337,0.0,0.0
2002-09-25,15.376620292663574,15.801779747009277,15.343551635742188,15.617544174194336,10.019756317138672,604572,0.0,0.0
2002-09-26,15.70257568359375,15.919879913330078,15.489995956420898,15.915156364440918,10.210697174072266,913421,0.0,0.0
2002-09-27,15.872639656066895,16.061599731445312,15.73091983795166,15.778160095214844,10.12279987335205,636537,0.0,0.0
2002-09-30,15.73091983795166,15.929327964782715,15.560855865478516,15.82067584991455,10.1500825881958,795724,0.0,0.0
2002-10-01,15.849020004272461,16.226940155029297,15.63644027709961,16.226940155029297,10.410728454589844,925064,0.0,0.0
2002-10-02,16.26945686340332,16.4631404876709,15.78760814666748,15.825400352478027,10.15311050415039,1068163,0.0,0.0
2002-10-03,15.872639656066895,16.42534828186035,15.853743553161621,16.174976348876953,10.377386093139648,1018628,0.0,0.0
2002-10-04,16.17970085144043,16.250560760498047,15.82067584991455,15.877364158630371,10.18644905090332,539585,0.0,0.0
2002-10-07,15.943499565124512,15.971843719482422,15.773435592651367,15.877364158630371,10.18644905090332,779213,0.0,0.0
2002-10-08,15.825400352478027,15.825400352478027,15.225452423095703,15.253795623779297,9.786380767822266,1106689,0.0,0.0
2002-10-09,15.135696411132812,15.423859596252441,15.116800308227539,15.187660217285156,9.743956565856934,970364,0.0,0.0
2002-10-10,15.140419960021973,15.32938003540039,14.880599975585938,15.23490047454834,9.774264335632324,1290432,0.0,0.0
2002-10-11,15.471099853515625,15.839571952819824,15.447480201721191,15.589200019836426,10.001569747924805,963167,0.0,0.0
2002-10-14,15.593923568725586,15.849020004272461,15.584476470947266,15.75454044342041,10.107649803161621,860288,0.0,0.0
2002-10-15,15.967120170593262,16.236387252807617,15.919879913330078,15.943499565124512,10.228878021240234,1220364,0.0,0.0
2002-10-16,15.849020004272461,15.853743553161621,11.621040344238281,13.22719955444336,8.486185073852539,14456393,0.0,0.0
2002-10-17,13.581500053405762,13.898008346557617,13.113823890686035,13.236647605895996,8.492243766784668,2779636,0.0,0.0
2002-10-18,13.179960250854492,13.179960250854492,12.42411994934082,12.4855318069458,8.010346412658691,1813082,0.0,0.0
2002-10-21,12.353260040283203,12.91069221496582,12.027303695678711,12.731180191040039,8.167950630187988,1893522,0.0,0.0
2002-10-22,12.471360206604004,12.82565975189209,12.239884376525879,12.82565975189209,8.228559494018555,1102456,0.0,0.0
2002-10-23,12.754799842834473,12.991000175476074,12.504427909851074,12.981552124023438,8.328577041625977,1573031,0.0,0.0
2002-10-24,12.967379570007324,13.085479736328125,12.466635704040527,12.546943664550781,8.049750328063965,1306732,0.0,0.0
2002-10-25,12.532772064208984,12.802040100097656,12.438291549682617,12.613080024719238,8.092184066772461,751693,0.0,0.0
2002-10-28,12.683939933776855,12.858728408813477,12.494979858398438,12.641424179077148,8.110363960266113,1199619,0.0,0.0
2002-10-29,12.660320281982422,12.660320281982422,12.140680313110352,12.447739601135254,7.986099720001221,791914,0.0,0.0
2002-10-30,12.613080024719238,13.156339645385742,12.42411994934082,12.650872230529785,8.116426467895508,1853302,0.0,0.0
2002-10-31,12.745351791381836,12.745351791381836,12.112336158752441,12.461912155151367,7.99519681930542,1905588,0.0,0.0
2002-11-01,12.45246410369873,12.707559585571289,12.258779525756836,12.589460372924805,8.07702922821045,1149873,0.0,0.0
2002-11-04,12.655595779418945,13.085479736328125,12.598908424377441,12.986275672912598,8.331615447998047,1320914,0.0,0.0
2002-11-05,12.91541576385498,12.93903636932373,12.551668167114258,12.613080024719238,8.092184066772461,779848,0.0,0.0
2002-11-06,12.636699676513672,12.93903636932373,12.613080024719238,12.93903636932373,8.30130386352539,1392887,0.0,0.0
2002-11-07,12.93903636932373,12.93903636932373,12.655595779418945,12.717007637023926,8.158853530883789,537680,0.0,0.0
2002-11-08,12.702836036682129,12.811488151550293,12.613080024719238,12.721732139587402,8.16188907623291,1417231,0.0,0.0
2002-11-11,12.731180191040039,12.731180191040039,12.065095901489258,12.093440055847168,7.758793830871582,732007,0.0,0.0
2002-11-12,12.055647850036621,12.627251625061035,12.046199798583984,12.400500297546387,7.955796241760254,982854,0.0,0.0
2002-11-13,12.235159873962402,12.518600463867188,12.187919616699219,12.263504028320312,7.867906093597412,506774,0.0,0.0
2002-11-14,12.447739601135254,12.627251625061035,12.33436393737793,12.39105224609375,7.949735164642334,1410457,0.0,0.0
2002-11-15,12.39105224609375,12.428844451904297,12.013132095336914,12.187919616699219,7.81941032409668,1457663,0.0,0.0
2002-11-18,12.249332427978516,12.282400131225586,11.975339889526367,12.093440055847168,7.758793830871582,1447502,0.0,0.0
2002-11-19,12.055647850036621,12.055647850036621,11.762760162353516,11.8100004196167,7.576948642730713,1165961,0.0,0.0
2002-11-20,11.8100004196167,12.117059707641602,11.8100004196167,11.970616340637207,7.704650402069092,1100127,0.037792,0.0
2002-11-21,12.069820404052734,12.447739601135254,12.069820404052734,12.381604194641113,7.969172477722168,2760584,0.0,0.0
2002-11-22,12.381604194641113,12.702836036682129,12.353260040283203,12.504427909851074,8.048224449157715,1207240,0.0,0.0
2002-11-25,12.565839767456055,12.806763648986816,12.32964038848877,12.688664436340332,8.166805267333984,858806,0.0,0.0
2002-11-26,12.665043830871582,12.721732139587402,12.353260040283203,12.39577579498291,7.9782938957214355,648603,0.0,0.0
2002-11-27,12.39577579498291,12.688664436340332,12.39577579498291,12.613080024719238,8.118156433105469,880398,0.0,0.0
2002-11-29,12.660320281982422,12.802040100097656,12.608356475830078,12.717007637023926,8.18504810333252,290432,0.0,0.0
2002-12-02,12.94375991821289,13.066583633422852,12.466635704040527,12.494979858398438,8.042145729064941,840390,0.0,0.0
2002-12-03,12.494979858398438,12.518600463867188,12.263504028320312,12.405223846435547,7.984375476837158,998095,0.0,0.0
2002-12-04,12.353260040283203,12.353260040283203,12.036751747131348,12.206815719604492,7.85667610168457,1645004,0.0,0.0
2002-12-05,12.225711822509766,12.263504028320312,11.819448471069336,12.135955810546875,7.811064720153809,678662,0.0,0.0
2002-12-06,12.046199798583984,12.30601978302002,12.02258014678955,12.187919616699219,7.844512939453125,474598,0.0,0.0
2002-12-09,12.140680313110352,12.169024467468262,11.687175750732422,11.696623802185059,7.528297424316406,802921,0.0,0.0
2002-12-10,11.696623802185059,11.8100004196167,11.38011646270752,11.639936447143555,7.491814613342285,1215919,0.0,0.0
2002-12-11,11.644659996032715,11.795827865600586,11.432080268859863,11.720244407653809,7.543501853942871,1123412,0.0,0.0
2002-12-12,11.691900253295898,11.975339889526367,11.691900253295898,11.913928031921387,7.668164253234863,1010584,0.0,0.0
2002-12-13,11.857239723205566,11.857239723205566,11.673004150390625,11.682452201843262,7.519182205200195,1498518,0.0,0.0
2002-12-16,11.776931762695312,11.866687774658203,11.762760162353516,11.8100004196167,7.601271152496338,1281964,0.0,0.0
2002-12-17,11.8100004196167,11.819448471069336,11.573800086975098,11.639936447143555,7.491814613342285,1275614,0.0,0.0
2002-12-18,11.573800086975098,11.606867790222168,11.432080268859863,11.47931957244873,7.3884382247924805,1140135,0.0,0.0
2002-12-19,11.432080268859863,11.710796356201172,11.432080268859863,11.564352035522461,7.4431633949279785,918290,0.0,0.0
2002-12-20,11.573800086975098,11.772208213806152,11.540732383728027,11.673004150390625,7.51309871673584,1249365,0.0,0.0
2002-12-23,11.630488395690918,11.857239723205566,11.573800086975098,11.8100004196167,7.601271152496338,695385,0.0,0.0
2002-12-24,11.857239723205566,11.93754768371582,11.819448471069336,11.852516174316406,7.628637313842773,222693,0.0,0.0
2002-12-26,12.093440055847168,12.140680313110352,11.975339889526367,12.017855644226074,7.735055923461914,646909,0.0,0.0
2002-12-27,11.9989595413208,12.140680313110352,11.96116828918457,12.083992004394531,7.777622222900391,900085,0.0,0.0
2002-12-30,12.145403861999512,12.324915885925293,12.008407592773438,12.324915885925293,7.932688236236572,1647968,0.0,0.0
2002-12-31,12.258779525756836,12.589460372924805,12.258779525756836,12.42411994934082,7.996537208557129,1508679,0.0,0.0
2003-01-02,12.471360206604004,12.683939933776855,12.45718765258789,12.551668167114258,8.078629493713379,1178450,0.0,0.0
2003-01-03,12.561116218566895,12.976827621459961,12.48080825805664,12.731180191040039,8.194172859191895,597587,0.0,0.0
2003-01-06,12.731180191040039,13.34529972076416,12.731180191040039,13.27916431427002,8.546868324279785,1142252,0.0,0.0
2003-01-07,13.27916431427002,13.43033218383789,13.269716262817383,13.31695556640625,8.571195602416992,1437553,0.0,0.0
2003-01-08,13.321680068969727,13.359472274780273,13.028792381286621,13.028792381286621,8.385725975036621,1037257,0.0,0.0
2003-01-09,13.094927787780762,13.246095657348633,12.991000175476074,13.090204238891602,8.425248146057129,877223,0.0,0.0
2003-01-10,13.090204238891602,13.534259796142578,13.014619827270508,13.534259796142578,8.711057662963867,1391194,0.0,0.0
2003-01-13,13.699600219726562,13.727944374084473,13.567328453063965,13.657084465026855,8.79011344909668,940305,0.0,0.0
2003-01-14,13.794079780578613,13.935799598693848,13.609844207763672,13.671256065368652,8.799236297607422,1351609,0.0,0.0
2003-01-15,13.74683952331543,14.833359718322754,12.986275672912598,14.705812454223633,9.465107917785645,4244073,0.0,0.0
2003-01-16,14.738880157470703,15.031767845153809,14.535747528076172,14.828636169433594,9.544157981872559,2157494,0.0,0.0
2003-01-17,14.828636169433594,15.107352256774902,14.644399642944336,14.795568466186523,9.52287483215332,1151566,0.0,0.0
2003-01-21,14.738880157470703,14.771947860717773,14.412923812866211,14.469612121582031,9.313078880310059,1053133,0.0,0.0
2003-01-22,14.455439567565918,14.639676094055176,14.252307891845703,14.266480445861816,9.182333946228027,1308002,0.0,0.0
2003-01-23,14.313719749450684,14.497956275939941,14.030280113220215,14.035003662109375,9.033349990844727,1324725,0.0,0.0
2003-01-24,13.983039855957031,14.044451713562012,13.74683952331543,13.88856029510498,8.939095497131348,1424428,0.0,0.0
2003-01-27,13.817700386047363,13.912179946899414,13.680704116821289,13.751564025878906,8.850919723510742,749788,0.0,0.0
2003-01-28,13.751564025878906,14.502679824829102,13.751564025878906,14.422371864318848,9.282671928405762,1617062,0.0,0.0
2003-01-29,14.3845796585083,14.3845796585083,14.110588073730469,14.247584342956543,9.170173645019531,1094200,0.0,0.0
2003-01-30,14.271203994750977,14.856980323791504,14.271203994750977,14.644399642944336,9.425580978393555,1464437,0.0,0.0
2003-01-31,14.644399642944336,14.8711519241333,14.502679824829102,14.738880157470703,9.48638916015625,1583616,0.0,0.0
2003-02-03,14.738880157470703,14.86642837524414,14.507404327392578,14.86642837524414,9.568482398986816,1276249,0.0,0.0
2003-02-04,14.786120414733887,14.790843963623047,14.422371864318848,14.512127876281738,9.340444564819336,963802,0.0,0.0
2003-02-05,14.479060173034668,14.578264236450195,14.32316780090332,14.34678840637207,9.234025955200195,619814,0.0,0.0
2003-02-06,14.29010009765625,14.360960006713867,14.181447982788086,14.22868824005127,9.158011436462402,863463,0.0,0.0
2003-02-07,14.266480445861816,14.34678840637207,14.072795867919922,14.242859840393066,9.167135238647461,572820,0.0,0.0
2003-02-10,14.22868824005127,14.677468299865723,14.105863571166992,14.549920082092285,9.364768981933594,1027096,0.0,0.0
2003-02-11,14.549920082092285,14.68691635131836,14.431819915771484,14.502679824829102,9.33436107635498,612616,0.0,0.0
2003-02-12,14.502679824829102,14.502679824829102,14.110588073730469,14.181447982788086,9.127608299255371,537680,0.0,0.0
2003-02-13,14.20506763458252,14.20506763458252,13.779908180236816,13.86493968963623,8.923895835876465,924217,0.0,0.0
2003-02-14,13.912179946899414,14.190896034240723,13.869664192199707,14.167276382446289,9.118487358093262,1117697,0.0,0.0
2003-02-18,14.313719749450684,14.497956275939941,14.285375595092773,14.360960006713867,9.243147850036621,643099,0.0,0.0
2003-02-19,14.360960006713867,14.360960006713867,14.124759674072266,14.214515686035156,9.14888858795166,958298,0.0,0.0
2003-02-20,14.17199993133545,14.427096366882324,14.120036125183105,14.3845796585083,9.25835132598877,954064,0.0,0.0
2003-02-21,14.313719749450684,14.66329574584961,14.186171531677246,14.66329574584961,9.43774127960205,820068,0.0,0.0
2003-02-24,14.762499809265137,14.786120414733887,14.40820026397705,14.431819915771484,9.2887544631958,671253,0.0,0.0
2003-02-25,14.360960006713867,14.360960006713867,14.105863571166992,14.280652046203613,9.191457748413086,923158,0.0,0.0
2003-02-26,14.219240188598633,14.31844425201416,14.011384010314941,14.124759674072266,9.091119766235352,678874,0.0,0.0
2003-02-27,14.195619583129883,14.332615852355957,14.153103828430176,14.153103828430176,9.109367370605469,532176,0.0,0.0
2003-02-28,14.190896034240723,14.285375595092773,14.077520370483398,14.153103828430176,9.109367370605469,872989,0.0,0.0
2003-03-03,14.162551879882812,14.356236457824707,13.968868255615234,14.049176216125488,9.042475700378418,562659,0.0,0.0
2003-03-04,14.521575927734375,14.677468299865723,14.412923812866211,14.616056442260742,9.407331466674805,2015876,0.0,0.0
2003-03-05,14.644399642944336,14.7530517578125,14.431819915771484,14.601883888244629,9.398210525512695,915749,0.0,0.0
2003-03-06,14.601883888244629,14.66329574584961,14.474335670471191,14.545195579528809,9.361723899841309,1050381,0.0,0.0
2003-03-07,14.479060173034668,14.488508224487305,14.247584342956543,14.26175594329834,9.203206062316895,1067316,0.037792,0.0
2003-03-10,13.91690444946289,14.167276382446289,12.7359037399292,12.844555854797363,8.288676261901855,3475868,0.0,0.0
2003-03-11,12.811488151550293,12.896519660949707,12.45718765258789,12.561116218566895,8.105772018432617,2289797,0.0,0.0
2003-03-12,12.310744285583496,12.471360206604004,11.975339889526367,12.282400131225586,7.925911903381348,1943903,0.0,0.0
2003-03-13,12.400500297546387,12.773695945739746,12.400500297546387,12.688664436340332,8.188079833984375,1617273,0.0,0.0
2003-03-14,12.84928035736084,13.151616096496582,12.802040100097656,12.995723724365234,8.38623046875,1226715,0.0,0.0
2003-03-17,12.948484420776367,13.520088195800781,12.920140266418457,13.463399887084961,8.688020706176758,1179297,0.0,0.0
2003-03-18,13.463399887084961,13.557880401611328,13.298060417175293,13.43505573272705,8.6697359085083,737511,0.0,0.0
2003-03-19,13.43505573272705,13.534259796142578,13.127996444702148,13.43033218383789,8.666683197021484,690305,0.0,0.0
2003-03-20,13.43033218383789,13.79880428314209,13.298060417175293,13.619292259216309,8.788619995117188,1177604,0.0,0.0
2003-03-21,13.983039855957031,14.120036125183105,13.77046012878418,14.016107559204102,9.044692039489746,1351185,0.0,0.0
2003-03-24,13.983039855957031,13.983039855957031,13.4586763381958,13.520088195800781,8.724604606628418,665538,0.0,0.0
2003-03-25,13.548432350158691,13.600396156311035,13.175235748291016,13.274439811706543,8.566084861755371,1302921,0.0,0.0
2003-03-26,13.22719955444336,13.22719955444336,13.061860084533691,13.137443542480469,8.477684020996094,1069856,0.0,0.0
2003-03-27,13.019344329833984,13.350024223327637,12.967379570007324,13.274439811706543,8.566084861755371,848010,0.0,0.0
2003-03-28,13.274439811706543,13.36892032623291,13.109100341796875,13.22719955444336,8.535606384277344,674005,0.0,0.0
2003-03-31,13.22719955444336,13.264991760253906,12.920140266418457,13.118548393249512,8.465487480163574,733065,0.0,0.0
2003-04-01,13.179960250854492,13.27916431427002,12.981552124023438,13.161064147949219,8.49292278289795,654107,0.0,0.0
2003-04-02,13.25082015991211,13.534259796142578,13.090204238891602,13.151616096496582,8.48682689666748,1040220,0.0,0.0
2003-04-03,13.085479736328125,13.099652290344238,12.811488151550293,12.88707160949707,8.316118240356445,1508044,0.0,0.0
2003-04-04,12.91069221496582,12.953207969665527,12.778420448303223,12.806763648986816,8.264291763305664,481795,0.0,0.0
2003-04-07,13.581500053405762,13.600396156311035,13.189408302307129,13.22719955444336,8.535606384277344,953853,0.0,0.0
2003-04-08,13.179960250854492,13.208304405212402,12.811488151550293,12.816211700439453,8.270390510559082,697079,0.0,0.0
2003-04-09,12.84928035736084,13.085479736328125,12.683939933776855,12.688664436340332,8.188079833984375,599492,0.0,0.0
2003-04-10,12.731180191040039,12.91069221496582,12.712284088134766,12.872900009155273,8.306968688964844,598645,0.0,0.0
2003-04-11,12.967379570007324,13.076031684875488,12.787867546081543,12.88234806060791,8.313067436218262,414903,0.0,0.0
2003-04-14,12.877623558044434,12.986275672912598,12.84928035736084,12.920140266418457,8.337456703186035,451524,0.0,0.0
2003-04-15,12.94375991821289,13.43033218383789,12.934311866760254,13.420884132385254,8.660588264465332,900296,0.0,0.0
2003-04-16,13.449228286743164,13.557880401611328,13.085479736328125,13.132719993591309,8.47463321685791,804191,0.0,0.0
2003-04-17,13.274439811706543,13.392539978027344,13.127996444702148,13.264991760253906,8.559988021850586,1203641,0.0,0.0
2003-04-21,13.34529972076416,13.543707847595215,13.335851669311523,13.491744041442871,8.706315994262695,350974,0.0,0.0
2003-04-22,13.487019538879395,13.624015808105469,13.293335914611816,13.581500053405762,8.764238357543945,563294,0.0,0.0
2003-04-23,13.581500053405762,13.699600219726562,13.496467590332031,13.633463859558105,8.79776382446289,520110,0.0,0.0
2003-04-24,13.567328453063965,13.704323768615723,13.557880401611328,13.605119705200195,8.7794828414917,538103,0.0,0.0
2003-04-25,13.557880401611328,13.557880401611328,13.066583633422852,13.179960250854492,8.50511646270752,604149,0.0,0.0
2003-04-28,13.22719955444336,13.335851669311523,13.194131851196289,13.236647605895996,8.54169750213623,725445,0.0,0.0
2003-04-29,13.25082015991211,13.520088195800781,13.156339645385742,13.298060417175293,8.581330299377441,317528,0.0,0.0
2003-04-30,13.274439811706543,13.605119705200195,13.175235748291016,13.491744041442871,8.706315994262695,645004,0.0,0.0
2003-05-01,13.463399887084961,13.510640144348145,12.981552124023438,13.085479736328125,8.444150924682617,959145,0.0,0.0
2003-05-02,12.94375991821289,13.340576171875,12.94375991821289,13.335851669311523,8.605718612670898,535140,0.0,0.0
2003-05-05,13.359472274780273,13.723219871520996,13.359472274780273,13.628740310668945,8.794718742370605,501482,0.0,0.0
2003-05-06,13.557880401611328,13.68542766571045,13.444503784179688,13.543707847595215,8.73984432220459,649238,0.0,0.0
2003-05-07,13.425607681274414,13.699600219726562,13.260268211364746,13.595671653747559,8.77337646484375,779001,0.0,0.0
2003-05-08,13.510640144348145,13.605119705200195,13.36892032623291,13.538984298706055,8.736795425415039,644157,0.0,0.0
2003-05-09,13.576775550842285,13.89328384399414,13.520088195800781,13.89328384399414,8.965429306030273,889712,0.0,0.0
2003-05-12,13.89328384399414,13.926351547241211,13.727944374084473,13.869664192199707,8.950185775756836,580652,0.0,0.0
2003-05-13,13.931076049804688,13.931076049804688,13.647636413574219,13.841320037841797,8.93189811706543,406647,0.0,0.0
2003-05-14,13.794079780578613,13.841320037841797,13.548432350158691,13.548432350158691,8.742895126342773,1091871,0.0,0.0
2003-05-15,13.652359962463379,14.039728164672852,13.595671653747559,14.039728164672852,9.059925079345703,714437,0.0,0.0
2003-05-16,14.030280113220215,14.035003662109375,13.817700386047363,13.879112243652344,8.956284523010254,607748,0.0,0.0
2003-05-19,13.841320037841797,13.879112243652344,13.515363693237305,13.553155899047852,8.745941162109375,346317,0.0,0.0
2003-05-20,13.534259796142578,13.794079780578613,13.487019538879395,13.633463859558105,8.79776382446289,629340,0.0,0.0
2003-05-21,13.605119705200195,13.732667922973633,13.520088195800781,13.727944374084473,8.858735084533691,427180,0.0,0.0
2003-05-22,13.652359962463379,13.77518367767334,13.553155899047852,13.751564025878906,8.873977661132812,646698,0.0,0.0
2003-05-23,13.794079780578613,13.92162799835205,13.73739242553711,13.855491638183594,8.94104290008545,363251,0.0,0.0
2003-05-27,13.784631729125977,14.337340354919434,13.704323768615723,14.223963737487793,9.17881965637207,531541,0.0,0.0
2003-05-28,14.242859840393066,14.337340354919434,14.148380279541016,14.186171531677246,9.17881965637207,545301,0.037792,0.0
2003-05-29,14.162551879882812,14.266480445861816,14.120036125183105,14.266480445861816,9.230780601501465,502329,0.0,0.0
2003-05-30,14.219240188598633,14.389304161071777,14.20506763458252,14.308996200561523,9.25829029083252,1092930,0.0,0.0
2003-06-02,14.34678840637207,14.502679824829102,14.266480445861816,14.304271697998047,9.255234718322754,931837,0.0,0.0
2003-06-03,14.360960006713867,14.479060173034668,14.342063903808594,14.3845796585083,9.307196617126465,932049,0.0,0.0
2003-06-04,14.40820026397705,14.668020248413086,14.403475761413574,14.592435836791992,9.441681861877441,894581,0.0,0.0
2003-06-05,14.592435836791992,14.800292015075684,14.441267967224121,14.762499809265137,9.551719665527344,652413,0.0,0.0
2003-06-06,14.880599975585938,15.135696411132812,14.790843963623047,14.80974006652832,9.582284927368164,755715,0.0,0.0
2003-06-09,14.762499809265137,14.771947860717773,14.549920082092285,14.620779991149902,9.460020065307617,768840,0.0,0.0
2003-06-10,14.668020248413086,14.856980323791504,14.601883888244629,14.856980323791504,9.612848281860352,470576,0.0,0.0
2003-06-11,14.738880157470703,14.823911666870117,14.568816184997559,14.7530517578125,9.545601844787598,419771,0.0,0.0
2003-06-12,14.696364402770996,14.856980323791504,14.672743797302246,14.81446361541748,9.585341453552246,310754,0.0,0.0
2003-06-13,14.8711519241333,14.875876426696777,14.564091682434082,14.653847694396973,9.481417655944824,453853,0.0,0.0
2003-06-16,14.625503540039062,14.918392181396484,14.616056442260742,14.904219627380371,9.643414497375488,478196,0.0,0.0
2003-06-17,14.927840232849121,15.135696411132812,14.767224311828613,15.107352256774902,9.774846076965332,457028,0.0,0.0
2003-06-18,15.045940399169922,15.438032150268555,15.022319793701172,15.277416229248047,9.884882926940918,822396,0.0,0.0
2003-06-19,15.324655532836914,15.504167556762695,15.216004371643066,15.23490047454834,9.857378005981445,464014,0.0,0.0
2003-06-20,15.352999687194824,15.456928253173828,15.253795623779297,15.400239944458008,9.964353561401367,605843,0.0,0.0
2003-06-23,15.352999687194824,15.352999687194824,15.003423690795898,15.003423690795898,9.707601547241211,551439,0.0,0.0
2003-06-24,15.003423690795898,15.107352256774902,14.668020248413086,14.705812454223633,9.515043258666992,819856,0.0,0.0
2003-06-25,14.738880157470703,14.951459884643555,14.738880157470703,14.771947860717773,9.557832717895508,529001,0.0,0.0
2003-06-26,14.762499809265137,14.771947860717773,14.365683555603027,14.507404327392578,9.386669158935547,867909,0.0,0.0
2003-06-27,14.512127876281738,14.639676094055176,14.422371864318848,14.441267967224121,9.3438720703125,658975,0.0,0.0
2003-06-30,14.455439567565918,14.483783721923828,14.025555610656738,14.195619583129883,9.184930801391602,1323878,0.0,0.0
2003-07-01,14.17199993133545,14.493231773376465,13.557880401611328,14.488508224487305,9.37444019317627,589119,0.0,0.0
2003-07-02,14.488508224487305,14.582987785339355,14.299548149108887,14.464887619018555,9.359163284301758,868544,0.0,0.0
2003-07-03,14.360960006713867,14.40820026397705,14.181447982788086,14.266480445861816,9.230780601501465,248942,0.0,0.0
2003-07-07,14.313719749450684,14.573539733886719,14.313719749450684,14.502679824829102,9.383609771728516,428239,0.0,0.0
2003-07-08,14.455439567565918,14.512127876281738,14.242859840393066,14.356236457824707,9.28885555267334,563929,0.0,0.0
2003-07-09,14.360960006713867,14.672743797302246,14.129484176635742,14.625503540039062,9.4630765914917,806308,0.0,0.0
2003-07-10,14.549920082092285,14.578264236450195,14.148380279541016,14.153103828430176,9.157430648803711,712532,0.0,0.0
2003-07-11,14.20034408569336,14.398752212524414,14.148380279541016,14.365683555603027,9.294970512390137,426545,0.0,0.0
2003-07-14,14.483783721923828,14.74832820892334,14.427096366882324,14.549920082092285,9.414175987243652,689035,0.0,0.0
2003-07-15,14.597160339355469,14.701087951660156,14.403475761413574,14.460164070129395,9.356101989746094,394369,0.0,0.0
2003-07-16,14.526300430297852,14.526300430297852,14.030280113220215,14.030280113220215,9.077954292297363,874471,0.0,0.0
2003-07-17,14.030280113220215,14.030280113220215,13.657084465026855,13.79880428314209,8.928190231323242,596528,0.0,0.0
2003-07-18,13.80352783203125,13.954695701599121,13.699600219726562,13.83659553527832,8.952635765075684,632303,0.0,0.0
2003-07-21,13.912179946899414,14.006660461425781,13.756287574768066,13.964143753051758,9.035165786743164,690728,0.0,0.0
2003-07-22,14.17199993133545,14.540472030639648,14.167276382446289,14.512127876281738,9.389724731445312,758679,0.0,0.0
2003-07-23,14.479060173034668,14.668020248413086,14.37985610961914,14.601883888244629,9.447795867919922,674005,0.0,0.0
2003-07-24,14.951459884643555,15.423859596252441,14.880599975585938,14.927840232849121,9.658699989318848,1284928,0.0,0.0
2003-07-25,15.069560050964355,15.107352256774902,14.620779991149902,14.738880157470703,9.536438941955566,1138442,0.0,0.0
2003-07-28,14.762499809265137,15.088456153869629,14.597160339355469,15.069560050964355,9.75039291381836,823878,0.0,0.0
2003-07-29,15.164039611816406,15.27269172668457,15.050663948059082,15.225452423095703,9.851264953613281,762278,0.0,0.0
2003-07-30,15.258520126342773,15.461651802062988,15.074283599853516,15.348276138305664,9.930733680725098,872142,0.0,0.0
2003-07-31,15.400239944458008,15.494720458984375,15.21127986907959,15.291587829589844,9.89405345916748,890771,0.0,0.0
2003-08-01,15.291587829589844,15.348276138305664,15.1215238571167,15.18293571472168,9.823755264282227,419136,0.0,0.0
2003-08-04,15.258520126342773,15.419136047363281,15.003423690795898,15.18293571472168,9.823755264282227,566257,0.0,0.0
2003-08-05,15.230175971984863,15.352999687194824,14.672743797302246,14.71998405456543,9.524209022521973,468671,0.0,0.0
2003-08-06,14.66329574584961,14.72470760345459,14.549920082092285,14.597160339355469,9.444740295410156,291279,0.0,0.0
2003-08-07,14.502679824829102,14.545195579528809,14.186171531677246,14.356236457824707,9.28885555267334,864522,0.0,0.0
2003-08-08,14.40820026397705,14.436544418334961,14.242859840393066,14.299548149108887,9.252178192138672,370237,0.0,0.0
2003-08-11,14.252307891845703,14.545195579528809,14.209792137145996,14.266480445861816,9.230780601501465,497671,0.0,0.0
2003-08-12,14.37985610961914,14.455439567565918,14.209792137145996,14.417648315429688,9.32858943939209,966342,0.0,0.0
2003-08-13,14.455439567565918,14.488508224487305,14.337340354919434,14.342063903808594,9.279690742492676,1088484,0.0,0.0
2003-08-14,14.40820026397705,14.78139591217041,14.356236457824707,14.77667236328125,9.560892105102539,440940,0.0,0.0
2003-08-15,14.786120414733887,14.823911666870117,14.526300430297852,14.823911666870117,9.591455459594727,178450,0.0,0.0
2003-08-18,14.682191848754883,14.932563781738281,14.677468299865723,14.927840232849121,9.658699989318848,418501,0.0,0.0
2003-08-19,14.927840232849121,15.30103588104248,14.927840232849121,15.291587829589844,9.89405345916748,441787,0.0,0.0
2003-08-20,15.30103588104248,15.30103588104248,15.069560050964355,15.201831817626953,9.835983276367188,493226,0.0,0.0
2003-08-21,15.21127986907959,15.447480201721191,15.164039611816406,15.447480201721191,9.994919776916504,562659,0.0,0.0
2003-08-22,15.423859596252441,15.565580368041992,15.291587829589844,15.376620292663574,9.949074745178223,555673,0.0,0.0
2003-08-25,15.376620292663574,15.61281967163086,15.310483932495117,15.556132316589355,10.06522274017334,661727,0.0,0.0
2003-08-26,15.518340110778809,15.523063659667969,15.126248359680176,15.419136047363281,9.976582527160645,589331,0.0,0.0
2003-08-27,15.423859596252441,15.541959762573242,15.20655632019043,15.409687995910645,9.970466613769531,848645,0.0,0.0
2003-08-28,15.409687995910645,15.579751968383789,15.386068344116211,15.565580368041992,10.071329116821289,402625,0.0,0.0
2003-08-29,15.541959762573242,15.716748237609863,15.527788162231445,15.683679580688477,10.147749900817871,649238,0.0,0.0
2003-09-02,15.707300186157227,16.09939193725586,15.69785213470459,16.07577133178711,10.401442527770996,599915,0.0,0.0
2003-09-03,16.061599731445312,16.160804748535156,16.04270362854004,16.137184143066406,10.471946716308594,803345,0.04724,0.0
2003-09-04,16.137184143066406,16.817440032958984,16.137184143066406,16.661548614501953,10.812223434448242,2428874,0.0,0.0
2003-09-05,16.543447494506836,16.600135803222656,16.397003173828125,16.434795379638672,10.665077209472656,952371,0.0,0.0
2003-09-08,16.482036590576172,16.571792602539062,16.42534828186035,16.571792602539062,10.753978729248047,757832,0.0,0.0
2003-09-09,16.571792602539062,16.581239700317383,16.4017276763916,16.4158992767334,10.652816772460938,800169,0.0,0.0
2003-09-10,16.534000396728516,16.534000396728516,16.108840942382812,16.108840942382812,10.453557968139648,984970,0.0,0.0
2003-09-11,16.108840942382812,16.203319549560547,16.014360427856445,16.108840942382812,10.453557968139648,895004,0.0,0.0
2003-09-12,16.085220336914062,16.108840942382812,15.967120170593262,16.056875228881836,10.41983413696289,502117,0.0,0.0
2003-09-15,16.056875228881836,16.160804748535156,16.04270362854004,16.061599731445312,10.422901153564453,1111770,0.0,0.0
2003-09-16,16.061599731445312,16.4489688873291,15.971843719482422,16.39228057861328,10.637489318847656,883997,0.0,0.0
2003-09-17,16.4631404876709,16.670995712280273,16.43951988220215,16.628480911254883,10.790765762329102,899450,0.0,0.0
2003-09-18,16.8882999420166,17.053640365600586,16.836336135864258,16.968608856201172,11.011489868164062,1821761,0.0,0.0
2003-09-19,17.11505126953125,17.266220092773438,17.030019760131836,17.16229248046875,11.137173652648926,968036,0.0,0.0
2003-09-22,17.006399154663086,17.006399154663086,16.793819427490234,16.850507736206055,10.934849739074707,695809,0.0,0.0
2003-09-23,16.770200729370117,16.83161163330078,16.571792602539062,16.670995712280273,10.818359375,692422,0.0,0.0
2003-09-24,16.718236923217773,16.718236923217773,16.17970085144043,16.208044052124023,10.517932891845703,789585,0.0,0.0
2003-09-25,16.208044052124023,16.226940155029297,15.943499565124512,15.948224067687988,10.349327087402344,607748,0.0,0.0
2003-09-26,15.948224067687988,16.08994483947754,15.825400352478027,16.06632423400879,10.425963401794434,812024,0.0,0.0
2003-09-29,16.113563537597656,16.274179458618164,16.085220336914062,16.25528335571289,10.548589706420898,436494,0.0,0.0
2003-09-30,17.001676559448242,17.270944595336914,16.793819427490234,16.907196044921875,10.971630096435547,3127858,0.0,0.0
2003-10-01,17.19536018371582,17.256771087646484,16.95915985107422,17.01584815979004,11.042140007019043,1528789,0.0,0.0
2003-10-02,17.044191360473633,17.181188583374023,16.954435348510742,16.95915985107422,11.005355834960938,817316,0.0,0.0
2003-10-03,17.077259063720703,17.17173957824707,16.930816650390625,16.973331451416016,11.014552116394043,945174,0.0,0.0
2003-10-06,17.030019760131836,17.138671875,16.99222755432129,17.063087463378906,11.072799682617188,982430,0.0,0.0
2003-10-07,16.944988250732422,17.053640365600586,16.921367645263672,16.99222755432129,11.026817321777344,870872,0.0,0.0
2003-10-08,17.030019760131836,17.247323989868164,17.030019760131836,17.077259063720703,11.081993103027344,1141194,0.0,0.0
2003-10-09,17.17173957824707,17.214256286621094,17.02529525756836,17.11505126953125,11.106525421142578,1157070,0.0,0.0
2003-10-10,17.053640365600586,17.289840698242188,17.03946876525879,17.233152389526367,11.183160781860352,440728,0.0,0.0
2003-10-13,17.190635681152344,17.36542320251465,16.86467933654785,16.907196044921875,10.971630096435547,750635,0.0,0.0
2003-10-14,16.907196044921875,17.157567977905273,16.85523223876953,17.110328674316406,11.103452682495117,497036,0.0,0.0
2003-10-15,17.289840698242188,17.30873680114746,17.053640365600586,17.091432571411133,11.091190338134766,763971,0.0,0.0
2003-10-16,17.096155166625977,17.237876892089844,16.973331451416016,17.058364868164062,11.069732666015625,604784,0.0,0.0
2003-10-17,17.08198356628418,17.100879669189453,16.803268432617188,16.83161163330078,10.922586441040039,502329,0.0,0.0
2003-10-20,16.8882999420166,17.03946876525879,16.680444717407227,16.883575439453125,10.956307411193848,483700,0.0,0.0
2003-10-21,16.930816650390625,17.07253646850586,16.86467933654785,16.883575439453125,10.956307411193848,565411,0.0,0.0
2003-10-22,16.883575439453125,17.006399154663086,16.6993408203125,16.727684020996094,10.855144500732422,624894,0.0,0.0
2003-10-23,16.67572021484375,16.83161163330078,16.647375106811523,16.784372329711914,10.891931533813477,701736,0.0,0.0
2003-10-24,16.722959518432617,16.86467933654785,16.604860305786133,16.83161163330078,10.922586441040039,578112,0.0,0.0
2003-10-27,16.85523223876953,17.044191360473633,16.83161163330078,16.921367645263672,10.980830192565918,392887,0.0,0.0
2003-10-28,17.006399154663086,17.223703384399414,16.9497127532959,17.190635681152344,11.155567169189453,711897,0.0,0.0
2003-10-29,17.19536018371582,17.45517921447754,17.17173957824707,17.379596710205078,11.278186798095703,729890,0.0,0.0
2003-10-30,17.431560516357422,17.69137954711914,17.384319305419922,17.68193244934082,11.474386215209961,1157705,0.0,0.0
2003-10-31,17.63469123840332,17.672483444213867,17.530763626098633,17.582727432250977,11.410009384155273,520533,0.0,0.0
2003-11-03,17.47879981994629,17.93230438232422,17.47879981994629,17.93230438232422,11.636860847473145,833404,0.0,0.0
2003-11-04,17.903959274291992,18.045679092407227,17.833099365234375,18.045679092407227,11.710433959960938,913421,0.0,0.0
2003-11-05,18.045679092407227,18.045679092407227,17.578004837036133,17.903959274291992,11.618470191955566,512066,0.0,0.0
2003-11-06,17.937028884887695,18.163780212402344,17.880340576171875,18.092920303344727,11.741084098815918,653048,0.0,0.0
2003-11-07,18.140159606933594,18.296052932739258,18.007888793945312,18.007888793945312,11.68591022491455,627223,0.0,0.0
2003-11-10,17.960647583007812,18.059852600097656,17.625244140625,17.644140243530273,11.449859619140625,566892,0.0,0.0
2003-11-11,17.644140243530273,17.68193244934082,17.47879981994629,17.540212631225586,11.38241958618164,269052,0.0,0.0
2003-11-12,17.540212631225586,17.903959274291992,17.540212631225586,17.89923667907715,11.615398406982422,412574,0.0,0.0
2003-11-13,17.85199546813965,17.903959274291992,17.68193244934082,17.833099365234375,11.57248306274414,389924,0.0,0.0
2003-11-14,17.785860061645508,17.937028884887695,17.417388916015625,17.42211151123047,11.3057861328125,299323,0.0,0.0
2003-11-17,17.42211151123047,17.42211151123047,17.167015075683594,17.36542320251465,11.268994331359863,537257,0.0,0.0
2003-11-18,17.41266441345215,17.526039123535156,17.313459396362305,17.370147705078125,11.272059440612793,628493,0.0,0.0
2003-11-19,17.322908401489258,17.46935272216797,17.20480728149414,17.370147705078125,11.302794456481934,384420,0.04724,0.0
2003-11-20,17.346527099609375,17.47879981994629,17.270944595336914,17.47879981994629,11.37349796295166,969517,0.0,0.0
2003-11-21,17.47879981994629,17.549659729003906,17.42211151123047,17.492971420288086,11.382722854614258,661516,0.0,0.0
2003-11-24,17.540212631225586,18.017335891723633,17.492971420288086,18.003164291381836,11.714703559875488,511431,0.0,0.0
2003-11-25,17.99843978881836,18.272432327270508,17.979543685913086,18.21101951599121,11.849952697753906,912786,0.0,0.0
2003-11-26,18.20157241821289,18.399980545043945,18.116540908813477,18.163780212402344,11.819218635559082,686494,0.0,0.0
2003-11-28,18.140159606933594,18.37163543701172,18.069299697875977,18.3149471282959,11.917583465576172,324090,0.0,0.0
2003-12-01,18.381084442138672,18.51807975769043,18.272432327270508,18.51807975769043,12.049758911132812,710627,0.0,0.0
2003-12-02,18.423599243164062,18.565319061279297,18.352739334106445,18.5511474609375,12.071277618408203,547206,0.0,0.0
2003-12-03,18.612560272216797,18.650352478027344,18.116540908813477,18.135435104370117,11.800768852233887,968671,0.0,0.0
2003-12-04,18.196847915649414,18.277156829833984,17.809480667114258,17.8614444732666,11.622482299804688,662362,0.0,0.0
2003-12-05,17.620519638061523,17.818927764892578,17.540212631225586,17.667760848999023,11.496456146240234,686706,0.0,0.0
2003-12-08,17.644140243530273,17.97481918334961,17.644140243530273,17.800031661987305,11.582523345947266,555673,0.0,0.0
2003-12-09,17.800031661987305,17.927579879760742,17.483524322509766,17.516592025756836,11.398085594177246,1194750,0.0,0.0
2003-12-10,17.50242042541504,17.710275650024414,17.3890438079834,17.615795135498047,11.462639808654785,917866,0.0,0.0
2003-12-11,17.615795135498047,18.239364624023438,17.615795135498047,18.159055709838867,11.816143035888672,495555,0.0,0.0
2003-12-12,18.11181640625,18.182676315307617,17.97481918334961,18.107091903686523,11.782327651977539,370660,0.0,0.0
2003-12-15,18.23464012145996,18.25826072692871,17.993715286254883,18.059852600097656,11.751591682434082,1050381,0.0,0.0
2003-12-16,18.05512809753418,18.092920303344727,17.719724655151367,17.856719970703125,11.619412422180176,596740,0.0,0.0
2003-12-17,17.856719970703125,17.97481918334961,17.54493522644043,17.951200485229492,11.680891036987305,913421,0.0,0.0
2003-12-18,17.97481918334961,18.007888793945312,17.719724655151367,18.007888793945312,11.717777252197266,769475,0.0,0.0
2003-12-19,17.960647583007812,17.99843978881836,17.766963958740234,17.842548370361328,11.610189437866211,680779,0.0,0.0
2003-12-22,17.72444725036621,17.83782386779785,17.573280334472656,17.823652267456055,11.597892761230469,841448,0.0,0.0
2003-12-23,17.752792358398438,17.93230438232422,17.710275650024414,17.757516860961914,11.554858207702637,986240,0.0,0.0
2003-12-24,17.71500015258789,17.927579879760742,17.69137954711914,17.77168846130371,11.564078330993652,244496,0.0,0.0
2003-12-26,17.809480667114258,17.889787673950195,17.776411056518555,17.847272872924805,11.613260269165039,256351,0.0,0.0
2003-12-29,17.94175148010254,18.41887664794922,17.922855377197266,18.25826072692871,11.880694389343262,770110,0.0,0.0
2003-12-30,18.281879425048828,18.305500030517578,18.083471298217773,18.102367401123047,11.779255867004395,529213,0.0,0.0
2003-12-31,18.196847915649414,18.196847915649414,17.894512176513672,17.927579879760742,11.665520668029785,711262,0.0,0.0
2004-01-02,17.880340576171875,18.262983322143555,17.880340576171875,18.097644805908203,11.776182174682617,357536,0.0,0.0
2004-01-05,18.215744018554688,18.617284774780273,18.21101951599121,18.612560272216797,12.111233711242676,649238,0.0,0.0
2004-01-06,18.565319061279297,18.735383987426758,18.40470314025879,18.716487884521484,12.178864479064941,526461,0.0,0.0
2004-01-07,18.447219848632812,18.447219848632812,18.092920303344727,18.281879425048828,11.89606761932373,1140982,0.0,0.0
2004-01-08,17.903959274291992,18.305500030517578,17.903959274291992,18.281879425048828,11.89606761932373,1686494,0.0,0.0
2004-01-09,18.329120635986328,18.711763381958008,18.29132843017578,18.49445915222168,12.034393310546875,768628,0.0,0.0
2004-01-12,18.54170036315918,18.749555587768555,18.456668853759766,18.749555587768555,12.200387001037598,757197,0.0,0.0
2004-01-13,18.77790069580078,19.00465202331543,18.749555587768555,18.929067611694336,12.317194938659668,1324725,0.0,0.0
2004-01-14,18.929067611694336,19.18416404724121,18.829864501953125,19.15109634399414,12.461658477783203,1076418,0.0,0.0
2004-01-15,19.132200241088867,19.132200241088867,18.82513999938965,18.966859817504883,12.341781616210938,949619,0.0,0.0
2004-01-16,18.8487606048584,19.188888549804688,18.8487606048584,19.132200241088867,12.449372291564941,1276461,0.0,0.0
2004-01-20,20.549400329589844,22.675199508666992,20.53050422668457,22.46261978149414,14.616476058959961,7031753,0.0,0.0
2004-01-21,22.675199508666992,23.506624221801758,22.651580810546875,23.336559295654297,15.185151100158691,4427180,0.0,0.0
2004-01-22,23.34600830078125,23.487728118896484,22.79330062866211,22.98225975036621,14.954614639282227,2256351,0.0,0.0
2004-01-23,22.76968002319336,23.00588035583496,22.420103073120117,22.51930809020996,14.653367042541504,2937976,0.0,0.0
2004-01-26,22.472068786621094,23.213735580444336,22.320899963378906,23.213735580444336,15.10523796081543,1189246,0.0,0.0
2004-01-27,23.053119659423828,23.06256866455078,22.684648513793945,22.845264434814453,14.865468978881836,1180991,0.0,0.0
2004-01-28,22.845264434814453,23.171220779418945,22.391759872436523,22.557100296020508,14.677960395812988,1472058,0.0,0.0
2004-01-29,22.509859085083008,22.798023223876953,22.401208877563477,22.750783920288086,14.803990364074707,1783446,0.0,0.0
2004-01-30,22.95863914489746,23.14287567138672,22.71299171447754,22.996431350708008,14.96383285522461,1480948,0.0,0.0
2004-02-02,22.878332138061523,23.001155853271484,22.6326847076416,22.911399841308594,14.908498764038086,1033658,0.0,0.0
2004-02-03,22.95863914489746,23.29876708984375,22.74605941772461,23.100360870361328,15.031464576721191,1061812,0.0,0.0
2004-02-04,22.911399841308594,22.95863914489746,22.67992401123047,22.831092834472656,14.856243133544922,1519475,0.0,0.0
2004-02-05,22.831092834472656,22.878332138061523,22.717716217041016,22.812196731567383,14.843954086303711,1518205,0.0,0.0
2004-02-06,22.831092834472656,23.020051956176758,22.77912712097168,23.00588035583496,14.969976425170898,725868,0.0,0.0
2004-02-09,23.01532745361328,23.180667877197266,22.89250373840332,23.161771774291992,15.071425437927246,1806520,0.0,0.0
2004-02-10,23.043672561645508,23.75227165222168,23.043672561645508,23.553863525390625,15.326555252075195,1124259,0.0,0.0
2004-02-11,23.53496742248535,23.794788360595703,23.464107513427734,23.733375549316406,15.443363189697266,1173793,0.0,0.0
2004-02-12,23.733375549316406,24.0593318939209,23.6200008392334,23.71920394897461,15.434151649475098,940305,0.0,0.0
2004-02-13,23.6200008392334,23.8089599609375,22.95863914489746,23.053119659423828,15.000726699829102,875741,0.0,0.0
2004-02-17,23.147600173950195,23.431039810180664,23.147600173950195,23.242080688476562,15.12368106842041,655377,0.0,0.0
2004-02-18,23.237356185913086,23.350732803344727,23.14287567138672,23.194839477539062,15.092942237854004,595258,0.0,0.0
2004-02-19,23.50189971923828,23.52552032470703,23.218460083007812,23.327112197875977,15.179010391235352,1048688,0.0,0.0
2004-02-20,23.383800506591797,23.383800506591797,22.448448181152344,22.533479690551758,14.66258716583252,1244073,0.0,0.0
2004-02-23,22.651580810546875,22.661027908325195,22.061080932617188,22.13666343688965,14.404383659362793,1300381,0.0,0.0
2004-02-24,22.108320236206055,22.108320236206055,21.617023468017578,21.957151412963867,14.287567138671875,1433531,0.0,0.0
2004-02-25,21.895740509033203,22.302003860473633,21.839052200317383,22.150836944580078,14.41361141204834,803768,0.0,0.0
2004-02-26,22.108320236206055,22.65630340576172,21.990219116210938,22.613788604736328,14.714847564697266,904953,0.0,0.0
2004-02-27,22.613788604736328,23.00588035583496,22.22641944885254,22.320899963378906,14.524264335632324,911727,0.0,0.0
2004-03-01,22.320899963378906,22.6468563079834,22.1602840423584,22.613788604736328,14.714847564697266,775402,0.0,0.0
2004-03-02,22.533479690551758,22.95863914489746,22.51930809020996,22.54292869567871,14.668745040893555,514183,0.0,0.0
2004-03-03,22.509859085083008,22.52875518798828,22.25948715209961,22.31617546081543,14.521191596984863,395428,0.0,0.0
2004-03-04,21.96660041809082,22.198076248168945,21.947704315185547,22.131940841674805,14.43186092376709,663421,0.04724,0.0
2004-03-05,22.131940841674805,22.37286376953125,22.004392623901367,22.320899963378906,14.555082321166992,776884,0.0,0.0
2004-03-08,22.320899963378906,22.467344284057617,21.782363891601562,21.78708839416504,14.20698356628418,502329,0.0,0.0
2004-03-09,21.881568908691406,21.905187606811523,21.404443740844727,21.54616355895996,14.049883842468262,661304,0.0,0.0
2004-03-10,21.54616355895996,21.565059661865234,21.054868698120117,21.13990020751953,13.784969329833984,1091871,0.0,0.0
2004-03-11,21.13990020751953,21.21076011657715,20.908424377441406,20.979284286499023,13.680229187011719,1338484,0.0,0.0
2004-03-12,21.13990020751953,21.664264678955078,21.13990020751953,21.6595401763916,14.123818397521973,1144369,0.0,0.0
2004-03-15,21.654815673828125,21.654815673828125,20.884803771972656,21.102108001708984,13.760324478149414,925699,0.0,0.0
2004-03-16,21.158796310424805,21.30051612854004,20.941492080688477,21.111555099487305,13.766484260559082,513336,0.0,0.0
2004-03-17,21.229656219482422,21.376100540161133,21.13990020751953,21.206035614013672,13.828093528747559,398391,0.0,0.0
2004-03-18,21.201311111450195,21.33358383178711,20.917871475219727,21.328859329223633,13.908183097839355,444327,0.0,0.0
2004-03-19,21.352479934692383,21.891016006469727,21.33358383178711,21.73040008544922,14.170022964477539,1193057,0.0,0.0
2004-03-22,21.6595401763916,21.78708839416504,21.470579147338867,21.494199752807617,14.015998840332031,934801,0.0,0.0
2004-03-23,21.612300872802734,21.687883377075195,21.42333984375,21.45640754699707,13.991357803344727,725021,0.0,0.0
2004-03-24,21.376100540161133,21.541439056396484,21.111555099487305,21.135175704956055,13.781888008117676,768205,0.0,0.0
2004-03-25,21.158796310424805,21.952428817749023,21.14934730529785,21.91935920715332,14.293242454528809,1151355,0.0,0.0
2004-03-26,21.895740509033203,22.6468563079834,21.824880599975586,22.297279357910156,14.53966999053955,1367062,0.0,0.0
2004-03-29,22.580720901489258,23.100360870361328,22.557100296020508,22.98225975036621,14.986337661743164,1372777,0.0,0.0
2004-03-30,22.911399841308594,23.123979568481445,22.76968002319336,23.100360870361328,15.063353538513184,328747,0.0,0.0
2004-03-31,23.076740264892578,23.185392379760742,22.86888313293457,22.86888313293457,14.912405014038086,423793,0.0,0.0
2004-04-01,22.935020446777344,23.407419204711914,22.911399841308594,23.374351501464844,15.24201488494873,619814,0.0,0.0
2004-04-02,23.610551834106445,23.8089599609375,23.568035125732422,23.738100051879883,15.479216575622559,615368,0.0,0.0
2004-04-05,23.761720657348633,24.02153968811035,23.643619537353516,23.950679779052734,15.617825508117676,535140,0.0,0.0
2004-04-06,23.95540428161621,23.95540428161621,23.5727596282959,23.6200008392334,15.402198791503906,437130,0.0,0.0
2004-04-07,23.65306854248047,23.960128784179688,23.586931228637695,23.870372772216797,15.565455436706543,313717,0.0,0.0
2004-04-08,24.06878089904785,24.18215560913086,23.700307846069336,23.714479446411133,15.463812828063965,577053,0.0,0.0
2004-04-12,23.78533935546875,23.96485137939453,23.52552032470703,23.6200008392334,15.402198791503906,506139,0.0,0.0
2004-04-13,23.6200008392334,23.700307846069336,23.114532470703125,23.114532470703125,15.07258129119873,617062,0.0,0.0
2004-04-14,22.864160537719727,23.242080688476562,22.665752410888672,22.70354461669922,14.804590225219727,575995,0.0,0.0
2004-04-15,22.708267211914062,22.901952743530273,22.514583587646484,22.67047691345215,14.783034324645996,577688,0.0,0.0
2004-04-16,22.67047691345215,22.722440719604492,22.467344284057617,22.675199508666992,14.786104202270508,793395,0.0,0.0
2004-04-19,22.722440719604492,23.105083465576172,22.722440719604492,22.920848846435547,14.94628620147705,838273,0.0,0.0
2004-04-20,22.91612434387207,23.09563636779785,22.391759872436523,22.391759872436523,14.601278305053711,598434,0.0,0.0
2004-04-21,22.443723678588867,22.92557144165039,22.42955207824707,22.92557144165039,14.949371337890625,836579,0.0,0.0
2004-04-22,22.94919204711914,23.00588035583496,22.675199508666992,22.911399841308594,14.940130233764648,567528,0.0,0.0
2004-04-23,22.911399841308594,22.935020446777344,22.401208877563477,22.5996150970459,14.736820220947266,732430,0.0,0.0
2004-04-26,22.864160537719727,23.043672561645508,22.472068786621094,22.571271896362305,14.71833610534668,679086,0.0,0.0
2004-04-27,22.48624038696289,22.580720901489258,21.857948303222656,21.91935920715332,14.293242454528809,1102032,0.0,0.0
2004-04-28,21.91935920715332,21.924083709716797,21.617023468017578,21.631195068359375,14.105332374572754,1398180,0.0,0.0
2004-04-29,21.6595401763916,21.6595401763916,21.295791625976562,21.32413673400879,13.905099868774414,886537,0.0,0.0
2004-04-30,21.32413673400879,21.465856552124023,21.158796310424805,21.281620025634766,13.877372741699219,994496,0.0,0.0
2004-05-03,21.24382781982422,21.51309585571289,20.88007926940918,20.99345588684082,13.689477920532227,1424640,0.0,0.0
2004-05-04,20.998180389404297,21.409168243408203,20.998180389404297,21.135175704956055,13.781888008117676,1133785,0.0,0.0
2004-05-05,21.191864013671875,21.39027214050293,21.069040298461914,21.1871395111084,13.815767288208008,418501,0.0,0.0
2004-05-06,21.16352081298828,21.16352081298828,20.558847427368164,20.743083953857422,13.526206016540527,776037,0.0,0.0
2004-05-07,20.62026023864746,20.936767578125,20.606088638305664,20.639156341552734,13.458439826965332,895428,0.0,0.0
2004-05-10,20.549400329589844,20.658052444458008,20.091171264648438,20.280132293701172,13.224325180053711,974809,0.0,0.0
2004-05-11,20.280132293701172,20.62970733642578,20.280132293701172,20.4974365234375,13.36602783203125,1082134,0.0,0.0
2004-05-12,20.4501953125,20.4501953125,20.015588760375977,20.2612361907959,13.212002754211426,1155800,0.0,0.0
2004-05-13,20.21399688720703,20.681671142578125,20.195100784301758,20.502159118652344,13.369105339050293,729255,0.0,0.0
2004-05-14,20.492712020874023,20.59663963317871,20.341543197631836,20.431299209594727,13.322898864746094,1165538,0.0,0.0
2004-05-17,20.40768051147461,20.40768051147461,20.025035858154297,20.12424087524414,13.122675895690918,795089,0.0,0.0
2004-05-18,20.171480178833008,20.322647094726562,20.13368797302246,20.171480178833008,13.153477668762207,1277519,0.0,0.0
2004-05-19,20.265960693359375,20.832839965820312,20.256511688232422,20.280132293701172,13.224325180053711,779424,0.0,0.0
2004-05-20,20.38405990600586,20.761980056762695,20.336820602416992,20.65332794189453,13.467682838439941,1013548,0.0,0.0
2004-05-21,20.662776947021484,20.75725555419922,20.525779724121094,20.691120147705078,13.492330551147461,292337,0.0,0.0
2004-05-24,20.809219360351562,21.10683250427246,20.743083953857422,20.917871475219727,13.64018440246582,408552,0.0,0.0
2004-05-25,20.88007926940918,21.239103317260742,20.752531051635742,21.206035614013672,13.828093528747559,844835,0.0,0.0
2004-05-26,21.158796310424805,21.560335159301758,21.097383499145508,21.560335159301758,14.05913257598877,565411,0.0,0.0
2004-05-27,21.517820358276367,21.75402069091797,21.432788848876953,21.588680267333984,14.1085205078125,472904,0.04724,0.0
2004-05-28,21.588680267333984,21.872119903564453,21.494199752807617,21.824880599975586,14.262880325317383,540008,0.0,0.0
2004-06-01,21.73040008544922,21.957151412963867,21.522544860839844,21.6595401763916,14.154833793640137,396486,0.0,0.0
2004-06-02,21.668987274169922,21.772916793823242,21.44696044921875,21.640644073486328,14.142477989196777,291279,0.0,0.0
2004-06-03,21.725675582885742,21.768192291259766,21.409168243408203,21.432788848876953,14.006640434265137,582981,0.0,0.0
2004-06-04,21.541439056396484,21.93353271484375,21.44696044921875,21.664264678955078,14.157915115356445,618755,0.0,0.0
2004-06-07,21.810707092285156,21.895740509033203,21.574508666992188,21.848499298095703,14.278319358825684,429932,0.0,0.0
2004-06-08,22.037460327148438,22.075252532958984,21.6595401763916,21.79653549194336,14.244359016418457,1289585,0.0,0.0
2004-06-09,21.824880599975586,21.97604751586914,21.711503982543945,21.772916793823242,14.22891616821289,888230,0.0,0.0
2004-06-10,21.848499298095703,21.957151412963867,21.782363891601562,21.881568908691406,14.299925804138184,792337,0.0,0.0
2004-06-14,21.848499298095703,21.848499298095703,21.281620025634766,21.371376037597656,13.966510772705078,793184,0.0,0.0
2004-06-15,21.409168243408203,22.1602840423584,21.409168243408203,22.042184829711914,14.404894828796387,1759102,0.0,0.0
2004-06-16,22.13666343688965,22.31617546081543,21.99966812133789,22.268936157226562,14.553074836730957,772650,0.0,0.0
2004-06-17,22.268936157226562,22.51930809020996,22.042184829711914,22.481515884399414,14.692000389099121,917866,0.0,0.0
2004-06-18,22.490964889526367,22.878332138061523,22.391759872436523,22.5854434967041,14.759919166564941,848434,0.0,0.0
2004-06-21,22.580720901489258,22.65630340576172,22.344520568847656,22.344520568847656,14.602473258972168,537680,0.0,0.0
2004-06-22,22.344520568847656,22.524032592773438,22.27366065979004,22.43899917602539,14.664220809936523,1138654,0.0,0.0
2004-06-23,22.43899917602539,22.920848846435547,22.368139266967773,22.831092834472656,14.920456886291504,951524,0.0,0.0
2004-06-24,22.661027908325195,22.911399841308594,22.627960205078125,22.85943603515625,14.938981056213379,684166,0.0,0.0
2004-06-25,22.85943603515625,23.14287567138672,22.821643829345703,23.067291259765625,15.074819564819336,1247036,0.0,0.0
2004-06-28,23.185392379760742,23.308216094970703,23.029499053955078,23.218460083007812,15.173606872558594,1005504,0.0,0.0
2004-06-29,23.218460083007812,23.6200008392334,23.20901107788086,23.5727596282959,15.405141830444336,1004234,0.0,0.0
2004-06-30,23.54914093017578,23.974300384521484,23.54914093017578,23.974300384521484,15.667560577392578,1250000,0.0,0.0
2004-07-01,23.856199264526367,23.92233657836914,23.397972106933594,23.407419204711914,15.297094345092773,1053556,0.0,0.0
2004-07-02,23.383800506591797,23.59638023376465,23.383800506591797,23.506624221801758,15.361923217773438,502540,0.0,0.0
2004-07-06,23.38852310180664,23.38852310180664,22.722440719604492,22.74605941772461,14.864890098571777,640347,0.0,0.0
2004-07-07,22.76968002319336,23.067291259765625,22.76968002319336,22.911399841308594,14.972936630249023,431414,0.0,0.0
2004-07-08,22.883056640625,23.029499053955078,22.5854434967041,22.84998893737793,14.932807922363281,540220,0.0,0.0
2004-07-09,22.906675338745117,23.11925506591797,22.883056640625,23.024776458740234,15.047027587890625,463590,0.0,0.0
2004-07-12,23.029499053955078,23.053119659423828,22.788576126098633,22.84998893737793,14.932807922363281,818374,0.0,0.0
2004-07-13,22.675199508666992,22.991708755493164,22.675199508666992,22.963363647460938,15.006895065307617,649026,0.0,0.0
2004-07-14,22.845264434814453,23.081464767456055,22.727163314819336,22.79330062866211,14.895758628845215,822608,0.0,0.0
2004-07-15,22.79330062866211,22.901952743530273,22.457895278930664,22.505136489868164,14.707439422607422,542337,0.0,0.0
2004-07-16,22.557100296020508,22.557100296020508,22.33979606628418,22.33979606628418,14.599383354187012,431202,0.0,0.0
2004-07-19,22.391759872436523,22.65630340576172,22.245315551757812,22.36341667175293,14.614823341369629,574301,0.0,0.0
2004-07-20,22.36341667175293,22.48624038696289,22.22641944885254,22.48624038696289,14.69509220123291,604996,0.0,0.0
2004-07-21,22.547651290893555,22.62323570251465,21.777639389038086,21.805984497070312,14.250533103942871,977985,0.0,0.0
2004-07-22,21.79653549194336,22.061080932617188,21.607576370239258,22.013839721679688,14.386368751525879,528577,0.0,0.0
2004-07-23,22.018564224243164,22.018564224243164,21.470579147338867,21.48002815246582,14.037516593933105,666384,0.0,0.0
2004-07-26,21.48002815246582,21.65009117126465,21.1729679107666,21.22020721435547,13.867717742919922,560119,0.0,0.0
2004-07-27,21.291067123413086,21.48947525024414,21.1871395111084,21.42333984375,14.000465393066406,404953,0.0,0.0
2004-07-28,21.428064346313477,21.428064346313477,21.021799087524414,21.35720443725586,13.957246780395508,624682,0.0,0.0
2004-07-29,21.35720443725586,22.6468563079834,21.35720443725586,22.5996150970459,14.769182205200195,1500423,0.0,0.0
2004-07-30,22.5996150970459,22.627960205078125,22.382312774658203,22.42955207824707,14.658042907714844,712743,0.0,0.0
2004-08-02,22.434276580810547,22.77912712097168,22.22641944885254,22.675199508666992,14.81857681274414,859441,0.0,0.0
2004-08-03,22.722440719604492,22.79330062866211,22.52875518798828,22.661027908325195,14.80931568145752,679932,0.0,0.0
2004-08-04,22.590167999267578,22.821643829345703,22.538204193115234,22.73661231994629,14.858715057373047,1081499,0.0,0.0
2004-08-05,22.73661231994629,22.73661231994629,22.0988712310791,22.0988712310791,14.44194221496582,621507,0.0,0.0
2004-08-06,21.957151412963867,22.117767333984375,21.541439056396484,21.574508666992188,14.099262237548828,672523,0.0,0.0
2004-08-09,21.6595401763916,21.76346778869629,21.57923126220703,21.621747970581055,14.130130767822266,359441,0.0,0.0
2004-08-10,21.70677947998047,21.957151412963867,21.69733238220215,21.957151412963867,14.349318504333496,446020,0.0,0.0
2004-08-11,21.895740509033203,21.895740509033203,21.092660903930664,21.257999420166016,13.892417907714844,874047,0.0,0.0
2004-08-12,21.248552322387695,21.248552322387695,20.478540420532227,20.7005672454834,13.528125762939453,1247460,0.0,0.0
2004-08-13,20.714740753173828,20.785600662231445,20.40768051147461,20.577743530273438,13.447860717773438,629763,0.0,0.0
2004-08-16,20.615535736083984,21.286344528198242,20.606088638305664,21.191864013671875,13.849199295043945,712108,0.0,0.0
2004-08-17,21.253276824951172,21.484752655029297,21.191864013671875,21.27689552307129,13.904767036437988,514395,0.0,0.0
2004-08-18,21.201311111450195,21.598127365112305,21.11627960205078,21.583955764770508,14.10543441772461,701948,0.0,0.0
2004-08-19,21.583955764770508,21.938255310058594,21.583955764770508,21.70677947998047,14.185701370239258,590601,0.0,0.0
2004-08-20,21.6595401763916,22.131940841674805,21.63591957092285,22.06580352783203,14.420326232910156,464437,0.0,0.0
2004-08-23,22.051631927490234,22.396484375,22.051631927490234,22.21697235107422,14.51912784576416,388654,0.0,0.0
2004-08-24,22.21697235107422,22.28310775756836,21.872119903564453,21.994943618774414,14.374018669128418,377011,0.0,0.0
2004-08-25,21.994943618774414,22.434276580810547,21.96660041809082,22.382312774658203,14.627172470092773,379763,0.0,0.0
2004-08-26,22.382312774658203,22.46261978149414,22.165008544921875,22.368139266967773,14.61790943145752,595893,0.0,0.0
2004-08-27,22.391759872436523,22.85943603515625,22.391759872436523,22.675199508666992,14.81857681274414,568374,0.0,0.0
2004-08-30,22.675199508666992,22.783851623535156,22.368139266967773,22.533479690551758,14.725964546203613,442633,0.0,0.0
2004-08-31,22.524032592773438,22.750783920288086,22.42955207824707,22.750783920288086,14.867975234985352,426757,0.0,0.0
2004-09-01,22.750783920288086,23.213735580444336,22.750783920288086,23.123979568481445,15.111859321594238,702583,0.0,0.0
2004-09-02,23.123979568481445,23.27987289428711,23.053119659423828,23.23263168334961,15.182867050170898,470364,0.0,0.0
2004-09-03,23.16649627685547,23.171220779418945,22.79330062866211,22.878332138061523,14.987895011901855,304615,0.056688,0.0
2004-09-07,22.95863914489746,23.19956398010254,22.953916549682617,23.090911865234375,15.127169609069824,342295,0.0,0.0
2004-09-08,23.09563636779785,23.16649627685547,22.500411987304688,22.580720901489258,14.792927742004395,546571,0.0,0.0
2004-09-09,22.651580810546875,23.26569938659668,22.62323570251465,23.138151168823242,15.158110618591309,532388,0.0,0.0
2004-09-10,23.10980796813965,23.327112197875977,23.00588035583496,23.308216094970703,15.269519805908203,1055673,0.0,0.0
2004-09-13,23.336559295654297,23.856199264526367,23.26569938659668,23.681411743164062,15.51400375366211,686494,0.0,0.0
2004-09-14,23.681411743164062,23.681411743164062,23.47827911376953,23.601104736328125,15.461400985717773,446867,0.0,0.0
2004-09-15,23.591655731201172,23.794788360595703,23.50189971923828,23.690860748291016,15.520200729370117,738146,0.0,0.0
2004-09-16,23.667240142822266,24.413631439208984,23.667240142822266,23.95540428161621,15.693504333496094,875318,0.0,0.0
2004-09-17,23.96485137939453,24.45142364501953,23.83258056640625,24.423080444335938,15.999885559082031,907282,0.0,0.0
2004-09-20,24.423080444335938,25.415119171142578,24.35222053527832,25.325363159179688,16.590984344482422,2264606,0.0,0.0
2004-09-21,25.325363159179688,26.10482406616211,25.306467056274414,26.062307357788086,17.07376480102539,1994496,0.0,0.0
2004-09-22,25.509599685668945,25.726903915405273,25.31119155883789,25.372604370117188,16.621931076049805,1502329,0.0,0.0
2004-09-23,25.372604370117188,25.372604370117188,25.023027420043945,25.136404037475586,16.467185974121094,947925,0.0,0.0
2004-09-24,25.15530014038086,25.315916061401367,25.103336334228516,25.287572860717773,16.566226959228516,1263336,0.0,0.0
2004-09-27,25.17892074584961,25.325363159179688,25.046648025512695,25.263952255249023,16.55075454711914,1293395,0.0,0.0
2004-09-28,25.2686767578125,25.632423400878906,25.0183048248291,25.230884552001953,16.52908706665039,645004,0.0,0.0
2004-09-29,25.240331649780273,25.509599685668945,25.084440231323242,25.235607147216797,16.532175064086914,894157,0.0,0.0
2004-09-30,25.282848358154297,26.01506805419922,25.207263946533203,25.953655242919922,17.002586364746094,1189246,0.0,0.0
2004-10-01,26.01506805419922,26.515811920166016,26.01506805419922,26.51108741760254,17.36776351928711,942210,0.0,0.0
2004-10-04,26.548879623413086,26.832319259643555,26.4449520111084,26.610292434692383,17.432750701904297,1079170,0.0,0.0
2004-10-05,26.61501693725586,27.02128028869629,26.61501693725586,26.841768264770508,17.58440589904785,723539,0.0,0.0
2004-10-06,26.785079956054688,27.158275604248047,26.586671829223633,27.158275604248047,17.791744232177734,480102,0.0,0.0
2004-10-07,27.422819137573242,27.616504669189453,26.89373207092285,27.281099319458008,17.872207641601562,1501270,0.0,0.0
2004-10-08,27.24330711364746,27.4039249420166,27.096864700317383,27.20079231262207,17.819608688354492,846528,0.0,0.0
2004-10-11,27.248031616210938,27.399200439453125,27.186620712280273,27.318891525268555,17.8969669342041,816892,0.0,0.0
2004-10-12,27.32361602783203,27.446439743041992,27.13465690612793,27.441715240478516,17.977428436279297,1154953,0.0,0.0
2004-10-13,27.399200439453125,27.76294708251953,27.23386001586914,27.24330711364746,17.847450256347656,707875,0.0,0.0
2004-10-14,27.29054832458496,27.318891525268555,26.86066436767578,27.167724609375,17.79794692993164,523709,0.0,0.0
2004-10-15,27.186620712280273,27.50785255432129,27.186620712280273,27.408647537231445,17.95577049255371,478196,0.0,0.0
2004-10-18,27.375579833984375,27.781843185424805,27.248031616210938,27.625951766967773,18.098125457763672,577265,0.0,0.0
2004-10-19,27.74405288696289,28.211727142333984,27.59760856628418,27.692087173461914,18.141450881958008,1754869,0.0,0.0
2004-10-20,27.659019470214844,27.66374397277832,27.02128028869629,27.158275604248047,17.791744232177734,1482854,0.0,0.0
2004-10-21,27.399200439453125,28.18338394165039,27.3566837310791,27.824359893798828,18.22810173034668,2212320,0.0,0.0
2004-10-22,27.75349998474121,27.791292190551758,27.23386001586914,27.25748062133789,17.856739044189453,1398391,0.0,0.0
2004-10-25,27.092140197753906,27.470060348510742,26.97403907775879,27.29999542236328,17.88459014892578,1332134,0.0,0.0
2004-10-26,27.21023941040039,27.602331161499023,26.912628173828125,27.4180965423584,17.961957931518555,1058002,0.0,0.0
2004-10-27,27.422819137573242,28.698299407958984,27.422819137573242,28.627439498901367,18.754215240478516,1263124,0.0,0.0
2004-10-28,28.627439498901367,29.04315185546875,28.52351188659668,28.764436721801758,18.84395980834961,960627,0.0,0.0
2004-10-29,28.66995620727539,29.090391159057617,28.655784606933594,29.0667724609375,19.04202651977539,728408,0.0,0.0
2004-11-01,29.057323455810547,29.057323455810547,28.8164005279541,29.024255752563477,19.014175415039062,1161304,0.0,0.0
2004-11-02,29.024255752563477,29.43996810913086,28.97701644897461,29.057323455810547,19.035844802856445,901143,0.0,0.0
2004-11-03,29.32659149169922,29.38327980041504,28.688852310180664,29.000635147094727,18.998706817626953,1363463,0.0,0.0
2004-11-04,28.94394874572754,29.737579345703125,28.665231704711914,29.61948013305664,19.404117584228516,1400720,0.0,0.0
2004-11-05,29.713960647583008,30.153291702270508,29.610031127929688,29.96905517578125,19.63312339782715,829170,0.0,0.0
2004-11-08,30.13912010192871,30.13912010192871,29.83678436279297,29.874576568603516,19.57123565673828,928239,0.0,0.0
2004-11-09,29.855680465698242,29.86985206604004,29.265180587768555,29.661996841430664,19.431955337524414,1108806,0.0,0.0
2004-11-10,29.61948013305664,29.713960647583008,29.22266387939453,29.421072006225586,19.27413558959961,1021169,0.0,0.0
2004-11-11,29.421072006225586,30.17218780517578,29.421072006225586,30.167463302612305,19.763099670410156,1374894,0.0,0.0
2004-11-12,30.167463302612305,30.99888801574707,29.973779678344727,30.984716415405273,20.298498153686523,1371507,0.0,0.0
2004-11-15,30.984716415405273,31.230363845825195,30.45562744140625,31.116987228393555,20.385147094726562,1312235,0.0,0.0
2004-11-16,31.03195571899414,32.16099166870117,30.857168197631836,31.707487106323242,20.77199935913086,2087003,0.0,0.0
2004-11-17,31.71221160888672,32.66645812988281,31.71221160888672,32.17988967895508,21.119234085083008,1705970,0.056688,0.0
2004-11-18,31.886999130249023,32.46805191040039,31.83503532409668,32.23185348510742,21.153329849243164,880398,0.0,0.0
2004-11-19,32.26491928100586,32.373573303222656,31.797243118286133,31.82558822631836,20.886707305908203,639712,0.0,0.0
2004-11-22,31.943687438964844,31.97203254699707,31.52797508239746,31.934240341186523,20.958009719848633,1083404,0.0,0.0
2004-11-23,32.05234146118164,32.05234146118164,31.46183967590332,31.901172637939453,20.936307907104492,1123624,0.0,0.0
2004-11-24,31.953136444091797,32.123199462890625,31.839759826660156,31.957860946655273,20.973514556884766,502117,0.0,0.0
2004-11-26,31.957860946655273,31.98147964477539,31.726383209228516,31.830312728881836,20.889812469482422,258891,0.0,0.0
2004-11-29,31.957860946655273,32.02872085571289,31.59883689880371,31.721660614013672,20.81848907470703,883150,0.0,0.0
2004-11-30,31.674419403076172,31.721660614013672,31.244535446166992,31.268156051635742,20.5208683013916,1314776,0.0,0.0
2004-12-01,31.343740463256836,31.754728317260742,31.263431549072266,31.721660614013672,20.81848907470703,1180144,0.0,0.0
2004-12-02,31.721660614013672,32.04289245605469,31.579940795898438,31.603559494018555,20.74098777770996,808848,0.0,0.0
2004-12-03,31.646076202392578,31.844484329223633,31.33901596069336,31.513803482055664,20.682085037231445,861558,0.0,0.0
2004-12-06,31.556320190429688,31.816139221191406,31.320119857788086,31.34846305847168,20.57357406616211,804826,0.0,0.0
2004-12-07,31.287052154541016,31.613008499145508,30.847719192504883,30.89968490600586,20.2790470123291,1252540,0.0,0.0
2004-12-08,30.904407501220703,31.131160736083984,30.65876007080078,30.75324058532715,20.182941436767578,580864,0.0,0.0
2004-12-09,30.724895477294922,30.724895477294922,30.07298469543457,30.313907623291016,19.894617080688477,1103726,0.0,0.0
2004-12-10,30.11549949645996,30.304460525512695,29.954883575439453,30.167463302612305,19.798503875732422,948137,0.0,0.0
2004-12-13,30.209980010986328,30.417835235595703,29.907644271850586,29.987951278686523,19.68069076538086,1196655,0.0,0.0
2004-12-14,29.987951278686523,30.417835235595703,29.950159072875977,30.29973602294922,19.885299682617188,881456,0.0,0.0
2004-12-15,30.318632125854492,30.318632125854492,29.70923614501953,29.71868324279785,19.503969192504883,1718247,0.0,0.0
2004-12-16,29.71868324279785,30.153291702270508,29.695064544677734,29.92654037475586,19.640384674072266,1415538,0.0,0.0
2004-12-17,29.713960647583008,29.76592445373535,28.66995620727539,29.194320678710938,19.159835815429688,2673370,0.0,0.0
2004-12-20,29.09984016418457,29.567516326904297,28.92032814025879,29.104564666748047,19.100933074951172,991109,0.0,0.0
2004-12-21,29.22266387939453,29.288799285888672,28.79277992248535,29.217939376831055,19.175342559814453,1271169,0.0,0.0
2004-12-22,29.147079467773438,29.336040496826172,29.028980255126953,29.118736267089844,19.110239028930664,716130,0.0,0.0
2004-12-23,29.071495056152344,29.548620223999023,29.028980255126953,29.137632369995117,19.122631072998047,537045,0.0,0.0
2004-12-27,29.16597557067871,29.232112884521484,28.844743728637695,28.89670753479004,18.964521408081055,404953,0.0,0.0
2004-12-28,28.94394874572754,29.27935218811035,28.94394874572754,29.251007080078125,19.197040557861328,535563,0.0,0.0
2004-12-29,29.13290786743164,29.284076690673828,29.028980255126953,29.13290786743164,19.119539260864258,542760,0.0,0.0
2004-12-30,29.15652847290039,29.388004302978516,29.137632369995117,29.236835479736328,19.187742233276367,532388,0.0,0.0
2004-12-31,29.236835479736328,29.369108200073242,29.13290786743164,29.18959617614746,19.15675163269043,382091,0.0,0.0
2005-01-03,29.236835479736328,29.388004302978516,28.2825870513916,28.405412673950195,18.642093658447266,851185,0.0,0.0
2005-01-04,28.36762046813965,28.36762046813965,27.092140197753906,27.148828506469727,17.817419052124023,2120872,0.0,0.0
2005-01-05,27.163000106811523,27.23386001586914,26.789804458618164,26.855939865112305,17.62519645690918,2174217,0.0,0.0
2005-01-06,26.950420379638672,27.682640075683594,26.9315242767334,27.24330711364746,17.879417419433594,1484759,0.0,0.0
2005-01-07,27.31416893005371,27.4180965423584,26.879560470581055,26.90790367126465,17.659297943115234,889077,0.0,0.0
2005-01-10,26.832319259643555,27.399200439453125,26.832319259643555,27.31416893005371,17.925926208496094,850127,0.0,0.0
2005-01-11,27.25748062133789,27.276376724243164,26.846492767333984,26.94097137451172,17.68099594116211,863251,0.0,0.0
2005-01-12,27.413372039794922,27.559816360473633,26.96459197998047,27.252756118774414,17.8856201171875,1265453,0.0,0.0
2005-01-13,27.304719924926758,27.33306312561035,27.03072738647461,27.13465690612793,17.808109283447266,870237,0.0,0.0
2005-01-14,27.13465690612793,27.588159561157227,27.08741569519043,27.54092025756836,18.074737548828125,1381245,0.0,0.0
2005-01-18,27.54092025756836,27.54092025756836,27.167724609375,27.29054832458496,17.910415649414062,912574,0.0,0.0
2005-01-19,27.281099319458008,27.281099319458008,26.610292434692383,26.666980743408203,17.50118064880371,901778,0.0,0.0
2005-01-20,26.548879623413086,26.60084342956543,25.9442081451416,25.953655242919922,17.033037185668945,1549323,0.0,0.0
2005-01-21,26.019792556762695,26.194580078125,25.452911376953125,25.56156349182129,16.775705337524414,1272227,0.0,0.0
2005-01-24,25.840280532836914,26.35047149658203,25.793039321899414,25.793039321899414,16.927623748779297,1308637,0.0,0.0
2005-01-25,25.86389923095703,26.270164489746094,25.580459594726562,25.637147903442383,16.825305938720703,1021804,0.0,0.0
2005-01-26,25.722179412841797,26.232372283935547,25.632423400878906,26.175683975219727,17.17875099182129,1323455,0.0,0.0
2005-01-27,29.751752853393555,30.233600616455078,28.84001922607422,30.2288761138916,19.83880615234375,6137172,0.0,0.0
2005-01-28,30.110776901245117,30.82882308959961,29.43996810913086,29.798992156982422,19.556682586669922,2570068,0.0,0.0
2005-01-31,29.997400283813477,31.24925994873047,29.99267578125,30.597347259521484,20.08063316345215,1876376,0.0,0.0
2005-02-01,31.083919525146484,31.135883331298828,30.75324058532715,30.94219970703125,20.306947708129883,2588061,0.0,0.0
2005-02-02,30.94219970703125,30.946924209594727,30.559555053710938,30.720172882080078,20.161235809326172,979467,0.0,0.0
2005-02-03,30.720172882080078,30.720172882080078,30.176912307739258,30.233600616455078,19.84190559387207,1011431,0.0,0.0
2005-02-04,30.280839920043945,30.39893913269043,30.247772216796875,30.346975326538086,19.91631317138672,1156224,0.0,0.0
2005-02-07,30.2902889251709,30.483972549438477,30.233600616455078,30.46980094909668,19.99692726135254,861770,0.0,0.0
2005-02-08,30.42255973815918,30.894960403442383,30.42255973815918,30.68238067626953,20.13643455505371,881033,0.0,0.0
2005-02-09,30.65876007080078,30.677656173706055,30.068260192871094,30.285564422607422,19.876008987426758,1320914,0.0,0.0
2005-02-10,30.261943817138672,30.394216537475586,30.134395599365234,30.351699829101562,19.919408798217773,950254,0.0,0.0
2005-02-11,30.351699829101562,30.894960403442383,30.143844604492188,30.871339797973633,20.26044464111328,828747,0.0,0.0
2005-02-14,30.871339797973633,31.093368530273438,30.479248046875,30.838272094726562,20.238746643066406,787468,0.0,0.0
2005-02-15,30.9185791015625,31.2020206451416,30.70599937438965,31.036680221557617,20.368953704833984,1161304,0.0,0.0
2005-02-16,30.94219970703125,31.150056838989258,30.800479888916016,31.03195571899414,20.36585807800293,1370872,0.0,0.0
2005-02-17,31.050851821899414,31.131160736083984,30.583175659179688,30.65876007080078,20.120941162109375,563082,0.0,0.0
2005-02-18,30.68238067626953,30.904407501220703,30.54538345336914,30.6682071685791,20.127124786376953,632091,0.0,0.0
2005-02-22,30.620967864990234,31.013059616088867,30.41311264038086,30.50286865234375,20.01862144470215,992379,0.0,0.0
2005-02-23,30.498144149780273,30.75324058532715,30.342252731323242,30.474523544311523,20.000017166137695,927392,0.0,0.0
2005-02-24,30.474523544311523,31.400428771972656,30.474523544311523,31.367359161376953,20.58597755432129,874894,0.0,0.0
2005-02-25,31.24925994873047,31.83503532409668,31.197296142578125,31.67914390563965,20.79059410095215,668713,0.0,0.0
2005-02-28,31.910619735717773,32.212955474853516,31.471288681030273,31.50908088684082,20.678983688354492,1124682,0.0,0.0
2005-03-01,31.613008499145508,32.4397087097168,31.60828399658203,32.3452262878418,21.227733612060547,850339,0.0,0.0
2005-03-02,32.194061279296875,32.62866973876953,32.02872085571289,32.52946472167969,21.348651885986328,775191,0.0,0.0
2005-03-03,32.52946472167969,32.567256927490234,32.170440673828125,32.46805191040039,21.308349609375,1045301,0.0,0.0
2005-03-04,32.567256927490234,32.82707595825195,32.35940170288086,32.51056671142578,21.33625030517578,702583,0.0,0.0
2005-03-07,32.53418731689453,32.860145568847656,32.53418731689453,32.77983474731445,21.51296615600586,743014,0.0,0.0
2005-03-08,32.54835891723633,32.64756393432617,31.877552032470703,31.976755142211914,20.985912322998047,1040644,0.0,0.0
2005-03-09,32.0003776550293,32.57197952270508,31.98147964477539,32.057064056396484,21.038623809814453,1028154,0.0,0.0
2005-03-10,32.02872085571289,32.17988967895508,31.424047470092773,31.820863723754883,20.92059898376465,934166,0.056688,0.0
2005-03-11,31.93896484375,32.20823287963867,31.92479133605957,32.146820068359375,21.134899139404297,783023,0.0,0.0
2005-03-14,32.406639099121094,32.8790397644043,32.35940170288086,32.8648681640625,21.606977462768555,953218,0.0,0.0
2005-03-15,33.04438018798828,33.06800079345703,32.62394332885742,32.699527740478516,21.498273849487305,780694,0.0,0.0
2005-03-16,32.699527740478516,32.77983474731445,32.014549255371094,32.08540725708008,21.09452247619629,641406,0.0,0.0
2005-03-17,32.075958251953125,32.63811492919922,31.967308044433594,32.54835891723633,21.398889541625977,730737,0.0,0.0
2005-03-18,32.123199462890625,32.127925872802734,31.206743240356445,31.211467742919922,20.51995086669922,1596952,0.0,0.0
2005-03-21,31.27288055419922,31.471288681030273,31.183124542236328,31.27288055419922,20.56032943725586,542760,0.0,0.0
2005-03-22,31.24925994873047,31.934240341186523,31.16895294189453,31.674419403076172,20.82431411743164,924640,0.0,0.0
2005-03-23,31.6885929107666,32.20823287963867,31.556320190429688,31.754728317260742,20.877120971679688,883362,0.0,0.0
2005-03-24,31.80196762084961,32.20823287963867,31.80196762084961,31.83503532409668,20.929916381835938,522439,0.0,0.0
2005-03-28,31.83503532409668,32.06178665161133,31.594112396240234,31.594112396240234,20.771522521972656,658764,0.0,0.0
2005-03-29,31.296499252319336,31.42877197265625,30.41311264038086,30.540660858154297,20.07893180847168,1673582,0.0,0.0
2005-03-30,30.540660858154297,30.800479888916016,30.521764755249023,30.616243362426758,20.128623962402344,1208298,0.0,0.0
2005-03-31,30.498144149780273,31.036680221557617,30.346975326538086,30.847719192504883,20.28081703186035,975762,0.0,2.0
2005-04-01,31.131160736083984,31.442943572998047,30.564279556274414,30.76268768310547,20.22490119934082,547523,0.0,0.0
2005-04-04,30.838272094726562,30.838272094726562,30.346975326538086,30.48869514465332,20.044775009155273,746190,0.0,0.0
2005-04-05,30.70599937438965,30.94219970703125,30.48869514465332,30.60207176208496,20.119304656982422,770745,0.0,0.0
2005-04-06,30.743791580200195,31.235088348388672,30.611520767211914,30.979991912841797,20.367767333984375,593141,0.0,0.0
2005-04-07,30.88551139831543,31.471288681030273,30.88551139831543,31.310672760009766,20.585176467895508,490157,0.0,0.0
2005-04-08,31.291776657104492,31.556320190429688,31.05557632446289,31.301223754882812,20.57896614074707,540114,0.0,0.0
2005-04-11,31.433496475219727,31.669696807861328,30.98944091796875,31.102815628051758,20.44852066040039,616215,0.0,0.0
2005-04-12,31.22563934326172,31.22563934326172,30.70599937438965,30.951648712158203,20.34913444519043,780694,0.0,0.0
2005-04-13,31.046127319335938,31.046127319335938,30.091880798339844,30.384767532348633,19.976442337036133,700148,0.0,0.0
2005-04-14,30.441455841064453,30.7154483795166,30.02574348449707,30.224151611328125,19.870840072631836,608171,0.0,0.0
2005-04-15,30.233600616455078,30.261943817138672,29.118736267089844,29.364383697509766,19.30558204650879,985605,0.0,0.0
2005-04-18,29.477760314941406,30.261943817138672,28.58964729309082,29.005359649658203,19.069549560546875,960732,0.0,0.0
2005-04-19,29.336040496826172,29.761199951171875,29.307695388793945,29.666719436645508,19.50435447692871,575360,0.0,0.0
2005-04-20,29.56279182434082,29.572240829467773,28.051111221313477,28.17393684387207,18.52292823791504,1250635,0.0,0.0
2005-04-21,28.485719680786133,28.721920013427734,28.12669563293457,28.674680709838867,18.85213851928711,1121613,0.0,0.0
2005-04-22,28.674680709838867,28.674680709838867,27.710983276367188,28.17393684387207,18.52292823791504,688188,0.0,0.0
2005-04-25,28.391239166259766,28.7691593170166,28.202280044555664,28.721920013427734,18.88320541381836,842295,0.0,0.0
2005-04-26,28.485719680786133,29.014808654785156,28.41013526916504,29.014808654785156,19.075767517089844,1082663,0.0,0.0
2005-04-27,28.882535934448242,29.137632369995117,26.085927963256836,26.312679290771484,17.29925537109375,3096317,0.0,0.0
2005-04-28,26.312679290771484,26.785079956054688,26.246543884277344,26.577224731445312,17.473180770874023,1520957,0.0,0.0
2005-04-29,26.596120834350586,26.8701114654541,25.745800018310547,26.643360137939453,17.516647338867188,1485605,0.0,0.0
2005-05-02,26.6339111328125,27.115760803222656,26.6339111328125,26.73784065246582,17.578773498535156,839860,0.0,0.0
2005-05-03,26.73784065246582,27.096864700317383,26.73784065246582,26.926799774169922,17.703001022338867,746507,0.0,0.0
2005-05-04,27.002384185791016,27.238584518432617,26.9173526763916,27.049623489379883,17.783750534057617,944856,0.0,0.0
2005-05-05,27.049623489379883,27.512575149536133,26.832319259643555,27.304719924926758,17.951459884643555,767464,0.0,0.0
2005-05-06,27.54092025756836,27.710983276367188,27.068519592285156,27.588159561157227,18.137813568115234,613992,0.0,0.0
2005-05-09,27.77712059020996,27.899944305419922,27.38030433654785,27.758224487304688,18.24962615966797,509738,0.0,0.0
2005-05-10,27.66374397277832,27.66374397277832,27.219688415527344,27.33306312561035,17.97010040283203,1143522,0.0,0.0
2005-05-11,27.446439743041992,27.625951766967773,27.351959228515625,27.54092025756836,18.10675621032715,952159,0.0,0.0
2005-05-12,27.625951766967773,28.013320922851562,27.588159561157227,27.748775482177734,18.243412017822266,848116,0.0,0.0
2005-05-13,27.748775482177734,28.041664123535156,27.399200439453125,27.625951766967773,18.162662506103516,1544983,0.0,0.0
2005-05-16,27.54092025756836,27.814912796020508,27.49367904663086,27.654296875,18.181293487548828,1162786,0.0,0.0
2005-05-17,27.4180965423584,27.72043228149414,27.304719924926758,27.588159561157227,18.137813568115234,757409,0.0,0.0
2005-05-18,27.682640075683594,27.824359893798828,27.465335845947266,27.77712059020996,18.262052536010742,1799746,0.0,0.0
2005-05-19,27.77712059020996,28.381792068481445,27.77712059020996,28.315656661987305,18.616104125976562,466765,0.0,0.0
2005-05-20,28.315656661987305,28.381792068481445,28.155040740966797,28.315656661987305,18.616104125976562,322079,0.0,0.0
2005-05-23,28.315656661987305,29.062047958374023,28.315656661987305,28.97701644897461,19.050918579101562,741321,0.0,0.0
2005-05-24,29.005359649658203,29.005359649658203,28.52351188659668,28.5802001953125,18.79002571105957,511219,0.0,0.0
2005-05-25,28.570751190185547,28.570751190185547,27.011831283569336,27.361408233642578,17.98873519897461,1158340,0.0,0.0
2005-05-26,27.436992645263672,27.67319107055664,27.248031616210938,27.503128051757812,18.119443893432617,1420406,0.056688,0.0
2005-05-27,27.408647537231445,27.55036735534668,26.898456573486328,27.503128051757812,18.119443893432617,558954,0.0,0.0
2005-05-31,27.4180965423584,27.446439743041992,27.125207901000977,27.15355110168457,17.88913917541504,393417,0.0,0.0
2005-06-01,27.25748062133789,27.956632614135742,27.21023941040039,27.796016693115234,18.312410354614258,494179,0.0,0.0
2005-06-02,27.928287506103516,28.221176147460938,27.796016693115234,28.06056022644043,18.486698150634766,533975,0.0,0.0
2005-06-03,27.899944305419922,27.93773651123047,27.238584518432617,27.238584518432617,17.945161819458008,1942210,0.0,0.0
2005-06-06,27.238584518432617,27.654296875,26.945695877075195,27.49367904663086,18.113218307495117,908340,0.0,0.0
2005-06-07,27.588159561157227,27.748775482177734,26.926799774169922,26.96459197998047,17.7646484375,783446,0.0,0.0
2005-06-08,26.97403907775879,27.096864700317383,26.548879623413086,26.652807235717773,17.559246063232422,735500,0.0,0.0
2005-06-09,27.115760803222656,27.172447204589844,26.17095947265625,26.69059944152832,17.584150314331055,1197396,0.0,0.0
2005-06-10,30.517040252685547,30.7154483795166,29.572240829467773,29.855680465698242,19.66933822631836,3321655,0.0,0.0
2005-06-13,29.855680465698242,30.2430477142334,29.770647048950195,30.20525550842285,19.899646759033203,726820,0.0,0.0
2005-06-14,30.280839920043945,30.923303604125977,30.233600616455078,30.517040252685547,20.105058670043945,1038950,0.0,0.0
2005-06-15,30.65876007080078,30.82882308959961,30.36587142944336,30.772136688232422,20.273115158081055,875106,0.0,0.0
2005-06-16,30.866615295410156,31.05557632446289,30.450904846191406,30.554832458496094,20.12995147705078,709568,0.0,0.0
2005-06-17,30.800479888916016,30.800479888916016,30.29973602294922,30.6682071685791,20.20464324951172,856160,0.0,0.0
2005-06-20,30.479248046875,30.479248046875,29.921815872192383,30.091880798339844,19.82495880126953,913315,0.0,0.0
2005-06-21,30.233600616455078,30.65876007080078,30.110776901245117,30.158016204833984,19.868528366088867,991003,0.0,0.0
2005-06-22,30.394216537475586,31.12171173095703,30.394216537475586,30.75324058532715,20.260671615600586,974915,0.0,0.0
2005-06-23,30.94219970703125,30.94219970703125,30.224151611328125,30.35642433166504,19.99924087524414,764818,0.0,0.0
2005-06-24,30.261943817138672,30.318632125854492,29.184871673583984,29.37383270263672,19.351892471313477,701207,0.0,0.0
2005-06-27,29.506103515625,29.524999618530273,28.873088836669922,29.175424575805664,19.221179962158203,646592,0.0,0.0
2005-06-28,29.345487594604492,29.572240829467773,29.175424575805664,29.5533447265625,19.470163345336914,427604,0.0,0.0
2005-06-29,29.68561553955078,29.704511642456055,29.336040496826172,29.572240829467773,19.482606887817383,504234,0.0,0.0
2005-06-30,29.67616844177246,30.01629638671875,29.487207412719727,29.487207412719727,19.426589965820312,424323,0.0,0.0
2005-07-01,29.572240829467773,29.95960807800293,29.477760314941406,29.95960807800293,19.737812042236328,744814,0.0,0.0
2005-07-05,29.95960807800293,30.13912010192871,29.572240829467773,29.84623146057129,19.66311264038086,431837,0.0,0.0
2005-07-06,29.950159072875977,30.01629638671875,29.477760314941406,29.477760314941406,19.420372009277344,787574,0.0,0.0
2005-07-07,29.487207412719727,30.091880798339844,29.298248291015625,30.044639587402344,19.79383087158203,733806,0.0,0.0
2005-07-08,30.13912010192871,30.432008743286133,29.90291976928711,30.394216537475586,20.024141311645508,463484,0.0,0.0
2005-07-11,30.70599937438965,31.320119857788086,30.65876007080078,31.197296142578125,20.5532169342041,657282,0.0,0.0
2005-07-12,31.27288055419922,31.52797508239746,31.027231216430664,31.150056838989258,20.5221004486084,466130,0.0,0.0
2005-07-13,31.131160736083984,31.17840003967285,30.384767532348633,30.526487350463867,20.111276626586914,978514,0.0,0.0
2005-07-14,31.083919525146484,31.310672760009766,30.564279556274414,30.82882308959961,20.310462951660156,612511,0.0,0.0
2005-07-15,30.82882308959961,30.894960403442383,30.36587142944336,30.781583786010742,20.279348373413086,435965,0.0,0.0
2005-07-18,30.781583786010742,30.781583786010742,30.346975326538086,30.460351943969727,20.06770896911621,524132,0.0,0.0
2005-07-19,30.564279556274414,30.630416870117188,30.375320434570312,30.517040252685547,20.105058670043945,659187,0.0,0.0
2005-07-20,29.912368774414062,30.25249671936035,29.67616844177246,30.13912010192871,19.856077194213867,1080017,0.0,0.0
2005-07-21,30.2430477142334,30.280839920043945,29.73285675048828,29.950159072875977,19.73159408569336,739204,0.0,0.0
2005-07-22,30.07298469543457,30.101327896118164,29.572240829467773,29.83678436279297,19.656890869140625,472163,0.0,0.0
2005-07-25,29.83678436279297,29.950159072875977,29.203767776489258,29.392728805541992,19.364343643188477,574090,0.0,0.0
2005-07-26,29.392728805541992,30.13912010192871,29.251007080078125,29.921815872192383,19.712915420532227,1483489,0.0,0.0
2005-07-27,30.318632125854492,30.677656173706055,29.90291976928711,30.677656173706055,20.210874557495117,822502,0.0,0.0
2005-07-28,32.35940170288086,34.466304779052734,32.35940170288086,34.305686950683594,22.601072311401367,3549852,0.0,0.0
2005-07-29,33.74825668334961,35.35441589355469,33.74825668334961,35.02373504638672,23.074132919311523,1333616,0.0,0.0
2005-08-01,34.72140121459961,35.00484085083008,33.99390411376953,34.04114532470703,22.42679214477539,888124,0.0,0.0
2005-08-02,33.975006103515625,34.485198974609375,33.842735290527344,34.116729736328125,22.47658920288086,1067845,0.0,0.0
2005-08-03,34.01279830932617,34.371822357177734,33.540401458740234,34.17341613769531,22.51393699645996,1158129,0.0,0.0
2005-08-04,34.17341613769531,34.3245849609375,33.52150344848633,33.7293586730957,22.22136878967285,728196,0.0,0.0
2005-08-05,33.672672271728516,33.94666290283203,33.36088943481445,33.79549789428711,22.26494598388672,1040644,0.0,0.0
2005-08-08,34.39072036743164,34.759193420410156,33.87107849121094,33.91831970214844,22.345867156982422,945914,0.0,0.0
2005-08-09,34.06003952026367,34.07893753051758,33.57819366455078,34.01279830932617,22.408113479614258,709251,0.0,0.0
2005-08-10,34.34347915649414,34.579681396484375,33.8238410949707,34.10728073120117,22.470354080200195,938929,0.0,0.0
2005-08-11,34.05059051513672,34.47575378417969,33.92776870727539,34.419063568115234,22.675762176513672,590919,0.0,0.0
2005-08-12,34.39072036743164,34.69305419921875,34.07893753051758,34.579681396484375,22.78158187866211,762701,0.0,0.0
2005-08-15,34.68360900878906,35.637855529785156,34.36237716674805,35.25993728637695,23.229745864868164,1162151,0.0,0.0
2005-08-16,35.807918548583984,35.807918548583984,34.62691879272461,35.01428985595703,23.06790542602539,1302498,0.0,0.0
2005-08-17,34.863121032714844,35.174903869628906,34.80643081665039,35.14656066894531,23.155059814453125,1374471,0.0,0.0
2005-08-18,34.98594284057617,35.38275909423828,34.62691879272461,34.85367202758789,22.96208953857422,1404107,0.0,0.0
2005-08-19,34.89146423339844,35.061527252197266,34.69305419921875,34.95759963989258,23.03055763244629,627964,0.0,0.0
2005-08-22,34.96704864501953,35.344966888427734,34.768638610839844,35.24103927612305,23.217288970947266,890982,0.0,0.0
2005-08-23,35.505584716796875,35.618961334228516,35.02373504638672,35.43000030517578,23.341779708862305,841025,0.0,0.0
2005-08-24,35.24103927612305,35.99687957763672,35.16545486450195,35.21269607543945,23.198625564575195,1034822,0.0,0.0
2005-08-25,35.411102294921875,36.07246398925781,35.231590270996094,35.807918548583984,23.590763092041016,899132,0.0,0.0
2005-08-26,35.618961334228516,35.69454574584961,34.645816802978516,35.13711166381836,23.14882469177246,715072,0.0,0.0
2005-08-29,35.13711166381836,35.231590270996094,34.44740676879883,35.231590270996094,23.2110652923584,559166,0.0,0.0
2005-08-30,35.231590270996094,35.49613571166992,34.95759963989258,35.42055130004883,23.33555030822754,825254,0.0,0.0
2005-08-31,35.42055130004883,36.53541564941406,35.278831481933594,36.478729248046875,24.032697677612305,1109335,0.0,0.0
2005-09-01,36.75271987915039,36.79996109008789,35.84571075439453,36.081912994384766,23.77126693725586,677710,0.0,0.0
2005-09-02,35.94963836669922,36.24252700805664,35.637855529785156,35.71343994140625,23.577913284301758,296888,0.075584,0.0
2005-09-06,36.11970520019531,37.470767974853516,36.11970520019531,37.41408157348633,24.700658798217773,728196,0.0,0.0
2005-09-07,37.83924102783203,39.39815902709961,37.83924102783203,39.256439208984375,25.916976928710938,1605419,0.0,0.0
2005-09-08,39.06747817993164,39.51153564453125,38.377777099609375,38.377777099609375,25.336896896362305,1345682,0.0,0.0
2005-09-09,38.377777099609375,38.73680114746094,38.23605728149414,38.5950813293457,25.48035430908203,815622,0.0,0.0
2005-09-12,38.70845413208008,38.73680114746094,37.6030387878418,37.688072204589844,24.881555557250977,751693,0.0,0.0
2005-09-13,37.688072204589844,38.24550247192383,37.25346374511719,38.094337463378906,25.1497859954834,1471846,0.0,0.0
2005-09-14,38.24550247192383,38.25495147705078,36.847198486328125,37.1495361328125,24.52601432800293,698243,0.0,0.0
2005-09-15,37.338497161865234,37.72586441040039,37.19677734375,37.72586441040039,24.906505584716797,610394,0.0,0.0
2005-09-16,37.72586441040039,37.886478424072266,37.489662170410156,37.83924102783203,24.98135757446289,715813,0.0,0.0
2005-09-19,38.14157485961914,38.169921875,36.92278289794922,37.272361755371094,24.607093811035156,672206,0.0,0.0
2005-09-20,37.489662170410156,37.78255081176758,36.563758850097656,37.18732833862305,24.550966262817383,490686,0.0,0.0
2005-09-21,36.97947311401367,36.97947311401367,35.326072692871094,35.88350296020508,23.690183639526367,1020745,0.0,0.0
2005-09-22,35.88350296020508,36.35590362548828,35.439449310302734,36.34645462036133,23.995826721191406,536304,0.0,0.0
2005-09-23,36.33700942993164,37.99040985107422,35.921295166015625,37.518009185791016,24.769283294677734,1036727,0.0,0.0
2005-09-26,37.886478424072266,38.23605728149414,37.11174392700195,37.26291275024414,24.60085678100586,740262,0.0,0.0
2005-09-27,37.272361755371094,37.77310562133789,37.18732833862305,37.50856018066406,24.763042449951172,533340,0.0,0.0
2005-09-28,37.6030387878418,38.05654525756836,37.338497161865234,37.980960845947266,25.07491683959961,531964,0.0,0.0
2005-09-29,37.886478424072266,38.87852096557617,37.78255081176758,38.78403854370117,25.60511016845703,699301,0.0,0.0
2005-09-30,38.906864166259766,40.13510513305664,38.0281982421875,39.49264144897461,26.072933197021484,1411939,0.0,0.0
2005-10-03,39.72883987426758,39.96503829956055,38.94465637207031,39.634361267089844,26.166473388671875,866427,0.0,0.0
2005-10-04,39.634361267089844,39.634361267089844,38.86907196044922,38.86907196044922,25.66124153137207,828429,0.0,0.0
2005-10-05,38.69900894165039,38.840728759765625,37.886478424072266,37.92427062988281,25.037498474121094,835944,0.0,0.0
2005-10-06,37.933719635009766,37.94316864013672,37.31959915161133,37.489662170410156,24.75055694580078,501376,0.0,0.0
2005-10-07,37.59359359741211,37.99040985107422,37.41408157348633,37.99040985107422,25.081161499023438,216130,0.0,0.0
2005-10-10,38.169921875,38.17936706542969,37.055057525634766,37.54635238647461,24.78798484802246,619073,0.0,0.0
2005-10-11,37.584144592285156,37.84868621826172,36.85664749145508,36.98891830444336,24.419994354248047,547947,0.0,0.0
2005-10-12,36.894439697265625,37.36684036254883,35.7039909362793,36.412593841552734,24.03948974609375,566152,0.0,0.0
2005-10-13,36.28031921386719,36.847198486328125,35.77957534790039,36.129150390625,23.852359771728516,379022,0.0,0.0
2005-10-14,36.34645462036133,36.365352630615234,35.2977294921875,35.88350296020508,23.690183639526367,665644,0.0,0.0
2005-10-17,35.88350296020508,35.88350296020508,34.69305419921875,35.66619873046875,23.546716690063477,1000635,0.0,0.0
2005-10-18,35.66619873046875,35.7039909362793,34.87256622314453,35.44889450073242,23.403257369995117,604467,0.0,0.0
2005-10-19,35.43000030517578,35.902400970458984,35.156009674072266,35.76068115234375,23.609102249145508,695597,0.0,0.0
2005-10-20,36.23308181762695,36.6771354675293,35.6756477355957,35.921295166015625,23.71512794494629,614416,0.0,0.0
2005-10-21,35.99687957763672,36.37480163574219,35.73233413696289,35.93074417114258,23.72137451171875,472058,0.0,0.0
2005-10-24,35.855159759521484,36.35590362548828,35.84571075439453,36.23308181762695,23.920974731445312,579382,0.0,0.0
2005-10-25,36.13859939575195,36.45983123779297,35.807918548583984,36.129150390625,23.852359771728516,767358,0.0,0.0
2005-10-26,36.18584060668945,36.37480163574219,35.60006332397461,35.89295196533203,23.696420669555664,543819,0.0,0.0
2005-10-27,37.08340072631836,37.67862319946289,35.47724151611328,37.31959915161133,24.638286590576172,1955970,0.0,0.0
2005-10-28,37.78255081176758,38.0281982421875,36.68658447265625,37.95261764526367,25.056201934814453,1173158,0.0,0.0
2005-10-31,38.64231872558594,39.02968978881836,38.169921875,38.83127975463867,25.636289596557617,1479572,0.0,0.0
2005-11-01,38.86907196044922,39.10527038574219,38.45336151123047,38.746246337890625,25.580156326293945,640559,0.0,0.0
2005-11-02,38.746246337890625,39.72883987426758,38.5950813293457,39.45484924316406,26.047977447509766,719412,0.0,0.0
2005-11-03,39.67215347290039,41.03266525268555,39.67215347290039,39.96503829956055,26.38479995727539,1471317,0.0,0.0
2005-11-04,40.05952072143555,40.409095764160156,39.417057037353516,39.68159866333008,26.19768524169922,604784,0.0,0.0
2005-11-07,39.72883987426758,41.089351654052734,39.72883987426758,40.5697135925293,26.784015655517578,980737,0.0,0.0
2005-11-08,40.10675811767578,40.626399993896484,40.04062271118164,40.35240936279297,26.64054298400879,595999,0.0,0.0
2005-11-09,40.17289733886719,40.626399993896484,39.87055969238281,40.163448333740234,26.515777587890625,583086,0.0,0.0
2005-11-10,40.05952072143555,40.276824951171875,39.539878845214844,40.26737594604492,26.58439064025879,549005,0.0,0.0
2005-11-11,40.43743896484375,40.92873764038086,40.30516815185547,40.43743896484375,26.69668197631836,401143,0.0,0.0
2005-11-14,40.626399993896484,42.44041442871094,40.295719146728516,42.32704162597656,27.94419288635254,1653683,0.0,0.0
2005-11-15,42.32704162597656,43.15846252441406,41.779056549072266,41.901878356933594,27.66348648071289,897968,0.0,0.0
2005-11-16,42.2986946105957,42.32704162597656,41.05155944824219,41.17438507080078,27.23232650756836,889395,0.075584,0.0
2005-11-17,41.59009552001953,42.04359817504883,41.24052047729492,41.334999084472656,27.33855438232422,970999,0.0,0.0
2005-11-18,41.334999084472656,41.56175231933594,41.14604187011719,41.334999084472656,27.33855438232422,900931,0.0,0.0
2005-11-21,41.552303314208984,41.76015853881836,40.71143341064453,41.32555389404297,27.332324981689453,778154,0.0,0.0
2005-11-22,41.334999084472656,42.591583251953125,40.88149642944336,42.27980041503906,27.96344566345215,805779,0.0,0.0
2005-11-23,42.56324005126953,42.922264099121094,42.242008209228516,42.44041442871094,28.069671630859375,485500,0.0,0.0
2005-11-25,42.61048126220703,42.638824462890625,42.14752960205078,42.38372802734375,28.032176971435547,171147,0.0,0.0
2005-11-28,42.7994384765625,42.941158294677734,41.62788772583008,41.845191955566406,27.676002502441406,552075,0.0,0.0
2005-11-29,42.04359817504883,43.25294494628906,42.04359817504883,42.21366500854492,27.919692993164062,881033,0.0,0.0
2005-11-30,42.3742790222168,42.49710464477539,41.968017578125,42.11918258666992,27.857219696044922,504022,0.0,0.0
2005-12-01,42.51599884033203,42.771095275878906,42.36483383178711,42.48765563964844,28.10092544555664,739733,0.0,0.0
2005-12-02,42.51599884033203,42.704959869384766,42.109737396240234,42.23255920410156,27.93218994140625,336685,0.0,0.0
2005-12-05,42.081390380859375,42.260902404785156,41.32555389404297,42.109737396240234,27.850976943969727,318692,0.0,0.0
2005-12-06,42.51599884033203,42.61048126220703,41.27831268310547,41.4483757019043,27.413551330566406,665326,0.0,0.0
2005-12-07,41.57120132446289,41.712921142578125,41.19327926635742,41.552303314208984,27.482288360595703,477561,0.0,0.0
2005-12-08,41.505062103271484,41.98691177368164,40.919288635253906,41.25941467285156,27.28857421875,474809,0.0,0.0
2005-12-09,41.10824966430664,41.429481506347656,40.74922561645508,41.136592864990234,27.20733642578125,454064,0.0,0.0
2005-12-12,41.136592864990234,41.30665588378906,40.513023376464844,40.673641204833984,26.901145935058594,580229,0.0,0.0
2005-12-13,40.673641204833984,40.81536102294922,40.17289733886719,40.3996467590332,26.719919204711914,716342,0.0,0.0
2005-12-14,40.48468017578125,41.14604187011719,40.342960357666016,40.68308639526367,26.907386779785156,401143,0.0,0.0
2005-12-15,40.10675811767578,40.673641204833984,38.330535888671875,40.645294189453125,26.882396697998047,1329594,0.0,0.0
2005-12-16,40.84370422363281,41.089351654052734,39.880008697509766,40.116207122802734,26.5324764251709,774344,0.0,0.0
2005-12-19,40.116207122802734,40.163448333740234,39.33202362060547,39.51153564453125,26.132535934448242,604890,0.0,0.0
2005-12-20,39.435951232910156,39.86111068725586,39.21864700317383,39.530433654785156,26.145038604736328,1106478,0.0,0.0
2005-12-21,39.700496673583984,40.13510513305664,39.66270446777344,39.73828887939453,26.282516479492188,678027,0.0,0.0
2005-12-22,40.15399932861328,41.60899353027344,40.15399932861328,41.57120132446289,27.494783401489258,881986,0.0,0.0
2005-12-23,41.57120132446289,41.86408615112305,41.41058349609375,41.63733673095703,27.53852653503418,507727,0.0,0.0
2005-12-27,41.98691177368164,42.21366500854492,41.30665588378906,41.4200325012207,27.394800186157227,552921,0.0,0.0
2005-12-28,41.4200325012207,41.429481506347656,40.966529846191406,41.21217727661133,27.25732421875,462108,0.0,0.0
2005-12-29,41.21217727661133,41.438926696777344,40.95708084106445,41.023216247558594,27.132343292236328,426122,0.0,0.0
2005-12-30,41.03266525268555,41.070457458496094,40.63584899902344,40.63584899902344,26.87614631652832,334780,0.0,0.0
2006-01-03,41.09880065917969,41.76015853881836,40.86259841918945,41.45782470703125,27.419811248779297,989310,0.0,0.0
2006-01-04,41.552303314208984,41.901878356933594,41.4011344909668,41.4672737121582,27.42603302001953,888124,0.0,0.0
2006-01-05,41.438926696777344,43.41355895996094,41.4200325012207,43.01674270629883,28.450855255126953,938082,0.0,0.0
2006-01-06,43.64976119995117,44.13160705566406,43.3946647644043,44.008785247802734,29.10696792602539,706287,0.0,0.0
2006-01-09,44.1977424621582,44.38670349121094,43.64976119995117,43.82927322387695,28.988248825073242,509102,0.0,0.0
2006-01-10,43.432456970214844,44.188297271728516,43.40411376953125,44.06547164916992,29.144458770751953,439670,0.0,0.0
2006-01-11,44.17884826660156,44.2733268737793,43.611968994140625,43.848167419433594,29.000743865966797,240580,0.0,0.0
2006-01-12,43.980438232421875,44.027679443359375,43.30963134765625,43.62141418457031,28.85076904296875,335203,0.0,0.0
2006-01-13,43.696998596191406,44.698486328125,43.696998596191406,44.490631103515625,29.42566680908203,600550,0.0,0.0
2006-01-17,44.490631103515625,44.764625549316406,44.15050506591797,44.66069412231445,29.53814697265625,586473,0.0,0.0
2006-01-18,44.405601501464844,44.97248077392578,44.21664047241211,44.87799835205078,29.681859970092773,499577,0.0,0.0
2006-01-19,44.97248077392578,45.227577209472656,44.70793533325195,44.91579055786133,29.70686912536621,478937,0.0,0.0
2006-01-20,44.87799835205078,44.887447357177734,42.988399505615234,42.988399505615234,28.432100296020508,602667,0.0,0.0
2006-01-23,43.3663215637207,43.76313781738281,43.054534912109375,43.517486572265625,28.782033920288086,446232,0.0,0.0
2006-01-24,43.85761642456055,43.93320083618164,43.04508972167969,43.498592376708984,28.769546508789062,478091,0.0,0.0
2006-01-25,43.64976119995117,43.90485763549805,42.27980041503906,42.73330307006836,28.263389587402344,644369,0.0,0.0
2006-01-26,43.46080017089844,44.556766510009766,42.99784851074219,44.39615249633789,29.363176345825195,1235605,0.0,0.0
2006-01-27,44.54732131958008,44.73627853393555,43.47024917602539,43.725345611572266,28.919509887695312,546147,0.0,0.0
2006-01-30,43.01674270629883,43.59307098388672,42.27980041503906,43.432456970214844,28.725791931152344,872777,0.0,0.0
2006-01-31,43.432456970214844,44.074920654296875,43.19625473022461,43.8670654296875,29.013242721557617,627117,0.0,0.0
2006-02-01,43.8670654296875,44.50952911376953,43.22460174560547,44.22608947753906,29.250690460205078,669030,0.0,0.0
2006-02-02,44.23553466796875,44.424495697021484,43.791481018066406,44.074920654296875,29.150726318359375,562024,0.0,0.0
2006-02-03,43.85761642456055,44.405601501464844,43.517486572265625,44.17884826660156,29.219470977783203,581499,0.0,0.0
2006-02-06,44.33001708984375,45.36929702758789,44.08436965942383,45.284263610839844,29.9505558013916,704276,0.0,0.0
2006-02-07,44.97248077392578,45.48267364501953,44.471736907958984,44.585113525390625,29.488168716430664,579488,0.0,0.0
2006-02-08,44.64179992675781,44.78351974487305,43.95209503173828,44.33946228027344,29.325674057006836,516194,0.0,0.0
2006-02-09,44.10326385498047,45.25592041015625,44.03712844848633,44.92523956298828,29.71312141418457,1002964,0.0,0.0
2006-02-10,44.92523956298828,45.2181282043457,44.54732131958008,45.1708869934082,29.875577926635742,642358,0.0,0.0
2006-02-13,44.87799835205078,45.10475158691406,44.46228790283203,45.066959381103516,29.80685043334961,552710,0.0,0.0
2006-02-14,44.97248077392578,45.32205581665039,44.03712844848633,45.09530258178711,29.825590133666992,796359,0.0,0.0
2006-02-15,44.87799835205078,45.18978500366211,44.141056060791016,44.28277587890625,29.28819465637207,551122,0.0,0.0
2006-02-16,44.50952911376953,45.1992301940918,44.358360290527344,45.18978500366211,29.88806915283203,426334,0.0,0.0
2006-02-17,45.25592041015625,46.0967903137207,44.92523956298828,45.69997787475586,30.225522994995117,787362,0.0,0.0
2006-02-21,45.69997787475586,45.93617630004883,45.56770324707031,45.926727294921875,30.375484466552734,885478,0.0,0.0
2006-02-22,46.11568832397461,47.032142639160156,45.926727294921875,46.91876983642578,31.031599044799805,767041,0.0,0.0
2006-02-23,46.68256759643555,46.6920166015625,45.397640228271484,45.511016845703125,30.100542068481445,1008044,0.0,0.0
2006-02-24,45.463775634765625,45.463775634765625,44.97248077392578,45.2937126159668,29.956817626953125,671147,0.0,0.0
2006-02-27,45.61494445800781,45.813350677490234,44.50952911376953,44.64179992675781,29.52564811706543,960521,0.0,0.0
2006-02-28,44.54732131958008,44.821311950683594,42.99784851074219,43.15846252441406,28.544584274291992,1209674,0.0,0.0
2006-03-01,42.93171310424805,43.60251998901367,42.91281509399414,43.47024917602539,28.750789642333984,1278683,0.0,0.0
2006-03-02,43.47969436645508,44.66069412231445,43.337974548339844,44.301673889160156,29.30068588256836,968353,0.0,0.0
2006-03-03,43.848167419433594,45.019718170166016,43.848167419433594,44.670143127441406,29.59487533569336,723434,0.075584,0.0
2006-03-06,44.840206146240234,44.840206146240234,43.98988723754883,44.33946228027344,29.37578773498535,586685,0.0,0.0
2006-03-07,43.93320083618164,44.141056060791016,42.771095275878906,43.281288146972656,28.674745559692383,808425,0.0,0.0
2006-03-08,41.57120132446289,42.13808059692383,40.90983963012695,42.05304718017578,27.861000061035156,1629340,0.0,0.0
2006-03-09,42.05304718017578,42.05304718017578,41.29720687866211,41.599544525146484,27.560550689697266,699513,0.0,0.0
2006-03-10,41.599544525146484,42.20421600341797,40.86259841918945,41.4672737121582,27.4729061126709,910457,0.0,0.0
2006-03-13,41.249969482421875,41.25941467285156,39.84221649169922,40.853153228759766,27.06605339050293,1700677,0.0,0.0
2006-03-14,42.818336486816406,45.75666427612305,42.7994384765625,44.207191467285156,29.288171768188477,2432896,0.0,0.0
2006-03-15,43.895408630371094,44.52842330932617,43.44190216064453,44.33001708984375,29.36955451965332,909399,0.0,0.0
2006-03-16,44.56621551513672,44.66069412231445,43.120670318603516,43.13956832885742,28.58084487915039,926016,0.0,0.0
2006-03-17,43.120670318603516,43.3474235534668,42.71440887451172,43.3001823425293,28.6872501373291,998624,0.0,0.0
2006-03-20,44.13160705566406,44.13160705566406,42.93171310424805,43.68755340576172,28.943899154663086,618967,0.0,0.0
2006-03-21,43.60251998901367,43.76313781738281,42.58213424682617,42.752201080322266,28.324201583862305,817210,0.0,0.0
2006-03-22,42.8939208984375,43.234046936035156,42.27035140991211,42.91281509399414,28.43063735961914,959145,0.0,0.0
2006-03-23,42.8466796875,42.8466796875,42.2986946105957,42.3931770324707,28.086336135864258,520851,0.0,0.0
2006-03-24,42.44986343383789,43.2718391418457,42.44986343383789,43.00729751586914,28.49321746826172,452583,0.0,0.0
2006-03-27,42.91281509399414,43.20570373535156,42.72385787963867,42.988399505615234,28.480697631835938,442633,0.0,0.0
2006-03-28,42.988399505615234,43.26239013671875,42.61048126220703,43.00729751586914,28.49321746826172,640876,0.0,0.0
2006-03-29,42.922264099121094,44.670143127441406,42.922264099121094,44.377254486083984,29.400836944580078,1390347,0.0,0.0
2006-03-30,44.64179992675781,44.868553161621094,44.21664047241211,44.717384338378906,29.62618637084961,633467,0.0,0.0
2006-03-31,44.78351974487305,44.92523956298828,44.11271286010742,44.67959213256836,29.60113525390625,767887,0.0,0.0
2006-04-03,44.78351974487305,45.10475158691406,44.26388168334961,44.72683334350586,29.632455825805664,610817,0.0,0.0
2006-04-04,44.54732131958008,44.57566452026367,43.52693557739258,44.093814849853516,29.213054656982422,997566,0.0,0.0
2006-04-05,44.159950256347656,44.94413757324219,43.980438232421875,44.698486328125,29.61367416381836,386749,0.0,0.0
2006-04-06,44.57566452026367,45.03861618041992,44.26388168334961,44.68904113769531,29.60741424560547,291173,0.0,0.0
2006-04-07,44.87799835205078,45.25592041015625,44.03712844848633,44.254432678222656,29.3194580078125,388971,0.0,0.0
2006-04-10,44.2922248840332,44.405601501464844,42.752201080322266,43.054534912109375,28.524513244628906,473328,0.0,0.0
2006-04-11,42.8466796875,42.93171310424805,42.081390380859375,42.4215202331543,28.105127334594727,830546,0.0,0.0
2006-04-12,42.51599884033203,42.988399505615234,42.44986343383789,42.771095275878906,28.33672332763672,636008,0.0,0.0
2006-04-13,42.64827346801758,43.47024917602539,42.53489685058594,43.35687255859375,28.724809646606445,408446,0.0,0.0
2006-04-17,43.41355895996094,43.895408630371094,42.7994384765625,43.15846252441406,28.593366622924805,386113,0.0,0.0
2006-04-18,43.08287811279297,43.744239807128906,42.7994384765625,43.70644760131836,28.956403732299805,455123,0.0,0.0
2006-04-19,43.60251998901367,43.744239807128906,43.13011932373047,43.545833587646484,28.85000991821289,503493,0.0,0.0
2006-04-20,43.47969436645508,44.311119079589844,43.2718391418457,44.159950256347656,29.256866455078125,671041,0.0,0.0
2006-04-21,44.39615249633789,44.50008010864258,42.99784851074219,43.328529357910156,28.70604705810547,469517,0.0,0.0
2006-04-24,43.07343292236328,43.15846252441406,42.64827346801758,42.85612869262695,28.39305877685547,308848,0.0,0.0
2006-04-25,42.83723068237305,43.2718391418457,42.771095275878906,42.97895050048828,28.474430084228516,611452,0.0,0.0
2006-04-26,43.3663215637207,43.78203201293945,43.01674270629883,43.3190803527832,28.699783325195312,455970,0.0,0.0
2006-04-27,43.3190803527832,44.73627853393555,43.24349594116211,44.311119079589844,29.35702896118164,836897,0.0,0.0
2006-04-28,44.21664047241211,44.78351974487305,43.725345611572266,43.99933624267578,29.150449752807617,706499,0.0,0.0
2006-05-01,43.99933624267578,44.68904113769531,43.451351165771484,43.895408630371094,29.08160400390625,1056308,0.0,0.0
2006-05-02,45.58660125732422,46.153480529785156,44.59455871582031,45.05751037597656,29.851530075073242,1552286,0.0,0.0
2006-05-03,44.97248077392578,44.97248077392578,43.82927322387695,44.61345672607422,29.55733299255371,794666,0.0,0.0
2006-05-04,44.50952911376953,44.68904113769531,44.17884826660156,44.43394470214844,29.43840217590332,481901,0.0,0.0
2006-05-05,43.93320083618164,44.87799835205078,43.696998596191406,44.774070739746094,29.663732528686523,630398,0.0,0.0
2006-05-08,44.585113525390625,44.670143127441406,44.301673889160156,44.424495697021484,29.432138442993164,582769,0.0,0.0
2006-05-09,44.43394470214844,44.43394470214844,43.46080017089844,43.8670654296875,29.062824249267578,709674,0.0,0.0
2006-05-10,43.678104400634766,44.670143127441406,43.46080017089844,44.405601501464844,29.419626235961914,1485711,0.0,0.0
2006-05-11,44.3205680847168,44.3205680847168,42.27980041503906,42.412071228027344,28.098865509033203,1232959,0.0,0.0
2006-05-12,42.657718658447266,42.88447189331055,42.194766998291016,42.242008209228516,27.9862003326416,861664,0.0,0.0
2006-05-15,42.18532180786133,42.78999328613281,41.4956169128418,42.40262222290039,28.092605590820312,1067528,0.0,0.0
2006-05-16,42.308143615722656,42.752201080322266,40.626399993896484,41.35389709472656,27.397798538208008,1032494,0.0,0.0
2006-05-17,41.19327926635742,41.59009552001953,40.456336975097656,40.560264587402344,26.87200927734375,666702,0.0,0.0
2006-05-18,40.68308639526367,40.98542404174805,39.72883987426758,39.72883987426758,26.3211669921875,622354,0.0,0.0
2006-05-19,39.85166549682617,39.88945770263672,38.85017776489258,39.190303802490234,25.964384078979492,1800804,0.0,0.0
2006-05-22,38.925758361816406,39.813873291015625,38.73680114746094,39.4737434387207,26.152162551879883,1384314,0.0,0.0
2006-05-23,39.813873291015625,40.13510513305664,39.49264144897461,39.606014251708984,26.239797592163086,2515453,0.0,0.0
2006-05-24,40.01227951049805,40.28627014160156,39.05803298950195,39.82331848144531,26.383764266967773,1407705,0.0,0.0
2006-05-25,40.002830505371094,40.210689544677734,39.5965690612793,39.98393630981445,26.490161895751953,945809,0.0,0.0
2006-05-26,39.93669509887695,39.93669509887695,39.076927185058594,39.417057037353516,26.1640682220459,1035881,0.075584,0.0
2006-05-30,39.24699020385742,39.303680419921875,38.40612030029297,38.47225570678711,25.536924362182617,832557,0.0,0.0
2006-05-31,38.510047912597656,38.94465637207031,38.198265075683594,38.47225570678711,25.536924362182617,947290,0.0,0.0
2006-06-01,38.727352142333984,40.72087860107422,38.71790313720703,40.607505798339844,26.954254150390625,1496401,0.0,0.0
2006-06-02,40.71143341064453,40.84370422363281,39.77608108520508,40.0689697265625,26.596790313720703,888971,0.0,0.0
2006-06-05,39.90835189819336,40.17289733886719,38.746246337890625,38.83127975463867,25.775230407714844,724174,0.0,0.0
2006-06-06,38.840728759765625,39.15251159667969,38.32108688354492,38.86907196044922,25.800329208374023,812024,0.0,0.0
2006-06-07,38.954105377197266,38.99189758300781,37.94316864013672,38.01875305175781,25.23590087890625,712743,0.0,0.0
2006-06-08,38.01875305175781,38.0281982421875,37.026710510253906,37.49911117553711,24.8909912109375,1316046,0.0,0.0
2006-06-09,37.631385803222656,38.89741516113281,37.48021697998047,37.54635238647461,24.922334671020508,695279,0.0,0.0
2006-06-12,37.78255081176758,37.84868621826172,36.11025619506836,36.11025619506836,23.969083786010742,646909,0.0,0.0
2006-06-13,36.74327087402344,37.272361755371094,36.16694259643555,36.33700942993164,24.11960220336914,1422100,0.0,0.0
2006-06-14,36.204734802246094,37.007816314697266,36.204734802246094,36.68658447265625,24.35164451599121,624259,0.0,0.0
2006-06-15,37.007816314697266,38.34943389892578,37.007816314697266,38.25495147705078,25.392690658569336,878387,0.0,0.0
2006-06-16,38.29274368286133,38.661216735839844,37.055057525634766,37.631385803222656,24.97878074645996,982113,0.0,0.0
2006-06-19,37.820343017578125,38.16047286987305,37.073951721191406,37.20622253417969,24.696571350097656,640453,0.0,0.0
2006-06-20,37.32904815673828,37.55580139160156,36.497623443603516,36.85664749145508,24.46453094482422,1069750,0.0,0.0
2006-06-21,36.90388870239258,37.584144592285156,36.90388870239258,37.25346374511719,24.727920532226562,902202,0.0,0.0
2006-06-22,37.26291275024414,37.291255950927734,36.299217224121094,36.384246826171875,24.15096092224121,863992,0.0,0.0
2006-06-23,36.39369583129883,36.941680908203125,35.7512321472168,36.58265686035156,24.282665252685547,1455017,0.0,0.0
2006-06-26,36.55431365966797,36.592105865478516,35.60951232910156,36.44093704223633,24.188594818115234,1148074,0.0,0.0
2006-06-27,36.44093704223633,36.99836730957031,36.00632858276367,36.148048400878906,23.994178771972656,747460,0.0,0.0
2006-06-28,36.412593841552734,36.75271987915039,35.94019317626953,36.16694259643555,24.006725311279297,955546,0.0,0.0
2006-06-29,37.31959915161133,39.31312942504883,37.31959915161133,39.20920181274414,26.026092529296875,1740474,0.0,0.0
2006-06-30,39.18085479736328,39.369815826416016,38.85017776489258,39.21864700317383,26.03236198425293,876693,0.0,0.0
2006-07-03,39.369815826416016,39.832767486572266,39.0958251953125,39.61546325683594,26.2957706451416,374894,0.0,0.0
2006-07-05,39.51153564453125,39.606014251708984,39.05803298950195,39.5493278503418,26.251859664916992,1276249,0.0,0.0
2006-07-06,39.634361267089844,40.229583740234375,39.51153564453125,39.62491226196289,26.302024841308594,579594,0.0,0.0
2006-07-07,39.587120056152344,39.587120056152344,38.86907196044922,38.906864166259766,25.825420379638672,786092,0.0,0.0
2006-07-10,39.048583984375,39.0958251953125,38.34943389892578,38.60452651977539,25.624731063842773,779636,0.0,0.0
2006-07-11,38.47225570678711,38.5761833190918,37.97151184082031,38.43446350097656,25.511844635009766,679086,0.0,0.0
2006-07-12,38.5761833190918,38.68955993652344,38.01875305175781,38.1226806640625,25.30489730834961,522121,0.0,0.0
2006-07-13,38.075439453125,38.330535888671875,37.79199981689453,37.933719635009766,25.179462432861328,696020,0.0,0.0
2006-07-14,37.801448822021484,37.933719635009766,36.62044906616211,37.357391357421875,24.796907424926758,838908,0.0,0.0
2006-07-17,37.1495361328125,37.470767974853516,36.42203903198242,36.57320785522461,24.276395797729492,677075,0.0,0.0
2006-07-18,36.63934326171875,36.83775329589844,35.902400970458984,36.16694259643555,24.006725311279297,865474,0.0,0.0
2006-07-19,36.195289611816406,37.32904815673828,35.94019317626953,37.130638122558594,24.646400451660156,1110288,0.0,0.0
2006-07-20,37.225120544433594,37.76365661621094,36.847198486328125,37.06450271606445,24.602497100830078,1021698,0.0,0.0
2006-07-21,36.99836730957031,36.99836730957031,35.71343994140625,36.06301498413086,23.93773078918457,834674,0.0,0.0
2006-07-24,36.412593841552734,37.244014739990234,36.412593841552734,37.130638122558594,24.646400451660156,473434,0.0,0.0
2006-07-25,37.03615951538086,37.74475860595703,36.847198486328125,37.706966400146484,25.02894401550293,725445,0.0,0.0
2006-07-26,37.735313415527344,37.99040985107422,36.44093704223633,36.55431365966797,24.263845443725586,1251058,0.0,0.0
2006-07-27,40.4941291809082,41.30665588378906,40.097312927246094,40.758670806884766,27.05459213256836,3606689,0.0,0.0
2006-07-28,41.07990264892578,42.54434585571289,41.042110443115234,42.478206634521484,28.19598388671875,1726820,0.0,0.0
2006-07-31,42.58213424682617,43.3663215637207,42.58213424682617,43.035640716552734,28.56598472595215,1340707,0.0,0.0
2006-08-01,42.51599884033203,42.56324005126953,41.382240295410156,41.56175231933594,27.587650299072266,849915,0.0,0.0
2006-08-02,41.91132736206055,42.865577697753906,41.901878356933594,42.55379104614258,28.24614715576172,1103726,0.0,0.0
2006-08-03,42.175872802734375,43.01674270629883,41.797950744628906,42.7994384765625,28.409210205078125,741533,0.0,0.0
2006-08-04,42.591583251953125,42.752201080322266,41.56175231933594,41.968017578125,27.85733985900879,834992,0.0,0.0
2006-08-07,41.845191955566406,41.845191955566406,41.19327926635742,41.56175231933594,27.587650299072266,722693,0.0,0.0
2006-08-08,41.797950744628906,41.88298416137695,40.994873046875,41.16493606567383,27.32426643371582,750847,0.0,0.0
2006-08-09,41.51451110839844,41.93022537231445,40.966529846191406,40.975975036621094,27.198829650878906,852561,0.0,0.0
2006-08-10,40.81536102294922,41.4011344909668,40.38075256347656,40.98542404174805,27.205108642578125,627540,0.0,0.0
2006-08-11,40.81536102294922,40.93818283081055,40.01227951049805,40.31461715698242,26.75983428955078,438611,0.0,0.0
2006-08-14,40.61695098876953,41.07990264892578,40.48468017578125,40.72087860107422,27.029497146606445,488781,0.0,0.0
2006-08-15,41.52396011352539,42.875022888183594,41.47671890258789,42.82778549194336,28.42803192138672,897968,0.0,0.0
2006-08-16,43.149017333984375,43.630863189697266,42.752201080322266,43.35687255859375,28.779211044311523,554932,0.0,0.0
2006-08-17,43.517486572265625,43.791481018066406,43.09232711791992,43.3190803527832,28.75413703918457,712849,0.0,0.0
2006-08-18,43.26239013671875,43.47969436645508,42.657718658447266,42.941158294677734,28.503267288208008,607113,0.0,0.0
2006-08-21,42.95060729980469,43.06398391723633,42.61992645263672,42.818336486816406,28.4217472076416,318374,0.0,0.0
2006-08-22,42.8466796875,43.41355895996094,42.18532180786133,42.3459358215332,28.108179092407227,383362,0.0,0.0
2006-08-23,42.525447845458984,42.80888748168945,41.30665588378906,41.56175231933594,27.587650299072266,392146,0.0,0.0
2006-08-24,41.88298416137695,42.09083938598633,41.21217727661133,41.80739974975586,27.75071907043457,428980,0.0,0.0
2006-08-25,41.665679931640625,42.25145721435547,41.316104888916016,41.4011344909668,27.48104476928711,361346,0.0,0.0
2006-08-28,41.17438507080078,42.32704162597656,41.17438507080078,42.242008209228516,28.039196014404297,609865,0.0,0.0
2006-08-29,43.054534912109375,43.054534912109375,42.31759262084961,42.771095275878906,28.39038848876953,609653,0.0,0.0
2006-08-30,41.76015853881836,41.83574295043945,40.758670806884766,41.429481506347656,27.499868392944336,1632727,0.0,0.0
2006-08-31,41.429481506347656,41.56175231933594,41.06100845336914,41.4956169128418,27.543752670288086,602032,0.0,0.0
2006-09-01,41.486167907714844,41.54285430908203,40.59805679321289,41.00431823730469,27.285982131958008,534187,0.103928,0.0
2006-09-05,41.00431823730469,41.892433166503906,40.83425521850586,41.83574295043945,27.839252471923828,443903,0.0,0.0
2006-09-06,41.599544525146484,41.845191955566406,41.11769485473633,41.3727912902832,27.53118324279785,658235,0.0,0.0
2006-09-07,41.3727912902832,41.3727912902832,40.342960357666016,40.50357437133789,26.952777862548828,743967,0.0,0.0
2006-09-08,40.692535400390625,40.919288635253906,40.097312927246094,40.342960357666016,26.845890045166016,628916,0.0,0.0
2006-09-11,40.10675811767578,40.5697135925293,39.87055969238281,40.20124053955078,26.7515869140625,391617,0.0,0.0
2006-09-12,40.361854553222656,40.626399993896484,40.15399932861328,40.390201568603516,26.877323150634766,669983,0.0,0.0
2006-09-13,40.295719146728516,41.39168930053711,40.17289733886719,41.09880065917969,27.3488712310791,1134526,0.0,0.0
2006-09-14,41.09880065917969,41.19327926635742,40.53192138671875,40.900390625,27.216815948486328,854361,0.0,0.0
2006-09-15,41.28776168823242,42.09083938598633,41.221622467041016,41.86408615112305,27.858118057250977,922947,0.0,0.0
2006-09-18,41.60899353027344,41.70347213745117,39.86111068725586,40.342960357666016,26.845890045166016,820279,0.0,0.0
2006-09-19,40.32406234741211,40.50357437133789,39.5682258605957,40.12565612792969,26.70130729675293,651884,0.0,0.0
2006-09-20,40.361854553222656,41.16493606567383,40.361854553222656,40.81536102294922,27.160242080688477,753175,0.0,0.0
2006-09-21,41.03266525268555,41.618438720703125,40.872047424316406,41.30665588378906,27.487173080444336,1168290,0.0,0.0
2006-09-22,41.12714385986328,41.18383026123047,40.513023376464844,40.59805679321289,27.01563835144043,397121,0.0,0.0
2006-09-25,41.09880065917969,42.32704162597656,41.09880065917969,42.25145721435547,28.115886688232422,1417125,0.0,0.0
2006-09-26,42.308143615722656,42.99784851074219,42.260902404785156,42.818336486816406,28.493112564086914,1446020,0.0,0.0
2006-09-27,42.60103225708008,43.725345611572266,42.60103225708008,43.18680953979492,28.73830223083496,1102138,0.0,0.0
2006-09-28,43.281288146972656,43.696998596191406,41.91132736206055,42.32704162597656,28.166181564331055,1996931,0.0,0.0
2006-09-29,42.3931770324707,42.8939208984375,41.968017578125,42.03415298461914,27.97129249572754,763230,0.0,0.0
2006-10-02,41.892433166503906,41.892433166503906,40.68308639526367,40.89094543457031,27.21053695678711,1403260,0.0,0.0
2006-10-03,40.95708084106445,40.994873046875,40.37130355834961,40.48468017578125,26.940204620361328,819962,0.0,0.0
2006-10-04,40.295719146728516,41.05155944824219,40.295719146728516,40.93818283081055,27.241979598999023,1498624,0.0,0.0
2006-10-05,41.27831268310547,41.27831268310547,40.72087860107422,40.90983963012695,27.223129272460938,789691,0.0,0.0
2006-10-06,40.76811981201172,41.19327926635742,40.55081558227539,40.61695098876953,27.02821922302246,452688,0.0,0.0
2006-10-09,40.361854553222656,40.93818283081055,40.20124053955078,40.86259841918945,27.19167137145996,527519,0.0,0.0
2006-10-10,41.05155944824219,41.29720687866211,40.86259841918945,41.11769485473633,27.361438751220703,722798,0.0,0.0
2006-10-11,41.32555389404297,41.56175231933594,40.32406234741211,40.73032760620117,27.103662490844727,648815,0.0,0.0
2006-10-12,40.90983963012695,41.618438720703125,40.88149642944336,41.59009552001953,27.67579460144043,522121,0.0,0.0
2006-10-13,41.4672737121582,41.63733673095703,40.975975036621094,41.01376724243164,27.292268753051758,502329,0.0,0.0
2006-10-16,41.01376724243164,41.382240295410156,40.805912017822266,41.18383026123047,27.40544319152832,461262,0.0,0.0
2006-10-17,41.03266525268555,41.03266525268555,40.19179153442383,40.4468879699707,26.915050506591797,557472,0.0,0.0
2006-10-18,40.68308639526367,41.4672737121582,40.63584899902344,40.900390625,27.216815948486328,524344,0.0,0.0
2006-10-19,40.71143341064453,41.089351654052734,40.59805679321289,41.01376724243164,27.292268753051758,466448,0.0,0.0
2006-10-20,41.00431823730469,41.35389709472656,40.73032760620117,40.994873046875,27.279701232910156,444856,0.0,0.0
2006-10-23,40.994873046875,41.76960754394531,40.90983963012695,41.76015853881836,27.788957595825195,734124,0.0,0.0
2006-10-24,41.81684875488281,42.4687614440918,41.76015853881836,42.13808059692383,28.04043960571289,1254445,0.0,0.0
2006-10-25,42.13808059692383,42.752201080322266,42.13808059692383,42.67661666870117,28.398807525634766,923582,0.0,0.0
2006-10-26,42.67661666870117,42.91281509399414,39.05803298950195,41.56175231933594,27.65692901611328,3769475,0.0,0.0
2006-10-27,41.4672737121582,41.63733673095703,40.61695098876953,40.626399993896484,27.03452491760254,1339331,0.0,0.0
2006-10-30,40.10675811767578,40.15399932861328,39.16196060180664,39.51153564453125,26.292621612548828,2005080,0.0,0.0
2006-10-31,39.40760803222656,40.456336975097656,39.40760803222656,40.24848175048828,26.783021926879883,1398391,0.0,0.0
2006-11-01,40.37130355834961,40.61695098876953,39.322574615478516,39.435951232910156,26.24233055114746,1368226,0.0,0.0
2006-11-02,38.925758361816406,39.06747817993164,37.95261764526367,38.20771026611328,25.42500114440918,2137172,0.0,0.0
2006-11-03,38.443912506103516,38.83127975463867,38.11323165893555,38.169921875,25.39986228942871,1239204,0.0,0.0
2006-11-06,38.264400482177734,38.443912506103516,37.71641540527344,37.886478424072266,25.21124839782715,1832769,0.0,0.0
2006-11-07,37.933719635009766,38.264400482177734,37.310150146484375,37.84868621826172,25.186113357543945,3379022,0.0,0.0
2006-11-08,37.83924102783203,39.785526275634766,37.79199981689453,39.322574615478516,26.16688346862793,2391617,0.0,0.0
2006-11-09,39.36036682128906,40.021728515625,39.26588821411133,39.72883987426758,26.437231063842773,1735711,0.0,0.0
2006-11-10,39.77608108520508,40.002830505371094,39.634361267089844,39.747737884521484,26.449804306030273,1352773,0.0,0.0
2006-11-13,39.350921630859375,39.98393630981445,39.350921630859375,39.5965690612793,26.349214553833008,962108,0.0,0.0
2006-11-14,39.77608108520508,39.80442428588867,39.18085479736328,39.5020866394043,26.286348342895508,1364839,0.0,0.0
2006-11-15,39.68159866333008,39.77608108520508,39.22809600830078,39.24699020385742,26.185487747192383,1218988,0.103928,0.0
2006-11-16,39.61546325683594,40.342960357666016,39.39815902709961,40.295719146728516,26.885194778442383,1066575,0.0,0.0
2006-11-17,40.33351135253906,40.465782165527344,40.04062271118164,40.229583740234375,26.8410587310791,847798,0.0,0.0
2006-11-20,40.12565612792969,40.73032760620117,39.98393630981445,40.68308639526367,27.14365005493164,1185224,0.0,0.0
2006-11-21,40.919288635253906,41.29720687866211,40.787017822265625,41.14604187011719,27.452524185180664,1140559,0.0,0.0
2006-11-22,41.14604187011719,42.109737396240234,41.07990264892578,42.109737396240234,28.095487594604492,1316998,0.0,0.0
2006-11-24,41.87353515625,41.9207763671875,41.429481506347656,41.59009552001953,27.748790740966797,339543,0.0,0.0
2006-11-27,41.599544525146484,41.599544525146484,40.116207122802734,40.116207122802734,26.76542091369629,664585,0.0,0.0
2006-11-28,40.163448333740234,40.163448333740234,39.256439208984375,39.5965690612793,26.41870880126953,926863,0.0,0.0
2006-11-29,39.96503829956055,40.43743896484375,39.61546325683594,40.05952072143555,26.727609634399414,824936,0.0,0.0
2006-11-30,40.05952072143555,40.12565612792969,39.634361267089844,39.785526275634766,26.54479217529297,771486,0.0,0.0
2006-12-01,39.69104766845703,40.37130355834961,39.587120056152344,40.229583740234375,26.8410587310791,879763,0.0,0.0
2006-12-04,40.08786392211914,41.28776168823242,40.08786392211914,41.05155944824219,27.38948631286621,1053027,0.0,0.0
2006-12-05,41.05155944824219,41.665679931640625,41.023216247558594,41.3727912902832,27.603811264038086,1382303,0.0,0.0
2006-12-06,41.382240295410156,41.86408615112305,41.19327926635742,41.62788772583008,27.774019241333008,920406,0.0,0.0
2006-12-07,41.80739974975586,42.03415298461914,41.16493606567383,41.17438507080078,27.471439361572266,737828,0.0,0.0
2006-12-08,40.93818283081055,41.826297760009766,40.53192138671875,41.249969482421875,27.521869659423828,766300,0.0,0.0
2006-12-11,41.34444808959961,41.62788772583008,41.12714385986328,41.28776168823242,27.547067642211914,739522,0.0,0.0
2006-12-12,42.7994384765625,43.432456970214844,41.34444808959961,41.826297760009766,27.906383514404297,1969200,0.0,0.0
2006-12-13,41.83574295043945,42.61048126220703,41.712921142578125,42.44986343383789,28.322439193725586,2061071,0.0,0.0
2006-12-14,42.4215202331543,42.82778549194336,42.3931770324707,42.61048126220703,28.429597854614258,1286092,0.0,0.0
2006-12-15,42.61048126220703,42.752201080322266,42.3931770324707,42.55379104614258,28.39177131652832,1049323,0.0,0.0
2006-12-18,42.55379104614258,42.76164627075195,42.00580978393555,42.15697479248047,28.127012252807617,917231,0.0,0.0
2006-12-19,42.128631591796875,42.55379104614258,41.98691177368164,42.44986343383789,28.322439193725586,728408,0.0,0.0
2006-12-20,42.459312438964844,43.035640716552734,42.36483383178711,42.3742790222168,28.271991729736328,826524,0.0,0.0
2006-12-21,42.61048126220703,43.46080017089844,42.44041442871094,43.19625473022461,28.82042694091797,1625212,0.0,0.0
2006-12-22,43.696998596191406,43.71589660644531,42.865577697753906,42.988399505615234,28.68173599243164,746931,0.0,0.0
2006-12-26,43.035640716552734,43.60251998901367,42.922264099121094,43.46080017089844,28.996932983398438,680461,0.0,0.0
2006-12-27,43.46080017089844,44.01823043823242,43.451351165771484,43.83871841430664,29.249073028564453,650296,0.0,0.0
2006-12-28,43.848167419433594,44.358360290527344,43.848167419433594,44.10326385498047,29.42557144165039,567633,0.0,0.0
2006-12-29,44.10326385498047,44.23553466796875,43.328529357910156,43.328529357910156,28.90867805480957,531118,0.0,0.0
2007-01-03,43.980438232421875,45.55825424194336,43.93320083618164,44.78351974487305,29.87942886352539,1953429,0.0,0.0
2007-01-04,44.79296875,46.68256759643555,44.68904113769531,46.13458251953125,30.780868530273438,2593988,0.0,0.0
2007-01-05,46.60698318481445,46.60698318481445,45.53936004638672,46.00231170654297,30.6926212310791,1587214,0.0,0.0
2007-01-08,45.93617630004883,46.058998107910156,45.596046447753906,45.747215270996094,30.522401809692383,1152625,0.0,0.0
2007-01-09,45.87004089355469,46.484161376953125,45.747215270996094,46.16292953491211,30.799785614013672,1118226,0.0,0.0
2007-01-10,46.6920166015625,46.6920166015625,45.61494445800781,46.29520034790039,30.888023376464844,949831,0.0,0.0
2007-01-11,46.53139877319336,47.55178451538086,46.53139877319336,47.410064697265625,31.63187026977539,1307472,0.0,0.0
2007-01-12,47.41951370239258,48.449344635009766,47.41951370239258,48.37376022338867,32.27482986450195,1482536,0.0,0.0
2007-01-16,48.43044662475586,48.65719985961914,47.65571212768555,47.73129653930664,31.84618377685547,1196761,0.0,0.0
2007-01-17,47.75019073486328,48.269832611083984,47.126625061035156,47.1644172668457,31.46798324584961,1952053,0.0,0.0
2007-01-18,47.26834487915039,47.362823486328125,45.94562530517578,46.12513732910156,30.774559020996094,1599915,0.0,0.0
2007-01-19,46.03065490722656,46.720359802246094,45.91727828979492,46.53139877319336,31.045629501342773,947714,0.0,0.0
2007-01-22,46.53139877319336,46.84318542480469,45.85114288330078,45.91727828979492,30.635883331298828,759632,0.0,0.0
2007-01-23,44.59455871582031,45.30316162109375,44.405601501464844,44.92523956298828,29.973997116088867,2029107,0.0,0.0
2007-01-24,44.981929779052734,45.529911041259766,44.934688568115234,45.31260681152344,30.232433319091797,1133467,0.0,0.0
2007-01-25,45.31260681152344,45.65273666381836,44.68904113769531,44.91579055786133,29.96768569946289,1087638,0.0,0.0
2007-01-26,45.15199279785156,45.25592041015625,44.68904113769531,45.03861618041992,30.04964256286621,932367,0.0,0.0
2007-01-29,45.1992301940918,45.463775634765625,44.61345672607422,44.868553161621094,29.936174392700195,601820,0.0,0.0
2007-01-30,45.53936004638672,45.53936004638672,44.87799835205078,45.114200592041016,30.10007667541504,806414,0.0,0.0
2007-01-31,46.53139877319336,48.1375617980957,46.484161376953125,48.01473617553711,32.035301208496094,3030906,0.0,0.0
2007-02-01,48.335968017578125,48.60051345825195,47.67460632324219,48.14700698852539,32.12354278564453,2112405,0.0,0.0
2007-02-02,47.2400016784668,48.25093460083008,47.00379943847656,48.14700698852539,32.12354278564453,1276990,0.0,0.0
2007-02-05,47.712398529052734,49.12015151977539,47.68405532836914,48.76112747192383,32.533287048339844,1610711,0.0,0.0
2007-02-06,48.94063949584961,50.008262634277344,48.83671188354492,49.819305419921875,33.23930740356445,1748412,0.0,0.0
2007-02-07,49.41304016113281,49.69647979736328,48.83671188354492,49.29966354370117,32.89260482788086,1303345,0.0,0.0
2007-02-08,49.36579895019531,49.658687591552734,49.082359313964844,49.62089538574219,33.10691833496094,852773,0.0,0.0
2007-02-09,49.67758560180664,49.9421272277832,49.47917556762695,49.84764862060547,33.25822067260742,1158446,0.0,0.0
2007-02-12,49.838199615478516,49.84764862060547,48.62885665893555,48.798919677734375,32.558509826660156,1040855,0.0,0.0
2007-02-13,48.94063949584961,49.129600524902344,48.496585845947266,48.931190490722656,32.64673614501953,782917,0.0,0.0
2007-02-14,48.19424819946289,48.203697204589844,47.17386245727539,47.825775146484375,31.909225463867188,1397544,0.0,0.0
2007-02-15,47.97694396972656,48.18479919433594,47.59902572631836,48.109214782714844,32.09832763671875,961897,0.0,0.0
2007-02-16,48.109214782714844,48.109214782714844,47.6651611328125,47.90135955810547,31.95965003967285,688929,0.0,0.0
2007-02-20,47.90135955810547,48.18479919433594,47.693504333496094,48.005287170410156,32.028987884521484,904213,0.0,0.0
2007-02-21,47.806880950927734,47.90135955810547,47.476200103759766,47.67460632324219,31.808368682861328,765347,0.0,0.0
2007-02-22,47.22110366821289,47.33448028564453,46.7392578125,47.02269744873047,31.373403549194336,953853,0.0,0.0
2007-02-23,47.183311462402344,47.79743194580078,47.04159164428711,47.589576721191406,31.751628875732422,488251,0.0,0.0
2007-02-26,47.78798294067383,47.85411834716797,46.81483840942383,47.25889587402344,31.531002044677734,591130,0.0,0.0
2007-02-27,46.767601013183594,46.80539321899414,45.350399017333984,45.94562530517578,30.65477180480957,1011325,0.0,0.0
2007-02-28,45.96451950073242,46.72980880737305,45.40708923339844,46.389678955078125,30.95107078552246,1107218,0.0,0.0
2007-03-01,45.63383865356445,45.96451950073242,44.87799835205078,45.53936004638672,30.383743286132812,1211579,0.0,0.0
2007-03-02,45.47322463989258,45.68107986450195,44.54732131958008,44.63235092163086,29.846691131591797,762807,0.103928,0.0
2007-03-05,44.08436965942383,44.83076095581055,43.81037521362305,44.13160705566406,29.5118465423584,1106372,0.0,0.0
2007-03-06,43.3190803527832,45.72832107543945,43.3190803527832,45.65273666381836,30.529050827026367,863357,0.0,0.0
2007-03-07,45.52046585083008,45.61494445800781,44.887447357177734,45.2181282043457,30.23842430114746,763230,0.0,0.0
2007-03-08,45.643287658691406,46.1912727355957,45.05751037597656,45.284263610839844,30.28264045715332,725550,0.0,0.0
2007-03-09,45.671630859375,45.813350677490234,44.89689636230469,45.284263610839844,30.28264045715332,567104,0.0,0.0
2007-03-12,45.114200592041016,45.529911041259766,44.45283889770508,45.397640228271484,30.35845184326172,870872,0.0,0.0
2007-03-13,45.2181282043457,45.63383865356445,44.72683334350586,44.934688568115234,30.048871994018555,788421,0.0,0.0
2007-03-14,44.80241775512695,45.32205581665039,43.980438232421875,45.09530258178711,30.156274795532227,791702,0.0,0.0
2007-03-15,45.09530258178711,45.52046585083008,44.87799835205078,45.463775634765625,30.402685165405273,340495,0.0,0.0
2007-03-16,45.463775634765625,45.60549545288086,44.651248931884766,45.019718170166016,30.105728149414062,435542,0.0,0.0
2007-03-19,45.35984802246094,46.23851013183594,45.350399017333984,45.82279968261719,30.64277458190918,494390,0.0,0.0
2007-03-20,45.68107986450195,46.63532638549805,45.2653694152832,46.455814361572266,31.066083908081055,698772,0.0,0.0
2007-03-21,46.5975341796875,47.343929290771484,46.257408142089844,47.22110366821289,31.577848434448242,709886,0.0,0.0
2007-03-22,47.25889587402344,47.476200103759766,46.87152862548828,47.343929290771484,31.659996032714844,703959,0.0,0.0
2007-03-23,47.22110366821289,47.77853775024414,47.10772705078125,47.48564910888672,31.754751205444336,496931,0.0,0.0
2007-03-26,47.542335510253906,47.97694396972656,47.362823486328125,47.97694396972656,32.08329772949219,673052,0.0,0.0
2007-03-27,47.68405532836914,47.712398529052734,47.15496826171875,47.43840789794922,31.72317123413086,978196,0.0,0.0
2007-03-28,47.45730209350586,47.617919921875,47.04159164428711,47.46675109863281,31.742128372192383,804509,0.0,0.0
2007-03-29,47.72184753417969,47.9958381652832,47.21165466308594,47.589576721191406,31.824262619018555,582134,0.0,0.0
2007-03-30,47.56123352050781,48.39265441894531,47.55178451538086,48.1375617980957,32.19071578979492,739839,0.0,0.0
2007-04-02,48.1375617980957,48.60995864868164,48.02418518066406,48.32651901245117,32.317073822021484,577477,0.0,0.0
2007-04-03,48.39265441894531,49.0445671081543,48.39265441894531,48.62885665893555,32.519248962402344,672206,0.0,0.0
2007-04-04,48.6383056640625,48.77057647705078,48.23204040527344,48.288726806640625,32.29179763793945,485923,0.0,0.0
2007-04-05,48.18479919433594,48.468238830566406,47.986392974853516,48.288726806640625,32.29179763793945,635902,0.0,0.0
2007-04-09,48.468238830566406,48.55327224731445,47.759639739990234,47.94860076904297,32.064353942871094,705970,0.0,0.0
2007-04-10,47.85411834716797,48.08087158203125,47.62736892700195,47.72184753417969,31.91270637512207,501905,0.0,0.0
2007-04-11,47.873016357421875,48.0714225769043,47.136070251464844,47.28723907470703,31.622066497802734,756139,0.0,0.0
2007-04-12,47.1927604675293,47.41951370239258,46.86207962036133,47.40061569213867,31.697906494140625,538209,0.0,0.0
2007-04-13,47.40061569213867,47.806880950927734,47.38172149658203,47.806880950927734,31.969579696655273,372460,0.0,0.0
2007-04-16,48.1375617980957,48.515480041503906,47.9958381652832,48.29817581176758,32.29813003540039,355843,0.0,0.0
2007-04-17,48.30762481689453,48.55327224731445,47.73129653930664,47.85411834716797,32.00117874145508,552921,0.0,0.0
2007-04-18,47.78798294067383,47.83522415161133,47.08883285522461,47.542335510253906,31.792673110961914,901884,0.0,0.0
2007-04-19,47.9958381652832,48.18479919433594,47.05104064941406,48.02418518066406,32.11490249633789,590178,0.0,0.0
2007-04-20,48.25093460083008,48.5438232421875,47.96749496459961,48.34541702270508,32.3297004699707,446126,0.0,0.0
2007-04-23,48.5438232421875,48.67609786987305,48.0714225769043,48.175350189208984,32.21599197387695,474492,0.0,0.0
2007-04-24,48.288726806640625,48.685543060302734,47.90135955810547,48.572166442871094,32.481346130371094,463273,0.0,0.0
2007-04-25,48.69499206542969,49.422489166259766,48.468238830566406,49.129600524902344,32.85410690307617,513124,0.0,0.0
2007-04-26,49.07291030883789,49.57365417480469,48.846160888671875,49.57365417480469,33.15105438232422,574725,0.0,0.0
2007-04-27,49.41304016113281,49.80985641479492,49.375247955322266,49.67758560180664,33.220558166503906,605631,0.0,0.0
2007-04-30,49.790958404541016,49.838199615478516,48.515480041503906,48.515480041503906,32.443424224853516,567528,0.0,0.0
2007-05-01,48.52492904663086,49.49807357788086,48.402103424072266,49.49807357788086,33.10050964355469,701736,0.0,0.0
2007-05-02,46.03065490722656,46.95655822753906,43.895408630371094,45.20867919921875,30.23211669921875,4505186,0.0,0.0
2007-05-03,45.444881439208984,46.1912727355957,45.3409538269043,46.13458251953125,30.851276397705078,2277837,0.0,0.0
2007-05-04,46.18182373046875,46.38023376464844,45.860591888427734,46.24795913696289,30.92710304260254,1827159,0.0,0.0
2007-05-07,46.16292953491211,47.08883285522461,46.01176071166992,46.34244155883789,30.990272521972656,1401990,0.0,0.0
2007-05-08,46.2668571472168,46.880977630615234,45.96451950073242,46.68256759643555,31.217721939086914,1340495,0.0,0.0
2007-05-09,46.389678955078125,47.95804977416992,45.91727828979492,47.55178451538086,31.798999786376953,5302286,0.0,0.0
2007-05-10,47.315582275390625,47.6651611328125,46.7392578125,46.82428741455078,31.3125,1046253,0.0,0.0
2007-05-11,46.87152862548828,47.1927604675293,46.68256759643555,46.99435043334961,31.426218032836914,1105102,0.0,0.0
2007-05-14,46.92821502685547,47.2400016784668,46.63532638549805,46.947113037109375,31.39462661743164,1147650,0.0,0.0
2007-05-15,46.86207962036133,47.1927604675293,46.22906494140625,46.33299255371094,30.98394775390625,1299746,0.0,0.0
2007-05-16,46.389678955078125,46.53139877319336,46.06844711303711,46.34244155883789,30.990272521972656,1533764,0.0,0.0
2007-05-17,46.304649353027344,46.63532638549805,46.12513732910156,46.2668571472168,30.93973731994629,1104043,0.0,0.0
2007-05-18,46.34244155883789,46.57863998413086,46.24795913696289,46.389678955078125,31.02187156677246,1231478,0.0,0.0
2007-05-21,46.35188674926758,46.91876983642578,46.323543548583984,46.75815200805664,31.268285751342773,881456,0.0,0.0
2007-05-22,46.75815200805664,47.04159164428711,46.29520034790039,46.79594421386719,31.293556213378906,899555,0.0,0.0
2007-05-23,47.02269744873047,47.48564910888672,46.91876983642578,47.22110366821289,31.577848434448242,846740,0.0,0.0
2007-05-24,47.277793884277344,47.542335510253906,46.44636917114258,46.49360656738281,31.09137535095215,1382938,0.0,0.0
2007-05-25,46.55974578857422,46.62588119506836,46.24795913696289,46.370784759521484,31.07870101928711,717083,0.103928,0.0
2007-05-29,46.569190979003906,47.21165466308594,46.569190979003906,46.72980880737305,31.319320678710938,544877,0.0,0.0
2007-05-30,46.41802215576172,46.90932083129883,46.29520034790039,46.90932083129883,31.439645767211914,1376905,0.0,0.0
2007-05-31,47.1455192565918,47.22110366821289,46.84318542480469,47.1644172668457,31.610610961914062,1235500,0.0,0.0
2007-06-01,46.35188674926758,46.455814361572266,45.2937126159668,45.98341751098633,30.819072723388672,3786727,0.0,0.0
2007-06-04,45.91727828979492,47.1171760559082,45.91727828979492,46.99435043334961,31.496620178222656,2038738,0.0,0.0
2007-06-05,46.99435043334961,47.48564910888672,46.92821502685547,47.343929290771484,31.730926513671875,1893099,0.0,0.0
2007-06-06,47.48564910888672,47.90135955810547,47.428958892822266,47.77853775024414,32.02218246459961,1654318,0.0,0.0
2007-06-07,47.90135955810547,48.354862213134766,47.6651611328125,47.986392974853516,32.1615104675293,2083192,0.0,0.0
2007-06-08,48.03363037109375,49.18628692626953,47.9958381652832,49.07291030883789,32.88972091674805,1179932,0.0,0.0
2007-06-11,49.00677490234375,49.60200119018555,48.88395309448242,49.0445671081543,32.87071990966797,987087,0.0,0.0
2007-06-12,48.931190490722656,49.20518493652344,48.39265441894531,48.60995864868164,32.57944107055664,1019793,0.0,0.0
2007-06-13,48.85560989379883,49.309112548828125,48.751678466796875,49.28076934814453,33.02901840209961,1027942,0.0,0.0
2007-06-14,49.441383361816406,49.885440826416016,49.31856155395508,49.69647979736328,33.307647705078125,718353,0.0,0.0
2007-06-15,49.86654281616211,50.02716064453125,49.69647979736328,49.87599182128906,33.42793273925781,1131880,0.0,0.0
2007-06-18,50.09329605102539,50.537353515625,50.09329605102539,50.20667266845703,33.64958572387695,1201207,0.0,0.0
2007-06-19,52.62535858154297,53.38119888305664,51.64276885986328,52.50253677368164,35.188331604003906,2458298,0.0,0.0
2007-06-20,52.511985778808594,52.757633209228516,51.831729888916016,51.94510269165039,34.8147087097168,1280377,0.0,0.0
2007-06-21,52.01123809814453,52.40805435180664,51.557735443115234,52.001792907714844,34.85272216796875,1382091,0.0,0.0
2007-06-22,51.9640007019043,51.9640007019043,51.18926239013672,51.37822341918945,34.43478775024414,1115792,0.0,0.0
2007-06-25,51.227054595947266,51.434913635253906,50.31060028076172,50.66962432861328,33.95988845825195,1127434,0.0,0.0
2007-06-26,50.858585357666016,51.29319381713867,50.24446487426758,50.48066329956055,33.833221435546875,998201,0.0,0.0
2007-06-27,50.367286682128906,50.679073333740234,50.20667266845703,50.518455505371094,33.85856246948242,1496084,0.0,0.0
2007-06-28,50.59403991699219,52.09627151489258,50.42397689819336,51.604976654052734,34.58677291870117,1052921,0.0,0.0
2007-06-29,51.8411750793457,52.181304931640625,51.26484680175781,51.538841247558594,34.54243087768555,844200,0.0,0.0
2007-07-02,51.92620849609375,52.38916015625,51.77503967285156,52.360816955566406,35.09334182739258,484018,0.0,0.0
2007-07-03,51.56718444824219,53.25837707519531,51.56718444824219,53.11665725708008,35.59990692138672,420089,0.0,0.0
2007-07-05,53.3623046875,53.3623046875,52.09627151489258,52.45529556274414,35.15666961669922,685542,0.0,0.0
2007-07-06,52.62535858154297,52.98438262939453,52.30412673950195,52.823768615722656,35.40363311767578,778154,0.0,0.0
2007-07-09,52.89935302734375,53.40009689331055,52.597015380859375,53.286720275878906,35.71390151977539,648391,0.0,0.0
2007-07-10,53.23003387451172,53.47568130493164,52.65370559692383,52.67259979248047,35.30232238769531,854149,0.0,0.0
2007-07-11,52.644256591796875,53.3623046875,52.39860916137695,53.09775924682617,35.58726119995117,551334,0.0,0.0
2007-07-12,53.29616928100586,54.46772003173828,53.23003387451172,54.43937683105469,36.486427307128906,568374,0.0,0.0
2007-07-13,54.17483139038086,54.39213562011719,53.49457550048828,54.23152160644531,36.34712219238281,509949,0.0,0.0
2007-07-16,54.165382385253906,54.34489440917969,53.62684631347656,53.919734954833984,36.13816833496094,741003,0.0,0.0
2007-07-17,53.9102897644043,54.42047882080078,53.9102897644043,54.35434341430664,36.4294548034668,738040,0.0,0.0
2007-07-18,54.04256057739258,54.193729400634766,53.343406677246094,54.08980178833008,36.25214385986328,611452,0.0,0.0
2007-07-19,54.42047882080078,55.19521713256836,54.212623596191406,55.053497314453125,36.898033142089844,886431,0.0,0.0
2007-07-20,54.826744079589844,55.95105743408203,54.79840087890625,55.54479217529297,37.22731018066406,1298052,0.0,0.0
2007-07-23,55.866024017333984,55.866024017333984,54.770057678222656,54.93067169189453,36.815711975097656,744708,0.0,0.0
2007-07-24,54.90232849121094,54.98735809326172,53.27727127075195,53.47568130493164,35.840572357177734,702265,0.0,0.0
2007-07-25,54.07090377807617,54.55275344848633,53.38119888305664,53.75912094116211,36.030517578125,709674,0.0,0.0
2007-07-26,53.00328063964844,53.01272964477539,51.538841247558594,52.42695236206055,35.137672424316406,997036,0.0,0.0
2007-07-27,52.266334533691406,52.8143196105957,51.538841247558594,51.56718444824219,34.56142044067383,1245025,0.0,0.0
2007-07-30,51.70890426635742,52.8426628112793,50.8680305480957,52.549774169921875,35.21998977661133,938823,0.0,0.0
2007-07-31,53.27727127075195,53.47568130493164,51.690006256103516,51.850624084472656,34.75139617919922,1032705,0.0,0.0
2007-08-01,51.59552764892578,52.03013610839844,50.40507888793945,52.01123809814453,34.85905075073242,983912,0.0,0.0
2007-08-02,52.16240692138672,52.73873519897461,51.74669647216797,52.597015380859375,35.25166320800781,655377,0.0,0.0
2007-08-03,52.464744567871094,53.01272964477539,51.61442565917969,51.68056106567383,34.63743209838867,969412,0.0,0.0
2007-08-06,51.68056106567383,52.729286193847656,51.05699157714844,52.086822509765625,34.90970993041992,1210627,0.0,0.0
2007-08-07,51.87896728515625,54.411033630371094,51.831729888916016,52.871009826660156,35.43529510498047,1686812,0.0,0.0
2007-08-08,54.363792419433594,56.80137634277344,51.56718444824219,52.597015380859375,35.25166320800781,2612299,0.0,0.0
2007-08-09,52.01123809814453,53.06941604614258,51.52939224243164,51.70890426635742,34.65642166137695,1857324,0.0,0.0
2007-08-10,51.227054595947266,55.31803894042969,49.129600524902344,55.06294250488281,36.90436553955078,1476926,0.0,0.0
2007-08-13,54.32600021362305,55.57313537597656,53.75912094116211,55.14797592163086,36.961360931396484,1147862,0.0,0.0
2007-08-14,55.19521713256836,55.6865119934082,53.8347053527832,53.92918395996094,36.144500732421875,834886,0.0,0.0
2007-08-15,53.8630485534668,53.88194274902344,51.690006256103516,52.47419357299805,35.169315338134766,1200889,0.0,0.0
2007-08-16,52.03958511352539,53.62684631347656,51.387672424316406,53.551265716552734,35.89120864868164,1432684,0.0,0.0
2007-08-17,53.551265716552734,55.025150299072266,53.29616928100586,54.42047882080078,36.473777770996094,1140559,0.0,0.0
2007-08-20,54.892879486083984,55.469207763671875,54.32600021362305,54.86453628540039,36.771385192871094,994285,0.0,0.0
2007-08-21,54.51496124267578,55.27080154418945,54.08980178833008,54.259864807128906,36.36612319946289,637278,0.0,0.0
2007-08-22,54.96846389770508,56.07387924194336,54.51496124267578,55.95105743408203,37.499595642089844,1009314,0.0,0.0
2007-08-23,56.215599060058594,56.34787368774414,54.79840087890625,55.233009338378906,37.01834487915039,602773,0.0,0.0
2007-08-24,55.2613525390625,55.94160842895508,54.940120697021484,55.695960998535156,37.3286247253418,610076,0.0,0.0
2007-08-27,55.8093376159668,56.187255859375,55.214111328125,55.25190353393555,37.03102111816406,557155,0.0,0.0
2007-08-28,54.97791290283203,55.22356033325195,53.44733428955078,53.551265716552734,35.89120864868164,724280,0.0,0.0
2007-08-29,53.8347053527832,55.535343170166016,53.8347053527832,55.49755096435547,37.19565200805664,747989,0.0,0.0
2007-08-30,54.86453628540039,56.310081481933594,54.86453628540039,55.95105743408203,37.499595642089844,942845,0.0,0.0
2007-08-31,56.59352111816406,57.6328010559082,56.215599060058594,57.47218322753906,38.51908874511719,898709,0.0,0.0
2007-09-04,57.07536697387695,58.983863830566406,56.6879997253418,58.19023132324219,39.09674835205078,1040749,0.14172,0.0
2007-09-05,57.415496826171875,57.86899948120117,56.6407585144043,56.71634292602539,38.106475830078125,815517,0.0,0.0
2007-09-06,56.971439361572266,57.15095138549805,56.19670486450195,57.07536697387695,38.34770584106445,706181,0.0,0.0
2007-09-07,56.59352111816406,56.744686126708984,55.138526916503906,55.54479217529297,37.319339752197266,824831,0.0,0.0
2007-09-10,55.77154541015625,56.07387924194336,54.64723205566406,55.38417434692383,37.2114143371582,421147,0.0,0.0
2007-09-11,55.535343170166016,56.858062744140625,55.45975875854492,56.858062744140625,38.201698303222656,577583,0.0,0.0
2007-09-12,56.59352111816406,56.6879997253418,55.6865119934082,55.85657501220703,37.52882766723633,490580,0.0,0.0
2007-09-13,56.310081481933594,56.51793670654297,54.959014892578125,55.09128952026367,37.01463317871094,593036,0.0,0.0
2007-09-14,54.656681060791016,55.11018371582031,54.477169036865234,54.826744079589844,36.83689880371094,594200,0.0,0.0
2007-09-17,54.64723205566406,54.892879486083984,53.9102897644043,54.259864807128906,36.45602035522461,544030,0.0,0.0
2007-09-18,54.52440643310547,55.82823181152344,54.39213562011719,55.629825592041016,37.37646484375,596317,0.0,0.0
2007-09-19,55.932159423828125,56.59352111816406,54.90232849121094,55.52589416503906,37.306644439697266,623518,0.0,0.0
2007-09-20,55.57313537597656,55.582584381103516,54.675575256347656,54.75115966796875,36.78611373901367,707981,0.0,0.0
2007-09-21,55.27080154418945,55.45975875854492,54.6661262512207,54.845638275146484,36.8495979309082,903260,0.0,0.0
2007-09-24,54.779502868652344,55.17631912231445,53.38119888305664,53.702430725097656,36.08149719238281,1061918,0.0,0.0
2007-09-25,53.08831024169922,54.68502426147461,52.95603942871094,54.496063232421875,36.61471176147461,957981,0.0,0.0
2007-09-26,54.873985290527344,56.13056945800781,54.13703918457031,54.35434341430664,36.519500732421875,784399,0.0,0.0
2007-09-27,54.45827102661133,54.845638275146484,54.10869598388672,54.62833786010742,36.70359420776367,841765,0.0,0.0
2007-09-28,54.770057678222656,55.01570510864258,54.18428039550781,54.59999084472656,36.68455505371094,533235,0.0,0.0
2007-10-01,54.7417106628418,56.621864318847656,54.59999084472656,56.40456008911133,37.896995544433594,938929,0.0,0.0
2007-10-02,56.59352111816406,56.886409759521484,55.66761779785156,56.01719284057617,37.6367301940918,581181,0.0,0.0
2007-10-03,55.6392707824707,55.847129821777344,55.03459930419922,55.44086456298828,37.249507904052734,471211,0.0,0.0
2007-10-04,55.7337532043457,55.884918212890625,55.08184051513672,55.54479217529297,37.319339752197266,889500,0.0,0.0
2007-10-05,56.16836166381836,57.746177673339844,56.07387924194336,57.64224624633789,38.72856140136719,890665,0.0,0.0
2007-10-08,57.45328903198242,58.010719299316406,57.26432800292969,57.44384002685547,38.595272064208984,795618,0.0,0.0
2007-10-09,57.73672866821289,57.812313079833984,56.47069549560547,57.037574768066406,38.32231140136719,611876,0.0,0.0
2007-10-10,56.84861755371094,57.925689697265625,56.82027053833008,57.12260818481445,38.37944793701172,437130,0.0,0.0
2007-10-11,57.49108123779297,57.68003845214844,55.57313537597656,56.22504806518555,37.77639389038086,482007,0.0,0.0
2007-10-12,56.555728912353516,57.50997543334961,56.05498504638672,57.45328903198242,38.601619720458984,693163,0.0,0.0
2007-10-15,57.321014404296875,58.06740951538086,56.99978256225586,57.51942443847656,38.64605712890625,658552,0.0,0.0
2007-10-16,57.5855598449707,57.68003845214844,56.12112045288086,56.442352294921875,37.92237854003906,615792,0.0,0.0
2007-10-17,56.678550720214844,56.924198150634766,55.535343170166016,56.48014450073242,37.947792053222656,552075,0.0,0.0
2007-10-18,56.376216888427734,56.7352409362793,56.12112045288086,56.395111083984375,37.890655517578125,357007,0.0,0.0
2007-10-19,56.38566589355469,56.678550720214844,54.496063232421875,54.496063232421875,36.61471176147461,616427,0.0,0.0
2007-10-22,54.2882080078125,56.29118347167969,54.04256057739258,55.92271041870117,37.57326126098633,1025826,0.0,0.0
2007-10-23,56.395111083984375,57.16984939575195,56.03608703613281,56.574623107910156,38.01125717163086,774661,0.0,0.0
2007-10-24,56.33842468261719,57.6328010559082,55.450313568115234,57.45328903198242,38.601619720458984,794666,0.0,0.0
2007-10-25,57.57611083984375,57.5855598449707,55.6865119934082,56.6879997253418,38.08744430541992,545724,0.0,0.0
2007-10-26,57.49108123779297,57.91624069213867,56.215599060058594,57.160400390625,38.40483474731445,759102,0.0,0.0
2007-10-29,57.50997543334961,58.39808654785156,57.40604782104492,58.010719299316406,38.97612762451172,538209,0.0,0.0
2007-10-30,57.95403289794922,58.294158935546875,57.27377700805664,57.349361419677734,38.53178787231445,701101,0.0,0.0
2007-10-31,57.349361419677734,57.812313079833984,56.215599060058594,57.21708679199219,38.44291305541992,799640,0.0,0.0
2007-11-01,56.905303955078125,58.30360794067383,56.49903869628906,56.84861755371094,38.19535827636719,863251,0.0,0.0
2007-11-02,58.577598571777344,60.44830322265625,58.341400146484375,58.82324981689453,39.522064208984375,2233277,0.0,0.0
2007-11-05,58.89883041381836,59.494056701660156,57.944583892822266,59.23896026611328,39.8013801574707,995237,0.0,0.0
2007-11-06,59.62632751464844,62.67803192138672,59.106689453125,62.186737060546875,41.78191375732422,1533658,0.0,0.0
2007-11-07,61.70488739013672,63.244911193847656,60.94904708862305,61.3364143371582,41.2105827331543,1505610,0.0,0.0
2007-11-08,61.86550521850586,61.86550521850586,59.04999923706055,60.49554443359375,40.64563751220703,1507303,0.0,0.0
2007-11-09,59.92866516113281,60.0325927734375,58.5870475769043,58.964969635009766,39.61728286743164,1229149,0.0,0.0
2007-11-12,59.040550231933594,59.41847229003906,56.60296630859375,56.621864318847656,38.04300308227539,1255610,0.0,0.0
2007-11-13,57.12260818481445,58.35084915161133,56.7068977355957,57.84065628051758,38.86188507080078,968353,0.0,0.0
2007-11-14,58.26581573486328,58.577598571777344,57.22653579711914,57.82175827026367,38.84919357299805,997883,0.0,0.0
2007-11-15,57.6328010559082,59.427921295166016,57.6328010559082,59.427921295166016,39.92832946777344,1446444,0.0,0.0
2007-11-16,59.73970413208008,59.73970413208008,58.275264739990234,59.02165603637695,39.65536117553711,962214,0.0,0.0
2007-11-19,58.70987319946289,59.182273864746094,58.17133712768555,58.48311996459961,39.29355239868164,1176863,0.0,0.0
2007-11-20,58.5870475769043,58.5870475769043,56.58407211303711,57.415496826171875,38.66992950439453,1199619,0.14172,0.0
2007-11-21,56.91475296020508,57.98237609863281,56.91475296020508,57.018680572509766,38.40266799926758,705123,0.0,0.0
2007-11-23,57.481632232666016,57.62335205078125,56.6879997253418,57.31156921386719,38.59994125366211,232430,0.0,0.0
2007-11-26,57.40604782104492,57.91624069213867,56.54627990722656,56.7068977355957,38.192684173583984,895216,0.0,0.0
2007-11-27,56.858062744140625,57.50997543334961,56.63131332397461,57.45328903198242,38.69540023803711,1043395,0.0,0.0
2007-11-28,57.651695251464844,59.91921615600586,57.651695251464844,59.5129508972168,40.08258819580078,897121,0.0,0.0
2007-11-29,59.14448165893555,59.645225524902344,58.407535552978516,59.550743103027344,40.10804748535156,828006,0.0,0.0
2007-11-30,59.57908630371094,60.0325927734375,58.407535552978516,59.30509567260742,39.94260025024414,1834039,0.0,0.0
2007-12-03,59.88142395019531,59.88142395019531,58.31305694580078,58.32250213623047,39.28080368041992,1003281,0.0,0.0
2007-12-04,57.93513488769531,58.24692153930664,57.254878997802734,57.91624069213867,39.00718688964844,975868,0.0,0.0
2007-12-05,58.53036117553711,59.09724044799805,58.00127029418945,58.36974334716797,39.312625885009766,841871,0.0,0.0
2007-12-06,58.14299011230469,59.45626449584961,57.991825103759766,59.45626449584961,40.044395446777344,786833,0.0,0.0
2007-12-07,59.67356872558594,60.27824020385742,59.41847229003906,60.060935974121094,40.45165252685547,475233,0.0,0.0
2007-12-10,60.34437561035156,60.401065826416016,59.35233688354492,59.616878509521484,40.152587890625,426863,0.0,0.0
2007-12-11,59.80583953857422,59.80583953857422,57.12260818481445,57.12260818481445,38.4726676940918,900085,0.0,0.0
2007-12-12,58.54925537109375,60.38216781616211,58.19968032836914,58.6059455871582,39.471717834472656,1474598,0.0,0.0
2007-12-13,58.454776763916016,58.454776763916016,56.96199035644531,57.97292709350586,39.045387268066406,771804,0.0,0.0
2007-12-14,57.6328010559082,58.35084915161133,57.2076416015625,57.321014404296875,38.606292724609375,469306,0.0,0.0
2007-12-17,57.160400390625,57.27377700805664,56.75413513183594,56.98088836669922,38.37720489501953,683637,0.0,0.0
2007-12-18,57.6139030456543,58.341400146484375,57.21708679199219,57.73672866821289,38.886287689208984,1026355,0.0,0.0
2007-12-19,57.235984802246094,57.84065628051758,56.952545166015625,57.17929458618164,38.5108528137207,743544,0.0,0.0
2007-12-20,57.49108123779297,58.105201721191406,56.82971954345703,57.925689697265625,39.013545989990234,638230,0.0,0.0
2007-12-21,58.87993621826172,58.87993621826172,57.717830657958984,58.68152618408203,39.52262496948242,1158340,0.0,0.0
2007-12-24,59.21061706542969,59.68301773071289,59.04999923706055,59.67356872558594,40.19076156616211,238887,0.0,0.0
2007-12-26,59.664119720458984,59.91921615600586,59.616878509521484,59.88142395019531,40.33075714111328,413315,0.0,0.0
2007-12-27,59.730255126953125,59.73970413208008,58.76655960083008,58.94607162475586,39.70078659057617,347904,0.0,0.0
2007-12-28,59.52239990234375,59.75859832763672,58.577598571777344,59.22951126098633,39.891693115234375,540749,0.0,0.0
2007-12-31,59.031105041503906,59.68301773071289,58.70042419433594,59.220062255859375,39.88532638549805,558848,0.0,0.0
2008-01-02,59.09724044799805,59.09724044799805,58.209129333496094,58.454776763916016,39.369895935058594,1058108,0.0,0.0
2008-01-03,58.44532775878906,58.95552062988281,58.06740951538086,58.72876739501953,39.55442810058594,881456,0.0,0.0
2008-01-04,58.28471374511719,58.28471374511719,57.141502380371094,57.22653579711914,38.54265594482422,1008679,0.0,0.0
2008-01-07,57.45328903198242,57.55721664428711,54.32600021362305,54.845638275146484,36.939109802246094,1416596,0.0,0.0
2008-01-08,54.940120697021484,55.214111328125,53.60795211791992,53.69298553466797,36.162776947021484,851080,0.0,0.0
2008-01-09,53.35285568237305,53.75912094116211,51.70890426635742,52.729286193847656,35.513729095458984,926122,0.0,0.0
2008-01-10,51.23650360107422,51.23650360107422,46.021209716796875,47.0699348449707,31.702077865600586,4935224,0.0,0.0
2008-01-11,47.0699348449707,48.591064453125,46.767601013183594,48.30762481689453,32.535682678222656,2397968,0.0,0.0
2008-01-14,48.58161544799805,49.31856155395508,48.005287170410156,48.37376022338867,32.580223083496094,1249153,0.0,0.0
2008-01-15,47.94860076904297,48.619407653808594,47.315582275390625,47.939151763916016,32.28750991821289,1603937,0.0,0.0
2008-01-16,47.65571212768555,47.9958381652832,46.92821502685547,47.22110366821289,31.80389976501465,1386113,0.0,0.0
2008-01-17,47.495094299316406,49.05401611328125,46.12513732910156,46.2668571472168,31.161203384399414,1227138,0.0,0.0
2008-01-18,46.36133575439453,48.14700698852539,45.907833099365234,46.41802215576172,31.26302146911621,1067104,0.0,0.0
2008-01-22,45.690528869628906,45.690528869628906,43.30963134765625,44.67959213256836,30.092172622680664,1131774,0.0,0.0
2008-01-23,43.66865539550781,44.377254486083984,41.67512893676758,44.188297271728516,29.761281967163086,1370131,0.0,0.0
2008-01-24,44.51897430419922,45.47322463989258,44.2449836730957,45.2937126159668,30.50579071044922,1115686,0.0,0.0
2008-01-25,45.577152252197266,46.33299255371094,45.1708869934082,45.31260681152344,30.51850700378418,700889,0.0,0.0
2008-01-28,45.05751037597656,45.85114288330078,44.59455871582031,45.85114288330078,30.881214141845703,827371,0.0,0.0
2008-01-29,45.60549545288086,46.880977630615234,45.60549545288086,46.644775390625,31.41573715209961,1007197,0.0,0.0
2008-01-30,46.51250457763672,47.51399230957031,45.93617630004883,46.53139877319336,31.33938980102539,868120,0.0,0.0
2008-01-31,49.11070251464844,51.97344970703125,48.978431701660156,51.58607864379883,34.74375534057617,3211156,0.0,0.0
2008-02-01,51.652217864990234,52.974937438964844,50.97195816040039,51.24595260620117,34.51469039916992,2492909,0.0,0.0
2008-02-04,51.24595260620117,52.04903030395508,51.06644058227539,51.42546463012695,34.63559341430664,1258362,0.0,0.0
2008-02-05,50.71686553955078,51.54828643798828,50.4901123046875,51.047542572021484,34.38103485107422,1276461,0.0,0.0
2008-02-06,51.40656661987305,51.70890426635742,50.60348892211914,50.60348892211914,34.08198165893555,1193692,0.0,0.0
2008-02-07,50.40507888793945,51.06644058227539,49.724822998046875,50.50900650024414,34.01833724975586,1135902,0.0,0.0
2008-02-08,50.49956130981445,52.16240692138672,49.31856155395508,51.79393768310547,34.883750915527344,1090601,0.0,0.0
2008-02-11,51.737247467041016,52.710391998291016,51.255401611328125,52.33247375488281,35.24646759033203,1070279,0.0,0.0
2008-02-12,52.39860916137695,52.54032897949219,51.74669647216797,52.001792907714844,35.02375030517578,866956,0.0,0.0
2008-02-13,52.33247375488281,52.946590423583984,52.15296173095703,52.946590423583984,35.66007995605469,616003,0.0,0.0
2008-02-14,52.8143196105957,53.3150634765625,51.51994323730469,51.58607864379883,34.74375534057617,664373,0.0,0.0
2008-02-15,51.274295806884766,51.82228088378906,50.216121673583984,50.84913635253906,34.24742889404297,898815,0.0,0.0
2008-02-19,51.47270584106445,51.604976654052734,50.72631072998047,51.047542572021484,34.38103485107422,888124,0.0,0.0
2008-02-20,50.71686553955078,51.17981719970703,50.33894348144531,51.06644058227539,34.393768310546875,642782,0.0,0.0
2008-02-21,51.26484680175781,51.87896728515625,50.22556686401367,50.52790451049805,34.031063079833984,978302,0.0,0.0
2008-02-22,50.57514572143555,51.05699157714844,49.49807357788086,50.537353515625,34.03742980957031,737193,0.0,0.0
2008-02-25,50.64128112792969,51.538841247558594,50.32949447631836,51.340431213378906,34.57830047607422,1093353,0.0,0.0
2008-02-26,51.208160400390625,51.30263900756836,50.29170227050781,50.745208740234375,34.17743682861328,993649,0.0,0.0
2008-02-27,50.43342590332031,51.9356575012207,50.282257080078125,51.59552764892578,34.75012969970703,568903,0.0,0.0
2008-02-28,51.42546463012695,52.03013610839844,50.697967529296875,50.95306396484375,34.317405700683594,681520,0.0,0.0
2008-02-29,50.32004928588867,50.32004928588867,45.66218566894531,46.13458251953125,31.158788681030273,2716448,0.14172,0.0
2008-03-03,46.11568832397461,46.12513732910156,45.161441802978516,45.624393463134766,30.814228057861328,2006033,0.0,0.0
2008-03-04,45.58660125732422,45.61494445800781,44.45283889770508,44.97248077392578,30.37391471862793,1406647,0.0,0.0
2008-03-05,45.01027297973633,45.794456481933594,44.50008010864258,44.84965515136719,30.29096031188965,1078006,0.0,0.0
2008-03-06,47.51399230957031,47.51399230957031,44.75517654418945,45.20867919921875,30.5334415435791,2493332,0.0,0.0
2008-03-07,44.89689636230469,45.88893508911133,44.16939926147461,44.87799835205078,30.310115814208984,1418395,0.0,0.0
2008-03-10,44.887447357177734,44.94413757324219,43.29073715209961,43.337974548339844,29.269977569580078,852456,0.0,0.0
2008-03-11,44.41504669189453,45.50156784057617,44.22608947753906,45.31260681152344,30.60362434387207,1599174,0.0,0.0
2008-03-12,45.48267364501953,46.1723747253418,45.397640228271484,45.69997787475586,30.865259170532227,1242909,0.0,0.0
2008-03-13,45.15199279785156,46.00231170654297,44.63235092163086,45.69997787475586,30.865259170532227,801122,0.0,0.0
2008-03-14,45.69997787475586,46.2196159362793,43.678104400634766,44.26388168334961,29.895336151123047,894263,0.0,0.0
2008-03-17,43.24349594116211,43.92375183105469,42.657718658447266,43.50804138183594,29.38484001159668,1139924,0.0,0.0
2008-03-18,44.10326385498047,44.934688568115234,43.678104400634766,44.79296875,30.252685546875,1065199,0.0,0.0
2008-03-19,44.94413757324219,45.350399017333984,43.40411376953125,43.432456970214844,29.33379364013672,934060,0.0,0.0
2008-03-20,43.3946647644043,44.16939926147461,43.13011932373047,44.11271286010742,29.793231964111328,964014,0.0,0.0
2008-03-24,44.11271286010742,46.33299255371094,44.11271286010742,46.1723747253418,31.184307098388672,988992,0.0,0.0
2008-03-25,46.29520034790039,46.98490524291992,46.13458251953125,46.35188674926758,31.305545806884766,1145322,0.0,0.0
2008-03-26,46.24795913696289,46.93766403198242,45.926727294921875,46.389678955078125,31.331083297729492,864522,0.0,0.0
2008-03-27,46.304649353027344,46.58808898925781,45.63383865356445,45.926727294921875,31.01841163635254,968353,0.0,0.0
2008-03-28,46.436920166015625,46.89042282104492,45.37874221801758,45.61494445800781,30.80783462524414,766406,0.0,0.0
2008-03-31,45.49211883544922,46.1440315246582,45.2464714050293,45.85114288330078,30.967342376708984,829699,0.0,0.0
2008-04-01,45.98341751098633,47.44785690307617,45.98341751098633,47.44785690307617,32.04576873779297,703323,0.0,0.0
2008-04-02,47.44785690307617,48.50603103637695,47.44785690307617,47.91080856323242,32.358436584472656,803980,0.0,0.0
2008-04-03,47.68405532836914,48.08087158203125,46.41802215576172,46.63532638549805,31.496976852416992,1050804,0.0,0.0
2008-04-04,46.852630615234375,48.37376022338867,46.42747116088867,48.0714225769043,32.46691131591797,659610,0.0,0.0
2008-04-07,48.37376022338867,48.94063949584961,47.617919921875,47.825775146484375,32.30099105834961,578112,0.0,0.0
2008-04-08,47.58012771606445,48.03363037109375,47.2400016784668,47.825775146484375,32.30099105834961,513124,0.0,0.0
2008-04-09,47.806880950927734,47.96749496459961,47.02269744873047,47.37227249145508,31.994720458984375,481478,0.0,0.0
2008-04-10,47.33448028564453,47.56123352050781,46.899871826171875,47.410064697265625,32.02023696899414,513971,0.0,0.0
2008-04-11,47.00379943847656,47.00379943847656,45.926727294921875,46.00231170654297,31.06945037841797,508785,0.0,0.0
2008-04-14,46.06844711303711,46.40857696533203,45.80390548706055,46.00231170654297,31.06945037841797,375529,0.0,0.0
2008-04-15,46.18182373046875,46.58808898925781,45.68107986450195,46.29520034790039,31.267274856567383,607642,0.0,0.0
2008-04-16,46.49360656738281,47.50454330444336,46.47471237182617,47.2400016784668,31.90537452697754,829805,0.0,0.0
2008-04-17,47.079383850097656,47.58012771606445,46.72980880737305,47.362823486328125,31.988319396972656,647121,0.0,0.0
2008-04-18,48.1375617980957,48.58161544799805,47.79743194580078,48.01473617553711,32.42861557006836,948243,0.0,0.0
2008-04-21,47.693504333496094,49.5169677734375,47.693504333496094,49.488624572753906,33.424072265625,1170618,0.0,0.0
2008-04-22,49.394142150878906,49.488624572753906,48.5438232421875,48.99732971191406,33.09226608276367,1024979,0.0,0.0
2008-04-23,49.082359313964844,49.082359313964844,48.27928161621094,48.780025482177734,32.945491790771484,564352,0.0,0.0
2008-04-24,48.92174530029297,49.55475997924805,48.354862213134766,49.082359313964844,33.14967727661133,607642,0.0,0.0
2008-04-25,49.309112548828125,49.76261520385742,48.78947067260742,49.611446380615234,33.507022857666016,774450,0.0,0.0
2008-04-28,49.43193435668945,49.80040740966797,48.23204040527344,48.80836868286133,32.964622497558594,768628,0.0,0.0
2008-04-29,48.60051345825195,50.17832946777344,48.449344635009766,49.790958404541016,33.62826156616211,971740,0.0,0.0
2008-04-30,50.95306396484375,51.9640007019043,50.414527893066406,51.047542572021484,34.47693634033203,1539585,0.0,0.0
2008-05-01,51.028648376464844,51.028648376464844,49.97991943359375,50.83968734741211,34.336570739746094,1038950,0.0,0.0
2008-05-02,51.028648376464844,51.028648376464844,49.790958404541016,49.91378402709961,33.71122360229492,749788,0.0,0.0
2008-05-05,49.57365417480469,50.45232009887695,49.31856155395508,50.14998245239258,33.870731353759766,505821,0.0,0.0
2008-05-06,50.07440185546875,51.00030517578125,49.9421272277832,50.764102935791016,34.28550720214844,551228,0.0,0.0
2008-05-07,50.93416976928711,51.21760940551758,50.20667266845703,50.42397689819336,34.05577850341797,615474,0.0,0.0
2008-05-08,51.01919937133789,51.57663345336914,50.44287109375,51.40656661987305,34.719417572021484,1104678,0.0,0.0
2008-05-09,56.621864318847656,56.6879997253418,53.239479064941406,53.7874641418457,36.32744216918945,3739416,0.0,0.0
2008-05-12,53.75912094116211,54.48661422729492,53.437889099121094,54.17483139038086,36.589088439941406,1039903,0.0,0.0
2008-05-13,54.37324142456055,55.66761779785156,54.26931381225586,55.629825592041016,37.57175064086914,1666173,0.0,0.0
2008-05-14,55.65816879272461,57.91624069213867,55.601478576660156,56.82027053833008,38.37578201293945,2226397,0.0,0.0
2008-05-15,56.82971954345703,56.839168548583984,56.27228927612305,56.82027053833008,38.37578201293945,949513,0.0,0.0
2008-05-16,56.82971954345703,60.97739028930664,56.6879997253418,60.33492660522461,40.749542236328125,4281329,0.0,0.0
2008-05-19,60.11762237548828,60.11762237548828,58.0390625,58.25636672973633,39.345706939697266,2627434,0.0,0.0
2008-05-20,58.17133712768555,59.50350570678711,57.746177673339844,59.09724044799805,39.91361618041992,1226715,0.0,0.0
2008-05-21,59.087791442871094,59.796390533447266,58.59649658203125,58.757110595703125,39.68390655517578,1745025,0.0,0.0
2008-05-22,58.757110595703125,60.703399658203125,58.577598571777344,60.13652038574219,40.61553192138672,1870766,0.0,0.0
2008-05-23,60.36327362060547,61.75212860107422,59.27675247192383,59.446815490722656,40.14973068237305,1877964,0.0,0.0
2008-05-27,59.70191192626953,60.20265579223633,58.48311996459961,59.99480056762695,40.51982116699219,1451736,0.0,0.0
2008-05-28,60.04204177856445,60.60892105102539,59.616878509521484,60.079830169677734,40.67333221435547,1834462,0.14172,0.0
2008-05-29,60.08927917480469,60.174312591552734,58.39808654785156,58.5398063659668,39.63074493408203,2241003,0.0,0.0
2008-05-30,61.47813415527344,63.02760696411133,60.353824615478516,62.14894485473633,42.07410430908203,6704064,0.0,0.0
2008-06-02,54.609439849853516,55.2613525390625,51.79393768310547,52.530879974365234,35.56278610229492,9551228,0.0,0.0
2008-06-03,52.74818420410156,53.37175369262695,51.434913635253906,51.9356575012207,35.159812927246094,4190834,0.0,0.0
2008-06-04,51.850624084472656,53.286720275878906,51.850624084472656,52.597015380859375,35.6075553894043,1714860,0.0,0.0
2008-06-05,52.871009826660156,54.15593719482422,52.79542541503906,54.02366256713867,36.573368072509766,2145745,0.0,0.0
2008-06-06,53.72132873535156,54.873985290527344,53.702430725097656,54.033111572265625,36.579776763916016,1947925,0.0,0.0
2008-06-09,54.79840087890625,54.873985290527344,52.823768615722656,53.37175369262695,36.13204574584961,1125423,0.0,0.0
2008-06-10,52.95603942871094,53.239479064941406,52.578121185302734,52.578121185302734,35.594757080078125,1061071,0.0,0.0
2008-06-11,52.44584655761719,52.52143096923828,51.19871139526367,51.19871139526367,34.660919189453125,1454911,0.0,0.0
2008-06-12,51.387672424316406,53.06941604614258,51.30263900756836,51.70890426635742,35.006317138671875,856795,0.0,0.0
2008-06-13,51.97344970703125,53.09775924682617,51.97344970703125,52.729286193847656,35.69709014892578,985711,0.0,0.0
2008-06-16,52.65370559692383,54.02366256713867,52.65370559692383,53.97642517089844,36.54140090942383,916702,0.0,0.0
2008-06-17,53.92918395996094,53.966976165771484,53.19224166870117,53.3623046875,36.12563705444336,919771,0.0,0.0
2008-06-18,53.00328063964844,53.343406677246094,52.3419189453125,52.871009826660156,35.793033599853516,894263,0.0,0.0
2008-06-19,52.8143196105957,53.46623229980469,52.115169525146484,53.126102447509766,35.965736389160156,1792125,0.0,0.0
2008-06-20,52.98438262939453,52.98438262939453,51.0380973815918,51.51994323730469,34.87838363647461,1899661,0.0,0.0
2008-06-23,50.95306396484375,51.39712142944336,50.13108825683594,50.31060028076172,34.05967330932617,2068586,0.0,0.0
2008-06-24,50.07440185546875,50.07440185546875,47.70295333862305,48.90284729003906,33.10665512084961,2381880,0.0,0.0
2008-06-25,49.441383361816406,50.565696716308594,49.20518493652344,50.42397689819336,34.13642120361328,1242168,0.0,0.0
2008-06-26,50.02716064453125,50.02716064453125,48.60051345825195,48.67609786987305,32.95313262939453,1348857,0.0,0.0
2008-06-27,48.67609786987305,48.67609786987305,47.523441314697266,48.354862213134766,32.73566818237305,841871,0.0,0.0
2008-06-30,48.23204040527344,48.335968017578125,47.58012771606445,47.70295333862305,32.2943229675293,928980,0.0,0.0
2008-07-01,47.1644172668457,47.1644172668457,45.56770324707031,45.973968505859375,31.123811721801758,2075466,0.0,0.0
2008-07-02,45.907833099365234,47.10772705078125,45.47322463989258,45.47322463989258,30.78483772277832,1916596,0.0,0.0
2008-07-03,45.511016845703125,47.1171760559082,45.350399017333984,46.833736419677734,31.70588493347168,835097,0.0,0.0
2008-07-07,46.99435043334961,47.37227249145508,45.20867919921875,46.07789611816406,31.194175720214844,917019,0.0,0.0
2008-07-08,45.98341751098633,47.73129653930664,45.91727828979492,47.73129653930664,32.313514709472656,1031329,0.0,0.0
2008-07-09,47.740745544433594,48.01473617553711,46.29520034790039,46.65422439575195,31.58435821533203,868861,0.0,0.0
2008-07-10,46.5975341796875,47.013248443603516,45.31260681152344,46.12513732910156,31.226152420043945,1053874,0.0,0.0
2008-07-11,45.65273666381836,46.24795913696289,44.61345672607422,45.48267364501953,30.791221618652344,1161727,0.0,0.0
2008-07-14,45.72832107543945,46.28575134277344,45.1708869934082,45.331504821777344,30.688879013061523,752646,0.0,0.0
2008-07-15,45.000823974609375,45.511016845703125,44.06547164916992,45.000823974609375,30.465017318725586,1432261,0.0,0.0
2008-07-16,45.05751037597656,46.503055572509766,44.774070739746094,46.38023376464844,31.39886474609375,837214,0.0,0.0
2008-07-17,46.569190979003906,47.6651611328125,46.40857696533203,47.523441314697266,32.17280578613281,1259632,0.0,0.0
2008-07-18,47.40061569213867,47.67460632324219,46.82428741455078,47.46675109863281,32.13441467285156,914162,0.0,0.0
2008-07-21,47.523441314697266,47.9958381652832,47.0699348449707,47.315582275390625,32.032081604003906,792443,0.0,0.0
2008-07-22,46.93766403198242,47.78798294067383,46.35188674926758,47.78798294067383,32.35188674926758,780271,0.0,0.0
2008-07-23,47.83522415161133,48.619407653808594,47.46675109863281,48.402103424072266,32.76765823364258,544666,0.0,0.0
2008-07-24,48.82726287841797,48.9689826965332,47.78798294067383,48.0430793762207,32.52458953857422,920618,0.0,0.0
2008-07-25,48.45879364013672,48.55327224731445,47.95804977416992,48.317073822021484,32.710086822509766,770216,0.0,0.0
2008-07-28,48.109214782714844,48.21314239501953,46.81483840942383,47.35337448120117,32.05766677856445,778472,0.0,0.0
2008-07-29,47.343929290771484,48.42100143432617,47.30613708496094,48.32651901245117,32.71647262573242,616533,0.0,0.0
2008-07-30,48.43044662475586,48.80836868286133,47.91080856323242,48.52492904663086,32.85080337524414,1094412,0.0,0.0
2008-07-31,45.511016845703125,47.315582275390625,44.43394470214844,45.49211883544922,30.797618865966797,2976185,0.0,0.0
2008-08-01,45.596046447753906,46.51250457763672,45.2937126159668,45.88893508911133,31.066255569458008,1508362,0.0,0.0
2008-08-04,45.98341751098633,46.370784759521484,44.57566452026367,44.85910415649414,30.369064331054688,1532176,0.0,0.0
2008-08-05,45.284263610839844,46.07789611816406,45.18978500366211,45.973968505859375,31.123811721801758,1070703,0.0,0.0
2008-08-06,45.82279968261719,46.81483840942383,45.58660125732422,46.13458251953125,31.232563018798828,1854572,0.0,0.0
2008-08-07,45.91727828979492,46.18182373046875,45.2464714050293,45.98341751098633,31.130233764648438,1388336,0.0,0.0
2008-08-08,46.087345123291016,46.7392578125,45.82279968261719,46.484161376953125,31.46923065185547,1152731,0.0,0.0
2008-08-11,46.484161376953125,48.0903205871582,46.40857696533203,48.01473617553711,32.505409240722656,1142464,0.0,0.0
2008-08-12,47.81632614135742,48.931190490722656,47.59902572631836,48.43989562988281,32.79323196411133,836685,0.0,0.0
2008-08-13,48.53437423706055,49.57365417480469,48.0903205871582,49.38469696044922,33.432857513427734,1212320,0.0,0.0
2008-08-14,49.0445671081543,50.11219024658203,49.0445671081543,49.790958404541016,33.70789337158203,1334674,0.0,0.0
2008-08-15,48.21314239501953,51.58607864379883,48.21314239501953,50.93416976928711,34.4818229675293,1407070,0.0,0.0
2008-08-18,50.89637756347656,51.0380973815918,49.34690475463867,49.73427200317383,33.66950225830078,1425169,0.0,0.0
2008-08-19,49.441383361816406,50.187774658203125,49.36579895019531,49.639793395996094,33.60555648803711,627434,0.0,0.0
2008-08-20,49.904335021972656,50.32004928588867,49.242977142333984,49.62089538574219,33.5927619934082,886854,0.0,0.0
2008-08-21,49.23352813720703,49.62089538574219,48.77057647705078,49.10125732421875,33.24095153808594,1085521,0.0,0.0
2008-08-22,49.29966354370117,49.36579895019531,48.42100143432617,48.89339828491211,33.100242614746094,1417866,0.0,0.0
2008-08-25,48.5438232421875,48.94063949584961,47.78798294067383,48.269832611083984,32.67810821533203,844517,0.0,0.0
2008-08-26,48.269832611083984,49.261871337890625,48.18479919433594,49.035118103027344,33.19619369506836,814776,0.0,0.0
2008-08-27,49.22407913208008,49.611446380615234,48.74223327636719,49.27132034301758,33.35610580444336,646063,0.0,0.0
2008-08-28,49.55475997924805,50.25391387939453,49.356353759765625,50.235015869140625,34.00849914550781,546782,0.0,0.0
2008-08-29,49.89488983154297,49.92323303222656,48.90284729003906,49.4697265625,33.490421295166016,654107,0.0,0.0
2008-09-02,49.951576232910156,50.64128112792969,48.98788070678711,49.394142150878906,33.56746292114258,1087849,0.18896,0.0
2008-09-03,49.16739273071289,49.60200119018555,47.740745544433594,48.27928161621094,32.809814453125,1071020,0.0,0.0
2008-09-04,48.02418518066406,48.03363037109375,46.28575134277344,46.28575134277344,31.455039978027344,819962,0.0,0.0
2008-09-05,46.01176071166992,46.84318542480469,45.671630859375,46.68256759643555,31.724720001220703,700889,0.0,0.0
2008-09-08,47.72184753417969,47.9958381652832,46.90932083129883,46.966007232666016,31.917339324951172,1042231,0.0,0.0
2008-09-09,47.013248443603516,47.032142639160156,44.38670349121094,44.424495697021484,30.190168380737305,1532811,0.0,0.0
2008-09-10,44.868553161621094,45.444881439208984,42.8466796875,45.09530258178711,30.646041870117188,1861876,0.0,0.0
2008-09-11,44.61345672607422,46.28575134277344,44.33001708984375,45.82279968261719,31.14043617248535,1203429,0.0,0.0
2008-09-12,45.35984802246094,46.75815200805664,44.953582763671875,46.75815200805664,31.77609634399414,1071232,0.0,0.0
2008-09-15,45.15199279785156,45.747215270996094,42.969505310058594,43.08287811279297,29.278419494628906,1856795,0.0,0.0
2008-09-16,43.64976119995117,45.048065185546875,42.657718658447266,44.78351974487305,30.43414306640625,3647333,0.0,0.0
2008-09-17,44.22608947753906,44.868553161621094,43.15846252441406,43.24349594116211,29.38758659362793,1850868,0.0,0.0
2008-09-18,44.093814849853516,44.56621551513672,41.826297760009766,44.556766510009766,30.280046463012695,2656753,0.0,0.0
2008-09-19,46.304649353027344,51.9640007019043,39.68159866333008,45.35984802246094,30.825836181640625,19579805,0.0,0.0
2008-09-22,45.350399017333984,45.444881439208984,43.78203201293945,44.537872314453125,30.2672176361084,1958616,0.0,0.0
2008-09-23,44.63235092163086,46.12513732910156,44.63235092163086,45.133094787597656,30.671724319458008,2016829,0.0,0.0
2008-09-24,45.000823974609375,45.55825424194336,44.08436965942383,44.670143127441406,30.357114791870117,1567528,0.0,0.0
2008-09-25,45.133094787597656,45.50156784057617,44.72683334350586,45.237022399902344,30.742353439331055,1302921,0.0,0.0
2008-09-26,44.556766510009766,45.09530258178711,43.13011932373047,45.066959381103516,30.626773834228516,927604,0.0,0.0
2008-09-29,44.52842330932617,44.89689636230469,41.34444808959961,41.97746276855469,28.527206420898438,2031224,0.0,0.0
2008-09-30,42.572689056396484,43.73479080200195,41.023216247558594,43.64976119995117,29.66367530822754,1223751,0.0,0.0
2008-10-01,43.328529357910156,43.47969436645508,42.194766998291016,42.865577697753906,29.13074493408203,985605,0.0,0.0
2008-10-02,42.51599884033203,42.67661666870117,40.81536102294922,41.12714385986328,27.949352264404297,1049746,0.0,0.0
2008-10-03,41.712921142578125,42.91281509399414,40.361854553222656,40.579158782958984,27.576946258544922,1085097,0.0,0.0
2008-10-06,39.700496673583984,39.700496673583984,35.99687957763672,37.867584228515625,25.734203338623047,1729996,0.0,0.0
2008-10-07,37.933719635009766,38.25495147705078,34.84422302246094,34.84422302246094,23.679569244384766,1772756,0.0,0.0
2008-10-08,34.069488525390625,35.902400970458984,33.18137741088867,34.49464797973633,23.4420108795166,2566046,0.0,0.0
2008-10-09,35.03318405151367,36.6960334777832,33.43647384643555,33.63488006591797,22.857723236083984,1717612,0.0,0.0
2008-10-10,32.08540725708008,33.68212127685547,28.277864456176758,33.162479400634766,22.536685943603516,2399344,0.0,0.0
2008-10-13,34.466304779052734,36.592105865478516,33.842735290527344,36.431488037109375,24.758256912231445,1299958,0.0,0.0
2008-10-14,37.6975212097168,40.83425521850586,34.90091323852539,35.94019317626953,24.424379348754883,1491638,0.0,0.0
2008-10-15,35.902400970458984,35.902400970458984,31.92479133605957,31.98147964477539,21.73410415649414,1205758,0.0,0.0
2008-10-16,31.905895233154297,33.672672271728516,30.14856719970703,33.672672271728516,22.883405685424805,1519475,0.0,0.0
2008-10-17,33.445919036865234,35.156009674072266,31.58466339111328,33.65377426147461,22.87056541442871,1303239,0.0,0.0
2008-10-20,34.154518127441406,35.89295196533203,33.540401458740234,35.89295196533203,24.392274856567383,980525,0.0,0.0
2008-10-21,35.82681655883789,35.82681655883789,33.24751281738281,33.43647384643555,22.72289276123047,935859,0.0,0.0
2008-10-22,33.15303039550781,33.15303039550781,30.07298469543457,31.159503936767578,21.175500869750977,1257515,0.0,0.0
2008-10-23,31.093368530273438,32.39719009399414,29.827335357666016,31.603559494018555,21.477270126342773,1043078,0.0,0.0
2008-10-24,29.3171443939209,30.99888801574707,28.476272583007812,29.761199951171875,20.225231170654297,1716342,0.0,0.0
2008-10-27,29.175424575805664,30.87606430053711,28.542407989501953,29.515552520751953,20.058298110961914,939352,0.0,0.0
2008-10-28,30.120223999023438,32.88848876953125,29.515552520751953,32.88848876953125,22.350496292114258,1090284,0.0,0.0
2008-10-29,33.06800079345703,34.04114532470703,31.868104934692383,32.567256927490234,22.13217544555664,933637,0.0,0.0
2008-10-30,36.847198486328125,36.847198486328125,33.06800079345703,33.975006103515625,23.088857650756836,2159505,0.0,0.0
2008-10-31,33.64432907104492,34.711952209472656,32.453880310058594,33.96556091308594,23.08245086669922,1343671,0.0,0.0
2008-11-03,33.94666290283203,34.7025032043457,33.71046447753906,34.485198974609375,23.435575485229492,1102985,0.0,0.0
2008-11-04,35.042633056640625,37.451873779296875,34.01279830932617,35.637855529785156,24.218910217285156,2689035,0.0,0.0
2008-11-05,35.19380187988281,36.44093704223633,34.711952209472656,34.78753662109375,23.641048431396484,1788738,0.0,0.0
2008-11-06,34.51354217529297,35.222145080566406,32.425537109375,32.59560012817383,22.151443481445312,1965495,0.0,0.0
2008-11-07,33.92776870727539,34.63636779785156,33.36088943481445,34.50409698486328,23.44841766357422,1270110,0.0,0.0
2008-11-10,35.21269607543945,35.51503372192383,33.71046447753906,34.25844955444336,23.281494140625,1010055,0.0,0.0
2008-11-11,34.04114532470703,34.07893753051758,32.170440673828125,32.73731994628906,22.24775505065918,1273497,0.0,0.0
2008-11-12,32.14209747314453,32.236576080322266,31.367359161376953,31.74527931213379,21.573579788208008,1853091,0.0,0.0
2008-11-13,32.06651306152344,33.228614807128906,31.150056838989258,33.228614807128906,22.58163833618164,3407494,0.0,0.0
2008-11-14,32.31216049194336,32.652286529541016,30.70599937438965,31.2161922454834,21.214021682739258,3339331,0.0,0.0
2008-11-17,30.866615295410156,31.310672760009766,29.921815872192383,29.95960807800293,20.360065460205078,1939987,0.0,0.0
2008-11-18,30.006847381591797,30.734344482421875,28.939224243164062,29.817888259887695,20.26375389099121,1798688,0.0,0.0
2008-11-19,29.761199951171875,30.611520767211914,28.334552764892578,28.391239166259766,19.41727638244629,1813082,0.18896,0.0
2008-11-20,27.928287506103516,29.411624908447266,26.81342315673828,27.03072738647461,18.486799240112305,1325677,0.0,0.0
2008-11-21,27.42754364013672,28.41013526916504,26.03868865966797,28.40068817138672,19.423744201660156,1686918,0.0,0.0
2008-11-24,29.307695388793945,31.27288055419922,28.627439498901367,30.70599937438965,21.000385284423828,1601080,0.0,0.0
2008-11-25,31.197296142578125,31.6885929107666,30.36587142944336,30.866615295410156,21.1102294921875,2530800,0.0,0.0
2008-11-26,30.441455841064453,32.72787094116211,30.441455841064453,32.501121520996094,22.22809410095215,1621296,0.0,0.0
2008-11-28,32.49167251586914,32.97351837158203,31.764175415039062,32.95462417602539,22.53826141357422,616744,0.0,0.0
2008-12-01,32.057064056396484,32.123199462890625,30.2430477142334,30.2430477142334,20.683759689331055,1582875,0.0,0.0
2008-12-02,30.611520767211914,31.320119857788086,30.186359405517578,31.28232765197754,21.39454460144043,1713590,0.0,0.0
2008-12-03,30.526487350463867,32.0003776550293,30.167463302612305,31.953136444091797,21.853322982788086,1257938,0.0,0.0
2008-12-04,31.452392578125,31.886999130249023,30.800479888916016,31.433496475219727,21.497936248779297,2103196,0.0,0.0
2008-12-05,31.05557632446289,31.16895294189453,29.16597557067871,31.16895294189453,21.31700897216797,1708933,0.0,0.0
2008-12-08,31.868104934692383,33.625431060791016,31.622455596923828,33.18137741088867,22.693344116210938,1520851,0.0,0.0
2008-12-09,32.59560012817383,34.89146423339844,32.54835891723633,33.937217712402344,23.21027374267578,1519263,0.0,0.0
2008-12-10,34.05059051513672,34.863121032714844,33.738807678222656,34.33403015136719,23.481657028198242,1075889,0.0,0.0
2008-12-11,33.96556091308594,34.7780876159668,32.765663146972656,33.03965759277344,22.596406936645508,1049005,0.0,0.0
2008-12-12,31.764175415039062,34.21120834350586,31.471288681030273,34.135623931884766,23.345975875854492,1154213,0.0,0.0
2008-12-15,34.05059051513672,34.154518127441406,33.143585205078125,33.70101547241211,23.048723220825195,996401,0.0,0.0
2008-12-16,34.09783172607422,35.36386489868164,33.38923263549805,35.31662368774414,24.153669357299805,1202265,0.0,0.0
2008-12-17,34.91980743408203,35.590614318847656,34.10728073120117,35.127662658691406,24.02444076538086,865474,0.0,0.0
2008-12-18,35.21269607543945,35.6284065246582,34.2301025390625,34.54188919067383,23.623817443847656,895216,0.0,0.0
2008-12-19,34.7780876159668,35.91184616088867,34.7780876159668,35.21269607543945,24.082603454589844,1282494,0.0,0.0
2008-12-22,35.25048828125,35.789024353027344,33.47426223754883,34.3245849609375,23.47519874572754,978514,0.0,0.0
2008-12-23,34.47575378417969,34.85367202758789,33.83328628540039,33.975006103515625,23.23611068725586,742909,0.0,0.0
2008-12-24,34.069488525390625,34.40961456298828,33.7293586730957,34.3245849609375,23.47519874572754,215495,0.0,0.0
2008-12-26,34.90091323852539,34.90091323852539,34.182865142822266,34.598575592041016,23.6625919342041,357324,0.0,0.0
2008-12-29,34.62691879272461,34.62691879272461,33.332542419433594,34.182865142822266,23.378276824951172,824301,0.0,0.0
2008-12-30,34.296241760253906,35.344966888427734,34.296241760253906,35.326072692871094,24.16013526916504,818692,0.0,0.0
2008-12-31,35.42055130004883,36.23308181762695,35.33552169799805,35.94963836669922,24.58660316467285,793290,0.0,0.0
2009-01-02,36.46928024291992,38.17936706542969,35.6284065246582,38.075439453125,26.040477752685547,943692,0.0,0.0
2009-01-05,38.03764724731445,38.33998489379883,37.20622253417969,37.66917419433594,25.762632369995117,959145,0.0,0.0
2009-01-06,37.94316864013672,38.68955993652344,37.451873779296875,38.38722229003906,26.253713607788086,983594,0.0,0.0
2009-01-07,37.82979202270508,37.82979202270508,36.58265686035156,37.03615951538086,25.329700469970703,1034610,0.0,0.0
2009-01-08,37.04560852050781,37.21567153930664,36.30866241455078,37.19677734375,25.439544677734375,797312,0.0,0.0
2009-01-09,37.272361755371094,37.44242477416992,36.2236328125,36.52596664428711,24.98076057434082,681837,0.0,0.0
2009-01-12,36.75271987915039,36.894439697265625,35.93074417114258,36.204734802246094,24.761070251464844,811706,0.0,0.0
2009-01-13,36.21418380737305,36.97002410888672,35.99687957763672,36.828304290771484,25.187536239624023,1285457,0.0,0.0
2009-01-14,36.37480163574219,36.497623443603516,34.95759963989258,35.524478912353516,24.295825958251953,1683213,0.0,0.0
2009-01-15,35.53392791748047,38.972999572753906,35.09931945800781,38.69900894165039,26.46694564819336,3023815,0.0,0.0
2009-01-16,39.539878845214844,39.539878845214844,38.396671295166016,39.24699020385742,26.841726303100586,2155165,0.0,0.0
2009-01-20,39.38871383666992,39.39815902709961,37.76365661621094,38.08488845825195,26.04693031311035,2095893,0.0,0.0
2009-01-21,38.32108688354492,40.04062271118164,38.23605728149414,39.87055969238281,27.268190383911133,1866744,0.0,0.0
2009-01-22,39.539878845214844,40.15399932861328,38.462806701660156,39.70994567871094,27.158353805541992,1595152,0.0,0.0
2009-01-23,38.746246337890625,40.607505798339844,38.08488845825195,40.4468879699707,27.662363052368164,1510267,0.0,0.0
2009-01-26,40.579158782958984,41.57120132446289,40.3996467590332,41.249969482421875,28.21159553527832,1323455,0.0,0.0
2009-01-27,41.221622467041016,41.665679931640625,40.76811981201172,41.552303314208984,28.41836166381836,803450,0.0,0.0
2009-01-28,42.23255920410156,42.51599884033203,41.684574127197266,42.289249420166016,28.92237091064453,1403472,0.0,0.0
2009-01-29,41.85464096069336,42.00580978393555,40.59805679321289,41.07990264892578,28.095293045043945,1041914,0.0,0.0
2009-01-30,41.334999084472656,41.968017578125,40.513023376464844,40.900390625,27.972511291503906,1352032,0.0,0.0
2009-02-02,40.607505798339844,41.56175231933594,39.5209846496582,40.342960357666016,27.591272354125977,2352773,0.0,0.0
2009-02-03,40.342960357666016,40.626399993896484,39.28478240966797,40.20124053955078,27.494346618652344,2095470,0.0,0.0
2009-02-04,40.579158782958984,41.4011344909668,40.295719146728516,40.5697135925293,27.746355056762695,1793078,0.0,0.0
2009-02-05,39.57767105102539,41.29720687866211,39.21864700317383,40.975975036621094,28.02421760559082,1628599,0.0,0.0
2009-02-06,40.919288635253906,42.54434585571289,40.872047424316406,42.38372802734375,28.986988067626953,2640771,0.0,0.0
2009-02-09,42.2986946105957,42.752201080322266,41.155487060546875,41.58064651489258,28.437753677368164,1913209,0.0,0.0
2009-02-10,41.35389709472656,41.797950744628906,40.42799377441406,40.579158782958984,27.752819061279297,1634632,0.0,0.0
2009-02-11,40.626399993896484,40.900390625,39.75718307495117,40.24848175048828,27.526657104492188,1381986,0.0,0.0
2009-02-12,40.050071716308594,40.3996467590332,39.076927185058594,39.88945770263672,27.281108856201172,2909716,0.0,0.0
2009-02-13,40.002830505371094,40.65474319458008,39.653255462646484,39.95559310913086,27.32634162902832,2587426,0.0,0.0
2009-02-17,38.36832809448242,39.653255462646484,37.79199981689453,38.491153717041016,26.324790954589844,2716765,0.0,0.0
2009-02-18,38.5289421081543,39.29423141479492,37.89592742919922,38.86907196044922,26.5832576751709,2354467,0.0,0.0
2009-02-19,39.124168395996094,39.237545013427734,37.536903381347656,37.688072204589844,25.77555274963379,1761325,0.0,0.0
2009-02-20,37.06450271606445,37.54635238647461,36.57320785522461,36.97947311401367,25.290918350219727,2114416,0.0,0.0
2009-02-23,37.30070495605469,37.50856018066406,35.6756477355957,35.807918548583984,24.489686965942383,2233806,0.0,0.0
2009-02-24,36.1763916015625,37.225120544433594,35.56227111816406,37.03615951538086,25.329700469970703,2261960,0.0,0.0
2009-02-25,37.055057525634766,37.225120544433594,36.15749740600586,36.6015510559082,25.03245735168457,2306414,0.0,0.0
2009-02-26,37.055057525634766,37.08340072631836,35.344966888427734,35.36386489868164,24.185977935791016,2366427,0.0,0.0
2009-02-27,35.127662658691406,35.94019317626953,34.768638610839844,35.222145080566406,24.089061737060547,2537257,0.0,0.0
2009-03-02,33.05855178833008,34.182865142822266,31.452392578125,31.52797508239746,21.56254768371582,3732854,0.0,0.0
2009-03-03,32.01927185058594,32.104305267333984,30.59262466430664,31.33901596069336,21.43331527709961,3422312,0.0,0.0
2009-03-04,31.896448135375977,32.66173553466797,31.4051513671875,32.15154266357422,21.989017486572266,2055461,0.0,0.0
2009-03-05,31.386255264282227,31.934240341186523,29.855680465698242,30.091880798339844,20.702049255371094,2339966,0.18896,0.0
2009-03-06,30.328079223632812,30.639863967895508,29.15652847290039,29.67616844177246,20.416053771972656,1763548,0.0,0.0
2009-03-09,29.392728805541992,29.657272338867188,28.30620765686035,28.429031372070312,19.55807113647461,1717401,0.0,0.0
2009-03-10,28.901432037353516,28.901432037353516,28.230623245239258,28.51406478881836,19.616573333740234,3703641,0.0,0.0
2009-03-11,28.825847625732422,29.241559982299805,28.532960891723633,28.98646354675293,19.941566467285156,1501693,0.0,0.0
2009-03-12,28.85419273376465,30.101327896118164,28.58964729309082,30.054088592529297,20.67604637145996,1563082,0.0,0.0
2009-03-13,30.2430477142334,30.2430477142334,29.524999618530273,29.723407745361328,20.448551177978516,1509420,0.0,0.0
2009-03-16,30.063535690307617,30.36587142944336,29.572240829467773,29.600584030151367,20.36405372619629,2116638,0.0,0.0
2009-03-17,29.572240829467773,30.649311065673828,29.572240829467773,30.639863967895508,21.07904052734375,1541490,0.0,0.0
2009-03-18,30.507591247558594,31.6413516998291,30.280839920043945,31.16895294189453,21.443031311035156,1367062,0.0,0.0
2009-03-19,31.34846305847168,31.376808166503906,30.60207176208496,30.7154483795166,21.131044387817383,1367485,0.0,0.0
2009-03-20,30.866615295410156,30.866615295410156,29.005359649658203,29.09984016418457,20.019556045532227,2183425,0.0,0.0
2009-03-23,28.51406478881836,29.194320678710938,26.000896453857422,26.56777572631836,18.277591705322266,5364204,0.0,0.0
2009-03-24,26.473295211791992,27.701536178588867,26.45439910888672,26.700048446655273,18.368595123291016,4645322,0.0,0.0
2009-03-25,26.879560470581055,27.49367904663086,26.369367599487305,26.841768264770508,18.466096878051758,3558637,0.0,0.0
2009-03-26,27.125207901000977,28.18338394165039,27.106311798095703,28.051111221313477,19.298080444335938,3166808,0.0,0.0
2009-03-27,27.928287506103516,27.928287506103516,27.219688415527344,27.6070556640625,18.99258804321289,2022650,0.0,0.0
2009-03-30,26.81342315673828,26.90790367126465,25.868623733520508,26.34102439880371,18.121604919433594,2398815,0.0,0.0
2009-03-31,26.61501693725586,27.814912796020508,26.520536422729492,27.342512130737305,18.810588836669922,2715707,0.0,0.0
2009-04-01,27.059072494506836,27.748775482177734,26.69059944152832,27.682640075683594,19.044578552246094,1729255,0.0,0.0
2009-04-02,28.24951934814453,29.090391159057617,27.975528717041016,28.570751190185547,19.655567169189453,1461579,0.0,0.0
2009-04-03,28.665231704711914,28.85419273376465,28.24951934814453,28.80695152282715,19.818071365356445,1885584,0.0,0.0
2009-04-06,28.731367111206055,28.731367111206055,27.72043228149414,28.391239166259766,19.53207015991211,2092401,0.0,0.0
2009-04-07,28.07000732421875,28.07000732421875,26.56777572631836,26.81342315673828,18.446590423583984,2062765,0.0,0.0
2009-04-08,27.21023941040039,28.032215118408203,27.059072494506836,27.88104820251465,19.18108367919922,1219835,0.0,0.0
2009-04-09,29.288799285888672,29.524999618530273,28.80695152282715,29.44941520690918,20.26005744934082,1563929,0.0,0.0
2009-04-13,29.21321678161621,29.298248291015625,28.202280044555664,28.721920013427734,19.759565353393555,1210203,0.0,0.0
2009-04-14,28.52351188659668,28.5802001953125,28.145591735839844,28.258968353271484,19.441072463989258,904848,0.0,0.0
2009-04-15,28.287311553955078,28.334552764892578,27.03072738647461,27.4180965423584,18.862581253051758,2234441,0.0,0.0
2009-04-16,27.77712059020996,27.77712059020996,25.717456817626953,26.643360137939453,18.329593658447266,5323772,0.0,0.0
2009-04-17,26.671703338623047,27.805463790893555,26.17095947265625,27.191343307495117,18.706586837768555,3070279,0.0,0.0
2009-04-20,27.011831283569336,27.011831283569336,25.849727630615234,26.265439987182617,18.06960678100586,2086579,0.0,0.0
2009-04-21,26.39771270751953,27.21023941040039,26.189855575561523,27.096864700317383,18.641586303710938,1401566,0.0,0.0
2009-04-22,27.26692771911621,28.202280044555664,26.926799774169922,27.465335845947266,18.89508628845215,1952688,0.0,0.0
2009-04-23,27.682640075683594,28.18338394165039,26.86066436767578,27.54092025756836,18.94708824157715,1537362,0.0,0.0
2009-04-24,27.701536178588867,28.40068817138672,27.3708553314209,28.334552764892578,19.493072509765625,1516194,0.0,0.0
2009-04-27,27.871599197387695,28.41013526916504,27.692087173461914,27.83380889892578,19.148574829101562,1867273,0.0,0.0
2009-04-28,27.739328384399414,28.136144638061523,27.408647537231445,27.984975814819336,19.252582550048828,1481583,0.0,0.0
2009-04-29,27.814912796020508,28.778608322143555,27.814912796020508,28.70302391052246,19.74657440185547,2938506,0.0,0.0
2009-04-30,28.948671340942383,29.515552520751953,28.674680709838867,28.891984939575195,19.876564025878906,1826524,0.0,0.0
2009-05-01,28.92032814025879,29.543895721435547,28.381792068481445,29.44941520690918,20.26005744934082,1209145,0.0,0.0
2009-05-04,29.817888259887695,30.224151611328125,29.68561553955078,30.101327896118164,20.708545684814453,1661092,0.0,0.0
2009-05-05,30.167463302612305,30.441455841064453,29.83678436279297,30.403663635253906,20.916547775268555,1885690,0.0,0.0
2009-05-06,29.024255752563477,29.96905517578125,27.361408233642578,27.966079711914062,19.239572525024414,5616321,0.0,0.0
2009-05-07,28.107799530029297,28.438480377197266,26.851215362548828,27.002384185791016,18.57658576965332,2878175,0.0,0.0
2009-05-08,27.163000106811523,27.446439743041992,26.775632858276367,27.285823822021484,18.771589279174805,2691257,0.0,0.0
2009-05-11,28.100000381469727,29.06999969482422,27.809999465942383,28.610000610351562,19.682571411132812,2024200,0.0,1.058425063505504
2009-05-12,28.68000030517578,29.489999771118164,28.31999969482422,29.270000457763672,20.136627197265625,2476300,0.0,0.0
2009-05-13,28.790000915527344,29.170000076293945,28.6200008392334,28.850000381469727,19.847684860229492,1715300,0.0,0.0
2009-05-14,28.729999542236328,29.299999237060547,28.59000015258789,29.170000076293945,20.067819595336914,1781700,0.0,0.0
2009-05-15,29.190000534057617,30.270000457763672,29.040000915527344,29.68000030517578,20.418685913085938,1669600,0.0,0.0
2009-05-18,29.6200008392334,30.399999618530273,29.510000228881836,30.270000457763672,20.824586868286133,1723900,0.0,0.0
2009-05-19,30.360000610351562,31.34000015258789,30.360000610351562,31.049999237060547,21.361194610595703,1705000,0.0,0.0
2009-05-20,31.209999084472656,31.34000015258789,30.56999969482422,30.670000076293945,21.099769592285156,2266800,0.0,0.0
2009-05-21,30.239999771118164,30.559999465942383,30.0,30.3700008392334,20.893386840820312,1236200,0.0,0.0
2009-05-22,30.360000610351562,30.540000915527344,30.049999237060547,30.229999542236328,20.797069549560547,698600,0.0,0.0
2009-05-26,30.030000686645508,31.770000457763672,30.030000686645508,31.600000381469727,21.73956871032715,1494500,0.0,0.0
2009-05-27,31.549999237060547,31.81999969482422,30.770000457763672,30.790000915527344,21.182323455810547,1227700,0.0,0.0
2009-05-28,31.010000228881836,31.469999313354492,30.469999313354492,31.0,21.46623420715332,1240800,0.2,0.0
2009-05-29,31.010000228881836,31.34000015258789,30.540000915527344,31.079999923706055,21.52163314819336,1308600,0.0,0.0
2009-06-01,31.360000610351562,32.0,31.06999969482422,31.15999984741211,21.577028274536133,2061200,0.0,0.0
2009-06-02,30.8799991607666,31.40999984741211,30.829999923706055,31.0,21.46623420715332,1993000,0.0,0.0
2009-06-03,30.969999313354492,31.5,30.290000915527344,30.34000015258789,21.009206771850586,1578100,0.0,0.0
2009-06-04,30.440000534057617,31.030000686645508,30.440000534057617,30.959999084472656,21.43853759765625,1593700,0.0,0.0
2009-06-05,31.670000076293945,31.670000076293945,30.719999313354492,30.979999542236328,21.452390670776367,889600,0.0,0.0
2009-06-08,31.290000915527344,31.290000915527344,30.290000915527344,30.520000457763672,21.133848190307617,1173500,0.0,0.0
2009-06-09,30.68000030517578,30.90999984741211,30.1200008392334,30.34000015258789,21.009206771850586,1428800,0.0,0.0
2009-06-10,30.459999084472656,30.59000015258789,29.549999237060547,29.799999237060547,20.635278701782227,1337400,0.0,0.0
2009-06-11,29.860000610351562,30.440000534057617,29.850000381469727,29.950000762939453,20.739158630371094,1236100,0.0,0.0
2009-06-12,29.899999618530273,30.290000915527344,29.510000228881836,30.270000457763672,20.960744857788086,1031600,0.0,0.0
2009-06-15,30.1299991607666,30.1299991607666,28.670000076293945,29.389999389648438,20.351381301879883,1538200,0.0,0.0
2009-06-16,29.6200008392334,29.65999984741211,28.8799991607666,29.049999237060547,20.115942001342773,1058900,0.0,0.0
2009-06-17,29.09000015258789,29.540000915527344,28.979999542236328,29.270000457763672,20.268274307250977,945700,0.0,0.0
2009-06-18,28.75,29.43000030517578,28.75,29.020000457763672,20.09516716003418,916300,0.0,0.0
2009-06-19,29.309999465942383,29.34000015258789,28.260000228881836,28.809999465942383,19.94974708557129,2139200,0.0,0.0
2009-06-22,28.510000228881836,28.670000076293945,27.899999618530273,27.950000762939453,19.354236602783203,1235000,0.0,0.0
2009-06-23,28.040000915527344,28.229999542236328,27.600000381469727,27.850000381469727,19.284992218017578,1302100,0.0,0.0
2009-06-24,27.989999771118164,28.3700008392334,27.75,27.950000762939453,19.354236602783203,801800,0.0,0.0
2009-06-25,27.889999389648438,28.440000534057617,27.65999984741211,28.360000610351562,19.63814926147461,1178800,0.0,0.0
2009-06-26,28.280000686645508,28.600000381469727,27.979999542236328,28.350000381469727,19.631214141845703,1268400,0.0,0.0
2009-06-29,28.3799991607666,28.670000076293945,28.110000610351562,28.520000457763672,19.748933792114258,1020100,0.0,0.0
2009-06-30,28.540000915527344,28.75,28.270000457763672,28.360000610351562,19.63814926147461,1212400,0.0,0.0
2009-07-01,28.75,29.5,28.59000015258789,29.25,20.254425048828125,1240900,0.0,0.0
2009-07-02,29.09000015258789,29.209999084472656,28.549999237060547,28.59000015258789,19.797407150268555,870700,0.0,0.0
2009-07-06,28.549999237060547,28.6299991607666,28.0,28.280000686645508,19.582738876342773,852300,0.0,0.0
2009-07-07,28.219999313354492,28.43000030517578,27.420000076293945,27.510000228881836,19.049549102783203,975100,0.0,0.0
2009-07-08,27.5,27.920000076293945,27.049999237060547,27.540000915527344,19.070323944091797,966400,0.0,0.0
2009-07-09,27.709999084472656,27.899999618530273,27.450000762939453,27.6299991607666,19.132644653320312,1061400,0.0,0.0
2009-07-10,27.56999969482422,27.690000534057617,27.110000610351562,27.59000015258789,19.104951858520508,1059800,0.0,0.0
2009-07-13,26.3799991607666,27.860000610351562,26.110000610351562,27.770000457763672,19.229589462280273,1620600,0.0,0.0
2009-07-14,27.739999771118164,28.579999923706055,27.719999313354492,28.579999923706055,19.79047966003418,1462600,0.0,0.0
2009-07-15,28.75,29.600000381469727,28.540000915527344,29.549999237060547,20.462169647216797,1238000,0.0,0.0
2009-07-16,29.600000381469727,30.139999389648438,29.040000915527344,30.020000457763672,20.787620544433594,1040000,0.0,0.0
2009-07-17,29.81999969482422,30.68000030517578,29.649999618530273,30.09000015258789,20.836095809936523,693500,0.0,0.0
2009-07-20,30.200000762939453,30.510000228881836,30.110000610351562,30.469999313354492,21.099227905273438,583300,0.0,0.0
2009-07-21,30.739999771118164,31.110000610351562,30.31999969482422,31.100000381469727,21.535476684570312,1221600,0.0,0.0
2009-07-22,30.81999969482422,31.219999313354492,30.68000030517578,31.059999465942383,21.50778579711914,707700,0.0,0.0
2009-07-23,30.950000762939453,31.90999984741211,30.850000381469727,31.559999465942383,21.854007720947266,928600,0.0,0.0
2009-07-24,31.31999969482422,31.5,30.969999313354492,31.450000762939453,21.777843475341797,647900,0.0,0.0
2009-07-27,31.389999389648438,31.6299991607666,30.959999084472656,31.479999542236328,21.798612594604492,573300,0.0,0.0
2009-07-28,31.229999542236328,31.790000915527344,31.149999618530273,31.670000076293945,21.930187225341797,617200,0.0,0.0
2009-07-29,31.559999465942383,31.68000030517578,31.1299991607666,31.610000610351562,21.88863754272461,451900,0.0,0.0
2009-07-30,31.93000030517578,32.189998626708984,31.56999969482422,31.65999984741211,21.923261642456055,521600,0.0,0.0
2009-07-31,31.6299991607666,31.790000915527344,31.290000915527344,31.309999465942383,21.680892944335938,767100,0.0,0.0
2009-08-03,31.5,31.75,30.809999465942383,30.920000076293945,21.41084098815918,1071600,0.0,0.0
2009-08-04,30.829999923706055,31.3799991607666,30.75,31.3799991607666,21.729366302490234,1026100,0.0,0.0
2009-08-05,31.56999969482422,31.770000457763672,30.709999084472656,30.81999969482422,21.341598510742188,748000,0.0,0.0
2009-08-06,30.90999984741211,31.059999465942383,30.469999313354492,30.780000686645508,21.313894271850586,833800,0.0,0.0
2009-08-07,31.049999237060547,31.3700008392334,30.899999618530273,31.360000610351562,21.715518951416016,731100,0.0,0.0
2009-08-10,31.31999969482422,32.0099983215332,31.25,32.0,22.158693313598633,929000,0.0,0.0
2009-08-11,31.809999465942383,31.809999465942383,29.489999771118164,29.489999771118164,20.420616149902344,2338400,0.0,0.0
2009-08-12,29.540000915527344,30.56999969482422,29.3799991607666,30.489999771118164,21.113082885742188,2124900,0.0,0.0
2009-08-13,35.709999084472656,37.2400016784668,33.869998931884766,34.189998626708984,23.675180435180664,6376700,0.0,0.0
2009-08-14,34.16999816894531,34.16999816894531,33.0,33.380001068115234,23.114286422729492,1476000,0.0,0.0
2009-08-17,32.38999938964844,32.79999923706055,32.13999938964844,32.61000061035156,22.58108901977539,1139400,0.0,0.0
2009-08-18,32.4900016784668,33.93000030517578,32.45000076293945,33.869998931884766,23.453588485717773,1647300,0.0,0.0
2009-08-19,33.43000030517578,34.560001373291016,33.36000061035156,34.2599983215332,23.723655700683594,2236000,0.0,0.0
2009-08-20,34.47999954223633,34.65999984741211,34.09000015258789,34.529998779296875,23.910615921020508,1356400,0.0,0.0
2009-08-21,34.66999816894531,35.369998931884766,34.380001068115234,35.22999954223633,24.39533233642578,1607700,0.0,0.0
2009-08-24,35.31999969482422,35.470001220703125,35.0,35.290000915527344,24.436874389648438,991600,0.0,0.0
2009-08-25,35.47999954223633,35.560001373291016,34.849998474121094,35.220001220703125,24.38842010498047,881700,0.0,0.0
2009-08-26,34.869998931884766,35.5,34.720001220703125,35.2400016784668,24.40226936340332,718100,0.0,0.0
2009-08-27,35.02000045776367,35.150001525878906,34.529998779296875,35.02000045776367,24.249916076660156,795600,0.0,0.0
2009-08-28,35.4900016784668,35.70000076293945,34.849998474121094,35.040000915527344,24.26376724243164,858700,0.0,0.0
2009-08-31,34.900001525878906,35.20000076293945,34.45000076293945,34.72999954223633,24.04911231994629,982500,0.0,0.0
2009-09-01,34.79999923706055,35.2400016784668,33.75,33.77000045776367,23.38434600830078,1034600,0.0,0.0
2009-09-02,33.63999938964844,33.95000076293945,33.470001220703125,33.70000076293945,23.335866928100586,1154500,0.0,0.0
2009-09-03,33.81999969482422,35.45000076293945,33.439998626708984,34.599998474121094,23.959077835083008,2805300,0.0,0.0
2009-09-04,34.56999969482422,35.060001373291016,34.2599983215332,34.9900016784668,24.384193420410156,1013900,0.22,0.0
2009-09-08,35.18000030517578,35.720001220703125,35.0099983215332,35.43000030517578,24.69082260131836,1318300,0.0,0.0
2009-09-09,35.41999816894531,36.119998931884766,35.189998626708984,35.84000015258789,24.976545333862305,1220900,0.0,0.0
2009-09-10,35.75,36.7400016784668,35.63999938964844,36.619998931884766,25.520124435424805,995900,0.0,0.0
2009-09-11,36.63999938964844,36.75,36.08000183105469,36.470001220703125,25.415590286254883,857200,0.0,0.0
2009-09-14,36.41999816894531,36.560001373291016,36.15999984741211,36.31999969482422,25.311059951782227,849900,0.0,0.0
2009-09-15,36.18000030517578,36.47999954223633,35.93000030517578,36.459999084472656,25.408618927001953,979300,0.0,0.0
2009-09-16,36.369998931884766,36.65999984741211,36.0,36.61000061035156,25.513153076171875,718500,0.0,0.0
2009-09-17,36.43000030517578,36.61000061035156,36.029998779296875,36.369998931884766,25.345905303955078,1177500,0.0,0.0
2009-09-18,36.619998931884766,36.86000061035156,36.29999923706055,36.56999969482422,25.485279083251953,1652400,0.0,0.0
2009-09-21,36.5099983215332,37.68000030517578,36.310001373291016,37.540000915527344,26.161251068115234,1556900,0.0,0.0
2009-09-22,37.7400016784668,37.7400016784668,37.33000183105469,37.560001373291016,26.175193786621094,1610700,0.0,0.0
2009-09-23,37.77000045776367,39.41999816894531,37.45000076293945,38.310001373291016,26.69786834716797,3030600,0.0,0.0
2009-09-24,38.31999969482422,38.31999969482422,36.90999984741211,37.20000076293945,25.92431640625,1152400,0.0,0.0
2009-09-25,36.95000076293945,37.470001220703125,36.689998626708984,37.209999084472656,25.931285858154297,1056500,0.0,0.0
2009-09-28,37.34000015258789,38.16999816894531,37.34000015258789,37.560001373291016,26.175193786621094,863400,0.0,0.0
2009-09-29,37.75,38.0,37.22999954223633,37.70000076293945,26.272762298583984,964900,0.0,0.0
2009-09-30,37.70000076293945,37.90999984741211,36.90999984741211,37.599998474121094,26.20307731628418,1014000,0.0,0.0
2009-10-01,37.380001068115234,37.400001525878906,35.9900016784668,36.13999938964844,25.18560218811035,2464600,0.0,0.0
2009-10-02,35.9900016784668,36.43000030517578,35.650001525878906,36.0,25.088058471679688,1177200,0.0,0.0
2009-10-05,36.099998474121094,36.93000030517578,35.880001068115234,36.93000030517578,25.73615837097168,1211300,0.0,0.0
2009-10-06,37.209999084472656,37.630001068115234,37.130001068115234,37.31999969482422,26.007959365844727,998400,0.0,0.0
2009-10-07,37.380001068115234,37.619998931884766,36.93000030517578,37.119998931884766,25.868572235107422,1123200,0.0,0.0
2009-10-08,37.119998931884766,37.77000045776367,37.02000045776367,37.599998474121094,26.20307731628418,767700,0.0,0.0
2009-10-09,37.58000183105469,38.150001525878906,37.58000183105469,38.150001525878906,26.58636474609375,632900,0.0,0.0
2009-10-12,38.54999923706055,38.7599983215332,37.459999084472656,37.72999954223633,26.29366683959961,985900,0.0,0.0
2009-10-13,37.72999954223633,37.72999954223633,37.13999938964844,37.41999816894531,26.077634811401367,708300,0.0,0.0
2009-10-14,37.9900016784668,38.0,37.2599983215332,37.34000015258789,26.021881103515625,1126000,0.0,0.0
2009-10-15,37.06999969482422,37.310001373291016,36.91999816894531,37.220001220703125,25.938255310058594,954800,0.0,0.0
2009-10-16,37.220001220703125,39.93000030517578,37.220001220703125,39.880001068115234,27.7919864654541,3492800,0.0,0.0
2009-10-19,40.060001373291016,40.47999954223633,39.369998931884766,40.18000030517578,28.001049041748047,2596000,0.0,0.0
2009-10-20,40.40999984741211,40.81999969482422,39.63999938964844,40.18000030517578,28.001049041748047,1568200,0.0,0.0
2009-10-21,40.04999923706055,40.63999938964844,39.88999938964844,40.0099983215332,27.882579803466797,1291000,0.0,0.0
2009-10-22,39.849998474121094,40.43000030517578,39.58000183105469,40.380001068115234,28.140438079833984,1267400,0.0,0.0
2009-10-23,40.81999969482422,40.81999969482422,39.349998474121094,39.45000076293945,27.49233055114746,1293500,0.0,0.0
2009-10-26,39.43000030517578,40.2599983215332,38.939998626708984,38.959999084472656,27.15084457397461,1701200,0.0,0.0
2009-10-27,38.970001220703125,39.22999954223633,37.439998626708984,37.939998626708984,26.440011978149414,2592300,0.0,0.0
2009-10-28,41.4900016784668,43.0,40.400001525878906,41.65999984741211,29.032447814941406,5763900,0.0,0.0
2009-10-29,41.810001373291016,42.40999984741211,41.599998474121094,42.2400016784668,29.436647415161133,1581500,0.0,0.0
2009-10-30,42.06999969482422,42.54999923706055,40.970001220703125,41.720001220703125,29.074260711669922,2167500,0.0,0.0
2009-11-02,41.86000061035156,43.08000183105469,41.59000015258789,42.59000015258789,29.680551528930664,1646500,0.0,0.0
2009-11-03,42.66999816894531,43.22999954223633,42.08000183105469,43.099998474121094,30.035959243774414,1432500,0.0,0.0
2009-11-04,43.34000015258789,43.83000183105469,43.099998474121094,43.2599983215332,30.14748764038086,1249100,0.0,0.0
2009-11-05,43.97999954223633,44.630001068115234,43.59000015258789,44.22999954223633,30.82343864440918,1533900,0.0,0.0
2009-11-06,44.290000915527344,44.83000183105469,43.869998931884766,44.400001525878906,30.941930770874023,1105900,0.0,0.0
2009-11-09,44.65999984741211,45.40999984741211,44.4900016784668,45.369998931884766,31.6179141998291,1141700,0.0,0.0
2009-11-10,45.189998626708984,45.22999954223633,44.060001373291016,44.349998474121094,30.907081604003906,1649300,0.0,0.0
2009-11-11,44.790000915527344,45.15999984741211,44.349998474121094,44.79999923706055,31.220680236816406,888000,0.0,0.0
2009-11-12,44.81999969482422,45.189998626708984,44.369998931884766,44.38999938964844,30.934947967529297,799000,0.0,0.0
2009-11-13,44.540000915527344,44.779998779296875,44.150001525878906,44.43000030517578,30.96282958984375,763600,0.0,0.0
2009-11-16,44.56999969482422,45.099998474121094,44.56999969482422,44.97999954223633,31.346132278442383,820300,0.0,0.0
2009-11-17,44.81999969482422,45.150001525878906,44.56999969482422,45.119998931884766,31.443700790405273,629200,0.0,0.0
2009-11-18,44.84000015258789,44.959999084472656,44.20000076293945,44.54999923706055,31.19857406616211,589600,0.22,0.0
2009-11-19,44.209999084472656,44.209999084472656,43.119998931884766,43.349998474121094,30.358203887939453,1182600,0.0,0.0
2009-11-20,43.04999923706055,43.2599983215332,42.720001220703125,43.06999969482422,30.162137985229492,772000,0.0,0.0
2009-11-23,43.529998779296875,44.27000045776367,43.25,43.59000015258789,30.526294708251953,530200,0.0,0.0
2009-11-24,43.4900016784668,44.33000183105469,43.189998626708984,44.25,30.98849105834961,723800,0.0,0.0
2009-11-25,44.380001068115234,44.84000015258789,43.810001373291016,44.75,31.338645935058594,649200,0.0,0.0
2009-11-27,43.630001068115234,44.29999923706055,43.47999954223633,43.84000015258789,30.70136070251465,367200,0.0,0.0
2009-11-30,43.88999938964844,44.029998779296875,43.22999954223633,43.900001525878906,30.743389129638672,1055500,0.0,0.0
2009-12-01,44.119998931884766,45.27000045776367,43.779998779296875,45.20000076293945,31.653766632080078,1321600,0.0,0.0
2009-12-02,45.40999984741211,45.77000045776367,45.040000915527344,45.09000015258789,31.57674789428711,974800,0.0,0.0
2009-12-03,45.27000045776367,45.56999969482422,44.86000061035156,44.959999084472656,31.485708236694336,766100,0.0,0.0
2009-12-04,45.5,46.060001373291016,44.849998474121094,45.75,32.038944244384766,747100,0.0,0.0
2009-12-07,45.83000183105469,46.20000076293945,45.65999984741211,45.869998931884766,32.12299346923828,485200,0.0,0.0
2009-12-08,45.83000183105469,45.95000076293945,45.209999084472656,45.41999816894531,31.807828903198242,682800,0.0,0.0
2009-12-09,45.529998779296875,45.59000015258789,44.540000915527344,45.06999969482422,31.562742233276367,790300,0.0,0.0
2009-12-10,45.349998474121094,46.06999969482422,45.2599983215332,45.88999938964844,32.13699722290039,562500,0.0,0.0
2009-12-11,45.869998931884766,46.029998779296875,45.27000045776367,45.439998626708984,31.821853637695312,565500,0.0,0.0
2009-12-14,45.61000061035156,45.83000183105469,45.380001068115234,45.400001525878906,31.793842315673828,657500,0.0,0.0
2009-12-15,45.40999984741211,45.40999984741211,44.86000061035156,44.93000030517578,31.464704513549805,601800,0.0,0.0
2009-12-16,44.70000076293945,45.81999969482422,44.0099983215332,45.56999969482422,31.912887573242188,643200,0.0,0.0
2009-12-17,45.40999984741211,45.40999984741211,44.66999816894531,44.970001220703125,31.492704391479492,569900,0.0,0.0
2009-12-18,45.06999969482422,45.540000915527344,44.4900016784668,45.060001373291016,31.555747985839844,905200,0.0,0.0
2009-12-21,45.040000915527344,45.959999084472656,45.0,45.709999084472656,32.010921478271484,491500,0.0,0.0
2009-12-22,45.560001373291016,46.599998474121094,45.560001373291016,46.470001220703125,32.54315948486328,446300,0.0,0.0
2009-12-23,46.52000045776367,47.560001373291016,46.52000045776367,47.11000061035156,32.99136734008789,898700,0.0,0.0
2009-12-24,47.11000061035156,47.5,47.11000061035156,47.29999923706055,33.12440872192383,167300,0.0,0.0
2009-12-28,47.560001373291016,47.560001373291016,47.16999816894531,47.47999954223633,33.25046920776367,415800,0.0,0.0
2009-12-29,47.63999938964844,47.939998626708984,47.349998474121094,47.689998626708984,33.39752960205078,474500,0.0,0.0
2009-12-30,47.400001525878906,47.88999938964844,47.349998474121094,47.869998931884766,33.52359390258789,464900,0.0,0.0
2009-12-31,48.040000915527344,48.25,47.54999923706055,47.54999923706055,33.29949951171875,628300,0.0,0.0
2010-01-04,47.70000076293945,48.7400016784668,47.70000076293945,48.33000183105469,33.84573745727539,654600,0.0,0.0
2010-01-05,48.349998474121094,48.5,47.439998626708984,48.0,33.61463928222656,892100,0.0,0.0
2010-01-06,47.81999969482422,48.7400016784668,47.79999923706055,48.4900016784668,33.95777893066406,776300,0.0,0.0
2010-01-07,48.29999923706055,48.77000045776367,47.93000030517578,48.630001068115234,34.05582809448242,814200,0.0,0.0
2010-01-08,48.779998779296875,48.79999923706055,48.25,48.689998626708984,34.09785079956055,529700,0.0,0.0
2010-01-11,48.70000076293945,49.310001373291016,48.56999969482422,49.2599983215332,34.49702072143555,587400,0.0,0.0
2010-01-12,48.91999816894531,49.0099983215332,47.279998779296875,47.38999938964844,33.18745803833008,963900,0.0,0.0
2010-01-13,47.66999816894531,49.11000061035156,47.540000915527344,49.02000045776367,34.328941345214844,900900,0.0,0.0
2010-01-14,48.9900016784668,49.04999923706055,48.31999969482422,48.95000076293945,34.279930114746094,479000,0.0,0.0
2010-01-15,48.93000030517578,48.970001220703125,47.65999984741211,48.0,33.61463928222656,660900,0.0,0.0
2010-01-19,48.0,49.66999816894531,48.0,48.7599983215332,34.14686584472656,1297300,0.0,0.0
2010-01-20,48.470001220703125,48.83000183105469,47.72999954223633,48.43000030517578,33.915775299072266,655400,0.0,0.0
2010-01-21,48.36000061035156,48.790000915527344,47.189998626708984,47.2400016784668,33.082393646240234,559000,0.0,0.0
2010-01-22,47.029998779296875,47.16999816894531,45.709999084472656,45.779998779296875,32.05995559692383,789800,0.0,0.0
2010-01-25,45.970001220703125,46.470001220703125,45.810001373291016,46.189998626708984,32.347076416015625,685400,0.0,0.0
2010-01-26,46.060001373291016,46.06999969482422,44.959999084472656,45.63999938964844,31.9619140625,654900,0.0,0.0
2010-01-27,45.5,46.81999969482422,44.75,46.79999923706055,32.77427673339844,1408700,0.0,0.0
2010-01-28,48.09000015258789,48.09000015258789,43.040000915527344,44.34000015258789,31.051515579223633,3535900,0.0,0.0
2010-01-29,44.540000915527344,44.720001220703125,42.66999816894531,42.91999816894531,30.057083129882812,1674200,0.0,0.0
2010-02-01,43.0,45.119998931884766,42.84000015258789,44.7400016784668,31.331642150878906,1358800,0.0,0.0
2010-02-02,44.709999084472656,45.45000076293945,44.38999938964844,45.29999923706055,31.723812103271484,1164400,0.0,0.0
2010-02-03,45.060001373291016,45.52000045776367,44.5099983215332,44.779998779296875,31.359649658203125,965700,0.0,0.0
2010-02-04,44.459999084472656,44.79999923706055,44.22999954223633,44.349998474121094,31.058521270751953,1166200,0.0,0.0
2010-02-05,44.08000183105469,44.869998931884766,43.790000915527344,44.72999954223633,31.324623107910156,1017000,0.0,0.0
2010-02-08,44.81999969482422,44.91999816894531,44.18000030517578,44.25,30.98849105834961,848700,0.0,0.0
2010-02-09,44.58000183105469,45.119998931884766,44.040000915527344,44.75,31.338645935058594,600800,0.0,0.0
2010-02-10,44.7599983215332,44.7599983215332,43.93000030517578,44.40999984741211,31.10052490234375,581200,0.0,0.0
2010-02-11,44.36000061035156,45.13999938964844,43.900001525878906,45.029998779296875,31.534730911254883,596200,0.0,0.0
2010-02-12,44.33000183105469,45.20000076293945,43.84000015258789,44.97999954223633,31.49972152709961,945200,0.0,0.0
2010-02-16,45.189998626708984,45.63999938964844,45.09000015258789,45.59000015258789,31.926912307739258,382600,0.0,0.0
2010-02-17,45.63999938964844,46.150001525878906,45.529998779296875,46.02000045776367,32.22802734375,510100,0.0,0.0
2010-02-18,46.029998779296875,46.970001220703125,45.869998931884766,46.880001068115234,32.83029556274414,543800,0.0,0.0
2010-02-19,46.810001373291016,47.38999938964844,46.290000915527344,47.22999954223633,33.075401306152344,661900,0.0,0.0
2010-02-22,47.34000015258789,47.38999938964844,46.779998779296875,47.04999923706055,32.94934844970703,536400,0.0,0.0
2010-02-23,47.0099983215332,47.31999969482422,46.40999984741211,46.540000915527344,32.59218978881836,464800,0.0,0.0
2010-02-24,46.779998779296875,46.939998626708984,45.619998931884766,46.09000015258789,32.27705001831055,1137400,0.0,0.0
2010-02-25,45.58000183105469,46.459999084472656,44.470001220703125,45.31999969482422,31.73781394958496,1371200,0.0,0.0
2010-02-26,45.560001373291016,45.61000061035156,44.880001068115234,45.220001220703125,31.667783737182617,764100,0.0,0.0
2010-03-01,45.4900016784668,45.529998779296875,44.599998474121094,45.08000183105469,31.569747924804688,1335700,0.0,0.0
2010-03-02,45.20000076293945,45.5,45.02000045776367,45.43000030517578,31.814847946166992,1762200,0.0,0.0
2010-03-03,45.43000030517578,47.18000030517578,45.20000076293945,46.81999969482422,32.78828430175781,1293200,0.0,0.0
2010-03-04,46.91999816894531,46.91999816894531,45.90999984741211,46.27000045776367,32.55608367919922,810800,0.22,0.0
2010-03-05,46.43000030517578,46.619998931884766,46.20000076293945,46.349998474121094,32.61238098144531,724200,0.0,0.0
2010-03-08,46.599998474121094,46.7400016784668,46.099998474121094,46.2400016784668,32.534969329833984,716100,0.0,0.0
2010-03-09,46.150001525878906,46.470001220703125,45.880001068115234,46.099998474121094,32.436485290527344,949700,0.0,0.0
2010-03-10,46.220001220703125,46.4900016784668,45.90999984741211,46.38999938964844,32.64051818847656,677600,0.0,0.0
2010-03-11,46.41999816894531,46.810001373291016,46.04999923706055,46.75,32.89380645751953,573300,0.0,0.0
2010-03-12,46.7599983215332,46.77000045776367,45.040000915527344,45.119998931884766,31.746925354003906,1182100,0.0,0.0
2010-03-15,45.099998474121094,45.47999954223633,44.93000030517578,45.41999816894531,31.958005905151367,874400,0.0,0.0
2010-03-16,45.630001068115234,46.0,45.279998779296875,45.939998626708984,32.32387924194336,706000,0.0,0.0
2010-03-17,46.16999816894531,46.79999923706055,45.91999816894531,46.54999923706055,32.75309371948242,744300,0.0,0.0
2010-03-18,46.689998626708984,47.36000061035156,46.689998626708984,47.2599983215332,33.252647399902344,828700,0.0,0.0
2010-03-19,46.04999923706055,47.43000030517578,45.75,46.04999923706055,32.40128707885742,1150100,0.0,0.0
2010-03-22,45.77000045776367,47.209999084472656,45.7400016784668,46.97999954223633,33.05564498901367,690300,0.0,0.0
2010-03-23,47.09000015258789,47.689998626708984,46.970001220703125,47.529998779296875,33.4426383972168,838200,0.0,0.0
2010-03-24,47.400001525878906,47.400001525878906,46.310001373291016,46.59000015258789,32.78125,722900,0.0,0.0
2010-03-25,46.91999816894531,47.150001525878906,46.119998931884766,46.130001068115234,32.45757293701172,693900,0.0,0.0
2010-03-26,46.209999084472656,46.599998474121094,46.04999923706055,46.20000076293945,32.50682830810547,522700,0.0,0.0
2010-03-29,46.459999084472656,46.86000061035156,46.25,46.849998474121094,32.96417999267578,779600,0.0,0.0
2010-03-30,47.040000915527344,47.470001220703125,46.7400016784668,47.41999816894531,33.3652229309082,717800,0.0,0.0
2010-03-31,47.34000015258789,47.650001525878906,46.93000030517578,47.4900016784668,33.414485931396484,828900,0.0,0.0
2010-04-01,47.66999816894531,48.0,47.5099983215332,47.84000015258789,33.66075897216797,677800,0.0,0.0
2010-04-05,47.84000015258789,48.63999938964844,47.68000030517578,48.59000015258789,34.188453674316406,697200,0.0,0.0
2010-04-06,48.209999084472656,48.70000076293945,47.560001373291016,48.70000076293945,34.2658576965332,884600,0.0,0.0
2010-04-07,48.4900016784668,48.900001525878906,48.040000915527344,48.45000076293945,34.0899543762207,731700,0.0,0.0
2010-04-08,48.130001068115234,48.470001220703125,47.709999084472656,48.43000030517578,34.07587432861328,494300,0.0,0.0
2010-04-09,48.439998626708984,48.880001068115234,48.25,48.880001068115234,34.39250564575195,343200,0.0,0.0
2010-04-12,48.939998626708984,49.79999923706055,48.68000030517578,49.43000030517578,34.77949905395508,782400,0.0,0.0
2010-04-13,49.15999984741211,49.5099983215332,48.939998626708984,49.150001525878906,34.58246994018555,727900,0.0,0.0
2010-04-14,49.34000015258789,49.869998931884766,49.2400016784668,49.869998931884766,35.089073181152344,573300,0.0,0.0
2010-04-15,49.90999984741211,50.11000061035156,49.5,49.84000015258789,35.0679817199707,756900,0.0,0.0
2010-04-16,49.779998779296875,50.189998626708984,49.029998779296875,49.2599983215332,34.65988540649414,737200,0.0,0.0
2010-04-19,49.25,49.7599983215332,48.939998626708984,49.54999923706055,34.86391830444336,800200,0.0,0.0
2010-04-20,50.060001373291016,50.060001373291016,49.25,49.68000030517578,34.95539093017578,736100,0.0,0.0
2010-04-21,49.959999084472656,50.709999084472656,49.619998931884766,50.65999984741211,35.64493942260742,1110300,0.0,0.0
2010-04-22,50.15999984741211,50.61000061035156,49.58000183105469,50.529998779296875,35.553462982177734,721900,0.0,0.0
2010-04-23,50.45000076293945,50.459999084472656,49.709999084472656,50.29999923706055,35.39164733886719,609900,0.0,0.0
2010-04-26,50.310001373291016,50.720001220703125,49.90999984741211,50.41999816894531,35.47606658935547,889000,0.0,0.0
2010-04-27,50.0,50.369998931884766,48.66999816894531,48.849998474121094,34.37139892578125,1362400,0.0,0.0
2010-04-28,49.18000030517578,50.02000045776367,48.83000183105469,49.790000915527344,35.03279113769531,1119000,0.0,0.0
2010-04-29,50.41999816894531,54.5,50.290000915527344,54.40999984741211,38.28346633911133,3331500,0.0,0.0
2010-04-30,54.209999084472656,54.209999084472656,51.41999816894531,51.47999954223633,36.221885681152344,1485300,0.0,0.0
2010-05-03,51.5,52.099998474121094,51.33000183105469,52.029998779296875,36.608890533447266,1168300,0.0,0.0
2010-05-04,51.220001220703125,51.220001220703125,49.4900016784668,49.970001220703125,35.15944290161133,1364300,0.0,0.0
2010-05-05,49.099998474121094,50.16999816894531,49.099998474121094,49.88999938964844,35.1031608581543,1272700,0.0,0.0
2010-05-06,49.72999954223633,50.20000076293945,45.900001525878906,48.18000030517578,33.89997863769531,1950400,0.0,0.0
2010-05-07,47.900001525878906,48.5,46.470001220703125,46.79999923706055,32.92900085449219,1471900,0.0,0.0
2010-05-10,48.47999954223633,49.880001068115234,48.47999954223633,49.720001220703125,34.9835319519043,1206600,0.0,0.0
2010-05-11,49.15999984741211,50.439998626708984,48.86000061035156,49.630001068115234,34.92021179199219,783500,0.0,0.0
2010-05-12,49.709999084472656,50.5,49.709999084472656,50.2400016784668,35.34940719604492,822100,0.0,0.0
2010-05-13,49.97999954223633,50.4900016784668,49.11000061035156,49.189998626708984,34.61061096191406,1219900,0.0,0.0
2010-05-14,48.86000061035156,49.209999084472656,47.599998474121094,48.119998931884766,33.85776901245117,1263500,0.0,0.0
2010-05-17,48.189998626708984,49.209999084472656,47.709999084472656,49.099998474121094,34.54729461669922,1187500,0.0,0.0
2010-05-18,49.599998474121094,49.790000915527344,48.38999938964844,48.52000045776367,34.13923263549805,1135300,0.0,0.0
2010-05-19,48.439998626708984,48.68000030517578,47.18000030517578,47.869998931884766,33.68185806274414,1181800,0.0,0.0
2010-05-20,46.869998931884766,47.06999969482422,45.63999938964844,45.779998779296875,32.21131134033203,1446600,0.0,0.0
2010-05-21,44.689998626708984,47.650001525878906,44.52000045776367,46.18000030517578,32.492740631103516,4181900,0.0,0.0
2010-05-24,46.650001525878906,46.65999984741211,45.380001068115234,45.45000076293945,31.979122161865234,1758100,0.0,0.0
2010-05-25,44.38999938964844,46.34000015258789,44.34000015258789,46.06999969482422,32.41536331176758,2630700,0.0,0.0
2010-05-26,46.45000076293945,48.0099983215332,45.66999816894531,45.84000015258789,32.2535285949707,2504500,0.0,0.0
2010-05-27,45.900001525878906,47.65999984741211,45.900001525878906,47.65999984741211,33.69582748413086,1828600,0.22,0.0
2010-05-28,47.77000045776367,47.79999923706055,46.56999969482422,46.90999984741211,33.165557861328125,1071000,0.0,0.0
2010-06-01,46.54999923706055,47.04999923706055,45.25,45.34000015258789,32.05556869506836,1481500,0.0,0.0
2010-06-02,45.689998626708984,47.790000915527344,45.689998626708984,47.779998779296875,33.78065490722656,1474300,0.0,0.0
2010-06-03,47.38999938964844,47.95000076293945,47.099998474121094,47.75,33.75945281982422,1197100,0.0,0.0
2010-06-04,46.75,47.27000045776367,45.380001068115234,45.58000183105469,32.225257873535156,1187900,0.0,0.0
2010-06-07,45.81999969482422,46.18000030517578,44.599998474121094,44.65999984741211,31.574804306030273,1311400,0.0,0.0
2010-06-08,44.720001220703125,45.08000183105469,43.959999084472656,44.88999938964844,31.73741340637207,1254900,0.0,0.0
2010-06-09,45.349998474121094,46.15999984741211,44.4900016784668,44.70000076293945,31.60308074951172,1282000,0.0,0.0
2010-06-10,45.630001068115234,46.41999816894531,45.33000183105469,46.33000183105469,32.755516052246094,975600,0.0,0.0
2010-06-11,45.63999938964844,46.630001068115234,45.599998474121094,46.560001373291016,32.91810989379883,827800,0.0,0.0
2010-06-14,47.130001068115234,47.41999816894531,46.33000183105469,46.400001525878906,32.804996490478516,760100,0.0,0.0
2010-06-15,46.95000076293945,48.2599983215332,46.810001373291016,48.189998626708984,34.07052993774414,1235800,0.0,0.0
2010-06-16,48.029998779296875,48.33000183105469,47.619998931884766,48.13999938964844,34.035179138183594,895100,0.0,0.0
2010-06-17,48.150001525878906,48.369998931884766,47.689998626708984,48.290000915527344,34.1412239074707,1049400,0.0,0.0
2010-06-18,48.349998474121094,48.709999084472656,48.220001220703125,48.4900016784668,34.28264617919922,920100,0.0,0.0
2010-06-21,49.040000915527344,49.209999084472656,47.5,47.849998474121094,33.83015441894531,769300,0.0,0.0
2010-06-22,48.04999923706055,48.560001373291016,47.04999923706055,47.130001068115234,33.321109771728516,912400,0.0,0.0
2010-06-23,47.220001220703125,47.77000045776367,46.650001525878906,47.13999938964844,33.32817840576172,1088200,0.0,0.0
2010-06-24,46.83000183105469,46.970001220703125,45.689998626708984,45.790000915527344,32.373714447021484,1422300,0.0,0.0
2010-06-25,46.0,46.0,44.65999984741211,44.779998779296875,31.659643173217773,2355600,0.0,0.0
2010-06-28,44.970001220703125,45.31999969482422,44.279998779296875,45.02000045776367,31.82933235168457,1576100,0.0,0.0
2010-06-29,44.209999084472656,44.209999084472656,42.72999954223633,42.900001525878906,30.330472946166992,2363000,0.0,0.0
2010-06-30,42.88999938964844,43.0,41.459999084472656,41.650001525878906,29.446731567382812,2199700,0.0,0.0
2010-07-01,41.54999923706055,41.689998626708984,40.2400016784668,41.09000015258789,29.050809860229492,1455300,0.0,0.0
2010-07-02,41.25,41.54999923706055,40.83000183105469,41.18000030517578,29.114444732666016,1253500,0.0,0.0
2010-07-06,41.75,42.61000061035156,41.150001525878906,41.54999923706055,29.376028060913086,1333700,0.0,0.0
2010-07-07,41.66999816894531,42.599998474121094,41.47999954223633,42.560001373291016,30.090097427368164,1304900,0.0,0.0
2010-07-08,42.86000061035156,43.09000015258789,42.40999984741211,43.060001373291016,30.443601608276367,821500,0.0,0.0
2010-07-09,42.84000015258789,43.13999938964844,42.5099983215332,42.900001525878906,30.330472946166992,562400,0.0,0.0
2010-07-12,42.66999816894531,43.099998474121094,42.56999969482422,42.91999816894531,30.344627380371094,523000,0.0,0.0
2010-07-13,43.59000015258789,44.22999954223633,43.310001373291016,44.040000915527344,31.136459350585938,1165800,0.0,0.0
2010-07-14,44.130001068115234,44.84000015258789,43.779998779296875,44.72999954223633,31.62428092956543,1350100,0.0,0.0
2010-07-15,44.70000076293945,44.83000183105469,43.970001220703125,44.7400016784668,31.631385803222656,1090300,0.0,0.0
2010-07-16,44.43000030517578,44.43000030517578,43.13999938964844,43.34000015258789,30.641563415527344,1015200,0.0,0.0
2010-07-19,44.11000061035156,44.11000061035156,43.18000030517578,43.599998474121094,30.825382232666016,890900,0.0,0.0
2010-07-20,43.029998779296875,44.369998931884766,42.7599983215332,44.369998931884766,31.369779586791992,1137600,0.0,0.0
2010-07-21,44.63999938964844,44.88999938964844,43.970001220703125,44.11000061035156,31.185949325561523,1669100,0.0,0.0
2010-07-22,44.869998931884766,46.09000015258789,44.869998931884766,45.91999816894531,32.46562194824219,1321900,0.0,0.0
2010-07-23,45.7599983215332,46.06999969482422,45.09000015258789,45.79999923706055,32.38079071044922,1047400,0.0,0.0
2010-07-26,45.810001373291016,46.25,45.54999923706055,46.25,32.698951721191406,595900,0.0,0.0
2010-07-27,46.56999969482422,46.59000015258789,45.619998931884766,45.88999938964844,32.444427490234375,651800,0.0,0.0
2010-07-28,45.709999084472656,46.040000915527344,45.529998779296875,45.68000030517578,32.29595184326172,657700,0.0,0.0
2010-07-29,45.93000030517578,46.11000061035156,44.7599983215332,45.209999084472656,31.963659286499023,775200,0.0,0.0
2010-07-30,44.369998931884766,45.0099983215332,44.22999954223633,44.529998779296875,31.482912063598633,1366300,0.0,0.0
2010-08-02,45.38999938964844,45.75,45.11000061035156,45.599998474121094,32.23938751220703,769600,0.0,0.0
2010-08-03,45.11000061035156,46.0099983215332,44.7400016784668,45.81999969482422,32.394935607910156,1280300,0.0,0.0
2010-08-04,45.810001373291016,45.81999969482422,44.68000030517578,45.459999084472656,32.140411376953125,1480400,0.0,0.0
2010-08-05,45.16999816894531,45.29999923706055,44.77000045776367,45.16999816894531,31.935380935668945,761500,0.0,0.0
2010-08-06,45.36000061035156,48.95000076293945,45.15999984741211,46.880001068115234,33.14436340332031,2467600,0.0,0.0
2010-08-09,47.09000015258789,47.09000015258789,46.279998779296875,46.540000915527344,32.903968811035156,1040600,0.0,0.0
2010-08-10,46.130001068115234,46.59000015258789,45.5,46.290000915527344,32.72722244262695,1396300,0.0,0.0
2010-08-11,45.310001373291016,45.310001373291016,44.38999938964844,44.599998474121094,31.532390594482422,1103900,0.0,0.0
2010-08-12,44.04999923706055,44.2400016784668,43.61000061035156,43.83000183105469,30.987993240356445,998900,0.0,0.0
2010-08-13,43.58000183105469,44.220001220703125,43.5099983215332,43.81999969482422,30.980928421020508,836900,0.0,0.0
2010-08-16,43.61000061035156,44.16999816894531,43.25,43.93000030517578,31.058685302734375,1115500,0.0,0.0
2010-08-17,44.27000045776367,44.84000015258789,44.130001068115234,44.310001373291016,31.327350616455078,1235300,0.0,0.0
2010-08-18,44.22999954223633,44.31999969482422,43.650001525878906,43.79999923706055,30.96678352355957,1344000,0.0,0.0
2010-08-19,43.5099983215332,43.72999954223633,42.66999816894531,42.77000045776367,30.23855972290039,1393700,0.0,0.0
2010-08-20,42.41999816894531,43.040000915527344,42.0,42.7599983215332,30.23150062561035,1430500,0.0,0.0
2010-08-23,42.95000076293945,43.52000045776367,42.95000076293945,42.959999084472656,30.372894287109375,1167400,0.0,0.0
2010-08-24,42.36000061035156,42.63999938964844,41.689998626708984,42.099998474121094,29.764860153198242,919900,0.0,0.0
2010-08-25,41.689998626708984,42.619998931884766,41.130001068115234,42.349998474121094,29.941617965698242,1221500,0.0,0.0
2010-08-26,42.4900016784668,43.150001525878906,42.04999923706055,42.130001068115234,29.78609275817871,1250300,0.0,0.0
2010-08-27,42.439998626708984,43.02000045776367,41.75,42.869998931884766,30.30926513671875,986800,0.0,0.0
2010-08-30,42.63999938964844,43.290000915527344,42.599998474121094,42.61000061035156,30.12545394897461,920400,0.0,0.0
2010-08-31,42.47999954223633,42.709999084472656,41.880001068115234,42.06999969482422,29.74365997314453,1355900,0.0,0.0
2010-09-01,42.91999816894531,43.68000030517578,42.68000030517578,43.16999816894531,30.52136993408203,826000,0.0,0.0
2010-09-02,43.189998626708984,43.599998474121094,43.11000061035156,43.45000076293945,30.71933364868164,776500,0.0,0.0
2010-09-03,43.84000015258789,43.95000076293945,43.22999954223633,43.83000183105469,31.16731834411621,674700,0.25,0.0
2010-09-07,43.560001373291016,43.650001525878906,42.900001525878906,42.959999084472656,30.54866600036621,693700,0.0,0.0
2010-09-08,43.11000061035156,43.33000183105469,42.869998931884766,43.0,30.57711410522461,785500,0.0,0.0
2010-09-09,43.4900016784668,43.4900016784668,42.66999816894531,42.91999816894531,30.52023696899414,643000,0.0,0.0
2010-09-10,42.95000076293945,43.0,42.380001068115234,42.91999816894531,30.52023696899414,677500,0.0,0.0
2010-09-13,43.25,43.79999923706055,43.25,43.61000061035156,31.010873794555664,526900,0.0,0.0
2010-09-14,43.56999969482422,44.220001220703125,43.209999084472656,44.0,31.288209915161133,693000,0.0,0.0
2010-09-15,43.77000045776367,44.61000061035156,43.619998931884766,44.56999969482422,31.69353675842285,935900,0.0,0.0
2010-09-16,44.38999938964844,44.810001373291016,44.02000045776367,44.75,31.82152557373047,712900,0.0,0.0
2010-09-17,44.970001220703125,45.08000183105469,44.459999084472656,44.7400016784668,31.814435958862305,880800,0.0,0.0
2010-09-20,44.91999816894531,45.689998626708984,44.720001220703125,45.619998931884766,32.44017791748047,554200,0.0,0.0
2010-09-21,45.619998931884766,45.66999816894531,44.95000076293945,45.2400016784668,32.16995620727539,657500,0.0,0.0
2010-09-22,45.08000183105469,45.72999954223633,44.72999954223633,44.72999954223633,31.80730628967285,949200,0.0,0.0
2010-09-23,44.4900016784668,44.95000076293945,44.20000076293945,44.59000015258789,31.707763671875,649200,0.0,0.0
2010-09-24,45.130001068115234,45.439998626708984,45.029998779296875,45.369998931884766,32.26240158081055,738200,0.0,0.0
2010-09-27,45.43000030517578,45.43000030517578,44.5099983215332,44.529998779296875,31.665098190307617,827100,0.0,0.0
2010-09-28,44.83000183105469,45.27000045776367,44.20000076293945,45.130001068115234,32.09174346923828,1699600,0.0,0.0
2010-09-29,45.0,45.22999954223633,44.54999923706055,44.779998779296875,31.84284782409668,1026900,0.0,0.0
2010-09-30,45.18000030517578,45.5,44.04999923706055,44.290000915527344,31.49441909790039,1235300,0.0,0.0
2010-10-01,44.779998779296875,44.869998931884766,44.189998626708984,44.70000076293945,31.78596305847168,1182000,0.0,0.0
2010-10-04,44.529998779296875,44.529998779296875,43.43000030517578,43.810001373291016,31.153085708618164,973800,0.0,0.0
2010-10-05,44.36000061035156,44.91999816894531,43.91999816894531,44.810001373291016,31.864194869995117,1066800,0.0,0.0
2010-10-06,44.59000015258789,45.040000915527344,43.88999938964844,44.18000030517578,31.41620635986328,1317700,0.0,0.0
2010-10-07,44.54999923706055,44.72999954223633,43.7400016784668,43.939998626708984,31.24555015563965,942600,0.0,0.0
2010-10-08,44.029998779296875,44.13999938964844,43.45000076293945,43.72999954223633,31.096227645874023,1012000,0.0,0.0
2010-10-11,43.720001220703125,43.79999923706055,43.31999969482422,43.52000045776367,30.946874618530273,897000,0.0,0.0
2010-10-12,43.45000076293945,43.91999816894531,43.209999084472656,43.77000045776367,31.12466049194336,573200,0.0,0.0
2010-10-13,44.08000183105469,44.470001220703125,43.88999938964844,44.2599983215332,31.473085403442383,773200,0.0,0.0
2010-10-14,44.310001373291016,44.310001373291016,43.689998626708984,43.970001220703125,31.26687240600586,696300,0.0,0.0
2010-10-15,44.22999954223633,44.54999923706055,43.959999084472656,44.470001220703125,31.62242317199707,999900,0.0,0.0
2010-10-18,44.56999969482422,44.58000183105469,44.029998779296875,44.11000061035156,31.366426467895508,825500,0.0,0.0
2010-10-19,43.45000076293945,43.880001068115234,43.02000045776367,43.33000183105469,30.811771392822266,1178500,0.0,0.0
2010-10-20,43.439998626708984,43.959999084472656,43.439998626708984,43.5099983215332,30.93976593017578,1012200,0.0,0.0
2010-10-21,43.83000183105469,44.2599983215332,43.5099983215332,43.7599983215332,31.117530822753906,763700,0.0,0.0
2010-10-22,43.849998474121094,43.95000076293945,43.400001525878906,43.79999923706055,31.145999908447266,709800,0.0,0.0
2010-10-25,44.220001220703125,45.040000915527344,43.91999816894531,44.83000183105469,31.8784122467041,955300,0.0,0.0
2010-10-26,45.4900016784668,46.29999923706055,45.4900016784668,45.83000183105469,32.58951950073242,1880700,0.0,0.0
2010-10-27,45.61000061035156,45.61000061035156,44.7400016784668,44.880001068115234,31.913969039916992,1118800,0.0,0.0
2010-10-28,45.22999954223633,45.65999984741211,45.04999923706055,45.529998779296875,32.376197814941406,1185700,0.0,0.0
2010-10-29,45.400001525878906,45.5,45.040000915527344,45.189998626708984,32.134403228759766,921900,0.0,0.0
2010-11-01,45.2400016784668,45.84000015258789,45.09000015258789,45.369998931884766,32.26240158081055,752200,0.0,0.0
2010-11-02,45.83000183105469,46.0,45.52000045776367,45.970001220703125,32.68907165527344,743300,0.0,0.0
2010-11-03,46.130001068115234,46.15999984741211,45.459999084472656,46.09000015258789,32.7744026184082,627200,0.0,0.0
2010-11-04,46.58000183105469,47.119998931884766,46.34000015258789,46.880001068115234,33.33617401123047,722000,0.0,0.0
2010-11-05,46.84000015258789,47.41999816894531,46.43000030517578,47.33000183105469,33.65615463256836,789800,0.0,0.0
2010-11-08,47.040000915527344,47.130001068115234,46.04999923706055,46.130001068115234,32.80284118652344,939500,0.0,0.0
2010-11-09,46.56999969482422,46.58000183105469,46.0,46.220001220703125,32.866844177246094,889200,0.0,0.0
2010-11-10,46.15999984741211,47.0,45.86000061035156,46.75,33.243717193603516,1079600,0.0,0.0
2010-11-11,46.08000183105469,46.59000015258789,45.95000076293945,46.47999954223633,33.05172348022461,811600,0.0,0.0
2010-11-12,46.13999938964844,46.459999084472656,46.0099983215332,46.18000030517578,32.83838653564453,951900,0.0,0.0
2010-11-15,46.33000183105469,46.369998931884766,45.939998626708984,45.97999954223633,32.69617462158203,885200,0.0,0.0
2010-11-16,45.83000183105469,45.91999816894531,45.349998474121094,45.560001373291016,32.39751052856445,1351800,0.0,0.0
2010-11-17,45.41999816894531,46.18000030517578,45.40999984741211,45.959999084472656,32.86227798461914,1126000,0.25,0.0
2010-11-18,46.40999984741211,46.560001373291016,46.11000061035156,46.380001068115234,33.162593841552734,963700,0.0,0.0
2010-11-19,46.349998474121094,46.83000183105469,46.060001373291016,46.43000030517578,33.19832992553711,589700,0.0,0.0
2010-11-22,46.29999923706055,46.599998474121094,46.060001373291016,46.52000045776367,33.262691497802734,710800,0.0,0.0
2010-11-23,46.0099983215332,46.0099983215332,45.529998779296875,45.65999984741211,32.64777374267578,900200,0.0,0.0
2010-11-24,45.97999954223633,46.790000915527344,45.90999984741211,46.720001220703125,33.40570068359375,524600,0.0,0.0
2010-11-26,46.25,46.439998626708984,46.02000045776367,46.099998474121094,32.962398529052734,404900,0.0,0.0
2010-11-29,45.59000015258789,45.65999984741211,44.880001068115234,45.22999954223633,32.34031677246094,1126200,0.0,0.0
2010-11-30,44.79999923706055,45.0,44.2400016784668,44.2400016784668,31.632444381713867,1764900,0.0,0.0
2010-12-01,44.97999954223633,45.5099983215332,44.900001525878906,45.18000030517578,32.30455017089844,762400,0.0,0.0
2010-12-02,45.220001220703125,45.540000915527344,44.619998931884766,44.95000076293945,32.14011001586914,1119700,0.0,0.0
2010-12-03,44.75,45.599998474121094,44.75,45.56999969482422,32.583412170410156,869500,0.0,0.0
2010-12-06,45.47999954223633,45.560001373291016,45.15999984741211,45.47999954223633,32.51905822753906,600400,0.0,0.0
2010-12-07,45.91999816894531,45.95000076293945,45.45000076293945,45.630001068115234,32.626312255859375,929800,0.0,0.0
2010-12-08,45.689998626708984,45.97999954223633,45.34000015258789,45.7400016784668,32.70497512817383,640300,0.0,0.0
2010-12-09,46.33000183105469,46.33000183105469,45.58000183105469,46.029998779296875,32.91233825683594,679600,0.0,0.0
2010-12-10,46.189998626708984,46.2599983215332,45.81999969482422,46.16999816894531,33.0124397277832,704800,0.0,0.0
2010-12-13,46.18000030517578,46.209999084472656,45.720001220703125,45.7599983215332,32.719268798828125,592200,0.0,0.0
2010-12-14,45.880001068115234,46.189998626708984,45.709999084472656,46.13999938964844,32.99098205566406,862000,0.0,0.0
2010-12-15,46.11000061035156,46.220001220703125,45.790000915527344,45.81999969482422,32.76219177246094,775200,0.0,0.0
2010-12-16,46.029998779296875,46.70000076293945,45.72999954223633,46.650001525878906,33.35562515258789,612300,0.0,0.0
2010-12-17,46.58000183105469,46.599998474121094,46.25,46.400001525878906,33.17689895629883,797800,0.0,0.0
2010-12-20,46.70000076293945,46.720001220703125,46.25,46.380001068115234,33.162593841552734,615500,0.0,0.0
2010-12-21,46.66999816894531,46.66999816894531,46.11000061035156,46.119998931884766,32.976688385009766,671700,0.0,0.0
2010-12-22,46.13999938964844,46.22999954223633,45.689998626708984,45.81999969482422,32.76219177246094,1003700,0.0,0.0
2010-12-23,45.84000015258789,45.9900016784668,45.68000030517578,45.849998474121094,32.78361892700195,622400,0.0,0.0
2010-12-27,45.630001068115234,45.779998779296875,44.5,45.439998626708984,32.490474700927734,645400,0.0,0.0
2010-12-28,45.56999969482422,45.56999969482422,45.20000076293945,45.31999969482422,32.404640197753906,483400,0.0,0.0
2010-12-29,45.439998626708984,45.630001068115234,45.290000915527344,45.290000915527344,32.38321304321289,321300,0.0,0.0
2010-12-30,45.22999954223633,45.470001220703125,45.22999954223633,45.34000015258789,32.41897201538086,323200,0.0,0.0
2010-12-31,45.279998779296875,45.4900016784668,45.18000030517578,45.29999923706055,32.390377044677734,563200,0.0,0.0
2011-01-03,45.65999984741211,45.810001373291016,45.13999938964844,45.150001525878906,32.283103942871094,1054300,0.0,0.0
2011-01-04,45.130001068115234,45.439998626708984,44.959999084472656,45.439998626708984,32.490474700927734,969100,0.0,0.0
2011-01-05,45.33000183105469,45.880001068115234,45.16999816894531,45.849998474121094,32.78361892700195,961200,0.0,0.0
2011-01-06,45.869998931884766,46.560001373291016,44.2599983215332,46.33000183105469,33.1268310546875,1265600,0.0,0.0
2011-01-07,46.22999954223633,46.75,46.029998779296875,46.36000061035156,33.148284912109375,1391800,0.0,0.0
2011-01-10,46.189998626708984,47.400001525878906,46.189998626708984,47.34000015258789,33.8490104675293,1135100,0.0,0.0
2011-01-11,47.65999984741211,47.939998626708984,47.45000076293945,47.599998474121094,34.034912109375,835700,0.0,0.0
2011-01-12,47.939998626708984,48.290000915527344,47.70000076293945,48.040000915527344,34.34951400756836,735000,0.0,0.0
2011-01-13,48.45000076293945,48.45000076293945,47.709999084472656,47.900001525878906,34.24941635131836,727700,0.0,0.0
2011-01-14,47.70000076293945,48.369998931884766,47.70000076293945,48.33000183105469,34.556880950927734,655500,0.0,0.0
2011-01-18,48.810001373291016,48.810001373291016,48.20000076293945,48.63999938964844,34.77853775024414,578600,0.0,0.0
2011-01-19,48.5099983215332,48.63999938964844,47.63999938964844,47.880001068115234,34.235111236572266,755200,0.0,0.0
2011-01-20,47.900001525878906,47.91999816894531,47.150001525878906,47.470001220703125,33.941959381103516,795500,0.0,0.0
2011-01-21,47.79999923706055,47.91999816894531,47.33000183105469,47.560001373291016,34.006317138671875,841700,0.0,0.0
2011-01-24,47.59000015258789,47.970001220703125,47.59000015258789,47.939998626708984,34.278011322021484,828300,0.0,0.0
2011-01-25,47.880001068115234,48.68000030517578,47.779998779296875,48.61000061035156,34.757076263427734,1153100,0.0,0.0
2011-01-26,48.65999984741211,51.27000045776367,48.540000915527344,48.779998779296875,34.878623962402344,1268900,0.0,0.0
2011-01-27,49.939998626708984,49.970001220703125,47.79999923706055,48.189998626708984,34.4567756652832,1955100,0.0,0.0
2011-01-28,48.209999084472656,48.52000045776367,45.959999084472656,46.36000061035156,33.148284912109375,2417600,0.0,0.0
2011-01-31,46.560001373291016,46.709999084472656,46.150001525878906,46.540000915527344,33.27698516845703,2425700,0.0,0.0
2011-02-01,46.66999816894531,47.189998626708984,46.369998931884766,46.52000045776367,33.262691497802734,2078700,0.0,0.0
2011-02-02,46.43000030517578,46.869998931884766,46.25,46.4900016784668,33.241241455078125,1140600,0.0,0.0
2011-02-03,46.529998779296875,46.56999969482422,45.95000076293945,46.45000076293945,33.21263885498047,1062900,0.0,0.0
2011-02-04,46.58000183105469,47.36000061035156,46.34000015258789,47.36000061035156,33.863304138183594,903300,0.0,0.0
2011-02-07,47.380001068115234,48.43000030517578,47.380001068115234,48.290000915527344,34.528263092041016,1359800,0.0,0.0
2011-02-08,48.22999954223633,48.81999969482422,48.22999954223633,48.779998779296875,34.878623962402344,1414300,0.0,0.0
2011-02-09,48.77000045776367,49.2400016784668,48.630001068115234,49.209999084472656,35.18609619140625,1283000,0.0,0.0
2011-02-10,49.220001220703125,49.650001525878906,48.72999954223633,49.349998474121094,35.28620147705078,1112000,0.0,0.0
2011-02-11,49.27000045776367,49.709999084472656,48.93000030517578,49.209999084472656,35.18609619140625,850800,0.0,0.0
2011-02-14,49.2599983215332,49.61000061035156,49.189998626708984,49.29999923706055,35.250450134277344,739700,0.0,0.0
2011-02-15,49.20000076293945,49.33000183105469,48.68000030517578,48.81999969482422,34.9072380065918,799400,0.0,0.0
2011-02-16,48.939998626708984,48.9900016784668,48.40999984741211,48.58000183105469,34.735626220703125,1563700,0.0,0.0
2011-02-17,48.4900016784668,48.650001525878906,48.18000030517578,48.459999084472656,34.64982986450195,1033200,0.0,0.0
2011-02-18,48.560001373291016,48.779998779296875,48.06999969482422,48.650001525878906,34.78568649291992,1096100,0.0,0.0
2011-02-22,48.20000076293945,48.29999923706055,47.25,47.470001220703125,33.941959381103516,1201000,0.0,0.0
2011-02-23,47.7599983215332,47.7599983215332,45.560001373291016,46.0,32.890865325927734,1721900,0.0,0.0
2011-02-24,45.970001220703125,46.349998474121094,45.58000183105469,46.02000045776367,32.905189514160156,1395100,0.0,0.0
2011-02-25,46.279998779296875,46.52000045776367,46.08000183105469,46.45000076293945,33.21263885498047,820900,0.0,0.0
2011-02-28,46.7400016784668,46.79999923706055,46.43000030517578,46.65999984741211,33.36279296875,1168200,0.0,0.0
2011-03-01,46.869998931884766,46.95000076293945,45.93000030517578,45.95000076293945,32.855140686035156,765200,0.0,0.0
2011-03-02,45.959999084472656,46.25,45.7400016784668,45.880001068115234,32.80507278442383,918400,0.0,0.0
2011-03-03,46.16999816894531,46.7599983215332,46.11000061035156,46.75,33.61028289794922,1119900,0.25,0.0
2011-03-04,46.619998931884766,46.7400016784668,45.7400016784668,46.18000030517578,33.20048141479492,940500,0.0,0.0
2011-03-07,46.47999954223633,46.47999954223633,45.25,45.59000015258789,32.77630615234375,650800,0.0,0.0
2011-03-08,45.75,46.22999954223633,45.529998779296875,46.060001373291016,33.11422348022461,712200,0.0,0.0
2011-03-09,45.95000076293945,46.0,45.06999969482422,45.380001068115234,32.625343322753906,1212400,0.0,0.0
2011-03-10,44.970001220703125,45.2599983215332,44.599998474121094,44.709999084472656,32.14365005493164,800300,0.0,0.0
2011-03-11,44.650001525878906,45.720001220703125,44.54999923706055,45.58000183105469,32.76914596557617,1391700,0.0,0.0
2011-03-14,45.099998474121094,45.38999938964844,44.470001220703125,44.689998626708984,32.129276275634766,753900,0.0,0.0
2011-03-15,43.599998474121094,44.439998626708984,43.13999938964844,44.25,31.812946319580078,740700,0.0,0.0
2011-03-16,44.040000915527344,44.560001373291016,43.2599983215332,43.54999923706055,31.3096866607666,1436200,0.0,0.0
2011-03-17,45.5099983215332,46.150001525878906,44.86000061035156,45.25,32.53189468383789,1774200,0.0,0.0
2011-03-18,45.970001220703125,46.93000030517578,45.81999969482422,46.52000045776367,33.44493103027344,2105000,0.0,0.0
2011-03-21,47.720001220703125,48.220001220703125,47.459999084472656,47.97999954223633,34.49458694458008,2307900,0.0,0.0
2011-03-22,48.08000183105469,48.72999954223633,47.97999954223633,48.290000915527344,34.71745300292969,1603100,0.0,0.0
2011-03-23,49.06999969482422,49.2400016784668,48.540000915527344,48.720001220703125,35.02659606933594,1430100,0.0,0.0
2011-03-24,48.72999954223633,49.0,48.130001068115234,48.16999816894531,34.63117218017578,1347100,0.0,0.0
2011-03-25,48.27000045776367,48.400001525878906,47.869998931884766,48.060001373291016,34.55207824707031,1242800,0.0,0.0
2011-03-28,48.15999984741211,48.61000061035156,48.099998474121094,48.400001525878906,34.79654312133789,1191300,0.0,0.0
2011-03-29,48.25,49.150001525878906,48.16999816894531,49.130001068115234,35.32136154174805,933300,0.0,0.0
2011-03-30,49.38999938964844,49.70000076293945,49.279998779296875,49.34000015258789,35.47233200073242,907200,0.0,0.0
2011-03-31,49.369998931884766,49.61000061035156,49.09000015258789,49.599998474121094,35.65924835205078,732600,0.0,0.0
2011-04-01,49.97999954223633,50.36000061035156,49.790000915527344,50.04999923706055,35.9827766418457,1083700,0.0,0.0
2011-04-04,51.0099983215332,51.0099983215332,50.36000061035156,50.779998779296875,36.50760269165039,1248200,0.0,0.0
2011-04-05,50.79999923706055,51.20000076293945,50.54999923706055,50.630001068115234,36.39975357055664,766000,0.0,0.0
2011-04-06,51.0,51.689998626708984,50.75,51.400001525878906,36.953346252441406,1187500,0.0,0.0
2011-04-07,51.25,51.65999984741211,50.880001068115234,51.029998779296875,36.68734359741211,644900,0.0,0.0
2011-04-08,51.08000183105469,51.599998474121094,50.349998474121094,50.79999923706055,36.52198791503906,561100,0.0,0.0
2011-04-11,50.810001373291016,51.209999084472656,50.380001068115234,50.560001373291016,36.349430084228516,738500,0.0,0.0
2011-04-12,50.349998474121094,50.849998474121094,50.13999938964844,50.220001220703125,36.105003356933594,820400,0.0,0.0
2011-04-13,50.59000015258789,50.619998931884766,49.459999084472656,49.7400016784668,35.75990676879883,1152500,0.0,0.0
2011-04-14,49.439998626708984,50.06999969482422,49.06999969482422,50.029998779296875,35.9683952331543,687100,0.0,0.0
2011-04-15,50.150001525878906,50.560001373291016,49.88999938964844,50.04999923706055,35.9827766418457,722700,0.0,0.0
2011-04-18,49.47999954223633,50.209999084472656,49.290000915527344,49.9900016784668,35.93964767456055,1059700,0.0,0.0
2011-04-19,50.20000076293945,50.470001220703125,49.880001068115234,50.380001068115234,36.220027923583984,853000,0.0,0.0
2011-04-20,51.060001373291016,51.709999084472656,51.029998779296875,51.709999084472656,37.176212310791016,1024400,0.0,0.0
2011-04-21,52.060001373291016,52.5,51.70000076293945,52.220001220703125,37.54286575317383,732000,0.0,0.0
2011-04-25,52.20000076293945,52.2599983215332,51.88999938964844,51.97999954223633,37.370330810546875,355200,0.0,0.0
2011-04-26,52.15999984741211,53.060001373291016,52.08000183105469,52.849998474121094,37.99578857421875,593900,0.0,0.0
2011-04-27,52.97999954223633,53.33000183105469,52.77000045776367,53.04999923706055,38.13958740234375,633500,0.0,0.0
2011-04-28,52.939998626708984,53.29999923706055,52.72999954223633,52.970001220703125,38.08208084106445,527000,0.0,0.0
2011-04-29,53.060001373291016,53.34000015258789,52.84000015258789,53.130001068115234,38.197105407714844,420000,0.0,0.0
2011-05-02,53.33000183105469,53.38999938964844,52.380001068115234,52.40999984741211,37.67947006225586,633500,0.0,0.0
2011-05-03,52.560001373291016,53.08000183105469,52.16999816894531,52.970001220703125,38.08208084106445,965400,0.0,0.0
2011-05-04,51.4900016784668,51.4900016784668,47.540000915527344,48.529998779296875,34.889991760253906,4946100,0.0,0.0
2011-05-05,48.279998779296875,48.540000915527344,47.599998474121094,47.63999938964844,34.250144958496094,2529500,0.0,0.0
2011-05-06,48.310001373291016,48.95000076293945,47.91999816894531,48.15999984741211,34.62398147583008,1499600,0.0,0.0
2011-05-09,48.20000076293945,49.20000076293945,48.20000076293945,48.650001525878906,34.97626495361328,998700,0.0,0.0
2011-05-10,48.95000076293945,49.560001373291016,48.77000045776367,49.34000015258789,35.47233200073242,1103800,0.0,0.0
2011-05-11,49.2599983215332,49.75,48.65999984741211,48.95000076293945,35.191951751708984,761200,0.0,0.0
2011-05-12,48.81999969482422,48.81999969482422,48.20000076293945,48.279998779296875,34.71027755737305,1766900,0.0,0.0
2011-05-13,48.459999084472656,49.18000030517578,48.43000030517578,48.880001068115234,35.141632080078125,1060500,0.0,0.0
2011-05-16,48.779998779296875,48.779998779296875,48.0,48.04999923706055,34.54490661621094,1440400,0.0,0.0
2011-05-17,48.0,48.709999084472656,47.72999954223633,48.58000183105469,34.92592239379883,1624000,0.0,0.0
2011-05-18,48.54999923706055,49.369998931884766,48.31999969482422,49.2599983215332,35.41481018066406,658100,0.0,0.0
2011-05-19,49.5,49.7400016784668,49.290000915527344,49.43000030517578,35.53704071044922,1384300,0.0,0.0
2011-05-20,49.43000030517578,49.630001068115234,49.0,49.47999954223633,35.57297897338867,764200,0.0,0.0
2011-05-23,48.75,48.790000915527344,48.189998626708984,48.36000061035156,34.76776885986328,814500,0.0,0.0
2011-05-24,48.560001373291016,49.099998474121094,47.349998474121094,47.619998931884766,34.23577117919922,1836800,0.0,0.0
2011-05-25,47.599998474121094,48.40999984741211,47.349998474121094,48.34000015258789,34.75339889526367,833900,0.0,0.0
2011-05-26,47.95000076293945,48.77000045776367,47.84000015258789,48.630001068115234,35.143638610839844,1111500,0.25,0.0
2011-05-27,48.65999984741211,49.0,48.63999938964844,48.959999084472656,35.382118225097656,768500,0.0,0.0
2011-05-31,49.310001373291016,49.439998626708984,48.779998779296875,49.439998626708984,35.72900390625,1093900,0.0,0.0
2011-06-01,49.29999923706055,49.29999923706055,47.939998626708984,48.08000183105469,34.74616622924805,1360100,0.0,0.0
2011-06-02,48.06999969482422,48.18000030517578,47.540000915527344,47.61000061035156,34.4065055847168,1070800,0.0,0.0
2011-06-03,47.119998931884766,47.459999084472656,46.70000076293945,46.75,33.78501510620117,977500,0.0,0.0
2011-06-06,46.52000045776367,46.689998626708984,46.13999938964844,46.16999816894531,33.36586380004883,807700,0.0,0.0
2011-06-07,46.36000061035156,46.58000183105469,46.099998474121094,46.2599983215332,33.430904388427734,1046300,0.0,0.0
2011-06-08,45.90999984741211,46.060001373291016,45.58000183105469,45.7599983215332,33.069557189941406,890500,0.0,0.0
2011-06-09,45.869998931884766,46.310001373291016,45.70000076293945,46.04999923706055,33.27912902832031,537100,0.0,0.0
2011-06-10,45.91999816894531,45.970001220703125,45.18000030517578,45.22999954223633,32.686561584472656,1475900,0.0,0.0
2011-06-13,45.61000061035156,45.61000061035156,44.959999084472656,45.13999938964844,32.621524810791016,760600,0.0,0.0
2011-06-14,45.56999969482422,45.84000015258789,45.4900016784668,45.56999969482422,32.9322624206543,576000,0.0,0.0
2011-06-15,45.290000915527344,45.33000183105469,44.52000045776367,44.54999923706055,32.19511795043945,913500,0.0,0.0
2011-06-16,44.66999816894531,44.790000915527344,43.939998626708984,44.150001525878906,31.90606117248535,1024000,0.0,0.0
2011-06-17,44.560001373291016,44.619998931884766,44.06999969482422,44.34000015258789,32.043373107910156,1273400,0.0,0.0
2011-06-20,44.189998626708984,45.189998626708984,44.16999816894531,44.689998626708984,32.29630661010742,829900,0.0,0.0
2011-06-21,45.0,45.59000015258789,44.83000183105469,45.380001068115234,32.79494857788086,915400,0.0,0.0
2011-06-22,45.0099983215332,45.22999954223633,44.81999969482422,45.0,32.52034378051758,1271800,0.0,0.0
2011-06-23,44.34000015258789,44.9900016784668,43.86000061035156,44.91999816894531,32.46251678466797,1628300,0.0,0.0
2011-06-24,45.029998779296875,45.029998779296875,43.93000030517578,44.029998779296875,31.819334030151367,2031100,0.0,0.0
2011-06-27,44.099998474121094,44.52000045776367,43.75,44.29999923706055,32.01445770263672,904100,0.0,0.0
2011-06-28,44.38999938964844,44.75,44.2599983215332,44.58000183105469,32.2168083190918,1056500,0.0,0.0
2011-06-29,44.709999084472656,44.86000061035156,44.310001373291016,44.689998626708984,32.29630661010742,705700,0.0,0.0
2011-06-30,44.959999084472656,45.31999969482422,44.75,45.060001373291016,32.563697814941406,1075200,0.0,0.0
2011-07-01,45.22999954223633,45.66999816894531,44.77000045776367,45.54999923706055,32.91781234741211,1176100,0.0,0.0
2011-07-05,45.2599983215332,45.2599983215332,44.58000183105469,44.84000015258789,32.40470504760742,989100,0.0,0.0
2011-07-06,44.61000061035156,44.900001525878906,44.20000076293945,44.779998779296875,32.3613395690918,884600,0.0,0.0
2011-07-07,45.279998779296875,45.459999084472656,44.79999923706055,44.900001525878906,32.44806671142578,1471300,0.0,0.0
2011-07-08,44.310001373291016,44.54999923706055,43.70000076293945,44.54999923706055,32.19511795043945,1745300,0.0,0.0
2011-07-11,44.08000183105469,44.45000076293945,42.7400016784668,42.900001525878906,31.002729415893555,2141000,0.0,0.0
2011-07-12,42.880001068115234,43.349998474121094,42.81999969482422,43.0099983215332,31.082212448120117,1699300,0.0,0.0
2011-07-13,43.2400016784668,43.52000045776367,42.779998779296875,42.880001068115234,30.9882755279541,1091000,0.0,0.0
2011-07-14,43.119998931884766,43.310001373291016,42.220001220703125,42.36000061035156,30.612478256225586,856800,0.0,0.0
2011-07-15,42.58000183105469,42.619998931884766,42.11000061035156,42.52000045776367,30.72810173034668,870500,0.0,0.0
2011-07-18,42.20000076293945,42.52000045776367,41.72999954223633,41.83000183105469,30.229459762573242,1692900,0.0,0.0
2011-07-19,42.04999923706055,42.68000030517578,41.91999816894531,42.459999084472656,30.684730529785156,1054000,0.0,0.0
2011-07-20,42.70000076293945,42.70000076293945,42.18000030517578,42.45000076293945,30.677509307861328,595600,0.0,0.0
2011-07-21,42.810001373291016,43.380001068115234,42.380001068115234,43.31999969482422,31.306232452392578,1035100,0.0,0.0
2011-07-22,43.220001220703125,43.40999984741211,43.06999969482422,43.36000061035156,31.33513832092285,581900,0.0,0.0
2011-07-25,43.040000915527344,43.29999923706055,42.84000015258789,42.959999084472656,31.04607582092285,793900,0.0,0.0
2011-07-26,43.060001373291016,43.060001373291016,42.43000030517578,42.709999084472656,30.86541748046875,614100,0.0,0.0
2011-07-27,42.43000030517578,42.459999084472656,41.25,41.279998779296875,29.831981658935547,1369600,0.0,0.0
2011-07-28,41.29999923706055,41.369998931884766,40.40999984741211,40.41999816894531,29.210481643676758,1613000,0.0,0.0
2011-07-29,40.0099983215332,40.349998474121094,39.599998474121094,39.869998931884766,28.813024520874023,1484500,0.0,0.0
2011-08-01,40.40999984741211,40.40999984741211,38.650001525878906,38.9900016784668,28.177072525024414,1502800,0.0,0.0
2011-08-02,38.77000045776367,39.0,37.97999954223633,37.97999954223633,27.447160720825195,1872900,0.0,0.0
2011-08-03,41.22999954223633,41.29999923706055,38.540000915527344,39.09000015258789,28.24931526184082,2885500,0.0,0.0
2011-08-04,38.54999923706055,38.83000183105469,36.650001525878906,36.70000076293945,26.522144317626953,1833700,0.0,0.0
2011-08-05,37.349998474121094,38.0,36.0,37.5099983215332,27.107507705688477,2992000,0.0,0.0
2011-08-08,36.41999816894531,37.13999938964844,34.84000015258789,34.900001525878906,25.221323013305664,2940200,0.0,0.0
2011-08-09,35.58000183105469,36.619998931884766,34.29999923706055,36.599998474121094,26.449872970581055,2503700,0.0,0.0
2011-08-10,35.66999816894531,35.88999938964844,34.439998626708984,34.52000045776367,24.946704864501953,2649300,0.0,0.0
2011-08-11,34.880001068115234,37.119998931884766,34.77000045776367,36.619998931884766,26.46432876586914,1947000,0.0,0.0
2011-08-12,36.72999954223633,37.06999969482422,36.43000030517578,36.70000076293945,26.522144317626953,1366300,0.0,0.0
2011-08-15,36.61000061035156,37.56999969482422,36.560001373291016,37.4900016784668,27.09305191040039,1435600,0.0,0.0
2011-08-16,37.119998931884766,37.47999954223633,36.61000061035156,37.04999923706055,26.77506446838379,1309800,0.0,0.0
2011-08-17,37.20000076293945,37.65999984741211,36.689998626708984,36.97999954223633,26.724491119384766,1255300,0.0,0.0
2011-08-18,35.95000076293945,35.959999084472656,34.150001525878906,34.709999084472656,25.084014892578125,2052400,0.0,0.0
2011-08-19,34.290000915527344,35.61000061035156,34.27000045776367,34.779998779296875,25.13460922241211,1845800,0.0,0.0
2011-08-22,35.470001220703125,36.130001068115234,34.720001220703125,34.849998474121094,25.185195922851562,1786100,0.0,0.0
2011-08-23,35.02000045776367,37.029998779296875,35.0,37.029998779296875,26.760622024536133,1790300,0.0,0.0
2011-08-24,36.880001068115234,37.68000030517578,36.4900016784668,37.54999923706055,27.136415481567383,1905500,0.0,0.0
2011-08-25,37.689998626708984,38.060001373291016,36.41999816894531,36.529998779296875,26.399280548095703,2399500,0.0,0.0
2011-08-26,36.189998626708984,37.9900016784668,35.70000076293945,37.689998626708984,27.237594604492188,2162500,0.0,0.0
2011-08-29,38.310001373291016,39.630001068115234,38.119998931884766,39.630001068115234,28.639577865600586,3354100,0.0,0.0
2011-08-30,39.40999984741211,40.41999816894531,39.0,39.97999954223633,28.892515182495117,1717300,0.0,0.0
2011-08-31,40.25,40.959999084472656,40.130001068115234,40.349998474121094,29.159894943237305,1960900,0.0,0.0
2011-09-01,40.47999954223633,41.209999084472656,39.63999938964844,39.68000030517578,28.675704956054688,1632300,0.0,0.0
2011-09-02,38.54999923706055,38.650001525878906,37.93000030517578,38.22999954223633,27.82416534423828,1466600,0.28,0.0
2011-09-06,37.0,38.04999923706055,36.880001068115234,37.95000076293945,27.620386123657227,1534700,0.0,0.0
2011-09-07,38.63999938964844,39.459999084472656,38.540000915527344,39.310001373291016,28.610212326049805,2217200,0.0,0.0
2011-09-08,39.0,40.150001525878906,38.939998626708984,39.40999984741211,28.682987213134766,1451300,0.0,0.0
2011-09-09,39.0,39.400001525878906,38.130001068115234,38.5099983215332,28.027965545654297,1440500,0.0,0.0
2011-09-12,37.869998931884766,39.22999954223633,37.849998474121094,39.189998626708984,28.522863388061523,1465200,0.0,0.0
2011-09-13,39.18000030517578,39.790000915527344,38.90999984741211,39.650001525878906,28.857656478881836,1582500,0.0,0.0
2011-09-14,39.900001525878906,40.77000045776367,39.369998931884766,40.099998474121094,29.1851749420166,1866900,0.0,0.0
2011-09-15,40.65999984741211,40.709999084472656,39.9900016784668,40.689998626708984,29.614591598510742,871600,0.0,0.0
2011-09-16,40.86000061035156,41.09000015258789,40.470001220703125,40.720001220703125,29.636417388916016,1423500,0.0,0.0
2011-09-19,39.95000076293945,40.20000076293945,39.47999954223633,40.029998779296875,29.134227752685547,740600,0.0,0.0
2011-09-20,40.220001220703125,40.34000015258789,39.08000183105469,39.119998931884766,28.47193145751953,1235600,0.0,0.0
2011-09-21,39.25,39.380001068115234,37.349998474121094,37.36000061035156,27.190975189208984,1252700,0.0,0.0
2011-09-22,36.220001220703125,36.61000061035156,34.880001068115234,35.189998626708984,25.61163902282715,2674500,0.0,0.0
2011-09-23,34.91999816894531,35.849998474121094,34.72999954223633,35.540000915527344,25.866363525390625,1574300,0.0,0.0
2011-09-26,36.06999969482422,36.34000015258789,35.63999938964844,36.279998779296875,26.404935836791992,1276700,0.0,0.0
2011-09-27,37.150001525878906,37.619998931884766,36.619998931884766,36.790000915527344,26.776121139526367,1400400,0.0,0.0
2011-09-28,36.79999923706055,37.15999984741211,34.970001220703125,35.130001068115234,25.567955017089844,1718800,0.0,0.0
2011-09-29,35.88999938964844,36.08000183105469,34.630001068115234,35.45000076293945,25.800867080688477,1003600,0.0,0.0
2011-09-30,34.849998474121094,35.25,34.130001068115234,34.16999816894531,24.869260787963867,1437300,0.0,0.0
2011-10-03,33.86000061035156,34.02000045776367,33.22999954223633,33.22999954223633,24.185115814208984,2111400,0.0,0.0
2011-10-04,32.849998474121094,34.29999923706055,32.68000030517578,34.279998779296875,24.94931983947754,1900000,0.0,0.0
2011-10-05,34.439998626708984,35.09000015258789,34.08000183105469,34.91999816894531,25.415111541748047,973200,0.0,0.0
2011-10-06,34.9900016784668,36.029998779296875,34.689998626708984,35.9900016784668,26.193872451782227,1088100,0.0,0.0
2011-10-07,35.66999816894531,35.86000061035156,34.0,34.540000915527344,25.1385555267334,2604700,0.0,0.0
2011-10-10,35.34000015258789,36.220001220703125,35.220001220703125,35.83000183105469,26.077428817749023,1244800,0.0,0.0
2011-10-11,35.5,36.47999954223633,35.5,36.15999984741211,26.317611694335938,1492700,0.0,0.0
2011-10-12,36.59000015258789,37.13999938964844,36.16999816894531,36.38999938964844,26.485002517700195,1925800,0.0,0.0
2011-10-13,36.119998931884766,36.25,35.56999969482422,36.16999816894531,26.324893951416016,697500,0.0,0.0
2011-10-14,36.630001068115234,36.79999923706055,36.11000061035156,36.7400016784668,26.739736557006836,940800,0.0,0.0
2011-10-17,36.47999954223633,36.59000015258789,35.650001525878906,35.83000183105469,26.077428817749023,594400,0.0,0.0
2011-10-18,35.720001220703125,36.72999954223633,35.25,36.5099983215332,26.572341918945312,865800,0.0,0.0
2011-10-19,36.41999816894531,36.619998931884766,35.70000076293945,35.790000915527344,26.04831314086914,1006100,0.0,0.0
2011-10-20,35.7400016784668,36.380001068115234,35.220001220703125,36.220001220703125,26.361265182495117,945500,0.0,0.0
2011-10-21,36.70000076293945,37.06999969482422,36.22999954223633,36.790000915527344,26.776121139526367,994500,0.0,0.0
2011-10-24,37.040000915527344,37.9900016784668,37.0,37.75,27.474824905395508,1145900,0.0,0.0
2011-10-25,37.63999938964844,37.72999954223633,36.90999984741211,36.959999084472656,26.899858474731445,996000,0.0,0.0
2011-10-26,37.400001525878906,37.61000061035156,36.650001525878906,36.9900016784668,26.921688079833984,1135200,0.0,0.0
2011-10-27,38.849998474121094,39.91999816894531,36.86000061035156,38.47999954223633,28.006126403808594,2889600,0.0,0.0
2011-10-28,38.689998626708984,38.97999954223633,38.209999084472656,38.849998474121094,28.275407791137695,816000,0.0,0.0
2011-10-31,38.41999816894531,38.68000030517578,37.61000061035156,37.75,27.474824905395508,1367900,0.0,0.0
2011-11-01,36.54999923706055,37.36000061035156,36.22999954223633,36.65999984741211,26.68150520324707,1556500,0.0,0.0
2011-11-02,37.29999923706055,37.33000183105469,36.61000061035156,36.9900016784668,26.921688079833984,965300,0.0,0.0
2011-11-03,37.380001068115234,38.22999954223633,36.86000061035156,38.150001525878906,27.76595115661621,936500,0.0,0.0
2011-11-04,37.7400016784668,38.0099983215332,37.20000076293945,37.9900016784668,27.649492263793945,782800,0.0,0.0
2011-11-07,37.83000183105469,38.029998779296875,37.119998931884766,37.810001373291016,27.518495559692383,760800,0.0,0.0
2011-11-08,38.0099983215332,38.08000183105469,37.16999816894531,38.0,27.656768798828125,693000,0.0,0.0
2011-11-09,37.16999816894531,37.2599983215332,36.7400016784668,37.0,26.92896270751953,1125500,0.0,0.0
2011-11-10,37.619998931884766,37.619998931884766,36.90999984741211,37.2599983215332,27.118200302124023,1046600,0.0,0.0
2011-11-11,37.84000015258789,38.34000015258789,37.65999984741211,38.290000915527344,27.867847442626953,672000,0.0,0.0
2011-11-14,38.18000030517578,38.400001525878906,37.43000030517578,37.709999084472656,27.445711135864258,880100,0.0,0.0
2011-11-15,37.540000915527344,38.5,37.45000076293945,38.310001373291016,27.88239097595215,775300,0.0,0.0
2011-11-16,37.63999938964844,38.470001220703125,37.4900016784668,37.599998474121094,27.567127227783203,1036700,0.28,0.0
2011-11-17,37.38999938964844,37.4900016784668,36.4900016784668,36.869998931884766,27.03191566467285,969700,0.0,0.0
2011-11-18,36.970001220703125,37.040000915527344,36.38999938964844,36.529998779296875,26.782638549804688,729300,0.0,0.0
2011-11-21,35.9900016784668,36.119998931884766,35.31999969482422,35.650001525878906,26.13745880126953,780900,0.0,0.0
2011-11-22,35.63999938964844,35.72999954223633,34.369998931884766,34.470001220703125,25.27231216430664,1421400,0.0,0.0
2011-11-23,34.2400016784668,34.25,33.66999816894531,33.68000030517578,24.693113327026367,1285900,0.0,0.0
2011-11-25,33.56999969482422,33.95000076293945,33.2400016784668,33.2599983215332,24.385183334350586,388300,0.0,0.0
2011-11-28,34.18000030517578,34.45000076293945,34.02000045776367,34.25,25.11101531982422,896200,0.0,0.0
2011-11-29,34.25,34.33000183105469,33.779998779296875,33.88999938964844,24.847078323364258,912400,0.0,0.0
2011-11-30,34.970001220703125,35.619998931884766,34.880001068115234,35.599998474121094,26.100801467895508,1842600,0.0,0.0
2011-12-01,35.45000076293945,35.95000076293945,35.45000076293945,35.709999084472656,26.18143081665039,854200,0.0,0.0
2011-12-02,36.130001068115234,36.40999984741211,35.810001373291016,35.869998931884766,26.298757553100586,893900,0.0,0.0
2011-12-05,36.45000076293945,36.79999923706055,36.130001068115234,36.40999984741211,26.694664001464844,1399300,0.0,0.0
2011-12-06,36.470001220703125,36.5,36.16999816894531,36.209999084472656,26.548030853271484,882400,0.0,0.0
2011-12-07,35.939998626708984,36.16999816894531,35.560001373291016,35.90999984741211,26.328083038330078,942400,0.0,0.0
2011-12-08,35.68000030517578,35.869998931884766,34.97999954223633,35.04999923706055,25.697555541992188,887700,0.0,0.0
2011-12-09,35.15999984741211,35.7599983215332,35.099998474121094,35.5099983215332,26.034805297851562,781900,0.0,0.0
2011-12-12,35.22999954223633,35.349998474121094,34.650001525878906,35.29999923706055,25.880834579467773,907800,0.0,0.0
2011-12-13,35.45000076293945,35.70000076293945,34.560001373291016,34.720001220703125,25.45561408996582,841200,0.0,0.0
2011-12-14,34.58000183105469,34.58000183105469,33.9900016784668,34.22999954223633,25.096357345581055,921800,0.0,0.0
2011-12-15,34.58000183105469,34.7400016784668,33.90999984741211,34.0099983215332,24.9350643157959,583400,0.0,0.0
2011-12-16,34.279998779296875,34.599998474121094,33.75,34.290000915527344,25.14034652709961,1761900,0.0,0.0
2011-12-19,34.459999084472656,34.61000061035156,33.75,33.84000015258789,24.81041717529297,789900,0.0,0.0
2011-12-20,34.540000915527344,35.5,34.5,35.18000030517578,25.792871475219727,814700,0.0,0.0
2011-12-21,34.9900016784668,35.5,34.709999084472656,35.45000076293945,25.99082374572754,805600,0.0,0.0
2011-12-22,35.720001220703125,36.86000061035156,35.459999084472656,36.63999938964844,26.863290786743164,1017400,0.0,0.0
2011-12-23,36.84000015258789,36.90999984741211,36.56999969482422,36.880001068115234,27.039255142211914,490400,0.0,0.0
2011-12-27,36.83000183105469,37.11000061035156,36.56999969482422,36.9900016784668,27.119901657104492,509500,0.0,0.0
2011-12-28,36.90999984741211,36.97999954223633,36.11000061035156,36.13999938964844,26.4967098236084,774000,0.0,0.0
2011-12-29,36.31999969482422,36.52000045776367,35.7599983215332,36.20000076293945,26.54070281982422,801100,0.0,0.0
2011-12-30,36.279998779296875,36.349998474121094,36.040000915527344,36.040000915527344,26.423397064208984,675900,0.0,0.0
2012-01-03,36.7599983215332,37.220001220703125,36.369998931884766,36.66999816894531,26.88528060913086,778600,0.0,0.0
2012-01-04,36.560001373291016,36.650001525878906,35.97999954223633,36.5099983215332,26.767982482910156,1030200,0.0,0.0
2012-01-05,36.34000015258789,36.790000915527344,36.099998474121094,36.68000030517578,26.89262580871582,877300,0.0,0.0
2012-01-06,36.61000061035156,37.310001373291016,36.52000045776367,37.18000030517578,27.259201049804688,777700,0.0,0.0
2012-01-09,37.349998474121094,37.79999923706055,37.040000915527344,37.459999084472656,27.46449851989746,989300,0.0,0.0
2012-01-10,37.90999984741211,38.400001525878906,37.689998626708984,37.900001525878906,27.78708267211914,966500,0.0,0.0
2012-01-11,37.79999923706055,38.25,37.720001220703125,38.11000061035156,27.941041946411133,765300,0.0,0.0
2012-01-12,38.25,38.709999084472656,38.130001068115234,38.68000030517578,28.358951568603516,962300,0.0,0.0
2012-01-13,38.40999984741211,38.630001068115234,38.029998779296875,38.40999984741211,28.1610050201416,677300,0.0,0.0
2012-01-17,38.790000915527344,38.880001068115234,38.279998779296875,38.36000061035156,28.124345779418945,1064300,0.0,0.0
2012-01-18,38.45000076293945,39.15999984741211,38.369998931884766,39.119998931884766,28.681562423706055,908300,0.0,0.0
2012-01-19,39.459999084472656,39.56999969482422,39.13999938964844,39.31999969482422,28.828189849853516,567200,0.0,0.0
2012-01-20,39.279998779296875,39.709999084472656,39.209999084472656,39.400001525878906,28.886838912963867,826600,0.0,0.0
2012-01-23,39.04999923706055,39.7599983215332,38.83000183105469,38.880001068115234,28.505603790283203,961700,0.0,0.0
2012-01-24,38.689998626708984,38.849998474121094,38.400001525878906,38.54999923706055,28.263643264770508,980300,0.0,0.0
2012-01-25,38.560001373291016,38.9900016784668,37.77000045776367,38.84000015258789,28.476266860961914,897500,0.0,0.0
2012-01-26,39.0099983215332,39.25,38.81999969482422,39.25,28.776870727539062,881600,0.0,0.0
2012-01-27,39.15999984741211,40.040000915527344,39.060001373291016,39.70000076293945,29.10679054260254,1273900,0.0,0.0
2012-01-30,39.63999938964844,39.97999954223633,39.150001525878906,39.209999084472656,28.74753189086914,1869300,0.0,0.0
2012-01-31,39.529998779296875,41.33000183105469,39.529998779296875,41.0,30.059904098510742,3879600,0.0,0.0
2012-02-01,41.209999084472656,41.7400016784668,40.619998931884766,41.16999816894531,30.184545516967773,2295900,0.0,0.0
2012-02-02,41.36000061035156,41.599998474121094,40.970001220703125,41.119998931884766,30.147878646850586,1383500,0.0,0.0
2012-02-03,41.4900016784668,42.18000030517578,41.400001525878906,41.93000030517578,30.741750717163086,1009700,0.0,0.0
2012-02-06,41.650001525878906,41.90999984741211,41.40999984741211,41.83000183105469,30.66843605041504,1070900,0.0,0.0
2012-02-07,41.779998779296875,42.20000076293945,41.61000061035156,42.09000015258789,30.85906219482422,1061400,0.0,0.0
2012-02-08,42.15999984741211,42.790000915527344,42.02000045776367,42.58000183105469,31.218305587768555,992400,0.0,0.0
2012-02-09,42.709999084472656,42.849998474121094,42.310001373291016,42.47999954223633,31.145004272460938,707900,0.0,0.0
2012-02-10,42.16999816894531,42.2400016784668,41.90999984741211,42.18000030517578,30.92504119873047,600100,0.0,0.0
2012-02-13,42.380001068115234,42.56999969482422,41.959999084472656,42.33000183105469,31.035032272338867,671900,0.0,0.0
2012-02-14,42.08000183105469,42.47999954223633,41.79999923706055,42.459999084472656,31.130321502685547,791100,0.0,0.0
2012-02-15,42.599998474121094,43.0,42.290000915527344,42.47999954223633,31.145004272460938,976700,0.0,0.0
2012-02-16,42.56999969482422,42.83000183105469,42.279998779296875,42.720001220703125,31.320940017700195,931900,0.0,0.0
2012-02-17,43.0,43.13999938964844,42.630001068115234,42.65999984741211,31.27696990966797,735300,0.0,0.0
2012-02-21,42.90999984741211,43.11000061035156,42.720001220703125,42.93000030517578,31.474916458129883,1028000,0.0,0.0
2012-02-22,42.900001525878906,43.0,42.33000183105469,42.459999084472656,31.130321502685547,856500,0.0,0.0
2012-02-23,42.36000061035156,43.040000915527344,42.36000061035156,42.970001220703125,31.50424575805664,917100,0.0,0.0
2012-02-24,42.9900016784668,43.38999938964844,42.86000061035156,43.11000061035156,31.606901168823242,569900,0.0,0.0
2012-02-27,43.04999923706055,43.540000915527344,42.90999984741211,43.380001068115234,31.80484390258789,908400,0.0,0.0
2012-02-28,43.400001525878906,43.61000061035156,43.400001525878906,43.47999954223633,31.87816619873047,884300,0.0,0.0
2012-02-29,43.59000015258789,44.0099983215332,43.5,43.630001068115234,31.988140106201172,1412800,0.0,0.0
2012-03-01,43.849998474121094,44.11000061035156,43.63999938964844,43.93000030517578,32.20808410644531,1157500,0.0,0.0
2012-03-02,43.95000076293945,44.38999938964844,43.7400016784668,43.790000915527344,32.105438232421875,766000,0.0,0.0
2012-03-05,43.5,43.68000030517578,43.18000030517578,43.61000061035156,32.21625900268555,756600,0.33,0.0
2012-03-06,43.150001525878906,43.18000030517578,42.52000045776367,42.650001525878906,31.507068634033203,644500,0.0,0.0
2012-03-07,42.7599983215332,42.90999984741211,42.560001373291016,42.63999938964844,31.49968147277832,722100,0.0,0.0
2012-03-08,42.849998474121094,43.41999816894531,42.849998474121094,43.279998779296875,31.972457885742188,634500,0.0,0.0
2012-03-09,43.290000915527344,43.900001525878906,43.27000045776367,43.619998931884766,32.2236442565918,505900,0.0,0.0
2012-03-12,43.63999938964844,43.900001525878906,43.220001220703125,43.560001373291016,32.17933654785156,439600,0.0,0.0
2012-03-13,43.790000915527344,43.959999084472656,43.5099983215332,43.88999938964844,32.423099517822266,704200,0.0,0.0
2012-03-14,43.75,44.0,43.650001525878906,43.83000183105469,32.37876892089844,384200,0.0,0.0
2012-03-15,43.93000030517578,44.31999969482422,43.7400016784668,44.20000076293945,32.65211486816406,585000,0.0,0.0
2012-03-16,44.380001068115234,44.540000915527344,44.22999954223633,44.400001525878906,32.79985046386719,972900,0.0,0.0
2012-03-19,44.45000076293945,45.099998474121094,44.029998779296875,44.369998931884766,32.7776985168457,623700,0.0,0.0
2012-03-20,44.119998931884766,44.119998931884766,43.619998931884766,43.9900016784668,32.496978759765625,457400,0.0,0.0
2012-03-21,43.97999954223633,43.97999954223633,43.349998474121094,43.81999969482422,32.371402740478516,552600,0.0,0.0
2012-03-22,43.650001525878906,43.849998474121094,43.31999969482422,43.720001220703125,32.297523498535156,987600,0.0,0.0
2012-03-23,43.869998931884766,44.189998626708984,43.72999954223633,44.04999923706055,32.541297912597656,396300,0.0,0.0
2012-03-26,44.349998474121094,45.04999923706055,44.29999923706055,45.029998779296875,33.2652587890625,814300,0.0,0.0
2012-03-27,45.13999938964844,45.209999084472656,44.66999816894531,44.72999954223633,33.04363250732422,547300,0.0,0.0
2012-03-28,44.7400016784668,44.79999923706055,44.189998626708984,44.77000045776367,33.07319259643555,670600,0.0,0.0
2012-03-29,44.4900016784668,44.81999969482422,44.22999954223633,44.720001220703125,33.036258697509766,567500,0.0,0.0
2012-03-30,45.04999923706055,45.41999816894531,44.66999816894531,45.08000183105469,33.30219650268555,845900,0.0,0.0
2012-04-02,45.11000061035156,45.7599983215332,44.869998931884766,45.70000076293945,33.76021194458008,1008300,0.0,0.0
2012-04-03,45.560001373291016,45.65999984741211,44.7400016784668,45.060001373291016,33.28742218017578,1020700,0.0,0.0
2012-04-04,44.7400016784668,44.84000015258789,44.13999938964844,44.40999984741211,32.8072509765625,923500,0.0,0.0
2012-04-05,44.20000076293945,44.459999084472656,43.83000183105469,44.060001373291016,32.54869079589844,715700,0.0,0.0
2012-04-09,43.5099983215332,43.90999984741211,43.5,43.779998779296875,32.34184646606445,668400,0.0,0.0
2012-04-10,43.75,44.060001373291016,42.93000030517578,42.970001220703125,31.743465423583984,841200,0.0,0.0
2012-04-11,43.619998931884766,44.18000030517578,43.529998779296875,43.810001373291016,32.36398696899414,657800,0.0,0.0
2012-04-12,43.81999969482422,44.540000915527344,43.810001373291016,44.34000015258789,32.75552749633789,463200,0.0,0.0
2012-04-13,44.29999923706055,44.59000015258789,44.189998626708984,44.41999816894531,32.81462860107422,670100,0.0,0.0
2012-04-16,44.77000045776367,44.88999938964844,43.83000183105469,43.849998474121094,32.39356231689453,782100,0.0,0.0
2012-04-17,44.130001068115234,44.959999084472656,44.04999923706055,44.66999816894531,32.99930953979492,592500,0.0,0.0
2012-04-18,44.599998474121094,44.77000045776367,44.31999969482422,44.61000061035156,32.954978942871094,605900,0.0,0.0
2012-04-19,44.529998779296875,44.7599983215332,43.869998931884766,44.209999084472656,32.65949249267578,641900,0.0,0.0
2012-04-20,44.349998474121094,44.68000030517578,43.970001220703125,44.099998474121094,32.5782356262207,847600,0.0,0.0
2012-04-23,43.75,43.790000915527344,43.45000076293945,43.59000015258789,32.201480865478516,609400,0.0,0.0
2012-04-24,43.63999938964844,43.91999816894531,43.40999984741211,43.83000183105469,32.37876892089844,636600,0.0,0.0
2012-04-25,44.25,44.9900016784668,43.66999816894531,44.900001525878906,33.16923141479492,778100,0.0,0.0
2012-04-26,44.88999938964844,45.43000030517578,44.79999923706055,45.349998474121094,33.50164794921875,795200,0.0,0.0
2012-04-27,45.45000076293945,45.790000915527344,45.36000061035156,45.63999938964844,33.715885162353516,889200,0.0,0.0
2012-04-30,45.52000045776367,45.7400016784668,45.22999954223633,45.540000915527344,33.642005920410156,888500,0.0,0.0
2012-05-01,43.97999954223633,45.54999923706055,43.2400016784668,44.5,32.873748779296875,2697100,0.0,0.0
2012-05-02,43.61000061035156,43.65999984741211,42.59000015258789,42.709999084472656,31.551380157470703,1726700,0.0,0.0
2012-05-03,42.599998474121094,42.61000061035156,41.88999938964844,41.91999816894531,30.967792510986328,1181800,0.0,0.0
2012-05-04,41.58000183105469,41.599998474121094,40.95000076293945,41.02000045776367,30.302927017211914,1152800,0.0,0.0
2012-05-07,40.709999084472656,41.33000183105469,40.709999084472656,41.20000076293945,30.435895919799805,1212900,0.0,0.0
2012-05-08,41.0099983215332,41.70000076293945,40.849998474121094,41.61000061035156,30.73878288269043,1118900,0.0,0.0
2012-05-09,40.9900016784668,41.7400016784668,40.880001068115234,41.400001525878906,30.583650588989258,953900,0.0,0.0
2012-05-10,41.70000076293945,41.779998779296875,41.27000045776367,41.34000015258789,30.539329528808594,703200,0.0,0.0
2012-05-11,41.060001373291016,41.630001068115234,40.939998626708984,41.22999954223633,30.45806312561035,627000,0.0,0.0
2012-05-14,40.81999969482422,40.939998626708984,40.52000045776367,40.65999984741211,30.036998748779297,713200,0.0,0.0
2012-05-15,40.529998779296875,40.7599983215332,40.150001525878906,40.220001220703125,29.71195411682129,807900,0.0,0.0
2012-05-16,40.56999969482422,40.59000015258789,39.61000061035156,39.630001068115234,29.276092529296875,860300,0.0,0.0
2012-05-17,39.599998474121094,39.75,38.90999984741211,38.95000076293945,28.77374267578125,732600,0.0,0.0
2012-05-18,39.18000030517578,39.18000030517578,38.33000183105469,38.43000030517578,28.389604568481445,656700,0.0,0.0
2012-05-21,38.52000045776367,39.7400016784668,38.459999084472656,39.650001525878906,29.29085350036621,1784600,0.0,0.0
2012-05-22,39.599998474121094,39.81999969482422,39.439998626708984,39.79999923706055,29.40167999267578,1521900,0.0,0.0
2012-05-23,39.47999954223633,40.2400016784668,39.20000076293945,40.209999084472656,29.70454216003418,1400000,0.0,0.0
2012-05-24,40.31999969482422,40.31999969482422,38.91999816894531,39.18000030517578,28.94367027282715,1010300,0.0,0.0
2012-05-25,39.2400016784668,39.59000015258789,39.119998931884766,39.369998931884766,29.084016799926758,485800,0.0,0.0
2012-05-29,39.68000030517578,40.27000045776367,39.599998474121094,40.220001220703125,29.71195411682129,850200,0.0,0.0
2012-05-30,39.4900016784668,39.84000015258789,38.86000061035156,39.58000183105469,29.48103904724121,912300,0.33,0.0
2012-05-31,39.47999954223633,40.099998474121094,38.9900016784668,39.779998779296875,29.630006790161133,1345900,0.0,0.0
2012-06-01,39.060001373291016,39.560001373291016,38.79999923706055,39.099998474121094,29.123512268066406,1030000,0.0,0.0
2012-06-04,39.06999969482422,39.650001525878906,39.04999923706055,39.599998474121094,29.495935440063477,2055900,0.0,0.0
2012-06-05,39.56999969482422,40.119998931884766,39.439998626708984,40.0099983215332,29.80133056640625,646200,0.0,0.0
2012-06-06,40.2599983215332,40.95000076293945,40.220001220703125,40.88999938964844,30.456796646118164,789300,0.0,0.0
2012-06-07,41.29999923706055,41.689998626708984,40.58000183105469,40.66999816894531,30.292932510375977,826600,0.0,0.0
2012-06-08,40.38999938964844,40.970001220703125,40.290000915527344,40.86000061035156,30.4344482421875,723100,0.0,0.0
2012-06-11,41.20000076293945,41.220001220703125,40.150001525878906,40.209999084472656,29.950294494628906,570000,0.0,0.0
2012-06-12,40.25,40.86000061035156,40.189998626708984,40.83000183105469,30.412107467651367,466300,0.0,0.0
2012-06-13,40.77000045776367,41.09000015258789,40.29999923706055,40.41999816894531,30.10671043395996,995800,0.0,0.0
2012-06-14,40.5099983215332,40.91999816894531,40.130001068115234,40.790000915527344,30.382305145263672,639100,0.0,0.0
2012-06-15,40.849998474121094,41.38999938964844,40.84000015258789,41.22999954223633,30.710037231445312,808600,0.0,0.0
2012-06-18,41.060001373291016,41.77000045776367,40.88999938964844,41.650001525878906,31.022869110107422,430500,0.0,0.0
2012-06-19,41.93000030517578,42.040000915527344,41.63999938964844,41.86000061035156,31.17929458618164,604200,0.0,0.0
2012-06-20,41.90999984741211,42.4900016784668,41.7599983215332,42.2400016784668,31.46232795715332,550900,0.0,0.0
2012-06-21,42.290000915527344,42.31999969482422,40.95000076293945,41.02000045776367,30.55362319946289,561000,0.0,0.0
2012-06-22,41.2599983215332,41.58000183105469,41.09000015258789,41.38999938964844,30.8292179107666,731300,0.0,0.0
2012-06-25,40.9900016784668,41.2400016784668,40.529998779296875,40.709999084472656,30.322717666625977,466300,0.0,0.0
2012-06-26,40.81999969482422,41.130001068115234,40.540000915527344,40.86000061035156,30.4344482421875,588500,0.0,0.0
2012-06-27,41.0099983215332,41.72999954223633,41.0099983215332,41.61000061035156,30.99308204650879,455800,0.0,0.0
2012-06-28,41.34000015258789,41.560001373291016,40.59000015258789,40.91999816894531,30.479141235351562,902400,0.0,0.0
2012-06-29,41.81999969482422,41.959999084472656,41.54999923706055,41.849998474121094,31.17184829711914,1010100,0.0,0.0
2012-07-02,41.5,41.83000183105469,41.38999938964844,41.56999969482422,30.963279724121094,856700,0.0,0.0
2012-07-03,41.61000061035156,42.22999954223633,41.59000015258789,42.22999954223633,31.454885482788086,626100,0.0,0.0
2012-07-05,42.060001373291016,43.33000183105469,42.060001373291016,43.2400016784668,32.207183837890625,1014200,0.0,0.0
2012-07-06,42.81999969482422,42.939998626708984,41.650001525878906,41.959999084472656,31.253782272338867,594100,0.0,0.0
2012-07-09,41.65999984741211,41.93000030517578,41.04999923706055,41.29999923706055,30.762170791625977,858100,0.0,0.0
2012-07-10,41.5,41.75,40.47999954223633,40.63999938964844,30.27058982849121,732900,0.0,0.0
2012-07-11,40.72999954223633,40.959999084472656,40.220001220703125,40.52000045776367,30.181203842163086,661200,0.0,0.0
2012-07-12,40.18000030517578,40.43000030517578,39.97999954223633,40.25,29.980083465576172,510500,0.0,0.0
2012-07-13,40.43000030517578,40.959999084472656,40.34000015258789,40.849998474121094,30.426992416381836,591900,0.0,0.0
2012-07-16,40.7400016784668,40.790000915527344,40.209999084472656,40.400001525878906,30.09181785583496,455500,0.0,0.0
2012-07-17,40.4900016784668,40.66999816894531,39.849998474121094,40.45000076293945,30.12906837463379,472600,0.0,0.0
2012-07-18,40.41999816894531,41.459999084472656,40.41999816894531,41.349998474121094,30.799423217773438,499500,0.0,0.0
2012-07-19,41.5,42.0099983215332,41.27000045776367,41.77000045776367,31.112255096435547,554400,0.0,0.0
2012-07-20,41.5,41.689998626708984,41.150001525878906,41.25,30.724939346313477,314000,0.0,0.0
2012-07-23,40.189998626708984,40.91999816894531,39.02000045776367,40.7400016784668,30.345081329345703,307800,0.0,0.0
2012-07-24,40.75,40.810001373291016,39.66999816894531,39.95000076293945,29.756641387939453,496500,0.0,0.0
2012-07-25,40.099998474121094,40.619998931884766,39.880001068115234,40.34000015258789,30.047117233276367,419800,0.0,0.0
2012-07-26,41.18000030517578,41.459999084472656,40.83000183105469,41.25,30.724939346313477,418600,0.0,0.0
2012-07-27,41.4900016784668,42.560001373291016,41.220001220703125,42.5099983215332,31.663433074951172,644000,0.0,0.0
2012-07-30,42.209999084472656,42.849998474121094,42.119998931884766,42.15999984741211,31.402753829956055,2489300,0.0,0.0
2012-07-31,41.90999984741211,42.5,41.5099983215332,41.650001525878906,31.022869110107422,1113700,0.0,0.0
2012-08-01,41.650001525878906,42.97999954223633,41.20000076293945,42.310001373291016,31.51447296142578,1102900,0.0,0.0
2012-08-02,41.95000076293945,42.70000076293945,41.68000030517578,42.38999938964844,31.574071884155273,927900,0.0,0.0
2012-08-03,43.09000015258789,43.349998474121094,42.84000015258789,43.27000045776367,32.22951889038086,479600,0.0,0.0
2012-08-06,43.34000015258789,44.099998474121094,43.34000015258789,44.060001373291016,32.81795120239258,632600,0.0,0.0
2012-08-07,44.16999816894531,45.040000915527344,44.08000183105469,44.93000030517578,33.46596908569336,942800,0.0,0.0
2012-08-08,44.75,45.31999969482422,44.720001220703125,45.13999938964844,33.62236785888672,569500,0.0,0.0
2012-08-09,45.06999969482422,45.91999816894531,44.939998626708984,45.560001373291016,33.93522262573242,705400,0.0,0.0
2012-08-10,45.38999938964844,45.68000030517578,45.130001068115234,45.63999938964844,33.99481201171875,489800,0.0,0.0
2012-08-13,45.630001068115234,45.880001068115234,45.2400016784668,45.720001220703125,34.05439758300781,623100,0.0,0.0
2012-08-14,45.83000183105469,45.90999984741211,45.439998626708984,45.58000183105469,33.950130462646484,535400,0.0,0.0
2012-08-15,45.63999938964844,45.9900016784668,45.369998931884766,45.869998931884766,34.16613006591797,709600,0.0,0.0
2012-08-16,45.970001220703125,46.29999923706055,45.880001068115234,46.0,34.262962341308594,893300,0.0,0.0
2012-08-17,46.0099983215332,46.43000030517578,46.0,46.349998474121094,34.523658752441406,543800,0.0,0.0
2012-08-20,46.220001220703125,46.470001220703125,45.79999923706055,46.45000076293945,34.5981559753418,558300,0.0,0.0
2012-08-21,46.34000015258789,46.68000030517578,46.2599983215332,46.4900016784668,34.6279411315918,544500,0.0,0.0
2012-08-22,46.33000183105469,46.41999816894531,45.869998931884766,46.16999816894531,34.38957595825195,808100,0.0,0.0
2012-08-23,46.150001525878906,46.63999938964844,45.90999984741211,46.63999938964844,34.73965835571289,913800,0.0,0.0
2012-08-24,46.29999923706055,46.529998779296875,45.79999923706055,46.529998779296875,34.65772247314453,784300,0.0,0.0
2012-08-27,46.47999954223633,47.130001068115234,46.459999084472656,47.02000045776367,35.0226936340332,634200,0.0,0.0
2012-08-28,46.72999954223633,47.400001525878906,46.61000061035156,47.279998779296875,35.21635818481445,1149200,0.0,0.0
2012-08-29,47.150001525878906,47.599998474121094,47.150001525878906,47.54999923706055,35.41746520996094,1443200,0.0,0.0
2012-08-30,47.040000915527344,47.36000061035156,46.7599983215332,47.09000015258789,35.0748405456543,923000,0.0,0.0
2012-08-31,47.2599983215332,47.54999923706055,46.81999969482422,47.029998779296875,35.030147552490234,754400,0.0,0.0
2012-09-04,46.9900016784668,47.02000045776367,46.09000015258789,46.79999923706055,34.85884094238281,928300,0.0,0.0
2012-09-05,46.52000045776367,46.84000015258789,46.06999969482422,46.099998474121094,34.61106491088867,862800,0.37,0.0
2012-09-06,46.5,47.279998779296875,46.369998931884766,46.95000076293945,35.24924850463867,976400,0.0,0.0
2012-09-07,46.7400016784668,47.36000061035156,46.439998626708984,47.099998474121094,35.36186218261719,747700,0.0,0.0
2012-09-10,47.099998474121094,47.13999938964844,46.77000045776367,46.790000915527344,35.12910842895508,577000,0.0,0.0
2012-09-11,46.90999984741211,47.849998474121094,46.720001220703125,47.77000045776367,35.864891052246094,1060200,0.0,0.0
2012-09-12,47.97999954223633,48.81999969482422,47.90999984741211,48.810001373291016,36.64570617675781,1180900,0.0,0.0
2012-09-13,48.75,49.95000076293945,48.369998931884766,49.540000915527344,37.19377136230469,1368600,0.0,0.0
2012-09-14,49.5099983215332,50.52000045776367,49.47999954223633,50.52000045776367,37.929527282714844,1574500,0.0,0.0
2012-09-17,50.529998779296875,50.77000045776367,49.970001220703125,50.20000076293945,37.689292907714844,760400,0.0,0.0
2012-09-18,50.099998474121094,50.400001525878906,49.9900016784668,50.310001373291016,37.771881103515625,650500,0.0,0.0
2012-09-19,50.439998626708984,50.91999816894531,50.349998474121094,50.599998474121094,37.98958969116211,937600,0.0,0.0
2012-09-20,50.43000030517578,51.040000915527344,50.43000030517578,50.70000076293945,38.06467056274414,1028600,0.0,0.0
2012-09-21,51.06999969482422,51.349998474121094,51.029998779296875,51.15999984741211,38.410030364990234,1112200,0.0,0.0
2012-09-24,50.779998779296875,51.400001525878906,50.52000045776367,51.220001220703125,38.455081939697266,582500,0.0,0.0
2012-09-25,51.22999954223633,51.68000030517578,51.0,51.040000915527344,38.31995391845703,1091500,0.0,0.0
2012-09-26,51.13999938964844,51.22999954223633,50.290000915527344,50.79999923706055,38.13974380493164,544100,0.0,0.0
2012-09-27,50.970001220703125,51.470001220703125,50.849998474121094,51.34000015258789,38.54517364501953,971200,0.0,0.0
2012-09-28,51.15999984741211,51.36000061035156,50.540000915527344,51.220001220703125,38.455081939697266,1113300,0.0,0.0
2012-10-01,51.27000045776367,51.27000045776367,50.5,50.880001068115234,38.1998291015625,1052200,0.0,0.0
2012-10-02,51.25,51.470001220703125,51.0099983215332,51.38999938964844,38.582725524902344,972500,0.0,0.0
2012-10-03,51.540000915527344,51.93000030517578,51.310001373291016,51.560001373291016,38.71034622192383,957100,0.0,0.0
2012-10-04,51.66999816894531,51.790000915527344,50.9900016784668,51.119998931884766,38.3800048828125,1425400,0.0,0.0
2012-10-05,51.47999954223633,52.22999954223633,51.27000045776367,51.970001220703125,39.018157958984375,1209600,0.0,0.0
2012-10-08,51.66999816894531,51.9900016784668,51.459999084472656,51.689998626708984,38.80795669555664,504400,0.0,0.0
2012-10-09,51.650001525878906,51.939998626708984,50.970001220703125,51.099998474121094,38.36499786376953,646000,0.0,0.0
2012-10-10,51.18000030517578,51.27000045776367,50.79999923706055,50.86000061035156,38.18479919433594,426500,0.0,0.0
2012-10-11,51.349998474121094,51.56999969482422,50.790000915527344,50.849998474121094,38.17728805541992,418100,0.0,0.0
2012-10-12,50.7400016784668,50.7400016784668,48.689998626708984,48.84000015258789,36.66822052001953,1634900,0.0,0.0
2012-10-15,47.84000015258789,48.29999923706055,46.540000915527344,46.86000061035156,35.181678771972656,3029700,0.0,0.0
2012-10-16,46.790000915527344,47.13999938964844,46.72999954223633,46.959999084472656,35.25674819946289,1899900,0.0,0.0
2012-10-17,46.970001220703125,47.459999084472656,46.810001373291016,47.13999938964844,35.39189529418945,797200,0.0,0.0
2012-10-18,47.15999984741211,47.25,46.68000030517578,46.95000076293945,35.24924850463867,1132800,0.0,0.0
2012-10-19,46.900001525878906,46.939998626708984,46.119998931884766,46.33000183105469,34.78375244140625,785200,0.0,0.0
2012-10-22,46.47999954223633,46.529998779296875,45.849998474121094,46.31999969482422,34.776248931884766,631400,0.0,0.0
2012-10-23,45.869998931884766,46.380001068115234,45.619998931884766,46.16999816894531,34.66362762451172,851500,0.0,0.0
2012-10-24,46.4900016784668,46.83000183105469,45.939998626708984,46.650001525878906,35.02400588989258,1255000,0.0,0.0
2012-10-25,46.81999969482422,47.2599983215332,46.70000076293945,47.060001373291016,35.33183288574219,719800,0.0,0.0
2012-10-26,47.16999816894531,47.31999969482422,46.970001220703125,47.13999938964844,35.39189529418945,970800,0.0,0.0
2012-10-31,46.7400016784668,46.869998931884766,45.72999954223633,45.779998779296875,34.37082290649414,1002800,0.0,0.0
2012-11-01,45.790000915527344,47.709999084472656,45.75,47.65999984741211,35.782310485839844,877000,0.0,0.0
2012-11-02,47.959999084472656,48.0,47.0099983215332,47.459999084472656,35.63214111328125,695200,0.0,0.0
2012-11-05,47.20000076293945,48.47999954223633,47.18000030517578,48.380001068115234,36.32286071777344,804800,0.0,0.0
2012-11-06,48.45000076293945,49.470001220703125,48.22999954223633,49.25,36.97605514526367,929500,0.0,0.0
2012-11-07,48.93000030517578,48.93000030517578,48.02000045776367,48.25,36.22525405883789,1220100,0.0,0.0
2012-11-08,48.349998474121094,48.81999969482422,47.88999938964844,47.959999084472656,36.00751876831055,760300,0.0,0.0
2012-11-09,47.86000061035156,49.04999923706055,47.83000183105469,48.650001525878906,36.525569915771484,1037600,0.0,0.0
2012-11-12,48.459999084472656,49.040000915527344,47.790000915527344,48.13999938964844,36.14265823364258,537100,0.0,0.0
2012-11-13,47.720001220703125,48.439998626708984,47.54999923706055,47.939998626708984,35.99251174926758,1194000,0.0,0.0
2012-11-14,48.20000076293945,48.34000015258789,46.689998626708984,46.86000061035156,35.181678771972656,1180800,0.0,0.0
2012-11-15,46.90999984741211,47.20000076293945,46.029998779296875,46.29999923706055,34.7612419128418,1453900,0.0,0.0
2012-11-16,46.29999923706055,46.54999923706055,45.7400016784668,46.41999816894531,34.85133361816406,1619800,0.0,0.0
2012-11-19,46.81999969482422,46.93000030517578,46.38999938964844,46.59000015258789,34.978965759277344,952100,0.0,0.0
2012-11-20,46.439998626708984,46.439998626708984,45.939998626708984,46.27000045776367,35.016788482666016,1252200,0.37,0.0
2012-11-21,46.380001068115234,46.41999816894531,46.09000015258789,46.2599983215332,35.00922393798828,773500,0.0,0.0
2012-11-23,46.5099983215332,46.83000183105469,46.459999084472656,46.83000183105469,35.440608978271484,375500,0.0,0.0
2012-11-26,46.81999969482422,47.060001373291016,46.5,46.56999969482422,35.243831634521484,648500,0.0,0.0
2012-11-27,46.56999969482422,47.060001373291016,46.459999084472656,46.650001525878906,35.30437469482422,900300,0.0,0.0
2012-11-28,46.5,47.04999923706055,46.16999816894531,47.0,35.56925964355469,585900,0.0,0.0
2012-11-29,47.02000045776367,47.58000183105469,46.779998779296875,47.2400016784668,35.75088882446289,622200,0.0,0.0
2012-11-30,47.29999923706055,47.470001220703125,46.86000061035156,47.130001068115234,35.66765594482422,634300,0.0,0.0
2012-12-03,47.16999816894531,47.59000015258789,46.400001525878906,46.41999816894531,35.13032531738281,627500,0.0,0.0
2012-12-04,46.470001220703125,47.689998626708984,46.400001525878906,47.61000061035156,36.0308952331543,958200,0.0,0.0
2012-12-05,47.560001373291016,48.06999969482422,47.18000030517578,47.97999954223633,36.3109245300293,713500,0.0,0.0
2012-12-06,47.02000045776367,48.04999923706055,46.25,48.029998779296875,36.34874725341797,1130600,0.0,0.0
2012-12-07,48.04999923706055,48.52000045776367,47.81999969482422,48.4900016784668,36.696876525878906,629600,0.0,0.0
2012-12-10,48.15999984741211,49.150001525878906,48.11000061035156,49.02000045776367,37.09797668457031,974800,0.0,0.0
2012-12-11,49.0099983215332,49.59000015258789,48.970001220703125,49.310001373291016,37.31745910644531,764000,0.0,0.0
2012-12-12,49.5,49.7400016784668,48.95000076293945,49.060001373291016,37.12825012207031,1220600,0.0,0.0
2012-12-13,48.91999816894531,49.380001068115234,48.5099983215332,48.79999923706055,36.93148422241211,790100,0.0,0.0
2012-12-14,48.5099983215332,48.599998474121094,48.09000015258789,48.16999816894531,36.45470428466797,648600,0.0,0.0
2012-12-17,48.439998626708984,48.7400016784668,48.150001525878906,48.63999938964844,36.81039810180664,727000,0.0,0.0
2012-12-18,48.70000076293945,49.720001220703125,48.45000076293945,49.70000076293945,37.61259841918945,1028300,0.0,0.0
2012-12-19,49.709999084472656,50.349998474121094,49.47999954223633,50.099998474121094,37.91532516479492,1259700,0.0,0.0
2012-12-20,50.0,50.20000076293945,49.689998626708984,49.900001525878906,37.76396560668945,1169000,0.0,0.0
2012-12-21,49.369998931884766,50.040000915527344,49.36000061035156,49.66999816894531,37.589900970458984,1164600,0.0,0.0
2012-12-24,49.349998474121094,49.689998626708984,49.279998779296875,49.540000915527344,37.49152374267578,278500,0.0,0.0
2012-12-26,49.5099983215332,49.88999938964844,49.11000061035156,49.38999938964844,37.37799072265625,478700,0.0,0.0
2012-12-27,49.400001525878906,49.47999954223633,48.5,49.119998931884766,37.17366027832031,465900,0.0,0.0
2012-12-28,48.83000183105469,48.90999984741211,48.29999923706055,48.310001373291016,36.56065368652344,438400,0.0,0.0
2012-12-31,48.25,48.97999954223633,48.11000061035156,48.959999084472656,37.052574157714844,526800,0.0,0.0
2013-01-02,49.869998931884766,50.45000076293945,49.84000015258789,50.209999084472656,37.998565673828125,977000,0.0,0.0
2013-01-03,50.209999084472656,50.459999084472656,49.41999816894531,49.439998626708984,37.41584014892578,774000,0.0,0.0
2013-01-04,49.58000183105469,50.2400016784668,49.25,49.880001068115234,37.74881362915039,711000,0.0,0.0
2013-01-07,49.59000015258789,50.209999084472656,49.34000015258789,50.06999969482422,37.892608642578125,764600,0.0,0.0
2013-01-08,49.369998931884766,49.52000045776367,48.83000183105469,48.90999984741211,37.014732360839844,858400,0.0,0.0
2013-01-09,49.119998931884766,50.0099983215332,49.04999923706055,50.0,37.839637756347656,1139000,0.0,0.0
2013-01-10,50.279998779296875,50.529998779296875,49.810001373291016,50.040000915527344,37.86990737915039,495800,0.0,0.0
2013-01-11,50.290000915527344,50.290000915527344,49.709999084472656,49.75,37.650447845458984,596400,0.0,0.0
2013-01-14,49.66999816894531,49.66999816894531,48.869998931884766,49.189998626708984,37.226627349853516,616100,0.0,0.0
2013-01-15,48.95000076293945,49.70000076293945,48.900001525878906,49.650001525878906,37.574771881103516,634800,0.0,0.0
2013-01-16,49.560001373291016,49.630001068115234,49.310001373291016,49.4900016784668,37.453670501708984,365700,0.0,0.0
2013-01-17,49.86000061035156,50.02000045776367,49.65999984741211,49.72999954223633,37.63530731201172,627800,0.0,0.0
2013-01-18,49.75,50.09000015258789,49.04999923706055,49.939998626708984,37.79422378540039,860700,0.0,0.0
2013-01-22,50.029998779296875,50.130001068115234,49.47999954223633,49.849998474121094,37.72611618041992,619300,0.0,0.0
2013-01-23,49.95000076293945,50.060001373291016,49.41999816894531,49.54999923706055,37.49907302856445,543300,0.0,0.0
2013-01-24,49.59000015258789,49.849998474121094,49.2400016784668,49.47999954223633,37.446102142333984,764600,0.0,0.0
2013-01-25,49.5,49.63999938964844,49.189998626708984,49.4900016784668,37.453670501708984,812500,0.0,0.0
2013-01-28,49.720001220703125,49.720001220703125,49.11000061035156,49.25,37.27205276489258,686200,0.0,0.0
2013-01-29,48.81999969482422,48.84000015258789,46.720001220703125,47.09000015258789,35.63737869262695,1678100,0.0,0.0
2013-01-30,46.779998779296875,47.4900016784668,46.720001220703125,46.900001525878906,35.49358367919922,984400,0.0,0.0
2013-01-31,46.86000061035156,47.04999923706055,46.150001525878906,46.20000076293945,34.96381759643555,1315100,0.0,0.0
2013-02-01,46.040000915527344,46.5,45.61000061035156,46.279998779296875,35.02436065673828,1387600,0.0,0.0
2013-02-04,46.0099983215332,46.25,45.650001525878906,45.68000030517578,34.5703010559082,746800,0.0,0.0
2013-02-05,45.81999969482422,46.38999938964844,45.72999954223633,46.310001373291016,35.047080993652344,730200,0.0,0.0
2013-02-06,46.099998474121094,46.70000076293945,45.970001220703125,46.5,35.19085693359375,648000,0.0,0.0
2013-02-07,46.560001373291016,46.880001068115234,46.209999084472656,46.529998779296875,35.21355056762695,879900,0.0,0.0
2013-02-08,46.689998626708984,47.029998779296875,46.4900016784668,46.619998931884766,35.281673431396484,811500,0.0,0.0
2013-02-11,46.529998779296875,46.86000061035156,46.27000045776367,46.540000915527344,35.22113800048828,813000,0.0,0.0
2013-02-12,46.59000015258789,46.88999938964844,46.369998931884766,46.75,35.38007736206055,661900,0.0,0.0
2013-02-13,46.84000015258789,47.18000030517578,46.630001068115234,47.099998474121094,35.64493179321289,639000,0.0,0.0
2013-02-14,46.959999084472656,47.869998931884766,46.869998931884766,47.7400016784668,36.1292839050293,932900,0.0,0.0
2013-02-15,47.939998626708984,47.970001220703125,47.45000076293945,47.61000061035156,36.0308952331543,900100,0.0,0.0
2013-02-19,47.56999969482422,48.060001373291016,47.29999923706055,47.650001525878906,36.06117248535156,967900,0.0,0.0
2013-02-20,47.18000030517578,47.880001068115234,47.18000030517578,47.459999084472656,35.91737747192383,847200,0.0,0.0
2013-02-21,47.209999084472656,47.209999084472656,46.68000030517578,47.0,35.56925964355469,878400,0.0,0.0
2013-02-22,47.130001068115234,48.20000076293945,47.130001068115234,47.97999954223633,36.3109245300293,858300,0.0,0.0
2013-02-25,48.2599983215332,48.369998931884766,47.099998474121094,47.099998474121094,35.64493179321289,978500,0.0,0.0
2013-02-26,47.09000015258789,47.459999084472656,46.900001525878906,47.310001373291016,35.803863525390625,775600,0.0,0.0
2013-02-27,47.34000015258789,48.4900016784668,47.34000015258789,48.060001373291016,36.371456146240234,923800,0.0,0.0
2013-02-28,47.91999816894531,48.439998626708984,47.91999816894531,48.06999969482422,36.37902069091797,816200,0.0,0.0
2013-03-01,47.849998474121094,48.16999816894531,47.33000183105469,47.709999084472656,36.106590270996094,684100,0.0,0.0
2013-03-04,47.5099983215332,47.72999954223633,47.04999923706055,47.33000183105469,35.819000244140625,489700,0.0,0.0
2013-03-05,47.33000183105469,47.5099983215332,47.02000045776367,47.22999954223633,36.02494430541992,620900,0.37,0.0
2013-03-06,46.790000915527344,46.79999923706055,45.38999938964844,45.72999954223633,34.88081359863281,1751900,0.0,0.0
2013-03-07,45.75,46.22999954223633,45.47999954223633,45.7400016784668,34.88844680786133,785900,0.0,0.0
2013-03-08,45.939998626708984,46.0,45.08000183105469,45.41999816894531,34.644344329833984,1025800,0.0,0.0
2013-03-11,45.380001068115234,45.45000076293945,44.59000015258789,44.81999969482422,34.186710357666016,1315200,0.0,0.0
2013-03-12,44.79999923706055,44.95000076293945,44.470001220703125,44.93000030517578,34.27061080932617,1218700,0.0,0.0
2013-03-13,44.939998626708984,45.43000030517578,44.65999984741211,45.2599983215332,34.522308349609375,878700,0.0,0.0
2013-03-14,45.439998626708984,45.5,44.77000045776367,44.88999938964844,34.24009704589844,854300,0.0,0.0
2013-03-15,44.7400016784668,44.93000030517578,44.220001220703125,44.36000061035156,33.83583450317383,1579100,0.0,0.0
2013-03-18,43.91999816894531,44.61000061035156,43.75,44.29999923706055,33.79005432128906,811500,0.0,0.0
2013-03-19,44.470001220703125,46.11000061035156,44.11000061035156,44.61000061035156,34.026519775390625,1140600,0.0,0.0
2013-03-20,44.88999938964844,45.15999984741211,44.70000076293945,44.97999954223633,34.30875015258789,763400,0.0,0.0
2013-03-21,44.58000183105469,44.90999984741211,44.130001068115234,44.130001068115234,33.6603889465332,963400,0.0,0.0
2013-03-22,44.2599983215332,44.310001373291016,43.70000076293945,43.9900016784668,33.55362319946289,952300,0.0,0.0
2013-03-25,44.04999923706055,44.709999084472656,44.029998779296875,44.630001068115234,34.04180145263672,1092400,0.0,0.0
2013-03-26,44.81999969482422,45.040000915527344,44.66999816894531,44.900001525878906,34.247718811035156,924800,0.0,0.0
2013-03-27,44.65999984741211,45.380001068115234,44.31999969482422,45.290000915527344,34.545204162597656,849300,0.0,0.0
2013-03-28,45.349998474121094,46.58000183105469,45.0099983215332,46.34000015258789,35.346092224121094,1314800,0.0,0.0
2013-04-01,46.290000915527344,46.290000915527344,45.75,46.040000915527344,35.11725616455078,1050100,0.0,0.0
2013-04-02,46.36000061035156,46.5,45.93000030517578,46.25,35.27744674682617,778200,0.0,0.0
2013-04-03,46.31999969482422,46.65999984741211,45.59000015258789,45.79999923706055,34.934207916259766,773500,0.0,0.0
2013-04-04,45.63999938964844,45.790000915527344,45.099998474121094,45.27000045776367,34.529945373535156,597400,0.0,0.0
2013-04-05,44.7599983215332,44.880001068115234,44.369998931884766,44.52000045776367,33.957881927490234,616100,0.0,0.0
2013-04-08,44.66999816894531,44.7400016784668,44.33000183105469,44.7400016784668,34.12568283081055,508700,0.0,0.0
2013-04-09,44.66999816894531,45.380001068115234,44.47999954223633,44.95000076293945,34.28586959838867,802500,0.0,0.0
2013-04-10,45.150001525878906,45.849998474121094,45.08000183105469,45.810001373291016,34.94182586669922,705100,0.0,0.0
2013-04-11,45.68000030517578,46.58000183105469,45.560001373291016,46.560001373291016,35.513893127441406,1024300,0.0,0.0
2013-04-12,44.79999923706055,45.75,43.849998474121094,44.060001373291016,33.60700988769531,2521800,0.0,0.0
2013-04-15,43.779998779296875,43.93000030517578,42.560001373291016,42.79999923706055,32.645938873291016,2146800,0.0,0.0
2013-04-16,42.970001220703125,43.099998474121094,42.150001525878906,42.36000061035156,32.31033706665039,1827900,0.0,0.0
2013-04-17,42.209999084472656,42.45000076293945,41.290000915527344,41.709999084472656,31.814537048339844,1755100,0.0,0.0
2013-04-18,41.630001068115234,41.83000183105469,41.08000183105469,41.65999984741211,31.77639389038086,1269300,0.0,0.0
2013-04-19,41.75,42.08000183105469,41.619998931884766,41.97999954223633,32.02048110961914,933100,0.0,0.0
2013-04-22,42.040000915527344,43.040000915527344,41.79999923706055,42.7400016784668,32.60015869140625,1221000,0.0,0.0
2013-04-23,42.9900016784668,43.220001220703125,42.720001220703125,43.099998474121094,32.8747673034668,1234700,0.0,0.0
2013-04-24,43.119998931884766,43.7599983215332,42.91999816894531,43.58000183105469,33.240882873535156,792100,0.0,0.0
2013-04-25,43.779998779296875,44.33000183105469,43.63999938964844,44.2599983215332,33.759544372558594,841500,0.0,0.0
2013-04-26,44.18000030517578,44.29999923706055,43.720001220703125,43.93000030517578,33.50784683227539,872700,0.0,0.0
2013-04-29,44.18000030517578,44.619998931884766,43.95000076293945,44.59000015258789,34.011268615722656,804400,0.0,0.0
2013-04-30,44.9900016784668,46.5099983215332,43.95000076293945,46.20000076293945,35.23929977416992,1602600,0.0,0.0
2013-05-01,45.91999816894531,45.91999816894531,45.20000076293945,45.220001220703125,34.491798400878906,984000,0.0,0.0
2013-05-02,45.40999984741211,46.06999969482422,45.29999923706055,45.900001525878906,35.010494232177734,900300,0.0,0.0
2013-05-03,46.38999938964844,46.650001525878906,46.2599983215332,46.470001220703125,35.44525146484375,690200,0.0,0.0
2013-05-06,46.41999816894531,46.790000915527344,46.18000030517578,46.599998474121094,35.544395446777344,603000,0.0,0.0
2013-05-07,46.68000030517578,47.310001373291016,46.4900016784668,47.20000076293945,36.00205993652344,644800,0.0,0.0
2013-05-08,47.060001373291016,48.45000076293945,47.0099983215332,48.290000915527344,36.83346939086914,962300,0.0,0.0
2013-05-09,48.2599983215332,48.959999084472656,48.11000061035156,48.52000045776367,37.00889587402344,963700,0.0,0.0
2013-05-10,48.56999969482422,48.97999954223633,48.31999969482422,48.790000915527344,37.21482849121094,715300,0.0,0.0
2013-05-13,49.040000915527344,49.369998931884766,48.58000183105469,48.9900016784668,37.36740493774414,884000,0.0,0.0
2013-05-14,48.869998931884766,49.689998626708984,48.869998931884766,49.290000915527344,37.59621047973633,986000,0.0,0.0
2013-05-15,49.27000045776367,49.84000015258789,49.15999984741211,49.81999969482422,38.000484466552734,696400,0.0,0.0
2013-05-16,49.709999084472656,50.4900016784668,49.369998931884766,49.43000030517578,37.70301055908203,1086700,0.0,0.0
2013-05-17,49.310001373291016,50.68000030517578,49.310001373291016,50.459999084472656,38.4886360168457,983700,0.0,0.0
2013-05-20,50.29999923706055,50.939998626708984,50.060001373291016,50.36000061035156,38.4123649597168,679800,0.0,0.0
2013-05-21,50.54999923706055,50.83000183105469,50.13999938964844,50.16999816894531,38.26744842529297,689700,0.0,0.0
2013-05-22,50.40999984741211,50.650001525878906,49.68000030517578,49.900001525878906,38.0615119934082,722500,0.0,0.0
2013-05-23,49.43000030517578,50.29999923706055,49.369998931884766,50.099998474121094,38.21405792236328,597700,0.0,0.0
2013-05-24,49.880001068115234,50.380001068115234,49.4900016784668,50.369998931884766,38.41999816894531,561400,0.0,0.0
2013-05-28,50.810001373291016,51.400001525878906,50.7400016784668,51.22999954223633,39.075965881347656,1001800,0.0,0.0
2013-05-29,50.56999969482422,51.459999084472656,50.36000061035156,51.15999984741211,39.306461334228516,1462100,0.37,0.0
2013-05-30,51.060001373291016,51.349998474121094,50.880001068115234,51.029998779296875,39.20657730102539,721000,0.0,0.0
2013-05-31,50.95000076293945,51.290000915527344,50.06999969482422,50.130001068115234,38.51510238647461,910700,0.0,0.0
2013-06-03,50.22999954223633,50.47999954223633,49.34000015258789,50.459999084472656,38.76864242553711,904800,0.0,0.0
2013-06-04,50.4900016784668,50.70000076293945,49.970001220703125,50.08000183105469,38.4766731262207,800600,0.0,0.0
2013-06-05,50.02000045776367,50.22999954223633,49.5,49.529998779296875,38.05412673950195,573500,0.0,0.0
2013-06-06,49.65999984741211,50.36000061035156,49.59000015258789,50.11000061035156,38.499732971191406,821500,0.0,0.0
2013-06-07,50.31999969482422,50.439998626708984,49.810001373291016,50.349998474121094,38.684120178222656,494400,0.0,0.0
2013-06-10,50.45000076293945,50.529998779296875,50.15999984741211,50.349998474121094,38.684120178222656,342100,0.0,0.0
2013-06-11,49.90999984741211,50.33000183105469,49.65999984741211,49.79999923706055,38.26156997680664,315700,0.0,0.0
2013-06-12,50.06999969482422,50.18000030517578,48.9900016784668,49.04999923706055,37.68534469604492,408800,0.0,0.0
2013-06-13,49.09000015258789,50.130001068115234,48.880001068115234,49.9900016784668,38.407535552978516,388800,0.0,0.0
2013-06-14,49.84000015258789,50.41999816894531,49.63999938964844,49.81999969482422,38.27693176269531,540000,0.0,0.0
2013-06-17,50.029998779296875,50.36000061035156,49.560001373291016,49.849998474121094,38.29997634887695,707300,0.0,0.0
2013-06-18,49.95000076293945,50.220001220703125,49.709999084472656,50.09000015258789,38.484371185302734,559600,0.0,0.0
2013-06-19,50.22999954223633,50.70000076293945,49.79999923706055,49.849998474121094,38.29997634887695,869000,0.0,0.0
2013-06-20,49.529998779296875,49.560001373291016,48.43000030517578,48.45000076293945,37.2243537902832,691400,0.0,0.0
2013-06-21,48.880001068115234,49.060001373291016,48.029998779296875,48.58000183105469,37.32423782348633,1305600,0.0,0.0
2013-06-24,48.20000076293945,48.65999984741211,47.689998626708984,47.81999969482422,36.74031448364258,548500,0.0,0.0
2013-06-25,48.279998779296875,48.400001525878906,47.75,48.119998931884766,36.97080612182617,511300,0.0,0.0
2013-06-26,48.470001220703125,49.0099983215332,48.06999969482422,48.849998474121094,37.53167724609375,721600,0.0,0.0
2013-06-27,49.08000183105469,49.66999816894531,49.04999923706055,49.459999084472656,38.000343322753906,432800,0.0,0.0
2013-06-28,49.31999969482422,49.439998626708984,48.88999938964844,49.25,37.83899688720703,1162200,0.0,0.0
2013-07-01,49.68000030517578,50.11000061035156,49.400001525878906,49.959999084472656,38.38447952270508,782800,0.0,0.0
2013-07-02,49.790000915527344,50.27000045776367,49.11000061035156,49.31999969482422,37.89277648925781,538100,0.0,0.0
2013-07-03,49.04999923706055,49.29999923706055,48.75,49.08000183105469,37.70838165283203,370400,0.0,0.0
2013-07-05,49.36000061035156,49.560001373291016,49.029998779296875,49.560001373291016,38.077171325683594,372200,0.0,0.0
2013-07-08,49.68000030517578,49.939998626708984,49.41999816894531,49.70000076293945,38.18473434448242,682900,0.0,0.0
2013-07-09,49.81999969482422,50.349998474121094,49.75,49.900001525878906,38.33840560913086,842800,0.0,0.0
2013-07-10,49.5,50.34000015258789,49.5,50.16999816894531,38.54585266113281,735900,0.0,0.0
2013-07-11,50.72999954223633,51.209999084472656,50.66999816894531,51.060001373291016,39.229618072509766,617600,0.0,0.0
2013-07-12,51.20000076293945,51.7599983215332,51.040000915527344,51.7599983215332,39.76743698120117,521500,0.0,0.0
2013-07-15,51.91999816894531,52.130001068115234,50.939998626708984,51.849998474121094,39.836585998535156,826300,0.0,0.0
2013-07-16,51.7400016784668,52.150001525878906,51.68000030517578,51.79999923706055,39.79817581176758,697400,0.0,0.0
2013-07-17,52.0,52.22999954223633,51.619998931884766,51.83000183105469,39.82122039794922,379400,0.0,0.0
2013-07-18,51.86000061035156,52.470001220703125,51.41999816894531,52.45000076293945,40.297569274902344,629800,0.0,0.0
2013-07-19,52.459999084472656,52.86000061035156,52.029998779296875,52.70000076293945,40.48964309692383,509600,0.0,0.0
2013-07-22,52.619998931884766,52.90999984741211,52.38999938964844,52.65999984741211,40.45891571044922,302900,0.0,0.0
2013-07-23,52.7599983215332,52.849998474121094,52.08000183105469,52.41999816894531,40.274513244628906,516700,0.0,0.0
2013-07-24,52.59000015258789,52.86000061035156,52.4900016784668,52.79999923706055,40.56648254394531,419700,0.0,0.0
2013-07-25,52.75,53.290000915527344,52.630001068115234,53.15999984741211,40.84307098388672,628400,0.0,0.0
2013-07-26,52.86000061035156,52.95000076293945,52.40999984741211,52.7400016784668,40.5203857421875,512600,0.0,0.0
2013-07-29,52.630001068115234,53.20000076293945,52.33000183105469,52.83000183105469,40.589534759521484,917600,0.0,0.0
2013-07-30,53.88999938964844,57.45000076293945,53.63999938964844,56.970001220703125,43.77031326293945,2457800,0.0,0.0
2013-07-31,57.0099983215332,57.70000076293945,56.43000030517578,57.06999969482422,43.84714126586914,1069000,0.0,0.0
2013-08-01,57.36000061035156,57.68000030517578,56.959999084472656,57.4900016784668,44.169822692871094,946500,0.0,0.0
2013-08-02,56.75,57.869998931884766,56.630001068115234,57.119998931884766,43.88554382324219,962200,0.0,0.0
2013-08-05,57.0,57.9900016784668,56.709999084472656,57.75,44.36956787109375,927600,0.0,0.0
2013-08-06,57.75,57.90999984741211,56.7400016784668,57.290000915527344,44.01616668701172,815400,0.0,0.0
2013-08-07,57.130001068115234,57.36000061035156,56.43000030517578,57.0,43.79335403442383,845700,0.0,0.0
2013-08-08,57.369998931884766,57.90999984741211,56.90999984741211,57.630001068115234,44.27738571166992,516000,0.0,0.0
2013-08-09,57.56999969482422,57.95000076293945,57.400001525878906,57.650001525878906,44.29276657104492,601000,0.0,0.0
2013-08-12,57.279998779296875,58.099998474121094,57.279998779296875,57.66999816894531,44.30812454223633,608200,0.0,0.0
2013-08-13,57.86000061035156,58.5,57.56999969482422,58.27000045776367,44.76910400390625,477500,0.0,0.0
2013-08-14,58.25,58.4900016784668,58.0099983215332,58.220001220703125,44.730690002441406,392900,0.0,0.0
2013-08-15,57.439998626708984,57.58000183105469,56.70000076293945,56.93000030517578,43.73957824707031,621600,0.0,0.0
2013-08-16,56.79999923706055,57.88999938964844,56.709999084472656,57.290000915527344,44.01616668701172,539700,0.0,0.0
2013-08-19,57.349998474121094,57.439998626708984,56.439998626708984,56.439998626708984,43.363101959228516,649300,0.0,0.0
2013-08-20,56.63999938964844,56.88999938964844,56.150001525878906,56.36000061035156,43.3016471862793,904900,0.0,0.0
2013-08-21,56.06999969482422,56.630001068115234,56.0099983215332,56.09000015258789,43.09419250488281,568800,0.0,0.0
2013-08-22,56.34000015258789,56.81999969482422,56.18000030517578,56.54999923706055,43.4476318359375,436200,0.0,0.0
2013-08-23,56.75,57.08000183105469,56.47999954223633,56.970001220703125,43.77031326293945,465700,0.0,0.0
2013-08-26,56.9900016784668,57.68000030517578,56.9900016784668,57.02000045776367,43.8087158203125,579800,0.0,0.0
2013-08-27,56.38999938964844,56.68000030517578,55.59000015258789,55.65999984741211,42.763824462890625,521000,0.0,0.0
2013-08-28,55.65999984741211,56.459999084472656,55.459999084472656,56.220001220703125,43.19408416748047,646400,0.0,0.0
2013-08-29,56.02000045776367,56.779998779296875,55.849998474121094,56.5,43.40919494628906,513800,0.0,0.0
2013-08-30,56.439998626708984,56.849998474121094,56.029998779296875,56.630001068115234,43.50908279418945,722100,0.0,0.0
2013-09-03,57.31999969482422,58.13999938964844,57.13999938964844,57.560001373291016,44.22361755371094,943300,0.0,0.0
2013-09-04,57.75,58.279998779296875,57.38999938964844,58.220001220703125,44.730690002441406,917500,0.0,0.0
2013-09-05,58.119998931884766,58.560001373291016,57.84000015258789,58.43000030517578,44.89202880859375,656600,0.0,0.0
2013-09-06,58.0099983215332,58.220001220703125,56.93000030517578,57.279998779296875,44.32710647583008,724000,0.42,0.0
2013-09-09,57.43000030517578,57.9900016784668,57.41999816894531,57.7400016784668,44.68308639526367,364500,0.0,0.0
2013-09-10,57.90999984741211,58.09000015258789,57.540000915527344,58.06999969482422,44.93845748901367,437500,0.0,0.0
2013-09-11,58.119998931884766,58.599998474121094,57.81999969482422,58.310001373291016,45.12419891357422,672000,0.0,0.0
2013-09-12,58.15999984741211,58.720001220703125,57.849998474121094,58.209999084472656,45.04680252075195,766800,0.0,0.0
2013-09-13,58.369998931884766,58.38999938964844,57.70000076293945,57.93000030517578,44.83012008666992,564200,0.0,0.0
2013-09-16,58.43000030517578,58.56999969482422,57.81999969482422,58.380001068115234,45.17835235595703,550100,0.0,0.0
2013-09-17,58.380001068115234,59.09000015258789,58.36000061035156,58.9900016784668,45.650428771972656,532800,0.0,0.0
2013-09-18,58.83000183105469,59.18000030517578,57.970001220703125,58.400001525878906,45.19384002685547,599500,0.0,0.0
2013-09-19,58.599998474121094,58.70000076293945,57.75,57.97999954223633,44.86882019042969,757800,0.0,0.0
2013-09-20,57.9900016784668,58.619998931884766,57.88999938964844,58.150001525878906,45.00039291381836,1088000,0.0,0.0
2013-09-23,58.0,58.18000030517578,56.5,57.970001220703125,44.86106491088867,436800,0.0,0.0
2013-09-24,58.0,58.52000045776367,57.650001525878906,58.02000045776367,44.89975357055664,724100,0.0,0.0
2013-09-25,58.38999938964844,59.720001220703125,58.20000076293945,59.459999084472656,46.014122009277344,830400,0.0,0.0
2013-09-26,59.36000061035156,59.75,59.0099983215332,59.16999816894531,45.789710998535156,397400,0.0,0.0
2013-09-27,58.790000915527344,59.630001068115234,58.40999984741211,59.22999954223633,45.836143493652344,532400,0.0,0.0
2013-09-30,58.7400016784668,59.36000061035156,58.34000015258789,59.29999923706055,45.89031982421875,740900,0.0,0.0
2013-10-01,59.040000915527344,59.779998779296875,58.970001220703125,59.77000045776367,46.25404739379883,676600,0.0,0.0
2013-10-02,59.279998779296875,59.470001220703125,58.68000030517578,58.93000030517578,45.6039924621582,630300,0.0,0.0
2013-10-03,58.720001220703125,58.77000045776367,58.119998931884766,58.380001068115234,45.17835235595703,818200,0.0,0.0
2013-10-04,58.619998931884766,59.95000076293945,58.43000030517578,59.59000015258789,46.11473083496094,549600,0.0,0.0
2013-10-07,58.9900016784668,59.060001373291016,58.470001220703125,58.470001220703125,45.248008728027344,369300,0.0,0.0
2013-10-08,58.540000915527344,59.31999969482422,57.970001220703125,58.0,44.88429641723633,553100,0.0,0.0
2013-10-09,58.0,58.52000045776367,57.209999084472656,58.09000015258789,44.953948974609375,580600,0.0,0.0
2013-10-10,58.72999954223633,59.599998474121094,58.540000915527344,59.599998474121094,46.12247848510742,405500,0.0,0.0
2013-10-11,59.470001220703125,59.52000045776367,59.099998474121094,59.29999923706055,45.89031982421875,445200,0.0,0.0
2013-10-14,58.79999923706055,59.90999984741211,58.40999984741211,59.72999954223633,46.22307205200195,422000,0.0,0.0
2013-10-15,59.47999954223633,59.880001068115234,58.77000045776367,58.970001220703125,45.63494873046875,425700,0.0,0.0
2013-10-16,59.349998474121094,59.470001220703125,58.040000915527344,58.77000045776367,45.48017501831055,814100,0.0,0.0
2013-10-17,58.65999984741211,59.11000061035156,58.4900016784668,59.11000061035156,45.74329376220703,636300,0.0,0.0
2013-10-18,59.4900016784668,59.70000076293945,58.7400016784668,59.5,46.04509353637695,493300,0.0,0.0
2013-10-21,59.70000076293945,60.310001373291016,59.439998626708984,59.61000061035156,46.130226135253906,504500,0.0,0.0
2013-10-22,59.65999984741211,61.09000015258789,59.470001220703125,61.08000183105469,47.26780319213867,767300,0.0,0.0
2013-10-23,60.86000061035156,61.06999969482422,60.349998474121094,60.959999084472656,47.17493438720703,740400,0.0,0.0
2013-10-24,60.849998474121094,61.13999938964844,59.93000030517578,60.060001373291016,46.478458404541016,582900,0.0,0.0
2013-10-25,60.060001373291016,60.220001220703125,59.279998779296875,59.61000061035156,46.130226135253906,467000,0.0,0.0
2013-10-28,59.70000076293945,59.75,58.83000183105469,59.400001525878906,45.96771240234375,1111400,0.0,0.0
2013-10-29,59.84000015258789,62.810001373291016,59.79999923706055,62.7599983215332,48.567901611328125,1395100,0.0,0.0
2013-10-30,62.68000030517578,62.68000030517578,61.79999923706055,62.13999938964844,48.088104248046875,792400,0.0,0.0
2013-10-31,62.0,62.310001373291016,61.34000015258789,61.959999084472656,47.94879150390625,726400,0.0,0.0
2013-11-01,62.0,62.16999816894531,61.279998779296875,61.720001220703125,47.763084411621094,483500,0.0,0.0
2013-11-04,61.90999984741211,62.13999938964844,61.59000015258789,62.11000061035156,48.064884185791016,528500,0.0,0.0
2013-11-05,61.900001525878906,62.27000045776367,61.40999984741211,62.16999816894531,48.11132049560547,840800,0.0,0.0
2013-11-06,62.31999969482422,63.209999084472656,62.2599983215332,62.7400016784668,48.55242919921875,815800,0.0,0.0
2013-11-07,62.93000030517578,63.0,62.31999969482422,62.45000076293945,48.327999114990234,734600,0.0,0.0
2013-11-08,62.4900016784668,63.65999984741211,62.47999954223633,63.619998931884766,49.233421325683594,750600,0.0,0.0
2013-11-11,63.61000061035156,63.61000061035156,62.91999816894531,63.560001373291016,49.18698501586914,457600,0.0,0.0
2013-11-12,63.5099983215332,63.5099983215332,63.0099983215332,63.34000015258789,49.01675796508789,583000,0.0,0.0
2013-11-13,63.060001373291016,63.86000061035156,62.91999816894531,63.86000061035156,49.41917419433594,431600,0.0,0.0
2013-11-14,63.84000015258789,64.41000366210938,63.560001373291016,64.3499984741211,49.79836654663086,451900,0.0,0.0
2013-11-15,64.1500015258789,64.80000305175781,64.0199966430664,64.41999816894531,49.85252380371094,729100,0.0,0.0
2013-11-18,64.62999725341797,65.0,64.05999755859375,64.19000244140625,49.67452621459961,491300,0.0,0.0
2013-11-19,63.77000045776367,63.939998626708984,63.400001525878906,63.630001068115234,49.56547927856445,527400,0.42,0.0
2013-11-20,63.70000076293945,64.08000183105469,63.47999954223633,63.59000015258789,49.5343132019043,325600,0.0,0.0
2013-11-21,64.01000213623047,64.87000274658203,63.75,64.76000213623047,50.445701599121094,685100,0.0,0.0
2013-11-22,64.6500015258789,65.87000274658203,64.37000274658203,65.48999786376953,51.01433563232422,828200,0.0,0.0
2013-11-25,65.29000091552734,65.33000183105469,64.23999786376953,64.44000244140625,50.19644546508789,500300,0.0,0.0
2013-11-26,64.37999725341797,64.8499984741211,64.26000213623047,64.51000213623047,50.250953674316406,460600,0.0,0.0
2013-11-27,64.80000305175781,64.94999694824219,64.0999984741211,64.80999755859375,50.48465347290039,372600,0.0,0.0
2013-11-29,64.75,64.95999908447266,64.37999725341797,64.51000213623047,50.250953674316406,204100,0.0,0.0
2013-12-02,64.62000274658203,64.7300033569336,63.93000030517578,64.04000091552734,49.884864807128906,550000,0.0,0.0
2013-12-03,64.05000305175781,64.63999938964844,63.650001525878906,64.20999908447266,50.017276763916016,573100,0.0,0.0
2013-12-04,64.06999969482422,64.9800033569336,63.869998931884766,64.72000122070312,50.41453170776367,669600,0.0,0.0
2013-12-05,64.55999755859375,64.86000061035156,64.12000274658203,64.80999755859375,50.48465347290039,612100,0.0,0.0
2013-12-06,65.0199966430664,66.87999725341797,65.0199966430664,66.41999816894531,51.73878860473633,945200,0.0,0.0
2013-12-09,66.37000274658203,67.37999725341797,65.94000244140625,66.62999725341797,51.90237045288086,1135600,0.0,0.0
2013-12-10,66.27999877929688,66.41000366210938,65.2699966430664,65.61000061035156,51.107826232910156,577400,0.0,0.0
2013-12-11,65.62999725341797,66.30000305175781,65.33000183105469,65.5199966430664,51.03771209716797,894600,0.0,0.0
2013-12-12,65.45999908447266,65.95999908447266,65.16999816894531,65.31999969482422,50.88192367553711,436300,0.0,0.0
2013-12-13,65.58999633789062,65.7699966430664,65.30000305175781,65.55000305175781,51.06108856201172,390100,0.0,0.0
2013-12-16,65.68000030517578,66.5199966430664,65.44000244140625,66.4000015258789,51.72321319580078,448600,0.0,0.0
2013-12-17,66.30999755859375,66.75,66.08000183105469,66.51000213623047,51.80887985229492,631300,0.0,0.0
2013-12-18,66.61000061035156,67.58000183105469,65.94999694824219,67.5199966430664,52.595638275146484,766900,0.0,0.0
2013-12-19,67.36000061035156,68.33999633789062,67.16000366210938,67.95999908447266,52.93837356567383,716500,0.0,0.0
2013-12-20,67.9000015258789,68.80999755859375,67.69000244140625,68.73999786376953,53.54597854614258,1042000,0.0,0.0
2013-12-23,69.13999938964844,69.45999908447266,68.73999786376953,69.06999969482422,53.80303192138672,641300,0.0,0.0
2013-12-24,69.22000122070312,69.47000122070312,68.7699966430664,68.97000122070312,53.725154876708984,264100,0.0,0.0
2013-12-26,68.91999816894531,69.81999969482422,68.81999969482422,69.66999816894531,54.270416259765625,422900,0.0,0.0
2013-12-27,70.7300033569336,70.7300033569336,69.80999755859375,70.16000366210938,54.65210723876953,304400,0.0,0.0
2013-12-30,70.20999908447266,70.52999877929688,69.5,69.79000091552734,54.363895416259766,353900,0.0,0.0
2013-12-31,70.0,70.44999694824219,69.52999877929688,69.80999755859375,54.37947082519531,322300,0.0,0.0
2014-01-02,69.62999725341797,69.6500015258789,68.08000183105469,68.4800033569336,53.343441009521484,601700,0.0,0.0
2014-01-03,68.61000061035156,69.5,68.4000015258789,69.30000305175781,53.98222351074219,502200,0.0,0.0
2014-01-06,69.12999725341797,69.75,68.69999694824219,68.80000305175781,53.59272003173828,690400,0.0,0.0
2014-01-07,68.75,69.38999938964844,67.6500015258789,69.01000213623047,53.75630187988281,1118500,0.0,0.0
2014-01-08,68.7300033569336,68.91000366210938,67.01000213623047,67.91000366210938,52.89944839477539,2199500,0.0,0.0
2014-01-09,68.26000213623047,68.58999633789062,67.80999755859375,68.37000274658203,53.257781982421875,717000,0.0,0.0
2014-01-10,68.63999938964844,68.9800033569336,68.38999938964844,68.95999908447266,53.71735763549805,433400,0.0,0.0
2014-01-13,68.62999725341797,69.27999877929688,67.83000183105469,67.94999694824219,52.930580139160156,509100,0.0,0.0
2014-01-14,67.80999755859375,69.30000305175781,67.80999755859375,69.29000091552734,53.97441864013672,470800,0.0,0.0
2014-01-15,69.25,70.13999938964844,69.05999755859375,70.04000091552734,54.55862808227539,507700,0.0,0.0
2014-01-16,69.76000213623047,70.69999694824219,69.44999694824219,70.58999633789062,54.987064361572266,1320300,0.0,0.0
2014-01-17,70.6500015258789,70.8499984741211,70.08000183105469,70.54000091552734,54.9481315612793,568200,0.0,0.0
2014-01-21,71.0,71.4000015258789,70.19999694824219,70.5,54.91695022583008,689100,0.0,0.0
2014-01-22,70.5,70.91000366210938,69.93000030517578,70.83999633789062,55.18180465698242,397100,0.0,0.0
2014-01-23,70.33999633789062,70.7300033569336,69.37000274658203,69.76000213623047,54.340511322021484,631000,0.0,0.0
2014-01-24,69.44000244140625,69.5999984741211,68.02999877929688,68.05999755859375,53.01628875732422,494800,0.0,0.0
2014-01-27,68.30999755859375,69.19999694824219,68.06999969482422,68.69999694824219,53.51482391357422,959500,0.0,0.0
2014-01-28,72.25,72.33000183105469,69.62000274658203,70.44000244140625,54.870216369628906,1097500,0.0,0.0
2014-01-29,70.16999816894531,70.79000091552734,69.91999816894531,70.4800033569336,54.9013557434082,992800,0.0,0.0
2014-01-30,69.0,69.91999816894531,68.72000122070312,69.7699966430664,54.348297119140625,898000,0.0,0.0
2014-01-31,69.02999877929688,69.87999725341797,68.88999938964844,69.33999633789062,54.01333999633789,980800,0.0,0.0
2014-02-03,69.33999633789062,69.33999633789062,67.01000213623047,67.23999786376953,52.37753677368164,1220100,0.0,0.0
2014-02-04,67.45999908447266,67.5999984741211,66.38999938964844,67.33000183105469,52.447654724121094,1023600,0.0,0.0
2014-02-05,67.16999816894531,68.18000030517578,66.33999633789062,67.97000122070312,52.94618606567383,904000,0.0,0.0
2014-02-06,68.05000305175781,68.94000244140625,68.04000091552734,68.91000366210938,53.67840576171875,377100,0.0,0.0
2014-02-07,69.08000183105469,70.9800033569336,68.86000061035156,70.91999816894531,55.244110107421875,864200,0.0,0.0
2014-02-10,70.69999694824219,71.11000061035156,70.51000213623047,71.06999969482422,55.3609619140625,737600,0.0,0.0
2014-02-11,70.79000091552734,71.5,70.62999725341797,71.30000305175781,55.54011917114258,715800,0.0,0.0
2014-02-12,71.55999755859375,72.2300033569336,71.1500015258789,71.56999969482422,55.750465393066406,581400,0.0,0.0
2014-02-13,71.26000213623047,71.73999786376953,70.80000305175781,71.69000244140625,55.84392166137695,570900,0.0,0.0
2014-02-14,71.69000244140625,72.12000274658203,71.6500015258789,72.0,56.08540344238281,531800,0.0,0.0
2014-02-18,72.0,74.22000122070312,72.0,73.95999908447266,57.61216735839844,1314100,0.0,0.0
2014-02-19,73.56999969482422,73.7699966430664,72.44000244140625,72.56999969482422,56.529396057128906,686900,0.0,0.0
2014-02-20,72.73999786376953,73.43000030517578,72.31999969482422,72.63999938964844,56.58392333984375,812700,0.0,0.0
2014-02-21,72.9000015258789,73.54000091552734,72.79000091552734,72.8499984741211,56.74753189086914,558100,0.0,0.0
2014-02-24,72.88999938964844,73.20999908447266,72.58000183105469,72.66999816894531,56.607322692871094,531600,0.0,0.0
2014-02-25,72.62999725341797,72.83000183105469,72.13999938964844,72.2699966430664,56.29572296142578,453300,0.0,0.0
2014-02-26,72.62999725341797,72.94999694824219,72.12000274658203,72.47000122070312,56.45151138305664,677300,0.0,0.0
2014-02-27,72.4800033569336,74.19000244140625,72.4800033569336,74.06999969482422,57.697853088378906,1277900,0.0,0.0
2014-02-28,74.05000305175781,74.2300033569336,73.27999877929688,73.81999969482422,57.50312423706055,615900,0.0,0.0
2014-03-03,73.02999877929688,73.80000305175781,72.61000061035156,73.79000091552734,57.47976303100586,481400,0.0,0.0
2014-03-04,74.70999908447266,75.30000305175781,74.33999633789062,74.69999694824219,58.1886100769043,531400,0.0,0.0
2014-03-05,74.75,75.06999969482422,74.30999755859375,74.55999755859375,58.07957077026367,334500,0.0,0.0
2014-03-06,74.69999694824219,75.08999633789062,74.48999786376953,74.80999755859375,58.27429962158203,703900,0.0,0.0
2014-03-07,74.5,75.13999938964844,74.37000274658203,74.72000122070312,58.53280258178711,477000,0.42,0.0
2014-03-10,74.51000213623047,75.19999694824219,74.0199966430664,75.02999877929688,58.77565383911133,525900,0.0,0.0
2014-03-11,75.02999877929688,75.33000183105469,74.41000366210938,74.62000274658203,58.45447540283203,475600,0.0,0.0
2014-03-12,73.9800033569336,74.26000213623047,73.61000061035156,74.13999938964844,58.07844924926758,742900,0.0,0.0
2014-03-13,74.37000274658203,74.66000366210938,73.01000213623047,73.23999786376953,57.37342834472656,760800,0.0,0.0
2014-03-14,73.05999755859375,73.58000183105469,72.51000213623047,72.55999755859375,56.84074020385742,690900,0.0,0.0
2014-03-17,72.27999877929688,73.81999969482422,72.19999694824219,73.58999633789062,57.64759826660156,515000,0.0,0.0
2014-03-18,73.56999969482422,74.23999786376953,73.31999969482422,73.91000366210938,57.898292541503906,329900,0.0,0.0
2014-03-19,73.87000274658203,74.9000015258789,73.54000091552734,74.05999755859375,58.01576614379883,472300,0.0,0.0
2014-03-20,73.93000030517578,74.48999786376953,73.63999938964844,74.30000305175781,58.20379638671875,495400,0.0,0.0
2014-03-21,75.11000061035156,75.19999694824219,73.45999908447266,73.55000305175781,57.61624526977539,1461800,0.0,0.0
2014-03-24,73.83999633789062,73.87000274658203,72.47000122070312,72.62999725341797,56.89557647705078,441600,0.0,0.0
2014-03-25,73.41999816894531,73.6500015258789,72.66999816894531,73.16999816894531,57.31855392456055,536300,0.0,0.0
2014-03-26,73.66000366210938,73.91999816894531,72.29000091552734,72.29000091552734,56.62922668457031,568900,0.0,0.0
2014-03-27,72.29000091552734,73.01000213623047,71.83999633789062,71.95999908447266,56.370723724365234,434400,0.0,0.0
2014-03-28,72.22000122070312,72.80000305175781,71.77999877929688,71.87999725341797,56.30803680419922,287900,0.0,0.0
2014-03-31,73.30000305175781,73.83000183105469,72.94000244140625,73.16000366210938,57.310760498046875,579000,0.0,0.0
2014-04-01,73.25,73.95999908447266,73.06999969482422,73.81999969482422,57.82776641845703,626300,0.0,0.0
2014-04-02,73.83000183105469,75.19999694824219,73.76000213623047,74.87000274658203,58.65031051635742,491700,0.0,0.0
2014-04-03,75.02999877929688,75.26000213623047,73.30000305175781,74.19000244140625,58.11764144897461,727000,0.0,0.0
2014-04-04,74.61000061035156,74.79000091552734,72.26000213623047,72.43000030517578,56.7389030456543,773000,0.0,0.0
2014-04-07,72.36000061035156,72.55000305175781,70.9000015258789,71.3499984741211,55.89288330078125,550800,0.0,0.0
2014-04-08,71.25,71.58000183105469,70.38999938964844,71.45999908447266,55.979034423828125,479900,0.0,0.0
2014-04-09,71.66999816894531,72.37999725341797,71.44999694824219,72.33999633789062,56.66838073730469,459400,0.0,0.0
2014-04-10,72.19999694824219,72.37999725341797,69.91000366210938,69.91000366210938,54.764835357666016,551500,0.0,0.0
2014-04-11,69.66999816894531,70.86000061035156,69.37000274658203,69.58000183105469,54.50632858276367,479600,0.0,0.0
2014-04-14,70.0,70.19999694824219,68.62999725341797,69.33999633789062,54.31830978393555,486700,0.0,0.0
2014-04-15,69.69000244140625,70.56999969482422,69.0199966430664,70.47000122070312,55.20351791381836,566000,0.0,0.0
2014-04-16,70.93000030517578,71.41999816894531,70.63999938964844,71.41000366210938,55.93988800048828,299000,0.0,0.0
2014-04-17,71.38999938964844,72.6500015258789,71.0199966430664,72.22000122070312,56.574398040771484,423800,0.0,0.0
2014-04-21,72.55000305175781,72.91999816894531,71.9000015258789,72.37000274658203,56.691932678222656,332500,0.0,0.0
2014-04-22,72.45999908447266,73.26000213623047,72.45999908447266,72.75,56.98957061767578,387900,0.0,0.0
2014-04-23,72.9000015258789,73.08000183105469,72.33999633789062,72.76000213623047,56.99740219116211,301400,0.0,0.0
2014-04-24,73.0199966430664,73.2699966430664,71.5999984741211,72.13999938964844,56.51173400878906,497900,0.0,0.0
2014-04-25,72.01000213623047,72.19000244140625,71.3499984741211,71.62000274658203,56.10441207885742,448300,0.0,0.0
2014-04-28,72.02999877929688,72.4800033569336,70.70999908447266,71.37999725341797,55.91637420654297,884800,0.0,0.0
2014-04-29,73.05999755859375,73.4800033569336,71.98999786376953,72.63999938964844,56.90340042114258,574800,0.0,0.0
2014-04-30,72.7699966430664,73.55999755859375,72.72000122070312,73.5199966430664,57.59276580810547,793200,0.0,0.0
2014-05-01,73.33999633789062,74.0999984741211,73.0199966430664,73.4800033569336,57.561439514160156,767400,0.0,0.0
2014-05-02,73.55000305175781,74.11000061035156,73.22000122070312,73.37000274658203,57.47527313232422,727000,0.0,0.0
2014-05-05,73.12999725341797,73.68000030517578,72.73999786376953,73.55000305175781,57.61624526977539,480900,0.0,0.0
2014-05-06,73.66999816894531,74.19000244140625,73.31999969482422,73.70999908447266,57.74160385131836,592600,0.0,0.0
2014-05-07,73.91000366210938,74.88999938964844,73.76000213623047,74.87000274658203,58.65031051635742,905900,0.0,0.0
2014-05-08,74.69999694824219,75.43000030517578,74.52999877929688,74.94000244140625,58.705142974853516,554900,0.0,0.0
2014-05-09,74.61000061035156,74.91999816894531,74.16999816894531,74.83999633789062,58.62679672241211,438100,0.0,0.0
2014-05-12,75.12999725341797,75.94999694824219,75.08000183105469,75.8499984741211,59.41800308227539,364300,0.0,0.0
2014-05-13,75.75,76.12999725341797,75.48999786376953,75.88999938964844,59.4493408203125,559400,0.0,0.0
2014-05-14,75.87999725341797,76.22000122070312,75.43000030517578,75.56999969482422,59.19866180419922,1402900,0.0,0.0
2014-05-15,75.16999816894531,75.37000274658203,74.31999969482422,74.88999938964844,58.66596984863281,554900,0.0,0.0
2014-05-16,74.77999877929688,75.27999877929688,74.41000366210938,75.23999786376953,58.94015121459961,562500,0.0,0.0
2014-05-19,74.91000366210938,75.52999877929688,74.7699966430664,75.41000366210938,59.073326110839844,288700,0.0,0.0
2014-05-20,75.19999694824219,75.5199966430664,75.02999877929688,75.23999786376953,58.94015121459961,606700,0.0,0.0
2014-05-21,75.44999694824219,76.05999755859375,75.43000030517578,75.72000122070312,59.316162109375,338700,0.0,0.0
2014-05-22,76.0,76.16000366210938,75.7300033569336,76.02999877929688,59.558998107910156,254300,0.0,0.0
2014-05-23,76.01000213623047,76.80999755859375,75.91000366210938,76.75,60.123016357421875,413600,0.0,0.0
2014-05-27,79.30000305175781,79.31999969482422,77.01000213623047,77.44000244140625,60.66352844238281,505400,0.0,0.0
2014-05-28,77.08999633789062,77.3499984741211,76.5999984741211,76.95999908447266,60.616275787353516,518000,0.42,0.0
2014-05-29,77.27999877929688,77.58999633789062,76.68000030517578,77.0,60.64778137207031,373700,0.0,0.0
2014-05-30,77.11000061035156,77.41999816894531,76.91999816894531,77.25,60.8447151184082,520400,0.0,0.0
2014-06-02,77.25,77.48999786376953,76.7300033569336,77.18000030517578,60.7895393371582,540700,0.0,0.0
2014-06-03,76.81999969482422,77.13999938964844,74.94999694824219,75.55999755859375,59.513614654541016,1754700,0.0,0.0
2014-06-04,76.44999694824219,76.44999694824219,75.51000213623047,75.7300033569336,59.64749526977539,854500,0.0,0.0
2014-06-05,76.1500015258789,76.62999725341797,75.36000061035156,76.48999786376953,60.246097564697266,485000,0.0,0.0
2014-06-06,76.58999633789062,77.5199966430664,76.58999633789062,77.3499984741211,60.9234504699707,459700,0.0,0.0
2014-06-09,77.16999816894531,77.9000015258789,77.11000061035156,77.55000305175781,61.08097839355469,576100,0.0,0.0
2014-06-10,77.11000061035156,77.6500015258789,77.11000061035156,77.45999908447266,61.01010513305664,304600,0.0,0.0
2014-06-11,77.12999725341797,77.7699966430664,77.12999725341797,77.37999725341797,60.947078704833984,370800,0.0,0.0
2014-06-12,77.1500015258789,77.1500015258789,76.04000091552734,76.26000213623047,60.06494903564453,319200,0.0,0.0
2014-06-13,76.69000244140625,76.7699966430664,75.75,75.98999786376953,59.85227584838867,388600,0.0,0.0
2014-06-16,75.79000091552734,76.55999755859375,75.66999816894531,75.75,59.66325759887695,310600,0.0,0.0
2014-06-17,75.75,76.16999816894531,75.3499984741211,75.69999694824219,59.62385177612305,440000,0.0,0.0
2014-06-18,75.80999755859375,75.87000274658203,75.05000305175781,75.58000183105469,59.52935791015625,515100,0.0,0.0
2014-06-19,75.9000015258789,76.2300033569336,75.08000183105469,75.5,59.46634292602539,543300,0.0,0.0
2014-06-20,75.80000305175781,76.12999725341797,75.62999725341797,75.77999877929688,59.686859130859375,677600,0.0,0.0
2014-06-23,75.69999694824219,76.0,75.43000030517578,75.61000061035156,59.55296325683594,323700,0.0,0.0
2014-06-24,75.58000183105469,75.95999908447266,75.02999877929688,75.04000091552734,59.104042053222656,483200,0.0,0.0
2014-06-25,74.9000015258789,75.4800033569336,74.55000305175781,75.0199966430664,59.08826446533203,344800,0.0,0.0
2014-06-26,74.9000015258789,75.62999725341797,74.5999984741211,75.51000213623047,59.4742317199707,303500,0.0,0.0
2014-06-27,75.55000305175781,76.05999755859375,75.30000305175781,75.9800033569336,59.844398498535156,477300,0.0,0.0
2014-06-30,75.81999969482422,76.19999694824219,75.58999633789062,75.75,59.66325759887695,369500,0.0,0.0
2014-07-01,76.0,76.5,75.80000305175781,76.0,59.860145568847656,598200,0.0,0.0
2014-07-02,75.75,75.98999786376953,75.4800033569336,75.62999725341797,59.5687141418457,428800,0.0,0.0
2014-07-03,75.72000122070312,76.33999633789062,75.66999816894531,76.18000030517578,60.0019416809082,277600,0.0,0.0
2014-07-07,75.80999755859375,76.19000244140625,73.63999938964844,73.70999908447266,58.056488037109375,1024700,0.0,0.0
2014-07-08,73.75,73.88999938964844,73.22000122070312,73.4000015258789,57.812320709228516,1023200,0.0,0.0
2014-07-09,73.47000122070312,73.80999755859375,73.11000061035156,73.3499984741211,57.77294158935547,657000,0.0,0.0
2014-07-10,71.5199966430664,73.62999725341797,71.16999816894531,73.2300033569336,57.678401947021484,651400,0.0,0.0
2014-07-11,73.41000366210938,73.69999694824219,72.6500015258789,73.04000091552734,57.52875518798828,519100,0.0,0.0
2014-07-14,73.7699966430664,73.83000183105469,73.0999984741211,73.12999725341797,57.599639892578125,370700,0.0,0.0
2014-07-15,73.12999725341797,73.73999786376953,72.7699966430664,73.16000366210938,57.62329864501953,561700,0.0,0.0
2014-07-16,73.6500015258789,73.69000244140625,73.0999984741211,73.52999877929688,57.914710998535156,399300,0.0,0.0
2014-07-17,73.29000091552734,73.94000244140625,72.86000061035156,72.88999938964844,57.410614013671875,472900,0.0,0.0
2014-07-18,73.02999877929688,73.8499984741211,72.87000274658203,73.7300033569336,58.072235107421875,375500,0.0,0.0
2014-07-21,73.18000030517578,74.11000061035156,73.02999877929688,73.76000213623047,58.095882415771484,436000,0.0,0.0
2014-07-22,74.20999908447266,74.4000015258789,73.18000030517578,73.41000366210938,57.82019805908203,598200,0.0,0.0
2014-07-23,73.66999816894531,73.7699966430664,72.81999969482422,73.0999984741211,57.576019287109375,469600,0.0,0.0
2014-07-24,73.37000274658203,73.5199966430664,73.04000091552734,73.36000061035156,57.78080749511719,376700,0.0,0.0
2014-07-25,73.16000366210938,73.62999725341797,72.55000305175781,72.69000244140625,57.253108978271484,469500,0.0,0.0
2014-07-28,72.83999633789062,73.0,72.01000213623047,72.37000274658203,57.00103759765625,945300,0.0,0.0
2014-07-29,72.29000091552734,72.29000091552734,68.0,68.1500015258789,53.67723083496094,2305500,0.0,0.0
2014-07-30,67.19999694824219,69.94000244140625,66.8499984741211,69.44999694824219,54.70116424560547,1508500,0.0,0.0
2014-07-31,68.83999633789062,69.4000015258789,68.01000213623047,68.2699966430664,53.77175521850586,874800,0.0,0.0
2014-08-01,68.05000305175781,68.87999725341797,67.93000030517578,68.44000244140625,53.90564727783203,659600,0.0,0.0
2014-08-04,68.47000122070312,69.2699966430664,68.37000274658203,69.08000183105469,54.40973663330078,675200,0.0,0.0
2014-08-05,68.66000366210938,69.63999938964844,68.44999694824219,69.08999633789062,54.41761016845703,688300,0.0,0.0
2014-08-06,68.87999725341797,69.33999633789062,68.62000274658203,68.9800033569336,54.33097457885742,544100,0.0,0.0
2014-08-07,69.2300033569336,69.7699966430664,68.0999984741211,68.22000122070312,53.73237609863281,502700,0.0,0.0
2014-08-08,68.58000183105469,69.23999786376953,68.2300033569336,69.13999938964844,54.45697784423828,437500,0.0,0.0
2014-08-11,69.13999938964844,69.51000213623047,68.6500015258789,68.70999908447266,54.1182975769043,363300,0.0,0.0
2014-08-12,68.69000244140625,68.91999816894531,68.33000183105469,68.7300033569336,54.13405990600586,643400,0.0,0.0
2014-08-13,69.0,69.55999755859375,68.76000213623047,69.47000122070312,54.71689224243164,500100,0.0,0.0
2014-08-14,69.37000274658203,69.47000122070312,68.7699966430664,68.98999786376953,54.33884048461914,685300,0.0,0.0
2014-08-15,69.08000183105469,69.2300033569336,68.23999786376953,69.0199966430664,54.36247634887695,522100,0.0,0.0
2014-08-18,69.45999908447266,69.66000366210938,69.05999755859375,69.62999725341797,54.84291458129883,371500,0.0,0.0
2014-08-19,70.01000213623047,70.27999877929688,69.66000366210938,70.12000274658203,55.22888946533203,435600,0.0,0.0
2014-08-20,69.83999633789062,70.5999984741211,69.72000122070312,70.44999694824219,55.48880386352539,483100,0.0,0.0
2014-08-21,70.30000305175781,71.0999984741211,70.11000061035156,71.05000305175781,55.96137237548828,344900,0.0,0.0
2014-08-22,70.98999786376953,71.37000274658203,70.66999816894531,71.0199966430664,55.93772506713867,426300,0.0,0.0
2014-08-25,71.16999816894531,71.68000030517578,70.80999755859375,70.83000183105469,55.78810501098633,311000,0.0,0.0
2014-08-26,70.83000183105469,71.37000274658203,70.76000213623047,71.12999725341797,56.02438735961914,358700,0.0,0.0
2014-08-27,71.12999725341797,71.9000015258789,70.63999938964844,70.7300033569336,55.7093505859375,456400,0.0,0.0
2014-08-28,70.62999725341797,71.11000061035156,70.3499984741211,70.91999816894531,55.85897445678711,432900,0.0,0.0
2014-08-29,70.97000122070312,71.4800033569336,70.80000305175781,71.38999938964844,56.229164123535156,377300,0.0,0.0
2014-09-02,71.26000213623047,71.4000015258789,70.62999725341797,71.0,55.921993255615234,440100,0.0,0.0
2014-09-03,71.0,71.30999755859375,70.79000091552734,71.02999877929688,55.94560623168945,685000,0.0,0.0
2014-09-04,71.16999816894531,71.58000183105469,70.1500015258789,70.22000122070312,55.30764389038086,674500,0.0,0.0
2014-09-05,69.69999694824219,70.7300033569336,69.47000122070312,70.69000244140625,56.053001403808594,505400,0.47,0.0
2014-09-08,70.66000366210938,71.08999633789062,70.13999938964844,70.55000305175781,55.941993713378906,331100,0.0,0.0
2014-09-09,70.55999755859375,70.73999786376953,69.62000274658203,69.73999786376953,55.29971694946289,405900,0.0,0.0
2014-09-10,69.86000061035156,70.37999725341797,69.6500015258789,69.83999633789062,55.378990173339844,540200,0.0,0.0
2014-09-11,69.66999816894531,70.61000061035156,69.33999633789062,70.44000244140625,55.85476303100586,394400,0.0,0.0
2014-09-12,70.4000015258789,70.44999694824219,69.30999755859375,69.7699966430664,55.323482513427734,620700,0.0,0.0
2014-09-15,69.93000030517578,70.02999877929688,68.87999725341797,68.94999694824219,54.67326354980469,441300,0.0,0.0
2014-09-16,69.38999938964844,69.80999755859375,69.13999938964844,69.68000030517578,55.25212478637695,304300,0.0,0.0
2014-09-17,69.6500015258789,70.05000305175781,69.47000122070312,69.73999786376953,55.29971694946289,351400,0.0,0.0
2014-09-18,69.83999633789062,70.5,69.83999633789062,70.25,55.704124450683594,246700,0.0,0.0
2014-09-19,70.75,70.83999633789062,69.54000091552734,69.87000274658203,55.40279006958008,927500,0.0,0.0
2014-09-22,69.66000366210938,69.66000366210938,68.25,68.30000305175781,54.15787124633789,534200,0.0,0.0
2014-09-23,68.02999877929688,68.5,67.79000091552734,67.87999725341797,53.824832916259766,459800,0.0,0.0
2014-09-24,67.9000015258789,68.37999725341797,67.7300033569336,68.23999786376953,54.110294342041016,314700,0.0,0.0
2014-09-25,68.0199966430664,68.11000061035156,67.2699966430664,67.27999877929688,53.349063873291016,428600,0.0,0.0
2014-09-26,67.37999725341797,67.76000213623047,67.08999633789062,67.72000122070312,53.697959899902344,373000,0.0,0.0
2014-09-29,67.05999755859375,67.44999694824219,66.91999816894531,67.16000366210938,53.25392532348633,450900,0.0,0.0
2014-09-30,67.33000183105469,67.36000061035156,66.4000015258789,66.4000015258789,52.651283264160156,548400,0.0,0.0
2014-10-01,66.33999633789062,66.70999908447266,66.04000091552734,66.4000015258789,52.651283264160156,834300,0.0,0.0
2014-10-02,66.5199966430664,66.88999938964844,64.93000030517578,66.05999755859375,52.38167953491211,561100,0.0,0.0
2014-10-03,66.27999877929688,66.43000030517578,65.41000366210938,65.55999755859375,51.98520278930664,692000,0.0,0.0
2014-10-06,65.98999786376953,66.20999908447266,65.51000213623047,65.80999755859375,52.18343734741211,603900,0.0,0.0
2014-10-07,65.55999755859375,66.1500015258789,64.5999984741211,64.69999694824219,51.30328369140625,942800,0.0,0.0
2014-10-08,64.5999984741211,65.5199966430664,63.470001220703125,65.44000244140625,51.890071868896484,636100,0.0,0.0
2014-10-09,65.2300033569336,65.48999786376953,63.58000183105469,63.61000061035156,50.4389762878418,423900,0.0,0.0
2014-10-10,63.310001373291016,63.41999816894531,61.869998931884766,61.900001525878906,49.083045959472656,787800,0.0,0.0
2014-10-13,62.029998779296875,62.83000183105469,61.5,61.52000045776367,48.78172302246094,588000,0.0,0.0
2014-10-14,61.72999954223633,62.56999969482422,61.529998779296875,61.81999969482422,49.01960754394531,476800,0.0,0.0
2014-10-15,61.04999923706055,62.95000076293945,60.779998779296875,62.779998779296875,49.78083801269531,858200,0.0,0.0
2014-10-16,61.70000076293945,63.36000061035156,61.70000076293945,62.9900016784668,49.94736099243164,551800,0.0,0.0
2014-10-17,63.619998931884766,64.5199966430664,63.380001068115234,64.2300033569336,50.93059539794922,698500,0.0,0.0
2014-10-20,64.0999984741211,64.94000244140625,63.97999954223633,64.73999786376953,51.334983825683594,624200,0.0,0.0
2014-10-21,65.2699966430664,66.68000030517578,65.2699966430664,66.61000061035156,52.81781005859375,503300,0.0,0.0
2014-10-22,66.80999755859375,67.25,65.98999786376953,66.01000213623047,52.34203338623047,760600,0.0,0.0
2014-10-23,66.87999725341797,67.22000122070312,66.38999938964844,66.7699966430664,52.94466781616211,320700,0.0,0.0
2014-10-24,66.68000030517578,67.37000274658203,66.27999877929688,67.33000183105469,53.38871383666992,318900,0.0,0.0
2014-10-27,67.41999816894531,68.05000305175781,66.5199966430664,67.98999786376953,53.91206359863281,807700,0.0,0.0
2014-10-28,68.4000015258789,68.98999786376953,67.63999938964844,68.3499984741211,54.1975212097168,762400,0.0,0.0
2014-10-29,68.58000183105469,68.94999694824219,67.86000061035156,68.55999755859375,54.36404800415039,698900,0.0,0.0
2014-10-30,68.06999969482422,69.25,67.6500015258789,68.9800033569336,54.69707489013672,645100,0.0,0.0
2014-10-31,69.9000015258789,70.05000305175781,69.4000015258789,69.5999984741211,55.1887092590332,660800,0.0,0.0
2014-11-03,69.69999694824219,70.1500015258789,69.55000305175781,70.11000061035156,55.59311294555664,550700,0.0,0.0
2014-11-04,70.02999877929688,70.7699966430664,69.93000030517578,70.47000122070312,55.87855529785156,547000,0.0,0.0
2014-11-05,70.76000213623047,70.9000015258789,70.1500015258789,70.72000122070312,56.0767936706543,466900,0.0,0.0
2014-11-06,70.9000015258789,71.04000091552734,70.5199966430664,70.66000366210938,56.029205322265625,528200,0.0,0.0
2014-11-07,70.51000213623047,71.08000183105469,70.31999969482422,70.80000305175781,56.14021682739258,505000,0.0,0.0
2014-11-10,70.5999984741211,71.43000030517578,70.31999969482422,71.16000366210938,56.425682067871094,551500,0.0,0.0
2014-11-11,71.05000305175781,71.91999816894531,71.05000305175781,71.33000183105469,56.56049346923828,488000,0.0,0.0
2014-11-12,70.93000030517578,71.37000274658203,70.69000244140625,71.04000091552734,56.33052444458008,448600,0.0,0.0
2014-11-13,71.29000091552734,71.52999877929688,70.31999969482422,70.51000213623047,55.9102783203125,442400,0.0,0.0
2014-11-14,70.61000061035156,70.7300033569336,70.22000122070312,70.62000274658203,55.99748229980469,356300,0.0,0.0
2014-11-17,70.2699966430664,70.51000213623047,69.76000213623047,70.37999725341797,55.807193756103516,512000,0.0,0.0
2014-11-18,69.91000366210938,71.33999633789062,69.88999938964844,70.81999969482422,56.533607482910156,660600,0.47,0.0
2014-11-19,70.81999969482422,71.01000213623047,70.23999786376953,70.87999725341797,56.581504821777344,393600,0.0,0.0
2014-11-20,70.6500015258789,71.77999877929688,70.58000183105469,71.48999786376953,57.06844711303711,484000,0.0,0.0
2014-11-21,71.97000122070312,72.05999755859375,71.70999908447266,71.94999694824219,57.43567657470703,550000,0.0,0.0
2014-11-24,71.79000091552734,72.0,70.44999694824219,71.05000305175781,56.71721649169922,887100,0.0,0.0
2014-11-25,70.9800033569336,72.12999725341797,70.94000244140625,71.8499984741211,57.35584259033203,583700,0.0,0.0
2014-11-26,71.7300033569336,71.97000122070312,71.43000030517578,71.56999969482422,57.1323356628418,368900,0.0,0.0
2014-11-28,71.81999969482422,72.0,71.47000122070312,71.66999816894531,57.212154388427734,306400,0.0,0.0
2014-12-01,71.5999984741211,72.11000061035156,71.0,71.72000122070312,57.25204849243164,492700,0.0,0.0
2014-12-02,71.48999786376953,71.61000061035156,70.20999908447266,70.56999969482422,56.33405303955078,791900,0.0,0.0
2014-12-03,70.43000030517578,71.08999633789062,68.44000244140625,70.36000061035156,56.16640090942383,3529000,0.0,0.0
2014-12-04,70.58999633789062,70.94999694824219,70.08000183105469,70.7300033569336,56.461795806884766,1488300,0.0,0.0
2014-12-05,70.93000030517578,71.41999816894531,70.77999877929688,71.30000305175781,56.916786193847656,804000,0.0,0.0
2014-12-08,71.37999725341797,72.19000244140625,70.98999786376953,71.26000213623047,56.884864807128906,953000,0.0,0.0
2014-12-09,70.36000061035156,70.91000366210938,70.16000366210938,70.87000274658203,56.57352828979492,897700,0.0,0.0
2014-12-10,70.8499984741211,71.23999786376953,69.63999938964844,69.66999816894531,55.6156120300293,814700,0.0,0.0
2014-12-11,69.83000183105469,71.41000366210938,69.83000183105469,70.61000061035156,56.3659782409668,561800,0.0,0.0
2014-12-12,70.22000122070312,70.37999725341797,69.11000061035156,69.12000274658203,55.17655563354492,454700,0.0,0.0
2014-12-15,69.69000244140625,69.79000091552734,68.41000366210938,68.76000213623047,54.88919448852539,513000,0.0,0.0
2014-12-16,68.63999938964844,70.05000305175781,68.30999755859375,68.33000183105469,54.545921325683594,653900,0.0,0.0
2014-12-17,68.70999908447266,70.01000213623047,68.37999725341797,69.94999694824219,55.83910369873047,562600,0.0,0.0
2014-12-18,70.72000122070312,71.52999877929688,70.6500015258789,71.48999786376953,57.06844711303711,748100,0.0,0.0
2014-12-19,72.05000305175781,72.94999694824219,70.5999984741211,72.8499984741211,58.15411376953125,993300,0.0,0.0
2014-12-22,73.12999725341797,73.9800033569336,72.73999786376953,73.69000244140625,58.82465744018555,476300,0.0,0.0
2014-12-23,73.5,74.2699966430664,73.44999694824219,73.56999969482422,58.72886657714844,351100,0.0,0.0
2014-12-24,73.77999877929688,73.93000030517578,73.47000122070312,73.58999633789062,58.74481964111328,122700,0.0,0.0
2014-12-26,73.8499984741211,73.94000244140625,73.54000091552734,73.77999877929688,58.89649963378906,147500,0.0,0.0
2014-12-29,73.69999694824219,73.81999969482422,73.23999786376953,73.33000183105469,58.53727340698242,214100,0.0,0.0
2014-12-30,73.04000091552734,73.19999694824219,72.37000274658203,72.79000091552734,58.106204986572266,459700,0.0,0.0
2014-12-31,72.80000305175781,72.97000122070312,71.7300033569336,71.81999969482422,57.331886291503906,369800,0.0,0.0
2015-01-02,72.3499984741211,72.56999969482422,71.05000305175781,71.62000274658203,57.17226028442383,407500,0.0,0.0
2015-01-05,71.0199966430664,71.08999633789062,69.5199966430664,69.69000244140625,55.63157272338867,664800,0.0,0.0
2015-01-06,69.69000244140625,69.9800033569336,68.25,68.29000091552734,54.513999938964844,1021300,0.0,0.0
2015-01-07,68.55000305175781,68.83999633789062,67.86000061035156,68.47000122070312,54.657676696777344,724800,0.0,0.0
2015-01-08,69.12000274658203,70.55999755859375,69.11000061035156,70.04000091552734,55.910972595214844,641800,0.0,0.0
2015-01-09,70.08999633789062,70.29000091552734,69.5,69.94000244140625,55.831146240234375,354600,0.0,0.0
2015-01-12,69.8499984741211,69.8499984741211,68.5999984741211,68.87999725341797,54.9849853515625,315900,0.0,0.0
2015-01-13,69.36000061035156,69.91000366210938,67.79000091552734,68.43000030517578,54.625728607177734,464100,0.0,0.0
2015-01-14,67.94999694824219,68.47000122070312,67.37999725341797,68.41999816894531,54.61776351928711,475800,0.0,0.0
2015-01-15,68.91000366210938,69.12999725341797,67.25,67.30999755859375,53.73167419433594,655900,0.0,0.0
2015-01-16,67.06999969482422,67.72000122070312,66.56999969482422,67.63999938964844,53.995113372802734,624500,0.0,0.0
2015-01-20,67.81999969482422,68.1500015258789,67.16000366210938,67.62999725341797,53.98713684082031,451500,0.0,0.0
2015-01-21,67.5999984741211,68.41999816894531,67.37999725341797,68.22000122070312,54.45811462402344,584100,0.0,0.0
2015-01-22,68.54000091552734,69.33000183105469,68.12000274658203,69.08999633789062,55.152610778808594,483700,0.0,0.0
2015-01-23,69.26000213623047,69.98999786376953,68.98999786376953,69.69999694824219,55.63954544067383,772200,0.0,0.0
2015-01-26,69.55999755859375,69.86000061035156,68.95999908447266,69.79000091552734,55.711402893066406,414300,0.0,0.0
2015-01-27,69.12999725341797,69.75,68.83000183105469,69.37999725341797,55.38410949707031,638900,0.0,0.0
2015-01-28,70.0,70.27999877929688,68.19000244140625,68.25,54.482051849365234,481900,0.0,0.0
2015-01-29,68.11000061035156,68.19999694824219,67.05999755859375,67.94999694824219,54.2425651550293,819800,0.0,0.0
2015-01-30,67.44999694824219,68.0999984741211,66.97000122070312,67.12999725341797,53.587982177734375,922100,0.0,0.0
2015-02-02,67.54000091552734,68.11000061035156,66.1500015258789,68.05999755859375,54.330387115478516,691700,0.0,0.0
2015-02-03,68.19000244140625,69.19999694824219,68.19000244140625,69.16999816894531,55.216468811035156,512500,0.0,0.0
2015-02-04,68.80000305175781,69.54000091552734,68.48999786376953,68.68000030517578,54.82532501220703,919300,0.0,0.0
2015-02-05,69.06999969482422,69.72000122070312,68.8499984741211,69.48999786376953,55.4719123840332,632600,0.0,0.0
2015-02-06,76.30000305175781,78.4800033569336,74.05000305175781,76.18000030517578,60.812355041503906,7253400,0.0,0.0
2015-02-09,76.05000305175781,77.47000122070312,75.55999755859375,75.63999938964844,60.38128662109375,3146200,0.0,0.0
2015-02-10,75.95999908447266,76.3499984741211,74.58999633789062,76.05999755859375,60.71656799316406,1663100,0.0,0.0
2015-02-11,75.87999725341797,76.76000213623047,75.58000183105469,76.58000183105469,61.13166427612305,1276300,0.0,0.0
2015-02-12,76.69999694824219,77.98999786376953,76.69999694824219,77.30999755859375,61.71440124511719,1074900,0.0,0.0
2015-02-13,77.4000015258789,77.98999786376953,76.86000061035156,77.7300033569336,62.04967498779297,1109900,0.0,0.0
2015-02-17,77.73999786376953,78.20999908447266,77.0199966430664,78.12000274658203,62.360992431640625,997100,0.0,0.0
2015-02-18,78.01000213623047,78.79000091552734,77.75,78.45999908447266,62.63243865966797,766400,0.0,0.0
2015-02-19,78.16999816894531,78.91000366210938,77.97000122070312,78.72000122070312,62.8399772644043,609700,0.0,0.0
2015-02-20,78.68000030517578,78.68000030517578,77.72000122070312,78.33999633789062,62.53663635253906,825500,0.0,0.0
2015-02-23,78.37000274658203,78.37000274658203,77.19999694824219,78.05000305175781,62.305110931396484,879300,0.0,0.0
2015-02-24,77.87999725341797,78.70999908447266,77.69000244140625,78.55000305175781,62.704254150390625,643600,0.0,0.0
2015-02-25,78.25,78.83000183105469,77.7300033569336,78.19000244140625,62.41688537597656,443700,0.0,0.0
2015-02-26,78.12999725341797,78.12999725341797,77.5999984741211,77.73999786376953,62.057674407958984,871300,0.0,0.0
2015-02-27,77.79000091552734,78.05999755859375,77.27999877929688,77.68000030517578,62.009761810302734,613600,0.0,0.0
2015-03-02,77.68000030517578,78.80000305175781,77.45999908447266,78.7699966430664,62.87985610961914,837700,0.0,0.0
2015-03-03,78.48999786376953,78.51000213623047,77.27999877929688,77.44000244140625,61.818172454833984,878900,0.0,0.0
2015-03-04,77.2300033569336,77.31999969482422,76.20999908447266,76.73999786376953,61.25936508178711,975400,0.0,0.0
2015-03-05,77.02999877929688,77.04000091552734,76.2300033569336,76.44000244140625,61.01990509033203,691100,0.0,0.0
2015-03-06,76.30000305175781,76.72000122070312,75.0199966430664,75.19999694824219,60.401424407958984,765500,0.47,0.0
2015-03-09,75.37000274658203,75.55999755859375,74.8499984741211,75.08000183105469,60.305049896240234,665300,0.0,0.0
2015-03-10,74.0199966430664,74.33999633789062,72.83000183105469,72.87000274658203,58.52994918823242,1633100,0.0,0.0
2015-03-11,72.87000274658203,73.11000061035156,72.19999694824219,72.5,58.23275375366211,1195000,0.0,0.0
2015-03-12,72.45999908447266,72.97000122070312,72.0,72.5,58.23275375366211,852800,0.0,0.0
2015-03-13,72.25,72.3499984741211,71.5,71.88999938964844,57.742801666259766,961700,0.0,0.0
2015-03-16,72.26000213623047,72.75,72.12999725341797,72.7300033569336,58.417503356933594,837800,0.0,0.0
2015-03-17,72.23999786376953,72.44999694824219,72.04000091552734,72.0999984741211,57.91147232055664,830900,0.0,0.0
2015-03-18,71.97000122070312,72.55999755859375,71.13999938964844,72.33000183105469,58.09621810913086,1309500,0.0,0.0
2015-03-19,72.16000366210938,72.77999877929688,71.86000061035156,72.18000030517578,57.97573471069336,1008700,0.0,0.0
2015-03-20,72.19000244140625,73.12000274658203,71.63999938964844,72.75,58.43356704711914,1676700,0.0,0.0
2015-03-23,72.87999725341797,73.94999694824219,72.80999755859375,72.88999938964844,58.54600524902344,1153100,0.0,0.0
2015-03-24,72.73999786376953,72.97000122070312,71.66000366210938,71.87000274658203,57.72675323486328,1436900,0.0,0.0
2015-03-25,71.91000366210938,72.11000061035156,70.61000061035156,70.63999938964844,56.73878860473633,1054200,0.0,0.0
2015-03-26,70.44999694824219,73.31999969482422,69.83999633789062,73.27999877929688,58.859275817871094,2865100,0.0,0.0
2015-03-27,73.22000122070312,77.0999984741211,73.08999633789062,76.75,61.646419525146484,4094500,0.0,0.0
2015-03-30,77.08000183105469,78.20999908447266,76.66999816894531,77.62999725341797,62.353233337402344,2286900,0.0,0.0
2015-03-31,78.11000061035156,79.3499984741211,77.77999877929688,78.76000213623047,63.26087951660156,2668300,0.0,0.0
2015-04-01,78.5,78.5999984741211,77.7699966430664,78.58999633789062,63.12433624267578,1580000,0.0,0.0
2015-04-02,78.5,79.5199966430664,78.37000274658203,78.69999694824219,63.21266174316406,1580200,0.0,0.0
2015-04-06,79.0199966430664,81.43000030517578,78.3499984741211,80.70999908447266,64.8271255493164,1710900,0.0,0.0
2015-04-07,80.08999633789062,80.58000183105469,79.27999877929688,79.77999877929688,64.08011627197266,1235500,0.0,0.0
2015-04-08,79.66000366210938,80.4800033569336,79.4000015258789,80.12999725341797,64.36126708984375,979700,0.0,0.0
2015-04-09,79.93000030517578,80.75,79.54000091552734,80.68000030517578,64.80298614501953,710300,0.0,0.0
2015-04-10,80.54000091552734,81.11000061035156,80.20999908447266,81.0,65.06005096435547,673500,0.0,0.0
2015-04-13,81.12999725341797,81.88999938964844,80.33000183105469,80.3499984741211,64.53797149658203,760400,0.0,0.0
2015-04-14,80.30999755859375,80.91999816894531,80.13999938964844,80.5,64.6584701538086,723300,0.0,0.0
2015-04-15,80.58999633789062,81.3499984741211,80.4800033569336,81.11000061035156,65.1484146118164,904400,0.0,0.0
2015-04-16,80.98999786376953,81.0999984741211,80.08999633789062,80.3499984741211,64.53797149658203,720700,0.0,0.0
2015-04-17,79.77999877929688,79.77999877929688,78.16999816894531,78.55000305175781,63.09219741821289,1325400,0.0,0.0
2015-04-20,79.30000305175781,80.13999938964844,79.13999938964844,79.30000305175781,63.69459915161133,790000,0.0,0.0
2015-04-21,79.55999755859375,82.12000274658203,79.1500015258789,81.93000030517578,65.80702209472656,2230100,0.0,0.0
2015-04-22,82.7300033569336,82.79000091552734,81.69000244140625,82.45999908447266,66.23274993896484,1426600,0.0,0.0
2015-04-23,81.87999725341797,82.23999786376953,81.12000274658203,82.0,65.8632583618164,792300,0.0,0.0
2015-04-24,82.12000274658203,82.12000274658203,80.68000030517578,81.0999984741211,65.14036560058594,967800,0.0,0.0
2015-04-27,81.13999938964844,81.83999633789062,80.5,80.73999786376953,64.85121154785156,878400,0.0,0.0
2015-04-28,80.87000274658203,81.16999816894531,80.22000122070312,81.08999633789062,65.13236236572266,739100,0.0,0.0
2015-04-29,80.69000244140625,80.9000015258789,78.76000213623047,79.26000213623047,63.6624755859375,905500,0.0,0.0
2015-04-30,79.08999633789062,80.79000091552734,78.75,80.23999786376953,64.44961547851562,1359300,0.0,0.0
2015-05-01,80.7699966430664,81.43000030517578,80.16000366210938,80.44999694824219,64.61829376220703,838400,0.0,0.0
2015-05-04,80.66999816894531,80.97000122070312,80.30000305175781,80.47000122070312,64.63435363769531,695000,0.0,0.0
2015-05-05,80.31999969482422,81.41999816894531,78.58999633789062,79.2699966430664,63.67051315307617,1035100,0.0,0.0
2015-05-06,79.18000030517578,80.05999755859375,78.27999877929688,78.5,63.052040100097656,746700,0.0,0.0
2015-05-07,78.4000015258789,79.11000061035156,77.58000183105469,78.19999694824219,62.81107711791992,1184800,0.0,0.0
2015-05-08,78.52999877929688,79.16999816894531,78.41000366210938,78.87000274658203,63.34921646118164,1131800,0.0,0.0
2015-05-11,79.04000091552734,79.05000305175781,77.97000122070312,78.26000213623047,62.85926818847656,747000,0.0,0.0
2015-05-12,77.93000030517578,78.19999694824219,77.16999816894531,77.7699966430664,62.46567916870117,699900,0.0,0.0
2015-05-13,77.80999755859375,78.30999755859375,77.19999694824219,77.3499984741211,62.1283073425293,1250800,0.0,0.0
2015-05-14,77.87000274658203,78.79000091552734,77.70999908447266,78.75,63.2528190612793,854000,0.0,0.0
2015-05-15,78.95999908447266,79.30000305175781,78.25,78.66999816894531,63.188560485839844,533000,0.0,0.0
2015-05-18,78.69000244140625,79.43000030517578,78.45999908447266,79.20999908447266,63.622291564941406,727300,0.0,0.0
2015-05-19,79.4000015258789,79.5,78.47000122070312,79.4000015258789,63.774925231933594,742500,0.0,0.0
2015-05-20,78.93000030517578,79.83999633789062,78.87999725341797,79.41000366210938,64.16275787353516,691200,0.47,0.0
2015-05-21,79.44000244140625,79.66999816894531,78.9800033569336,79.31999969482422,64.09001922607422,580300,0.0,0.0
2015-05-22,79.30999755859375,80.73999786376953,79.30999755859375,80.26000213623047,64.84956359863281,1323600,0.0,0.0
2015-05-26,79.94000244140625,80.2300033569336,78.47000122070312,79.08999633789062,63.904197692871094,1334400,0.0,0.0
2015-05-27,79.37999725341797,80.88999938964844,79.36000061035156,80.19000244140625,64.79299926757812,1478900,0.0,0.0
2015-05-28,80.02999877929688,80.47000122070312,79.0,79.25,64.0334701538086,5354600,0.0,0.0
2015-05-29,79.47000122070312,80.47000122070312,78.73999786376953,79.22000122070312,64.00923156738281,1635300,0.0,0.0
2015-06-01,79.91999816894531,79.98999786376953,78.0,79.69999694824219,64.3970718383789,1206300,0.0,0.0
2015-06-02,79.19999694824219,79.62999725341797,78.23999786376953,78.80999755859375,63.677947998046875,876100,0.0,0.0
2015-06-03,78.80999755859375,78.98999786376953,78.12000274658203,78.55000305175781,63.467891693115234,940600,0.0,0.0
2015-06-04,78.44999694824219,78.7699966430664,77.41999816894531,77.80000305175781,62.86188507080078,909300,0.0,0.0
2015-06-05,77.91999816894531,78.66000366210938,77.80000305175781,78.48999786376953,63.41939926147461,854100,0.0,0.0
2015-06-08,78.55999755859375,78.72000122070312,77.87999725341797,78.0,63.02348327636719,1392400,0.0,0.0
2015-06-09,78.11000061035156,78.19000244140625,77.83000183105469,78.01000213623047,63.03152847290039,667400,0.0,0.0
2015-06-10,77.94000244140625,79.36000061035156,77.94000244140625,78.91000366210938,63.758758544921875,713700,0.0,0.0
2015-06-11,78.88999938964844,78.98999786376953,78.5199966430664,78.63999938964844,63.54063034057617,590100,0.0,0.0
2015-06-12,78.33000183105469,78.7300033569336,78.11000061035156,78.25,63.22549057006836,515600,0.0,0.0
2015-06-15,77.81999969482422,78.26000213623047,77.47000122070312,78.0199966430664,63.039642333984375,729000,0.0,0.0
2015-06-16,78.0199966430664,78.66000366210938,78.0,78.5999984741211,63.50828170776367,449500,0.0,0.0
2015-06-17,78.77999877929688,79.05999755859375,78.19000244140625,78.5999984741211,63.50828170776367,490200,0.0,0.0
2015-06-18,78.5999984741211,79.18000030517578,78.55000305175781,79.02999877929688,63.855743408203125,656400,0.0,0.0
2015-06-19,79.02999877929688,79.48999786376953,78.86000061035156,79.16999816894531,63.96882247924805,1103700,0.0,0.0
2015-06-22,80.0,80.66999816894531,79.55999755859375,80.18000030517578,64.7849349975586,657200,0.0,0.0
2015-06-23,80.18000030517578,80.44999694824219,79.33000183105469,79.6500015258789,64.35665130615234,469200,0.0,0.0
2015-06-24,79.5199966430664,79.58999633789062,78.76000213623047,78.97000122070312,63.8072509765625,770000,0.0,0.0
2015-06-25,79.08000183105469,79.5,78.30000305175781,78.4000015258789,63.34668731689453,592900,0.0,0.0
2015-06-26,78.36000061035156,78.4000015258789,77.75,78.2699966430664,63.241634368896484,1322800,0.0,0.0
2015-06-29,77.5999984741211,78.16000366210938,77.05000305175781,77.11000061035156,62.30437088012695,846500,0.0,0.0
2015-06-30,77.38999938964844,77.66999816894531,76.3499984741211,76.91000366210938,62.142757415771484,1616400,0.0,0.0
2015-07-01,77.52999877929688,77.77999877929688,77.19000244140625,77.37999725341797,62.522525787353516,830100,0.0,0.0
2015-07-02,77.73999786376953,77.83999633789062,77.5,77.73999786376953,62.81339645385742,661900,0.0,0.0
2015-07-06,76.97000122070312,77.12000274658203,76.48999786376953,76.66999816894531,61.94886016845703,883500,0.0,0.0
2015-07-07,76.69999694824219,77.4800033569336,75.66000366210938,77.41000366210938,62.546775817871094,1149100,0.0,0.0
2015-07-08,76.91999816894531,77.58999633789062,76.80000305175781,76.83999633789062,62.086204528808594,1329800,0.0,0.0
2015-07-09,78.1500015258789,78.93000030517578,78.08999633789062,78.48999786376953,63.41939926147461,1271500,0.0,0.0
2015-07-10,79.25,79.44000244140625,78.7699966430664,79.3499984741211,64.1142578125,761600,0.0,0.0
2015-07-13,79.77999877929688,80.29000091552734,79.69999694824219,80.26000213623047,64.84956359863281,788500,0.0,0.0
2015-07-14,80.38999938964844,80.83000183105469,80.0999984741211,80.79000091552734,65.27779388427734,841100,0.0,0.0
2015-07-15,81.01000213623047,82.1500015258789,80.69999694824219,82.0999984741211,66.33625793457031,1250800,0.0,0.0
2015-07-16,82.37999725341797,82.41999816894531,81.63999938964844,82.31999969482422,66.5140151977539,943900,0.0,0.0
2015-07-17,82.06999969482422,82.52999877929688,81.58999633789062,82.16999816894531,66.39281463623047,594200,0.0,0.0
2015-07-20,82.11000061035156,82.41000366210938,81.4800033569336,81.55000305175781,65.891845703125,616300,0.0,0.0
2015-07-21,81.7699966430664,82.19999694824219,80.93000030517578,81.29000091552734,65.68180084228516,552500,0.0,0.0
2015-07-22,81.1500015258789,81.75,80.76000213623047,81.61000061035156,65.94032287597656,670500,0.0,0.0
2015-07-23,81.62000274658203,82.43000030517578,81.33000183105469,82.08999633789062,66.32817077636719,711400,0.0,0.0
2015-07-24,82.0,82.41000366210938,80.5999984741211,81.04000091552734,65.47980499267578,562700,0.0,0.0
2015-07-27,80.79000091552734,80.93000030517578,79.76000213623047,79.91000366210938,64.56673431396484,486200,0.0,0.0
2015-07-28,79.93000030517578,80.54000091552734,79.37000274658203,80.5,65.04347229003906,760600,0.0,0.0
2015-07-29,80.66999816894531,81.83000183105469,80.16000366210938,81.77999877929688,66.07769775390625,662000,0.0,0.0
2015-07-30,81.69000244140625,82.48999786376953,81.37999725341797,82.33999633789062,66.53018188476562,620000,0.0,0.0
2015-07-31,82.48999786376953,83.33000183105469,82.25,82.94000244140625,67.01497650146484,908200,0.0,0.0
2015-08-03,82.75,82.75,81.54000091552734,82.29000091552734,66.48979949951172,575900,0.0,0.0
2015-08-04,82.18000030517578,82.76000213623047,82.0,82.27999877929688,66.48167419433594,414600,0.0,0.0
2015-08-05,82.61000061035156,83.81999969482422,82.16000366210938,83.05999755859375,67.11192321777344,564600,0.0,0.0
2015-08-06,83.04000091552734,83.22000122070312,82.27999877929688,82.94000244140625,67.01497650146484,820800,0.0,0.0
2015-08-07,82.87999725341797,82.87999725341797,78.61000061035156,81.56999969482422,65.90801239013672,2539200,0.0,0.0
2015-08-10,82.75,84.77999877929688,82.23999786376953,84.58999633789062,68.34815216064453,1857800,0.0,0.0
2015-08-11,84.05999755859375,84.19999694824219,82.37999725341797,82.93000030517578,67.00686645507812,1128100,0.0,0.0
2015-08-12,82.55000305175781,83.47000122070312,81.66999816894531,83.41000366210938,67.39472961425781,694000,0.0,0.0
2015-08-13,83.52999877929688,83.97000122070312,82.54000091552734,82.58000183105469,66.72409057617188,666600,0.0,0.0
2015-08-14,82.83999633789062,83.0199966430664,81.9800033569336,82.87000274658203,66.95841217041016,523800,0.0,0.0
2015-08-17,82.2699966430664,83.0999984741211,81.83000183105469,83.0199966430664,67.07958984375,579900,0.0,0.0
2015-08-18,82.8499984741211,83.22000122070312,82.37000274658203,82.62999725341797,66.76448822021484,644900,0.0,0.0
2015-08-19,82.33999633789062,82.5199966430664,81.23999786376953,81.98999786376953,66.24737548828125,667200,0.0,0.0
2015-08-20,81.45999908447266,81.66000366210938,80.16000366210938,80.20999908447266,64.80917358398438,570700,0.0,0.0
2015-08-21,79.5999984741211,79.9000015258789,78.26000213623047,78.41999816894531,63.36282730102539,1273800,0.0,0.0
2015-08-24,74.02999877929688,77.76000213623047,72.48999786376953,75.18000030517578,60.74494934082031,1575600,0.0,0.0
2015-08-25,76.3499984741211,77.08000183105469,73.7300033569336,73.76000213623047,59.597591400146484,1754100,0.0,0.0
2015-08-26,75.5199966430664,75.93000030517578,73.51000213623047,75.83999633789062,61.2781982421875,1119400,0.0,0.0
2015-08-27,76.5,77.0999984741211,75.5199966430664,77.05999755859375,62.26396942138672,740300,0.0,0.0
2015-08-28,76.6500015258789,77.58000183105469,76.5,77.54000091552734,62.65179443359375,735000,0.0,0.0
2015-08-31,77.11000061035156,77.44999694824219,76.52999877929688,76.81999969482422,62.070064544677734,768300,0.0,0.0
2015-09-01,75.41999816894531,75.81999969482422,74.1500015258789,74.63999938964844,60.30862045288086,1504700,0.0,0.0
2015-09-02,75.18000030517578,75.69999694824219,74.44000244140625,75.33999633789062,60.87419891357422,768200,0.0,0.0
2015-09-03,75.41000366210938,76.58000183105469,75.30999755859375,75.75,61.205501556396484,898800,0.0,0.0
2015-09-04,74.56999969482422,75.02999877929688,73.68000030517578,73.95999908447266,59.759193420410156,794200,0.0,0.0
2015-09-08,75.77999877929688,77.23999786376953,74.41999816894531,76.9800033569336,62.1993408203125,2097700,0.0,0.0
2015-09-09,77.41999816894531,77.63999938964844,75.36000061035156,75.52999877929688,61.426719665527344,1213400,0.5,0.0
2015-09-10,75.43000030517578,75.87000274658203,74.83000183105469,75.06999969482422,61.05261993408203,726800,0.0,0.0
2015-09-11,74.33999633789062,74.80999755859375,73.5,74.08999633789062,60.255611419677734,794600,0.0,0.0
2015-09-14,74.02999877929688,74.4800033569336,73.52999877929688,73.9000015258789,60.10109329223633,652300,0.0,0.0
2015-09-15,70.25,74.41999816894531,70.25,73.93000030517578,60.12548828125,696900,0.0,0.0
2015-09-16,73.87000274658203,74.66000366210938,73.6500015258789,74.54000091552734,60.621578216552734,675700,0.0,0.0
2015-09-17,74.58000183105469,75.55000305175781,74.19999694824219,74.6500015258789,60.71104049682617,1131900,0.0,0.0
2015-09-18,73.63999938964844,74.37000274658203,72.95999908447266,73.16999816894531,59.507362365722656,1174100,0.0,0.0
2015-09-21,73.44000244140625,74.23999786376953,73.20999908447266,73.48999786376953,59.767642974853516,808600,0.0,0.0
2015-09-22,72.55999755859375,72.9000015258789,72.08000183105469,72.27999877929688,58.78357696533203,838300,0.0,0.0
2015-09-23,72.4800033569336,72.62000274658203,71.91000366210938,72.44999694824219,58.92182540893555,701300,0.0,0.0
2015-09-24,71.83999633789062,72.27999877929688,71.19999694824219,71.55000305175781,58.18988800048828,953400,0.0,0.0
2015-09-25,72.23999786376953,73.1500015258789,72.05999755859375,72.22000122070312,58.734779357910156,1633100,0.0,0.0
2015-09-28,71.66000366210938,72.0999984741211,70.19999694824219,70.27999877929688,57.15702438354492,667300,0.0,0.0
2015-09-29,70.25,71.22000122070312,70.0999984741211,71.06999969482422,57.799503326416016,1193900,0.0,0.0
2015-09-30,71.98999786376953,73.26000213623047,71.66000366210938,73.1500015258789,59.49110794067383,1030200,0.0,0.0
2015-10-01,72.98999786376953,73.62000274658203,72.68000030517578,73.23999786376953,59.56431198120117,1300200,0.0,0.0
2015-10-02,72.2699966430664,74.02999877929688,71.88999938964844,73.95999908447266,60.149879455566406,929500,0.0,0.0
2015-10-05,74.54000091552734,75.44000244140625,74.26000213623047,74.73999786376953,60.784217834472656,882700,0.0,0.0
2015-10-06,74.5,74.91999816894531,74.01000213623047,74.44000244140625,60.540252685546875,807600,0.0,0.0
2015-10-07,75.08000183105469,75.1500015258789,73.72000122070312,74.7300033569336,60.776084899902344,992900,0.0,0.0
2015-10-08,74.43000030517578,75.66000366210938,74.3499984741211,75.5,61.402320861816406,478100,0.0,0.0
2015-10-09,75.52999877929688,75.80000305175781,75.08000183105469,75.7300033569336,61.58939743041992,557500,0.0,0.0
2015-10-12,76.48999786376953,77.88999938964844,76.31999969482422,77.0,62.622230529785156,1366600,0.0,0.0
2015-10-13,76.37000274658203,76.81999969482422,75.5,75.56999969482422,61.45926284790039,1075000,0.0,0.0
2015-10-14,75.54000091552734,76.5,75.3499984741211,76.02999877929688,61.83334732055664,720700,0.0,0.0
2015-10-15,76.52999877929688,76.61000061035156,75.2699966430664,76.44000244140625,62.16680145263672,655100,0.0,0.0
2015-10-16,76.54000091552734,76.79000091552734,75.88999938964844,76.58000183105469,62.28064727783203,659400,0.0,0.0
2015-10-19,76.13999938964844,76.56999969482422,75.16999816894531,75.33000183105469,61.264068603515625,830300,0.0,0.0
2015-10-20,75.2300033569336,76.52999877929688,75.01000213623047,76.30000305175781,62.05295944213867,775000,0.0,0.0
2015-10-21,76.79000091552734,76.79000091552734,74.87999725341797,74.97000122070312,60.97130584716797,527300,0.0,0.0
2015-10-22,75.70999908447266,76.51000213623047,75.56999969482422,76.0,61.80895233154297,719200,0.0,0.0
2015-10-23,77.04000091552734,77.04000091552734,75.62999725341797,76.48999786376953,62.20746994018555,595600,0.0,0.0
2015-10-26,76.61000061035156,76.9800033569336,75.38999938964844,75.5,61.402320861816406,593000,0.0,0.0
2015-10-27,75.0,75.33999633789062,74.37000274658203,74.91000366210938,60.9224967956543,734800,0.0,0.0
2015-10-28,75.37999725341797,78.7300033569336,75.0,78.66999816894531,63.98040771484375,1121400,0.0,0.0
2015-10-29,78.23999786376953,79.80999755859375,77.87999725341797,79.37000274658203,64.54971313476562,1024100,0.0,0.0
2015-10-30,79.55999755859375,80.0999984741211,79.08999633789062,79.12999725341797,64.35452270507812,1195200,0.0,0.0
2015-11-02,79.30000305175781,80.0,78.69000244140625,79.70999908447266,64.82621002197266,889700,0.0,0.0
2015-11-03,78.38999938964844,82.2300033569336,77.0,81.0,65.87535858154297,1849300,0.0,0.0
2015-11-04,81.52999877929688,82.08999633789062,79.58000183105469,79.80999755859375,64.90754699707031,1116500,0.0,0.0
2015-11-05,79.77999877929688,80.22000122070312,78.93000030517578,79.48999786376953,64.64729309082031,1042800,0.0,0.0
2015-11-06,79.44999694824219,79.61000061035156,79.0199966430664,79.58000183105469,64.7204818725586,703400,0.0,0.0
2015-11-09,78.80000305175781,79.94999694824219,78.80000305175781,79.48999786376953,64.64729309082031,945900,0.0,0.0
2015-11-10,79.27999877929688,79.43000030517578,78.77999877929688,79.05000305175781,64.28945922851562,1288900,0.0,0.0
2015-11-11,79.5,79.77999877929688,79.06999969482422,79.44999694824219,64.61475372314453,668100,0.0,0.0
2015-11-12,78.87000274658203,79.30999755859375,78.68000030517578,78.70999908447266,64.012939453125,767600,0.0,0.0
2015-11-13,78.47000122070312,78.80000305175781,77.75,78.2300033569336,63.622562408447266,693800,0.0,0.0
2015-11-16,78.19999694824219,80.70999908447266,77.94000244140625,80.61000061035156,65.55816650390625,1154500,0.0,0.0
2015-11-17,81.5,81.98999786376953,80.04000091552734,81.19000244140625,66.44197845458984,1461800,0.5,0.0
2015-11-18,81.48999786376953,82.12999725341797,81.1500015258789,82.08000183105469,67.17029571533203,684300,0.0,0.0
2015-11-19,82.16000366210938,83.26000213623047,82.0,83.20999908447266,68.09505462646484,605900,0.0,0.0
2015-11-20,83.66999816894531,83.94999694824219,82.5999984741211,82.77999877929688,67.7431411743164,782400,0.0,0.0
2015-11-23,82.93000030517578,83.66999816894531,82.43000030517578,82.7300033569336,67.7022476196289,523900,0.0,0.0
2015-11-24,82.33999633789062,83.05000305175781,82.0199966430664,82.44999694824219,67.47310638427734,803500,0.0,0.0
2015-11-25,82.45999908447266,83.45999908447266,82.19999694824219,82.91999816894531,67.85773468017578,605900,0.0,0.0
2015-11-27,82.81999969482422,83.27999877929688,82.68000030517578,83.0999984741211,68.00503540039062,247300,0.0,0.0
2015-11-30,83.37999725341797,83.7699966430664,82.87999725341797,83.12999725341797,68.02957153320312,1072700,0.0,0.0
2015-12-01,83.41000366210938,84.12000274658203,83.16999816894531,83.98999786376953,68.7333755493164,851600,0.0,0.0
2015-12-02,83.76000213623047,84.58000183105469,83.61000061035156,83.73999786376953,68.52879333496094,744200,0.0,0.0
2015-12-03,83.87999725341797,83.91999816894531,82.44999694824219,82.91999816894531,67.85773468017578,1060800,0.0,0.0
2015-12-04,82.69999694824219,84.91000366210938,82.58999633789062,84.2699966430664,68.9625015258789,815700,0.0,0.0
2015-12-07,83.97000122070312,84.45999908447266,83.41999816894531,83.83999633789062,68.61062622070312,501200,0.0,0.0
2015-12-08,83.69999694824219,84.55000305175781,83.1500015258789,84.2699966430664,68.9625015258789,1493900,0.0,0.0
2015-12-09,83.87999725341797,84.38999938964844,82.87999725341797,83.33999633789062,68.20143127441406,1067700,0.0,0.0
2015-12-10,82.9000015258789,84.0,82.54000091552734,83.19000244140625,68.07866668701172,1307900,0.0,0.0
2015-12-11,82.16000366210938,82.7699966430664,81.63999938964844,82.38999938964844,67.42398834228516,724700,0.0,0.0
2015-12-14,82.56999969482422,83.0199966430664,81.6500015258789,81.91000366210938,67.03118896484375,1208300,0.0,0.0
2015-12-15,82.44999694824219,83.70999908447266,82.44999694824219,82.9000015258789,67.84135437011719,953700,0.0,0.0
2015-12-16,83.36000061035156,84.05000305175781,82.37999725341797,83.55999755859375,68.3814926147461,838800,0.0,0.0
2015-12-17,84.25,84.5999984741211,82.87000274658203,83.12000274658203,68.02139282226562,823200,0.0,0.0
2015-12-18,83.0,83.19999694824219,82.47000122070312,82.70999908447266,67.68585968017578,1624200,0.0,0.0
2015-12-21,83.29000091552734,84.41000366210938,83.06999969482422,84.3499984741211,69.02796173095703,1044800,0.0,0.0
2015-12-22,85.0199966430664,86.87999725341797,84.55999755859375,86.6500015258789,70.91018676757812,1201800,0.0,0.0
2015-12-23,86.97000122070312,88.16000366210938,86.83999633789062,87.81999969482422,71.86763000488281,1006100,0.0,0.0
2015-12-24,87.81999969482422,89.77999877929688,87.81999969482422,89.4800033569336,73.22611999511719,728900,0.0,0.0
2015-12-28,88.94999694824219,89.0,86.51000213623047,87.08999633789062,71.2702407836914,1190600,0.0,0.0
2015-12-29,87.7699966430664,88.68000030517578,87.5199966430664,88.30000305175781,72.26045227050781,577500,0.0,0.0
2015-12-30,88.05999755859375,88.19999694824219,87.2300033569336,87.43000030517578,71.54849243164062,482900,0.0,0.0
2015-12-31,87.20999908447266,87.66000366210938,86.69000244140625,86.9000015258789,71.11475372314453,593600,0.0,0.0
2016-01-04,86.4000015258789,87.69000244140625,85.95999908447266,87.6500015258789,71.72852325439453,1327100,0.0,0.0
2016-01-05,87.87999725341797,89.25,87.20999908447266,88.16999816894531,72.15406036376953,1175500,0.0,0.0
2016-01-06,87.25,88.58000183105469,86.9800033569336,87.37000274658203,71.49939727783203,1971200,0.0,0.0
2016-01-07,85.8499984741211,87.62000274658203,85.5199966430664,86.23999786376953,70.57463836669922,2098300,0.0,0.0
2016-01-08,86.5,87.72000122070312,85.80000305175781,85.83999633789062,70.247314453125,2067100,0.0,0.0
2016-01-11,86.5999984741211,87.45999908447266,85.38999938964844,86.94000244140625,71.14747619628906,1273900,0.0,0.0
2016-01-12,87.31999969482422,89.16999816894531,86.45999908447266,88.91000366210938,72.75965881347656,1948300,0.0,0.0
2016-01-13,88.87999725341797,89.3499984741211,85.25,85.4000015258789,69.88724517822266,1444400,0.0,0.0
2016-01-14,85.52999877929688,85.54000091552734,84.25,84.48999786376953,69.14252471923828,1532800,0.0,0.0
2016-01-15,82.72000122070312,84.33999633789062,82.25,84.25,68.9461441040039,1660300,0.0,0.0
2016-01-19,84.98999786376953,85.45999908447266,83.19999694824219,84.33999633789062,69.01980590820312,1170000,0.0,0.0
2016-01-20,83.2699966430664,84.13999938964844,81.56999969482422,83.58000183105469,68.3978500366211,1272000,0.0,0.0
2016-01-21,83.69000244140625,84.55999755859375,82.43000030517578,82.8499984741211,67.80046081542969,1081300,0.0,0.0
2016-01-22,84.01000213623047,84.12000274658203,82.69999694824219,84.05999755859375,68.79065704345703,2094600,0.0,0.0
2016-01-25,83.9000015258789,84.76000213623047,83.41000366210938,84.12999725341797,68.84791564941406,1610400,0.0,0.0
2016-01-26,84.29000091552734,85.72000122070312,84.16999816894531,85.62000274658203,70.06727600097656,985700,0.0,0.0
2016-01-27,85.2300033569336,87.0199966430664,84.55999755859375,84.83999633789062,69.42896270751953,1186700,0.0,0.0
2016-01-28,85.04000091552734,85.48999786376953,83.94999694824219,84.79000091552734,69.38805389404297,890300,0.0,0.0
2016-01-29,85.27999877929688,87.11000061035156,84.97000122070312,86.97000122070312,71.17206573486328,1338800,0.0,0.0
2016-02-01,86.08000183105469,87.13999938964844,85.77999877929688,86.72000122070312,70.96745300292969,1395100,0.0,0.0
2016-02-02,84.01000213623047,84.08999633789062,77.02999877929688,78.23999786376953,64.02784729003906,6299600,0.0,0.0
2016-02-03,77.52999877929688,78.86000061035156,77.25,77.88999938964844,63.74142837524414,3180100,0.0,0.0
2016-02-04,77.72000122070312,79.81999969482422,77.58000183105469,78.83999633789062,64.51883697509766,1455500,0.0,0.0
2016-02-05,78.83999633789062,78.83999633789062,74.91999816894531,75.68000030517578,61.9328727722168,1792900,0.0,0.0
2016-02-08,74.80000305175781,75.2699966430664,71.76000213623047,73.0199966430664,59.756046295166016,2037700,0.0,0.0
2016-02-09,72.19999694824219,73.72000122070312,72.08000183105469,72.7300033569336,59.51870346069336,1301400,0.0,0.0
2016-02-10,73.26000213623047,73.66999816894531,72.4000015258789,72.72000122070312,59.51055145263672,1298300,0.0,0.0
2016-02-11,71.72000122070312,72.4000015258789,70.97000122070312,71.70999908447266,58.68398666381836,1066300,0.0,0.0
2016-02-12,72.5,72.5199966430664,71.22000122070312,72.05999755859375,58.97043228149414,948300,0.0,0.0
2016-02-16,73.05000305175781,73.55000305175781,72.52999877929688,73.45999908447266,60.11610412597656,1077700,0.0,0.0
2016-02-17,73.80000305175781,74.62999725341797,73.66000366210938,74.26000213623047,60.77080154418945,808800,0.0,0.0
2016-02-18,74.3499984741211,76.0999984741211,74.22000122070312,74.3499984741211,60.84446334838867,724800,0.0,0.0
2016-02-19,74.51000213623047,75.38999938964844,73.73999786376953,75.18000030517578,61.5236930847168,1123300,0.0,0.0
2016-02-22,75.80999755859375,76.83000183105469,75.80999755859375,76.44000244140625,62.5548095703125,1130200,0.0,0.0
2016-02-23,76.0,76.36000061035156,75.31999969482422,75.4000015258789,61.70372772216797,797100,0.0,0.0
2016-02-24,74.94000244140625,75.66000366210938,74.4800033569336,75.45999908447266,61.7528190612793,790800,0.0,0.0
2016-02-25,75.93000030517578,76.36000061035156,75.20999908447266,76.13999938964844,62.30930709838867,751600,0.0,0.0
2016-02-26,76.52999877929688,76.97000122070312,76.18000030517578,76.54000091552734,62.63665008544922,850200,0.0,0.0
2016-02-29,77.45999908447266,79.75,77.43000030517578,78.0199966430664,63.84781265258789,1677900,0.0,0.0
2016-03-01,78.7699966430664,80.2300033569336,77.7300033569336,79.4000015258789,64.97712707519531,1531700,0.0,0.0
2016-03-02,79.13999938964844,81.22000122070312,79.0,80.1500015258789,65.59090423583984,911200,0.0,0.0
2016-03-03,79.75,80.68000030517578,79.56999969482422,80.47000122070312,65.85277557373047,848900,0.0,0.0
2016-03-04,80.55999755859375,81.88999938964844,80.54000091552734,81.1500015258789,66.40924835205078,943800,0.0,0.0
2016-03-07,80.55000305175781,80.6500015258789,78.88999938964844,79.33000183105469,64.91985321044922,1187400,0.0,0.0
2016-03-08,78.75,79.43000030517578,77.18000030517578,78.16999816894531,64.37632751464844,1480500,0.5,0.0
2016-03-09,78.7699966430664,80.19000244140625,78.30999755859375,79.76000213623047,65.68575286865234,1090500,0.0,0.0
2016-03-10,79.9000015258789,81.12999725341797,78.79000091552734,79.63999938964844,65.58692932128906,852200,0.0,0.0
2016-03-11,80.12999725341797,80.62999725341797,78.94999694824219,80.41999816894531,66.2292709350586,956600,0.0,0.0
2016-03-14,80.0,80.54000091552734,79.52999877929688,79.58999633789062,65.54574584960938,867600,0.0,0.0
2016-03-15,78.62999725341797,79.52999877929688,76.7300033569336,77.66000366210938,63.95630645751953,1468000,0.0,0.0
2016-03-16,77.5999984741211,78.52999877929688,77.2699966430664,78.36000061035156,64.53279113769531,922100,0.0,0.0
2016-03-17,78.30000305175781,79.19000244140625,77.93000030517578,78.5199966430664,64.6645278930664,1003400,0.0,0.0
2016-03-18,78.88999938964844,79.56999969482422,78.5199966430664,78.9000015258789,64.97749328613281,1222500,0.0,0.0
2016-03-21,78.52999877929688,78.93000030517578,77.93000030517578,78.55999755859375,64.6974868774414,951200,0.0,0.0
2016-03-22,78.23999786376953,80.31999969482422,78.18000030517578,79.62000274658203,65.57044219970703,1162400,0.0,0.0
2016-03-23,79.4800033569336,79.5,78.5,79.04000091552734,65.0927734375,935900,0.0,0.0
2016-03-24,78.5999984741211,79.3499984741211,77.80000305175781,78.16000366210938,64.36808776855469,780800,0.0,0.0
2016-03-28,78.41000366210938,78.54000091552734,77.5999984741211,77.83999633789062,64.10454559326172,715100,0.0,0.0
2016-03-29,77.86000061035156,78.66000366210938,77.11000061035156,78.4800033569336,64.631591796875,650900,0.0,0.0
2016-03-30,78.83999633789062,79.0999984741211,77.80000305175781,78.70999908447266,64.82101440429688,921700,0.0,0.0
2016-03-31,78.62999725341797,79.0999984741211,77.33999633789062,77.86000061035156,64.12100982666016,1351600,0.0,0.0
2016-04-01,77.38999938964844,78.0,75.56999969482422,77.80000305175781,64.07160186767578,1886000,0.0,0.0
2016-04-04,77.81999969482422,77.93000030517578,76.94000244140625,76.98999786376953,63.40453338623047,939400,0.0,0.0
2016-04-05,76.33999633789062,76.38999938964844,75.01000213623047,75.05999755859375,61.8150749206543,1464000,0.0,0.0
2016-04-06,75.1500015258789,76.56999969482422,74.6500015258789,76.48999786376953,62.99274444580078,1459100,0.0,0.0
2016-04-07,76.20999908447266,76.80999755859375,75.72000122070312,76.33000183105469,62.860984802246094,1481700,0.0,0.0
2016-04-08,76.70999908447266,77.70999908447266,76.55000305175781,76.70999908447266,63.17393112182617,1033600,0.0,0.0
2016-04-11,77.04000091552734,77.54000091552734,76.43000030517578,76.44999694824219,62.95984649658203,854200,0.0,0.0
2016-04-12,76.41999816894531,76.93000030517578,75.80000305175781,76.72000122070312,63.182167053222656,1039000,0.0,0.0
2016-04-13,77.16000366210938,78.41999816894531,77.16000366210938,78.33999633789062,64.51631927490234,730500,0.0,0.0
2016-04-14,78.18000030517578,78.45999908447266,77.5199966430664,77.6500015258789,63.94804382324219,940100,0.0,0.0
2016-04-15,77.37000274658203,77.66999816894531,76.7300033569336,77.38999938964844,63.73393630981445,833300,0.0,0.0
2016-04-18,77.33000183105469,77.80000305175781,77.05000305175781,77.69000244140625,63.980995178222656,961900,0.0,0.0
2016-04-19,77.69999694824219,78.80999755859375,77.51000213623047,78.79000091552734,64.88690948486328,997600,0.0,0.0
2016-04-20,78.66000366210938,79.51000213623047,78.05000305175781,79.30000305175781,65.30692291259766,942000,0.0,0.0
2016-04-21,79.44999694824219,79.87999725341797,78.69000244140625,78.94999694824219,65.01866912841797,733200,0.0,0.0
2016-04-22,78.83999633789062,80.3499984741211,78.83999633789062,79.83000183105469,65.74339294433594,782800,0.0,0.0
2016-04-25,79.5,79.52999877929688,78.30000305175781,78.7699966430664,64.87039184570312,547800,0.0,0.0
2016-04-26,79.01000213623047,79.6500015258789,78.83999633789062,79.47000122070312,65.44691467285156,641600,0.0,0.0
2016-04-27,79.23999786376953,80.87000274658203,79.23999786376953,80.76000213623047,66.50926208496094,650100,0.0,0.0
2016-04-28,80.2300033569336,80.72000122070312,79.80999755859375,80.05000305175781,65.92459106445312,690800,0.0,0.0
2016-04-29,79.83000183105469,80.25,79.0999984741211,80.01000213623047,65.89163970947266,1009500,0.0,0.0
2016-05-02,80.12999725341797,80.94999694824219,79.51000213623047,80.86000061035156,66.59165954589844,1643400,0.0,0.0
2016-05-03,77.19000244140625,78.36000061035156,76.1500015258789,76.43000030517578,62.94334411621094,2250800,0.0,0.0
2016-05-04,75.69999694824219,76.0999984741211,73.31999969482422,74.4000015258789,61.27153778076172,2138800,0.0,0.0
2016-05-05,74.48999786376953,74.86000061035156,73.88999938964844,74.77999877929688,61.584503173828125,1038000,0.0,0.0
2016-05-06,74.58999633789062,74.81999969482422,73.72000122070312,74.58999633789062,61.42803192138672,932200,0.0,0.0
2016-05-09,74.66000366210938,76.19000244140625,74.66000366210938,75.66999816894531,62.31745147705078,1351600,0.0,0.0
2016-05-10,75.83000183105469,76.5999984741211,75.33000183105469,76.5999984741211,63.083351135253906,790100,0.0,0.0
2016-05-11,76.5,76.55000305175781,75.66999816894531,76.05000305175781,62.630409240722656,1026200,0.0,0.0
2016-05-12,76.27999877929688,76.55999755859375,75.61000061035156,76.11000061035156,62.67980194091797,633900,0.0,0.0
2016-05-13,75.9000015258789,76.41999816894531,75.41999816894531,75.91999816894531,62.52332305908203,729900,0.0,0.0
2016-05-16,75.9000015258789,77.41000366210938,75.70999908447266,77.06999969482422,63.47040557861328,711200,0.0,0.0
2016-05-17,76.93000030517578,77.86000061035156,76.75,77.48999786376953,63.81631088256836,1078000,0.0,0.0
2016-05-18,77.31999969482422,78.12999725341797,76.91000366210938,77.4800033569336,63.80805587768555,1042100,0.0,0.0
2016-05-19,76.86000061035156,77.56999969482422,76.55000305175781,77.51000213623047,63.832763671875,848600,0.0,0.0
2016-05-20,78.05999755859375,78.83999633789062,77.62000274658203,78.73999786376953,64.84571075439453,692100,0.0,0.0
2016-05-23,78.73999786376953,78.80000305175781,78.1500015258789,78.33000183105469,64.50808715820312,490200,0.0,0.0
2016-05-24,78.54000091552734,79.1500015258789,78.2699966430664,78.9800033569336,65.04338073730469,541300,0.0,0.0
2016-05-25,79.04000091552734,79.79000091552734,78.69000244140625,79.36000061035156,65.35633850097656,592900,0.0,0.0
2016-05-26,79.5,80.22000122070312,79.5,79.76000213623047,65.68575286865234,736400,0.0,0.0
2016-05-27,79.16999816894531,79.69000244140625,79.0999984741211,79.43000030517578,65.82661437988281,738100,0.5,0.0
2016-05-31,79.30999755859375,79.30999755859375,77.55999755859375,78.7699966430664,65.2796401977539,1208100,0.0,0.0
2016-06-01,78.3499984741211,79.72000122070312,78.26000213623047,79.55999755859375,65.93437194824219,494500,0.0,0.0
2016-06-02,79.55999755859375,79.8499984741211,79.16999816894531,79.7699966430664,66.10838317871094,473900,0.0,0.0
2016-06-03,79.69999694824219,80.19999694824219,79.06999969482422,79.98999786376953,66.29070281982422,555200,0.0,0.0
2016-06-06,80.0,81.45999908447266,79.44000244140625,80.93000030517578,67.0697250366211,932500,0.0,0.0
2016-06-07,81.06999969482422,81.87999725341797,81.06999969482422,81.3499984741211,67.41777801513672,741700,0.0,0.0
2016-06-08,81.4000015258789,82.16000366210938,81.25,81.87000274658203,67.84877014160156,840000,0.0,0.0
2016-06-09,81.48999786376953,81.93000030517578,81.04000091552734,81.22000122070312,67.31008911132812,543400,0.0,0.0
2016-06-10,81.26000213623047,82.0,80.76000213623047,81.0,67.12774658203125,929100,0.0,0.0
2016-06-13,80.69999694824219,81.62000274658203,80.5199966430664,80.61000061035156,66.80453491210938,1031100,0.0,0.0
2016-06-14,80.4800033569336,81.23999786376953,80.30999755859375,80.9800033569336,67.11116790771484,1264400,0.0,0.0
2016-06-15,81.19000244140625,81.61000061035156,80.83999633789062,81.20999908447266,67.3017807006836,1198200,0.0,0.0
2016-06-16,80.6500015258789,82.08000183105469,80.25,81.98999786376953,67.94820404052734,1254400,0.0,0.0
2016-06-17,82.04000091552734,83.0,81.41000366210938,81.91000366210938,67.88191223144531,1627300,0.0,0.0
2016-06-20,83.0,83.54000091552734,82.76000213623047,83.16999816894531,68.92609405517578,1398100,0.0,0.0
2016-06-21,83.05000305175781,83.97000122070312,83.05000305175781,83.5,69.19959259033203,1239900,0.0,0.0
2016-06-22,83.7300033569336,84.27999877929688,83.2300033569336,83.38999938964844,69.1084213256836,898300,0.0,0.0
2016-06-23,84.37999725341797,84.75,83.6500015258789,84.13999938964844,69.72997283935547,766600,0.0,0.0
2016-06-24,82.04000091552734,82.62000274658203,80.93000030517578,80.9800033569336,67.11116790771484,1460800,0.0,0.0
2016-06-27,80.0199966430664,80.19000244140625,78.41999816894531,78.48999786376953,65.04761505126953,1426200,0.0,0.0
2016-06-28,79.55999755859375,80.33999633789062,78.66999816894531,80.30000305175781,66.54764556884766,1282000,0.0,0.0
2016-06-29,80.93000030517578,82.20999908447266,80.79000091552734,82.08999633789062,68.03105926513672,729900,0.0,0.0
2016-06-30,82.47000122070312,83.44999694824219,81.62000274658203,83.44000244140625,69.14986419677734,1025300,0.0,0.0
2016-07-01,83.5,83.91999816894531,82.29000091552734,82.58999633789062,68.44541931152344,710100,0.0,0.0
2016-07-05,82.01000213623047,82.06999969482422,81.23999786376953,81.54000091552734,67.57525634765625,794800,0.0,0.0
2016-07-06,81.37999725341797,82.58999633789062,80.77999877929688,82.44000244140625,68.3211441040039,822100,0.0,0.0
2016-07-07,82.75,83.12999725341797,82.0999984741211,82.2699966430664,68.18025207519531,515800,0.0,0.0
2016-07-08,83.22000122070312,84.47000122070312,82.73999786376953,84.19999694824219,69.7796859741211,829600,0.0,0.0
2016-07-11,84.31999969482422,84.69999694824219,83.56999969482422,84.41000366210938,69.95374298095703,440600,0.0,0.0
2016-07-12,84.91000366210938,85.44000244140625,84.69999694824219,84.95999908447266,70.40955352783203,471500,0.0,0.0
2016-07-13,85.1500015258789,85.47000122070312,84.91999816894531,85.33000183105469,70.71617889404297,406500,0.0,0.0
2016-07-14,86.0,86.22000122070312,85.5,85.55999755859375,70.90677642822266,558000,0.0,0.0
2016-07-15,85.83000183105469,85.93000030517578,85.12999725341797,85.2699966430664,70.66645812988281,617700,0.0,0.0
2016-07-18,85.16000366210938,85.4800033569336,84.98999786376953,85.05000305175781,70.48411560058594,497700,0.0,0.0
2016-07-19,84.81999969482422,85.41000366210938,84.69999694824219,85.31999969482422,70.70789337158203,444500,0.0,0.0
2016-07-20,85.63999938964844,86.2300033569336,85.37999725341797,86.02999877929688,71.29630279541016,646500,0.0,0.0
2016-07-21,86.0199966430664,86.36000061035156,85.63999938964844,85.93000030517578,71.21340942382812,451500,0.0,0.0
2016-07-22,85.94000244140625,86.66000366210938,85.83999633789062,86.55999755859375,71.73552703857422,391200,0.0,0.0
2016-07-25,86.2699966430664,86.5,85.29000091552734,85.5,70.85702514648438,693000,0.0,0.0
2016-07-26,85.41999816894531,86.47000122070312,85.31999969482422,86.31999969482422,71.53662872314453,673400,0.0,0.0
2016-07-27,86.44999694824219,86.5,85.7699966430664,86.02999877929688,71.29630279541016,651900,0.0,0.0
2016-07-28,85.79000091552734,86.66000366210938,85.58999633789062,86.52999877929688,71.7106704711914,423600,0.0,0.0
2016-07-29,86.41999816894531,86.7699966430664,86.05999755859375,86.62000274658203,71.7852554321289,452900,0.0,0.0
2016-08-01,86.4800033569336,86.58000183105469,85.41000366210938,85.6500015258789,70.98136901855469,1263100,0.0,0.0
2016-08-02,85.6500015258789,88.0199966430664,85.55000305175781,87.97000122070312,72.90404510498047,1686900,0.0,0.0
2016-08-03,87.91000366210938,88.19000244140625,86.87000274658203,88.06999969482422,72.9869384765625,1347400,0.0,0.0
2016-08-04,88.05999755859375,88.48999786376953,87.75,88.25,73.13610076904297,842200,0.0,0.0
2016-08-05,88.4000015258789,89.30999755859375,88.2300033569336,88.73999786376953,73.54216003417969,694900,0.0,0.0
2016-08-08,88.87000274658203,89.41000366210938,88.2699966430664,88.97000122070312,73.7327880859375,957800,0.0,0.0
2016-08-09,89.04000091552734,90.41999816894531,88.81999969482422,89.79000091552734,74.41236114501953,701100,0.0,0.0
2016-08-10,89.70999908447266,90.55000305175781,89.6500015258789,89.9800033569336,74.5698013305664,755800,0.0,0.0
2016-08-11,89.9800033569336,90.0,89.23999786376953,89.87999725341797,74.48692321777344,583200,0.0,0.0
2016-08-12,89.8499984741211,89.9800033569336,89.55000305175781,89.83000183105469,74.44550323486328,417600,0.0,0.0
2016-08-15,90.0,91.4000015258789,90.0,90.75,75.2079086303711,754000,0.0,0.0
2016-08-16,90.68000030517578,90.76000213623047,89.97000122070312,90.0,74.58637237548828,775000,0.0,0.0
2016-08-17,90.19999694824219,90.56999969482422,89.44999694824219,89.91999816894531,74.52008819580078,554900,0.0,0.0
2016-08-18,89.91999816894531,90.75,89.88999938964844,90.63999938964844,75.11677551269531,375500,0.0,0.0
2016-08-19,90.3499984741211,91.12000274658203,90.18000030517578,90.94000244140625,75.36540222167969,368100,0.0,0.0
2016-08-22,90.68000030517578,91.5199966430664,90.5199966430664,91.23999786376953,75.61399841308594,627800,0.0,0.0
2016-08-23,91.5,91.88999938964844,91.33000183105469,91.33999633789062,75.69688415527344,572300,0.0,0.0
2016-08-24,91.3499984741211,91.98999786376953,90.91000366210938,91.0199966430664,75.43170166015625,638600,0.0,0.0
2016-08-25,91.19999694824219,91.52999877929688,90.80999755859375,91.2699966430664,75.63887786865234,661200,0.0,0.0
2016-08-26,91.3499984741211,91.62000274658203,90.44000244140625,90.83999633789062,75.28250885009766,618200,0.0,0.0
2016-08-29,90.94000244140625,92.69000244140625,90.83999633789062,92.62000274658203,76.75768280029297,810400,0.0,0.0
2016-08-30,92.91000366210938,92.91000366210938,92.02999877929688,92.7300033569336,76.84882354736328,660400,0.0,0.0
2016-08-31,92.62999725341797,93.05999755859375,91.94999694824219,92.9800033569336,77.05601501464844,574600,0.0,0.0
2016-09-01,93.22000122070312,93.61000061035156,92.33999633789062,92.8499984741211,76.94825744628906,826000,0.0,0.0
2016-09-02,93.36000061035156,93.72000122070312,93.0199966430664,93.69000244140625,77.64442443847656,425800,0.0,0.0
2016-09-06,93.75,94.08999633789062,93.02999877929688,93.80000305175781,77.73560333251953,708000,0.0,0.0
2016-09-07,93.30999755859375,93.93000030517578,92.97000122070312,93.30000305175781,77.7605972290039,749600,0.53,0.0
2016-09-08,93.18000030517578,93.29000091552734,92.52999877929688,92.80000305175781,77.34386444091797,486100,0.0,0.0
2016-09-09,91.97000122070312,92.12999725341797,90.86000061035156,90.86000061035156,75.72695922851562,532100,0.0,0.0
2016-09-12,90.30000305175781,92.02999877929688,89.94999694824219,91.91999816894531,76.61043548583984,637900,0.0,0.0
2016-09-13,91.18000030517578,91.83999633789062,89.5,89.8499984741211,74.88521575927734,2894000,0.0,0.0
2016-09-14,89.80000305175781,90.94999694824219,89.26000213623047,89.55000305175781,74.63516235351562,756200,0.0,0.0
2016-09-15,89.33000183105469,90.44999694824219,89.12000274658203,90.33000183105469,75.2852554321289,729800,0.0,0.0
2016-09-16,89.91999816894531,90.30000305175781,89.2300033569336,89.36000061035156,74.47682189941406,719400,0.0,0.0
2016-09-19,89.94999694824219,90.45999908447266,89.36000061035156,89.5199966430664,74.61014556884766,469200,0.0,0.0
2016-09-20,89.86000061035156,90.12999725341797,88.91000366210938,89.30999755859375,74.43514251708984,570200,0.0,0.0
2016-09-21,89.41000366210938,90.08000183105469,89.08000183105469,89.9000015258789,74.92687225341797,596100,0.0,0.0
2016-09-22,90.69000244140625,91.0,90.19999694824219,90.80999755859375,75.68529510498047,417400,0.0,0.0
2016-09-23,90.80999755859375,91.2300033569336,90.5,90.87999725341797,75.74366760253906,503200,0.0,0.0
2016-09-26,90.1500015258789,91.0,90.0,90.12999725341797,75.11856842041016,480400,0.0,0.0
2016-09-27,90.08999633789062,91.62999725341797,89.75,91.58000183105469,76.32706451416016,579500,0.0,0.0
2016-09-28,91.58999633789062,92.12000274658203,91.27999877929688,91.94999694824219,76.63545227050781,651800,0.0,0.0
2016-09-29,91.91999816894531,92.41000366210938,90.23999786376953,90.61000061035156,75.51861572265625,544300,0.0,0.0
2016-09-30,91.0199966430664,91.93000030517578,90.37999725341797,91.61000061035156,76.35208129882812,701200,0.0,0.0
2016-10-03,91.30999755859375,91.75,91.04000091552734,91.5,76.26040649414062,696000,0.0,0.0
2016-10-04,91.58000183105469,92.0199966430664,90.52999877929688,91.26000213623047,76.06038665771484,704300,0.0,0.0
2016-10-05,91.75,92.1500015258789,91.27999877929688,91.79000091552734,76.50209045410156,536400,0.0,0.0
2016-10-06,91.47000122070312,92.3499984741211,91.1500015258789,92.27999877929688,76.91047668457031,400900,0.0,0.0
2016-10-07,92.4800033569336,92.9000015258789,91.9000015258789,92.62000274658203,77.19384765625,515700,0.0,0.0
2016-10-10,92.94000244140625,93.38999938964844,92.38999938964844,92.44999694824219,77.05213165283203,396700,0.0,0.0
2016-10-11,92.19000244140625,92.23999786376953,90.73999786376953,91.16999816894531,75.98534393310547,367200,0.0,0.0
2016-10-12,91.02999877929688,91.80999755859375,90.83999633789062,91.05999755859375,75.89366912841797,543700,0.0,0.0
2016-10-13,90.30000305175781,90.83000183105469,89.37999725341797,89.77999877929688,74.82685852050781,644600,0.0,0.0
2016-10-14,90.41999816894531,90.80999755859375,89.66999816894531,89.66999816894531,74.73517608642578,524300,0.0,0.0
2016-10-17,89.66000366210938,89.91000366210938,89.4000015258789,89.58000183105469,74.66015625,600300,0.0,0.0
2016-10-18,90.4000015258789,90.48999786376953,89.51000213623047,90.38999938964844,75.33525085449219,817900,0.0,0.0
2016-10-19,89.81999969482422,91.81999969482422,89.81999969482422,91.63999938964844,76.37708282470703,529300,0.0,0.0
2016-10-20,91.6500015258789,91.69999694824219,90.87999725341797,91.05000305175781,75.88533020019531,287200,0.0,0.0
2016-10-21,90.33000183105469,90.81999969482422,89.87999725341797,90.54000091552734,75.46028137207031,299700,0.0,0.0
2016-10-24,91.23999786376953,91.54000091552734,90.9800033569336,91.27999877929688,76.0770034790039,351700,0.0,0.0
2016-10-25,91.27999877929688,91.5,90.30999755859375,90.70999908447266,75.60198211669922,525100,0.0,0.0
2016-10-26,90.4000015258789,91.56999969482422,90.20999908447266,91.37999725341797,76.16036987304688,749700,0.0,0.0
2016-10-27,91.61000061035156,91.66000366210938,88.88999938964844,88.9800033569336,74.16011047363281,685800,0.0,0.0
2016-10-28,89.58999633789062,90.19000244140625,89.0199966430664,89.38999938964844,74.50179290771484,557000,0.0,0.0
2016-10-31,89.88999938964844,90.0,89.01000213623047,89.20999908447266,74.35179901123047,844300,0.0,0.0
2016-11-01,92.27999877929688,93.4000015258789,90.94999694824219,92.7300033569336,77.28553771972656,1484700,0.0,0.0
2016-11-02,93.02999877929688,93.88999938964844,92.51000213623047,93.16000366210938,77.64390563964844,1422300,0.0,0.0
2016-11-03,92.98999786376953,93.41999816894531,92.4000015258789,92.80000305175781,77.34386444091797,563600,0.0,0.0
2016-11-04,92.77999877929688,94.66000366210938,92.3499984741211,94.25,78.55236053466797,1133900,0.0,0.0
2016-11-07,96.0,97.22000122070312,95.5199966430664,96.9800033569336,80.82766723632812,1056400,0.0,0.0
2016-11-08,96.97000122070312,97.94999694824219,96.66999816894531,97.45999908447266,81.22771453857422,778200,0.0,0.0
2016-11-09,97.16999816894531,101.47000122070312,96.81999969482422,101.19999694824219,84.34481048583984,1530700,0.0,0.0
2016-11-10,101.81999969482422,103.0199966430664,100.88999938964844,102.80999755859375,85.68667602539062,1214800,0.0,0.0
2016-11-11,102.18000030517578,103.98999786376953,102.06999969482422,103.41999816894531,86.19505310058594,866600,0.0,0.0
2016-11-14,103.97000122070312,105.9000015258789,103.61000061035156,105.06999969482422,87.57028198242188,1229500,0.0,0.0
2016-11-15,105.26000213623047,105.93000030517578,104.33000183105469,104.87000274658203,87.40357971191406,805100,0.0,0.0
2016-11-16,104.27999877929688,104.54000091552734,103.69999694824219,104.0,87.1187515258789,784700,0.53,0.0
2016-11-17,103.87000274658203,104.19999694824219,103.08000183105469,103.79000091552734,86.94284057617188,1140100,0.0,0.0
2016-11-18,103.87999725341797,104.0,102.7300033569336,103.56999969482422,86.75857543945312,827300,0.0,0.0
2016-11-21,103.91999816894531,104.6500015258789,102.9800033569336,103.9000015258789,87.03500366210938,603000,0.0,0.0
2016-11-22,104.11000061035156,104.41000366210938,103.33999633789062,104.05000305175781,87.16064453125,1088300,0.0,0.0
2016-11-23,104.06999969482422,104.52999877929688,103.37000274658203,104.16999816894531,87.26115417480469,678000,0.0,0.0
2016-11-25,104.5199966430664,105.06999969482422,104.1500015258789,104.79000091552734,87.78053283691406,170000,0.0,0.0
2016-11-28,104.38999938964844,104.72000122070312,103.66999816894531,104.01000213623047,87.12715911865234,956100,0.0,0.0
2016-11-29,104.26000213623047,105.5199966430664,104.04000091552734,104.68000030517578,87.68839263916016,743000,0.0,0.0
2016-11-30,105.16999816894531,105.77999877929688,103.54000091552734,103.55999755859375,86.75018310546875,776700,0.0,0.0
2016-12-01,104.05999755859375,104.81999969482422,103.54000091552734,104.33999633789062,87.40357971191406,833500,0.0,0.0
2016-12-02,104.30000305175781,105.70999908447266,104.06999969482422,104.95999908447266,87.92291259765625,696500,0.0,0.0
2016-12-05,105.66000366210938,106.16999816894531,105.38999938964844,105.94000244140625,88.74386596679688,785500,0.0,0.0
2016-12-06,105.77999877929688,106.5199966430664,105.05999755859375,106.4800033569336,89.19622802734375,692800,0.0,0.0
2016-12-07,106.6500015258789,107.54000091552734,106.43000030517578,107.12999725341797,89.7406997680664,784500,0.0,0.0
2016-12-08,107.04000091552734,107.44000244140625,105.37999725341797,105.91000366210938,88.7187271118164,983900,0.0,0.0
2016-12-09,106.31999969482422,106.31999969482422,104.51000213623047,105.51000213623047,88.38365173339844,671100,0.0,0.0
2016-12-12,105.05999755859375,105.19999694824219,104.13999938964844,105.0199966430664,87.97321319580078,839800,0.0,0.0
2016-12-13,105.55000305175781,106.0199966430664,104.63999938964844,105.44999694824219,88.33338165283203,759600,0.0,0.0
2016-12-14,105.37999725341797,105.94999694824219,104.81999969482422,105.1500015258789,88.08208465576172,682200,0.0,0.0
2016-12-15,105.33999633789062,105.91999816894531,104.80999755859375,105.0,87.95643615722656,550700,0.0,0.0
2016-12-16,105.08000183105469,105.44000244140625,103.87000274658203,104.0,87.1187515258789,1295200,0.0,0.0
2016-12-19,104.27999877929688,105.0,103.58999633789062,104.3499984741211,87.41192626953125,569200,0.0,0.0
2016-12-20,104.55000305175781,104.62999725341797,103.88999938964844,104.20999908447266,87.294677734375,515600,0.0,0.0
2016-12-21,104.31999969482422,104.44000244140625,103.73999786376953,103.79000091552734,86.94284057617188,465400,0.0,0.0
2016-12-22,104.12999725341797,104.4000015258789,102.95999908447266,103.69999694824219,86.86743927001953,362900,0.0,0.0
2016-12-23,103.6500015258789,103.80999755859375,103.25,103.72000122070312,86.88420867919922,212000,0.0,0.0
2016-12-27,103.72000122070312,104.16000366210938,103.12000274658203,103.43000030517578,86.64127349853516,326200,0.0,0.0
2016-12-28,103.5,103.94000244140625,103.23999786376953,103.33999633789062,86.56588745117188,474100,0.0,0.0
2016-12-29,103.19000244140625,103.5,102.62999725341797,103.11000061035156,86.37323760986328,429800,0.0,0.0
2016-12-30,103.55999755859375,103.55999755859375,102.08999633789062,102.47000122070312,85.83711242675781,521000,0.0,0.0
2017-01-03,103.37999725341797,103.8499984741211,102.44999694824219,102.72000122070312,86.0465316772461,698100,0.0,0.0
2017-01-04,103.0,103.58999633789062,102.48999786376953,103.27999877929688,86.51563262939453,660300,0.0,0.0
2017-01-05,103.11000061035156,103.93000030517578,102.69000244140625,103.41000366210938,86.62454223632812,638900,0.0,0.0
2017-01-06,103.51000213623047,104.70999908447266,103.47000122070312,104.55000305175781,87.5794906616211,683700,0.0,0.0
2017-01-09,104.19000244140625,104.37999725341797,102.12000274658203,102.13999938964844,85.56067657470703,602500,0.0,0.0
2017-01-10,102.23999786376953,102.26000213623047,101.16000366210938,101.70999908447266,85.200439453125,477900,0.0,0.0
2017-01-11,101.41999816894531,101.94999694824219,101.05000305175781,101.79000091552734,85.26749420166016,427400,0.0,0.0
2017-01-12,101.7699966430664,102.06999969482422,101.01000213623047,101.79000091552734,85.26749420166016,383200,0.0,0.0
2017-01-13,101.87000274658203,102.0,101.19000244140625,101.76000213623047,85.24236297607422,377400,0.0,0.0
2017-01-17,101.19999694824219,101.37999725341797,99.88999938964844,100.18000030517578,83.9188232421875,527000,0.0,0.0
2017-01-18,100.29000091552734,101.4000015258789,100.08999633789062,100.8499984741211,84.48005676269531,698400,0.0,0.0
2017-01-19,101.05999755859375,101.70999908447266,99.80000305175781,99.98999786376953,83.75962829589844,579000,0.0,0.0
2017-01-20,100.44999694824219,100.69999694824219,99.88999938964844,100.19000244140625,83.92719268798828,478300,0.0,0.0
2017-01-23,100.0999984741211,100.94000244140625,99.12999725341797,100.70999908447266,84.36279296875,548800,0.0,0.0
2017-01-24,100.7300033569336,102.41000366210938,100.58000183105469,102.06999969482422,85.50202178955078,436000,0.0,0.0
2017-01-25,102.37000274658203,102.37000274658203,100.83000183105469,101.12000274658203,84.70624542236328,463000,0.0,0.0
2017-01-26,101.01000213623047,101.6500015258789,100.98999786376953,101.2300033569336,84.79839324951172,377700,0.0,0.0
2017-01-27,101.45999908447266,103.61000061035156,101.02999877929688,102.52999877929688,85.88735961914062,720400,0.0,0.0
2017-01-30,104.29000091552734,104.29000091552734,101.87999725341797,102.37999725341797,85.76172637939453,555400,0.0,0.0
2017-01-31,102.16999816894531,102.7300033569336,100.61000061035156,102.70999908447266,86.03815460205078,658100,0.0,0.0
2017-02-01,102.81999969482422,103.33999633789062,101.5,101.83000183105469,85.30101013183594,748700,0.0,0.0
2017-02-02,100.80999755859375,105.31999969482422,100.79000091552734,104.9800033569336,87.93966674804688,1395700,0.0,0.0
2017-02-03,105.20999908447266,105.47000122070312,104.23999786376953,104.30000305175781,87.37007141113281,1023600,0.0,0.0
2017-02-06,104.1500015258789,105.9000015258789,104.0199966430664,105.12999725341797,88.0653305053711,1410800,0.0,0.0
2017-02-07,104.93000030517578,105.47000122070312,104.04000091552734,105.33999633789062,88.2412338256836,864000,0.0,0.0
2017-02-08,104.9800033569336,105.61000061035156,104.58000183105469,104.91000366210938,87.88103485107422,2214300,0.0,0.0
2017-02-09,105.33000183105469,105.80999755859375,104.47000122070312,104.48999786376953,87.5291976928711,878000,0.0,0.0
2017-02-10,105.01000213623047,105.93000030517578,104.16000366210938,105.73999786376953,88.57633209228516,708400,0.0,0.0
2017-02-13,106.01000213623047,107.02999877929688,105.80000305175781,107.01000213623047,89.64016723632812,676800,0.0,0.0
2017-02-14,106.36000061035156,107.97000122070312,106.0,107.94000244140625,90.41920471191406,708800,0.0,0.0
2017-02-15,107.47000122070312,108.08999633789062,107.11000061035156,107.31999969482422,89.89985656738281,1004500,0.0,0.0
2017-02-16,107.56999969482422,108.81999969482422,107.5199966430664,108.6500015258789,91.01396179199219,1107200,0.0,0.0
2017-02-17,108.56999969482422,109.47000122070312,108.0,109.45999908447266,91.6925048828125,609400,0.0,0.0
2017-02-21,109.54000091552734,111.19999694824219,109.54000091552734,111.0199966430664,92.99927520751953,727400,0.0,0.0
2017-02-22,110.51000213623047,110.69999694824219,109.62999725341797,110.44000244140625,92.513427734375,714600,0.0,0.0
2017-02-23,110.44999694824219,110.73999786376953,109.58999633789062,109.83999633789062,92.01081848144531,1252900,0.0,0.0
2017-02-24,109.58999633789062,111.0999984741211,109.5,111.0999984741211,93.06627655029297,742800,0.0,0.0
2017-02-27,111.12000274658203,111.66999816894531,110.94000244140625,111.37000274658203,93.2924575805664,1609700,0.0,0.0
2017-02-28,110.95999908447266,111.62000274658203,109.51000213623047,109.9000015258789,92.06108856201172,882100,0.0,0.0
2017-03-01,110.80000305175781,111.26000213623047,110.37999725341797,110.91000366210938,92.90714263916016,859600,0.0,0.0
2017-03-02,110.80999755859375,111.2699966430664,110.05000305175781,110.30000305175781,92.39614868164062,754400,0.0,0.0
2017-03-03,110.5,110.58999633789062,109.9800033569336,110.45999908447266,92.5301742553711,822200,0.0,0.0
2017-03-06,109.68000030517578,110.19000244140625,109.31999969482422,109.9000015258789,92.06108856201172,718800,0.0,0.0
2017-03-07,109.62999725341797,110.5199966430664,109.5199966430664,109.7300033569336,91.91866302490234,556800,0.0,0.0
2017-03-08,109.7300033569336,110.1500015258789,109.30000305175781,110.02999877929688,92.16998291015625,759800,0.0,0.0
2017-03-09,109.91000366210938,110.80999755859375,109.62000274658203,109.98999786376953,92.136474609375,1056400,0.0,0.0
2017-03-10,109.45999908447266,110.63999938964844,109.19999694824219,110.62000274658203,93.11286926269531,765700,0.53,0.0
2017-03-13,110.33999633789062,111.22000122070312,109.7699966430664,110.79000091552734,93.2559585571289,757900,0.0,0.0
2017-03-14,110.0,110.69999694824219,109.87999725341797,110.55999755859375,93.06237030029297,547800,0.0,0.0
2017-03-15,110.8499984741211,111.91999816894531,110.56999969482422,111.75,94.06404113769531,802200,0.0,0.0
2017-03-16,111.91999816894531,112.33999633789062,111.44999694824219,111.6500015258789,93.97985076904297,543500,0.0,0.0
2017-03-17,111.9800033569336,112.69000244140625,111.56999969482422,112.30999755859375,94.53540802001953,1487500,0.0,0.0
2017-03-20,112.41000366210938,112.81999969482422,112.13999938964844,112.55000305175781,94.73741912841797,448400,0.0,0.0
2017-03-21,112.58999633789062,113.0,110.76000213623047,110.9000015258789,93.34856414794922,1125600,0.0,0.0
2017-03-22,110.91000366210938,111.2300033569336,110.26000213623047,110.98999786376953,93.42430114746094,460800,0.0,0.0
2017-03-23,110.83999633789062,111.95999908447266,110.7300033569336,111.41999816894531,93.7862548828125,569900,0.0,0.0
2017-03-24,111.20999908447266,112.16000366210938,110.44999694824219,110.88999938964844,93.34014892578125,514300,0.0,0.0
2017-03-27,110.05000305175781,110.97000122070312,109.43000030517578,110.79000091552734,93.2559585571289,1134400,0.0,0.0
2017-03-28,110.73999786376953,111.98999786376953,110.5,111.69000244140625,94.01353454589844,440800,0.0,0.0
2017-03-29,111.54000091552734,111.76000213623047,110.4000015258789,111.12999725341797,93.54216003417969,552700,0.0,0.0
2017-03-30,111.19999694824219,112.05000305175781,110.87999725341797,111.79000091552734,94.09769439697266,680400,0.0,0.0
2017-03-31,111.5999984741211,111.5999984741211,110.73999786376953,111.2699966430664,93.65999603271484,812800,0.0,0.0
2017-04-03,111.37999725341797,111.69000244140625,109.79000091552734,110.2699966430664,92.8182601928711,1366900,0.0,0.0
2017-04-04,110.2300033569336,110.94999694824219,109.69000244140625,110.11000061035156,92.6835708618164,601900,0.0,0.0
2017-04-05,110.55000305175781,110.6500015258789,109.01000213623047,109.05000305175781,91.79136657714844,800900,0.0,0.0
2017-04-06,109.29000091552734,110.06999969482422,109.0199966430664,109.48999786376953,92.16170501708984,687100,0.0,0.0
2017-04-07,109.88999938964844,110.76000213623047,109.56999969482422,110.16999816894531,92.73408508300781,777000,0.0,0.0
2017-04-10,110.4000015258789,110.83000183105469,109.7699966430664,110.05999755859375,92.64149475097656,589400,0.0,0.0
2017-04-11,109.70999908447266,109.94000244140625,109.25,109.94000244140625,92.54049682617188,426300,0.0,0.0
2017-04-12,110.55000305175781,111.36000061035156,109.93000030517578,110.29000091552734,92.83509826660156,439300,0.0,0.0
2017-04-13,110.13999938964844,110.7699966430664,109.97000122070312,110.0199966430664,92.6078109741211,654800,0.0,0.0
2017-04-17,110.54000091552734,110.58000183105469,109.79000091552734,110.20999908447266,92.76776123046875,1068000,0.0,0.0
2017-04-18,109.72000122070312,110.33000183105469,109.31999969482422,109.55999755859375,92.22061920166016,906100,0.0,0.0
2017-04-19,110.06999969482422,110.25,109.37000274658203,109.41999816894531,92.102783203125,868400,0.0,0.0
2017-04-20,109.73999786376953,110.51000213623047,109.48999786376953,109.94999694824219,92.54891204833984,1374600,0.0,0.0
2017-04-21,110.16999816894531,111.30999755859375,110.01000213623047,110.2699966430664,92.8182601928711,828700,0.0,0.0
2017-04-24,111.52999877929688,112.08000183105469,111.2699966430664,111.69000244140625,94.01353454589844,646700,0.0,0.0
2017-04-25,112.0199966430664,112.19000244140625,111.20999908447266,111.20999908447266,93.60951232910156,894200,0.0,0.0
2017-04-26,111.33000183105469,111.81999969482422,110.87000274658203,111.12999725341797,93.54216003417969,976900,0.0,0.0
2017-04-27,111.55999755859375,113.33000183105469,111.44000244140625,113.29000091552734,95.36030578613281,731100,0.0,0.0
2017-04-28,112.98999786376953,113.58000183105469,111.72000122070312,111.88999938964844,94.181884765625,1340500,0.0,0.0
2017-05-01,111.55999755859375,111.55999755859375,109.19999694824219,109.70999908447266,92.34687805175781,1082200,0.0,0.0
2017-05-02,109.56999969482422,109.94000244140625,109.12000274658203,109.54000091552734,92.20378875732422,1061700,0.0,0.0
2017-05-03,109.29000091552734,110.41999816894531,108.3499984741211,109.25,91.95970916748047,953400,0.0,0.0
2017-05-04,109.7300033569336,110.48999786376953,109.5,110.0,92.59098815917969,847000,0.0,0.0
2017-05-05,110.27999877929688,111.80000305175781,110.2300033569336,110.72000122070312,93.19706726074219,970600,0.0,0.0
2017-05-08,110.81999969482422,111.0999984741211,107.8499984741211,108.0,90.90753173828125,1382000,0.0,0.0
2017-05-09,107.79000091552734,108.52999877929688,107.22000122070312,108.5,91.32840728759766,1279800,0.0,0.0
2017-05-10,108.48999786376953,108.95999908447266,108.16999816894531,108.95999908447266,91.71558380126953,716400,0.0,0.0
2017-05-11,108.51000213623047,109.05000305175781,108.04000091552734,108.97000122070312,91.72401428222656,571800,0.0,0.0
2017-05-12,109.1500015258789,109.1500015258789,107.5999984741211,107.76000213623047,90.70550537109375,551500,0.0,0.0
2017-05-15,107.88999938964844,108.81999969482422,107.7300033569336,108.62999725341797,91.43780517578125,623200,0.0,0.0
2017-05-16,108.79000091552734,108.98999786376953,108.37999725341797,108.63999938964844,91.44623565673828,637200,0.0,0.0
2017-05-17,108.63999938964844,108.63999938964844,107.05999755859375,107.18000030517578,90.21730041503906,1216600,0.0,0.0
2017-05-18,107.08999633789062,107.63999938964844,106.18000030517578,107.44000244140625,90.4361572265625,912000,0.0,0.0
2017-05-19,107.94999694824219,108.45999908447266,107.45999908447266,107.80999755859375,90.74759674072266,2390800,0.0,0.0
2017-05-22,108.33000183105469,109.29000091552734,108.06999969482422,108.55000305175781,91.37049102783203,788100,0.0,0.0
2017-05-23,108.66000366210938,109.20999908447266,107.91000366210938,108.94000244140625,91.69874572753906,515000,0.0,0.0
2017-05-24,108.69999694824219,110.0,108.63999938964844,109.87999725341797,92.4899673461914,775100,0.0,0.0
2017-05-25,110.0,111.3499984741211,109.62000274658203,111.05000305175781,93.47484588623047,602300,0.0,0.0
2017-05-26,110.93000030517578,111.16000366210938,110.1500015258789,110.55999755859375,93.06237030029297,801200,0.0,0.0
2017-05-30,110.55999755859375,111.27999877929688,109.86000061035156,110.52999877929688,93.037109375,912700,0.0,0.0
2017-05-31,110.4000015258789,112.2300033569336,109.95999908447266,112.16000366210938,94.86405181884766,1276500,0.53,0.0
2017-06-01,112.26000213623047,113.36000061035156,112.01000213623047,113.36000061035156,95.87897491455078,668300,0.0,0.0
2017-06-02,113.55999755859375,114.31999969482422,113.44000244140625,113.81999969482422,96.26803588867188,661700,0.0,0.0
2017-06-05,113.44000244140625,113.68000030517578,112.69000244140625,112.73999786376953,95.35456848144531,811500,0.0,0.0
2017-06-06,112.5199966430664,112.5199966430664,110.68000030517578,110.88999938964844,93.78987121582031,1400700,0.0,0.0
2017-06-07,110.72000122070312,111.80000305175781,110.22000122070312,110.44999694824219,93.41771697998047,1314200,0.0,0.0
2017-06-08,110.44999694824219,111.29000091552734,110.0,111.20999908447266,94.06051635742188,649200,0.0,0.0
2017-06-09,111.29000091552734,111.54000091552734,108.76000213623047,109.05999755859375,92.2420883178711,1908100,0.0,0.0
2017-06-12,109.18000030517578,109.27999877929688,107.77999877929688,108.52999877929688,91.79380798339844,1090000,0.0,0.0
2017-06-13,109.0199966430664,109.54000091552734,108.73999786376953,109.30999755859375,92.4535140991211,831900,0.0,0.0
2017-06-14,109.31999969482422,109.97000122070312,108.79000091552734,109.37000274658203,92.5042724609375,739400,0.0,0.0
2017-06-15,108.8499984741211,109.88999938964844,108.26000213623047,109.5,92.61420440673828,906300,0.0,0.0
2017-06-16,109.7699966430664,110.5999984741211,109.12999725341797,110.54000091552734,93.49383544921875,2234200,0.0,0.0
2017-06-19,110.7300033569336,112.30000305175781,110.38999938964844,112.27999877929688,94.96552276611328,713300,0.0,0.0
2017-06-20,112.01000213623047,112.69000244140625,111.83999633789062,111.87000274658203,94.61872863769531,544100,0.0,0.0
2017-06-21,111.80999755859375,112.33000183105469,111.48999786376953,111.70999908447266,94.4833984375,424200,0.0,0.0
2017-06-22,111.62000274658203,112.25,110.98999786376953,110.98999786376953,93.87444305419922,407900,0.0,0.0
2017-06-23,111.0199966430664,111.5999984741211,110.66000366210938,111.38999938964844,94.21277618408203,1451900,0.0,0.0
2017-06-26,111.5199966430664,112.43000030517578,110.70999908447266,110.91000366210938,93.80681610107422,582900,0.0,0.0
2017-06-27,110.80000305175781,111.0999984741211,109.30999755859375,109.3499984741211,92.48735046386719,478600,0.0,0.0
2017-06-28,110.0199966430664,110.83000183105469,109.52999877929688,110.41999816894531,93.392333984375,514900,0.0,0.0
2017-06-29,110.30000305175781,110.30000305175781,108.29000091552734,108.98999786376953,92.1828842163086,949600,0.0,0.0
2017-06-30,109.20999908447266,110.20999908447266,108.69999694824219,109.08000183105469,92.25897216796875,467200,0.0,0.0
2017-07-03,109.80000305175781,110.20999908447266,109.08000183105469,109.66999816894531,92.75801086425781,466400,0.0,0.0
2017-07-05,109.66000366210938,110.94999694824219,109.55999755859375,110.83000183105469,93.73914337158203,713500,0.0,0.0
2017-07-06,110.37999725341797,111.0199966430664,110.19999694824219,110.27999877929688,93.27394104003906,647200,0.0,0.0
2017-07-07,111.16000366210938,113.02999877929688,110.66000366210938,112.80999755859375,95.4137954711914,1010100,0.0,0.0
2017-07-10,112.81999969482422,114.22000122070312,112.4000015258789,113.9000015258789,96.33570098876953,1608700,0.0,0.0
2017-07-11,113.9000015258789,114.97000122070312,113.63999938964844,114.72000122070312,97.0292739868164,795700,0.0,0.0
2017-07-12,115.44000244140625,116.08999633789062,115.0,115.58999633789062,97.7651138305664,555200,0.0,0.0
2017-07-13,115.66000366210938,115.79000091552734,114.79000091552734,115.13999938964844,97.3844985961914,664500,0.0,0.0
2017-07-14,115.22000122070312,115.43000030517578,114.06999969482422,115.18000030517578,97.41834259033203,1047900,0.0,0.0
2017-07-17,115.0,115.1500015258789,113.38999938964844,113.48999786376953,95.98893737792969,1057900,0.0,0.0
2017-07-18,113.08999633789062,113.80000305175781,112.93000030517578,113.77999877929688,96.23421478271484,599100,0.0,0.0
2017-07-19,114.13999938964844,114.6500015258789,114.13999938964844,114.43000030517578,96.78398895263672,523300,0.0,0.0
2017-07-20,114.58999633789062,114.76000213623047,113.94999694824219,114.2300033569336,96.61481475830078,519100,0.0,0.0
2017-07-21,113.91999816894531,114.5199966430664,113.6500015258789,113.94000244140625,96.36953735351562,1050500,0.0,0.0
2017-07-24,114.08000183105469,114.41000366210938,113.66999816894531,113.94000244140625,96.36953735351562,674800,0.0,0.0
2017-07-25,114.41999816894531,115.0999984741211,114.05000305175781,114.97000122070312,97.24072265625,351000,0.0,0.0
2017-07-26,115.2699966430664,115.52999877929688,114.56999969482422,115.2300033569336,97.46060943603516,419500,0.0,0.0
2017-07-27,115.63999938964844,115.63999938964844,113.27999877929688,113.87999725341797,96.31879425048828,715400,0.0,0.0
2017-07-28,113.81999969482422,114.47000122070312,113.69999694824219,114.41000366210938,96.76707458496094,374600,0.0,0.0
2017-07-31,114.80000305175781,114.97000122070312,113.97000122070312,114.47000122070312,96.81782531738281,786000,0.0,0.0
2017-08-01,113.62000274658203,116.48999786376953,111.72000122070312,115.8499984741211,97.98497009277344,1085000,0.0,0.0
2017-08-02,116.05000305175781,116.93000030517578,115.97000122070312,116.25,98.32331848144531,1008900,0.0,0.0
2017-08-03,115.95999908447266,116.94999694824219,115.94999694824219,116.91000366210938,98.88153839111328,592400,0.0,0.0
2017-08-04,117.26000213623047,117.70999908447266,116.37999725341797,116.69000244140625,98.69544982910156,390600,0.0,0.0
2017-08-07,116.69000244140625,117.41999816894531,116.62000274658203,117.37999725341797,99.27906799316406,575000,0.0,0.0
2017-08-08,117.26000213623047,117.80999755859375,116.7300033569336,116.88999938964844,98.8646469116211,646900,0.0,0.0
2017-08-09,116.75,118.58999633789062,116.7300033569336,118.55000305175781,100.26864624023438,602300,0.0,0.0
2017-08-10,117.86000061035156,118.98999786376953,117.86000061035156,118.2300033569336,99.99801635742188,949800,0.0,0.0
2017-08-11,118.2699966430664,119.06999969482422,118.18000030517578,118.37000274658203,100.11639404296875,532000,0.0,0.0
2017-08-14,119.0,120.29000091552734,118.98999786376953,119.83999633789062,101.35968017578125,822700,0.0,0.0
2017-08-15,120.02999877929688,120.54000091552734,119.69000244140625,119.79000091552734,101.31742858886719,587600,0.0,0.0
2017-08-16,119.98999786376953,121.2699966430664,119.9800033569336,120.25,101.70649719238281,510200,0.0,0.0
2017-08-17,119.3499984741211,120.6500015258789,119.11000061035156,119.11000061035156,100.74227905273438,565400,0.0,0.0
2017-08-18,118.97000122070312,119.33999633789062,118.66000366210938,118.70999908447266,100.40396881103516,527900,0.0,0.0
2017-08-21,118.69999694824219,119.06999969482422,117.45999908447266,118.55999755859375,100.2771224975586,462100,0.0,0.0
2017-08-22,118.86000061035156,120.33999633789062,118.62000274658203,119.98999786376953,101.486572265625,477700,0.0,0.0
2017-08-23,119.68000030517578,119.98999786376953,118.94000244140625,119.08000183105469,100.7168960571289,501900,0.0,0.0
2017-08-24,119.31999969482422,119.52999877929688,118.73999786376953,118.83999633789062,100.5138931274414,339600,0.0,0.0
2017-08-25,119.30000305175781,120.06999969482422,119.05999755859375,119.66000366210938,101.20748901367188,333500,0.0,0.0
2017-08-28,120.27999877929688,122.37000274658203,120.27999877929688,121.33000183105469,102.61993408203125,1433500,0.0,0.0
2017-08-29,120.76000213623047,121.69999694824219,120.56999969482422,121.51000213623047,102.77217864990234,779600,0.0,0.0
2017-08-30,121.55999755859375,122.38999938964844,121.16000366210938,122.33999633789062,103.47418212890625,938600,0.0,0.0
2017-08-31,122.44999694824219,123.26000213623047,122.33999633789062,122.9000015258789,103.94784545898438,881100,0.0,0.0
2017-09-01,123.5199966430664,123.56999969482422,122.55000305175781,123.1500015258789,104.15926361083984,453100,0.0,0.0
2017-09-05,123.0,123.30999755859375,122.02999877929688,122.88999938964844,103.93936920166016,670800,0.0,0.0
2017-09-06,123.37999725341797,123.37999725341797,122.0999984741211,122.72000122070312,103.79558563232422,795700,0.0,0.0
2017-09-07,122.63999938964844,122.76000213623047,121.61000061035156,122.44999694824219,104.05050659179688,598600,0.57,0.0
2017-09-08,122.13999938964844,123.02999877929688,121.37999725341797,122.51000213623047,104.10150909423828,516800,0.0,0.0
2017-09-11,123.08000183105469,123.47000122070312,122.9000015258789,123.2699966430664,104.7472915649414,655900,0.0,0.0
2017-09-12,123.5,123.75,123.01000213623047,123.66999816894531,105.08719635009766,411900,0.0,0.0
2017-09-13,123.37999725341797,123.76000213623047,122.80999755859375,123.29000091552734,104.7643051147461,583500,0.0,0.0
2017-09-14,123.0,124.3499984741211,122.61000061035156,124.25,105.5800552368164,911700,0.0,0.0
2017-09-15,124.75,126.9800033569336,124.75,126.87000274658203,107.80635833740234,1501000,0.0,0.0
2017-09-18,127.33000183105469,128.97999572753906,126.97000122070312,128.97999572753906,109.59932708740234,1007100,0.0,0.0
2017-09-19,129.1999969482422,130.97000122070312,128.6199951171875,130.91000366210938,111.23930358886719,1066000,0.0,0.0
2017-09-20,131.1199951171875,131.6300048828125,130.63999938964844,131.60000610351562,111.82562255859375,751200,0.0,0.0
2017-09-21,131.42999267578125,131.89999389648438,130.72000122070312,131.05999755859375,111.36676788330078,648300,0.0,0.0
2017-09-22,131.41000366210938,131.88999938964844,131.05999755859375,131.8000030517578,111.99556732177734,553800,0.0,0.0
2017-09-25,131.52000427246094,131.7100067138672,129.86000061035156,130.75,111.10334014892578,753900,0.0,0.0
2017-09-26,131.0,131.6999969482422,130.75,131.52000427246094,111.75765228271484,358100,0.0,0.0
2017-09-27,131.61000061035156,132.0,130.7899932861328,131.36000061035156,111.6216812133789,609500,0.0,0.0
2017-09-28,131.1300048828125,131.50999450683594,130.1699981689453,130.9499969482422,111.27327728271484,522500,0.0,0.0
2017-09-29,130.8699951171875,131.74000549316406,130.3800048828125,131.67999267578125,111.89362335205078,455300,0.0,0.0
2017-10-02,131.82000732421875,132.8300018310547,131.52000427246094,132.80999755859375,112.85379791259766,499200,0.0,0.0
2017-10-03,133.0,133.8000030517578,132.25,133.30999755859375,113.27867889404297,491200,0.0,0.0
2017-10-04,133.00999450683594,134.00999450683594,132.58999633789062,134.0,113.86499786376953,412900,0.0,0.0
2017-10-05,134.13999938964844,135.0,134.0,134.7899932861328,114.53628540039062,411200,0.0,0.0
2017-10-06,134.4600067138672,135.75,134.19000244140625,135.66000366210938,115.27555847167969,419700,0.0,0.0
2017-10-09,136.0,136.2100067138672,135.5500030517578,135.8800048828125,115.46249389648438,425000,0.0,0.0
2017-10-10,136.41000366210938,136.6300048828125,135.5399932861328,136.07000732421875,115.62397766113281,491100,0.0,0.0
2017-10-11,136.1199951171875,136.4499969482422,135.63999938964844,136.0,115.56444549560547,466400,0.0,0.0
2017-10-12,135.80999755859375,136.8300018310547,135.80999755859375,136.6199951171875,116.09132385253906,414100,0.0,0.0
2017-10-13,136.94000244140625,137.16000366210938,136.44000244140625,136.55999755859375,116.04035949707031,397200,0.0,0.0
2017-10-16,136.75999450683594,136.85000610351562,135.8300018310547,135.89999389648438,115.4794921875,400800,0.0,0.0
2017-10-17,135.9499969482422,136.97000122070312,135.9499969482422,136.08999633789062,115.64093017578125,468500,0.0,0.0
2017-10-18,136.3000030517578,136.4499969482422,134.33999633789062,134.83999633789062,114.57874298095703,522900,0.0,0.0
2017-10-19,134.69000244140625,135.74000549316406,133.66000366210938,135.61000061035156,115.23307037353516,470500,0.0,0.0
2017-10-20,136.1999969482422,137.1699981689453,135.49000549316406,136.72999572753906,116.18474578857422,437300,0.0,0.0
2017-10-23,137.2100067138672,137.63999938964844,136.60000610351562,136.82000732421875,116.2612533569336,535800,0.0,0.0
2017-10-24,137.1699981689453,137.38999938964844,136.47999572753906,136.9600067138672,116.38021087646484,405600,0.0,0.0
2017-10-25,137.0,137.44000244140625,136.0800018310547,136.55999755859375,116.04035949707031,444100,0.0,0.0
2017-10-26,136.8800048828125,137.38999938964844,135.52999877929688,135.86000061035156,115.44548034667969,400700,0.0,0.0
2017-10-27,136.4600067138672,137.05999755859375,136.11000061035156,136.52999877929688,116.01483917236328,296300,0.0,0.0
2017-10-30,136.6999969482422,136.83999633789062,135.16000366210938,135.63999938964844,115.25856018066406,705600,0.0,0.0
2017-10-31,135.64999389648438,139.52999877929688,135.2100067138672,139.32000732421875,118.38562774658203,830000,0.0,0.0
2017-11-01,140.86000061035156,141.97000122070312,136.7899932861328,137.14999389648438,116.54167175292969,1037200,0.0,0.0
2017-11-02,137.16000366210938,137.27000427246094,135.9499969482422,137.10000610351562,116.4991683959961,609900,0.0,0.0
2017-11-03,137.8699951171875,139.75,137.25999450683594,139.41000366210938,118.46208953857422,994000,0.0,0.0
2017-11-06,139.55999755859375,139.55999755859375,138.35000610351562,138.99000549316406,118.10519409179688,844800,0.0,0.0
2017-11-07,139.02999877929688,139.72000122070312,138.33999633789062,139.3699951171875,118.42806243896484,511400,0.0,0.0
2017-11-08,139.2899932861328,141.5399932861328,139.0,141.2899932861328,120.0595932006836,601000,0.0,0.0
2017-11-09,140.4600067138672,140.80999755859375,136.77000427246094,137.55999755859375,116.89006042480469,672100,0.0,0.0
2017-11-10,136.92999267578125,138.8800048828125,136.92999267578125,138.75999450683594,117.90970611572266,591800,0.0,0.0
2017-11-13,138.22000122070312,139.47999572753906,137.86000061035156,138.97000122070312,118.08818817138672,392200,0.0,0.0
2017-11-14,138.5500030517578,139.3699951171875,137.25,139.33999633789062,118.40261840820312,462500,0.0,0.0
2017-11-15,139.1300048828125,139.1999969482422,137.82000732421875,138.97000122070312,118.08818817138672,413600,0.0,0.0
2017-11-16,139.27000427246094,140.47999572753906,139.25999450683594,140.35000610351562,119.75200653076172,502500,0.57,0.0
2017-11-17,140.08999633789062,141.1199951171875,139.72999572753906,139.83999633789062,119.31683349609375,610700,0.0,0.0
2017-11-20,140.3699951171875,142.0399932861328,140.25,141.9199981689453,121.09161376953125,571300,0.0,0.0
2017-11-21,142.97999572753906,144.75,142.50999450683594,144.0,122.8663558959961,1053500,0.0,0.0
2017-11-22,144.0,144.0,142.52000427246094,142.52000427246094,121.60356140136719,596300,0.0,0.0
2017-11-24,142.77000427246094,144.24000549316406,142.35000610351562,143.94000244140625,122.81513977050781,310700,0.0,0.0
2017-11-27,144.02999877929688,144.24000549316406,143.10000610351562,143.5,122.43972778320312,502100,0.0,0.0
2017-11-28,143.88999938964844,144.47000122070312,143.52000427246094,144.1999969482422,123.03697204589844,601600,0.0,0.0
2017-11-29,144.1999969482422,144.6300048828125,142.0,143.22000122070312,122.20082092285156,658600,0.0,0.0
2017-11-30,143.97999572753906,144.94000244140625,142.58999633789062,144.5,123.29293823242188,2345000,0.0,0.0
2017-12-01,144.1999969482422,144.41000366210938,140.97999572753906,142.86000061035156,121.89361572265625,784900,0.0,0.0
2017-12-04,144.0399932861328,144.0399932861328,141.11000061035156,141.69000244140625,120.8954086303711,688300,0.0,0.0
2017-12-05,142.05999755859375,143.7899932861328,141.17999267578125,142.5800018310547,121.65471649169922,704900,0.0,0.0
2017-12-06,142.41000366210938,143.22000122070312,141.7899932861328,142.52000427246094,121.60356140136719,428100,0.0,0.0
2017-12-07,142.22999572753906,143.58999633789062,142.22999572753906,143.1999969482422,122.18372344970703,312800,0.0,0.0
2017-12-08,143.9600067138672,144.10000610351562,142.85000610351562,143.25,122.22643280029297,462200,0.0,0.0
2017-12-11,138.0800018310547,143.91000366210938,138.0800018310547,142.63999938964844,121.70594787597656,492200,0.0,0.0
2017-12-12,142.36000061035156,142.7899932861328,140.88999938964844,141.4199981689453,120.66497039794922,662200,0.0,0.0
2017-12-13,141.3300018310547,143.55999755859375,141.17999267578125,141.94000244140625,121.10867309570312,657600,0.0,0.0
2017-12-14,142.57000732421875,142.57000732421875,141.24000549316406,141.27000427246094,120.5369873046875,562200,0.0,0.0
2017-12-15,142.25999450683594,144.60000610351562,141.7100067138672,144.08999633789062,122.94312286376953,2392400,0.0,0.0
2017-12-18,144.6999969482422,144.6999969482422,142.5500030517578,142.6699981689453,121.7315444946289,687000,0.0,0.0
2017-12-19,142.7100067138672,143.83999633789062,142.05999755859375,142.57000732421875,121.64616394042969,469200,0.0,0.0
2017-12-20,142.88999938964844,143.19000244140625,141.91000366210938,142.33999633789062,121.44995880126953,524200,0.0,0.0
2017-12-21,142.86000061035156,143.11000061035156,141.72999572753906,142.7899932861328,121.83393859863281,387600,0.0,0.0
2017-12-22,143.0399932861328,143.10000610351562,141.97000122070312,142.77999877929688,121.82538604736328,350200,0.0,0.0
2017-12-26,142.67999267578125,143.19000244140625,141.83999633789062,142.1999969482422,121.33052062988281,323000,0.0,0.0
2017-12-27,142.3000030517578,143.35000610351562,142.0500030517578,143.22000122070312,122.20082092285156,285700,0.0,0.0
2017-12-28,143.86000061035156,143.86000061035156,141.89999389648438,143.22000122070312,122.20082092285156,540500,0.0,0.0
2017-12-29,143.2899932861328,143.2899932861328,141.6199951171875,141.64999389648438,120.86121368408203,616500,0.0,0.0
2018-01-02,142.0399932861328,142.77999877929688,141.30999755859375,142.07000732421875,121.21956634521484,932400,0.0,0.0
2018-01-03,142.47000122070312,143.25999450683594,140.83999633789062,142.82000732421875,121.85952758789062,766300,0.0,0.0
2018-01-04,142.92999267578125,143.55999755859375,142.00999450683594,142.42999267578125,121.52677154541016,651000,0.0,0.0
2018-01-05,142.69000244140625,143.85000610351562,142.00999450683594,143.74000549316406,122.64448547363281,686800,0.0,0.0
2018-01-08,143.80999755859375,146.6300048828125,143.6199951171875,146.39999389648438,124.91410827636719,590300,0.0,0.0
2018-01-09,146.75,146.9600067138672,145.25,145.6199951171875,124.24860382080078,763300,0.0,0.0
2018-01-10,145.3300018310547,145.38999938964844,143.92999267578125,145.14999389648438,123.84761810302734,422900,0.0,0.0
2018-01-11,145.16000366210938,145.91000366210938,144.8699951171875,145.3000030517578,123.97557067871094,449300,0.0,0.0
2018-01-12,145.25,147.3300018310547,145.11000061035156,147.2100067138672,125.6052474975586,565500,0.0,0.0
2018-01-16,148.55999755859375,148.72999572753906,145.66000366210938,145.77000427246094,124.37659454345703,570300,0.0,0.0
2018-01-17,146.1300048828125,147.77000427246094,145.64999389648438,147.61000061035156,125.946533203125,620700,0.0,0.0
2018-01-18,147.6999969482422,148.49000549316406,145.7100067138672,145.74000549316406,124.35095977783203,598300,0.0,0.0
2018-01-19,146.4199981689453,146.44000244140625,145.52999877929688,145.88999938964844,124.47892761230469,522200,0.0,0.0
2018-01-22,145.75999450683594,145.75999450683594,142.63999938964844,143.19000244140625,122.17523193359375,880600,0.0,0.0
2018-01-23,143.44000244140625,143.44000244140625,142.1999969482422,142.41000366210938,121.50968933105469,657000,0.0,0.0
2018-01-24,142.6199951171875,144.11000061035156,142.55999755859375,143.10000610351562,122.0984115600586,604500,0.0,0.0
2018-01-25,143.60000610351562,144.6999969482422,143.10000610351562,144.47000122070312,123.26736450195312,449500,0.0,0.0
2018-01-26,145.0,146.1699981689453,143.27000427246094,146.14999389648438,124.70079803466797,1033000,0.0,0.0
2018-01-29,146.3699951171875,147.86000061035156,146.32000732421875,147.19000244140625,125.58817291259766,812300,0.0,0.0
2018-01-30,148.9499969482422,157.6999969482422,148.3300018310547,156.30999755859375,133.36972045898438,1633300,0.0,0.0
2018-01-31,157.36000061035156,160.22999572753906,157.02000427246094,159.3800048828125,135.98912048339844,1198100,0.0,0.0
2018-02-01,158.8699951171875,160.6699981689453,157.07000732421875,157.67999267578125,134.53863525390625,1022300,0.0,0.0
2018-02-02,157.17999267578125,158.74000549316406,155.77000427246094,155.89999389648438,133.01983642578125,788600,0.0,0.0
2018-02-05,154.27000427246094,156.14999389648438,146.24000549316406,148.1999969482422,126.44993591308594,1237900,0.0,0.0
2018-02-06,144.67999267578125,149.3000030517578,143.02999877929688,148.63999938964844,126.82535552978516,1217700,0.0,0.0
2018-02-07,148.44000244140625,153.8800048828125,147.3699951171875,152.7899932861328,130.3662872314453,1165600,0.0,0.0
2018-02-08,154.44000244140625,155.3000030517578,149.8000030517578,149.83999633789062,127.84923553466797,1432400,0.0,0.0
2018-02-09,151.00999450683594,154.72000122070312,148.82000732421875,153.02000427246094,130.56251525878906,1290100,0.0,0.0
2018-02-12,153.77999877929688,154.5,150.61000061035156,152.7899932861328,130.3662872314453,828700,0.0,0.0
2018-02-13,151.8800048828125,153.27999877929688,151.07000732421875,153.02000427246094,130.56251525878906,928600,0.0,0.0
2018-02-14,152.25999450683594,155.27999877929688,151.72999572753906,154.97000122070312,132.2263641357422,651300,0.0,0.0
2018-02-15,155.97999572753906,156.92999267578125,153.89999389648438,156.22999572753906,133.3014373779297,706500,0.0,0.0
2018-02-16,155.7899932861328,157.22999572753906,154.50999450683594,156.66000366210938,133.6683349609375,633900,0.0,0.0
2018-02-20,156.30999755859375,158.5,155.75,157.00999450683594,133.96694946289062,582300,0.0,0.0
2018-02-21,157.2100067138672,161.0399932861328,156.61000061035156,158.1699981689453,134.95669555664062,901400,0.0,0.0
2018-02-22,158.38999938964844,159.9199981689453,157.63999938964844,157.99000549316406,134.8031768798828,534400,0.0,0.0
2018-02-23,158.36000061035156,158.80999755859375,157.1699981689453,158.8000030517578,135.49429321289062,422700,0.0,0.0
2018-02-26,159.4600067138672,160.8300018310547,158.6199951171875,159.5399932861328,136.1256866455078,494400,0.0,0.0
2018-02-27,159.27000427246094,161.0,159.0,159.02000427246094,135.68197631835938,571200,0.0,0.0
2018-02-28,159.8800048828125,159.91000366210938,156.11000061035156,156.14999389648438,133.23316955566406,794100,0.0,0.0
2018-03-01,156.39999389648438,156.39999389648438,150.74000549316406,152.8699951171875,130.43455505371094,1140600,0.0,0.0
2018-03-02,151.58999633789062,154.36000061035156,150.0500030517578,153.86000061035156,131.279296875,629400,0.0,0.0
2018-03-05,153.0,154.33999633789062,151.1999969482422,154.25999450683594,131.62057495117188,748700,0.0,0.0
2018-03-06,154.63999938964844,154.9600067138672,153.77999877929688,154.6699981689453,131.97039794921875,527600,0.0,0.0
2018-03-07,152.97000122070312,156.25999450683594,152.50999450683594,155.75999450683594,133.39199829101562,765400,0.57,0.0
2018-03-08,156.2100067138672,156.2899932861328,153.74000549316406,155.74000549316406,133.3748779296875,569900,0.0,0.0
2018-03-09,156.5,157.77999877929688,155.57000732421875,157.72000122070312,135.0705108642578,483400,0.0,0.0
2018-03-12,158.13999938964844,159.5800018310547,157.5500030517578,158.02000427246094,135.32748413085938,876000,0.0,0.0
2018-03-13,158.52000427246094,159.5,157.60000610351562,158.10000610351562,135.39599609375,724500,0.0,0.0
2018-03-14,159.05999755859375,159.67999267578125,156.6199951171875,157.5800018310547,134.95065307617188,650300,0.0,0.0
2018-03-15,157.75,158.4600067138672,156.7899932861328,158.17999267578125,135.4644775390625,609400,0.0,0.0
2018-03-16,158.1300048828125,158.41000366210938,155.24000549316406,156.50999450683594,134.03431701660156,2300100,0.0,0.0
2018-03-19,156.0500030517578,156.66000366210938,154.75999450683594,156.42999267578125,133.96578979492188,955600,0.0,0.0
2018-03-20,156.9499969482422,158.89999389648438,156.3800048828125,158.82000732421875,136.01258850097656,775000,0.0,0.0
2018-03-21,159.13999938964844,161.0399932861328,158.72999572753906,159.80999755859375,136.86036682128906,610200,0.0,0.0
2018-03-22,158.4199981689453,160.88999938964844,154.25999450683594,154.57000732421875,132.37290954589844,750300,0.0,0.0
2018-03-23,154.6300048828125,159.7100067138672,154.6300048828125,157.19000244140625,134.61668395996094,892900,0.0,0.0
2018-03-26,158.8300018310547,162.3699951171875,158.8300018310547,162.07000732421875,138.79586791992188,1035700,0.0,0.0
2018-03-27,162.8800048828125,164.5800018310547,159.44000244140625,160.35000610351562,137.3228759765625,1218300,0.0,0.0
2018-03-28,160.4199981689453,161.3000030517578,158.75,159.77999877929688,136.83470153808594,1299600,0.0,0.0
2018-03-29,159.9600067138672,162.4199981689453,158.7100067138672,161.27999877929688,138.11927795410156,1367600,0.0,0.0
2018-04-02,160.97999572753906,161.8699951171875,157.67999267578125,159.6300048828125,136.70628356933594,1018100,0.0,0.0
2018-04-03,160.3000030517578,161.0,157.47999572753906,159.6999969482422,136.7661895751953,903800,0.0,0.0
2018-04-04,157.7100067138672,162.30999755859375,157.4600067138672,162.2899932861328,138.98426818847656,650300,0.0,0.0
2018-04-05,162.86000061035156,164.69000244140625,161.88999938964844,164.3300018310547,140.73126220703125,793800,0.0,0.0
2018-04-06,163.2899932861328,164.39999389648438,159.82000732421875,161.0399932861328,137.91375732421875,584300,0.0,0.0
2018-04-09,162.22999572753906,164.63999938964844,161.9600067138672,162.8300018310547,139.44671630859375,757800,0.0,0.0
2018-04-10,164.32000732421875,164.6199951171875,161.1999969482422,162.38999938964844,139.0699005126953,870100,0.0,0.0
2018-04-11,161.52999877929688,163.17999267578125,160.8300018310547,161.86000061035156,138.6160125732422,665100,0.0,0.0
2018-04-12,162.13999938964844,163.92999267578125,161.97999572753906,162.75999450683594,139.38671875,569700,0.0,0.0
2018-04-13,162.8699951171875,163.50999450683594,161.13999938964844,161.69000244140625,138.47039794921875,425700,0.0,0.0
2018-04-16,163.3000030517578,165.42999267578125,162.33999633789062,165.17999267578125,141.45921325683594,590600,0.0,0.0
2018-04-17,165.92999267578125,167.60000610351562,165.35000610351562,166.9600067138672,142.9835968017578,449600,0.0,0.0
2018-04-18,167.52000427246094,168.55999755859375,166.69000244140625,168.27999877929688,144.1140899658203,495600,0.0,0.0
2018-04-19,168.2100067138672,169.27999877929688,167.08999633789062,168.86000061035156,144.6107635498047,468100,0.0,0.0
2018-04-20,168.6300048828125,169.52999877929688,167.61000061035156,168.0,143.8743133544922,480900,0.0,0.0
2018-04-23,168.64999389648438,169.13999938964844,168.0,169.0,144.73065185546875,357200,0.0,0.0
2018-04-24,169.64999389648438,170.5399932861328,162.38999938964844,164.82000732421875,141.1509552001953,765300,0.0,0.0
2018-04-25,164.47999572753906,164.9600067138672,158.64999389648438,161.16000366210938,138.01654052734375,1082400,0.0,0.0
2018-04-26,161.07000732421875,161.75,159.30999755859375,159.75,136.80897521972656,1272800,0.0,0.0
2018-04-27,159.75,161.1300048828125,157.60000610351562,158.14999389648438,135.43878173828125,659900,0.0,0.0
2018-04-30,158.33999633789062,158.8300018310547,156.0800018310547,156.4199981689453,133.9571990966797,750000,0.0,0.0
2018-05-01,157.16000366210938,157.5399932861328,151.02000427246094,151.77999877929688,129.9835205078125,1228200,0.0,0.0
2018-05-02,153.3000030517578,157.33999633789062,146.32000732421875,146.75999450683594,125.68443298339844,1298300,0.0,0.0
2018-05-03,145.94000244140625,148.22999572753906,143.25999450683594,147.3000030517578,126.14693450927734,1109000,0.0,0.0
2018-05-04,146.64999389648438,149.9199981689453,146.08999633789062,149.83999633789062,128.32211303710938,825500,0.0,0.0
2018-05-07,149.83999633789062,150.72000122070312,148.49000549316406,149.8800048828125,128.35643005371094,878200,0.0,0.0
2018-05-08,151.3800048828125,154.3800048828125,151.00999450683594,153.94000244140625,131.83335876464844,1612500,0.0,0.0
2018-05-09,154.30999755859375,155.74000549316406,153.27999877929688,155.38999938964844,133.0751190185547,726600,0.0,0.0
2018-05-10,156.02999877929688,156.8000030517578,155.2100067138672,156.7100067138672,134.20558166503906,500900,0.0,0.0
2018-05-11,156.24000549316406,157.3699951171875,155.86000061035156,156.64999389648438,134.15419006347656,465600,0.0,0.0
2018-05-14,156.77999877929688,156.77999877929688,154.41000366210938,155.1699981689453,132.88673400878906,500000,0.0,0.0
2018-05-15,154.27999877929688,155.00999450683594,153.80999755859375,154.8800048828125,132.63833618164062,526200,0.0,0.0
2018-05-16,155.10000610351562,155.8000030517578,153.6199951171875,153.6999969482422,131.6278076171875,616800,0.0,0.0
2018-05-17,153.08999633789062,153.4499969482422,151.97000122070312,152.83999633789062,130.8913116455078,942700,0.0,0.0
2018-05-18,152.75,154.1300048828125,152.27999877929688,153.89999389648438,131.79910278320312,674400,0.0,0.0
2018-05-21,154.63999938964844,155.27000427246094,153.1699981689453,154.47000122070312,132.28724670410156,558800,0.0,0.0
2018-05-22,154.0800018310547,154.52000427246094,150.67999267578125,150.72999572753906,129.08432006835938,614200,0.0,0.0
2018-05-23,150.13999938964844,154.11000061035156,149.83999633789062,153.92999267578125,131.8248291015625,622300,0.0,0.0
2018-05-24,153.41000366210938,154.3800048828125,152.1699981689453,153.91000366210938,131.80767822265625,618800,0.0,0.0
2018-05-25,153.89999389648438,154.25999450683594,152.47000122070312,152.89999389648438,130.9426727294922,394400,0.0,0.0
2018-05-29,152.25,152.39999389648438,150.35000610351562,150.86000061035156,129.1957244873047,655700,0.0,0.0
2018-05-30,151.57000732421875,154.2100067138672,150.60000610351562,152.75,130.81423950195312,616000,0.0,0.0
2018-05-31,151.8800048828125,151.99000549316406,150.14999389648438,150.47000122070312,129.34432983398438,759100,0.57,0.0
2018-06-01,151.2899932861328,153.25999450683594,150.92999267578125,152.69000244140625,131.252685546875,502400,0.0,0.0
2018-06-04,153.4199981689453,154.1199951171875,152.2899932861328,152.89999389648438,131.43310546875,419500,0.0,0.0
2018-06-05,152.44000244140625,153.19000244140625,151.2899932861328,152.9499969482422,131.4761505126953,1039800,0.0,0.0
2018-06-06,153.13999938964844,153.89999389648438,152.7899932861328,153.47999572753906,131.9317169189453,852000,0.0,0.0
2018-06-07,153.4199981689453,154.38999938964844,152.33999633789062,152.97999572753906,131.501953125,434100,0.0,0.0
2018-06-08,153.0,154.75,152.64999389648438,154.64999389648438,132.93743896484375,457700,0.0,0.0
2018-06-11,154.4199981689453,156.1999969482422,153.8699951171875,154.22999572753906,132.57644653320312,907100,0.0,0.0
2018-06-12,154.9600067138672,154.9600067138672,151.86000061035156,152.36000061035156,130.96897888183594,455200,0.0,0.0
2018-06-13,152.0399932861328,153.14999389648438,151.99000549316406,152.24000549316406,130.86582946777344,682600,0.0,0.0
2018-06-14,152.60000610351562,153.5,149.7899932861328,149.9499969482422,128.89730834960938,523000,0.0,0.0
2018-06-15,149.33999633789062,149.33999633789062,147.24000549316406,149.22999572753906,128.27842712402344,1513800,0.0,0.0
2018-06-18,148.57000732421875,149.6999969482422,147.97999572753906,149.27000427246094,128.3127899169922,742800,0.0,0.0
2018-06-19,147.92999267578125,148.16000366210938,145.0,145.4499969482422,125.02912139892578,802900,0.0,0.0
2018-06-20,145.38999938964844,146.19000244140625,144.83999633789062,145.22999572753906,124.84000396728516,562400,0.0,0.0
2018-06-21,144.3699951171875,145.27000427246094,142.60000610351562,143.14999389648438,123.05204010009766,802100,0.0,0.0
2018-06-22,143.6699981689453,144.13999938964844,142.5,143.6999969482422,123.52481842041016,1387400,0.0,0.0
2018-06-25,143.38999938964844,145.0399932861328,142.6999969482422,144.1199951171875,123.8858642578125,542300,0.0,0.0
2018-06-26,144.33999633789062,145.3000030517578,143.66000366210938,144.2899932861328,124.03199768066406,598700,0.0,0.0
2018-06-27,144.5800018310547,146.9499969482422,143.72999572753906,143.82000732421875,123.62799072265625,686400,0.0,0.0
2018-06-28,143.50999450683594,145.25,143.0,144.75999450683594,124.43601989746094,431700,0.0,0.0
2018-06-29,145.25999450683594,146.19000244140625,144.3800048828125,144.5399932861328,124.24688720703125,718400,0.0,0.0
2018-07-02,143.6999969482422,146.08999633789062,142.9600067138672,145.97000122070312,125.47613525390625,506300,0.0,0.0
2018-07-03,146.27000427246094,147.02999877929688,145.36000061035156,145.75999450683594,125.29562377929688,378500,0.0,0.0
2018-07-05,145.64999389648438,146.17999267578125,143.38999938964844,143.97000122070312,123.75696563720703,932800,0.0,0.0
2018-07-06,143.9199981689453,145.02000427246094,142.9499969482422,144.3000030517578,124.04058074951172,506700,0.0,0.0
2018-07-09,145.0,146.61000061035156,144.72999572753906,145.9499969482422,125.45893096923828,934800,0.0,0.0
2018-07-10,146.3699951171875,146.9499969482422,145.52000427246094,146.44000244140625,125.8801498413086,638800,0.0,0.0
2018-07-11,145.14999389648438,145.8800048828125,144.36000061035156,144.77000427246094,124.44461059570312,455200,0.0,0.0
2018-07-12,145.25999450683594,147.67999267578125,144.64999389648438,147.5399932861328,126.82566833496094,614200,0.0,0.0
2018-07-13,147.47999572753906,149.14999389648438,147.44000244140625,148.88999938964844,127.98615264892578,649600,0.0,0.0
2018-07-16,149.4600067138672,151.0800018310547,149.4600067138672,149.57000732421875,128.57070922851562,573100,0.0,0.0
2018-07-17,149.19000244140625,151.97999572753906,149.19000244140625,151.63999938964844,130.35009765625,751600,0.0,0.0
2018-07-18,151.63999938964844,152.77999877929688,151.1699981689453,152.14999389648438,130.78843688964844,604300,0.0,0.0
2018-07-19,151.6300048828125,152.17999267578125,150.4499969482422,150.52999877929688,129.39593505859375,580400,0.0,0.0
2018-07-20,150.11000061035156,151.52999877929688,150.0,150.89999389648438,129.71397399902344,430700,0.0,0.0
2018-07-23,150.8699951171875,151.24000549316406,149.8000030517578,150.17999267578125,129.09503173828125,423700,0.0,0.0
2018-07-24,150.9600067138672,152.05999755859375,149.1199951171875,150.97999572753906,129.78271484375,630200,0.0,0.0
2018-07-25,150.47999572753906,151.5800018310547,148.75,151.36000061035156,130.10939025878906,513000,0.0,0.0
2018-07-26,151.41000366210938,153.72999572753906,150.22000122070312,153.25,131.73403930664062,814600,0.0,0.0
2018-07-27,153.32000732421875,154.91000366210938,152.97999572753906,153.8800048828125,132.27561950683594,524800,0.0,0.0
2018-07-30,153.75,154.60000610351562,149.77999877929688,150.38999938964844,129.2755889892578,784900,0.0,0.0
2018-07-31,151.1999969482422,165.83999633789062,151.1999969482422,164.9499969482422,141.7913818359375,1368000,0.0,0.0
2018-08-01,164.00999450683594,168.91000366210938,163.67999267578125,163.92999267578125,140.91458129882812,1505600,0.0,0.0
2018-08-02,163.19000244140625,164.41000366210938,161.1699981689453,163.44000244140625,140.49337768554688,917700,0.0,0.0
2018-08-03,163.0399932861328,163.63999938964844,160.63999938964844,162.3800048828125,139.5821990966797,690500,0.0,0.0
2018-08-06,162.0,162.85000610351562,160.39999389648438,162.63999938964844,139.80564880371094,537800,0.0,0.0
2018-08-07,162.94000244140625,164.75999450683594,162.10000610351562,164.1300048828125,141.0865478515625,431000,0.0,0.0
2018-08-08,164.4199981689453,165.1300048828125,162.57000732421875,164.47999572753906,141.3873748779297,708200,0.0,0.0
2018-08-09,164.0,165.63999938964844,163.88999938964844,164.57000732421875,141.4647216796875,439600,0.0,0.0
2018-08-10,164.0399932861328,164.63999938964844,163.0,163.25999450683594,140.3386688232422,543000,0.0,0.0
2018-08-13,162.8000030517578,163.5500030517578,161.91000366210938,162.5500030517578,139.72833251953125,1025000,0.0,0.0
2018-08-14,162.74000549316406,165.4600067138672,162.74000549316406,164.89999389648438,141.74838256835938,507100,0.0,0.0
2018-08-15,164.16000366210938,164.57000732421875,162.25,162.8000030517578,139.94322204589844,708900,0.0,0.0
2018-08-16,163.39999389648438,164.2899932861328,163.02999877929688,163.86000061035156,140.85440063476562,560500,0.0,0.0
2018-08-17,163.72999572753906,165.6199951171875,163.32000732421875,164.66000366210938,141.54209899902344,1260400,0.0,0.0
2018-08-20,165.66000366210938,166.22000122070312,164.3800048828125,165.2100067138672,142.01490783691406,502400,0.0,0.0
2018-08-21,165.5399932861328,166.83999633789062,164.6999969482422,166.14999389648438,142.82293701171875,708300,0.0,0.0
2018-08-22,165.3800048828125,165.83999633789062,163.38999938964844,163.6999969482422,140.71688842773438,847200,0.0,0.0
2018-08-23,163.52000427246094,163.58999633789062,161.7100067138672,162.0800018310547,139.3243408203125,671500,0.0,0.0
2018-08-24,162.64999389648438,163.3699951171875,161.67999267578125,163.22999572753906,140.3128662109375,273500,0.0,0.0
2018-08-27,164.19000244140625,164.69000244140625,163.60000610351562,164.47999572753906,141.3873748779297,516500,0.0,0.0
2018-08-28,165.30999755859375,165.99000549316406,163.9199981689453,164.66000366210938,141.54209899902344,443100,0.0,0.0
2018-08-29,164.77000427246094,165.27999877929688,164.2899932861328,164.66000366210938,141.54209899902344,338600,0.0,0.0
2018-08-30,164.58999633789062,165.11000061035156,162.08999633789062,162.47000122070312,139.65957641601562,597500,0.0,0.0
2018-08-31,161.86000061035156,162.83999633789062,161.49000549316406,162.50999450683594,139.6939697265625,589100,0.0,0.0
2018-09-04,162.50999450683594,162.6699981689453,161.0500030517578,162.3699951171875,139.57362365722656,537200,0.0,0.0
2018-09-05,162.35000610351562,163.86000061035156,161.97999572753906,162.67999267578125,139.84005737304688,621400,0.0,0.0
2018-09-06,162.4499969482422,163.72999572753906,161.4600067138672,161.52000427246094,139.4300079345703,1004200,0.685,0.0
2018-09-07,161.8000030517578,161.8000030517578,159.6999969482422,160.17999267578125,138.27330017089844,1033400,0.0,0.0
2018-09-10,160.57000732421875,161.9199981689453,160.0,161.17999267578125,139.13653564453125,682400,0.0,0.0
2018-09-11,160.8300018310547,162.10000610351562,160.1699981689453,161.32000732421875,139.2573699951172,362000,0.0,0.0
2018-09-12,160.75,161.82000732421875,160.25,161.67999267578125,139.5681610107422,476600,0.0,0.0
2018-09-13,162.00999450683594,163.60000610351562,161.4600067138672,163.47000122070312,141.1133270263672,425700,0.0,0.0
2018-09-14,163.77999877929688,165.0800018310547,163.24000549316406,164.72000122070312,142.19236755371094,445700,0.0,0.0
2018-09-17,165.0500030517578,166.8300018310547,164.02000427246094,166.4499969482422,143.68580627441406,618300,0.0,0.0
2018-09-18,166.83999633789062,168.52000427246094,165.94000244140625,168.02999877929688,145.04971313476562,452600,0.0,0.0
2018-09-19,167.8699951171875,168.6999969482422,164.92999267578125,165.52000427246094,142.88296508789062,430800,0.0,0.0
2018-09-20,165.9499969482422,166.27000427246094,160.9600067138672,162.66000366210938,140.41415405273438,1067600,0.0,0.0
2018-09-21,163.14999389648438,165.52999877929688,163.0800018310547,164.27999877929688,141.81256103515625,963200,0.0,0.0
2018-09-24,163.3800048828125,163.63999938964844,161.35000610351562,162.25999450683594,140.06883239746094,478800,0.0,0.0
2018-09-25,162.64999389648438,165.7899932861328,162.0,164.80999755859375,142.27008056640625,512000,0.0,0.0
2018-09-26,165.1699981689453,166.7899932861328,164.67999267578125,165.25,142.64990234375,467500,0.0,0.0
2018-09-27,165.47000122070312,167.85000610351562,165.1999969482422,167.1999969482422,144.33322143554688,704100,0.0,0.0
2018-09-28,167.33999633789062,169.97999572753906,167.11000061035156,169.2100067138672,146.0684051513672,674100,0.0,0.0
2018-10-01,170.0,170.32000732421875,167.88999938964844,168.57000732421875,145.51583862304688,326100,0.0,0.0
2018-10-02,168.99000549316406,169.6199951171875,168.25999450683594,168.5,145.45541381835938,505100,0.0,0.0
2018-10-03,168.99000549316406,170.72000122070312,168.3000030517578,169.08999633789062,145.9647979736328,604000,0.0,0.0
2018-10-04,168.8699951171875,169.0500030517578,167.61000061035156,168.6199951171875,145.55902099609375,434600,0.0,0.0
2018-10-05,168.91000366210938,170.11000061035156,167.30999755859375,167.55999755859375,144.64402770996094,371100,0.0,0.0
2018-10-08,167.55999755859375,167.8800048828125,166.0,167.33999633789062,144.45408630371094,450100,0.0,0.0
2018-10-09,166.52999877929688,167.22000122070312,165.61000061035156,166.2899932861328,143.5476837158203,438700,0.0,0.0
2018-10-10,165.99000549316406,165.99000549316406,160.3300018310547,160.64999389648438,138.6790008544922,707200,0.0,0.0
2018-10-11,159.99000549316406,160.9499969482422,154.14999389648438,154.22000122070312,133.12840270996094,847600,0.0,0.0
2018-10-12,156.42999267578125,157.22000122070312,151.8800048828125,154.8699951171875,133.68951416015625,901000,0.0,0.0
2018-10-15,164.1699981689453,174.2899932861328,163.4199981689453,173.25,149.55577087402344,4727500,0.0,0.0
2018-10-16,174.27000427246094,175.5,170.57000732421875,173.52999877929688,149.79751586914062,2450800,0.0,0.0
2018-10-17,172.99000549316406,173.27999877929688,169.55999755859375,171.57000732421875,148.10557556152344,1759400,0.0,0.0
2018-10-18,171.0399932861328,172.75,169.32000732421875,170.6999969482422,147.35452270507812,1140600,0.0,0.0
2018-10-19,170.8000030517578,170.8000030517578,168.27000427246094,168.92999267578125,145.82659912109375,1143500,0.0,0.0
2018-10-22,169.77000427246094,172.07000732421875,168.08999633789062,171.69000244140625,148.20913696289062,1297100,0.0,0.0
2018-10-23,168.72999572753906,172.8699951171875,168.35000610351562,169.11000061035156,145.98202514648438,1396600,0.0,0.0
2018-10-24,169.1300048828125,169.67999267578125,161.7100067138672,162.1999969482422,140.0170440673828,1222200,0.0,0.0
2018-10-25,162.77999877929688,163.86000061035156,159.39999389648438,161.02999877929688,139.00704956054688,1167500,0.0,0.0
2018-10-26,158.61000061035156,161.92999267578125,156.11000061035156,160.83999633789062,138.8429718017578,1338600,0.0,0.0
2018-10-29,162.75999450683594,163.02999877929688,145.1999969482422,146.69000244140625,126.62825012207031,1918100,0.0,0.0
2018-10-30,146.19000244140625,151.11000061035156,143.16000366210938,150.85000610351562,130.2193145751953,1855400,0.0,0.0
2018-10-31,152.3300018310547,155.00999450683594,148.61000061035156,148.7100067138672,128.37197875976562,1486300,0.0,0.0
2018-11-01,149.75,151.57000732421875,148.61000061035156,150.00999450683594,129.49417114257812,1355200,0.0,0.0
2018-11-02,150.57000732421875,151.3300018310547,146.80999755859375,147.02999877929688,126.92171478271484,1578600,0.0,0.0
2018-11-05,147.8300018310547,150.3000030517578,145.83999633789062,149.5500030517578,129.09707641601562,1979500,0.0,0.0
2018-11-06,149.47999572753906,152.97999572753906,149.22999572753906,150.55999755859375,129.96893310546875,1140500,0.0,0.0
2018-11-07,151.19000244140625,153.1199951171875,148.38999938964844,153.08999633789062,132.1529541015625,1282200,0.0,0.0
2018-11-08,152.9499969482422,153.10000610351562,150.1199951171875,151.50999450683594,130.7890167236328,684600,0.0,0.0
2018-11-09,151.0500030517578,153.77000427246094,150.4600067138672,153.13999938964844,132.19615173339844,638400,0.0,0.0
2018-11-12,153.27999877929688,153.27999877929688,148.50999450683594,148.6999969482422,128.3633270263672,723700,0.0,0.0
2018-11-13,150.27000427246094,152.47999572753906,149.07000732421875,150.42999267578125,129.8567352294922,1269600,0.0,0.0
2018-11-14,151.52999877929688,152.5,148.61000061035156,149.41000366210938,128.97621154785156,975100,0.0,0.0
2018-11-15,148.10000610351562,151.57000732421875,147.47000122070312,151.02999877929688,130.37466430664062,1130900,0.0,0.0
2018-11-16,150.19000244140625,152.4600067138672,149.80999755859375,150.91000366210938,130.27110290527344,790600,0.0,0.0
2018-11-19,150.77999877929688,151.10000610351562,147.14999389648438,148.10000610351562,127.84541320800781,1441200,0.0,0.0
2018-11-20,145.97000122070312,146.91000366210938,143.9600067138672,146.49000549316406,126.45556640625,955100,0.0,0.0
2018-11-21,146.4499969482422,147.24000549316406,144.27999877929688,144.7899932861328,125.57526397705078,899800,0.685,0.0
2018-11-23,144.08999633789062,146.6699981689453,144.0500030517578,145.1699981689453,125.90483856201172,334900,0.0,0.0
2018-11-26,146.25999450683594,147.4600067138672,144.47999572753906,145.75999450683594,126.41657257080078,914400,0.0,0.0
2018-11-27,145.10000610351562,145.7100067138672,139.14999389648438,140.77999877929688,122.09741973876953,1538600,0.0,0.0
2018-11-28,141.33999633789062,143.75,140.4199981689453,143.60000610351562,124.54322814941406,1107900,0.0,0.0
2018-11-29,143.86000061035156,145.13999938964844,142.2899932861328,143.1300048828125,124.13557434082031,905000,0.0,0.0
2018-11-30,143.3000030517578,143.6999969482422,140.74000549316406,142.9499969482422,123.97946166992188,2183100,0.0,0.0
2018-12-03,145.3300018310547,146.00999450683594,141.6300048828125,142.8000030517578,123.84939575195312,1195800,0.0,0.0
2018-12-04,142.1300048828125,143.30999755859375,137.94000244140625,139.0399932861328,120.58833312988281,1381000,0.0,0.0
2018-12-06,137.24000549316406,139.85000610351562,134.3000030517578,139.75,121.2041244506836,1353200,0.0,0.0
2018-12-07,138.9600067138672,140.39999389648438,138.8000030517578,139.39999389648438,120.90058135986328,1179600,0.0,0.0
2018-12-10,140.0,144.47999572753906,138.92999267578125,143.4499969482422,124.4131088256836,1637300,0.0,0.0
2018-12-11,145.16000366210938,146.27000427246094,143.63999938964844,144.97999572753906,125.74004364013672,1897500,0.0,0.0
2018-12-12,146.80999755859375,148.2899932861328,145.5800018310547,147.02000427246094,127.50936889648438,1414400,0.0,0.0
2018-12-13,148.14999389648438,148.92999267578125,146.60000610351562,148.44000244140625,128.7408905029297,1274500,0.0,0.0
2018-12-14,147.02000427246094,148.5,146.64999389648438,148.47000122070312,128.76690673828125,1306500,0.0,0.0
2018-12-17,147.94000244140625,148.52999877929688,145.22999572753906,145.91000366210938,126.54666137695312,2473500,0.0,0.0
2018-12-18,146.63999938964844,146.89999389648438,141.77999877929688,142.9499969482422,123.97946166992188,1298400,0.0,0.0
2018-12-19,142.60000610351562,144.27999877929688,136.8300018310547,138.4600067138672,120.08533477783203,1053000,0.0,0.0
2018-12-20,137.9199981689453,138.52000427246094,132.32000732421875,134.5399932861328,116.68555450439453,1305700,0.0,0.0
2018-12-21,133.36000061035156,133.36000061035156,127.9800033569336,128.61000061035156,111.54248809814453,2142000,0.0,0.0
2018-12-24,128.1199951171875,129.22000122070312,125.70999908447266,127.26000213623047,110.37164306640625,1026400,0.0,0.0
2018-12-26,127.44000244140625,128.47000122070312,123.23999786376953,128.22999572753906,111.2129135131836,900100,0.0,0.0
2018-12-27,126.88999938964844,131.63999938964844,125.45999908447266,131.63999938964844,114.17041778564453,1014900,0.0,0.0
2018-12-28,132.47000122070312,133.11000061035156,130.30999755859375,131.17999267578125,113.77142333984375,827300,0.0,0.0
2018-12-31,132.07000732421875,134.64999389648438,131.80999755859375,134.64999389648438,116.78093719482422,696200,0.0,0.0
2019-01-02,133.02999877929688,134.39999389648438,129.97000122070312,133.13999938964844,115.47132873535156,923800,0.0,0.0
2019-01-03,131.80999755859375,132.6999969482422,129.4600067138672,130.0500030517578,112.79138946533203,740600,0.0,0.0
2019-01-04,131.25999450683594,133.1999969482422,130.13999938964844,132.9199981689453,115.28052520751953,1041300,0.0,0.0
2019-01-07,132.72999572753906,133.94000244140625,130.57000732421875,133.7899932861328,116.03507232666016,1354100,0.0,0.0
2019-01-08,135.25999450683594,135.8000030517578,132.08999633789062,133.74000549316406,115.9917221069336,1225300,0.0,0.0
2019-01-09,133.6199951171875,134.75,132.8699951171875,133.36000061035156,115.6621322631836,563500,0.0,0.0
2019-01-10,133.1300048828125,135.0,133.1300048828125,134.88999938964844,116.98908996582031,751600,0.0,0.0
2019-01-11,134.22999572753906,137.19000244140625,133.25,136.91000366210938,118.74104309082031,1199500,0.0,0.0
2019-01-14,136.0,139.52000427246094,135.82000732421875,138.0399932861328,119.72105407714844,984600,0.0,0.0
2019-01-15,137.77000427246094,139.10000610351562,136.8699951171875,138.7899932861328,120.37154388427734,1284000,0.0,0.0
2019-01-16,138.72000122070312,138.80999755859375,135.77999877929688,136.57000732421875,118.44613647460938,833800,0.0,0.0
2019-01-17,136.25999450683594,139.33999633789062,136.25999450683594,138.64999389648438,120.25009155273438,813700,0.0,0.0
2019-01-18,139.55999755859375,143.30999755859375,139.27000427246094,142.77999877929688,123.83202362060547,1503500,0.0,0.0
2019-01-22,141.99000549316406,141.99000549316406,138.11000061035156,139.25,120.77049255371094,831300,0.0,0.0
2019-01-23,139.8300018310547,142.4600067138672,139.75999450683594,142.1199951171875,123.25961303710938,1362600,0.0,0.0
2019-01-24,142.16000366210938,142.16000366210938,139.4199981689453,141.92999267578125,123.09481048583984,907100,0.0,0.0
2019-01-25,143.5399932861328,144.42999267578125,143.02000427246094,143.47999572753906,124.43914794921875,946400,0.0,0.0
2019-01-28,141.5399932861328,143.4600067138672,140.8800048828125,142.69000244140625,123.75395202636719,1072300,0.0,0.0
2019-01-29,151.19000244140625,156.0800018310547,148.6300048828125,155.22000122070312,134.6211395263672,4115000,0.0,0.0
2019-01-30,155.82000732421875,156.27000427246094,148.3000030517578,154.89999389648438,134.34361267089844,2464900,0.0,0.0
2019-01-31,153.88999938964844,154.97999572753906,151.77000427246094,153.17999267578125,132.85183715820312,1462500,0.0,0.0
2019-02-01,153.35000610351562,154.72999572753906,152.60000610351562,153.77000427246094,133.3636016845703,901600,0.0,0.0
2019-02-04,153.80999755859375,157.3300018310547,153.19000244140625,157.22999572753906,136.36441040039062,867800,0.0,0.0
2019-02-05,157.39999389648438,157.8800048828125,154.99000549316406,157.8000030517578,136.85877990722656,1059300,0.0,0.0
2019-02-06,157.67999267578125,158.4499969482422,156.9199981689453,157.63999938964844,136.72000122070312,875600,0.0,0.0
2019-02-07,156.0800018310547,158.1300048828125,155.9199981689453,157.42999267578125,136.53782653808594,727000,0.0,0.0
2019-02-08,157.02000427246094,160.16000366210938,156.91000366210938,160.16000366210938,138.9055938720703,1489500,0.0,0.0
2019-02-11,160.19000244140625,161.5800018310547,159.55999755859375,160.66000366210938,139.3391876220703,1152400,0.0,0.0
2019-02-12,162.0,162.69000244140625,160.22999572753906,162.0800018310547,140.57078552246094,725500,0.0,0.0
2019-02-13,162.3699951171875,164.52999877929688,161.36000061035156,161.9600067138672,140.46673583984375,1055700,0.0,0.0
2019-02-14,160.8800048828125,162.64999389648438,160.50999450683594,162.24000549316406,140.7095489501953,714200,0.0,0.0
2019-02-15,163.66000366210938,165.02999877929688,163.3699951171875,164.8000030517578,142.92979431152344,938000,0.0,0.0
2019-02-19,164.5,165.1300048828125,162.25999450683594,164.58999633789062,142.7477264404297,1066500,0.0,0.0
2019-02-20,164.58999633789062,165.5,163.4499969482422,165.1999969482422,143.27671813964844,594900,0.0,0.0
2019-02-21,165.16000366210938,165.22000122070312,163.42999267578125,164.57000732421875,142.7303466796875,546100,0.0,0.0
2019-02-22,165.38999938964844,166.07000732421875,163.97999572753906,165.8800048828125,143.866455078125,471200,0.0,0.0
2019-02-25,166.97000122070312,167.08999633789062,163.6199951171875,163.8800048828125,142.13194274902344,1024300,0.0,0.0
2019-02-26,163.83999633789062,164.74000549316406,162.2899932861328,162.33999633789062,140.7962646484375,716400,0.0,0.0
2019-02-27,161.89999389648438,162.41000366210938,161.02000427246094,162.0500030517578,140.5447540283203,713700,0.0,0.0
2019-02-28,162.1999969482422,165.0500030517578,161.6999969482422,164.92999267578125,143.04254150390625,1001300,0.0,0.0
2019-03-01,165.47000122070312,165.5500030517578,163.6300048828125,164.7899932861328,142.92111206054688,915200,0.0,0.0
2019-03-04,165.0500030517578,166.6199951171875,162.57000732421875,163.3300018310547,141.6549072265625,774300,0.0,0.0
2019-03-05,163.6199951171875,164.77000427246094,162.3300018310547,162.4199981689453,140.86566162109375,757000,0.0,0.0
2019-03-06,162.74000549316406,163.41000366210938,160.52999877929688,160.6199951171875,139.30458068847656,636600,0.0,0.0
2019-03-07,160.11000061035156,161.33999633789062,156.89999389648438,161.22999572753906,140.43247985839844,850100,0.685,0.0
2019-03-08,160.3300018310547,161.91000366210938,159.77000427246094,161.77999877929688,140.91151428222656,902300,0.0,0.0
2019-03-11,160.74000549316406,164.02999877929688,160.61000061035156,163.22999572753906,142.1745147705078,1158700,0.0,0.0
2019-03-12,163.82000732421875,163.82000732421875,161.02999877929688,161.33999633789062,140.52828979492188,987600,0.0,0.0
2019-03-13,161.7899932861328,162.9499969482422,160.6999969482422,161.77000427246094,140.90280151367188,829100,0.0,0.0
2019-03-14,161.4199981689453,162.8800048828125,160.13999938964844,160.44000244140625,139.74440002441406,958000,0.0,0.0
2019-03-15,160.25999450683594,161.5399932861328,159.3699951171875,160.67999267578125,139.95338439941406,1379500,0.0,0.0
2019-03-18,160.02000427246094,163.7100067138672,160.02000427246094,163.3000030517578,142.23548889160156,680200,0.0,0.0
2019-03-19,164.0,165.3699951171875,162.24000549316406,162.9600067138672,141.93934631347656,838100,0.0,0.0
2019-03-20,162.8699951171875,163.13999938964844,160.85000610351562,160.99000549316406,140.2234649658203,683700,0.0,0.0
2019-03-21,160.6699981689453,162.57000732421875,160.5,162.1699981689453,141.25125122070312,680100,0.0,0.0
2019-03-22,161.1699981689453,161.57000732421875,158.72999572753906,159.27999877929688,138.73402404785156,649300,0.0,0.0
2019-03-25,159.5399932861328,160.38999938964844,158.94000244140625,159.74000549316406,139.13467407226562,415500,0.0,0.0
2019-03-26,160.24000549316406,161.1699981689453,158.36000061035156,159.72999572753906,139.12599182128906,493500,0.0,0.0
2019-03-27,160.0800018310547,161.42999267578125,158.4600067138672,158.91000366210938,138.4117889404297,549500,0.0,0.0
2019-03-28,159.47999572753906,160.25999450683594,158.0,159.92999267578125,139.30018615722656,656900,0.0,0.0
2019-03-29,161.00999450683594,161.2100067138672,158.97999572753906,159.7100067138672,139.10853576660156,966000,0.0,0.0
2019-04-01,161.58999633789062,163.52000427246094,161.00999450683594,163.3000030517578,142.23548889160156,720100,0.0,0.0
2019-04-02,163.7100067138672,163.94000244140625,161.7899932861328,161.89999389648438,141.0160675048828,494100,0.0,0.0
2019-04-03,162.58999633789062,163.00999450683594,159.2899932861328,160.0,139.3611297607422,683100,0.0,0.0
2019-04-04,160.36000061035156,163.47999572753906,160.36000061035156,162.30999755859375,141.3731689453125,794700,0.0,0.0
2019-04-05,162.72999572753906,164.57000732421875,162.60000610351562,164.5,143.2806854248047,832500,0.0,0.0
2019-04-08,164.49000549316406,164.75999450683594,162.99000549316406,164.00999450683594,142.85391235351562,602100,0.0,0.0
2019-04-09,163.13999938964844,163.67999267578125,162.3699951171875,163.17999267578125,142.13095092773438,733500,0.0,0.0
2019-04-10,162.99000549316406,163.1699981689453,161.8699951171875,162.69000244140625,141.7041473388672,844900,0.0,0.0
2019-04-11,162.41000366210938,165.6300048828125,162.41000366210938,165.22000122070312,143.90777587890625,625000,0.0,0.0
2019-04-12,165.75,167.99000549316406,165.66000366210938,167.83999633789062,146.1898193359375,481700,0.0,0.0
2019-04-15,168.1300048828125,168.2899932861328,165.0399932861328,165.7100067138672,144.3345947265625,612800,0.0,0.0
2019-04-16,165.97000122070312,167.27000427246094,165.97000122070312,166.1199951171875,144.69168090820312,478500,0.0,0.0
2019-04-17,166.35000610351562,167.14999389648438,165.7899932861328,166.16000366210938,144.72654724121094,556100,0.0,0.0
2019-04-18,166.08999633789062,167.35000610351562,165.5399932861328,165.64999389648438,144.28231811523438,485900,0.0,0.0
2019-04-22,165.07000732421875,165.5,163.6199951171875,164.86000061035156,143.59423828125,610900,0.0,0.0
2019-04-23,166.58999633789062,168.27999877929688,166.0,167.52000427246094,145.91114807128906,848500,0.0,0.0
2019-04-24,168.13999938964844,168.39999389648438,165.8300018310547,166.41000366210938,144.94432067871094,632900,0.0,0.0
2019-04-25,165.83999633789062,166.02000427246094,163.16000366210938,164.75,143.49839782714844,476400,0.0,0.0
2019-04-26,165.3699951171875,166.82000732421875,165.02000427246094,166.4499969482422,144.97915649414062,495900,0.0,0.0
2019-04-29,166.1999969482422,167.57000732421875,165.0800018310547,165.1699981689453,143.8642120361328,689100,0.0,0.0
2019-04-30,165.5,169.02999877929688,165.5,168.5,146.7646942138672,1256200,0.0,0.0
2019-05-01,173.8000030517578,181.47999572753906,172.25,179.6699981689453,156.49383544921875,2548400,0.0,0.0
2019-05-02,178.7100067138672,180.49000549316406,176.5800018310547,177.77999877929688,154.84765625,1502100,0.0,0.0
2019-05-03,178.47999572753906,180.1199951171875,176.8699951171875,177.88999938964844,154.9434051513672,1401700,0.0,0.0
2019-05-06,175.97999572753906,178.74000549316406,175.17999267578125,178.5,155.47476196289062,895100,0.0,0.0
2019-05-07,177.4499969482422,177.57000732421875,175.49000549316406,176.69000244140625,153.89822387695312,1171400,0.0,0.0
2019-05-08,177.0,179.99000549316406,176.52000427246094,179.3800048828125,156.24127197265625,1050300,0.0,0.0
2019-05-09,177.74000549316406,181.4499969482422,177.3000030517578,181.17999267578125,157.8090362548828,1232000,0.0,0.0
2019-05-10,180.44000244140625,183.1199951171875,179.66000366210938,181.6999969482422,158.26197814941406,1137700,0.0,0.0
2019-05-13,179.00999450683594,181.67999267578125,178.82000732421875,181.47000122070312,158.0616912841797,1213200,0.0,0.0
2019-05-14,181.36000061035156,183.0,181.0,182.1199951171875,158.62783813476562,907300,0.0,0.0
2019-05-15,181.0,185.17999267578125,179.67999267578125,183.52999877929688,159.85595703125,1461700,0.0,0.0
2019-05-16,183.52000427246094,185.24000549316406,183.1199951171875,184.3800048828125,161.1979522705078,853700,0.685,0.0
2019-05-17,182.83999633789062,185.72999572753906,182.6699981689453,183.64999389648438,160.55975341796875,909600,0.0,0.0
2019-05-20,183.35000610351562,185.5800018310547,182.35000610351562,183.02000427246094,160.00892639160156,1017500,0.0,0.0
2019-05-21,184.4499969482422,188.00999450683594,184.24000549316406,187.77000427246094,164.1616973876953,1181400,0.0,0.0
2019-05-22,187.61000061035156,189.41000366210938,187.10000610351562,188.33999633789062,164.6600341796875,827600,0.0,0.0
2019-05-23,187.07000732421875,188.89999389648438,185.91000366210938,188.5399932861328,164.8348846435547,1335300,0.0,0.0
2019-05-24,189.32000732421875,189.49000549316406,186.94000244140625,187.0800018310547,163.55845642089844,928800,0.0,0.0
2019-05-28,187.0,187.92999267578125,186.0399932861328,186.47999572753906,163.03387451171875,990600,0.0,0.0
2019-05-29,186.60000610351562,187.57000732421875,184.52000427246094,186.0800018310547,162.68423461914062,1349400,0.0,0.0
2019-05-30,186.22999572753906,188.4600067138672,186.1999969482422,186.72999572753906,163.2525177001953,790700,0.0,0.0
2019-05-31,185.86000061035156,187.75999450683594,184.77999877929688,187.19000244140625,163.65464782714844,933300,0.0,0.0
2019-06-03,187.22000122070312,190.1699981689453,186.5,189.86000061035156,165.9889373779297,1039800,0.0,0.0
2019-06-04,191.16000366210938,194.58999633789062,190.57000732421875,192.10000610351562,167.94729614257812,1220700,0.0,0.0
2019-06-05,192.86000061035156,197.99000549316406,192.86000061035156,197.6999969482422,172.8431854248047,1184600,0.0,0.0
2019-06-06,197.66000366210938,198.44000244140625,195.9600067138672,197.69000244140625,172.83448791503906,1308000,0.0,0.0
2019-06-07,198.00999450683594,198.77999877929688,196.83999633789062,198.2100067138672,173.28909301757812,900600,0.0,0.0
2019-06-10,199.4199981689453,200.77000427246094,196.1199951171875,196.5800018310547,171.8640594482422,1375300,0.0,0.0
2019-06-11,196.5800018310547,197.5,187.4199981689453,188.1699981689453,164.5114288330078,1501400,0.0,0.0
2019-06-12,188.77000427246094,189.75,185.83999633789062,188.72999572753906,165.0010223388672,1217200,0.0,0.0
2019-06-13,189.02000427246094,190.57000732421875,187.16000366210938,189.8300018310547,165.96270751953125,710200,0.0,0.0
2019-06-14,189.83999633789062,191.64999389648438,189.55999755859375,190.60000610351562,166.63587951660156,896200,0.0,0.0
2019-06-17,191.33999633789062,192.86000061035156,189.02999877929688,192.07000732421875,167.92108154296875,760100,0.0,0.0
2019-06-18,192.16000366210938,196.4600067138672,192.14999389648438,196.3699951171875,171.680419921875,1027300,0.0,0.0
2019-06-19,196.42999267578125,198.92999267578125,195.27000427246094,198.3800048828125,173.43772888183594,793700,0.0,0.0
2019-06-20,200.0500030517578,200.4199981689453,197.36000061035156,199.39999389648438,174.32949829101562,1057900,0.0,0.0
2019-06-21,199.75999450683594,200.72999572753906,197.14999389648438,197.22000122070312,172.423583984375,1908300,0.0,0.0
2019-06-24,197.89999389648438,199.5399932861328,197.05999755859375,197.2899932861328,172.48475646972656,868000,0.0,0.0
2019-06-25,197.3800048828125,198.0800018310547,195.49000549316406,195.6699981689453,171.0684356689453,927500,0.0,0.0
2019-06-26,195.72999572753906,195.72999572753906,191.0500030517578,191.22000122070312,167.17794799804688,1306700,0.0,0.0
2019-06-27,191.0399932861328,191.83999633789062,189.2100067138672,189.4600067138672,165.6392364501953,1080100,0.0,0.0
2019-06-28,190.42999267578125,191.44000244140625,187.7100067138672,189.1300048828125,165.35072326660156,4782100,0.0,0.0
2019-07-01,189.75999450683594,191.0,176.16000366210938,178.14999389648438,155.75123596191406,6708000,0.0,0.0
2019-07-02,182.38999938964844,186.64999389648438,181.52999877929688,185.77000427246094,162.41319274902344,3959700,0.0,0.0
2019-07-03,185.0,185.3800048828125,180.5,184.3000030517578,161.12799072265625,1846900,0.0,0.0
2019-07-05,184.1999969482422,185.4600067138672,181.6999969482422,184.9600067138672,161.70498657226562,1072900,0.0,0.0
2019-07-08,184.4199981689453,185.27999877929688,183.05999755859375,184.67999267578125,161.46022033691406,1280300,0.0,0.0
2019-07-09,185.5,191.33999633789062,185.02000427246094,191.25999450683594,167.21292114257812,2445200,0.0,0.0
2019-07-10,191.52999877929688,192.9199981689453,190.7100067138672,192.61000061035156,168.39317321777344,1611400,0.0,0.0
2019-07-11,191.97000122070312,195.6999969482422,191.1999969482422,194.4499969482422,170.0018310546875,1573700,0.0,0.0
2019-07-12,195.22999572753906,197.38999938964844,194.75999450683594,195.72000122070312,171.11216735839844,1169000,0.0,0.0
2019-07-15,195.64999389648438,195.64999389648438,191.0399932861328,191.5500030517578,167.46644592285156,1441000,0.0,0.0
2019-07-16,191.5,193.19000244140625,190.55999755859375,192.57000732421875,168.3582000732422,984200,0.0,0.0
2019-07-17,192.8300018310547,194.47999572753906,192.7100067138672,193.97000122070312,169.5821990966797,1298000,0.0,0.0
2019-07-18,194.24000549316406,194.9499969482422,191.6300048828125,194.13999938964844,169.73085021972656,1202400,0.0,0.0
2019-07-19,194.83999633789062,195.14999389648438,190.83999633789062,193.47999572753906,169.15379333496094,1125900,0.0,0.0
2019-07-22,193.8300018310547,196.4499969482422,193.3300018310547,194.91000366210938,170.4040069580078,1004600,0.0,0.0
2019-07-23,196.08999633789062,196.25,190.94000244140625,194.5399932861328,170.0804901123047,1561900,0.0,0.0
2019-07-24,194.0,198.13999938964844,192.99000549316406,197.9499969482422,173.0618133544922,827900,0.0,0.0
2019-07-25,200.1199951171875,202.9600067138672,198.5399932861328,200.6699981689453,175.43980407714844,1403200,0.0,0.0
2019-07-26,201.4600067138672,201.75,198.16000366210938,199.8300018310547,174.7053985595703,1136700,0.0,0.0
2019-07-29,200.0,201.92999267578125,199.8300018310547,201.38999938964844,176.06924438476562,1542700,0.0,0.0
2019-07-30,201.00999450683594,201.32000732421875,199.4600067138672,200.0,174.85403442382812,1132200,0.0,0.0
2019-07-31,199.89999389648438,211.82000732421875,199.4600067138672,207.60000610351562,181.49853515625,2582200,0.0,0.0
2019-08-01,202.22999572753906,209.16000366210938,199.4600067138672,204.85000610351562,179.09426879882812,1834200,0.0,0.0
2019-08-02,205.0,205.11000061035156,200.74000549316406,204.4199981689453,178.7183074951172,1228900,0.0,0.0
2019-08-05,203.36000061035156,204.3000030517578,199.1699981689453,201.38999938964844,176.06924438476562,2164100,0.0,0.0
2019-08-06,205.66000366210938,206.6999969482422,201.86000061035156,205.1199951171875,179.33029174804688,1661000,0.0,0.0
2019-08-07,203.85000610351562,209.30999755859375,203.1999969482422,207.4600067138672,181.37608337402344,2305300,0.0,0.0
2019-08-08,209.4499969482422,214.99000549316406,208.86000061035156,214.4499969482422,187.4872589111328,2213600,0.0,0.0
2019-08-09,213.55999755859375,214.99000549316406,210.27999877929688,211.61000061035156,185.0043182373047,1254100,0.0,0.0
2019-08-12,211.38999938964844,211.9600067138672,209.1300048828125,209.32000732421875,183.00222778320312,1107600,0.0,0.0
2019-08-13,208.4499969482422,212.33999633789062,207.44000244140625,209.8300018310547,183.44815063476562,1161700,0.0,0.0
2019-08-14,208.1699981689453,209.72000122070312,205.50999450683594,207.72000122070312,181.60342407226562,1225900,0.0,0.0
2019-08-15,207.58999633789062,211.64999389648438,207.16000366210938,209.60000610351562,183.24703979492188,1744300,0.0,0.0
2019-08-16,211.35000610351562,211.89999389648438,209.10000610351562,210.8699951171875,184.3573760986328,1394100,0.0,0.0
2019-08-19,212.22999572753906,213.75,211.5800018310547,213.0500030517578,186.26329040527344,899300,0.0,0.0
2019-08-20,213.9199981689453,214.75,211.77999877929688,212.58999633789062,185.86111450195312,907900,0.0,0.0
2019-08-21,213.49000549316406,215.1999969482422,212.0,214.17999267578125,187.25120544433594,1254900,0.0,0.0
2019-08-22,214.72000122070312,215.36000061035156,210.83999633789062,213.30999755859375,186.49058532714844,934000,0.0,0.0
2019-08-23,213.1699981689453,214.50999450683594,208.05999755859375,208.88999938964844,182.62635803222656,1295600,0.0,0.0
2019-08-26,209.5399932861328,212.3300018310547,207.25999450683594,211.6199951171875,185.01307678222656,1199700,0.0,0.0
2019-08-27,212.25,213.0500030517578,210.1699981689453,210.47999572753906,184.01641845703125,1253700,0.0,0.0
2019-08-28,209.97999572753906,212.89999389648438,207.3000030517578,212.1199951171875,185.4501953125,926100,0.0,0.0
2019-08-29,214.3000030517578,214.38999938964844,211.9499969482422,213.3000030517578,186.48182678222656,1038500,0.0,0.0
2019-08-30,214.36000061035156,214.66000366210938,211.1300048828125,211.41000366210938,184.8294677734375,1216500,0.0,0.0
2019-09-03,209.50999450683594,211.1199951171875,207.94000244140625,210.52999877929688,184.71539306640625,1437700,0.75,0.0
2019-09-04,210.38999938964844,214.11000061035156,210.38999938964844,213.64999389648438,187.45286560058594,1821200,0.0,0.0
2019-09-05,215.0,215.0,211.8300018310547,212.1300048828125,186.1192169189453,1449300,0.0,0.0
2019-09-06,213.6199951171875,216.64999389648438,213.16000366210938,214.6999969482422,188.3740997314453,1370300,0.0,0.0
2019-09-09,214.63999938964844,215.05999755859375,208.27999877929688,208.82000732421875,183.21507263183594,1300500,0.0,0.0
2019-09-10,207.02999877929688,208.63999938964844,197.50999450683594,208.6199951171875,183.0395965576172,2041400,0.0,0.0
2019-09-11,208.9199981689453,209.66000366210938,206.24000549316406,207.82000732421875,182.33773803710938,1334000,0.0,0.0
2019-09-12,210.0,210.33999633789062,207.27000427246094,209.42999267578125,183.7503204345703,1347600,0.0,0.0
2019-09-13,209.7100067138672,210.0800018310547,207.1999969482422,207.4499969482422,182.01304626464844,1238100,0.0,0.0
2019-09-16,212.41000366210938,215.05999755859375,209.50999450683594,214.0,187.75991821289062,2051200,0.0,0.0
2019-09-17,214.22999572753906,215.3000030517578,211.52000427246094,214.25999450683594,187.98805236816406,1319000,0.0,0.0
2019-09-18,213.47000122070312,215.9199981689453,211.10000610351562,214.6999969482422,188.3740997314453,1809600,0.0,0.0
2019-09-19,214.11000061035156,215.8699951171875,213.32000732421875,214.05999755859375,187.81259155273438,1750800,0.0,0.0
2019-09-20,214.1199951171875,215.1300048828125,210.49000549316406,211.97999572753906,185.98760986328125,3335000,0.0,0.0
2019-09-23,212.44000244140625,213.9199981689453,210.92999267578125,213.3000030517578,187.14576721191406,1834900,0.0,0.0
2019-09-24,213.82000732421875,217.30999755859375,211.5800018310547,211.91000366210938,185.9261932373047,2433400,0.0,0.0
2019-09-25,211.47000122070312,213.05999755859375,210.6300048828125,212.60000610351562,186.5315704345703,1157600,0.0,0.0
2019-09-26,213.57000732421875,214.6199951171875,212.6999969482422,213.22000122070312,187.0755615234375,1113100,0.0,0.0
2019-09-27,213.4499969482422,213.5500030517578,207.86000061035156,208.9199981689453,183.30284118652344,1232900,0.0,0.0
2019-09-30,209.74000549316406,211.6199951171875,208.30999755859375,208.63999938964844,183.05715942382812,894200,0.0,0.0
2019-10-01,209.6300048828125,210.64999389648438,203.27999877929688,203.69000244140625,178.714111328125,1066800,0.0,0.0
2019-10-02,203.0,203.75,200.6699981689453,203.27000427246094,178.34564208984375,1373200,0.0,0.0
2019-10-03,203.61000061035156,206.3699951171875,202.97000122070312,206.2100067138672,180.9251251220703,1293700,0.0,0.0
2019-10-04,205.92999267578125,208.0399932861328,204.36000061035156,207.77000427246094,182.2938232421875,859000,0.0,0.0
2019-10-07,207.61000061035156,208.07000732421875,205.27000427246094,205.77000427246094,180.5391387939453,678300,0.0,0.0
2019-10-08,205.17999267578125,209.47999572753906,204.17999267578125,209.25,183.59237670898438,1733500,0.0,0.0
2019-10-09,210.1199951171875,210.3000030517578,206.44000244140625,208.94000244140625,183.3203582763672,1188700,0.0,0.0
2019-10-10,208.02000427246094,211.5500030517578,208.02000427246094,209.92999267578125,184.18893432617188,1354900,0.0,0.0
2019-10-11,212.42999267578125,212.42999267578125,207.6199951171875,208.94000244140625,183.3203582763672,1288300,0.0,0.0
2019-10-14,208.63999938964844,209.61000061035156,206.3800048828125,206.63999938964844,181.30239868164062,691500,0.0,0.0
2019-10-15,207.2899932861328,208.39999389648438,205.3800048828125,205.52000427246094,180.31968688964844,866600,0.0,0.0
2019-10-16,205.72999572753906,208.1999969482422,204.50999450683594,206.77999877929688,181.4252471923828,1197800,0.0,0.0
2019-10-17,208.22000122070312,208.57000732421875,200.75999450683594,200.94000244140625,176.30133056640625,1196200,0.0,0.0
2019-10-18,201.00999450683594,201.6699981689453,195.1300048828125,198.0800018310547,173.7920379638672,2050500,0.0,0.0
2019-10-21,199.25,202.19000244140625,198.72999572753906,199.66000366210938,175.17825317382812,1124000,0.0,0.0
2019-10-22,198.5,202.50999450683594,197.0800018310547,200.6699981689453,176.064453125,1430100,0.0,0.0
2019-10-23,201.24000549316406,201.8800048828125,198.74000549316406,200.3800048828125,175.80995178222656,1081500,0.0,0.0
2019-10-24,199.8699951171875,206.27000427246094,199.38999938964844,204.10000610351562,179.07383728027344,1292800,0.0,0.0
2019-10-25,204.49000549316406,204.49000549316406,199.17999267578125,200.9600067138672,176.31890869140625,1032100,0.0,0.0
2019-10-28,200.97000122070312,202.64999389648438,199.92999267578125,200.58999633789062,175.99420166015625,1032100,0.0,0.0
2019-10-29,201.24000549316406,204.00999450683594,200.27000427246094,202.99000549316406,178.09991455078125,1795200,0.0,0.0
2019-10-30,206.86000061035156,209.1199951171875,203.00999450683594,207.82000732421875,182.33773803710938,1672800,0.0,0.0
2019-10-31,207.3800048828125,209.35000610351562,204.58999633789062,206.30999755859375,181.01284790039062,1961500,0.0,0.0
2019-11-01,206.35000610351562,208.0,200.14999389648438,201.41000366210938,176.7136688232422,2306500,0.0,0.0
2019-11-04,201.0,201.6199951171875,193.77000427246094,194.92999267578125,171.02830505371094,2317800,0.0,0.0
2019-11-05,194.3699951171875,194.8699951171875,190.5500030517578,193.0399932861328,169.3699951171875,2632700,0.0,0.0
2019-11-06,192.05999755859375,196.3000030517578,192.05999755859375,195.9499969482422,171.92315673828125,1645900,0.0,0.0
2019-11-07,197.0,197.38999938964844,194.55999755859375,194.8800048828125,170.984375,1472300,0.0,0.0
2019-11-08,194.3800048828125,197.75,194.30999755859375,196.02000427246094,171.98460388183594,1374000,0.0,0.0
2019-11-11,194.64999389648438,195.74000549316406,191.9499969482422,195.16000366210938,171.2300262451172,1449600,0.0,0.0
2019-11-12,194.72999572753906,198.64999389648438,194.02999877929688,198.19000244140625,173.8885040283203,1951400,0.0,0.0
2019-11-13,197.92999267578125,200.2899932861328,196.33999633789062,199.22999572753906,174.80099487304688,1190300,0.0,0.0
2019-11-14,199.27999877929688,201.49000549316406,198.6300048828125,199.75999450683594,175.2659912109375,858500,0.0,0.0
2019-11-15,201.6300048828125,202.97999572753906,200.9499969482422,202.52000427246094,177.6875457763672,1093000,0.0,0.0
2019-11-18,202.3800048828125,204.22000122070312,202.00999450683594,202.74000549316406,177.88063049316406,1172100,0.0,0.0
2019-11-19,203.94000244140625,204.99000549316406,202.27999877929688,203.14999389648438,178.24034118652344,1189100,0.0,0.0
2019-11-20,203.4199981689453,206.1999969482422,203.3300018310547,204.80999755859375,179.6968231201172,1112400,0.0,0.0
2019-11-21,204.0,205.08999633789062,198.6300048828125,199.05999755859375,175.2937774658203,1745500,0.75,0.0
2019-11-22,200.67999267578125,201.2100067138672,197.64999389648438,198.63999938964844,174.9238739013672,900500,0.0,0.0
2019-11-25,198.6699981689453,200.5500030517578,195.89999389648438,196.49000549316406,173.03053283691406,1709900,0.0,0.0
2019-11-26,197.5800018310547,200.27999877929688,196.5399932861328,199.7100067138672,175.8661346435547,1812000,0.0,0.0
2019-11-27,199.50999450683594,200.91000366210938,198.52999877929688,200.5,176.56182861328125,802000,0.0,0.0
2019-11-29,201.11000061035156,201.66000366210938,199.36000061035156,201.08999633789062,177.08139038085938,485900,0.0,0.0
2019-12-02,200.22000122070312,200.6699981689453,193.86000061035156,194.27000427246094,171.07565307617188,1364200,0.0,0.0
2019-12-03,194.0,195.55999755859375,193.32000732421875,194.94000244140625,171.66561889648438,1309300,0.0,0.0
2019-12-04,195.77999877929688,196.4499969482422,193.58999633789062,193.67999267578125,170.55604553222656,1062500,0.0,0.0
2019-12-05,193.67999267578125,194.67999267578125,193.14999389648438,193.38999938964844,170.30072021484375,909900,0.0,0.0
2019-12-06,193.5500030517578,195.38999938964844,192.24000549316406,192.49000549316406,169.5081787109375,1310800,0.0,0.0
2019-12-09,192.5,193.75999450683594,191.92999267578125,193.6199951171875,170.5032196044922,1239600,0.0,0.0
2019-12-10,198.07000732421875,199.47999572753906,196.5500030517578,196.9600067138672,173.44447326660156,1626500,0.0,0.0
2019-12-11,196.16000366210938,198.63999938964844,196.16000366210938,198.47999572753906,174.7830047607422,1085400,0.0,0.0
2019-12-12,198.38999938964844,199.99000549316406,195.22999572753906,196.27999877929688,172.84561157226562,1102100,0.0,0.0
2019-12-13,195.77999877929688,200.35000610351562,195.77999877929688,200.17999267578125,176.28004455566406,1515900,0.0,0.0
2019-12-16,200.58999633789062,202.4499969482422,199.10000610351562,201.33999633789062,177.30152893066406,1322700,0.0,0.0
2019-12-17,200.97000122070312,201.97999572753906,196.27999877929688,199.0800018310547,175.31137084960938,1240100,0.0,0.0
2019-12-18,199.2100067138672,199.94000244140625,196.5500030517578,197.72000122070312,174.11373901367188,1306700,0.0,0.0
2019-12-19,198.22000122070312,198.97000122070312,196.14999389648438,197.41000366210938,173.8407440185547,1288700,0.0,0.0
2019-12-20,199.60000610351562,200.77000427246094,197.11000061035156,199.99000549316406,176.1127166748047,2304900,0.0,0.0
2019-12-23,200.77000427246094,203.19000244140625,199.05999755859375,201.72999572753906,177.64492797851562,1129400,0.0,0.0
2019-12-24,202.88999938964844,203.02000427246094,200.60000610351562,201.22000122070312,177.1958770751953,330600,0.0,0.0
2019-12-26,201.22999572753906,202.0,200.6199951171875,201.61000061035156,177.53927612304688,637700,0.0,0.0
2019-12-27,202.0800018310547,203.22999572753906,201.25,201.7100067138672,177.6273651123047,881500,0.0,0.0
2019-12-30,201.77000427246094,201.77999877929688,199.0,200.0800018310547,176.19195556640625,838100,0.0,0.0
2019-12-31,199.9199981689453,200.55999755859375,197.0399932861328,197.8699951171875,174.24581909179688,1010900,0.0,0.0
2020-01-02,198.42999267578125,203.3699951171875,198.05999755859375,203.30999755859375,179.03634643554688,1214700,0.0,0.0
2020-01-03,206.1699981689453,210.8300018310547,206.1699981689453,210.47000122070312,185.3414306640625,2182200,0.0,0.0
2020-01-06,212.22000122070312,214.0,209.13999938964844,211.72000122070312,186.44223022460938,1968100,0.0,0.0
2020-01-07,212.02000427246094,214.24000549316406,211.0,212.72999572753906,187.33168029785156,1538100,0.0,0.0
2020-01-08,212.75,214.88999938964844,210.41000366210938,211.2899932861328,186.06358337402344,1683300,0.0,0.0
2020-01-09,210.38999938964844,212.94000244140625,210.25999450683594,212.2899932861328,186.9442138671875,980000,0.0,0.0
2020-01-10,212.07000732421875,212.33999633789062,209.7100067138672,210.3699951171875,185.25338745117188,1186500,0.0,0.0
2020-01-13,211.44000244140625,212.75,208.72000122070312,212.60000610351562,187.21713256835938,1306900,0.0,0.0
2020-01-14,212.57000732421875,213.08999633789062,211.6199951171875,212.77999877929688,187.37570190429688,1265400,0.0,0.0
2020-01-15,212.39999389648438,215.6699981689453,211.85000610351562,213.16000366210938,187.7103271484375,882700,0.0,0.0
2020-01-16,214.02000427246094,214.99000549316406,213.1999969482422,214.35000610351562,188.75827026367188,876600,0.0,0.0
2020-01-17,215.3000030517578,219.47000122070312,214.00999450683594,219.3800048828125,193.18768310546875,1934500,0.0,0.0
2020-01-21,219.39999389648438,221.33999633789062,217.80999755859375,220.4600067138672,194.13877868652344,1527200,0.0,0.0
2020-01-22,221.0,223.0,219.32000732421875,219.91000366210938,193.6543731689453,1411400,0.0,0.0
2020-01-23,220.1300048828125,223.82000732421875,219.61000061035156,222.80999755859375,196.2081756591797,1211600,0.0,0.0
2020-01-24,223.22999572753906,224.5,222.0399932861328,222.97999572753906,196.35787963867188,1154200,0.0,0.0
2020-01-27,220.99000549316406,223.57000732421875,219.75999450683594,222.32000732421875,195.7766571044922,1231700,0.0,0.0
2020-01-28,223.1199951171875,224.25,220.6300048828125,223.13999938964844,196.49876403808594,1334800,0.0,0.0
2020-01-29,224.0,225.85000610351562,222.7899932861328,223.57000732421875,196.87745666503906,925000,0.0,0.0
2020-01-30,222.00999450683594,225.05999755859375,221.80999755859375,224.74000549316406,197.90774536132812,1038000,0.0,0.0
2020-01-31,223.74000549316406,224.69000244140625,219.41000366210938,221.3300018310547,194.9048614501953,1390100,0.0,0.0
2020-02-03,221.75,223.27000427246094,220.33999633789062,220.88999938964844,194.5174102783203,1243900,0.0,0.0
2020-02-04,225.36000061035156,228.5,222.2899932861328,223.74000549316406,197.02713012695312,1802600,0.0,0.0
2020-02-05,224.61000061035156,225.88999938964844,221.91000366210938,223.47000122070312,196.78939819335938,1316400,0.0,0.0
2020-02-06,223.64999389648438,227.5800018310547,222.97999572753906,225.97999572753906,198.99972534179688,1458500,0.0,0.0
2020-02-07,227.22000122070312,230.5800018310547,226.0,229.86000061035156,202.41647338867188,1229800,0.0,0.0
2020-02-10,229.8699951171875,230.99000549316406,227.22999572753906,229.60000610351562,202.1875,1053400,0.0,0.0
2020-02-11,229.27000427246094,229.44000244140625,226.8300018310547,228.0,200.77853393554688,1283700,0.0,0.0
2020-02-12,228.49000549316406,230.22999572753906,224.75999450683594,230.0399932861328,202.57493591308594,1433500,0.0,0.0
2020-02-13,229.19000244140625,230.97999572753906,226.9600067138672,227.00999450683594,199.90673828125,1187900,0.0,0.0
2020-02-14,227.16000366210938,229.47000122070312,226.47999572753906,228.5500030517578,201.2628936767578,1177100,0.0,0.0
2020-02-18,228.0,229.86000061035156,226.55999755859375,228.72999572753906,201.42138671875,912300,0.0,0.0
2020-02-19,228.61000061035156,229.7100067138672,225.50999450683594,225.97999572753906,198.99972534179688,1450300,0.0,0.0
2020-02-20,226.42999267578125,227.22000122070312,221.49000549316406,223.8000030517578,197.08004760742188,957700,0.0,0.0
2020-02-21,222.99000549316406,224.22999572753906,221.55999755859375,222.8000030517578,196.1993865966797,1198700,0.0,0.0
2020-02-24,218.17999267578125,220.75,216.8300018310547,219.05999755859375,192.90589904785156,1185500,0.0,0.0
2020-02-25,219.3300018310547,220.77999877929688,208.89999389648438,209.75999450683594,184.7162628173828,1907300,0.0,0.0
2020-02-26,209.82000732421875,215.74000549316406,209.77999877929688,210.32000732421875,185.2093505859375,2240700,0.0,0.0
2020-02-27,208.52000427246094,210.02000427246094,201.41000366210938,201.94000244140625,177.82992553710938,2314500,0.0,0.0
2020-02-28,195.52000427246094,198.11000061035156,190.61000061035156,197.72999572753906,174.12249755859375,2997800,0.0,0.0
2020-03-02,197.89999389648438,202.99000549316406,194.7100067138672,202.0500030517578,177.92677307128906,2246600,0.0,0.0
2020-03-03,203.8699951171875,209.5,197.8800048828125,198.67999267578125,174.95912170410156,1772600,0.0,0.0
2020-03-04,202.35000610351562,212.0,200.2899932861328,211.63999938964844,186.37181091308594,1677300,0.0,0.0
2020-03-05,208.64999389648438,208.8699951171875,199.0,200.57000732421875,176.62344360351562,1761000,0.0,0.0
2020-03-06,195.0,201.58999633789062,192.39999389648438,199.92999267578125,176.05984497070312,1615100,0.0,0.0
2020-03-09,186.77000427246094,192.99000549316406,182.0,186.5800018310547,164.30377197265625,1918500,0.0,0.0
2020-03-10,193.5,196.3000030517578,186.30999755859375,196.1199951171875,172.7047576904297,1826200,0.0,0.0
2020-03-11,190.8000030517578,193.55999755859375,184.36000061035156,188.36000061035156,165.8712158203125,2323600,0.0,0.0
2020-03-12,174.6199951171875,181.5500030517578,164.1199951171875,166.02000427246094,146.86119079589844,3092700,0.85,0.0
2020-03-13,174.6300048828125,178.63999938964844,164.47999572753906,177.6300048828125,157.1313934326172,2287300,0.0,0.0
2020-03-16,155.0,166.47000122070312,149.2100067138672,152.22999572753906,134.6625518798828,1992100,0.0,0.0
2020-03-17,155.32000732421875,170.67999267578125,151.39999389648438,168.9499969482422,149.4530792236328,2130400,0.0,0.0
2020-03-18,154.94000244140625,175.10000610351562,152.1699981689453,167.99000549316406,148.6038818359375,2801800,0.0,0.0
2020-03-19,166.33999633789062,167.3699951171875,153.4499969482422,160.13999938964844,141.6597442626953,2507600,0.0,0.0
2020-03-20,160.47999572753906,160.47999572753906,150.8000030517578,154.0399932861328,136.26370239257812,2684600,0.0,0.0
2020-03-23,153.02999877929688,154.5399932861328,142.00999450683594,150.22000122070312,132.884521484375,2303300,0.0,0.0
2020-03-24,153.47999572753906,162.55999755859375,152.9499969482422,162.07000732421875,143.36705017089844,1814200,0.0,0.0
2020-03-25,160.74000549316406,179.77000427246094,160.0,173.4600067138672,153.442626953125,1775700,0.0,0.0
2020-03-26,175.6699981689453,191.19000244140625,174.8300018310547,190.5,168.5161590576172,2310900,0.0,0.0
2020-03-27,183.63999938964844,190.5399932861328,178.4600067138672,185.0,163.65090942382812,2163100,0.0,0.0
2020-03-30,186.91000366210938,187.49000549316406,179.24000549316406,181.9600067138672,160.9617156982422,1925000,0.0,0.0
2020-03-31,180.8300018310547,183.55999755859375,177.00999450683594,180.1199951171875,159.33407592773438,2767400,0.0,0.0
2020-04-01,171.99000549316406,177.91000366210938,170.22999572753906,177.1699981689453,156.72447204589844,1498700,0.0,0.0
2020-04-02,176.1300048828125,183.9600067138672,175.22000122070312,183.52000427246094,162.34170532226562,1898500,0.0,0.0
2020-04-03,183.42999267578125,184.75999450683594,177.35000610351562,178.5,157.90097045898438,1396000,0.0,0.0
2020-04-06,186.9600067138672,187.2100067138672,181.60000610351562,184.0,162.76629638671875,1918700,0.0,0.0
2020-04-07,190.6300048828125,190.63999938964844,178.6699981689453,179.89999389648438,159.1394500732422,2523200,0.0,0.0
2020-04-08,181.0,188.67999267578125,179.5500030517578,185.1999969482422,163.8278045654297,1285800,0.0,0.0
2020-04-09,186.3699951171875,194.25,186.02999877929688,190.7899932861328,168.7727508544922,1873500,0.0,0.0
2020-04-13,190.44000244140625,190.75999450683594,185.02999877929688,188.32000732421875,166.58775329589844,815600,0.0,0.0
2020-04-14,192.6699981689453,197.86000061035156,191.47999572753906,197.0,174.26611328125,1230000,0.0,0.0
2020-04-15,198.4600067138672,198.4600067138672,190.75999450683594,195.0,172.4969024658203,1312500,0.0,0.0
2020-04-16,195.2100067138672,198.6300048828125,194.17999267578125,198.22000122070312,175.3452911376953,1550500,0.0,0.0
2020-04-17,202.39999389648438,204.1300048828125,200.82000732421875,203.5,180.0159912109375,1639300,0.0,0.0
2020-04-20,200.30999755859375,202.5800018310547,194.64999389648438,194.83999633789062,172.35537719726562,1130300,0.0,0.0
2020-04-21,192.27000427246094,194.6199951171875,186.07000732421875,187.77999877929688,166.1100616455078,1231400,0.0,0.0
2020-04-22,192.22999572753906,194.58999633789062,190.88999938964844,191.75999450683594,169.63075256347656,920600,0.0,0.0
2020-04-23,193.44000244140625,194.24000549316406,188.6999969482422,189.42999267578125,167.56968688964844,1329300,0.0,0.0
2020-04-24,190.0,190.47000122070312,186.4199981689453,189.85000610351562,167.9412078857422,1083200,0.0,0.0
2020-04-27,190.63999938964844,193.99000549316406,190.5399932861328,192.6999969482422,170.46231079101562,781200,0.0,0.0
2020-04-28,195.0,198.10000610351562,194.1699981689453,195.7899932861328,173.19570922851562,925100,0.0,0.0
2020-04-29,195.66000366210938,198.25,193.6199951171875,195.3000030517578,172.7623291015625,1046200,0.0,0.0
2020-04-30,193.24000549316406,194.49000549316406,191.75999450683594,193.6999969482422,171.34690856933594,1053000,0.0,0.0
2020-05-01,190.77999877929688,190.9600067138672,186.77000427246094,189.4600067138672,167.59619140625,867900,0.0,0.0
2020-05-04,187.5399932861328,188.08999633789062,183.7899932861328,186.82000732421875,165.26087951660156,1101000,0.0,0.0
2020-05-05,185.5800018310547,192.9499969482422,184.0500030517578,189.0,167.18927001953125,1431900,0.0,0.0
2020-05-06,189.94000244140625,190.0,182.24000549316406,182.50999450683594,161.4482421875,1039000,0.0,0.0
2020-05-07,185.0,185.75,182.00999450683594,182.49000549316406,161.43057250976562,1370700,0.0,0.0
2020-05-08,184.35000610351562,184.6199951171875,180.24000549316406,180.9499969482422,160.0682830810547,1845700,0.0,0.0
2020-05-11,180.0,181.33999633789062,178.02999877929688,179.39999389648438,158.69715881347656,1727200,0.0,0.0
2020-05-12,180.0,184.0500030517578,179.4499969482422,180.61000061035156,159.76751708984375,1766700,0.0,0.0
2020-05-13,180.1300048828125,180.8800048828125,175.55999755859375,177.5399932861328,157.0518035888672,1399100,0.0,0.0
2020-05-14,175.27999877929688,177.99000549316406,171.82000732421875,177.83999633789062,157.31716918945312,1731600,0.0,0.0
2020-05-15,175.80999755859375,177.47000122070312,174.67999267578125,176.77999877929688,156.37948608398438,1714100,0.0,0.0
2020-05-18,182.67999267578125,182.67999267578125,179.3300018310547,180.9199981689453,160.04173278808594,1505300,0.0,0.0
2020-05-19,181.3300018310547,183.3000030517578,179.75999450683594,179.88999938964844,159.13059997558594,1192800,0.0,0.0
2020-05-20,182.08999633789062,182.8699951171875,178.82000732421875,179.17999267578125,158.5024871826172,1480500,0.0,0.0
2020-05-21,180.0,185.1199951171875,179.3300018310547,184.1199951171875,162.87246704101562,1550700,0.0,0.0
2020-05-22,184.89999389648438,184.89999389648438,179.85000610351562,180.4499969482422,159.62594604492188,1084700,0.0,0.0
2020-05-26,184.89999389648438,186.0800018310547,182.72000122070312,184.77000427246094,163.44741821289062,2811900,0.0,0.0
2020-05-27,188.0,193.0399932861328,186.02999877929688,192.9499969482422,170.6834716796875,2259800,0.0,0.0
2020-05-28,196.83999633789062,197.92999267578125,193.0,196.72999572753906,174.0272216796875,1579800,0.0,0.0
2020-05-29,195.0,199.89999389648438,193.42999267578125,199.4499969482422,176.43336486816406,1815500,0.0,0.0
2020-06-01,197.27000427246094,198.52000427246094,195.5800018310547,196.1199951171875,174.2301788330078,1459600,0.85,0.0
2020-06-02,196.19000244140625,196.6199951171875,192.9499969482422,194.57000732421875,172.85316467285156,1968100,0.0,0.0
2020-06-03,196.77999877929688,201.75999450683594,196.0800018310547,200.61000061035156,178.21897888183594,1773800,0.0,0.0
2020-06-04,200.0,202.38999938964844,198.58999633789062,199.47999572753906,177.2151336669922,1510300,0.0,0.0
2020-06-05,205.69000244140625,208.22000122070312,203.58999633789062,204.8699951171875,182.0035400390625,1744200,0.0,0.0
2020-06-08,206.74000549316406,209.77000427246094,205.16000366210938,209.66000366210938,186.25894165039062,1490100,0.0,0.0
2020-06-09,206.63999938964844,209.4199981689453,206.6199951171875,208.27999877929688,185.03292846679688,1489300,0.0,0.0
2020-06-10,208.57000732421875,209.2100067138672,204.72000122070312,206.6999969482422,183.62928771972656,1188200,0.0,0.0
2020-06-11,200.36000061035156,202.25,196.3000030517578,196.50999450683594,174.57662963867188,1791200,0.0,0.0
2020-06-12,201.11000061035156,201.64999389648438,190.00999450683594,193.14999389648438,171.59165954589844,1321500,0.0,0.0
2020-06-15,189.0399932861328,191.52000427246094,186.00999450683594,188.10000610351562,167.10531616210938,2070700,0.0,0.0
2020-06-16,192.3699951171875,196.8699951171875,190.02000427246094,191.00999450683594,169.6904754638672,1673500,0.0,0.0
2020-06-17,191.1999969482422,193.10000610351562,188.75999450683594,191.42999267578125,170.0636444091797,1092200,0.0,0.0
2020-06-18,190.22000122070312,191.67999267578125,187.1300048828125,188.25,167.2385711669922,1134600,0.0,0.0
2020-06-19,191.49000549316406,191.49000549316406,182.00999450683594,182.24000549316406,161.8993682861328,3351500,0.0,0.0
2020-06-22,182.0,185.3699951171875,179.52000427246094,184.1999969482422,163.64064025878906,1599500,0.0,0.0
2020-06-23,185.69000244140625,186.10000610351562,177.0,177.25,157.46633911132812,2383500,0.0,0.0
2020-06-24,175.8800048828125,175.99000549316406,167.97000122070312,168.24000549316406,149.46194458007812,2881700,0.0,0.0
2020-06-25,167.1699981689453,171.75,163.69000244140625,170.7899932861328,151.72735595703125,2713900,0.0,0.0
2020-06-26,171.0,174.1699981689453,168.63999938964844,169.61000061035156,150.67906188964844,7173100,0.0,0.0
2020-06-29,171.8000030517578,175.58999633789062,170.5,174.8000030517578,155.28981018066406,1375600,0.0,0.0
2020-06-30,173.74000549316406,175.14999389648438,168.9600067138672,169.6699981689453,150.73236083984375,2492800,0.0,0.0
2020-07-01,171.44000244140625,172.89999389648438,170.2899932861328,170.49000549316406,151.46084594726562,1677700,0.0,0.0
2020-07-02,172.00999450683594,173.77999877929688,169.14999389648438,172.0,152.8022918701172,1766400,0.0,0.0
2020-07-06,174.67999267578125,174.8800048828125,171.80999755859375,174.0,154.5790557861328,1245900,0.0,0.0
2020-07-07,172.33999633789062,173.92999267578125,167.58999633789062,167.67999267578125,148.96446228027344,1333100,0.0,0.0
2020-07-08,167.8000030517578,167.8000030517578,163.64999389648438,164.64999389648438,146.27267456054688,1698300,0.0,0.0
2020-07-09,164.10000610351562,164.99000549316406,159.5500030517578,159.8000030517578,141.9639892578125,2082900,0.0,0.0
2020-07-10,159.92999267578125,163.0,159.92999267578125,162.50999450683594,144.37155151367188,1645700,0.0,0.0
2020-07-13,163.67999267578125,165.3000030517578,161.41000366210938,162.42999267578125,144.30044555664062,1443700,0.0,0.0
2020-07-14,162.10000610351562,162.7100067138672,158.77000427246094,162.36000061035156,144.23826599121094,1321600,0.0,0.0
2020-07-15,165.83999633789062,168.8300018310547,165.11000061035156,166.8300018310547,148.20936584472656,1249400,0.0,0.0
2020-07-16,165.2100067138672,168.1999969482422,164.00999450683594,167.02999877929688,148.3870086669922,1226000,0.0,0.0
2020-07-17,167.9499969482422,171.4199981689453,167.3000030517578,169.9600067138672,150.99002075195312,1548900,0.0,0.0
2020-07-20,169.42999267578125,169.9499969482422,165.83999633789062,167.10000610351562,148.4492645263672,1072000,0.0,0.0
2020-07-21,169.25,170.6699981689453,168.3800048828125,168.88999938964844,150.03944396972656,1093000,0.0,0.0
2020-07-22,168.32000732421875,174.08999633789062,167.64999389648438,173.33999633789062,153.99273681640625,970500,0.0,0.0
2020-07-23,173.41000366210938,174.9199981689453,171.75999450683594,172.6699981689453,153.39752197265625,818100,0.0,0.0
2020-07-24,172.41000366210938,175.0,169.2100067138672,171.24000549316406,152.1271514892578,1269000,0.0,0.0
2020-07-27,170.50999450683594,171.60000610351562,166.9199981689453,167.5500030517578,148.8489532470703,982500,0.0,0.0
2020-07-28,166.8800048828125,173.02999877929688,166.8800048828125,171.39999389648438,152.26927185058594,1072700,0.0,0.0
2020-07-29,172.02999877929688,173.64999389648438,170.89999389648438,173.0,153.69065856933594,1383300,0.0,0.0
2020-07-30,171.75999450683594,174.1699981689453,171.0500030517578,173.22999572753906,153.89498901367188,1255600,0.0,0.0
2020-07-31,172.8000030517578,174.64999389648438,166.83999633789062,168.3300018310547,149.54193115234375,2305600,0.0,0.0
2020-08-03,170.0,170.6199951171875,167.8000030517578,167.8800048828125,149.14215087890625,1982100,0.0,0.0
2020-08-04,168.77999877929688,169.6300048828125,166.42999267578125,167.2899932861328,148.6180419921875,1494100,0.0,0.0
2020-08-05,168.3300018310547,173.0500030517578,168.25999450683594,172.13999938964844,152.92666625976562,1907700,0.0,0.0
2020-08-06,171.11000061035156,173.6699981689453,171.11000061035156,173.6699981689453,154.28591918945312,1501500,0.0,0.0
2020-08-07,173.83999633789062,176.99000549316406,173.39999389648438,175.63999938964844,156.03604125976562,1492500,0.0,0.0
2020-08-10,175.52999877929688,180.0,175.39999389648438,179.17999267578125,159.18089294433594,1461800,0.0,0.0
2020-08-11,182.32000732421875,185.75,180.5800018310547,180.63999938964844,160.47793579101562,1920700,0.0,0.0
2020-08-12,183.33999633789062,185.4499969482422,181.30999755859375,183.07000732421875,162.63674926757812,2013500,0.0,0.0
2020-08-13,181.1300048828125,184.5800018310547,180.16000366210938,180.97000122070312,160.77113342285156,1518700,0.0,0.0
2020-08-14,178.4600067138672,183.24000549316406,178.16000366210938,182.5800018310547,162.2014617919922,1178400,0.0,0.0
2020-08-17,182.8800048828125,185.16000366210938,180.9499969482422,181.5500030517578,161.28643798828125,1401100,0.0,0.0
2020-08-18,181.5500030517578,182.63999938964844,179.72000122070312,180.97999572753906,160.78001403808594,993800,0.0,0.0
2020-08-19,180.10000610351562,182.1999969482422,179.99000549316406,181.17999267578125,160.95767211914062,1117300,0.0,0.0
2020-08-20,180.25999450683594,181.66000366210938,178.69000244140625,178.9600067138672,158.98545837402344,973300,0.0,0.0
2020-08-21,178.27999877929688,180.3000030517578,178.0,178.58999633789062,158.65676879882812,1645900,0.0,0.0
2020-08-24,179.3300018310547,182.9600067138672,178.1199951171875,182.52999877929688,162.15701293945312,921100,0.0,0.0
2020-08-25,183.60000610351562,185.17999267578125,181.0,181.02000427246094,160.81553649902344,1156100,0.0,0.0
2020-08-26,180.13999938964844,180.3000030517578,178.5,179.3000030517578,159.28753662109375,1657200,0.0,0.0
2020-08-27,180.0399932861328,182.72000122070312,179.67999267578125,181.1699981689453,160.94882202148438,1294600,0.0,0.0
2020-08-28,181.72000122070312,181.75,179.25,179.88999938964844,159.81170654296875,1096700,0.0,0.0
2020-08-31,179.9600067138672,181.63999938964844,179.3800048828125,180.74000549316406,160.56680297851562,1502700,0.0,0.0
2020-09-01,179.25,180.25,177.14999389648438,177.72000122070312,157.88381958007812,1390000,0.0,0.0
2020-09-02,177.85000610351562,183.72999572753906,177.17999267578125,182.94000244140625,162.52120971679688,1478400,0.0,0.0
2020-09-03,184.0,186.8699951171875,180.92999267578125,182.11000061035156,161.7838592529297,1425200,0.0,0.0
2020-09-04,184.47999572753906,185.80999755859375,181.42999267578125,181.72999572753906,161.44625854492188,1401000,0.0,0.0
2020-09-08,180.38999938964844,182.89999389648438,178.61000061035156,179.61000061035156,160.31277465820312,1478700,0.85,0.0
2020-09-09,180.52999877929688,182.9499969482422,178.3800048828125,180.83999633789062,161.4105987548828,1108600,0.0,0.0
2020-09-10,181.39999389648438,182.67999267578125,175.6199951171875,176.39999389648438,157.44760131835938,1469000,0.0,0.0
2020-09-11,176.9499969482422,181.58999633789062,176.8699951171875,181.02999877929688,161.5802001953125,1202700,0.0,0.0
2020-09-14,181.72000122070312,182.5500030517578,180.52999877929688,181.6300048828125,162.11575317382812,714500,0.0,0.0
2020-09-15,182.4499969482422,182.5,178.1199951171875,178.77999877929688,159.5718994140625,830700,0.0,0.0
2020-09-16,179.00999450683594,184.8699951171875,178.13999938964844,182.17999267578125,162.60659790039062,1350300,0.0,0.0
2020-09-17,180.61000061035156,185.97999572753906,179.75999450683594,185.44000244140625,165.5164031982422,1140800,0.0,0.0
2020-09-18,184.3300018310547,187.6999969482422,184.30999755859375,185.2100067138672,165.3111114501953,1785300,0.0,0.0
2020-09-21,181.5,183.14999389648438,176.8000030517578,177.5800018310547,158.5008544921875,1625500,0.0,0.0
2020-09-22,177.00999450683594,181.69000244140625,177.00999450683594,180.75,161.33026123046875,1033200,0.0,0.0
2020-09-23,181.52000427246094,183.8699951171875,177.5,178.1300048828125,158.9917449951172,1144400,0.0,0.0
2020-09-24,177.6199951171875,177.85000610351562,172.6300048828125,175.74000549316406,156.85855102539062,1196100,0.0,0.0
2020-09-25,174.83999633789062,178.5800018310547,174.8300018310547,178.02000427246094,158.89358520507812,649900,0.0,0.0
2020-09-28,179.80999755859375,181.17999267578125,178.35000610351562,178.6300048828125,159.43804931640625,656700,0.0,0.0
2020-09-29,178.3300018310547,178.3300018310547,175.42999267578125,175.75,156.8674774169922,915900,0.0,0.0
2020-09-30,174.47999572753906,175.6199951171875,168.39999389648438,169.83999633789062,151.5924530029297,2829600,0.0,0.0
2020-10-01,172.0,174.88999938964844,171.47000122070312,172.69000244140625,154.13624572753906,1669900,0.0,0.0
2020-10-02,170.6999969482422,174.14999389648438,169.97999572753906,173.07000732421875,154.47540283203125,938600,0.0,0.0
2020-10-05,174.41000366210938,175.8699951171875,172.4600067138672,174.39999389648438,155.6625213623047,767500,0.0,0.0
2020-10-06,175.99000549316406,177.3300018310547,173.64999389648438,173.9600067138672,155.26979064941406,946500,0.0,0.0
2020-10-07,174.8800048828125,177.3800048828125,174.8000030517578,175.39999389648438,156.55508422851562,900700,0.0,0.0
2020-10-08,175.39999389648438,178.13999938964844,175.0,178.13999938964844,159.0006866455078,832400,0.0,0.0
2020-10-09,179.0800018310547,179.49000549316406,174.47999572753906,175.4499969482422,156.59970092773438,1039100,0.0,0.0
2020-10-12,175.52000427246094,175.83999633789062,174.27000427246094,175.0399932861328,156.23374938964844,1154300,0.0,0.0
2020-10-13,174.1300048828125,175.49000549316406,173.55999755859375,174.41000366210938,155.67144775390625,911300,0.0,0.0
2020-10-14,174.6199951171875,177.3800048828125,174.3000030517578,176.35000610351562,157.40298461914062,725000,0.0,0.0
2020-10-15,175.11000061035156,176.02000427246094,172.9199981689453,173.47000122070312,154.83245849609375,1031100,0.0,0.0
2020-10-16,174.4600067138672,175.41000366210938,174.16000366210938,174.3699951171875,155.63571166992188,960400,0.0,0.0
2020-10-19,174.8300018310547,176.47000122070312,170.89999389648438,171.42999267578125,153.0115966796875,852700,0.0,0.0
2020-10-20,173.0,173.32000732421875,170.1300048828125,171.2100067138672,152.8152313232422,1010500,0.0,0.0
2020-10-21,170.69000244140625,172.25,169.80999755859375,169.80999755859375,151.56565856933594,872700,0.0,0.0
2020-10-22,170.10000610351562,172.0,169.50999450683594,169.60000610351562,151.37823486328125,979300,0.0,0.0
2020-10-23,171.19000244140625,172.8800048828125,169.80999755859375,171.8000030517578,153.3418426513672,1132000,0.0,0.0
2020-10-26,170.3699951171875,170.50999450683594,167.14999389648438,169.8300018310547,151.5835418701172,1349100,0.0,0.0
2020-10-27,169.19000244140625,170.02999877929688,166.19000244140625,166.25999450683594,148.39706420898438,1262600,0.0,0.0
2020-10-28,164.55999755859375,166.19000244140625,161.1300048828125,161.32000732421875,143.98780822753906,1217800,0.0,0.0
2020-10-29,160.64999389648438,163.5399932861328,160.17999267578125,162.9499969482422,145.4427032470703,1200100,0.0,0.0
2020-10-30,163.0,164.39999389648438,158.08999633789062,161.11000061035156,143.80039978027344,1984700,0.0,0.0
2020-11-02,164.24000549316406,171.9499969482422,163.82000732421875,170.39999389648438,152.09225463867188,1867500,0.0,0.0
2020-11-03,172.1999969482422,178.99000549316406,171.4499969482422,178.80999755859375,159.5986785888672,1863100,0.0,0.0
2020-11-04,180.4499969482422,188.1999969482422,180.42999267578125,183.3000030517578,163.60630798339844,2829300,0.0,0.0
2020-11-05,184.47000122070312,185.30999755859375,180.25999450683594,181.0399932861328,161.58909606933594,2498300,0.0,0.0
2020-11-06,180.55999755859375,181.00999450683594,176.94000244140625,178.94000244140625,159.71475219726562,1263800,0.0,0.0
2020-11-09,187.99000549316406,190.50999450683594,182.17999267578125,185.85000610351562,165.88232421875,2031000,0.0,0.0
2020-11-10,187.88999938964844,192.5399932861328,185.52999877929688,189.52999877929688,169.1669464111328,1806100,0.0,0.0
2020-11-11,189.27999877929688,190.10000610351562,186.36000061035156,187.7100067138672,167.54246520996094,2065300,0.0,0.0
2020-11-12,186.6999969482422,190.5500030517578,185.47000122070312,189.3000030517578,168.961669921875,1210900,0.0,0.0
2020-11-13,190.0,195.27000427246094,189.64999389648438,194.3000030517578,173.4244842529297,1277400,0.0,0.0
2020-11-16,197.1999969482422,200.17999267578125,195.72000122070312,200.0,178.5120391845703,1498700,0.0,0.0
2020-11-17,197.88999938964844,200.5800018310547,195.66000366210938,198.42999267578125,177.1106719970703,1382400,0.0,0.0
2020-11-18,199.2899932861328,199.77999877929688,196.22999572753906,196.35000610351562,175.25424194335938,1150900,0.0,0.0
2020-11-19,194.5,196.69000244140625,193.10000610351562,195.75999450683594,175.4872589111328,1232300,0.85,0.0
2020-11-20,195.42999267578125,196.8800048828125,191.49000549316406,191.5,171.66839599609375,1204600,0.0,0.0
2020-11-23,193.6999969482422,195.9499969482422,193.49000549316406,194.10000610351562,173.99917602539062,1084100,0.0,0.0
2020-11-24,196.8000030517578,197.36000061035156,195.25999450683594,195.8300018310547,175.55007934570312,988200,0.0,0.0
2020-11-25,195.5,195.8699951171875,193.67999267578125,194.97999572753906,174.78805541992188,863600,0.0,0.0
2020-11-27,194.72000122070312,195.41000366210938,192.0800018310547,194.47000122070312,174.33090209960938,408000,0.0,0.0
2020-11-30,193.50999450683594,194.52999877929688,189.85000610351562,191.99000549316406,172.1077423095703,1505400,0.0,0.0
2020-12-01,193.4499969482422,195.4499969482422,191.6999969482422,191.83999633789062,171.9732208251953,1099500,0.0,0.0
2020-12-02,191.52999877929688,192.14999389648438,189.22999572753906,191.5399932861328,171.70428466796875,988100,0.0,0.0
2020-12-03,191.97999572753906,194.5500030517578,191.52999877929688,192.6999969482422,172.7441864013672,1321400,0.0,0.0
2020-12-04,193.4600067138672,197.24000549316406,193.4600067138672,195.0399932861328,174.8418426513672,1150900,0.0,0.0
2020-12-07,194.63999938964844,194.7899932861328,190.77000427246094,191.6300048828125,171.78497314453125,1019800,0.0,0.0
2020-12-08,190.1300048828125,192.22999572753906,189.1199951171875,189.25,169.65145874023438,1011900,0.0,0.0
2020-12-09,189.67999267578125,189.99000549316406,187.24000549316406,188.3000030517578,168.79983520507812,1210500,0.0,0.0
2020-12-10,188.02000427246094,190.42999267578125,186.16000366210938,187.5,168.08265686035156,1225100,0.0,0.0
2020-12-11,186.75,189.97000122070312,185.41000366210938,189.17999267578125,169.58868408203125,1055700,0.0,0.0
2020-12-14,190.6699981689453,193.3000030517578,189.10000610351562,189.9499969482422,170.27899169921875,1301300,0.0,0.0
2020-12-15,186.10000610351562,189.47000122070312,184.6699981689453,188.32000732421875,168.81777954101562,1456500,0.0,0.0
2020-12-16,187.74000549316406,188.63999938964844,185.42999267578125,186.1300048828125,166.85458374023438,1066400,0.0,0.0
2020-12-17,186.13999938964844,186.67999267578125,184.50999450683594,185.7100067138672,166.4780731201172,1127400,0.0,0.0
2020-12-18,185.35000610351562,187.75999450683594,185.3300018310547,187.2100067138672,167.82275390625,3645000,0.0,0.0
2020-12-21,184.3300018310547,186.5,183.32000732421875,185.0399932861328,165.87742614746094,1690800,0.0,0.0
2020-12-22,185.0399932861328,185.42999267578125,183.67999267578125,184.11000061035156,165.04379272460938,1389600,0.0,0.0
2020-12-23,185.1300048828125,187.30999755859375,184.41000366210938,185.85000610351562,166.6035614013672,827900,0.0,0.0
2020-12-24,186.0,186.61000061035156,184.4600067138672,185.16000366210938,165.98501586914062,281800,0.0,0.0
2020-12-28,185.97999572753906,188.17999267578125,185.42999267578125,187.32000732421875,167.9213409423828,570400,0.0,0.0
2020-12-29,188.60000610351562,189.24000549316406,184.82000732421875,186.2899932861328,166.99798583984375,608200,0.0,0.0
2020-12-30,186.92999267578125,188.3699951171875,186.89999389648438,187.64999389648438,168.2171630859375,535000,0.0,0.0
2020-12-31,188.1300048828125,189.35000610351562,187.33999633789062,189.02000427246094,169.4452667236328,723100,0.0,0.0
2021-01-04,187.9600067138672,187.9600067138672,180.2100067138672,180.44000244140625,161.7538299560547,1477100,0.0,0.0
2021-01-05,181.19000244140625,183.25999450683594,179.57000732421875,182.35000610351562,163.46603393554688,1315900,0.0,0.0
2021-01-06,181.11000061035156,183.5500030517578,179.4199981689453,182.77000427246094,163.84251403808594,1606200,0.0,0.0
2021-01-07,179.83999633789062,182.30999755859375,179.14999389648438,181.25,162.4799346923828,1520800,0.0,0.0
2021-01-08,181.6199951171875,181.6199951171875,177.4199981689453,180.6999969482422,161.9868927001953,1409000,0.0,0.0
2021-01-11,180.10000610351562,184.1999969482422,179.22999572753906,183.49000549316406,164.4879608154297,1572500,0.0,0.0
2021-01-12,183.05999755859375,185.6199951171875,182.19000244140625,184.97999572753906,165.82363891601562,1222500,0.0,0.0
2021-01-13,184.75999450683594,187.14999389648438,184.63999938964844,186.72999572753906,167.3924102783203,1249200,0.0,0.0
2021-01-14,188.5,192.2899932861328,188.5,190.77000427246094,171.01405334472656,1755500,0.0,0.0
2021-01-15,190.75,192.6199951171875,188.35000610351562,188.5800018310547,169.0508575439453,1497400,0.0,0.0
2021-01-19,189.8300018310547,191.8699951171875,189.10000610351562,190.10000610351562,170.41342163085938,1059000,0.0,0.0
2021-01-20,190.7899932861328,191.19000244140625,188.1300048828125,188.3800048828125,168.87158203125,1041400,0.0,0.0
2021-01-21,187.66000366210938,188.08999633789062,182.75,183.1300048828125,164.1652374267578,1396300,0.0,0.0
2021-01-22,182.6199951171875,185.25,182.1999969482422,183.8000030517578,164.76583862304688,1058200,0.0,0.0
2021-01-25,183.3699951171875,186.1300048828125,181.77999877929688,185.22999572753906,166.0477752685547,1043700,0.0,0.0
2021-01-26,186.0,186.49000549316406,179.85000610351562,179.9199981689453,161.2876739501953,976800,0.0,0.0
2021-01-27,178.1300048828125,180.83999633789062,175.72999572753906,179.13999938964844,160.58843994140625,1328700,0.0,0.0
2021-01-28,180.8699951171875,180.8699951171875,176.55999755859375,176.66000366210938,158.3653106689453,1652200,0.0,0.0
2021-01-29,175.0,175.97999572753906,168.6999969482422,171.50999450683594,153.74856567382812,3061800,0.0,0.0
2021-02-01,173.5500030517578,175.1300048828125,172.14999389648438,173.55999755859375,155.58628845214844,2014000,0.0,0.0
2021-02-02,175.58999633789062,182.27999877929688,175.0399932861328,180.5399932861328,161.84349060058594,1813600,0.0,0.0
2021-02-03,179.64999389648438,181.0500030517578,178.3000030517578,179.50999450683594,160.9200897216797,1652400,0.0,0.0
2021-02-04,179.77999877929688,185.25999450683594,179.36000061035156,184.89999389648438,165.751953125,1575200,0.0,0.0
2021-02-05,186.0800018310547,187.10000610351562,182.58999633789062,182.8300018310547,163.89630126953125,1747100,0.0,0.0
2021-02-08,183.67999267578125,186.69000244140625,182.05999755859375,186.27000427246094,166.9800567626953,1258500,0.0,0.0
2021-02-09,186.07000732421875,188.22999572753906,184.6699981689453,186.1699981689453,166.89039611816406,1571300,0.0,0.0
2021-02-10,186.49000549316406,188.58999633789062,186.1699981689453,187.52000427246094,168.1006317138672,1296400,0.0,0.0
2021-02-11,187.60000610351562,188.41000366210938,185.49000549316406,187.5,168.08265686035156,1013400,0.0,0.0
2021-02-12,186.38999938964844,187.75999450683594,185.19000244140625,185.9199981689453,166.6663360595703,838600,0.0,0.0
2021-02-16,186.85000610351562,187.19000244140625,184.07000732421875,184.49000549316406,165.38438415527344,922900,0.0,0.0
2021-02-17,184.24000549316406,189.63999938964844,183.2100067138672,188.4600067138672,168.9432830810547,1446600,0.0,0.0
2021-02-18,186.60000610351562,189.9600067138672,186.60000610351562,189.2100067138672,169.61563110351562,1034000,0.0,0.0
2021-02-19,190.0,190.14999389648438,187.74000549316406,189.08999633789062,169.50802612304688,1039700,0.0,0.0
2021-02-22,188.0800018310547,189.75,186.3000030517578,188.32000732421875,168.81777954101562,1052200,0.0,0.0
2021-02-23,190.0,190.99000549316406,185.6999969482422,187.8300018310547,168.3784942626953,1408300,0.0,0.0
2021-02-24,188.44000244140625,192.49000549316406,187.97999572753906,191.3800048828125,171.56085205078125,1036500,0.0,0.0
2021-02-25,191.3800048828125,192.3699951171875,186.6300048828125,187.0,167.6344451904297,1445600,0.0,0.0
2021-02-26,187.0,187.0,181.60000610351562,181.91000366210938,163.07156372070312,1763900,0.0,0.0
2021-03-01,185.4600067138672,186.64999389648438,183.58999633789062,184.6199951171875,165.5009307861328,1204300,0.0,0.0
2021-03-02,184.0,187.47999572753906,184.0,186.0,166.738037109375,1052000,0.0,0.0
2021-03-03,185.6300048828125,188.42999267578125,185.4499969482422,186.07000732421875,166.80079650878906,1353000,0.0,0.0
2021-03-04,185.8000030517578,187.8000030517578,182.24000549316406,183.72999572753906,164.70309448242188,995600,0.0,0.0
2021-03-05,184.6999969482422,187.72000122070312,182.8000030517578,187.08999633789062,167.7151336669922,1150000,0.0,0.0
2021-03-08,188.52999877929688,193.8699951171875,187.25,191.0399932861328,171.2560577392578,1357600,0.0,0.0
2021-03-09,191.11000061035156,192.11000061035156,187.5800018310547,187.97000122070312,168.5040283203125,986100,0.0,0.0
2021-03-10,188.72000122070312,192.22000122070312,186.6999969482422,190.99000549316406,171.2112579345703,1349000,0.0,0.0
2021-03-11,188.5,190.05999755859375,186.1999969482422,188.25,169.66110229492188,1385500,1.02,0.0
2021-03-12,189.24000549316406,192.8000030517578,189.24000549316406,192.02000427246094,173.05886840820312,917000,0.0,0.0
2021-03-15,192.13999938964844,193.9199981689453,190.60000610351562,192.0,173.04083251953125,745900,0.0,0.0
2021-03-16,191.77000427246094,192.42999267578125,189.05999755859375,190.52000427246094,171.7069549560547,956300,0.0,0.0
2021-03-17,191.58999633789062,194.82000732421875,190.85000610351562,192.0399932861328,173.0768280029297,1106200,0.0,0.0
2021-03-18,191.77000427246094,196.5,191.61000061035156,196.47000122070312,177.0693817138672,1234100,0.0,0.0
2021-03-19,196.8699951171875,198.0800018310547,191.77999877929688,197.5,177.99769592285156,3154100,0.0,0.0
2021-03-22,195.39999389648438,199.8699951171875,194.69000244140625,198.0399932861328,178.48440551757812,1723000,0.0,0.0
2021-03-23,197.17999267578125,198.9499969482422,195.58999633789062,196.14999389648438,176.7809600830078,921900,0.0,0.0
2021-03-24,197.0,199.4199981689453,195.7100067138672,195.9600067138672,176.6097412109375,955300,0.0,0.0
2021-03-25,196.69000244140625,199.07000732421875,193.10000610351562,198.61000061035156,178.99807739257812,1311000,0.0,0.0
2021-03-26,199.55999755859375,200.97000122070312,196.30999755859375,198.94000244140625,179.2955322265625,870700,0.0,0.0
2021-03-29,198.94000244140625,204.0,198.61000061035156,202.83999633789062,182.81036376953125,1037000,0.0,0.0
2021-03-30,202.80999755859375,204.27999877929688,201.77000427246094,203.0800018310547,183.02667236328125,926700,0.0,0.0
2021-03-31,202.14999389648438,203.16000366210938,201.07000732421875,202.67999267578125,182.6661834716797,904100,0.0,0.0
2021-04-01,202.8300018310547,205.02999877929688,201.05999755859375,203.6199951171875,183.51333618164062,996400,0.0,0.0
2021-04-05,205.5399932861328,208.47000122070312,204.8800048828125,207.85000610351562,187.3257293701172,950900,0.0,0.0
2021-04-06,206.27999877929688,210.13999938964844,206.27999877929688,209.32000732421875,188.65052795410156,1092900,0.0,0.0
2021-04-07,208.94000244140625,208.94000244140625,206.77999877929688,208.64999389648438,188.04669189453125,797200,0.0,0.0
2021-04-08,206.58999633789062,208.74000549316406,206.22000122070312,207.49000549316406,187.001220703125,1040000,0.0,0.0
2021-04-09,208.5,208.8000030517578,206.83999633789062,208.1199951171875,187.56903076171875,967600,0.0,0.0
2021-04-12,208.33999633789062,209.6199951171875,207.13999938964844,209.58999633789062,188.89385986328125,755100,0.0,0.0
2021-04-13,208.5500030517578,209.57000732421875,207.25,208.97000122070312,188.33506774902344,548700,0.0,0.0
2021-04-14,209.0500030517578,209.94000244140625,207.88999938964844,208.99000549316406,188.35311889648438,655500,0.0,0.0
2021-04-15,209.0399932861328,211.92999267578125,208.49000549316406,210.75999450683594,189.9483184814453,912200,0.0,0.0
2021-04-16,211.72999572753906,212.0,208.89999389648438,210.72000122070312,189.9122772216797,1479100,0.0,0.0
2021-04-19,211.05999755859375,211.2100067138672,208.22000122070312,209.72999572753906,189.02001953125,954700,0.0,0.0
2021-04-20,209.38999938964844,210.39999389648438,207.50999450683594,210.1999969482422,189.44363403320312,818000,0.0,0.0
2021-04-21,210.1199951171875,212.2100067138672,209.49000549316406,212.0500030517578,191.11090087890625,899600,0.0,0.0
2021-04-22,210.9600067138672,212.1999969482422,209.97000122070312,210.7100067138672,189.9032745361328,1020500,0.0,0.0
2021-04-23,211.07000732421875,211.25,208.64999389648438,211.02000427246094,190.18264770507812,1018600,0.0,0.0
2021-04-26,211.02000427246094,211.1300048828125,207.0500030517578,207.64999389648438,187.1454620361328,939800,0.0,0.0
2021-04-27,204.86000061035156,208.1199951171875,203.9199981689453,207.72999572753906,187.217529296875,1094400,0.0,0.0
2021-04-28,208.0800018310547,208.0800018310547,204.8000030517578,205.00999450683594,184.76609802246094,1050400,0.0,0.0
2021-04-29,206.05999755859375,210.10000610351562,205.63999938964844,209.22000122070312,188.5604248046875,1058000,0.0,0.0
2021-04-30,208.55999755859375,213.0,206.44000244140625,209.22999572753906,188.56944274902344,1105100,0.0,0.0
2021-05-03,208.55999755859375,212.0800018310547,207.8000030517578,211.74000549316406,190.83155822753906,941300,0.0,0.0
2021-05-04,212.3699951171875,216.85000610351562,211.9199981689453,216.39999389648438,195.03138732910156,1742100,0.0,0.0
2021-05-05,216.1300048828125,217.99000549316406,214.5800018310547,217.67999267578125,196.18499755859375,1229500,0.0,0.0
2021-05-06,218.3300018310547,219.6199951171875,215.75,216.99000549316406,195.56314086914062,1165500,0.0,0.0
2021-05-07,215.99000549316406,219.77999877929688,215.75999450683594,219.25,197.60000610351562,1072900,0.0,0.0
2021-05-10,220.0,221.49000549316406,217.0,217.02000427246094,195.5901641845703,1165100,0.0,0.0
2021-05-11,216.9600067138672,216.9600067138672,212.0399932861328,213.3300018310547,192.2645721435547,1001300,0.0,0.0
2021-05-12,213.72999572753906,215.11000061035156,211.00999450683594,211.05999755859375,190.21871948242188,874500,0.0,0.0
2021-05-13,210.47000122070312,215.97000122070312,209.88999938964844,214.6300048828125,193.43618774414062,889400,0.0,0.0
2021-05-14,215.74000549316406,217.64999389648438,214.1699981689453,217.0399932861328,195.60816955566406,668500,0.0,0.0
2021-05-17,216.63999938964844,218.64999389648438,215.52000427246094,218.10000610351562,196.56358337402344,946000,0.0,0.0
2021-05-18,216.86000061035156,217.85000610351562,214.82000732421875,214.9199981689453,193.6975860595703,943600,0.0,0.0
2021-05-19,213.75,214.66000366210938,209.94000244140625,214.33999633789062,193.17481994628906,922500,0.0,0.0
2021-05-20,214.63999938964844,216.8300018310547,214.63999938964844,216.08999633789062,194.7520294189453,954800,0.0,0.0
2021-05-21,217.14999389648438,219.44000244140625,215.47999572753906,216.0399932861328,194.7069549560547,857500,0.0,0.0
2021-05-24,217.1300048828125,217.83999633789062,215.4499969482422,216.2899932861328,194.93226623535156,725500,0.0,0.0
2021-05-25,216.72000122070312,217.83999633789062,216.1199951171875,216.5500030517578,195.16659545898438,726200,0.0,0.0
2021-05-26,215.9199981689453,216.97999572753906,213.94000244140625,214.8300018310547,193.61642456054688,854200,0.0,0.0
2021-05-27,217.0,219.36000061035156,215.9600067138672,218.91000366210938,197.29356384277344,2892500,0.0,0.0
2021-05-28,218.49000549316406,219.3000030517578,217.0800018310547,218.05999755859375,197.44747924804688,824400,1.02,0.0
2021-06-01,219.47999572753906,220.75,216.58999633789062,217.19000244140625,196.6597442626953,1085100,0.0,0.0
2021-06-02,218.3699951171875,219.63999938964844,216.5800018310547,218.72000122070312,198.04510498046875,962100,0.0,0.0
2021-06-03,218.0399932861328,220.50999450683594,217.17999267578125,219.94000244140625,199.1497802734375,873800,0.0,0.0
2021-06-04,220.6999969482422,223.8699951171875,219.52000427246094,222.75,201.6941680908203,825500,0.0,0.0
2021-06-07,223.13999938964844,223.24000549316406,217.67999267578125,218.5500030517578,197.8911895751953,1136300,0.0,0.0
2021-06-08,219.5399932861328,219.5399932861328,217.36000061035156,219.05999755859375,198.35296630859375,1020600,0.0,0.0
2021-06-09,218.7100067138672,218.9600067138672,216.83999633789062,217.50999450683594,196.94947814941406,979100,0.0,0.0
2021-06-10,219.5800018310547,221.8699951171875,218.5500030517578,219.5800018310547,198.82382202148438,1497900,0.0,0.0
2021-06-11,220.22000122070312,223.49000549316406,219.92999267578125,223.3000030517578,202.19216918945312,1251500,0.0,0.0
2021-06-14,222.07000732421875,223.13999938964844,220.83999633789062,222.17999267578125,201.1780242919922,1274200,0.0,0.0
2021-06-15,223.3699951171875,224.60000610351562,222.99000549316406,223.72000122070312,202.5724334716797,848900,0.0,0.0
2021-06-16,224.39999389648438,224.39999389648438,221.3800048828125,221.97999572753906,200.99697875976562,1204500,0.0,0.0
2021-06-17,222.30999755859375,222.91000366210938,220.0800018310547,220.3800048828125,199.5482177734375,1743400,0.0,0.0
2021-06-18,218.39999389648438,220.0399932861328,218.19000244140625,218.86000061035156,198.17184448242188,1720300,0.0,0.0
2021-06-21,220.39999389648438,223.49000549316406,220.2899932861328,222.67999267578125,201.6307830810547,871500,0.0,0.0
2021-06-22,222.1199951171875,222.60000610351562,220.82000732421875,221.69000244140625,200.73434448242188,1212000,0.0,0.0
2021-06-23,222.16000366210938,222.77999877929688,221.14999389648438,221.4499969482422,200.51710510253906,1104700,0.0,0.0
2021-06-24,222.5500030517578,222.5500030517578,219.02999877929688,219.64999389648438,198.8871612548828,1267200,0.0,0.0
2021-06-25,220.11000061035156,221.44000244140625,219.42999267578125,221.02999877929688,200.13674926757812,1345300,0.0,0.0
2021-06-28,221.75999450683594,221.75999450683594,218.32000732421875,219.50999450683594,198.76040649414062,658900,0.0,0.0
2021-06-29,219.50999450683594,221.1699981689453,215.11000061035156,215.39999389648438,195.0388946533203,1223500,0.0,0.0
2021-06-30,216.13999938964844,217.77000427246094,215.66000366210938,216.14999389648438,195.71803283691406,1331700,0.0,0.0
2021-07-01,216.0800018310547,218.89999389648438,215.55999755859375,218.66000366210938,197.9907684326172,985100,0.0,0.0
2021-07-02,219.66000366210938,221.32000732421875,217.9600067138672,219.44000244140625,198.69703674316406,656700,0.0,0.0
2021-07-06,218.2100067138672,219.99000549316406,215.64999389648438,219.5,198.75137329101562,1227800,0.0,0.0
2021-07-07,219.1699981689453,224.1699981689453,218.6300048828125,224.0,202.8259735107422,1264200,0.0,0.0
2021-07-08,221.74000549316406,223.35000610351562,220.82000732421875,222.3000030517578,201.28672790527344,1764600,0.0,0.0
2021-07-09,223.77000427246094,224.3000030517578,221.77999877929688,223.99000549316406,202.81695556640625,960200,0.0,0.0
2021-07-12,223.11000061035156,224.75999450683594,222.10000610351562,224.25,203.0523681640625,646600,0.0,0.0
2021-07-13,224.30999755859375,225.9499969482422,223.6999969482422,224.5800018310547,203.35118103027344,1473200,0.0,0.0
2021-07-14,223.47999572753906,225.19000244140625,223.14999389648438,223.97000122070312,202.79884338378906,899500,0.0,0.0
2021-07-15,222.83999633789062,224.52999877929688,222.24000549316406,223.86000061035156,202.69920349121094,1195800,0.0,0.0
2021-07-16,225.0,225.6999969482422,222.7100067138672,223.75999450683594,202.608642578125,762200,0.0,0.0
2021-07-19,221.5399932861328,222.52999877929688,216.5800018310547,218.22999572753906,197.60137939453125,1623900,0.0,0.0
2021-07-20,218.94000244140625,225.63999938964844,218.94000244140625,225.50999450683594,204.19326782226562,861900,0.0,0.0
2021-07-21,226.1199951171875,228.19000244140625,225.50999450683594,227.10000610351562,205.63299560546875,622000,0.0,0.0
2021-07-22,226.82000732421875,227.52000427246094,225.74000549316406,226.1199951171875,204.74559020996094,584600,0.0,0.0
2021-07-23,227.0,227.6199951171875,225.9199981689453,227.25,205.768798828125,537400,0.0,0.0
2021-07-26,226.22000122070312,226.8000030517578,224.41000366210938,226.0,204.63697814941406,478500,0.0,0.0
2021-07-27,225.77999877929688,229.16000366210938,224.67999267578125,228.0800018310547,206.52032470703125,497400,0.0,0.0
2021-07-28,228.66000366210938,229.72000122070312,226.72999572753906,227.67999267578125,206.15814208984375,524800,0.0,0.0
2021-07-29,229.10000610351562,230.0,228.24000549316406,228.5500030517578,206.94589233398438,620200,0.0,0.0
2021-07-30,227.7899932861328,228.27000427246094,226.0399932861328,226.74000549316406,205.30699157714844,743400,0.0,0.0
2021-08-02,228.0,229.25999450683594,225.83999633789062,225.9499969482422,204.5916748046875,1201900,0.0,0.0
2021-08-03,228.02999877929688,231.77999877929688,225.5,231.3699951171875,209.4993438720703,803800,0.0,0.0
2021-08-04,229.3300018310547,230.77999877929688,227.9499969482422,229.41000366210938,207.72459411621094,834400,0.0,0.0
2021-08-05,230.6199951171875,232.44000244140625,230.0399932861328,231.24000549316406,209.3816375732422,870800,0.0,0.0
2021-08-06,231.27999877929688,232.99000549316406,231.1999969482422,231.2899932861328,209.42689514160156,670500,0.0,0.0
2021-08-09,230.14999389648438,231.22999572753906,228.5,229.0,207.3533935546875,704600,0.0,0.0
2021-08-10,228.57000732421875,232.91000366210938,228.35000610351562,232.6199951171875,210.63116455078125,953100,0.0,0.0
2021-08-11,230.52000427246094,233.16000366210938,229.52999877929688,232.88999938964844,210.87562561035156,853700,0.0,0.0
2021-08-12,232.8000030517578,233.19000244140625,229.82000732421875,230.77000427246094,208.95606994628906,731200,0.0,0.0
2021-08-13,230.88999938964844,231.85000610351562,229.66000366210938,229.8300018310547,208.10487365722656,565600,0.0,0.0
2021-08-16,230.0,234.24000549316406,227.8300018310547,234.14999389648438,212.0165557861328,992000,0.0,0.0
2021-08-17,233.22999572753906,234.89999389648438,232.17999267578125,233.8800048828125,211.77207946777344,848100,0.0,0.0
2021-08-18,233.27000427246094,234.8300018310547,231.05999755859375,231.22999572753906,209.37257385253906,730200,0.0,0.0
2021-08-19,230.02000427246094,233.3000030517578,229.80999755859375,230.1199951171875,208.36749267578125,1189700,0.0,0.0
2021-08-20,230.00999450683594,232.52000427246094,229.25999450683594,231.13999938964844,209.29107666015625,809700,0.0,0.0
2021-08-23,231.22000122070312,233.77999877929688,231.22000122070312,232.49000549316406,210.51348876953125,667200,0.0,0.0
2021-08-24,232.66000366210938,234.16000366210938,231.77000427246094,232.44000244140625,210.4682159423828,547900,0.0,0.0
2021-08-25,232.67999267578125,233.6300048828125,231.02000427246094,233.25999450683594,211.21067810058594,1174800,0.0,0.0
2021-08-26,233.58999633789062,235.0500030517578,232.33999633789062,234.5,212.3334503173828,667900,0.0,0.0
2021-08-27,235.10000610351562,235.10000610351562,231.58999633789062,232.1999969482422,210.25086975097656,1007300,0.0,0.0
2021-08-30,232.1999969482422,234.1300048828125,231.5500030517578,232.6199951171875,210.63116455078125,674900,0.0,0.0
2021-08-31,232.33999633789062,234.25999450683594,232.33999633789062,233.00999450683594,210.98434448242188,1070300,0.0,0.0
2021-09-01,233.44000244140625,233.44000244140625,231.24000549316406,232.6999969482422,210.70362854003906,1011000,0.0,0.0
2021-09-02,232.35000610351562,234.25,231.83999633789062,234.17999267578125,212.97727966308594,1385000,1.02,0.0
2021-09-03,233.77999877929688,233.77999877929688,231.44000244140625,231.74000549316406,210.75819396972656,1119900,0.0,0.0
2021-09-07,230.77000427246094,231.25999450683594,228.5800018310547,229.72999572753906,208.93019104003906,1120400,0.0,0.0
2021-09-08,229.67999267578125,231.88999938964844,229.25999450683594,230.85000610351562,209.94879150390625,974600,0.0,0.0
2021-09-09,230.77000427246094,232.64999389648438,230.2899932861328,232.0500030517578,211.0401153564453,1048500,0.0,0.0
2021-09-10,232.88999938964844,233.47000122070312,230.58999633789062,231.6300048828125,210.65817260742188,1273400,0.0,0.0
2021-09-13,233.33999633789062,233.75999450683594,225.5399932861328,228.52000427246094,207.8297119140625,1107600,0.0,0.0
2021-09-14,229.8300018310547,229.8300018310547,225.60000610351562,226.97999572753906,206.4291534423828,1274800,0.0,0.0
2021-09-15,227.2899932861328,230.72000122070312,227.25999450683594,228.6999969482422,207.993408203125,1730100,0.0,0.0
2021-09-16,229.22000122070312,229.22000122070312,219.9499969482422,221.02999877929688,201.0178680419922,1433200,0.0,0.0
2021-09-17,221.0,223.6199951171875,220.6699981689453,222.4600067138672,202.31837463378906,2383800,0.0,0.0
2021-09-20,220.1300048828125,223.44000244140625,219.3699951171875,222.0399932861328,201.93643188476562,1182100,0.0,0.0
2021-09-21,223.17999267578125,223.99000549316406,219.6199951171875,219.99000549316406,200.07203674316406,916200,0.0,0.0
2021-09-22,221.27999877929688,223.35000610351562,220.47000122070312,222.72999572753906,202.56396484375,817000,0.0,0.0
2021-09-23,217.25,223.07000732421875,217.02000427246094,221.24000549316406,201.20887756347656,1141600,0.0,0.0
2021-09-24,221.61000061035156,224.10000610351562,220.91000366210938,223.49000549316406,203.255126953125,796300,0.0,0.0
2021-09-27,224.67999267578125,226.0,222.4600067138672,223.17999267578125,202.97320556640625,778800,0.0,0.0
2021-09-28,222.69000244140625,224.35000610351562,219.64999389648438,221.8800048828125,201.79092407226562,991100,0.0,0.0
2021-09-29,222.8000030517578,224.83999633789062,221.16000366210938,223.02999877929688,202.83677673339844,635900,0.0,0.0
2021-09-30,222.74000549316406,224.19000244140625,220.14999389648438,220.24000549316406,200.29942321777344,852600,0.0,0.0
2021-10-01,221.35000610351562,221.94000244140625,217.1300048828125,219.47999572753906,199.6082000732422,894700,0.0,0.0
2021-10-04,219.0500030517578,220.6699981689453,216.3800048828125,218.44000244140625,198.66238403320312,1276500,0.0,0.0
2021-10-05,221.1199951171875,223.99000549316406,219.3000030517578,222.3300018310547,202.20018005371094,1241800,0.0,0.0
2021-10-06,221.2100067138672,227.0500030517578,220.3800048828125,226.8699951171875,206.3291015625,1134100,0.0,0.0
2021-10-07,227.63999938964844,231.22999572753906,227.63999938964844,230.63999938964844,209.7577667236328,873300,0.0,0.0
2021-10-08,230.9499969482422,234.36000061035156,230.30999755859375,233.1699981689453,212.0587158203125,1021000,0.0,0.0
2021-10-11,233.60000610351562,236.74000549316406,232.92999267578125,235.3699951171875,214.05950927734375,958300,0.0,0.0
2021-10-12,235.36000061035156,238.39999389648438,234.77999877929688,237.1199951171875,215.6510772705078,1284300,0.0,0.0
2021-10-13,236.3699951171875,236.47000122070312,232.47000122070312,234.5800018310547,213.34109497070312,1436600,0.0,0.0
2021-10-14,235.88999938964844,237.8800048828125,234.8000030517578,236.6699981689453,215.2418212890625,918200,0.0,0.0
2021-10-15,238.08999633789062,240.94000244140625,237.67999267578125,239.07000732421875,217.42453002929688,1014000,0.0,0.0
2021-10-18,237.6999969482422,239.36000061035156,236.64999389648438,238.77999877929688,217.16078186035156,865800,0.0,0.0
2021-10-19,239.77999877929688,242.3300018310547,239.0800018310547,241.92999267578125,220.0255889892578,848500,0.0,0.0
2021-10-20,241.82000732421875,245.07000732421875,241.49000549316406,243.1699981689453,221.1532745361328,994100,0.0,0.0
2021-10-21,242.69000244140625,243.83999633789062,240.24000549316406,241.75,219.8618621826172,740600,0.0,0.0
2021-10-22,242.77000427246094,246.0800018310547,241.24000549316406,244.72999572753906,222.5720672607422,769800,0.0,0.0
2021-10-25,244.63999938964844,245.72000122070312,244.02999877929688,244.27000427246094,222.15370178222656,969800,0.0,0.0
2021-10-26,237.00999450683594,240.41000366210938,232.3800048828125,233.38999938964844,212.25875854492188,1678100,0.0,0.0
2021-10-27,233.3300018310547,233.6999969482422,228.27000427246094,228.49000549316406,207.80247497558594,1320600,0.0,0.0
2021-10-28,228.3000030517578,228.7100067138672,221.4499969482422,224.02999877929688,203.74624633789062,2145600,0.0,0.0
2021-10-29,225.17999267578125,231.36000061035156,223.92999267578125,230.5399932861328,209.66683959960938,1982200,0.0,0.0
2021-11-01,229.9199981689453,230.52999877929688,221.0500030517578,221.35000610351562,201.30889892578125,1418100,0.0,0.0
2021-11-02,222.4199981689453,222.6699981689453,216.44000244140625,218.4199981689453,198.64414978027344,2639300,0.0,0.0
2021-11-03,217.72999572753906,221.6199951171875,217.16000366210938,221.10000610351562,201.08157348632812,1674700,0.0,0.0
2021-11-04,220.24000549316406,222.49000549316406,219.41000366210938,222.13999938964844,202.02737426757812,1216000,0.0,0.0
2021-11-05,224.47000122070312,225.5399932861328,222.7899932861328,223.97000122070312,203.69168090820312,1084000,0.0,0.0
2021-11-08,222.61000061035156,224.3300018310547,220.6199951171875,223.83999633789062,203.5734405517578,969000,0.0,0.0
2021-11-09,223.94000244140625,225.39999389648438,222.67999267578125,224.72000122070312,204.37380981445312,508900,0.0,0.0
2021-11-10,224.1300048828125,225.82000732421875,223.2899932861328,223.4600067138672,203.22784423828125,663900,0.0,0.0
2021-11-11,223.02999877929688,223.17999267578125,218.83999633789062,218.97999572753906,199.15347290039062,838400,0.0,0.0
2021-11-12,218.7100067138672,220.86000061035156,218.2100067138672,220.3000030517578,200.35398864746094,1813900,0.0,0.0
2021-11-15,221.02000427246094,221.64999389648438,219.85000610351562,221.22999572753906,201.1997833251953,1024100,0.0,0.0
2021-11-16,222.10000610351562,223.27999877929688,219.55999755859375,220.0,200.0811309814453,1261900,0.0,0.0
2021-11-17,219.6699981689453,222.41000366210938,219.1699981689453,221.19000244140625,201.16339111328125,840000,0.0,0.0
2021-11-18,220.00999450683594,220.8300018310547,218.0,220.0,201.008056640625,1321600,1.02,0.0
2021-11-19,220.5,220.85000610351562,218.6999969482422,220.0,201.008056640625,1028900,0.0,0.0
2021-11-22,220.0500030517578,224.3300018310547,220.0500030517578,222.1300048828125,202.95419311523438,989200,0.0,0.0
2021-11-23,222.3800048828125,224.41000366210938,221.0500030517578,221.50999450683594,202.3876953125,640000,0.0,0.0
2021-11-24,221.14999389648438,221.82000732421875,218.00999450683594,218.74000549316406,199.8568572998047,732000,0.0,0.0
2021-11-26,215.0,217.27000427246094,213.0,215.1199951171875,196.54933166503906,833600,0.0,0.0
2021-11-29,216.75999450683594,217.27999877929688,213.82000732421875,214.67999267578125,196.14732360839844,1035800,0.0,0.0
2021-11-30,213.38999938964844,214.02999877929688,208.75999450683594,209.0800018310547,191.03073120117188,1896300,0.0,0.0
2021-12-01,211.1300048828125,212.30999755859375,207.32000732421875,207.32000732421875,189.42269897460938,962200,0.0,0.0
2021-12-02,208.58999633789062,212.36000061035156,208.0500030517578,211.14999389648438,192.92205810546875,983200,0.0,0.0
2021-12-03,211.0399932861328,213.7899932861328,210.2899932861328,212.0,193.69863891601562,1094400,0.0,0.0
2021-12-06,213.72000122070312,216.86000061035156,213.1199951171875,215.3000030517578,196.71377563476562,730000,0.0,0.0
2021-12-07,215.3000030517578,217.0,213.33999633789062,214.67999267578125,196.14732360839844,1008700,0.0,0.0
2021-12-08,214.94000244140625,216.97000122070312,213.97999572753906,216.6300048828125,197.92897033691406,969900,0.0,0.0
2021-12-09,216.5500030517578,216.8000030517578,214.77000427246094,216.52000427246094,197.8285369873047,764600,0.0,0.0
2021-12-10,217.92999267578125,217.92999267578125,215.3000030517578,216.8000030517578,198.08432006835938,990800,0.0,0.0
2021-12-13,216.3000030517578,219.52000427246094,215.74000549316406,217.94000244140625,199.12588500976562,946600,0.0,0.0
2021-12-14,212.49000549316406,215.60000610351562,212.25999450683594,213.0,194.6123504638672,1684600,0.0,0.0
2021-12-15,214.35000610351562,214.35000610351562,210.72999572753906,213.0,194.6123504638672,1157800,0.0,0.0
2021-12-16,213.69000244140625,214.66000366210938,209.0399932861328,210.75999450683594,192.56573486328125,2180000,0.0,0.0
2021-12-17,210.75,211.72999572753906,207.57000732421875,207.92999267578125,189.9800567626953,3256300,0.0,0.0
2021-12-20,206.5500030517578,206.5500030517578,200.7100067138672,202.02000427246094,184.5802459716797,1813200,0.0,0.0
2021-12-21,203.6199951171875,208.55999755859375,203.02000427246094,207.1300048828125,189.24911499023438,1889400,0.0,0.0
2021-12-22,206.64999389648438,207.94000244140625,205.55999755859375,206.75,188.9019012451172,1153900,0.0,0.0
2021-12-23,207.47999572753906,209.6199951171875,206.85000610351562,208.25999450683594,190.28158569335938,1001300,0.0,0.0
2021-12-27,209.13999938964844,210.75,208.27999877929688,210.3300018310547,192.17283630371094,592000,0.0,0.0
2021-12-28,209.9499969482422,212.88999938964844,208.6300048828125,212.16000366210938,193.84487915039062,537100,0.0,0.0
2021-12-29,211.0399932861328,212.55999755859375,211.0399932861328,212.3699951171875,194.03672790527344,900800,0.0,0.0
2021-12-30,211.86000061035156,213.92999267578125,211.75999450683594,212.94000244140625,194.55755615234375,573200,0.0,0.0
2021-12-31,213.0399932861328,214.0399932861328,212.17999267578125,213.24000549316406,194.83163452148438,587100,0.0,0.0
2022-01-03,213.47000122070312,213.97000122070312,210.0,211.57000732421875,193.30581665039062,1031700,0.0,0.0
2022-01-04,212.92999267578125,217.92999267578125,212.60000610351562,214.00999450683594,195.53515625,1443700,0.0,0.0
2022-01-05,214.41000366210938,215.7899932861328,209.3000030517578,209.3800048828125,191.30484008789062,2238100,0.0,0.0
2022-01-06,210.05999755859375,217.6300048828125,209.2899932861328,217.5500030517578,198.76956176757812,1750200,0.0,0.0
2022-01-07,218.3699951171875,220.5800018310547,217.9499969482422,219.77000427246094,200.79791259765625,1797100,0.0,0.0
2022-01-10,221.0,224.38999938964844,221.0,223.44000244140625,204.151123046875,2102400,0.0,0.0
2022-01-11,225.0,225.5,221.6699981689453,222.02000427246094,202.8537139892578,1477100,0.0,0.0
2022-01-12,221.94000244140625,223.13999938964844,219.30999755859375,220.08999633789062,201.09033203125,874000,0.0,0.0
2022-01-13,220.4499969482422,223.25,219.8800048828125,222.60000610351562,203.3836212158203,1281300,0.0,0.0
2022-01-14,221.8800048828125,227.94000244140625,221.82000732421875,227.86000061035156,208.18954467773438,1685500,0.0,0.0
2022-01-18,227.89999389648438,229.07000732421875,224.33999633789062,228.9499969482422,209.1854248046875,1913500,0.0,0.0
2022-01-19,227.64999389648438,232.13999938964844,227.02000427246094,227.6699981689453,208.01596069335938,1658700,0.0,0.0
2022-01-20,227.22000122070312,229.0399932861328,224.25999450683594,224.4600067138672,205.08303833007812,1008500,0.0,0.0
2022-01-21,225.07000732421875,225.36000061035156,220.0800018310547,220.75,201.69332885742188,1480400,0.0,0.0
2022-01-24,218.22999572753906,225.7899932861328,213.3300018310547,225.0500030517578,205.6221160888672,2552600,0.0,0.0
2022-01-25,223.22000122070312,226.4199981689453,219.74000549316406,224.4499969482422,205.07391357421875,1933500,0.0,0.0
2022-01-26,225.5500030517578,227.52999877929688,221.6699981689453,222.6300048828125,203.4110107421875,2220800,0.0,0.0
2022-01-27,222.6199951171875,224.1300048828125,213.82000732421875,216.27000427246094,197.60008239746094,2272400,0.0,0.0
2022-01-28,216.9499969482422,218.67999267578125,214.22000122070312,218.6699981689453,199.79287719726562,2106500,0.0,0.0
2022-01-31,210.52999877929688,211.82000732421875,207.8000030517578,209.2899932861328,191.2226104736328,4447100,0.0,0.0
2022-02-01,207.39999389648438,210.6199951171875,206.0399932861328,209.9199981689453,191.7982635498047,2809000,0.0,0.0
2022-02-02,209.19000244140625,212.44000244140625,207.75999450683594,211.74000549316406,193.4611358642578,2152400,0.0,0.0
2022-02-03,210.77999877929688,214.61000061035156,210.2100067138672,213.57000732421875,195.1331329345703,1213800,0.0,0.0
2022-02-04,212.88999938964844,214.99000549316406,211.61000061035156,213.24000549316406,194.83163452148438,1056700,0.0,0.0
2022-02-07,214.52999877929688,218.00999450683594,213.1999969482422,217.4600067138672,198.68731689453125,1353700,0.0,0.0
2022-02-08,218.3000030517578,219.66000366210938,216.02999877929688,218.94000244140625,200.03956604003906,881200,0.0,0.0
2022-02-09,219.72999572753906,221.75,219.39999389648438,220.55999755859375,201.51968383789062,807700,0.0,0.0
2022-02-10,219.02000427246094,220.9499969482422,214.41000366210938,215.22000122070312,196.64071655273438,1134900,0.0,0.0
2022-02-11,215.22000122070312,223.36000061035156,214.52999877929688,222.97000122070312,203.72166442871094,1576100,0.0,0.0
2022-02-14,222.13999938964844,223.5500030517578,217.67999267578125,219.82000732421875,200.84361267089844,1239400,0.0,0.0
2022-02-15,219.99000549316406,221.1199951171875,216.32000732421875,217.0399932861328,198.30357360839844,1494800,0.0,0.0
2022-02-16,216.14999389648438,222.27000427246094,216.14999389648438,221.6199951171875,202.48818969726562,938700,0.0,0.0
2022-02-17,220.25,223.3300018310547,219.75,221.0,201.92173767089844,760500,0.0,0.0
2022-02-18,220.3300018310547,222.14999389648438,217.10000610351562,217.6199951171875,198.83351135253906,2082300,0.0,0.0
2022-02-22,219.80999755859375,220.8800048828125,217.0,218.9600067138672,200.05784606933594,1276700,0.0,0.0
2022-02-23,220.60000610351562,221.5,215.9600067138672,216.2899932861328,197.61830139160156,1100500,0.0,0.0
2022-02-24,220.0,228.69000244140625,217.1999969482422,228.47000122070312,208.7468719482422,2560900,0.0,0.0
2022-02-25,228.0,233.8800048828125,226.67999267578125,233.50999450683594,213.35179138183594,1222200,0.0,0.0
2022-02-28,236.99000549316406,252.35000610351562,236.0,252.30999755859375,230.5288543701172,3524800,0.0,0.0
2022-03-01,252.61000061035156,261.9800109863281,252.61000061035156,255.0800018310547,233.05970764160156,3016200,0.0,0.0
2022-03-02,251.5500030517578,254.5,244.00999450683594,253.57000732421875,231.68006896972656,2227900,0.0,0.0
2022-03-03,254.0,256.0299987792969,251.22999572753906,255.47999572753906,233.4251708984375,1422100,0.0,0.0
2022-03-04,257.8399963378906,269.6000061035156,256.30999755859375,266.8800048828125,243.84107971191406,1685600,0.0,0.0
2022-03-07,269.95001220703125,279.7099914550781,268.739990234375,270.739990234375,247.36781311035156,2261500,0.0,0.0
2022-03-08,269.8999938964844,270.25,261.1400146484375,261.8599853515625,239.25442504882812,2303200,0.0,0.0
2022-03-09,258.5400085449219,261.70001220703125,252.19000244140625,255.52999877929688,233.47084045410156,2131900,0.0,0.0
2022-03-10,254.47000122070312,260.20001220703125,252.2100067138672,254.0,233.09458923339844,1550000,1.12,0.0
2022-03-11,254.99000549316406,257.0,249.8000030517578,250.0,229.42381286621094,2112900,0.0,0.0
2022-03-14,251.75999450683594,253.44000244140625,246.33999633789062,250.11000061035156,229.52476501464844,1904000,0.0,0.0
2022-03-15,251.10000610351562,258.6099853515625,247.88999938964844,258.1099853515625,236.86634826660156,1719000,0.0,0.0
2022-03-16,254.64999389648438,257.7699890136719,241.8000030517578,243.42999267578125,223.39456176757812,2349800,0.0,0.0
2022-03-17,246.13999938964844,250.30999755859375,243.86000061035156,248.7899932861328,228.3134307861328,1199100,0.0,0.0
2022-03-18,249.72000122070312,251.10000610351562,243.17999267578125,246.4499969482422,226.16598510742188,1974400,0.0,0.0
2022-03-21,249.61000061035156,255.74000549316406,248.22999572753906,253.86000061035156,232.9661407470703,981700,0.0,0.0
2022-03-22,252.82000732421875,253.27999877929688,246.94000244140625,251.99000549316406,231.25006103515625,1674800,0.0,0.0
2022-03-23,254.4199981689453,256.0299987792969,251.7899932861328,255.25999450683594,234.25088500976562,1055600,0.0,0.0
2022-03-24,255.47000122070312,259.0,253.5500030517578,256.8800048828125,235.737548828125,1263800,0.0,0.0
2022-03-25,256.8699951171875,258.9700012207031,256.0299987792969,257.8500061035156,236.62774658203125,739400,0.0,0.0
2022-03-28,256.17999267578125,256.3800048828125,248.52000427246094,249.4499969482422,228.91909790039062,1230400,0.0,0.0
2022-03-29,245.80999755859375,247.58999633789062,240.0800018310547,246.60000610351562,226.3036651611328,2131400,0.0,0.0
2022-03-30,248.4199981689453,253.55999755859375,248.4199981689453,251.80999755859375,231.0848388671875,1246300,0.0,0.0
2022-03-31,250.41000366210938,253.97999572753906,248.47000122070312,248.47000122070312,228.01976013183594,851400,0.0,0.0
2022-04-01,249.1699981689453,253.2899932861328,248.72999572753906,253.1699981689453,232.33291625976562,855000,0.0,0.0
2022-04-04,253.8000030517578,253.8000030517578,251.17999267578125,252.63999938964844,231.84654235839844,960100,0.0,0.0
2022-04-05,252.77999877929688,258.5199890136719,252.77999877929688,256.44000244140625,235.33380126953125,1300000,0.0,0.0
2022-04-06,255.4199981689453,261.0799865722656,254.8800048828125,257.8999938964844,236.6736602783203,1151300,0.0,0.0
2022-04-07,256.3999938964844,261.1000061035156,254.16000366210938,260.79998779296875,239.3349151611328,992500,0.0,0.0
2022-04-08,261.239990234375,264.04998779296875,256.82000732421875,258.0299987792969,236.79293823242188,882600,0.0,0.0
2022-04-11,259.5,262.42999267578125,255.3699951171875,256.57000732421875,235.453125,768400,0.0,0.0
2022-04-12,256.82000732421875,259.45001220703125,255.88999938964844,257.20001220703125,236.03123474121094,876700,0.0,0.0
2022-04-13,258.4200134277344,260.5799865722656,253.5500030517578,254.25,233.32406616210938,892700,0.0,0.0
2022-04-14,256.0,258.4200134277344,255.72999572753906,257.4100036621094,236.22398376464844,1048900,0.0,0.0
2022-04-18,257.510009765625,261.489990234375,255.60000610351562,259.7300109863281,238.35302734375,907800,0.0,0.0
2022-04-19,258.9100036621094,264.7099914550781,256.3900146484375,257.7300109863281,236.51760864257812,986500,0.0,0.0
2022-04-20,257.6400146484375,260.6300048828125,255.22999572753906,257.82000732421875,236.6002197265625,621100,0.0,0.0
2022-04-21,258.1499938964844,258.1499938964844,245.13999938964844,246.08999633789062,225.8356170654297,1251800,0.0,0.0
2022-04-22,246.77999877929688,250.92999267578125,245.77999877929688,247.8800048828125,227.47830200195312,854800,0.0,0.0
2022-04-25,246.8000030517578,247.4499969482422,237.05999755859375,242.9199981689453,222.92652893066406,1297600,0.0,0.0
2022-04-26,244.3000030517578,246.22999572753906,240.30999755859375,240.35000610351562,220.5680694580078,1014800,0.0,0.0
2022-04-27,240.3699951171875,244.39999389648438,238.6699981689453,241.05999755859375,221.2196502685547,843200,0.0,0.0
2022-04-28,240.92999267578125,240.92999267578125,235.74000549316406,239.08999633789062,219.4117431640625,1248200,0.0,0.0
2022-04-29,250.89999389648438,253.86000061035156,231.4199981689453,232.25999450683594,213.14390563964844,1613700,0.0,0.0
2022-05-02,230.42999267578125,238.8699951171875,230.38999938964844,235.2100067138672,215.85113525390625,1307300,0.0,0.0
2022-05-03,236.75999450683594,239.9600067138672,236.1699981689453,237.52999877929688,217.98016357421875,1004800,0.0,0.0
2022-05-04,239.3000030517578,243.67999267578125,238.7100067138672,241.8000030517578,221.89871215820312,1248800,0.0,0.0
2022-05-05,242.30999755859375,242.97000122070312,238.1999969482422,241.47999572753906,221.6050567626953,1599200,0.0,0.0
2022-05-06,240.38999938964844,244.3699951171875,240.02000427246094,243.8300018310547,223.76165771484375,1265300,0.0,0.0
2022-05-09,242.61000061035156,244.25,238.61000061035156,239.25,219.55860900878906,1429900,0.0,0.0
2022-05-10,239.52999877929688,241.74000549316406,236.55999755859375,237.67999267578125,218.1178436279297,1212100,0.0,0.0
2022-05-11,236.30999755859375,242.5399932861328,235.72000122070312,238.47999572753906,218.85195922851562,811900,0.0,0.0
2022-05-12,238.47999572753906,240.02999877929688,233.47999572753906,235.55999755859375,216.1723175048828,1432400,0.0,0.0
2022-05-13,235.82000732421875,236.9199981689453,232.75,236.17999267578125,216.74124145507812,1046900,0.0,0.0
2022-05-16,236.32000732421875,240.47000122070312,235.22000122070312,238.9600067138672,219.29251098632812,850100,0.0,0.0
2022-05-17,239.89999389648438,242.99000549316406,237.91000366210938,241.61000061035156,221.72433471679688,824600,0.0,0.0
2022-05-18,241.0,242.00999450683594,236.6300048828125,237.85000610351562,218.27383422851562,971700,0.0,0.0
2022-05-19,237.85000610351562,238.94000244140625,229.72000122070312,232.74000549316406,213.5844268798828,1246300,0.0,0.0
2022-05-20,233.02000427246094,233.55999755859375,227.38999938964844,229.39999389648438,210.51930236816406,1913900,0.0,0.0
2022-05-23,231.5,234.39999389648438,230.0,233.8300018310547,214.5846710205078,821900,0.0,0.0
2022-05-24,233.6300048828125,238.1999969482422,232.99000549316406,237.66000366210938,218.0994873046875,669100,0.0,0.0
2022-05-25,238.6300048828125,238.99000549316406,235.83999633789062,236.64999389648438,217.17259216308594,724100,0.0,0.0
2022-05-26,238.2100067138672,239.66000366210938,236.16000366210938,236.7899932861328,217.30105590820312,584100,0.0,0.0
2022-05-27,237.8300018310547,240.94000244140625,235.7899932861328,240.9199981689453,221.0911407470703,668000,0.0,0.0
2022-05-31,238.7100067138672,241.72999572753906,237.02000427246094,240.89999389648438,221.0727996826172,1338000,0.0,0.0
2022-06-01,242.27000427246094,242.33999633789062,239.5399932861328,241.49000549316406,221.61424255371094,901500,0.0,0.0
2022-06-02,240.63999938964844,241.72999572753906,236.1699981689453,240.69000244140625,221.9092559814453,1045600,1.12,0.0
2022-06-03,239.77000427246094,243.9600067138672,238.7899932861328,243.13999938964844,224.16810607910156,587100,0.0,0.0
2022-06-06,243.6300048828125,244.92999267578125,240.75,241.10000610351562,222.28729248046875,575500,0.0,0.0
2022-06-07,239.82000732421875,247.33999633789062,238.89999389648438,246.38999938964844,227.1645050048828,630000,0.0,0.0
2022-06-08,245.4600067138672,246.82000732421875,243.9600067138672,244.4600067138672,225.38511657714844,935500,0.0,0.0
2022-06-09,244.0,245.6199951171875,240.47999572753906,240.58999633789062,221.81707763671875,766600,0.0,0.0
2022-06-10,239.64999389648438,241.7100067138672,237.1999969482422,240.42999267578125,221.66957092285156,897900,0.0,0.0
2022-06-13,237.0800018310547,237.17999267578125,232.0,233.25,215.04977416992188,1014100,0.0,0.0
2022-06-14,232.47999572753906,233.1199951171875,225.14999389648438,226.9199981689453,209.21371459960938,941200,0.0,0.0
2022-06-15,227.8699951171875,229.02000427246094,222.5,226.6999969482422,209.01089477539062,858400,0.0,0.0
2022-06-16,224.97999572753906,226.27000427246094,221.3000030517578,222.0800018310547,204.75137329101562,863000,0.0,0.0
2022-06-17,222.27000427246094,223.77000427246094,217.77999877929688,221.57000732421875,204.28118896484375,1925800,0.0,0.0
2022-06-21,224.13999938964844,230.27999877929688,223.36000061035156,229.60000610351562,211.68460083007812,809500,0.0,0.0
2022-06-22,226.32000732421875,232.30999755859375,226.02999877929688,229.63999938964844,211.72149658203125,843300,0.0,0.0
2022-06-23,229.9600067138672,231.89999389648438,226.1199951171875,228.38999938964844,210.56903076171875,464100,0.0,0.0
2022-06-24,230.16000366210938,233.97000122070312,228.5,233.5500030517578,215.32640075683594,827300,0.0,0.0
2022-06-27,233.99000549316406,238.49000549316406,233.02000427246094,236.80999755859375,218.33204650878906,608000,0.0,0.0
2022-06-28,237.19000244140625,240.67999267578125,235.27000427246094,235.82000732421875,217.4192657470703,780700,0.0,0.0
2022-06-29,237.5,238.0,234.74000549316406,237.80999755859375,219.25399780273438,558300,0.0,0.0
2022-06-30,236.77999877929688,241.89999389648438,235.4600067138672,241.6999969482422,222.84048461914062,1053400,0.0,0.0
2022-07-01,242.13999938964844,244.63999938964844,238.5500030517578,243.24000549316406,224.2602996826172,564100,0.0,0.0
2022-07-05,239.85000610351562,240.89999389648438,227.27000427246094,230.9600067138672,212.93850708007812,911300,0.0,0.0
2022-07-06,232.10000610351562,240.0,232.10000610351562,239.60000610351562,220.9043426513672,1052500,0.0,0.0
2022-07-07,239.4199981689453,244.2899932861328,237.35000610351562,238.57000732421875,219.9547119140625,622100,0.0,0.0
2022-07-08,239.11000061035156,240.50999450683594,237.58999633789062,238.1699981689453,219.58592224121094,471700,0.0,0.0
2022-07-11,236.8699951171875,239.44000244140625,235.3699951171875,238.55999755859375,219.9454803466797,558400,0.0,0.0
2022-07-12,236.4499969482422,237.0,231.5399932861328,232.19000244140625,214.072509765625,1008900,0.0,0.0
2022-07-13,229.2100067138672,233.22000122070312,226.97000122070312,227.02000427246094,209.30589294433594,927600,0.0,0.0
2022-07-14,223.42999267578125,224.3300018310547,219.11000061035156,221.91000366210938,204.5946807861328,1118600,0.0,0.0
2022-07-15,225.22999572753906,225.85000610351562,221.67999267578125,223.83999633789062,206.37405395507812,1106200,0.0,0.0
2022-07-18,224.94000244140625,225.8300018310547,219.92999267578125,220.1199951171875,202.9443359375,1293500,0.0,0.0
2022-07-19,219.11000061035156,226.63999938964844,218.5800018310547,225.63999938964844,208.03363037109375,1810400,0.0,0.0
2022-07-20,226.16000366210938,227.05999755859375,223.7100067138672,224.3699951171875,206.86270141601562,1448100,0.0,0.0
2022-07-21,223.63999938964844,225.19000244140625,221.24000549316406,224.08999633789062,206.60455322265625,1067600,0.0,0.0
2022-07-22,225.47999572753906,229.02000427246094,224.3000030517578,225.1300048828125,207.56338500976562,720700,0.0,0.0
2022-07-25,225.22000122070312,228.25,224.88999938964844,226.3000030517578,208.64208984375,552900,0.0,0.0
2022-07-26,226.3000030517578,227.60000610351562,223.14999389648438,223.75,206.29107666015625,718500,0.0,0.0
2022-07-27,223.67999267578125,225.3800048828125,220.8699951171875,223.89999389648438,206.4293975830078,1049000,0.0,0.0
2022-07-28,225.0500030517578,232.0800018310547,223.07000732421875,231.7899932861328,213.70375061035156,1253900,0.0,0.0
2022-07-29,229.1699981689453,241.11000061035156,228.08999633789062,239.97000122070312,221.24545288085938,1759300,0.0,0.0
2022-08-01,240.50999450683594,243.92999267578125,238.39999389648438,241.0,222.19508361816406,1138800,0.0,0.0
2022-08-02,242.6699981689453,248.52999877929688,239.97000122070312,243.97000122070312,224.93336486816406,1049300,0.0,0.0
2022-08-03,243.2899932861328,243.60000610351562,235.0,241.36000061035156,222.52696228027344,984800,0.0,0.0
2022-08-04,241.97000122070312,242.99000549316406,237.67999267578125,237.85000610351562,219.29087829589844,944200,0.0,0.0
2022-08-05,236.50999450683594,237.91000366210938,232.9199981689453,234.5800018310547,216.2760467529297,1355000,0.0,0.0
2022-08-08,235.32000732421875,236.39999389648438,228.82000732421875,231.75,213.6668701171875,1046200,0.0,0.0
2022-08-09,232.8000030517578,234.47999572753906,231.0399932861328,233.5,215.28030395507812,1200200,0.0,0.0
2022-08-10,234.77999877929688,235.1699981689453,232.60000610351562,234.67999267578125,216.36822509765625,725500,0.0,0.0
2022-08-11,234.75,235.9600067138672,230.35000610351562,231.2899932861328,213.24270629882812,1051800,0.0,0.0
2022-08-12,231.8699951171875,236.75,230.69000244140625,236.74000549316406,218.26748657226562,1024200,0.0,0.0
2022-08-15,235.97000122070312,241.61000061035156,235.47000122070312,240.02999877929688,221.30075073242188,663900,0.0,0.0
2022-08-16,239.8800048828125,240.92999267578125,238.05999755859375,239.3300018310547,220.65541076660156,450600,0.0,0.0
2022-08-17,237.57000732421875,242.36000061035156,237.0,239.8800048828125,221.16249084472656,614800,0.0,0.0
2022-08-18,241.6199951171875,242.92999267578125,238.11000061035156,238.3800048828125,219.77952575683594,545100,0.0,0.0
2022-08-19,237.9499969482422,239.55999755859375,237.4499969482422,238.42999267578125,219.82562255859375,607900,0.0,0.0
2022-08-22,237.35000610351562,238.4199981689453,230.47999572753906,231.1999969482422,213.15977478027344,1108900,0.0,0.0
2022-08-23,232.25,234.86000061035156,230.69000244140625,232.13999938964844,214.0264434814453,1515600,0.0,0.0
2022-08-24,232.75,234.67999267578125,231.89999389648438,233.0800018310547,214.89309692382812,896900,0.0,0.0
2022-08-25,233.8000030517578,238.57000732421875,233.4499969482422,238.44000244140625,219.83486938476562,838000,0.0,0.0
2022-08-26,239.39999389648438,240.58999633789062,233.91000366210938,234.05999755859375,215.7965850830078,705700,0.0,0.0
2022-08-29,232.02000427246094,235.50999450683594,230.80999755859375,233.27999877929688,215.07745361328125,684500,0.0,0.0
2022-08-30,234.60000610351562,234.83999633789062,230.42999267578125,231.24000549316406,213.1966552734375,637400,0.0,0.0
2022-08-31,231.3000030517578,233.5,227.67999267578125,228.19000244140625,210.3846435546875,1412300,0.0,0.0
2022-09-01,226.22999572753906,228.80999755859375,226.0500030517578,227.49000549316406,210.77378845214844,834700,1.12,0.0
2022-09-02,228.6199951171875,231.0500030517578,225.69000244140625,227.1999969482422,210.5050811767578,1092600,0.0,0.0
2022-09-06,227.19000244140625,231.50999450683594,226.74000549316406,229.77000427246094,212.8862762451172,1258700,0.0,0.0
2022-09-07,228.6699981689453,233.77000427246094,228.16000366210938,233.14999389648438,216.01785278320312,928300,0.0,0.0
2022-09-08,233.08999633789062,234.50999450683594,231.00999450683594,233.72000122070312,216.5460205078125,767500,0.0,0.0
2022-09-09,234.08999633789062,237.32000732421875,233.74000549316406,236.13999938964844,218.78817749023438,847800,0.0,0.0
2022-09-12,236.14999389648438,236.24000549316406,234.14999389648438,234.75,217.5003204345703,752500,0.0,0.0
2022-09-13,232.38999938964844,235.75999450683594,225.3800048828125,226.3300018310547,209.69900512695312,1484300,0.0,0.0
2022-09-14,227.24000549316406,234.0800018310547,226.8699951171875,233.9600067138672,216.76837158203125,1004500,0.0,0.0
2022-09-15,233.0,233.47999572753906,226.74000549316406,228.42999267578125,211.6446990966797,944000,0.0,0.0
2022-09-16,226.3699951171875,230.33999633789062,225.50999450683594,230.00999450683594,213.10861206054688,1706800,0.0,0.0
2022-09-19,229.14999389648438,232.1999969482422,225.77000427246094,230.07000732421875,213.16421508789062,853300,0.0,0.0
2022-09-20,229.64999389648438,229.64999389648438,225.1699981689453,228.47000122070312,211.68177795410156,682100,0.0,0.0
2022-09-21,233.58999633789062,237.1199951171875,228.67999267578125,228.72000122070312,211.9133758544922,961300,0.0,0.0
2022-09-22,228.1300048828125,228.16000366210938,223.99000549316406,226.00999450683594,209.40252685546875,906900,0.0,0.0
2022-09-23,224.0500030517578,224.52999877929688,217.52000427246094,220.38999938964844,204.1954803466797,859500,0.0,0.0
2022-09-26,219.4499969482422,220.77000427246094,215.25999450683594,215.6699981689453,199.8223419189453,799600,0.0,0.0
2022-09-27,216.9499969482422,218.39999389648438,212.3000030517578,212.55999755859375,196.94082641601562,645500,0.0,0.0
2022-09-28,210.60000610351562,216.10000610351562,207.36000061035156,214.57000732421875,198.80316162109375,970300,0.0,0.0
2022-09-29,214.0500030517578,215.19000244140625,207.9199981689453,209.35000610351562,193.9667205810547,703600,0.0,0.0
2022-09-30,207.11000061035156,210.67999267578125,206.88999938964844,207.8300018310547,192.55841064453125,1070300,0.0,0.0
2022-10-03,210.42999267578125,219.52999877929688,210.0,217.39999389648438,201.4252166748047,1063100,0.0,0.0
2022-10-04,219.69000244140625,224.38999938964844,218.7100067138672,224.1199951171875,207.6514129638672,1071500,0.0,0.0
2022-10-05,222.13999938964844,223.52000427246094,220.5,220.83999633789062,204.61244201660156,710500,0.0,0.0
2022-10-06,220.0,222.49000549316406,219.9199981689453,220.5,204.29739379882812,990600,0.0,0.0
2022-10-07,219.7899932861328,224.50999450683594,219.38999938964844,224.32000732421875,207.83670043945312,1270400,0.0,0.0
2022-10-10,226.5399932861328,231.69000244140625,225.61000061035156,230.44000244140625,213.5070037841797,1695900,0.0,0.0
2022-10-11,229.07000732421875,235.10000610351562,229.07000732421875,231.5,214.4890899658203,1593300,0.0,0.0
2022-10-12,230.49000549316406,231.97000122070312,223.75999450683594,224.1699981689453,207.69773864746094,1061600,0.0,0.0
2022-10-13,222.8000030517578,228.32000732421875,222.14999389648438,227.52999877929688,210.81082153320312,1135300,0.0,0.0
2022-10-14,227.11000061035156,228.1699981689453,218.05999755859375,218.50999450683594,202.45361328125,1401100,0.0,0.0
2022-10-17,220.0,226.1999969482422,219.91000366210938,223.55999755859375,207.13253784179688,812700,0.0,0.0
2022-10-18,227.5800018310547,237.22999572753906,226.4600067138672,236.5800018310547,219.19581604003906,1442500,0.0,0.0
2022-10-19,236.94000244140625,240.86000061035156,235.24000549316406,237.61000061035156,220.15016174316406,932900,0.0,0.0
2022-10-20,237.72000122070312,239.36000061035156,236.24000549316406,239.0,221.4380340576172,1444000,0.0,0.0
2022-10-21,240.0,248.74000549316406,239.6999969482422,247.1999969482422,229.0354461669922,1711700,0.0,0.0
2022-10-24,249.25999450683594,250.32000732421875,246.52000427246094,248.11000061035156,229.8785858154297,1296200,0.0,0.0
2022-10-25,246.88999938964844,249.11000061035156,244.6999969482422,248.22999572753906,229.98977661132812,1058700,0.0,0.0
2022-10-26,249.97999572753906,252.6999969482422,248.0,249.99000549316406,231.6204833984375,1214300,0.0,0.0
2022-10-27,250.75,255.10000610351562,250.1199951171875,252.8000030517578,234.22396850585938,1169300,0.0,0.0
2022-10-28,242.0,250.8699951171875,233.24000549316406,248.74000549316406,230.46231079101562,2513000,0.0,0.0
2022-10-31,245.22000122070312,250.0399932861328,242.41000366210938,246.47000122070312,228.35910034179688,1274200,0.0,0.0
2022-11-01,247.1300048828125,249.08999633789062,240.8300018310547,241.14999389648438,223.4300079345703,1128800,0.0,0.0
2022-11-02,240.5399932861328,243.4199981689453,238.72999572753906,238.80999755859375,221.261962890625,1259800,0.0,0.0
2022-11-03,235.5,237.66000366210938,234.39999389648438,234.97999572753906,217.71339416503906,1321900,0.0,0.0
2022-11-04,234.99000549316406,234.99000549316406,225.27000427246094,229.3300018310547,212.4785614013672,1548500,0.0,0.0
2022-11-07,229.5800018310547,231.89999389648438,228.52999877929688,230.5800018310547,213.63671875,1277100,0.0,0.0
2022-11-08,229.3800048828125,236.36000061035156,228.74000549316406,236.08999633789062,218.74183654785156,1420600,0.0,0.0
2022-11-09,236.1300048828125,239.14999389648438,233.52000427246094,237.6699981689453,220.2057342529297,1594100,0.0,0.0
2022-11-10,240.7100067138672,242.60000610351562,234.27000427246094,239.33999633789062,221.75303649902344,1425100,0.0,0.0
2022-11-11,229.50999450683594,232.3800048828125,220.77999877929688,224.75,208.235107421875,3025400,0.0,0.0
2022-11-14,226.0500030517578,227.61000061035156,217.33999633789062,217.8000030517578,201.79583740234375,2243200,0.0,0.0
2022-11-15,219.10000610351562,225.0,215.0,221.24000549316406,204.98301696777344,2251700,0.0,0.0
2022-11-16,221.63999938964844,223.41000366210938,219.25,221.5,205.2239227294922,1034300,0.0,0.0
2022-11-17,219.0,223.22999572753906,218.44000244140625,221.5,206.26690673828125,1243600,1.12,0.0
2022-11-18,222.77000427246094,225.16000366210938,220.6999969482422,224.0,208.594970703125,797500,0.0,0.0
2022-11-21,223.57000732421875,226.82000732421875,223.25,225.35000610351562,209.85214233398438,865900,0.0,0.0
2022-11-22,226.49000549316406,227.97000122070312,224.69000244140625,225.32000732421875,209.82418823242188,660000,0.0,0.0
2022-11-23,225.2100067138672,228.25999450683594,224.1699981689453,226.42999267578125,210.8578338623047,795900,0.0,0.0
2022-11-25,227.97999572753906,228.9600067138672,226.86000061035156,228.67999267578125,212.95310974121094,232300,0.0,0.0
2022-11-28,227.91000366210938,229.10000610351562,224.74000549316406,225.86000061035156,210.3270721435547,621200,0.0,0.0
2022-11-29,226.08999633789062,227.67999267578125,225.16000366210938,225.61000061035156,210.09423828125,531600,0.0,0.0
2022-11-30,225.19000244140625,227.1199951171875,221.72000122070312,227.0800018310547,211.46316528320312,2026100,0.0,0.0
2022-12-01,228.35000610351562,229.13999938964844,223.24000549316406,225.38999938964844,209.88938903808594,1181600,0.0,0.0
2022-12-02,224.3300018310547,230.72999572753906,223.97000122070312,230.0,214.1823272705078,999900,0.0,0.0
2022-12-05,227.25,227.91000366210938,224.39999389648438,224.7100067138672,209.25616455078125,597700,0.0,0.0
2022-12-06,226.0,226.0,218.6199951171875,218.75999450683594,203.71533203125,697700,0.0,0.0
2022-12-07,218.60000610351562,221.1199951171875,216.19000244140625,217.91000366210938,202.9237823486328,1075200,0.0,0.0
2022-12-08,219.7899932861328,220.08999633789062,217.13999938964844,217.80999755859375,202.83067321777344,1111700,0.0,0.0
2022-12-09,216.5800018310547,219.2100067138672,215.1199951171875,215.52999877929688,200.70745849609375,786700,0.0,0.0
2022-12-12,216.5,218.14999389648438,215.50999450683594,217.58999633789062,202.6257781982422,884400,0.0,0.0
2022-12-13,220.22000122070312,220.4199981689453,215.0399932861328,216.14999389648438,201.28485107421875,1442000,0.0,0.0
2022-12-14,216.8800048828125,220.10000610351562,216.00999450683594,218.0399932861328,203.0448455810547,775600,0.0,0.0
2022-12-15,220.3000030517578,221.02999877929688,213.61000061035156,216.47999572753906,201.5921630859375,1034200,0.0,0.0
2022-12-16,214.22000122070312,215.77999877929688,210.50999450683594,213.27000427246094,198.6029052734375,2182700,0.0,0.0
2022-12-19,207.1999969482422,208.63999938964844,203.8300018310547,205.5500030517578,191.413818359375,3032900,0.0,0.0
2022-12-20,202.97000122070312,207.25,202.97000122070312,205.60000610351562,191.46038818359375,1741500,0.0,0.0
2022-12-21,206.50999450683594,207.5800018310547,204.36000061035156,206.97999572753906,192.74545288085938,1797800,0.0,0.0
2022-12-22,206.27999877929688,207.1999969482422,202.30999755859375,204.80999755859375,190.72471618652344,1112200,0.0,0.0
2022-12-23,204.8300018310547,206.5500030517578,204.0,206.24000549316406,192.0563507080078,731000,0.0,0.0
2022-12-27,207.0,209.3000030517578,206.39999389648438,206.4499969482422,192.25193786621094,637900,0.0,0.0
2022-12-28,207.14999389648438,207.99000549316406,204.22999572753906,204.55999755859375,190.49188232421875,764600,0.0,0.0
2022-12-29,204.6699981689453,208.10000610351562,204.66000366210938,206.66000366210938,192.447509765625,898200,0.0,0.0
2022-12-30,206.82000732421875,208.75,205.39999389648438,208.2100067138672,193.89093017578125,716600,0.0,0.0
2023-01-03,207.58999633789062,209.02999877929688,205.6199951171875,206.92999267578125,192.6988983154297,949200,0.0,0.0
2023-01-04,206.1999969482422,209.3800048828125,204.5,206.92999267578125,192.6988983154297,925100,0.0,0.0
2023-01-05,206.36000061035156,206.8699951171875,203.64999389648438,206.1300048828125,191.95391845703125,886300,0.0,0.0
2023-01-06,207.8300018310547,210.92999267578125,203.4199981689453,206.17999267578125,192.00048828125,1031200,0.0,0.0
2023-01-09,206.22999572753906,206.22999572753906,199.50999450683594,201.07000732421875,187.24192810058594,1604600,0.0,0.0
2023-01-10,201.82000732421875,203.02000427246094,199.8699951171875,201.9499969482422,188.0614013671875,1084600,0.0,0.0
2023-01-11,201.9499969482422,202.50999450683594,199.1699981689453,199.91000366210938,186.1617431640625,1854300,0.0,0.0
2023-01-12,199.57000732421875,201.9600067138672,197.02000427246094,199.75,186.01272583007812,2112500,0.0,0.0
2023-01-13,196.8300018310547,199.50999450683594,193.8699951171875,197.16000366210938,183.60086059570312,1778800,0.0,0.0
2023-01-17,198.3000030517578,198.49000549316406,194.1300048828125,194.64999389648438,181.263427734375,2297800,0.0,0.0
2023-01-18,194.47999572753906,195.41000366210938,191.33999633789062,192.97000122070312,179.69895935058594,2283600,0.0,0.0
2023-01-19,193.33999633789062,195.17999267578125,191.24000549316406,191.4499969482422,178.2835235595703,2182400,0.0,0.0
2023-01-20,192.36000061035156,193.0800018310547,189.72999572753906,192.50999450683594,179.27059936523438,1546900,0.0,0.0
2023-01-23,193.19000244140625,195.35000610351562,191.77999877929688,194.25,180.8909454345703,1612800,0.0,0.0
2023-01-24,194.4499969482422,195.94000244140625,192.14999389648438,194.72000122070312,181.32862854003906,1481900,0.0,0.0
2023-01-25,193.9499969482422,197.9499969482422,192.8000030517578,197.67999267578125,184.0850372314453,1296700,0.0,0.0
2023-01-26,198.2100067138672,200.17999267578125,196.19000244140625,196.5399932861328,183.02345275878906,1790000,0.0,0.0
2023-01-27,205.0,214.5500030517578,204.42999267578125,212.10000610351562,197.51336669921875,3106000,0.0,0.0
2023-01-30,212.30999755859375,214.41000366210938,210.5,211.91000366210938,197.33641052246094,1913600,0.0,0.0
2023-01-31,212.97000122070312,214.82000732421875,211.5500030517578,214.82000732421875,200.0463409423828,1922800,0.0,0.0
2023-02-01,213.5,217.3000030517578,212.80999755859375,215.85000610351562,201.0054931640625,1193300,0.0,0.0
2023-02-02,215.1300048828125,215.89999389648438,210.52999877929688,212.0399932861328,197.45750427246094,2008000,0.0,0.0
2023-02-03,211.92999267578125,213.1199951171875,210.36000061035156,210.9499969482422,196.44244384765625,921500,0.0,0.0
2023-02-06,210.99000549316406,213.67999267578125,209.67999267578125,212.3300018310547,197.72756958007812,1599600,0.0,0.0
2023-02-07,211.5800018310547,212.9499969482422,208.10000610351562,212.42999267578125,197.8206787109375,865900,0.0,0.0
2023-02-08,210.97999572753906,212.5,210.24000549316406,211.94000244140625,197.3643798828125,1108100,0.0,0.0
2023-02-09,211.25,212.7899932861328,209.13999938964844,210.36000061035156,195.89305114746094,1197300,0.0,0.0
2023-02-10,211.50999450683594,216.0500030517578,210.4600067138672,215.66000366210938,200.82855224609375,976100,0.0,0.0
2023-02-13,217.35000610351562,219.30999755859375,213.0,214.47999572753906,199.72964477539062,1050200,0.0,0.0
2023-02-14,214.50999450683594,214.50999450683594,212.24000549316406,212.8699951171875,198.2304229736328,887000,0.0,0.0
2023-02-15,212.6300048828125,213.52000427246094,210.47999572753906,213.27000427246094,198.6029052734375,1155800,0.0,0.0
2023-02-16,211.85000610351562,213.6300048828125,210.25,211.4499969482422,196.90809631347656,927200,0.0,0.0
2023-02-17,211.4499969482422,214.4600067138672,210.60000610351562,214.02000427246094,199.3013153076172,754400,0.0,0.0
2023-02-21,215.6300048828125,216.0,212.35000610351562,212.42999267578125,197.8206787109375,1259000,0.0,0.0
2023-02-22,212.08999633789062,214.1199951171875,211.39999389648438,212.05999755859375,197.4761199951172,832400,0.0,0.0
2023-02-23,212.1300048828125,213.63999938964844,208.67999267578125,209.5500030517578,195.1387481689453,904300,0.0,0.0
2023-02-24,209.8800048828125,210.77999877929688,208.39999389648438,210.14999389648438,195.6974639892578,1034800,0.0,0.0
2023-02-27,210.97000122070312,211.19000244140625,209.75,210.6999969482422,196.2096405029297,877800,0.0,0.0
2023-02-28,210.2100067138672,211.63999938964844,209.75,211.19000244140625,196.66595458984375,1432600,0.0,0.0
2023-03-01,209.36000061035156,210.6699981689453,208.89999389648438,210.0800018310547,195.63230895996094,1216500,0.0,0.0
2023-03-02,209.5,212.38999938964844,209.5,212.17999267578125,197.58786010742188,953800,0.0,0.0
2023-03-03,212.60000610351562,214.5399932861328,212.25,214.16000366210938,199.43170166015625,1399500,0.0,0.0
2023-03-06,213.89999389648438,216.49000549316406,213.02000427246094,213.91000366210938,199.19888305664062,847500,0.0,0.0
2023-03-07,213.3300018310547,215.52999877929688,211.63999938964844,211.83999633789062,197.27120971679688,1000400,0.0,0.0
2023-03-08,212.16000366210938,212.74000549316406,206.3699951171875,207.92999267578125,193.630126953125,1009900,0.0,0.0
2023-03-09,207.67999267578125,208.88999938964844,204.1699981689453,204.38999938964844,191.38290405273438,1073600,1.14,0.0
2023-03-10,203.86000061035156,205.7899932861328,202.94000244140625,203.3699951171875,190.4277801513672,869300,0.0,0.0
2023-03-13,200.97000122070312,203.2100067138672,200.16000366210938,201.35000610351562,188.53634643554688,1293600,0.0,0.0
2023-03-14,203.22999572753906,204.91000366210938,201.4499969482422,202.58999633789062,189.69744873046875,1204800,0.0,0.0
2023-03-15,200.47999572753906,200.91000366210938,197.08999633789062,200.77999877929688,188.00262451171875,1152500,0.0,0.0
2023-03-16,200.39999389648438,204.02999877929688,199.42999267578125,202.27000427246094,189.3977813720703,929800,0.0,0.0
2023-03-17,201.38999938964844,201.38999938964844,194.24000549316406,195.25,182.82455444335938,1946700,0.0,0.0
2023-03-20,196.5500030517578,198.4600067138672,195.4199981689453,197.0399932861328,184.50064086914062,1000200,0.0,0.0
2023-03-21,198.92999267578125,199.08999633789062,196.55999755859375,197.8000030517578,185.2122344970703,1129800,0.0,0.0
2023-03-22,197.66000366210938,197.66000366210938,192.05999755859375,192.19000244140625,179.95928955078125,1294600,0.0,0.0
2023-03-23,192.32000732421875,193.3800048828125,190.32000732421875,190.77999877929688,178.6389923095703,1484300,0.0,0.0
2023-03-24,190.7899932861328,193.19000244140625,189.86000061035156,193.1300048828125,180.83941650390625,1513100,0.0,0.0
2023-03-27,195.10000610351562,195.88999938964844,192.47000122070312,194.5399932861328,182.15969848632812,1178200,0.0,0.0
2023-03-28,194.1699981689453,195.00999450683594,191.41000366210938,191.9499969482422,179.7345428466797,1358000,0.0,0.0
2023-03-29,193.0,194.6999969482422,192.36000061035156,194.63999938964844,182.2533721923828,1014800,0.0,0.0
2023-03-30,195.0500030517578,196.0399932861328,193.77999877929688,194.72000122070312,182.32826232910156,832200,0.0,0.0
2023-03-31,196.08999633789062,196.4600067138672,194.5500030517578,196.24000549316406,183.7515411376953,977000,0.0,0.0
2023-04-03,196.8800048828125,200.13999938964844,196.1199951171875,198.9499969482422,186.28909301757812,827700,0.0,0.0
2023-04-04,198.5500030517578,199.25,195.91000366210938,197.10000610351562,184.55682373046875,984100,0.0,0.0
2023-04-05,196.85000610351562,198.4600067138672,196.69000244140625,197.39999389648438,184.83770751953125,813500,0.0,0.0
2023-04-06,198.22000122070312,199.64999389648438,195.77000427246094,197.00999450683594,184.4725341796875,954500,0.0,0.0
2023-04-10,196.66000366210938,199.75,196.47999572753906,199.22000122070312,186.54190063476562,569100,0.0,0.0
2023-04-11,199.4499969482422,200.75,197.6999969482422,198.91000366210938,186.2515869140625,837400,0.0,0.0
2023-04-12,198.92999267578125,200.47999572753906,198.22999572753906,199.6199951171875,186.91641235351562,485800,0.0,0.0
2023-04-13,198.8699951171875,201.94000244140625,198.8699951171875,201.49000549316406,188.66741943359375,681700,0.0,0.0
2023-04-14,201.0,201.33999633789062,198.85000610351562,200.50999450683594,187.74981689453125,744500,0.0,0.0
2023-04-17,201.2100067138672,202.52999877929688,200.75,202.5,189.61314392089844,832300,0.0,0.0
2023-04-18,203.25,206.3800048828125,203.0800018310547,204.42999267578125,191.4203338623047,1134400,0.0,0.0
2023-04-19,204.39999389648438,204.6999969482422,203.1199951171875,203.5399932861328,190.5869598388672,564500,0.0,0.0
2023-04-20,203.49000549316406,203.49000549316406,200.85000610351562,202.8699951171875,189.95960998535156,674100,0.0,0.0
2023-04-21,203.83999633789062,203.83999633789062,201.0399932861328,202.02999877929688,189.1730499267578,715900,0.0,0.0
2023-04-24,202.1300048828125,202.77000427246094,200.50999450683594,202.13999938964844,189.2760772705078,593900,0.0,0.0
2023-04-25,201.00999450683594,201.47999572753906,198.9199981689453,199.32000732421875,186.63552856445312,786400,0.0,0.0
2023-04-26,197.5500030517578,198.24000549316406,194.02999877929688,194.5399932861328,182.15969848632812,1211100,0.0,0.0
2023-04-27,194.25,198.02000427246094,193.94000244140625,198.0,185.3995361328125,1645400,0.0,0.0
2023-04-28,201.1199951171875,202.1999969482422,194.6699981689453,195.14999389648438,182.73089599609375,1923500,0.0,0.0
2023-05-01,195.14999389648438,197.42999267578125,194.30999755859375,194.7100067138672,182.3189239501953,1120100,0.0,0.0
2023-05-02,194.00999450683594,194.52999877929688,189.0800018310547,189.57000732421875,177.50601196289062,1433800,0.0,0.0
2023-05-03,190.14999389648438,191.08999633789062,186.55999755859375,186.6999969482422,174.8186492919922,1062400,0.0,0.0
2023-05-04,186.13999938964844,187.19000244140625,183.2100067138672,185.72999572753906,173.91036987304688,1525800,0.0,0.0
2023-05-05,186.2899932861328,188.30999755859375,185.02999877929688,187.72999572753906,175.7830810546875,1280300,0.0,0.0
2023-05-08,188.5800018310547,189.57000732421875,186.99000549316406,187.25999450683594,175.34300231933594,880300,0.0,0.0
2023-05-09,188.1699981689453,188.99000549316406,186.52999877929688,188.8699951171875,176.8505096435547,838500,0.0,0.0
2023-05-10,189.94000244140625,189.94000244140625,187.19000244140625,189.02000427246094,176.99102783203125,875700,0.0,0.0
2023-05-11,187.7100067138672,188.89999389648438,185.83999633789062,186.8699951171875,174.97781372070312,850100,0.0,0.0
2023-05-12,187.9499969482422,188.63999938964844,185.88999938964844,186.75,174.865478515625,722700,0.0,0.0
2023-05-15,187.02000427246094,187.9499969482422,186.55999755859375,186.8699951171875,174.97781372070312,630000,0.0,0.0
2023-05-16,186.69000244140625,186.8699951171875,183.8300018310547,183.97000122070312,172.2623748779297,936200,0.0,0.0
2023-05-17,185.3300018310547,187.27000427246094,184.0,185.8300018310547,174.00399780273438,1505500,0.0,0.0
2023-05-18,185.50999450683594,186.0800018310547,183.66000366210938,185.83999633789062,174.01341247558594,1895200,0.0,0.0
2023-05-19,187.24000549316406,187.75,184.07000732421875,184.39999389648438,172.66500854492188,1049600,0.0,0.0
2023-05-22,184.4499969482422,186.22000122070312,183.5,186.1999969482422,174.3504638671875,1202600,0.0,0.0
2023-05-23,185.77999877929688,185.92999267578125,183.97000122070312,184.69000244140625,172.9365692138672,1044500,0.0,0.0
2023-05-24,185.27000427246094,185.27000427246094,182.69000244140625,182.6999969482422,171.07321166992188,1347800,0.0,0.0
2023-05-25,181.44000244140625,181.72000122070312,175.50999450683594,176.38999938964844,165.16476440429688,1630400,0.0,0.0
2023-05-26,175.77000427246094,179.10000610351562,175.52000427246094,178.75999450683594,167.3839569091797,990000,0.0,0.0
2023-05-30,177.72000122070312,178.72999572753906,176.2899932861328,176.33999633789062,165.11793518066406,817200,0.0,0.0
2023-05-31,175.72000122070312,177.1999969482422,174.5500030517578,175.9199981689453,164.72467041015625,1983100,0.0,0.0
2023-06-01,175.0500030517578,177.9199981689453,174.75,176.91000366210938,166.7321319580078,1845000,1.14,0.0
2023-06-02,178.22999572753906,182.89999389648438,177.94000244140625,182.22000122070312,171.7366180419922,1001700,0.0,0.0
2023-06-05,183.1699981689453,184.22000122070312,181.97999572753906,182.52000427246094,172.0193634033203,819200,0.0,0.0
2023-06-06,183.11000061035156,185.0,182.32000732421875,184.52000427246094,173.90432739257812,640200,0.0,0.0
2023-06-07,184.85000610351562,187.41000366210938,183.30999755859375,187.13999938964844,176.3736114501953,872200,0.0,0.0
2023-06-08,187.05999755859375,190.4600067138672,187.02999877929688,189.25,178.36219787597656,1108100,0.0,0.0
2023-06-09,189.6300048828125,190.1300048828125,187.32000732421875,188.58999633789062,177.7401885986328,651700,0.0,0.0
2023-06-12,188.58999633789062,190.0399932861328,188.02999877929688,189.1199951171875,178.2396697998047,912500,0.0,0.0
2023-06-13,189.11000061035156,189.72999572753906,186.57000732421875,189.11000061035156,178.23023986816406,734100,0.0,0.0
2023-06-14,188.8800048828125,191.58999633789062,188.47999572753906,190.92999267578125,179.94554138183594,1040000,0.0,0.0
2023-06-15,191.44000244140625,194.80999755859375,191.0800018310547,193.3800048828125,182.25460815429688,1275200,0.0,0.0
2023-06-16,193.8300018310547,196.67999267578125,193.8300018310547,195.57000732421875,184.31858825683594,1773000,0.0,0.0
2023-06-20,195.1999969482422,196.50999450683594,193.77000427246094,195.3000030517578,184.06411743164062,1090000,0.0,0.0
2023-06-21,195.30999755859375,197.92999267578125,194.50999450683594,196.3800048828125,185.08200073242188,673900,0.0,0.0
2023-06-22,195.69000244140625,195.69000244140625,192.86000061035156,194.10000610351562,182.93319702148438,689500,0.0,0.0
2023-06-23,193.8000030517578,193.9199981689453,190.57000732421875,191.89999389648438,180.8597412109375,1011000,0.0,0.0
2023-06-26,189.8300018310547,191.94000244140625,186.0500030517578,191.72000122070312,180.69009399414062,881000,0.0,0.0
2023-06-27,191.7100067138672,194.1300048828125,191.00999450683594,193.64999389648438,182.50904846191406,743000,0.0,0.0
2023-06-28,194.22000122070312,194.22000122070312,189.67999267578125,191.74000549316406,180.70895385742188,735000,0.0,0.0
2023-06-29,191.8300018310547,196.47000122070312,191.4499969482422,195.49000549316406,184.24319458007812,843400,0.0,0.0
2023-06-30,195.6199951171875,196.64999389648438,193.60000610351562,195.77000427246094,184.50709533691406,989600,0.0,0.0
2023-07-03,195.47999572753906,198.0,194.63999938964844,197.74000549316406,186.36373901367188,342700,0.0,0.0
2023-07-05,196.80999755859375,198.07000732421875,195.35000610351562,197.17999267578125,185.83599853515625,682500,0.0,0.0
2023-07-06,196.75,197.52999877929688,194.7100067138672,194.75,183.54579162597656,712700,0.0,0.0
2023-07-07,194.0800018310547,196.72999572753906,193.1699981689453,194.66000366210938,183.46095275878906,834400,0.0,0.0
2023-07-10,194.35000610351562,195.99000549316406,194.1699981689453,194.64999389648438,183.45152282714844,688500,0.0,0.0
2023-07-11,194.7899932861328,197.6199951171875,193.9499969482422,197.3800048828125,186.02447509765625,1022200,0.0,0.0
2023-07-12,198.52999877929688,198.7899932861328,195.91000366210938,195.94000244140625,184.6673126220703,1067000,0.0,0.0
2023-07-13,195.27999877929688,198.6999969482422,194.77000427246094,198.4600067138672,187.0423583984375,972900,0.0,0.0
2023-07-14,198.11000061035156,198.99000549316406,195.1999969482422,195.69000244140625,184.43170166015625,850400,0.0,0.0
2023-07-17,196.0500030517578,198.9600067138672,195.27000427246094,197.97000122070312,186.5805206298828,784900,0.0,0.0
2023-07-18,198.69000244140625,201.4600067138672,195.0,196.30999755859375,185.01600646972656,1115200,0.0,0.0
2023-07-19,196.99000549316406,198.8800048828125,196.16000366210938,198.8300018310547,187.3910675048828,1064100,0.0,0.0
2023-07-20,200.67999267578125,202.0500030517578,199.02999877929688,199.9199981689453,188.41831970214844,1101400,0.0,0.0
2023-07-21,200.0800018310547,201.4199981689453,198.0800018310547,199.97000122070312,188.46548461914062,698200,0.0,0.0
2023-07-24,200.0,201.32000732421875,199.67999267578125,200.6699981689453,189.12518310546875,654500,0.0,0.0
2023-07-25,198.17999267578125,202.05999755859375,195.6999969482422,201.5500030517578,189.9545440673828,1055800,0.0,0.0
2023-07-26,201.77000427246094,204.2100067138672,201.02000427246094,202.55999755859375,190.9064483642578,1049300,0.0,0.0
2023-07-27,194.9199981689453,199.4199981689453,185.52000427246094,189.75999450683594,178.84283447265625,3877900,0.0,0.0
2023-07-28,191.2899932861328,193.25,190.1300048828125,192.25999450683594,181.1990203857422,1434200,0.0,0.0
2023-07-31,192.8699951171875,193.38999938964844,188.64999389648438,189.49000549316406,178.58839416503906,2059200,0.0,0.0
2023-08-01,189.6699981689453,190.05999755859375,186.97000122070312,187.72000122070312,176.92019653320312,1400600,0.0,0.0
2023-08-02,187.08999633789062,188.6199951171875,185.8699951171875,185.9199981689453,175.22377014160156,1319900,0.0,0.0
2023-08-03,185.5399932861328,185.89999389648438,182.35000610351562,185.17999267578125,174.52633666992188,1506600,0.0,0.0
2023-08-04,185.99000549316406,187.5,185.3300018310547,186.4499969482422,175.72329711914062,1121500,0.0,0.0
2023-08-07,187.07000732421875,189.85000610351562,187.07000732421875,187.9199981689453,177.10873413085938,1311200,0.0,0.0
2023-08-08,187.3300018310547,187.42999267578125,185.0,185.5800018310547,174.90335083007812,786700,0.0,0.0
2023-08-09,185.61000061035156,188.1199951171875,185.61000061035156,187.16000366210938,176.39242553710938,729800,0.0,0.0
2023-08-10,186.97000122070312,188.5,185.72999572753906,186.41000366210938,175.68560791015625,669200,0.0,0.0
2023-08-11,187.17999267578125,188.11000061035156,186.08999633789062,187.9499969482422,177.13697814941406,529000,0.0,0.0
2023-08-14,187.97000122070312,189.27000427246094,186.02000427246094,186.4600067138672,175.73272705078125,718900,0.0,0.0
2023-08-15,185.3699951171875,185.8300018310547,182.36000061035156,182.3699951171875,171.8780059814453,570600,0.0,0.0
2023-08-16,182.14999389648438,183.9499969482422,182.11000061035156,182.55999755859375,172.05706787109375,702600,0.0,0.0
2023-08-17,182.8800048828125,183.72999572753906,181.6300048828125,181.75,171.29368591308594,643000,0.0,0.0
2023-08-18,180.8699951171875,184.08999633789062,180.8699951171875,181.47999572753906,171.03919982910156,631200,0.0,0.0
2023-08-21,181.00999450683594,181.4600067138672,180.1199951171875,180.9199981689453,170.5114288330078,916900,0.0,0.0
2023-08-22,181.1300048828125,181.77999877929688,179.74000549316406,180.2100067138672,169.84226989746094,741800,0.0,0.0
2023-08-23,180.67999267578125,180.75,177.82000732421875,178.27000427246094,168.01390075683594,1175000,0.0,0.0
2023-08-24,178.10000610351562,179.08999633789062,176.83999633789062,177.85000610351562,167.61805725097656,1128500,0.0,0.0
2023-08-25,178.5800018310547,178.92999267578125,176.75,178.4600067138672,168.19297790527344,837100,0.0,0.0
2023-08-28,177.33999633789062,178.22000122070312,176.1300048828125,178.08999633789062,167.84425354003906,1121900,0.0,0.0
2023-08-29,178.17999267578125,178.3800048828125,176.3000030517578,177.25,167.0526123046875,1342400,0.0,0.0
2023-08-30,177.75,179.63999938964844,176.91000366210938,177.8000030517578,167.57095336914062,1745200,0.0,0.0
2023-08-31,178.42999267578125,179.9600067138672,178.00999450683594,178.08999633789062,167.84425354003906,1206100,0.0,0.0
2023-09-01,178.10000610351562,178.42999267578125,176.14999389648438,177.25999450683594,168.13827514648438,919200,1.14,0.0
2023-09-05,176.9600067138672,177.0,172.25,172.4499969482422,163.57583618164062,1473500,0.0,0.0
2023-09-06,172.47000122070312,172.52999877929688,170.02999877929688,170.19000244140625,161.43211364746094,1384200,0.0,0.0
2023-09-07,170.41000366210938,171.07000732421875,168.00999450683594,168.58999633789062,159.91444396972656,1388500,0.0,0.0
2023-09-08,168.49000549316406,169.42999267578125,167.13999938964844,167.94000244140625,159.2978973388672,1135100,0.0,0.0
2023-09-11,168.89999389648438,169.5399932861328,167.91000366210938,168.8800048828125,160.18954467773438,1083400,0.0,0.0
2023-09-12,168.5,169.75999450683594,168.0399932861328,169.10000610351562,160.39820861816406,930200,0.0,0.0
2023-09-13,169.91000366210938,171.07000732421875,168.7100067138672,169.14999389648438,160.44564819335938,1180900,0.0,0.0
2023-09-14,169.58999633789062,171.63999938964844,169.3699951171875,171.55999755859375,162.73162841796875,1157100,0.0,0.0
2023-09-15,171.35000610351562,173.47999572753906,171.35000610351562,172.72000122070312,163.83192443847656,1685900,0.0,0.0
2023-09-18,174.99000549316406,176.66000366210938,173.52000427246094,175.1300048828125,166.11788940429688,980000,0.0,0.0
2023-09-19,175.22000122070312,176.8000030517578,174.5800018310547,176.13999938964844,167.075927734375,1227900,0.0,0.0
2023-09-20,176.97000122070312,177.22000122070312,174.17999267578125,174.64999389648438,165.66258239746094,959300,0.0,0.0
2023-09-21,174.3000030517578,175.47000122070312,173.1999969482422,173.94000244140625,164.9891357421875,1438600,0.0,0.0
2023-09-22,173.94000244140625,175.49000549316406,173.2899932861328,173.57000732421875,164.63818359375,1355400,0.0,0.0
2023-09-25,172.92999267578125,174.6300048828125,172.05999755859375,174.16000366210938,165.1977996826172,810200,0.0,0.0
2023-09-26,173.5399932861328,174.27999877929688,172.3800048828125,173.47999572753906,164.5527801513672,1166100,0.0,0.0
2023-09-27,174.05999755859375,175.3000030517578,173.32000732421875,175.1999969482422,166.18429565429688,1065200,0.0,0.0
2023-09-28,174.27000427246094,175.42999267578125,171.75,172.33999633789062,163.47149658203125,1952800,0.0,0.0
2023-09-29,173.38999938964844,174.6199951171875,172.11000061035156,174.1199951171875,165.1598358154297,1084900,0.0,0.0
2023-10-02,173.67999267578125,174.6699981689453,170.22000122070312,171.55999755859375,162.73162841796875,1102700,0.0,0.0
2023-10-03,170.41000366210938,170.86000061035156,168.49000549316406,169.27999877929688,160.56890869140625,1330700,0.0,0.0
2023-10-04,168.10000610351562,168.52999877929688,162.85000610351562,163.77999877929688,155.35195922851562,2109600,0.0,0.0
2023-10-05,163.52000427246094,164.1199951171875,160.9499969482422,161.27999877929688,152.9805908203125,1506200,0.0,0.0
2023-10-06,160.35000610351562,164.9199981689453,160.25,163.88999938964844,155.45628356933594,1104100,0.0,0.0
2023-10-09,173.3300018310547,180.57000732421875,173.07000732421875,180.2100067138672,170.93650817871094,2746000,0.0,0.0
2023-10-10,181.0,181.5800018310547,176.77000427246094,177.57000732421875,168.4323272705078,1280000,0.0,0.0
2023-10-11,177.74000549316406,178.57000732421875,176.1300048828125,176.82000732421875,167.72093200683594,918600,0.0,0.0
2023-10-12,177.35000610351562,177.35000610351562,172.1699981689453,173.8000030517578,164.85633850097656,1249900,0.0,0.0
2023-10-13,175.88999938964844,178.00999450683594,174.86000061035156,177.24000549316406,168.11932373046875,1555100,0.0,0.0
2023-10-16,178.0,179.74000549316406,176.22000122070312,179.0,169.7887420654297,1335200,0.0,0.0
2023-10-17,177.60000610351562,181.27999877929688,176.5800018310547,178.3000030517578,169.124755859375,1161000,0.0,0.0
2023-10-18,178.4499969482422,180.5399932861328,177.5,179.5500030517578,170.3104705810547,1303600,0.0,0.0
2023-10-19,179.6699981689453,180.5,177.4600067138672,177.89999389648438,168.745361328125,1022600,0.0,0.0
2023-10-20,178.58999633789062,179.49000549316406,176.05999755859375,176.10000610351562,167.03797912597656,1515600,0.0,0.0
2023-10-23,176.08999633789062,179.3699951171875,175.27999877929688,176.8699951171875,167.7683563232422,1392500,0.0,0.0
2023-10-24,178.3000030517578,179.13999938964844,172.9600067138672,173.02000427246094,164.11651611328125,1259000,0.0,0.0
2023-10-25,174.94000244140625,176.69000244140625,173.24000549316406,175.74000549316406,166.69650268554688,1150300,0.0,0.0
2023-10-26,175.63999938964844,177.35000610351562,174.75,175.2100067138672,166.19378662109375,1859000,0.0,0.0
2023-10-27,176.16000366210938,176.92999267578125,169.5500030517578,170.92999267578125,162.13401794433594,2383600,0.0,0.0
2023-10-30,173.25999450683594,176.2899932861328,172.30999755859375,174.36000061035156,165.3875274658203,2121800,0.0,0.0
2023-10-31,176.63999938964844,180.1300048828125,176.14999389648438,179.41000366210938,170.17764282226562,2436400,0.0,0.0
2023-11-01,180.33999633789062,180.55999755859375,177.60000610351562,178.72000122070312,169.5231475830078,1457800,0.0,0.0
2023-11-02,179.0500030517578,183.9199981689453,179.0,183.05999755859375,173.6398162841797,1953900,0.0,0.0
2023-11-03,183.55999755859375,186.8000030517578,183.11000061035156,185.6699981689453,176.1155242919922,2183800,0.0,0.0
2023-11-06,185.5,185.67999267578125,181.36000061035156,181.75999450683594,172.4066925048828,1963600,0.0,0.0
2023-11-07,181.3800048828125,183.6199951171875,181.08999633789062,182.88999938964844,173.47857666015625,1102200,0.0,0.0
2023-11-08,182.3300018310547,183.08999633789062,179.9600067138672,181.49000549316406,172.15061950683594,966200,0.0,0.0
2023-11-09,182.58999633789062,182.6300048828125,179.55999755859375,180.75999450683594,171.45816040039062,1022100,0.0,0.0
2023-11-10,181.4199981689453,182.5800018310547,180.1300048828125,182.1699981689453,172.79563903808594,799000,0.0,0.0
2023-11-13,183.33999633789062,185.19000244140625,182.00999450683594,183.85000610351562,174.38916015625,887800,0.0,0.0
2023-11-14,184.25999450683594,187.75,183.22999572753906,187.61000061035156,177.95565795898438,1277000,0.0,0.0
2023-11-15,187.57000732421875,188.75999450683594,186.66000366210938,187.44000244140625,177.79440307617188,1246500,0.0,0.0
2023-11-16,186.9199981689453,188.1300048828125,185.77000427246094,186.25999450683594,177.75625610351562,1431700,1.14,0.0
2023-11-17,188.0,188.0,184.8800048828125,185.69000244140625,177.21226501464844,889600,0.0,0.0
2023-11-20,186.17999267578125,187.4499969482422,184.33999633789062,186.47999572753906,177.96621704101562,733100,0.0,0.0
2023-11-21,186.67999267578125,188.83999633789062,186.27999877929688,188.55999755859375,179.95123291015625,794700,0.0,0.0
2023-11-22,187.08999633789062,188.1999969482422,185.97999572753906,187.8300018310547,179.25457763671875,797000,0.0,0.0
2023-11-24,188.41000366210938,191.00999450683594,188.0500030517578,191.00999450683594,182.28939819335938,482300,0.0,0.0
2023-11-27,190.86000061035156,190.86000061035156,187.3699951171875,187.9199981689453,179.3404541015625,676200,0.0,0.0
2023-11-28,189.00999450683594,189.74000549316406,187.67999267578125,189.10000610351562,180.46658325195312,726600,0.0,0.0
2023-11-29,189.0800018310547,189.77999877929688,188.05999755859375,188.66000366210938,180.04669189453125,661800,0.0,0.0
2023-11-30,189.60000610351562,190.91000366210938,188.9499969482422,190.80999755859375,182.0985107421875,1363400,0.0,0.0
2023-12-01,190.8699951171875,194.92999267578125,190.1699981689453,194.69000244140625,185.80137634277344,1110000,0.0,0.0
2023-12-04,193.91000366210938,199.44000244140625,192.9499969482422,199.27999877929688,190.18182373046875,1863700,0.0,0.0
2023-12-05,199.0,199.6199951171875,197.80999755859375,198.00999450683594,188.9698028564453,1354600,0.0,0.0
2023-12-06,198.5,200.10000610351562,197.8800048828125,198.9499969482422,189.8668975830078,990500,0.0,0.0
2023-12-07,199.9199981689453,200.2899932861328,196.3800048828125,196.67999267578125,187.7005157470703,909600,0.0,0.0
2023-12-08,197.00999450683594,197.19000244140625,193.33999633789062,195.80999755859375,186.87022399902344,1273600,0.0,0.0
2023-12-11,196.4199981689453,203.0,196.4199981689453,201.07000732421875,191.8900909423828,2206400,0.0,0.0
2023-12-12,200.72000122070312,200.72000122070312,198.22000122070312,200.30999755859375,191.16481018066406,1734400,0.0,0.0
2023-12-13,201.0,208.44000244140625,200.49000549316406,208.0800018310547,198.58006286621094,2985700,0.0,0.0
2023-12-14,207.44000244140625,209.0,205.44000244140625,206.60000610351562,197.1676483154297,2482600,0.0,0.0
2023-12-15,206.5,208.5800018310547,206.5,208.3699951171875,198.8568115234375,3294500,0.0,0.0
2023-12-18,208.27000427246094,210.6300048828125,208.17999267578125,209.8000030517578,200.22152709960938,1963900,0.0,0.0
2023-12-19,209.8000030517578,211.13999938964844,209.33999633789062,210.1199951171875,200.5269317626953,1758000,0.0,0.0
2023-12-20,209.97000122070312,211.99000549316406,206.52999877929688,206.5800018310547,197.1485595703125,920300,0.0,0.0
2023-12-21,207.77999877929688,209.30999755859375,206.39999389648438,207.5399932861328,198.064697265625,811500,0.0,0.0
2023-12-22,208.55999755859375,209.67999267578125,207.85000610351562,208.49000549316406,198.97134399414062,741800,0.0,0.0
2023-12-26,207.88999938964844,209.89999389648438,207.55999755859375,209.72000122070312,200.14517211914062,561900,0.0,0.0
2023-12-27,209.32000732421875,210.16000366210938,209.1199951171875,209.88999938964844,200.3074493408203,499800,0.0,0.0
2023-12-28,209.36000061035156,211.52000427246094,209.36000061035156,210.9199981689453,201.29039001464844,789800,0.0,0.0
2023-12-29,210.67999267578125,211.3800048828125,210.02000427246094,210.6199951171875,201.00405883789062,628800,0.0,0.0
2024-01-02,210.5,213.1300048828125,209.3000030517578,209.77999877929688,200.20245361328125,1275500,0.0,0.0
2024-01-03,209.8800048828125,212.1300048828125,208.39999389648438,209.82000732421875,200.2406463623047,1379200,0.0,0.0
2024-01-04,211.3000030517578,211.6999969482422,207.47999572753906,207.52999877929688,198.05517578125,1131100,0.0,0.0
2024-01-05,207.47000122070312,207.47000122070312,204.1199951171875,205.2100067138672,195.84109497070312,949700,0.0,0.0
2024-01-08,204.6999969482422,206.72000122070312,203.6199951171875,206.39999389648438,196.9767303466797,1113000,0.0,0.0
2024-01-09,205.5500030517578,205.7100067138672,203.4499969482422,203.5,194.2091522216797,995000,0.0,0.0
2024-01-10,203.13999938964844,203.88999938964844,202.13999938964844,203.47000122070312,194.1805419921875,1087600,0.0,0.0
2024-01-11,206.0500030517578,206.05999755859375,201.0399932861328,202.9199981689453,193.6556396484375,1414300,0.0,0.0
2024-01-12,204.99000549316406,208.0399932861328,204.41000366210938,207.8000030517578,198.31283569335938,1049400,0.0,0.0
2024-01-16,207.75,207.97000122070312,204.13999938964844,205.08999633789062,195.7265625,826100,0.0,0.0
2024-01-17,204.16000366210938,208.6199951171875,203.94000244140625,204.5399932861328,195.20169067382812,761700,0.0,0.0
2024-01-18,204.4499969482422,206.0500030517578,203.0,205.72999572753906,196.3373565673828,676100,0.0,0.0
2024-01-19,206.1999969482422,206.1999969482422,203.77000427246094,204.82000732421875,195.46890258789062,959200,0.0,0.0
2024-01-22,205.0,207.50999450683594,203.52999877929688,206.82000732421875,197.37757873535156,1184200,0.0,0.0
2024-01-23,207.0,208.92999267578125,204.8800048828125,206.08999633789062,196.680908203125,1306200,0.0,0.0
2024-01-24,206.1999969482422,207.3699951171875,204.0399932861328,204.25,194.92491149902344,875700,0.0,0.0
2024-01-25,205.10000610351562,206.02000427246094,202.97000122070312,204.63999938964844,195.29708862304688,2304700,0.0,0.0
2024-01-26,209.5,211.41000366210938,205.7899932861328,209.2100067138672,199.65846252441406,2267600,0.0,0.0
2024-01-29,210.3000030517578,211.72000122070312,209.0,210.25,200.65098571777344,1480000,0.0,0.0
2024-01-30,210.33999633789062,211.72000122070312,209.66000366210938,210.72000122070312,201.09951782226562,1302500,0.0,0.0
2024-01-31,210.7899932861328,211.39999389648438,208.10000610351562,208.4199981689453,198.90452575683594,2297900,0.0,0.0
2024-02-01,209.0,210.17999267578125,207.1199951171875,209.47999572753906,199.9161376953125,1333800,0.0,0.0
2024-02-02,208.27000427246094,208.7100067138672,206.1999969482422,207.0,197.5493621826172,1098600,0.0,0.0
2024-02-05,206.0,207.69000244140625,203.52000427246094,207.13999938964844,197.68301391601562,933600,0.0,0.0
2024-02-06,206.99000549316406,207.75999450683594,205.22000122070312,207.7100067138672,198.22695922851562,1068600,0.0,0.0
2024-02-07,208.4600067138672,209.88999938964844,207.1999969482422,209.55999755859375,199.9924774169922,749200,0.0,0.0
2024-02-08,209.27000427246094,209.82000732421875,206.49000549316406,209.3000030517578,199.74435424804688,905400,0.0,0.0
2024-02-09,209.83999633789062,210.11000061035156,207.8699951171875,209.83999633789062,200.25970458984375,543700,0.0,0.0
2024-02-12,209.83999633789062,212.27000427246094,209.66000366210938,211.25999450683594,201.6148681640625,857900,0.0,0.0
2024-02-13,211.25999450683594,212.61000061035156,205.72999572753906,207.97999572753906,198.484619140625,799100,0.0,0.0
2024-02-14,208.99000549316406,210.22000122070312,208.08999633789062,210.17999267578125,200.5841827392578,758700,0.0,0.0
2024-02-15,210.6199951171875,212.52000427246094,210.00999450683594,211.27999877929688,201.63397216796875,591900,0.0,0.0
2024-02-16,211.0500030517578,212.0,209.9600067138672,211.97999572753906,202.302001953125,760000,0.0,0.0
2024-02-20,212.64999389648438,215.33999633789062,211.2899932861328,211.8300018310547,202.1588592529297,1128200,0.0,0.0
2024-02-21,212.0,213.85000610351562,211.36000061035156,213.8000030517578,204.03890991210938,758400,0.0,0.0
2024-02-22,213.22000122070312,213.66000366210938,211.1999969482422,213.4199981689453,203.67625427246094,817700,0.0,0.0
2024-02-23,214.0,216.1699981689453,213.25,214.4499969482422,204.6592254638672,1120000,0.0,0.0
2024-02-26,214.4499969482422,214.72000122070312,211.35000610351562,211.74000549316406,202.07296752929688,854600,0.0,0.0
2024-02-27,211.47000122070312,212.27999877929688,209.58999633789062,211.74000549316406,202.07296752929688,849400,0.0,0.0
2024-02-28,211.57000732421875,214.1300048828125,210.60000610351562,213.19000244140625,203.456787109375,836900,0.0,0.0
2024-02-29,213.41000366210938,213.41000366210938,210.5,211.66000366210938,201.9966278076172,3256200,0.0,0.0
2024-03-01,211.22000122070312,211.35000610351562,209.00999450683594,209.80999755859375,200.23106384277344,1008300,0.0,0.0
2024-03-04,210.4499969482422,217.1300048828125,210.1300048828125,215.9600067138672,206.1002960205078,1357200,0.0,0.0
2024-03-05,216.58999633789062,218.33999633789062,213.60000610351562,213.8300018310547,204.06756591796875,858000,0.0,0.0
2024-03-06,213.64999389648438,216.39999389648438,213.0500030517578,215.60000610351562,205.75674438476562,683300,0.0,0.0
2024-03-07,215.60000610351562,216.58999633789062,212.97999572753906,213.02000427246094,204.3942413330078,956400,1.16,0.0
2024-03-08,213.00999450683594,215.02000427246094,211.9199981689453,214.60000610351562,205.91029357910156,870800,0.0,0.0
2024-03-11,214.0800018310547,216.24000549316406,213.80999755859375,214.61000061035156,205.9198455810547,672200,0.0,0.0
2024-03-12,213.35000610351562,214.6999969482422,212.1699981689453,213.60000610351562,204.9507598876953,926000,0.0,0.0
2024-03-13,213.88999938964844,216.10000610351562,213.88999938964844,215.72000122070312,206.98489379882812,1406900,0.0,0.0
2024-03-14,215.80999755859375,216.1699981689453,210.82000732421875,213.36000061035156,204.720458984375,1618900,0.0,0.0
2024-03-15,211.13999938964844,214.52000427246094,211.13999938964844,212.86000061035156,204.24070739746094,1872500,0.0,0.0
2024-03-18,212.86000061035156,213.22000122070312,210.5,210.92999267578125,202.38885498046875,1441200,0.0,0.0
2024-03-19,211.3000030517578,212.27999877929688,210.80999755859375,211.4199981689453,202.85902404785156,1755900,0.0,0.0
2024-03-20,211.1199951171875,213.8699951171875,211.0,212.25,203.65541076660156,967000,0.0,0.0
2024-03-21,212.82000732421875,214.2100067138672,212.44000244140625,213.14999389648438,204.51898193359375,1242900,0.0,0.0
2024-03-22,213.82000732421875,213.82000732421875,211.8800048828125,211.94000244140625,203.3579559326172,837500,0.0,0.0
2024-03-25,213.30999755859375,213.30999755859375,211.61000061035156,211.69000244140625,203.11807250976562,744800,0.0,0.0
2024-03-26,211.91000366210938,212.4199981689453,211.0500030517578,211.1300048828125,202.5807647705078,583300,0.0,0.0
2024-03-27,212.3000030517578,213.27999877929688,211.92999267578125,212.5,203.89527893066406,1215800,0.0,0.0
2024-03-28,213.0,214.27999877929688,212.3800048828125,213.10000610351562,204.4709930419922,1193900,0.0,0.0
2024-04-01,212.99000549316406,213.17999267578125,207.83999633789062,208.55999755859375,200.1148223876953,1228600,0.0,0.0
2024-04-02,208.0,208.61000061035156,205.0500030517578,205.1999969482422,196.89088439941406,1336000,0.0,0.0
2024-04-03,205.0,205.60000610351562,203.02999877929688,204.27000427246094,195.99855041503906,1375300,0.0,0.0
2024-04-04,205.86000061035156,210.02999877929688,204.5800018310547,209.58999633789062,201.10311889648438,2023000,0.0,0.0
2024-04-05,208.8699951171875,209.64999389648438,206.32000732421875,208.9600067138672,200.49862670898438,1167600,0.0,0.0
2024-04-08,209.5399932861328,210.0,208.1300048828125,208.5,200.05728149414062,706200,0.0,0.0
2024-04-09,207.38999938964844,208.41000366210938,205.16000366210938,206.14999389648438,197.80242919921875,977000,0.0,0.0
2024-04-10,204.5399932861328,206.25,201.00999450683594,205.49000549316406,197.1691131591797,1118300,0.0,0.0
2024-04-11,205.27999877929688,205.7899932861328,201.9600067138672,202.38999938964844,194.1946563720703,979300,0.0,0.0
2024-04-12,203.4499969482422,205.47999572753906,201.52000427246094,202.6199951171875,194.4153594970703,931100,0.0,0.0
2024-04-15,204.97999572753906,205.60000610351562,202.47999572753906,203.22000122070312,194.99107360839844,1009300,0.0,0.0
2024-04-16,202.82000732421875,203.3000030517578,200.17999267578125,200.33999633789062,192.22767639160156,915200,0.0,0.0
2024-04-17,202.5,202.5,200.5399932861328,201.39999389648438,193.24473571777344,895800,0.0,0.0
2024-04-18,201.38999938964844,203.9600067138672,201.38999938964844,202.0800018310547,193.897216796875,683600,0.0,0.0
2024-04-19,203.33999633789062,205.58999633789062,202.6300048828125,205.4499969482422,197.13075256347656,898600,0.0,0.0
2024-04-22,206.58999633789062,209.80999755859375,205.85000610351562,208.13999938964844,199.7118377685547,934200,0.0,0.0
2024-04-23,209.9600067138672,210.72999572753906,207.50999450683594,207.67999267578125,199.27044677734375,850700,0.0,0.0
2024-04-24,206.3300018310547,208.30999755859375,204.97999572753906,207.7100067138672,199.2992706298828,1002100,0.0,0.0
2024-04-25,207.5,208.10000610351562,205.2899932861328,207.36000061035156,198.9634246826172,1173500,0.0,0.0
2024-04-26,212.0500030517578,216.99000549316406,211.24000549316406,214.5399932861328,205.8526611328125,2133500,0.0,0.0
2024-04-29,215.1199951171875,217.60000610351562,214.0800018310547,217.05999755859375,208.2706298828125,1256300,0.0,0.0
2024-04-30,215.99000549316406,216.69000244140625,213.8000030517578,214.0500030517578,205.3825225830078,1262000,0.0,0.0
2024-05-01,214.38999938964844,215.30999755859375,211.39999389648438,211.75,203.17564392089844,910000,0.0,0.0
2024-05-02,212.02999877929688,213.67999267578125,209.89999389648438,211.33999633789062,202.78225708007812,946200,0.0,0.0
2024-05-03,212.5,213.32000732421875,210.16000366210938,212.24000549316406,203.6458282470703,790900,0.0,0.0
2024-05-06,213.14999389648438,215.02999877929688,212.74000549316406,214.75,206.05416870117188,801100,0.0,0.0
2024-05-07,215.27000427246094,216.72999572753906,214.99000549316406,215.91000366210938,207.16722106933594,922800,0.0,0.0
2024-05-08,216.0,216.3699951171875,215.3000030517578,215.80999755859375,207.07125854492188,994000,0.0,0.0
2024-05-09,215.80999755859375,219.8800048828125,215.80999755859375,219.49000549316406,210.60223388671875,825400,0.0,0.0
2024-05-10,219.41000366210938,219.91000366210938,218.5500030517578,219.60000610351562,210.7078094482422,623800,0.0,0.0
2024-05-13,220.0,221.91000366210938,219.74000549316406,220.5800018310547,211.6481170654297,670000,0.0,0.0
2024-05-14,221.8000030517578,222.57000732421875,220.33999633789062,221.1300048828125,212.17581176757812,581200,0.0,0.0
2024-05-15,221.41000366210938,223.3300018310547,221.41000366210938,222.08999633789062,213.0969696044922,773400,0.0,0.0
2024-05-16,222.14999389648438,223.5800018310547,221.52000427246094,222.08999633789062,213.0969696044922,735400,0.0,0.0
2024-05-17,222.72999572753906,223.77999877929688,221.35000610351562,223.57000732421875,214.51702880859375,489600,0.0,0.0
2024-05-20,224.19000244140625,224.33999633789062,223.16000366210938,223.6199951171875,214.56497192382812,539000,0.0,0.0
2024-05-21,223.85000610351562,225.89999389648438,223.85000610351562,225.25,216.12899780273438,657500,0.0,0.0
2024-05-22,224.00999450683594,225.77000427246094,224.00999450683594,225.32000732421875,216.19618225097656,691500,0.0,0.0
2024-05-23,225.00999450683594,225.00999450683594,222.4600067138672,223.11000061035156,214.07565307617188,1098300,0.0,0.0
2024-05-24,223.8300018310547,224.1699981689453,222.27000427246094,223.25,214.20999145507812,426800,0.0,0.0
2024-05-28,222.5500030517578,222.74000549316406,218.57000732421875,218.8699951171875,210.00733947753906,646300,0.0,0.0
2024-05-29,217.39999389648438,217.77999877929688,215.16000366210938,215.24000549316406,206.5243682861328,875600,0.0,0.0
2024-05-30,216.24000549316406,219.36000061035156,216.1199951171875,219.1699981689453,210.29519653320312,906100,0.0,0.0
2024-05-31,218.92999267578125,225.41000366210938,218.0500030517578,224.8300018310547,215.7260284423828,1461200,0.0,0.0
2024-06-03,225.3300018310547,226.75999450683594,223.32000732421875,226.64999389648438,217.47230529785156,877300,0.0,0.0
2024-06-04,225.47999572753906,226.99000549316406,224.0,226.69000244140625,218.62965393066406,790900,1.16,0.0
2024-06-05,226.75,226.75,223.1300048828125,224.14999389648438,216.17994689941406,709300,0.0,0.0
2024-06-06,223.55999755859375,225.08999633789062,221.89999389648438,222.0399932861328,214.1449737548828,865300,0.0,0.0
2024-06-07,221.50999450683594,223.94000244140625,221.27000427246094,221.89999389648438,214.00994873046875,567900,0.0,0.0
2024-06-10,221.8000030517578,222.00999450683594,220.6699981689453,221.4199981689453,213.54702758789062,572900,0.0,0.0
2024-06-11,220.25999450683594,221.1699981689453,218.8000030517578,220.22000122070312,212.3896942138672,595800,0.0,0.0
2024-06-12,220.6199951171875,220.89999389648438,218.52000427246094,218.97000122070312,211.18414306640625,537900,0.0,0.0
2024-06-13,218.5800018310547,219.47999572753906,216.9600067138672,219.1999969482422,211.40597534179688,512400,0.0,0.0
2024-06-14,217.3300018310547,218.5399932861328,215.3699951171875,217.47000122070312,209.7375030517578,434600,0.0,0.0
2024-06-17,216.72999572753906,221.1699981689453,216.69000244140625,220.69000244140625,212.84298706054688,557400,0.0,0.0
2024-06-18,220.7100067138672,222.74000549316406,219.94000244140625,222.4499969482422,214.54039001464844,585800,0.0,0.0
2024-06-20,221.99000549316406,224.52000427246094,221.99000549316406,224.10000610351562,216.13172912597656,553900,0.0,0.0
2024-06-21,224.77999877929688,225.77000427246094,222.4199981689453,225.50999450683594,217.49159240722656,796500,0.0,0.0
2024-06-24,225.97000122070312,228.1300048828125,224.9600067138672,225.49000549316406,217.47230529785156,572500,0.0,0.0
2024-06-25,225.11000061035156,225.9499969482422,222.66000366210938,224.50999450683594,216.5271759033203,583000,0.0,0.0
2024-06-26,223.77999877929688,223.92999267578125,221.52000427246094,223.47999572753906,215.5337677001953,598000,0.0,0.0
2024-06-27,224.50999450683594,224.50999450683594,222.41000366210938,223.17999267578125,215.24444580078125,825300,0.0,0.0
2024-06-28,224.4499969482422,226.25,223.50999450683594,224.5800018310547,216.59469604492188,3463300,0.0,0.0
2024-07-01,225.58999633789062,226.5,221.8800048828125,221.9600067138672,214.06785583496094,613200,0.0,0.0
2024-07-02,221.97999572753906,223.6999969482422,221.77000427246094,223.60000610351562,215.6495361328125,496300,0.0,0.0
2024-07-03,223.5399932861328,225.39999389648438,222.61000061035156,224.5800018310547,216.59469604492188,422200,0.0,0.0
2024-07-05,224.08999633789062,224.13999938964844,221.75999450683594,224.07000732421875,216.1028289794922,483200,0.0,0.0
2024-07-08,225.22000122070312,226.5500030517578,224.9499969482422,226.0,217.96417236328125,645400,0.0,0.0
2024-07-09,226.05999755859375,226.83999633789062,224.8000030517578,225.9600067138672,217.92559814453125,579300,0.0,0.0
2024-07-10,225.9600067138672,227.6999969482422,225.9600067138672,227.27000427246094,219.18902587890625,612500,0.0,0.0
2024-07-11,227.88999938964844,231.58999633789062,227.3800048828125,230.33999633789062,222.1498565673828,835200,0.0,0.0
2024-07-12,231.83999633789062,233.85000610351562,230.39999389648438,231.0399932861328,222.82496643066406,793400,0.0,0.0
2024-07-15,232.1999969482422,235.33999633789062,231.63999938964844,234.5399932861328,226.2005157470703,800200,0.0,0.0
2024-07-16,235.27999877929688,240.60000610351562,234.52000427246094,240.4199981689453,231.87144470214844,924700,0.0,0.0
2024-07-17,240.4199981689453,242.86000061035156,238.22999572753906,238.25,229.77862548828125,1138600,0.0,0.0
2024-07-18,237.0500030517578,239.8699951171875,236.69000244140625,237.75999450683594,229.3060302734375,806400,0.0,0.0
2024-07-19,239.13999938964844,239.13999938964844,234.16000366210938,234.77000427246094,226.42233276367188,643100,0.0,0.0
2024-07-22,234.92999267578125,238.25999450683594,234.50999450683594,238.13999938964844,229.67254638671875,683400,0.0,0.0
2024-07-23,239.16000366210938,241.17999267578125,237.7100067138672,240.02000427246094,231.48568725585938,719700,0.0,0.0
2024-07-24,240.02000427246094,241.2100067138672,236.89999389648438,237.14999389648438,228.71774291992188,1030000,0.0,0.0
2024-07-25,239.02000427246094,245.60000610351562,239.02000427246094,243.27000427246094,234.62010192871094,1632100,0.0,0.0
2024-07-26,239.41000366210938,240.27000427246094,227.11000061035156,229.41000366210938,221.2529296875,2302100,0.0,0.0
2024-07-29,229.60000610351562,229.82000732421875,224.3000030517578,224.77999877929688,216.7875518798828,1452100,0.0,0.0
2024-07-30,225.8800048828125,229.25,223.3800048828125,227.74000549316406,219.64231872558594,1558500,0.0,0.0
2024-07-31,227.89999389648438,228.94000244140625,224.57000732421875,226.88999938964844,218.82254028320312,1437100,0.0,0.0
2024-08-01,227.52999877929688,230.0,225.25999450683594,229.22000122070312,221.06968688964844,1014700,0.0,0.0
2024-08-02,229.22000122070312,233.16000366210938,226.35000610351562,230.19000244140625,222.00521850585938,1080700,0.0,0.0
2024-08-05,229.38999938964844,231.5,224.35000610351562,227.10000610351562,219.0250701904297,1126500,0.0,0.0
2024-08-06,227.5,229.83999633789062,225.75999450683594,225.9600067138672,217.92559814453125,829100,0.0,0.0
2024-08-07,226.75,230.24000549316406,226.3300018310547,226.8300018310547,218.76467895507812,730200,0.0,0.0
2024-08-08,226.66000366210938,230.77999877929688,226.58999633789062,230.6199951171875,222.41989135742188,765500,0.0,0.0
2024-08-09,230.50999450683594,230.9499969482422,226.92999267578125,228.3300018310547,220.21131896972656,505700,0.0,0.0
2024-08-12,228.67999267578125,230.3000030517578,227.3000030517578,228.8300018310547,220.6935577392578,532100,0.0,0.0
2024-08-13,229.1199951171875,229.69000244140625,226.3000030517578,227.8800048828125,219.77734375,837700,0.0,0.0
2024-08-14,226.4600067138672,228.3000030517578,225.5399932861328,226.05999755859375,218.0220184326172,860200,0.0,0.0
2024-08-15,226.50999450683594,227.00999450683594,225.05999755859375,226.49000549316406,218.43675231933594,693500,0.0,0.0
2024-08-16,227.07000732421875,228.72999572753906,225.9199981689453,228.5,220.3753204345703,642100,0.0,0.0
2024-08-19,228.05999755859375,230.5800018310547,228.05999755859375,230.47999572753906,222.28488159179688,413400,0.0,0.0
2024-08-20,230.3699951171875,230.3699951171875,228.72000122070312,229.63999938964844,221.4747314453125,396500,0.0,0.0
2024-08-21,230.27000427246094,230.50999450683594,228.0800018310547,230.0500030517578,221.8701629638672,372900,0.0,0.0
2024-08-22,230.35000610351562,231.58999633789062,228.94000244140625,231.2100067138672,222.9889373779297,564500,0.0,0.0
2024-08-23,231.52000427246094,233.47999572753906,229.39999389648438,230.67999267578125,222.477783203125,662400,0.0,0.0
2024-08-26,231.25999450683594,231.89999389648438,228.35000610351562,228.9499969482422,220.8092803955078,607100,0.0,0.0
2024-08-27,228.75999450683594,230.44000244140625,226.22000122070312,230.05999755859375,221.87979125976562,597600,0.0,0.0
2024-08-28,230.5500030517578,233.30999755859375,230.3699951171875,231.9499969482422,223.70260620117188,551200,0.0,0.0
2024-08-29,233.0399932861328,235.35000610351562,230.0,233.67999267578125,225.37110900878906,602900,0.0,0.0
2024-08-30,233.75,236.94000244140625,233.2100067138672,236.6699981689453,228.25479125976562,698400,0.0,0.0
2024-09-03,236.67999267578125,237.82000732421875,233.86000061035156,235.27999877929688,226.9142303466797,754100,0.0,0.0
2024-09-04,235.80999755859375,238.24000549316406,235.80999755859375,236.5,228.09083557128906,718900,0.0,0.0
2024-09-05,237.32000732421875,237.32000732421875,230.35000610351562,232.52000427246094,224.25234985351562,684400,0.0,0.0
2024-09-06,231.11000061035156,232.9600067138672,226.3000030517578,227.22999572753906,220.24920654296875,640300,1.16,0.0
2024-09-09,228.14999389648438,229.7899932861328,227.63999938964844,229.27000427246094,222.2265625,818700,0.0,0.0
2024-09-10,230.0,230.5,226.50999450683594,227.88999938964844,220.88894653320312,570300,0.0,0.0
2024-09-11,226.5500030517578,227.30999755859375,222.02000427246094,227.00999450683594,220.03598022460938,727700,0.0,0.0
2024-09-12,226.3300018310547,228.6999969482422,225.6199951171875,228.1699981689453,221.16033935546875,780300,0.0,0.0
2024-09-13,228.44000244140625,231.02000427246094,227.7899932861328,229.77000427246094,222.711181640625,652600,0.0,0.0
2024-09-16,231.99000549316406,234.27999877929688,229.61000061035156,231.7100067138672,224.59161376953125,503200,0.0,0.0
2024-09-17,229.94000244140625,230.80999755859375,227.42999267578125,229.7100067138672,222.6530303955078,544500,0.0,0.0
2024-09-18,230.47000122070312,232.02999877929688,228.4499969482422,229.7100067138672,222.6530303955078,563100,0.0,0.0
2024-09-19,231.27999877929688,231.74000549316406,228.8800048828125,230.4600067138672,223.3800048828125,689700,0.0,0.0
2024-09-20,229.75,233.57000732421875,229.22999572753906,233.2100067138672,226.0455322265625,1265900,0.0,0.0
2024-09-23,233.4199981689453,238.07000732421875,233.1699981689453,237.72999572753906,230.42666625976562,687400,0.0,0.0
2024-09-24,237.36000061035156,237.6300048828125,233.75,234.74000549316406,227.52850341796875,752400,0.0,0.0
2024-09-25,235.52000427246094,235.63999938964844,232.5,233.32000732421875,226.1521453857422,754600,0.0,0.0
2024-09-26,232.35000610351562,234.92999267578125,231.3800048828125,231.55999755859375,224.44619750976562,565800,0.0,0.0
2024-09-27,232.0399932861328,235.36000061035156,231.5,234.99000549316406,227.77084350585938,777500,0.0,0.0
2024-09-30,236.0,238.49000549316406,234.1300048828125,237.8699951171875,230.56234741210938,879500,0.0,0.0
2024-10-01,237.47000122070312,247.3300018310547,235.74000549316406,245.2899932861328,237.75437927246094,1250300,0.0,0.0
2024-10-02,245.2899932861328,246.75999450683594,244.10000610351562,244.66000366210938,237.14378356933594,686300,0.0,0.0
2024-10-03,244.67999267578125,245.94000244140625,242.6199951171875,243.11000061035156,235.641357421875,691900,0.0,0.0
2024-10-04,242.74000549316406,243.77999877929688,241.33999633789062,243.66000366210938,236.17445373535156,372700,0.0,0.0
2024-10-07,244.0800018310547,244.13999938964844,241.1199951171875,241.75999450683594,234.33285522460938,412100,0.0,0.0
2024-10-08,243.0,243.64999389648438,239.5800018310547,241.27999877929688,233.86756896972656,462100,0.0,0.0
2024-10-09,240.88999938964844,243.38999938964844,240.88999938964844,242.22000122070312,234.77871704101562,378800,0.0,0.0
2024-10-10,245.8800048828125,245.8800048828125,241.00999450683594,242.35000610351562,234.90472412109375,651900,0.0,0.0
2024-10-11,243.1199951171875,246.33999633789062,242.66000366210938,246.0399932861328,238.48135375976562,692200,0.0,0.0
2024-10-14,246.8000030517578,248.4499969482422,245.25,248.22999572753906,240.60409545898438,461600,0.0,0.0
2024-10-15,249.0,249.0,244.25,245.3000030517578,237.7641143798828,573600,0.0,0.0
2024-10-16,244.82000732421875,248.36000061035156,244.82000732421875,248.13999938964844,240.516845703125,491500,0.0,0.0
2024-10-17,248.61000061035156,248.97999572753906,246.75,248.27999877929688,240.6525421142578,699300,0.0,0.0
2024-10-18,249.0,249.16000366210938,246.9600067138672,248.77999877929688,241.13717651367188,481900,0.0,0.0
2024-10-21,250.0,250.8800048828125,247.4600067138672,248.14999389648438,240.5265350341797,703300,0.0,0.0
2024-10-22,247.85000610351562,247.85000610351562,242.74000549316406,244.92999267578125,237.4054412841797,534700,0.0,0.0
2024-10-23,246.77000427246094,247.8000030517578,244.7100067138672,245.82000732421875,238.2681121826172,459900,0.0,0.0
2024-10-24,246.0,246.49000549316406,243.39999389648438,244.1699981689453,236.66880798339844,845300,0.0,0.0
2024-10-25,257.80999755859375,258.8900146484375,252.0,252.80999755859375,245.0433807373047,1622100,0.0,0.0
2024-10-28,253.16000366210938,253.4499969482422,247.9600067138672,248.02999877929688,240.41021728515625,1033400,0.0,0.0
2024-10-29,249.4499969482422,249.9499969482422,245.07000732421875,245.07000732421875,237.54116821289062,689400,0.0,0.0
2024-10-30,245.02000427246094,247.05999755859375,244.72999572753906,245.41000366210938,237.8707275390625,714200,0.0,0.0
2024-10-31,246.2100067138672,249.27000427246094,244.9499969482422,247.47000122070312,239.86740112304688,1254000,0.0,0.0
2024-11-01,248.57000732421875,251.72000122070312,247.27999877929688,247.47999572753906,239.8771209716797,852200,0.0,0.0
2024-11-04,247.92999267578125,248.61000061035156,244.8699951171875,247.07000732421875,239.479736328125,791400,0.0,0.0
2024-11-05,247.41000366210938,251.2100067138672,247.07000732421875,250.9499969482422,243.24050903320312,593100,0.0,0.0
2024-11-06,260.0,260.0,253.50999450683594,256.45001220703125,248.5715789794922,893500,0.0,0.0
2024-11-07,257.0199890136719,257.3399963378906,254.1199951171875,254.80999755859375,246.98193359375,649300,0.0,0.0
2024-11-08,256.0,261.75,255.55999755859375,260.6000061035156,252.5940704345703,868500,0.0,0.0
2024-11-11,262.8399963378906,265.739990234375,262.30999755859375,264.2200012207031,256.1028747558594,694800,0.0,0.0
2024-11-12,265.0,265.6499938964844,261.0,261.7200012207031,253.67962646484375,949500,0.0,0.0
2024-11-13,262.57000732421875,265.6099853515625,261.17999267578125,261.6499938964844,253.61180114746094,610300,0.0,0.0
2024-11-14,261.20001220703125,261.7699890136719,247.27000427246094,248.16000366210938,240.53623962402344,1299800,0.0,0.0
2024-11-15,247.52000427246094,250.2899932861328,245.5,247.0,239.411865234375,1910700,0.0,0.0
2024-11-18,246.47000122070312,247.5500030517578,243.83999633789062,244.27000427246094,237.88294982910156,741600,1.16,0.0
2024-11-19,246.10000610351562,246.58999633789062,242.5800018310547,243.5800018310547,237.21096801757812,784100,0.0,0.0
2024-11-20,242.5399932861328,244.44000244140625,241.10000610351562,244.36000061035156,237.97056579589844,806600,0.0,0.0
2024-11-21,244.41000366210938,248.47000122070312,243.50999450683594,246.60000610351562,240.15199279785156,858800,0.0,0.0
2024-11-22,247.16000366210938,248.55999755859375,246.4499969482422,248.16000366210938,241.67120361328125,655800,0.0,0.0
2024-11-25,247.8000030517578,248.42999267578125,239.4199981689453,240.60000610351562,234.30886840820312,1268400,0.0,0.0
2024-11-26,243.27000427246094,246.0800018310547,241.52000427246094,245.5800018310547,239.15866088867188,765800,0.0,0.0
2024-11-27,246.27999877929688,247.47999572753906,244.9199981689453,245.3300018310547,238.91522216796875,551500,0.0,0.0
2024-11-29,247.2899932861328,247.80999755859375,244.92999267578125,246.25,239.8111572265625,442000,0.0,0.0
2024-12-02,246.25,246.25,241.5,242.82000732421875,236.47084045410156,970800,0.0,0.0
2024-12-03,243.33999633789062,243.33999633789062,239.69000244140625,239.86000061035156,233.58824157714844,731000,0.0,0.0
2024-12-04,239.0800018310547,242.24000549316406,238.4499969482422,240.47999572753906,234.19203186035156,928500,0.0,0.0
2024-12-05,239.50999450683594,239.6999969482422,236.27999877929688,238.13999938964844,231.91322326660156,901100,0.0,0.0
2024-12-06,238.2899932861328,239.10000610351562,234.10000610351562,234.63999938964844,228.50473022460938,1470100,0.0,0.0
2024-12-09,233.75,234.0500030517578,228.85000610351562,229.75999450683594,223.7523193359375,1260800,0.0,0.0
2024-12-10,229.5800018310547,232.5800018310547,227.36000061035156,230.67999267578125,224.6482696533203,911800,0.0,0.0
2024-12-11,231.08999633789062,231.83999633789062,228.14999389648438,228.8699951171875,222.88560485839844,666800,0.0,0.0
2024-12-12,227.61000061035156,228.77000427246094,223.32000732421875,224.35000610351562,218.48379516601562,1421200,0.0,0.0
2024-12-13,223.85000610351562,224.83999633789062,222.00999450683594,223.16000366210938,217.3248748779297,967700,0.0,0.0
2024-12-16,223.6199951171875,225.30999755859375,221.41000366210938,222.0399932861328,216.2341766357422,1420700,0.0,0.0
2024-12-17,220.97000122070312,221.89999389648438,217.80999755859375,218.4499969482422,212.73802185058594,2286600,0.0,0.0
2024-12-18,218.7100067138672,219.6999969482422,213.22000122070312,213.4199981689453,207.83956909179688,1146600,0.0,0.0
2024-12-19,212.30999755859375,216.08999633789062,210.25,210.63999938964844,205.13226318359375,1016800,0.0,0.0
2024-12-20,210.63999938964844,215.22000122070312,209.83999633789062,213.5500030517578,207.96617126464844,1664800,0.0,0.0
2024-12-23,213.64999389648438,214.02000427246094,211.5399932861328,213.02999877929688,207.45974731445312,861200,0.0,0.0
2024-12-24,212.1999969482422,213.4199981689453,211.64999389648438,213.32000732421875,207.7421875,324800,0.0,0.0
2024-12-26,213.0800018310547,214.25,212.25,213.58999633789062,208.00511169433594,720300,0.0,0.0
2024-12-27,212.0,214.2100067138672,210.69000244140625,212.3699951171875,206.81703186035156,655500,0.0,0.0
2024-12-30,210.05999755859375,211.22000122070312,208.35000610351562,208.94000244140625,203.4767303466797,811700,0.0,0.0
2024-12-31,209.6199951171875,210.77999877929688,208.3699951171875,210.27999877929688,204.78167724609375,840300,0.0,0.0
2025-01-02,210.25,210.77999877929688,207.17999267578125,207.36000061035156,201.93801879882812,969700,0.0,0.0
2025-01-03,207.0,210.14999389648438,207.0,209.75,204.26551818847656,902200,0.0,0.0
2025-01-06,208.7100067138672,209.30999755859375,203.39999389648438,204.2899932861328,198.9482879638672,1369600,0.0,0.0
2025-01-07,204.82000732421875,206.60000610351562,202.75999450683594,203.0,197.69203186035156,1414100,0.0,0.0
2025-01-08,205.1199951171875,207.44000244140625,203.85000610351562,207.14999389648438,201.73350524902344,1413600,0.0,0.0
2025-01-10,207.5800018310547,208.8000030517578,205.1999969482422,208.27999877929688,202.83396911621094,1745200,0.0,0.0
2025-01-13,207.72000122070312,214.38999938964844,207.72000122070312,213.9199981689453,208.32650756835938,1150500,0.0,0.0
2025-01-14,215.02999877929688,215.99000549316406,213.25,214.88999938964844,209.27114868164062,953100,0.0,0.0
2025-01-15,215.99000549316406,216.13999938964844,213.11000061035156,214.13999938964844,208.540771484375,981400,0.0,0.0
2025-01-16,213.60000610351562,218.52000427246094,213.5800018310547,218.47999572753906,212.76727294921875,1057900,0.0,0.0
2025-01-17,218.72000122070312,219.3699951171875,217.02999877929688,218.16000366210938,212.45562744140625,778300,0.0,0.0
2025-01-21,219.5500030517578,224.3000030517578,219.5500030517578,222.86000061035156,217.03274536132812,1280000,0.0,0.0
2025-01-22,221.5800018310547,221.5800018310547,218.1999969482422,220.05999755859375,214.30596923828125,1178000,0.0,0.0
2025-01-23,221.8300018310547,222.82000732421875,217.36000061035156,219.7899932861328,214.04299926757812,1278500,0.0,0.0
2025-01-24,219.1199951171875,220.17999267578125,218.07000732421875,218.64999389648438,212.93283081054688,847700,0.0,0.0
2025-01-27,220.99000549316406,224.0,219.82000732421875,222.2899932861328,216.47763061523438,1227500,0.0,0.0
2025-01-28,221.9499969482422,223.8000030517578,212.80999755859375,213.3000030517578,207.7227325439453,1543400,0.0,0.0
2025-01-29,213.91000366210938,215.9199981689453,211.4199981689453,211.9499969482422,206.4080047607422,1540400,0.0,0.0
2025-01-30,207.39999389648438,213.25999450683594,206.02999877929688,212.05999755859375,206.51513671875,2189700,0.0,0.0
2025-01-31,210.5500030517578,213.5,209.1300048828125,212.00999450683594,206.4664306640625,1266300,0.0,0.0
2025-02-03,211.1199951171875,214.10000610351562,208.91000366210938,212.77999877929688,207.21630859375,1433000,0.0,0.0
2025-02-04,212.91000366210938,213.75,210.6300048828125,210.7100067138672,205.200439453125,1077100,0.0,0.0
2025-02-05,212.5,212.5,208.82000732421875,208.97000122070312,203.5059356689453,911100,0.0,0.0
2025-02-06,208.47000122070312,209.33999633789062,203.85000610351562,206.66000366210938,201.25633239746094,2077400,0.0,0.0
2025-02-07,207.38999938964844,208.89999389648438,205.27000427246094,206.1300048828125,200.74017333984375,1082000,0.0,0.0
2025-02-10,206.0,209.8800048828125,205.27000427246094,208.42999267578125,202.9800262451172,1201900,0.0,0.0
2025-02-11,209.25999450683594,209.25999450683594,206.1699981689453,206.75,201.34396362304688,1480500,0.0,0.0
2025-02-12,204.97999572753906,204.97999572753906,199.55999755859375,200.61000061035156,195.36451721191406,1694500,0.0,0.0
2025-02-13,202.00999450683594,204.52000427246094,198.42999267578125,200.0,194.7704620361328,2142400,0.0,0.0
2025-02-14,200.0,201.1699981689453,196.6699981689453,197.61000061035156,192.44297790527344,1565400,0.0,0.0
2025-02-18,200.0,200.0,194.77000427246094,195.6999969482422,190.58290100097656,1696000,0.0,0.0
2025-02-19,196.55999755859375,200.0399932861328,194.25,194.64999389648438,189.56036376953125,1510100,0.0,0.0
2025-02-20,193.22000122070312,197.75,193.08999633789062,197.22999572753906,192.07290649414062,1528800,0.0,0.0
2025-02-21,196.91000366210938,200.17999267578125,196.7100067138672,199.02000427246094,193.8161163330078,1656500,0.0,0.0
2025-02-24,200.32000732421875,201.82000732421875,199.57000732421875,199.85000610351562,194.62440490722656,1412800,0.0,0.0
2025-02-25,199.94000244140625,204.47999572753906,199.66000366210938,203.97000122070312,198.6366729736328,1436200,0.0,0.0
2025-02-26,202.19000244140625,203.72000122070312,201.47000122070312,202.3300018310547,197.03953552246094,1185100,0.0,0.0
2025-02-27,202.5800018310547,205.5399932861328,202.35000610351562,204.89999389648438,199.54234313964844,1276500,0.0,0.0
2025-02-28,205.91000366210938,207.1999969482422,203.50999450683594,206.11000061035156,200.72073364257812,1245200,0.0,0.0
2025-03-03,207.60000610351562,209.4499969482422,205.27999877929688,207.6999969482422,202.26914978027344,1378000,0.0,0.0
2025-03-04,207.33999633789062,212.5,206.4600067138672,207.0800018310547,201.6653289794922,2093300,0.0,0.0
2025-03-05,206.11000061035156,211.49000549316406,205.75,210.52999877929688,205.025146484375,1248200,0.0,0.0
2025-03-06,211.47999572753906,213.97999572753906,208.5800018310547,213.7899932861328,208.1999053955078,1506700,0.0,0.0
2025-03-07,211.7899932861328,221.22000122070312,211.7899932861328,220.10000610351562,214.34490966796875,1868300,0.0,0.0
2025-03-10,218.9600067138672,227.3699951171875,217.4600067138672,217.85000610351562,213.31675720214844,1844400,1.2,0.0
2025-03-11,216.4199981689453,218.66000366210938,211.77999877929688,212.3300018310547,207.91162109375,1317100,0.0,0.0
2025-03-12,211.16000366210938,211.16000366210938,204.8000030517578,208.9499969482422,204.60195922851562,1031200,0.0,0.0
2025-03-13,208.50999450683594,212.5500030517578,207.7100067138672,211.17999267578125,206.78555297851562,1340000,0.0,0.0
2025-03-14,210.8300018310547,213.63999938964844,209.10000610351562,211.05999755859375,206.66807556152344,960700,0.0,0.0
2025-03-17,210.7100067138672,214.41000366210938,210.38999938964844,212.97999572753906,208.54811096191406,1042200,0.0,0.0
2025-03-18,212.8000030517578,213.91000366210938,210.39999389648438,212.42999267578125,208.00953674316406,973900,0.0,0.0
2025-03-19,212.74000549316406,215.72999572753906,210.97000122070312,213.0399932861328,208.6068572998047,840800,0.0,0.0
2025-03-20,211.89999389648438,212.61000061035156,209.58999633789062,209.88999938964844,205.5224151611328,1188800,0.0,0.0
2025-03-21,210.08999633789062,210.77000427246094,207.1199951171875,207.97999572753906,203.6521453857422,1931900,0.0,0.0
2025-03-24,209.13999938964844,211.07000732421875,208.02999877929688,210.7100067138672,206.32534790039062,863200,0.0,0.0
2025-03-25,211.5500030517578,213.1199951171875,209.35000610351562,212.55999755859375,208.1368408203125,1102600,0.0,0.0
2025-03-26,213.00999450683594,214.00999450683594,210.75999450683594,211.92999267578125,207.5199432373047,1026200,0.0,0.0
2025-03-27,212.75999450683594,215.35000610351562,211.99000549316406,212.6999969482422,208.27392578125,762300,0.0,0.0
2025-03-28,211.69000244140625,212.64999389648438,207.32000732421875,207.75,203.4269256591797,1179000,0.0,0.0
2025-03-31,208.1300048828125,211.33999633789062,207.5800018310547,209.30999755859375,204.9544677734375,1112000,0.0,0.0
2025-04-01,209.49000549316406,212.6699981689453,208.0800018310547,209.75,205.38531494140625,964000,0.0,0.0
2025-04-02,208.05999755859375,213.41000366210938,208.05999755859375,211.89999389648438,207.4905548095703,986200,0.0,0.0
2025-04-03,210.72999572753906,215.75,209.3300018310547,209.94000244140625,205.57135009765625,1321800,0.0,0.0
2025-04-04,207.72000122070312,212.25,201.9499969482422,202.05999755859375,197.85533142089844,3081600,0.0,0.0
2025-04-07,198.5,204.69000244140625,195.72000122070312,200.2100067138672,196.04383850097656,1931900,0.0,0.0
2025-04-08,206.36000061035156,207.4199981689453,198.52999877929688,200.75,196.5725860595703,1933100,0.0,0.0
2025-04-09,197.6699981689453,217.72999572753906,195.99000549316406,214.35000610351562,209.8896026611328,3827100,0.0,0.0
2025-04-10,212.50999450683594,218.2100067138672,208.39999389648438,213.50999450683594,209.0670928955078,2745700,0.0,0.0
2025-04-11,220.0,223.22000122070312,215.07000732421875,222.02999877929688,217.40977478027344,2245300,0.0,0.0
2025-04-14,221.63999938964844,224.11000061035156,219.02999877929688,222.69000244140625,218.05604553222656,1266400,0.0,0.0
2025-04-15,223.11000061035156,224.19000244140625,220.6300048828125,220.9499969482422,216.3522491455078,1262000,0.0,0.0
2025-04-16,222.27000427246094,222.88999938964844,218.47999572753906,218.8800048828125,214.32533264160156,1165300,0.0,0.0
2025-04-17,215.9199981689453,220.0399932861328,214.63999938964844,218.22000122070312,213.6790771484375,1411600,0.0,0.0
2025-04-21,217.14999389648438,217.8699951171875,211.3800048828125,214.1199951171875,209.6643829345703,1583500,0.0,0.0
2025-04-22,214.1999969482422,217.22000122070312,211.41000366210938,215.0800018310547,210.6044158935547,1750900,0.0,0.0
2025-04-23,215.82000732421875,218.8000030517578,214.63999938964844,216.30999755859375,211.80880737304688,1813700,0.0,0.0
2025-04-24,216.05999755859375,219.4600067138672,208.11000061035156,216.27000427246094,211.76963806152344,1946700,0.0,0.0
2025-04-25,217.72000122070312,218.14999389648438,214.35000610351562,216.0800018310547,211.5835723876953,1637000,0.0,0.0
2025-04-28,218.1300048828125,220.0,216.64999389648438,218.75999450683594,214.20782470703125,1256000,0.0,0.0
2025-04-29,218.11000061035156,222.2899932861328,217.49000549316406,221.22999572753906,216.62643432617188,1273400,0.0,0.0
2025-04-30,221.5,221.75,217.89999389648438,220.02000427246094,215.44161987304688,1060400,0.0,0.0
2025-05-01,219.72000122070312,221.02999877929688,217.5,219.91000366210938,215.3339080810547,882400,0.0,0.0
2025-05-02,223.32000732421875,226.7899932861328,214.41000366210938,219.75,215.17723083496094,2282300,0.0,0.0
2025-05-05,220.0,220.75,218.0800018310547,218.6199951171875,214.07073974609375,827700,0.0,0.0
2025-05-06,216.69000244140625,217.9499969482422,214.35000610351562,216.19000244140625,211.69129943847656,1227500,0.0,0.0
2025-05-07,215.38999938964844,219.91000366210938,214.52000427246094,218.0,213.463623046875,1527100,0.0,0.0
2025-05-08,220.0500030517578,220.9600067138672,216.6699981689453,218.38999938964844,213.8455352783203,1059700,0.0,0.0
2025-05-09,219.3000030517578,220.1199951171875,216.5800018310547,219.38999938964844,214.82470703125,983100,0.0,0.0
2025-05-12,221.7100067138672,221.9600067138672,215.1699981689453,218.9600067138672,214.40367126464844,1209800,0.0,0.0
2025-05-13,218.8000030517578,219.72999572753906,217.4199981689453,218.3699951171875,213.82594299316406,1075700,0.0,0.0
2025-05-14,218.60000610351562,220.11000061035156,214.10000610351562,219.64999389648438,215.0792999267578,1674300,0.0,0.0
2025-05-15,221.8800048828125,227.13999938964844,220.8699951171875,226.86000061035156,222.13926696777344,1626100,0.0,0.0
2025-05-16,228.11000061035156,230.47000122070312,226.47000122070312,230.1999969482422,225.40977478027344,1577000,0.0,0.0
2025-05-19,230.14999389648438,231.8000030517578,229.52999877929688,230.97000122070312,226.1637420654297,1286400,0.0,0.0
2025-05-20,230.02000427246094,232.0,229.10000610351562,230.82000732421875,226.01687622070312,1046700,0.0,0.0
2025-05-21,241.6999969482422,241.6999969482422,231.35000610351562,232.58999633789062,227.7500457763672,2701800,0.0,0.0
2025-05-22,233.0,240.8699951171875,232.72999572753906,239.19000244140625,234.21270751953125,3696600,0.0,0.0
2025-05-23,237.0,238.4600067138672,235.72000122070312,237.49000549316406,232.54806518554688,2359800,0.0,0.0
2025-05-27,240.10000610351562,248.47000122070312,238.1699981689453,247.89999389648438,242.74143981933594,2773300,0.0,0.0
2025-05-28,248.72999572753906,249.1300048828125,242.5500030517578,244.3699951171875,239.28489685058594,2804800,0.0,0.0
2025-05-29,242.19000244140625,243.9199981689453,241.11000061035156,243.4199981689453,238.35467529296875,2080200,0.0,0.0
2025-05-30,244.72000122070312,245.10000610351562,241.77000427246094,244.33999633789062,239.25552368164062,2784700,0.0,0.0
2025-06-02,244.8300018310547,244.8300018310547,240.85000610351562,243.16000366210938,238.10008239746094,1339400,0.0,0.0
2025-06-03,242.0,243.60000610351562,240.50999450683594,243.19000244140625,239.31048583984375,1212500,1.2,0.0
2025-06-04,244.0,244.5500030517578,241.97999572753906,242.30999755859375,238.44448852539062,804000,0.0,0.0
2025-06-05,243.27999877929688,243.49000549316406,240.6300048828125,242.05999755859375,238.198486328125,1136200,0.0,0.0
2025-06-06,243.0,244.3800048828125,241.80999755859375,244.27000427246094,240.3732452392578,795700,0.0,0.0
2025-06-09,244.6199951171875,246.0,242.3300018310547,245.41000366210938,241.49505615234375,1067300,0.0,0.0
2025-06-10,246.1300048828125,246.22999572753906,243.5399932861328,244.7899932861328,240.8849334716797,927000,0.0,0.0
2025-06-11,243.57000732421875,247.05999755859375,237.55999755859375,246.6699981689453,242.7349395751953,1560400,0.0,0.0
2025-06-12,246.24000549316406,250.4199981689453,245.0399932861328,250.38999938964844,246.39559936523438,1336200,0.0,0.0
2025-06-13,252.89999389648438,257.7900085449219,252.05999755859375,256.989990234375,252.8903045654297,3051100,0.0,0.0
2025-06-16,256.0,256.3599853515625,246.7899932861328,247.77000427246094,243.81741333007812,1832400,0.0,0.0
2025-06-17,249.27000427246094,251.5,247.0399932861328,250.86000061035156,246.85812377929688,1371300,0.0,0.0
2025-06-18,251.0,253.89999389648438,248.38999938964844,248.8300018310547,244.86048889160156,1280000,0.0,0.0
2025-06-20,250.30999755859375,251.8800048828125,246.19000244140625,249.6699981689453,245.6870880126953,1636500,0.0,0.0
2025-06-23,251.50999450683594,254.88999938964844,249.6699981689453,251.11000061035156,247.10411071777344,1193700,0.0,0.0
2025-06-24,249.0,249.75,243.83999633789062,246.64999389648438,242.71527099609375,1188700,0.0,0.0
2025-06-25,247.75,248.60000610351562,245.52000427246094,247.8699951171875,243.91578674316406,963700,0.0,0.0
2025-06-26,248.0,249.60000610351562,246.10000610351562,246.8000030517578,242.86288452148438,1956600,0.0,0.0
2025-06-27,245.52000427246094,248.10000610351562,245.1199951171875,246.97999572753906,243.0399932861328,2158900,0.0,0.0
2025-06-30,247.6300048828125,251.27999877929688,247.0,250.83999633789062,246.83840942382812,1110900,0.0,0.0
2025-07-01,250.75,252.9199981689453,249.00999450683594,252.17999267578125,248.15704345703125,958500,0.0,0.0
2025-07-02,250.72000122070312,253.7100067138672,249.11000061035156,253.55999755859375,249.51502990722656,883900,0.0,0.0
2025-07-03,253.83999633789062,256.57000732421875,253.77000427246094,255.72999572753906,251.65042114257812,575400,0.0,0.0
2025-07-07,256.3500061035156,258.010009765625,250.02000427246094,256.42999267578125,252.33924865722656,1263200,0.0,0.0
2025-07-08,254.6999969482422,257.6099853515625,254.1199951171875,257.0899963378906,252.9887237548828,1233500,0.0,0.0
2025-07-09,258.1400146484375,259.45001220703125,256.010009765625,259.04998779296875,254.9174346923828,936100,0.0,0.0
2025-07-10,258.0299987792969,260.8699951171875,256.510009765625,260.1000061035156,255.95068359375,1157800,0.0,0.0
2025-07-11,261.1400146484375,261.1400146484375,258.0799865722656,259.54998779296875,255.40948486328125,954600,0.0,0.0
2025-07-14,259.239990234375,262.8399963378906,257.3500061035156,262.30999755859375,258.12542724609375,963000,0.0,0.0
2025-07-15,262.0400085449219,262.6300048828125,260.05999755859375,261.1700134277344,257.0036315917969,1012900,0.0,0.0
2025-07-16,261.54998779296875,264.1099853515625,260.7699890136719,263.6600036621094,259.45391845703125,1109800,0.0,0.0
2025-07-17,263.9700012207031,266.82000732421875,263.510009765625,265.510009765625,261.2744140625,1469900,0.0,0.0
2025-07-18,265.989990234375,267.57000732421875,263.1600036621094,264.7699890136719,260.54620361328125,1441900,0.0,0.0
2025-07-21,265.05999755859375,266.0799865722656,262.4800109863281,263.0899963378906,258.89300537109375,942800,0.0,0.0
2025-07-22,261.3900146484375,264.9599914550781,260.2200012207031,264.4200134277344,260.2018127441406,1599700,0.0,0.0
2025-07-23,264.1700134277344,270.1499938964844,263.67999267578125,269.6000061035156,265.2991638183594,2155500,0.0,0.0
2025-07-24,275.5,280.0299987792969,272.7200012207031,273.2200012207031,268.8614196777344,3422500,0.0,0.0
2025-07-25,270.0,271.69000244140625,262.9800109863281,269.2799987792969,264.9842529296875,1965300,0.0,0.0
2025-07-28,270.6000061035156,270.8900146484375,267.75,269.4700012207031,265.1712341308594,1216500,0.0,0.0
2025-07-29,271.2300109863281,272.3500061035156,269.8399963378906,272.30999755859375,267.9659118652344,931000,0.0,0.0
2025-07-30,273.9599914550781,275.7200012207031,271.6099853515625,274.1199951171875,269.7470397949219,954600,0.0,0.0
2025-07-31,274.3500061035156,275.7200012207031,273.3500061035156,274.82000732421875,270.4358825683594,1308300,0.0,0.0
2025-08-01,275.0,278.95001220703125,271.0,278.260009765625,273.82098388671875,1413800,0.0,0.0
2025-08-04,278.2300109863281,280.4800109863281,276.739990234375,278.05999755859375,273.62420654296875,1097200,0.0,0.0
2025-08-05,277.1499938964844,280.5199890136719,276.6099853515625,278.2200012207031,273.7816467285156,791500,0.0,0.0
2025-08-06,278.4599914550781,280.4700012207031,276.6700134277344,276.8800048828125,272.4630432128906,1294800,0.0,0.0
2025-08-07,274.32000732421875,275.9200134277344,270.8500061035156,273.80999755859375,269.4419860839844,2100600,0.0,0.0
2025-08-08,273.7300109863281,275.3900146484375,269.1400146484375,269.7200012207031,265.417236328125,1639200,0.0,0.0
2025-08-11,269.7699890136719,270.6199951171875,267.25,270.32000732421875,266.0076904296875,996500,0.0,0.0
2025-08-12,268.0400085449219,271.0,268.0400085449219,270.2099914550781,265.8994140625,1023100,0.0,0.0
2025-08-13,271.1300048828125,272.67999267578125,268.5400085449219,270.2200012207031,265.90924072265625,1502400,0.0,0.0
2025-08-14,270.92999267578125,273.1000061035156,269.9200134277344,271.04998779296875,266.7260437011719,984700,0.0,0.0
2025-08-15,270.69000244140625,271.7300109863281,269.2099914550781,270.54998779296875,266.2339782714844,1178000,0.0,0.0
2025-08-18,271.3599853515625,273.2099914550781,270.8500061035156,271.9200134277344,267.5821228027344,1118200,0.0,0.0
2025-08-19,271.3699951171875,273.6700134277344,270.80999755859375,272.2300109863281,267.88720703125,990600,0.0,0.0
2025-08-20,273.29998779296875,276.8900146484375,272.1000061035156,276.1499938964844,271.7446594238281,851300,0.0,0.0
2025-08-21,275.8399963378906,276.75,274.8399963378906,276.1099853515625,271.7052917480469,908500,0.0,0.0
2025-08-22,277.54998779296875,279.1499938964844,274.95001220703125,275.7699890136719,271.3706970214844,754900,0.0,0.0
2025-08-25,276.2300109863281,277.8999938964844,275.3699951171875,276.1700134277344,271.7643737792969,704800,0.0,0.0
2025-08-26,277.1199951171875,278.25,275.0,277.6600036621094,273.2305603027344,1543000,0.0,0.0
2025-08-27,277.9800109863281,279.0199890136719,275.4800109863281,276.760009765625,272.3449401855469,741300,0.0,0.0
2025-08-28,276.25,277.2799987792969,275.0400085449219,277.0400085449219,272.6204833984375,759300,0.0,0.0
2025-08-29,277.69000244140625,278.3900146484375,275.5400085449219,277.6199951171875,273.19122314453125,1266200,0.0,0.0
2025-09-02,277.57000732421875,277.95001220703125,274.80999755859375,275.1199951171875,270.7310791015625,1529600,0.0,0.0
2025-09-03,275.25,275.70001220703125,271.6400146484375,273.1099853515625,268.753173828125,1119700,0.0,0.0
2025-09-04,273.3599853515625,274.25,272.30999755859375,272.989990234375,268.63507080078125,1084600,0.0,0.0
2025-09-05,272.29998779296875,273.1099853515625,269.0199890136719,272.3900146484375,269.2281188964844,1072000,1.2,0.0
2025-09-08,271.7099914550781,274.70001220703125,269.260009765625,273.8900146484375,270.7107238769531,1194500,0.0,0.0
2025-09-09,272.9599914550781,273.32000732421875,268.6000061035156,270.7099914550781,267.5675964355469,1092200,0.0,0.0
2025-09-10,270.6400146484375,275.6700134277344,269.8599853515625,275.6400146484375,272.4403991699219,951800,0.0,0.0
2025-09-11,275.82000732421875,280.69000244140625,274.3399963378906,280.6300048828125,277.3724670410156,948500,0.0,0.0
2025-09-12,280.7099914550781,281.67999267578125,278.3500061035156,279.20001220703125,275.9590759277344,800800,0.0,0.0
2025-09-15,278.80999755859375,282.2200012207031,278.4599914550781,281.8900146484375,278.61785888671875,783400,0.0,0.0
2025-09-16,283.6300048828125,286.80999755859375,282.260009765625,284.2699890136719,280.9701843261719,1332700,0.0,0.0
2025-09-17,284.1600036621094,286.010009765625,281.30999755859375,281.8599853515625,278.5881652832031,732500,0.0,0.0
2025-09-18,279.79998779296875,283.2799987792969,278.4800109863281,282.7300109863281,279.4481201171875,664700,0.0,0.0
2025-09-19,283.7300109863281,284.4599914550781,281.75,283.94000244140625,280.64404296875,1316000,0.0,0.0
2025-09-22,284.0,285.0299987792969,281.489990234375,284.32000732421875,281.0196228027344,785400,0.0,0.0
2025-09-23,285.3399963378906,288.0199890136719,284.1700134277344,286.19000244140625,282.867919921875,760300,0.0,0.0
2025-09-24,287.7799987792969,288.2300109863281,283.8299865722656,284.0,280.7033386230469,965200,0.0,0.0
2025-09-25,286.5899963378906,290.8999938964844,286.0,289.239990234375,285.8825378417969,1198900,0.0,0.0
2025-09-26,290.8399963378906,293.94000244140625,289.67999267578125,293.55999755859375,290.1523742675781,1147000,0.0,0.0
2025-09-29,297.8299865722656,298.3999938964844,294.7699890136719,296.95001220703125,293.5030212402344,1230300,0.0,0.0
2025-09-30,297.55999755859375,305.94000244140625,297.55999755859375,305.4100036621094,301.8648376464844,1332600,0.0,0.0
2025-10-01,303.8500061035156,304.30999755859375,298.17999267578125,300.4700012207031,296.9821472167969,1423800,0.0,0.0
2025-10-02,299.95001220703125,301.29998779296875,295.6199951171875,296.1000061035156,292.66290283203125,1099100,0.0,0.0
2025-10-03,297.0899963378906,299.7799987792969,295.45001220703125,297.3900146484375,293.93792724609375,643300,0.0,0.0
2025-10-06,297.2900085449219,303.1300048828125,296.6000061035156,303.010009765625,299.4927062988281,819200,0.0,0.0
2025-10-07,303.32000732421875,304.04998779296875,298.75,301.42999267578125,297.9310302734375,866600,0.0,0.0
2025-10-08,303.0,306.8299865722656,301.95001220703125,306.760009765625,303.19915771484375,1097000,0.0,0.0
2025-10-09,307.0,308.1199951171875,296.92999267578125,298.20001220703125,294.738525390625,1607600,0.0,0.0
2025-10-10,298.760009765625,299.489990234375,292.1400146484375,292.3399963378906,288.946533203125,1341200,0.0,0.0
2025-10-13,291.3800048828125,294.45001220703125,290.7099914550781,293.4200134277344,290.0140075683594,801300,0.0,0.0
2025-10-14,292.82000732421875,300.6199951171875,292.489990234375,299.989990234375,296.5077209472656,841700,0.0,0.0
2025-10-15,300.1700134277344,301.989990234375,283.6400146484375,289.7200012207031,286.3569641113281,1464300,0.0,0.0
2025-10-16,290.2900085449219,290.9800109863281,284.0899963378906,284.2900085449219,280.989990234375,1220500,0.0,0.0
2025-10-17,284.20001220703125,285.1000061035156,282.2699890136719,283.8699951171875,280.5748596191406,887200,0.0,0.0
2025-10-20,286.260009765625,291.6499938964844,285.9700012207031,290.55999755859375,287.18719482421875,723600,0.0,0.0
2025-10-21,290.3999938964844,293.82000732421875,288.54998779296875,292.29998779296875,288.906982421875,982200,0.0,0.0
2025-10-22,292.29998779296875,293.5,288.7200012207031,288.9700012207031,285.61566162109375,1099100,0.0,0.0
2025-10-23,290.1499938964844,294.20001220703125,290.1499938964844,293.2799987792969,289.8756408691406,643800,0.0,0.0
2025-10-24,295.67999267578125,296.29998779296875,292.57000732421875,293.20001220703125,289.79656982421875,803800,0.0,0.0
2025-10-27,293.55999755859375,294.94000244140625,290.30999755859375,291.1400146484375,287.7604675292969,1057100,0.0,0.0
2025-10-28,290.69000244140625,291.94000244140625,287.07000732421875,287.3800048828125,284.04412841796875,970900,0.0,0.0
2025-10-29,287.29998779296875,289.57000732421875,285.44000244140625,286.8699951171875,283.5400390625,1026700,0.0,0.0
2025-10-30,284.0799865722656,305.1600036621094,282.3900146484375,295.8999938964844,292.4652099609375,2546600,0.0,0.0
2025-10-31,293.989990234375,294.739990234375,287.92999267578125,289.1000061035156,285.744140625,2165600,0.0,0.0
2025-11-03,289.6000061035156,289.8999938964844,285.95001220703125,288.5899963378906,285.24005126953125,1007800,0.0,0.0
2025-11-04,287.8299865722656,291.8800048828125,285.7799987792969,291.1199951171875,287.74072265625,1098900,0.0,0.0
2025-11-05,288.7699890136719,291.8999938964844,287.0199890136719,287.1000061035156,283.76739501953125,898300,0.0,0.0
2025-11-06,287.1700134277344,288.2900085449219,284.79998779296875,285.0199890136719,281.71148681640625,631800,0.0,0.0
2025-11-07,286.2699890136719,292.510009765625,284.239990234375,290.6600036621094,287.2860412597656,928600,0.0,0.0
2025-11-10,290.3500061035156,297.8599853515625,290.29998779296875,297.0,293.55242919921875,1462000,0.0,0.0
2025-11-11,296.8999938964844,302.55999755859375,296.0,301.67999267578125,298.1781005859375,1511900,0.0,0.0
2025-11-12,301.1600036621094,302.94000244140625,298.2099914550781,300.239990234375,296.7547912597656,1604100,0.0,0.0
2025-11-13,301.04998779296875,301.7200012207031,287.510009765625,288.3699951171875,285.0226135253906,1512800,0.0,0.0
2025-11-14,284.7699890136719,289.8399963378906,283.2200012207031,289.3900146484375,286.03082275390625,1239000,0.0,0.0
2025-11-17,290.010009765625,291.5,287.2300109863281,287.69000244140625,285.5345153808594,829600,1.2,0.0
2025-11-18,287.989990234375,288.6400146484375,284.4700012207031,285.44000244140625,283.3013610839844,908000,0.0,0.0
2025-11-19,284.1700134277344,286.760009765625,282.5,285.25,283.11279296875,965700,0.0,0.0
2025-11-20,288.69000244140625,291.04998779296875,282.57000732421875,284.2200012207031,282.09051513671875,1026500,0.0,0.0
2025-11-21,284.54998779296875,284.54998779296875,277.0899963378906,277.7799987792969,275.69879150390625,1694900,0.0,0.0
2025-11-24,276.0,276.7799987792969,273.0400085449219,275.3999938964844,273.3365783691406,2080900,0.0,0.0
2025-11-25,275.6700134277344,277.2099914550781,273.92999267578125,276.3299865722656,274.2596435546875,1602100,0.0,0.0
2025-11-26,276.9599914550781,277.92999267578125,275.55999755859375,276.1400146484375,274.0710754394531,856900,0.0,0.0
2025-11-28,276.260009765625,279.0199890136719,275.8500061035156,278.69000244140625,276.6019592285156,477100,0.0,0.0
2025-12-01,276.1400146484375,277.3599853515625,272.1400146484375,272.32000732421875,270.2796936035156,1137600,0.0,0.0
2025-12-02,273.5799865722656,276.2900085449219,272.94000244140625,273.9700012207031,271.9173278808594,1062300,0.0,0.0
2025-12-03,274.1700134277344,277.79998779296875,272.2300109863281,277.739990234375,275.6590576171875,916300,0.0,0.0
2025-12-04,278.1499938964844,283.6499938964844,277.6099853515625,280.510009765625,278.4083251953125,1222900,0.0,0.0
2025-12-05,279.30999755859375,280.2200012207031,275.2799987792969,278.5,276.41339111328125,710600,0.0,0.0
2025-12-08,279.1300048828125,281.75,277.1000061035156,281.6499938964844,279.5397644042969,1196300,0.0,0.0
2025-12-09,282.1199951171875,285.20001220703125,277.19000244140625,277.3699951171875,275.2918395996094,1009600,0.0,0.0
2025-12-10,277.1199951171875,289.44000244140625,276.1099853515625,285.94000244140625,283.797607421875,1368600,0.0,0.0
2025-12-11,286.94000244140625,292.4599914550781,286.3500061035156,289.8599853515625,287.6882629394531,1106700,0.0,0.0
2025-12-12,292.6099853515625,292.8900146484375,286.5899963378906,286.95001220703125,284.8000793457031,1317600,0.0,0.0
2025-12-15,287.45001220703125,289.3699951171875,286.8599853515625,288.5299987792969,286.36822509765625,902400,0.0,0.0
2025-12-16,290.510009765625,290.6400146484375,281.55999755859375,282.8500061035156,280.7308044433594,1149600,0.0,0.0
2025-12-17,279.04998779296875,282.79998779296875,277.57000732421875,278.7200012207031,276.6317443847656,1262800,0.0,0.0
2025-12-18,280.19000244140625,284.3999938964844,280.17999267578125,282.7200012207031,280.6017761230469,1124800,0.0,0.0
2025-12-19,283.79998779296875,289.7099914550781,283.54998779296875,287.45001220703125,285.2963562011719,1487700,0.0,0.0
2025-12-22,288.1499938964844,295.2099914550781,287.45001220703125,295.1000061035156,292.8890380859375,919100,0.0,0.0
2025-12-23,295.4800109863281,298.7799987792969,294.44000244140625,297.8299865722656,295.5985412597656,1051500,0.0,0.0
2025-12-24,297.82000732421875,299.8299865722656,297.82000732421875,298.1400146484375,295.90625,363300,0.0,0.0
2025-12-26,297.80999755859375,298.9700012207031,295.32000732421875,296.7699890136719,294.5464782714844,466300,0.0,0.0
2025-12-29,296.7699890136719,298.0400085449219,295.3699951171875,295.92999267578125,293.7127685546875,417200,0.0,0.0
2025-12-30,296.29998779296875,296.57000732421875,295.0,295.4700012207031,293.2562255859375,416200,0.0,0.0
2025-12-31,295.42999267578125,296.42999267578125,293.510009765625,293.57000732421875,291.3704833984375,522900,0.0,0.0
2026-01-02,294.0,304.54998779296875,291.010009765625,304.4800109863281,302.1987609863281,934600,0.0,0.0
2026-01-05,307.3900146484375,315.05999755859375,307.1499938964844,311.3800048828125,309.0470275878906,1294100,0.0,0.0
2026-01-06,311.67999267578125,316.8599853515625,311.6600036621094,314.4700012207031,312.1138610839844,1105300,0.0,0.0
2026-01-07,318.0,321.5199890136719,308.8900146484375,309.760009765625,307.4391784667969,2215100,0.0,0.0
2026-01-08,332.92999267578125,336.6499938964844,322.95001220703125,325.739990234375,323.2994079589844,3545100,0.0,0.0
2026-01-09,327.5,338.2300109863281,327.25,335.7699890136719,333.2542724609375,1894900,0.0,0.0
2026-01-12,338.92999267578125,341.82000732421875,338.0,340.67999267578125,338.12750244140625,1443200,0.0,0.0
2026-01-13,361.5899963378906,361.5899963378906,335.20001220703125,341.239990234375,338.68328857421875,4739000,0.0,0.0
2026-01-14,339.510009765625,344.82000732421875,334.4100036621094,342.8500061035156,340.28125,2153300,0.0,0.0
2026-01-15,341.0299987792969,342.79998779296875,332.8800048828125,340.4200134277344,337.8694763183594,2111300,0.0,0.0
2026-01-16,340.9800109863281,347.6099853515625,339.260009765625,346.4599914550781,343.86419677734375,1535200,0.0,0.0
2026-01-20,345.1099853515625,350.4700012207031,340.2799987792969,342.3299865722656,339.7651062011719,1857200,0.0,0.0
2026-01-21,343.8599853515625,349.20001220703125,343.04998779296875,347.80999755859375,345.2040710449219,2255400,0.0,0.0
2026-01-22,348.239990234375,356.3399963378906,346.6600036621094,355.75,353.0845947265625,1356600,0.0,0.0
2026-01-23,356.79998779296875,360.67999267578125,353.489990234375,354.7300109863281,352.0722351074219,1473300,0.0,0.0
2026-01-26,354.20001220703125,356.3800048828125,351.4800109863281,354.20001220703125,351.54620361328125,1216900,0.0,0.0
2026-01-27,354.4700012207031,362.4200134277344,353.17999267578125,360.5400085449219,357.8387145996094,1289800,0.0,0.0
2026-01-28,357.2200012207031,361.8299865722656,355.0400085449219,360.29998779296875,357.6004943847656,1482600,0.0,0.0
2026-01-29,360.0,369.5899963378906,352.0,356.0199890136719,353.3525390625,2109900,0.0,0.0
2026-01-30,350.9200134277344,353.2099914550781,339.6099853515625,342.8500061035156,340.28125,2253900,0.0,0.0
2026-02-02,338.0,342.6499938964844,335.6300048828125,340.239990234375,337.6907958984375,1486600,0.0,0.0
2026-02-03,344.0799865722656,351.739990234375,342.6000061035156,351.57000732421875,348.9359130859375,1437200,0.0,0.0
2026-02-04,352.17999267578125,355.989990234375,336.54998779296875,339.07000732421875,336.5295715332031,1817400,0.0,0.0
2026-02-05,338.8500061035156,350.0,337.69000244140625,342.2200012207031,339.6559753417969,1354900,0.0,0.0
2026-02-06,346.8999938964844,349.7900085449219,343.6400146484375,349.6600036621094,347.0402526855469,975800,0.0,0.0
2026-02-09,349.6600036621094,352.0,347.5,350.6000061035156,347.97320556640625,811300,0.0,0.0
2026-02-10,351.2699890136719,351.2699890136719,341.3900146484375,345.0799865722656,342.4945068359375,920100,0.0,0.0
2026-02-11,345.1300048828125,345.8900146484375,337.260009765625,340.2900085449219,337.74041748046875,1143700,0.0,0.0
2026-02-12,341.5199890136719,345.1300048828125,337.8599853515625,339.8999938964844,337.3533630371094,1490500,0.0,0.0
2026-02-13,339.8399963378906,349.3999938964844,339.6099853515625,345.5,342.9114074707031,1029400,0.0,0.0
2026-02-17,345.8699951171875,349.8599853515625,343.0400085449219,346.5899963378906,343.99322509765625,1284100,0.0,0.0
2026-02-18,350.6600036621094,353.4200134277344,349.0,352.1199951171875,349.4817810058594,1042100,0.0,0.0
2026-02-19,351.5899963378906,361.3500061035156,351.5899963378906,358.70001220703125,356.0124816894531,964400,0.0,0.0
2026-02-20,359.8999938964844,362.239990234375,353.92999267578125,356.1400146484375,353.4716796875,1045400,0.0,0.0
2026-02-23,355.239990234375,359.5299987792969,354.20001220703125,355.1400146484375,352.4791564941406,1099700,0.0,0.0
2026-02-24,353.7900085449219,356.29998779296875,348.8999938964844,354.2699890136719,351.61566162109375,810800,0.0,0.0
2026-02-25,354.25,354.25,329.2799987792969,341.04998779296875,338.4947204589844,1770400,0.0,0.0
2026-02-26,341.45001220703125,356.1600036621094,340.54998779296875,355.1600036621094,352.4990234375,1553000,0.0,0.0
2026-02-27,357.4200134277344,365.7300109863281,355.7699890136719,364.5400085449219,361.8087463378906,1963500,0.0,0.0
2026-03-02,370.32000732421875,379.2300109863281,366.4800109863281,378.4800109863281,375.644287109375,2965100,0.0,0.0
2026-03-03,372.79998779296875,377.6000061035156,366.5,368.0,365.2427978515625,1495900,0.0,0.0
2026-03-04,368.8599853515625,369.1300048828125,361.2900085449219,368.75,365.9871826171875,967800,0.0,0.0
2026-03-05,365.2099914550781,368.4599914550781,357.55999755859375,360.1000061035156,357.4020080566406,1134500,0.0,0.0
2026-03-06,360.0,367.3800048828125,355.2699890136719,366.6099853515625,365.13067626953125,1692500,1.25,0.0
2026-03-09,366.0,373.1199951171875,363.3800048828125,371.260009765625,369.7619323730469,2254900,0.0,0.0
2026-03-10,365.55999755859375,366.7699890136719,360.5400085449219,361.7200012207031,360.2604064941406,1285400,0.0,0.0
2026-03-11,358.989990234375,366.7799987792969,358.54998779296875,364.260009765625,362.7901916503906,1107000,0.0,0.0
2026-03-12,361.8800048828125,365.42999267578125,356.9800109863281,357.8800048828125,356.4359130859375,1547500,0.0,0.0
2026-03-13,360.19000244140625,364.0,355.4800109863281,358.9599914550781,357.51153564453125,1135600,0.0,0.0
2026-03-16,360.0199890136719,368.57000732421875,360.0199890136719,366.2099914550781,364.7322998046875,1382800,0.0,0.0
2026-03-17,366.2200012207031,369.55999755859375,362.3999938964844,368.8599853515625,367.37158203125,1353300,0.0,0.0
2026-03-18,369.5,374.3699951171875,367.79998779296875,368.3800048828125,366.8935546875,1249900,0.0,0.0
2026-03-19,364.3299865722656,366.7900085449219,356.4100036621094,363.70001220703125,362.2324523925781,1114400,0.0,0.0
2026-03-20,363.1700134277344,366.29998779296875,350.94000244140625,352.8500061035156,351.42620849609375,2473800,0.0,0.0
2026-03-23,355.3999938964844,357.3500061035156,345.0,345.4800109863281,344.0859680175781,2244800,0.0,0.0
2026-03-24,342.4200134277344,351.7099914550781,341.05999755859375,351.4200134277344,350.0019836425781,1303600,0.0,0.0
2026-03-25,352.9100036621094,356.7200012207031,350.20001220703125,352.0199890136719,350.59954833984375,1468600,0.0,0.0
2026-03-26,348.989990234375,353.94000244140625,347.6400146484375,349.3399963378906,347.93035888671875,916600,0.0,0.0
2026-03-27,347.9200134277344,349.7900085449219,342.760009765625,343.0,341.615966796875,1097200,0.0,0.0
2026-03-30,348.1400146484375,350.4599914550781,337.0199890136719,339.92999267578125,338.558349609375,1418700,0.0,0.0
2026-03-31,343.8599853515625,349.7300109863281,340.0,345.1499938964844,343.75726318359375,1279200,0.0,0.0
2026-04-01,348.8399963378906,355.5400085449219,347.1099853515625,353.9100036621094,352.48193359375,1305000,0.0,0.0
2026-04-02,352.5400085449219,360.79998779296875,351.0,356.0,354.5635070800781,1009400,0.0,0.0
2026-04-06,356.5299987792969,360.0,353.5199890136719,358.7300109863281,357.2825012207031,1014000,0.0,0.0
2026-04-07,355.0,357.3999938964844,352.3999938964844,354.0,352.5715637207031,748200,0.0,0.0
2026-04-08,352.1700134277344,362.4599914550781,351.9200134277344,361.9700012207031,360.5093994140625,1384300,0.0,0.0
2026-04-09,361.3599853515625,364.2699890136719,357.8800048828125,357.9700012207031,356.5255432128906,1136800,0.0,0.0
2026-04-10,356.0799865722656,357.6600036621094,344.8999938964844,353.5899963378906,352.1632080078125,1250600,0.0,0.0
2026-04-13,355.239990234375,360.1400146484375,354.5,357.95001220703125,356.5056457519531,1082300,0.0,0.0
2026-04-14,358.3299865722656,359.6499938964844,352.07000732421875,355.55999755859375,354.1252746582031,947900,0.0,0.0
2026-04-15,355.0,358.3999938964844,353.70001220703125,355.9200134277344,354.48382568359375,1036500,0.0,0.0
2026-04-16,357.5899963378906,358.92999267578125,351.7099914550781,353.4100036621094,351.98394775390625,1029300,0.0,0.0
2026-04-17,351.05999755859375,356.4700012207031,349.1499938964844,350.3500061035156,348.9363098144531,1267600,0.0,0.0
2026-04-20,351.1700134277344,353.6000061035156,347.4599914550781,348.57000732421875,347.1634826660156,838700,0.0,0.0
2026-04-21,346.6000061035156,347.3500061035156,336.4700012207031,340.29998779296875,338.9268493652344,1581800,0.0,0.0
2026-04-22,343.3299865722656,344.20001220703125,329.8800048828125,331.6600036621094,330.32171630859375,2156800,0.0,0.0
2026-04-23,333.1099853515625,334.75,325.8500061035156,330.2200012207031,328.88751220703125,2172200,0.0,0.0
2026-04-24,328.82000732421875,328.82000732421875,314.75,317.510009765625,316.22882080078125,2350900,0.0,0.0
2026-04-27,318.42999267578125,324.6700134277344,318.2699890136719,320.4599914550781,319.1669006347656,1256300,0.0,0.0
2026-04-28,323.75,326.1300048828125,321.8599853515625,324.8800048828125,323.569091796875,1561300,0.0,0.0
2026-04-29,325.4800109863281,326.760009765625,319.6099853515625,321.3999938964844,320.1031188964844,1591200,0.0,0.0
2026-04-30,321.5899963378906,325.4800109863281,313.010009765625,320.54998779296875,319.25653076171875,2659900,0.0,0.0
2026-05-01,322.0,322.6499938964844,312.510009765625,313.3699951171875,312.1054992675781,1419700,0.0,0.0
2026-05-04,312.04998779296875,315.6300048828125,308.2200012207031,308.6199951171875,307.3746643066406,1442200,0.0,0.0
2026-05-05,310.45001220703125,311.239990234375,300.07000732421875,302.6499938964844,301.42877197265625,2079500,0.0,0.0
2026-05-06,301.70001220703125,304.3800048828125,299.0199890136719,302.20001220703125,300.9805908203125,2282300,0.0,0.0
2026-05-07,303.04998779296875,304.989990234375,299.1000061035156,301.17999267578125,299.9646911621094,1674100,0.0,0.0
2026-05-08,300.8399963378906,302.9700012207031,297.6600036621094,299.6400146484375,298.4309387207031,1189800,0.0,0.0
2026-05-11,298.0,303.9100036621094,296.6700134277344,302.3500061035156,301.1299743652344,1298600,0.0,0.0
2026-05-12,302.3500061035156,310.260009765625,302.0199890136719,309.4700012207031,308.22125244140625,1367100,0.0,0.0
2026-05-13,306.57000732421875,307.5899963378906,298.0400085449219,304.92999267578125,303.6995544433594,842800,0.0,0.0
2026-05-14,305.7799987792969,310.510009765625,304.3900146484375,307.6199951171875,306.37872314453125,979900,0.0,0.0
2026-05-15,306.989990234375,309.8599853515625,303.17999267578125,303.3900146484375,302.1658020019531,1273000,0.0,0.0
2026-05-18,303.989990234375,311.30999755859375,303.1199951171875,311.1600036621094,309.9044494628906,1135500,0.0,0.0
2026-05-19,311.7900085449219,311.8800048828125,304.95001220703125,308.1499938964844,306.9065856933594,1202600,0.0,0.0
2026-05-20,309.0,311.1000061035156,303.5899963378906,309.1499938964844,307.90252685546875,1583200,0.0,0.0
2026-05-21,308.8500061035156,309.260009765625,305.0,306.3299865722656,305.0939025878906,883300,0.0,0.0
2026-05-22,309.0299987792969,312.260009765625,306.3299865722656,311.9800109863281,310.72113037109375,944800,0.0,0.0
2026-05-26,313.8399963378906,314.489990234375,309.20001220703125,313.4700012207031,312.2051086425781,912400,0.0,0.0
2026-05-27,311.0299987792969,312.739990234375,308.1499938964844,309.04998779296875,307.8029479980469,966000,0.0,0.0
2026-05-28,310.3900146484375,315.3900146484375,310.3900146484375,314.7799987792969,313.50982666015625,1679800,0.0,0.0
2026-05-29,314.6000061035156,315.2900085449219,308.739990234375,315.17999267578125,313.908203125,1759700,0.0,0.0
2026-06-01,312.3800048828125,313.0299987792969,307.5299987792969,309.5899963378906,308.34075927734375,1060400,0.0,0.0
2026-06-02,308.1199951171875,310.489990234375,307.1700134277344,308.1199951171875,306.876708984375,804400,0.0,0.0
2026-06-03,305.5299987792969,309.0299987792969,301.489990234375,303.45001220703125,302.2255554199219,934400,0.0,0.0
2026-06-04,308.2799987792969,309.9700012207031,306.30999755859375,309.7799987792969,308.5299987792969,887100,0.0,0.0
2026-06-05,309.9800109863281,311.4599914550781,306.45001220703125,307.8299865722656,307.8299865722656,793300,1.25,0.0
2026-06-08,306.5199890136719,308.7099914550781,299.3900146484375,302.1000061035156,302.1000061035156,1006000,0.0,0.0
2026-06-09,303.3599853515625,308.20001220703125,302.239990234375,308.1700134277344,308.1700134277344,956900,0.0,0.0
2026-06-10,309.3999938964844,310.0,302.8800048828125,303.0,303.0,794500,0.0,0.0
2026-06-11,304.1600036621094,315.7200012207031,303.80999755859375,312.1700134277344,312.1700134277344,1148700,0.0,0.0
2026-06-12,312.92999267578125,313.29998779296875,306.0,307.7900085449219,307.7900085449219,878300,0.0,0.0
2026-06-15,307.5,308.57000732421875,300.3599853515625,304.1700134277344,304.1700134277344,1405400,0.0,0.0
2026-06-16,304.1000061035156,311.1000061035156,302.7099914550781,310.45001220703125,310.45001220703125,1372500,0.0,0.0
2026-06-17,308.6600036621094,318.5199890136719,308.5400085449219,313.1700134277344,313.1700134277344,1514900,0.0,0.0
2026-06-18,315.1199951171875,317.57000732421875,291.6600036621094,294.82000732421875,294.82000732421875,2711400,0.0,0.0
2026-06-22,292.0,292.5400085449219,282.4100036621094,285.8299865722656,285.8299865722656,2554400,0.0,0.0
2026-06-23,288.5799865722656,294.2799987792969,286.6600036621094,293.7699890136719,293.7699890136719,2396200,0.0,0.0
2026-06-24,294.8999938964844,296.0899963378906,287.1099853515625,287.2699890136719,287.2699890136719,2442900,0.0,0.0
2026-06-25,288.6600036621094,294.1199951171875,286.5,288.5199890136719,288.5199890136719,1431500,0.0,0.0
2026-06-26,290.1600036621094,296.6199951171875,288.70001220703125,291.25,291.25,2156400,0.0,0.0
2026-06-29,290.8699951171875,293.1300048828125,287.239990234375,289.3800048828125,289.3800048828125,1316400,0.0,0.0
2026-06-30,290.5899963378906,291.760009765625,288.0,290.5899963378906,290.5899963378906,2210200,0.0,0.0
2026-07-01,293.989990234375,296.3500061035156,291.92999267578125,292.2300109863281,292.2300109863281,1911100,0.0,0.0
2026-07-02,297.2300109863281,303.1000061035156,296.42999267578125,302.07000732421875,302.07000732421875,1424300,0.0,0.0
2026-07-06,301.80999755859375,302.82000732421875,297.7699890136719,301.2699890136719,301.2699890136719,900900,0.0,0.0
2026-07-07,303.6000061035156,304.5,294.3800048828125,295.3999938964844,295.3999938964844,1245500,0.0,0.0
2026-07-08,293.3699951171875,294.5299987792969,290.7200012207031,293.44000244140625,293.44000244140625,1246900,0.0,0.0
2026-07-09,292.2699890136719,294.92999267578125,288.17999267578125,289.8699951171875,289.8699951171875,910400,0.0,0.0
2026-07-10,290.6499938964844,291.3699951171875,288.1199951171875,290.7699890136719,290.7699890136719,626500,0.0,0.0
2026-07-13,292.0799865722656,293.45001220703125,288.3299865722656,288.69000244140625,288.69000244140625,722000,0.0,0.0
2026-07-14,289.8999938964844,294.7300109863281,289.0,290.010009765625,290.010009765625,1034100,0.0,0.0
2026-07-15,291.67999267578125,292.9800109863281,286.0299987792969,286.82000732421875,286.82000732421875,983000,0.0,0.0
2026-07-16,286.94000244140625,288.0,282.4599914550781,284.42999267578125,284.42999267578125,1035500,0.0,0.0
2026-07-17,287.1000061035156,290.20001220703125,281.510009765625,282.010009765625,282.010009765625,1138500,0.0,0.0
2026-07-20,283.7099914550781,284.7300109863281,280.44000244140625,280.54998779296875,280.54998779296875,1399200,0.0,0.0
2026-07-21,275.1600036621094,281.2099914550781,270.32000732421875,277.7099914550781,277.7099914550781,1742000,0.0,0.0
2026-07-22,282.0,285.8800048828125,279.510009765625,285.1600036621094,285.1600036621094,1166900,0.0,0.0
2026-07-23,289.5,303.94000244140625,289.5,299.6700134277344,299.6700134277344,2029200,0.0,0.0
2026-07-24,300.8299865722656,306.4200134277344,299.25,300.2099914550781,300.2099914550781,1017800,0.0,0.0
2026-07-27,301.0,306.30999755859375,301.0,303.4800109863281,303.4800109863281,1196400,0.0,0.0
2026-07-28,306.7200012207031,308.8900146484375,302.5299987792969,305.20001220703125,305.20001220703125,1628200,0.0,0.0
2026-07-29,307.1199951171875,308.3299865722656,295.0,297.5299987792969,297.5299987792969,1277900,0.0,0.0
2026-07-30,278.0199890136719,282.0,262.67999267578125,271.8999938964844,271.8999938964844,4208700,0.0,0.0
2026-07-31,272.989990234375,279.5299987792969,270.1700134277344,277.05999755859375,277.05999755859375,2283100,0.0,0.0
2026-08-03,277.0,281.5,274.7099914550781,277.8599853515625,277.8599853515625,3416900,0.0,0.0
2026-08-04,279.69000244140625,286.3699951171875,276.7699890136719,285.29998779296875,285.29998779296875,1634100,0.0,0.0
2026-08-05,286.79998779296875,290.489990234375,284.3900146484375,286.1199951171875,286.1199951171875,1281400,0.0,0.0
2026-08-06,289.45001220703125,291.3800048828125,286.8699951171875,289.5299987792969,289.5299987792969,1018000,0.0,0.0
2026-08-07,288.6099853515625,289.1700134277344,284.1300048828125,286.6700134277344,286.6700134277344,1094100,0.0,0.0
2026-08-10,288.8599853515625,294.1400146484375,288.2200012207031,289.7200012207031,289.7200012207031,1120700,0.0,0.0
2026-08-11,289.0,290.82000732421875,285.6700134277344,286.0199890136719,286.0199890136719,1072000,0.0,0.0
2026-08-12,284.7300109863281,290.7799987792969,282.0,290.739990234375,290.739990234375,1840900,0.0,0.0
2026-08-13,291.07000732421875,291.79998779296875,286.2900085449219,288.4599914550781,288.4599914550781,1101800,0.0,0.0
2026-08-14,291.55999755859375,293.0,288.7900085449219,291.82000732421875,291.82000732421875,1012100,0.0,0.0
