Date,Open,High,Low,Close,Adj Close,Volume,Dividends,Stock Splits
1996-01-02,2.3705949783325195,2.4052019119262695,2.3186841011047363,2.327336072921753,2.126770496368408,1093702,0.0,0.0
1996-01-03,2.2840769290924072,2.301379919052124,2.249469041824341,2.249469041824341,2.0556139945983887,375644,0.0,0.0
1996-01-04,2.232166051864624,2.2840769290924072,2.197559118270874,2.232166051864624,2.039801836013794,593807,0.0,0.0
1996-01-05,2.1889069080352783,2.232166051864624,2.1889069080352783,2.197559118270874,2.0081770420074463,219607,0.0,0.0
1996-01-08,2.197559118270874,2.197559118270874,2.197559118270874,2.197559118270874,2.0081770420074463,4334,0.0,0.0
1996-01-09,2.2235140800476074,2.2235140800476074,2.1802549362182617,2.197559118270874,2.0081770420074463,105469,0.0,0.0
1996-01-10,2.1889069080352783,2.197559118270874,2.076432943344116,2.1456480026245117,1.9607397317886353,739730,0.0,0.0
1996-01-11,2.076432943344116,2.1283440589904785,2.076432943344116,2.119692087173462,1.9370207786560059,788853,0.0,0.0
1996-01-12,2.0937368869781494,2.119692087173462,2.0937368869781494,2.0937368869781494,1.9133023023605347,369865,0.0,0.0
1996-01-15,2.0937368869781494,2.1456480026245117,2.076432943344116,2.119692087173462,1.9370207786560059,60681,0.0,0.0
1996-01-16,2.1283440589904785,2.1283440589904785,2.0591299533843994,2.076432943344116,1.8974899053573608,641485,0.0,0.0
1996-01-17,2.0591299533843994,2.1110410690307617,2.0591299533843994,2.076432943344116,1.8974899053573608,274509,0.0,0.0
1996-01-18,2.076432943344116,2.1110410690307617,2.076432943344116,2.076432943344116,1.8974899053573608,436325,0.0,0.0
1996-01-19,2.1456480026245117,2.1456480026245117,2.076432943344116,2.1456480026245117,1.9607397317886353,309184,0.0,0.0
1996-01-22,2.076432943344116,2.1110410690307617,2.076432943344116,2.1110410690307617,1.9291150569915771,69350,0.0,0.0
1996-01-23,2.076432943344116,2.085084915161133,2.0245230197906494,2.0245230197906494,1.8500529527664185,262951,0.0,0.0
1996-01-24,1.9899150133132935,2.015871047973633,1.9380040168762207,1.9466559886932373,1.7788965702056885,895767,0.0,0.0
1996-01-25,1.9380040168762207,1.955307960510254,1.9380040168762207,1.9380040168762207,1.770990252494812,66460,0.0,0.0
1996-01-26,1.9380040168762207,2.1110410690307617,1.9380040168762207,2.1110410690307617,1.9291150569915771,444994,0.0,0.0
1996-01-29,2.0591299533843994,2.0937368869781494,2.007219076156616,2.007219076156616,1.834240436553955,1089368,0.0,0.0
1996-01-30,1.9812630414962769,2.0245230197906494,1.9380040168762207,1.955307960510254,1.7868027687072754,923218,0.0,0.0
1996-01-31,1.9380040168762207,1.9726120233535767,1.9033969640731812,1.9726120233535767,1.8026158809661865,433436,0.0,0.0
1996-02-01,1.9726120233535767,1.9726120233535767,1.9033969640731812,1.9726120233535767,1.8026158809661865,359751,0.0,0.0
1996-02-02,1.9726120233535767,1.9726120233535767,1.920701026916504,1.955307960510254,1.7868027687072754,4010723,0.0,0.0
1996-02-05,1.920701026916504,2.076432943344116,1.920701026916504,2.0591299533843994,1.8816776275634766,839420,0.0,0.0
1996-02-06,2.0245230197906494,2.1110410690307617,2.0245230197906494,2.0591299533843994,1.8816776275634766,602475,0.0,0.0
1996-02-07,2.041826009750366,2.1110410690307617,2.041826009750366,2.1110410690307617,1.9291150569915771,13003,0.0,0.0
1996-02-08,2.0591299533843994,2.1110410690307617,2.0591299533843994,2.1110410690307617,1.9291150569915771,73684,0.0,0.0
1996-02-09,2.0591299533843994,2.301379919052124,2.0591299533843994,2.206209897994995,2.016082525253296,1550254,0.0,0.0
1996-02-12,2.214862108230591,2.3532910346984863,2.214862108230591,2.232166051864624,2.039801836013794,1544475,0.0,0.0
1996-02-13,2.266772985458374,2.3186841011047363,2.232166051864624,2.2840769290924072,2.0872392654418945,599586,0.0,0.0
1996-02-14,2.2840769290924072,2.3878979682922363,2.2840769290924072,2.3359880447387695,2.134676694869995,479669,0.0,0.0
1996-02-15,2.3705949783325195,2.4052019119262695,2.1629509925842285,2.266772985458374,2.0714263916015625,1347985,0.0,0.0
1996-02-16,2.197559118270874,2.266772985458374,2.1110410690307617,2.1110410690307617,1.9291150569915771,666046,0.0,0.0
1996-02-20,2.1456480026245117,2.1456480026245117,2.0245230197906494,2.0245230197906494,1.8500529527664185,738285,0.0,0.0
1996-02-21,2.076432943344116,2.076432943344116,2.041826009750366,2.076432943344116,1.8974899053573608,186377,0.0,0.0
1996-02-22,2.007219076156616,2.1456480026245117,2.007219076156616,2.1456480026245117,1.9607397317886353,323632,0.0,0.0
1996-02-23,2.1456480026245117,2.1629509925842285,2.041826009750366,2.050477981567383,1.8737714290618896,982454,0.0,0.0
1996-02-26,2.0548040866851807,2.076432943344116,2.041826009750366,2.050477981567383,1.8737714290618896,404540,0.0,0.0
1996-02-27,2.076432943344116,2.076432943344116,2.041826009750366,2.041826009750366,1.865864872932434,96801,0.0,0.0
1996-02-28,2.0591299533843994,2.1283440589904785,2.0591299533843994,2.076432943344116,1.8974899053573608,260061,0.0,0.0
1996-02-29,2.1283440589904785,2.1283440589904785,1.9899150133132935,1.9899150133132935,1.818427562713623,751288,0.0,0.0
1996-03-01,2.0591299533843994,2.076432943344116,2.007219076156616,2.007219076156616,1.834240436553955,996902,0.0,0.0
1996-03-04,2.076432943344116,2.1110410690307617,2.0591299533843994,2.1110410690307617,1.9291150569915771,991123,0.0,0.0
1996-03-05,2.1110410690307617,2.214862108230591,2.0591299533843994,2.214862108230591,2.023988962173462,706500,0.0,0.0
1996-03-06,2.214862108230591,2.249469041824341,2.1456480026245117,2.214862108230591,2.023988962173462,327966,0.0,0.0
1996-03-07,2.249469041824341,2.249469041824341,2.076432943344116,2.080759048461914,1.9014431238174438,343859,0.0,0.0
1996-03-08,2.041826009750366,2.1283440589904785,2.041826009750366,2.1283440589904785,1.9449270963668823,135810,0.0,0.0
1996-03-11,2.1283440589904785,2.1283440589904785,2.076432943344116,2.1283440589904785,1.9449270963668823,70794,0.0,0.0
1996-03-12,2.076432943344116,2.1283440589904785,2.076432943344116,2.076432943344116,1.8974899053573608,15893,0.0,0.0
1996-03-13,2.076432943344116,2.1283440589904785,2.076432943344116,2.1283440589904785,1.9449270963668823,24561,0.0,0.0
1996-03-14,2.1283440589904785,2.1283440589904785,2.076432943344116,2.076432943344116,1.8974899053573608,452218,0.0,0.0
1996-03-15,2.076432943344116,2.1283440589904785,2.076432943344116,2.076432943344116,1.8974899053573608,85242,0.0,0.0
1996-03-18,2.1283440589904785,2.1283440589904785,2.076432943344116,2.1110410690307617,1.9291150569915771,560577,0.0,0.0
1996-03-19,2.076432943344116,2.1110410690307617,2.076432943344116,2.1110410690307617,1.9291150569915771,128586,0.0,0.0
1996-03-20,2.076432943344116,2.0937368869781494,2.076432943344116,2.0937368869781494,1.9133023023605347,238390,0.0,0.0
1996-03-21,2.0937368869781494,2.0937368869781494,2.076432943344116,2.085084915161133,1.9053959846496582,148813,0.0,0.0
1996-03-22,2.076432943344116,2.076432943344116,2.076432943344116,2.076432943344116,1.8974899053573608,26006,0.0,0.0
1996-03-25,2.076432943344116,2.197559118270874,2.076432943344116,2.197559118270874,2.0081770420074463,469555,0.0,0.0
1996-03-26,2.214862108230591,2.2840769290924072,2.1802549362182617,2.214862108230591,2.023988962173462,319298,0.0,0.0
1996-03-27,2.214862108230591,2.266772985458374,2.214862108230591,2.214862108230591,2.023988962173462,166150,0.0,0.0
1996-03-28,2.266772985458374,2.266772985458374,2.1456480026245117,2.1456480026245117,1.9607397317886353,520123,0.0,0.0
1996-03-29,2.197559118270874,2.197559118270874,2.1456480026245117,2.1456480026245117,1.9607397317886353,70794,0.0,0.0
1996-04-01,2.1456480026245117,2.1456480026245117,2.0591299533843994,2.0591299533843994,1.8816776275634766,1277190,0.0,0.0
1996-04-02,2.1110410690307617,2.1110410690307617,2.0591299533843994,2.076432943344116,1.8974899053573608,258617,0.0,0.0
1996-04-03,2.1110410690307617,2.1110410690307617,2.076432943344116,2.076432943344116,1.8974899053573608,128586,0.0,0.0
1996-04-04,2.041826009750366,2.0937368869781494,2.041826009750366,2.046152114868164,1.8698182106018066,317853,0.0,0.0
1996-04-08,2.041826009750366,2.076432943344116,2.041826009750366,2.041826009750366,1.865864872932434,49123,0.0,0.0
1996-04-09,2.041826009750366,2.1110410690307617,2.007219076156616,2.0245230197906494,1.8500529527664185,457997,0.0,0.0
1996-04-10,2.0245230197906494,2.0245230197906494,1.9380040168762207,1.9726120233535767,1.8026158809661865,861092,0.0,0.0
1996-04-11,2.0245230197906494,2.0245230197906494,1.9812630414962769,1.9812630414962769,1.8105210065841675,1722184,0.0,0.0
1996-04-12,1.99856698513031,1.99856698513031,1.9726120233535767,1.9726120233535767,1.8026158809661865,106914,0.0,0.0
1996-04-15,2.0245230197906494,2.0245230197906494,1.9726120233535767,2.0245230197906494,1.8500529527664185,1083589,0.0,0.0
1996-04-16,2.0245230197906494,2.076432943344116,1.9726120233535767,2.076432943344116,1.8974899053573608,228276,0.0,0.0
1996-04-17,2.076432943344116,2.1110410690307617,2.076432943344116,2.1110410690307617,1.9291150569915771,796077,0.0,0.0
1996-04-18,2.0591299533843994,2.1283440589904785,2.0591299533843994,2.0591299533843994,1.8816776275634766,469555,0.0,0.0
1996-04-19,2.1110410690307617,2.1283440589904785,2.076432943344116,2.1110410690307617,1.9291150569915771,911659,0.0,0.0
1996-04-22,2.102389097213745,2.1283440589904785,2.0591299533843994,2.0937368869781494,1.9133023023605347,118472,0.0,0.0
1996-04-23,2.1283440589904785,2.1283440589904785,2.0591299533843994,2.1283440589904785,1.9449270963668823,115583,0.0,0.0
1996-04-24,2.1283440589904785,2.1283440589904785,2.0591299533843994,2.0591299533843994,1.8816776275634766,56347,0.0,0.0
1996-04-25,2.0591299533843994,2.1283440589904785,2.0591299533843994,2.0591299533843994,1.8816776275634766,88132,0.0,0.0
1996-04-26,2.0591299533843994,2.1283440589904785,2.0591299533843994,2.1283440589904785,1.9449270963668823,106914,0.0,0.0
1996-04-29,2.0591299533843994,2.076432943344116,2.0591299533843994,2.076432943344116,1.8974899053573608,52012,0.0,0.0
1996-04-30,2.0245230197906494,2.041826009750366,2.007219076156616,2.0245230197906494,1.8500529527664185,372755,0.0,0.0
1996-05-01,2.007219076156616,2.076432943344116,2.007219076156616,2.076432943344116,1.8974899053573608,260061,0.0,0.0
1996-05-02,2.007219076156616,2.0385820865631104,1.9726120233535767,1.9726120233535767,1.8026158809661865,601031,0.0,0.0
1996-05-03,2.0245230197906494,2.0245230197906494,1.9726120233535767,1.9726120233535767,1.8026158809661865,221052,0.0,0.0
1996-05-06,1.9726120233535767,2.0245230197906494,1.9726120233535767,2.0245230197906494,1.8500529527664185,106914,0.0,0.0
1996-05-07,1.9726120233535767,2.041826009750366,1.9726120233535767,1.9726120233535767,1.8026158809661865,8669,0.0,0.0
1996-05-08,1.9726120233535767,2.041826009750366,1.9726120233535767,2.041826009750366,1.865864872932434,140144,0.0,0.0
1996-05-09,1.9726120233535767,1.9899150133132935,1.9726120233535767,1.9726120233535767,1.8026158809661865,30340,0.0,0.0
1996-05-10,1.9726120233535767,2.041826009750366,1.9726120233535767,1.9726120233535767,1.8026158809661865,196491,0.0,0.0
1996-05-13,2.041826009750366,2.041826009750366,1.9726120233535767,2.041826009750366,1.865864872932434,128586,0.0,0.0
1996-05-14,1.9726120233535767,2.041826009750366,1.9726120233535767,2.041826009750366,1.865864872932434,169040,0.0,0.0
1996-05-15,1.9726120233535767,2.197559118270874,1.9726120233535767,2.1283440589904785,1.9449270963668823,777294,0.0,0.0
1996-05-16,2.0937368869781494,2.1283440589904785,2.0937368869781494,2.1283440589904785,1.9449270963668823,21672,0.0,0.0
1996-05-17,2.0591299533843994,2.1456480026245117,2.0591299533843994,2.102389097213745,1.9212088584899902,741175,0.0,0.0
1996-05-20,2.0937368869781494,2.1629509925842285,2.0937368869781494,2.136996030807495,1.9528331756591797,567801,0.0,0.0
1996-05-21,2.0937368869781494,2.1629509925842285,2.0937368869781494,2.1456480026245117,1.9607397317886353,527347,0.0,0.0
1996-05-22,2.1629509925842285,2.301379919052124,2.1283440589904785,2.249469041824341,2.0556139945983887,692052,0.0,0.0
1996-05-23,2.249469041824341,2.3186841011047363,2.249469041824341,2.2927279472351074,2.095144510269165,875540,0.0,0.0
1996-05-24,2.249469041824341,2.3186841011047363,2.249469041824341,2.3186841011047363,2.118864059448242,43344,0.0,0.0
1996-05-28,2.249469041824341,2.3186841011047363,2.249469041824341,2.3186841011047363,2.118864059448242,1017129,0.0,0.0
1996-05-29,2.249469041824341,2.3100318908691406,2.249469041824341,2.301379919052124,2.103050947189331,1480905,0.0,0.0
1996-05-30,2.249469041824341,2.2840769290924072,2.249469041824341,2.249469041824341,2.0556139945983887,281733,0.0,0.0
1996-05-31,2.2840769290924072,2.2840769290924072,2.249469041824341,2.249469041824341,2.0556139945983887,329411,0.0,0.0
1996-06-03,2.2840769290924072,2.2840769290924072,2.249469041824341,2.2840769290924072,2.0872392654418945,17337,0.0,0.0
1996-06-04,2.249469041824341,2.249469041824341,2.249469041824341,2.249469041824341,2.0556139945983887,86687,0.0,0.0
1996-06-05,2.3186841011047363,2.3186841011047363,2.266772985458374,2.266772985458374,2.0714263916015625,455107,0.0,0.0
1996-06-06,2.266772985458374,2.3878979682922363,2.266772985458374,2.3532910346984863,2.1504883766174316,598141,0.0,0.0
1996-06-07,2.301379919052124,2.3532910346984863,2.266772985458374,2.266772985458374,2.0714263916015625,410319,0.0,0.0
1996-06-10,2.266772985458374,2.2840769290924072,2.1802549362182617,2.197559118270874,2.0081770420074463,388647,0.0,0.0
1996-06-11,2.1802549362182617,2.249469041824341,2.1802549362182617,2.249469041824341,2.0556139945983887,92466,0.0,0.0
1996-06-12,2.232166051864624,2.232166051864624,2.232166051864624,2.232166051864624,2.039801836013794,15893,0.0,0.0
1996-06-13,2.249469041824341,2.249469041824341,2.1456480026245117,2.206209897994995,2.016082525253296,443549,0.0,0.0
1996-06-14,2.1802549362182617,2.249469041824341,2.1802549362182617,2.1802549362182617,1.9923644065856934,1398552,0.0,0.0
1996-06-17,2.1802549362182617,2.2408180236816406,2.1802549362182617,2.214862108230591,2.023988962173462,186377,0.0,0.0
1996-06-18,2.197559118270874,2.249469041824341,2.197559118270874,2.206209897994995,2.016082525253296,193601,0.0,0.0
1996-06-19,2.214862108230591,2.214862108230591,2.1802549362182617,2.1802549362182617,1.9923644065856934,105469,0.0,0.0
1996-06-20,2.197559118270874,2.197559118270874,2.1456480026245117,2.1542999744415283,1.9686460494995117,199380,0.0,0.0
1996-06-21,2.1629509925842285,2.1629509925842285,2.1456480026245117,2.1456480026245117,1.9607397317886353,20227,0.0,0.0
1996-06-24,2.1456480026245117,2.197559118270874,2.1283440589904785,2.197559118270874,2.0081770420074463,258617,0.0,0.0
1996-06-25,2.1326699256896973,2.1326699256896973,2.0591299533843994,2.067781925201416,1.889583945274353,368420,0.0,0.0
1996-06-26,2.0591299533843994,2.067781925201416,2.0591299533843994,2.067781925201416,1.889583945274353,325077,0.0,0.0
1996-06-27,2.0591299533843994,2.0591299533843994,2.0591299533843994,2.0591299533843994,1.8816776275634766,33230,0.0,0.0
1996-06-28,2.0591299533843994,2.076432943344116,2.0591299533843994,2.076432943344116,1.8974899053573608,1431782,0.0,0.0
1996-07-01,2.0591299533843994,2.0634560585021973,2.0591299533843994,2.0634560585021973,1.8856310844421387,553353,0.0,0.0
1996-07-02,2.0591299533843994,2.061292886734009,1.9380040168762207,1.9380040168762207,1.770990252494812,634261,0.0,0.0
1996-07-03,1.9380040168762207,1.9726120233535767,1.9033969640731812,1.955307960510254,1.7868027687072754,1167386,0.0,0.0
1996-07-05,1.9380040168762207,1.9726120233535767,1.9380040168762207,1.9726120233535767,1.8026158809661865,17337,0.0,0.0
1996-07-08,1.9380040168762207,1.9380040168762207,1.8860939741134644,1.8860939741134644,1.7235537767410278,76574,0.0,0.0
1996-07-09,1.8860939741134644,1.8860939741134644,1.7476650476455688,1.8514859676361084,1.6919280290603638,1745300,0.0,0.0
1996-07-10,1.8514859676361084,1.8687900304794312,1.8168790340423584,1.8168790340423584,1.6603037118911743,143034,0.0,0.0
1996-07-11,1.8168790340423584,1.8687900304794312,1.7822719812393188,1.8341829776763916,1.6761162281036377,236945,0.0,0.0
1996-07-12,1.8341829776763916,1.8341829776763916,1.7822719812393188,1.8168790340423584,1.6603037118911743,128586,0.0,0.0
1996-07-15,1.7909239530563354,1.8168790340423584,1.695754051208496,1.730360984802246,1.581241488456726,671825,0.0,0.0
1996-07-16,1.730360984802246,1.730360984802246,1.4708069562911987,1.6611469984054565,1.5179921388626099,846644,0.0,0.0
1996-07-17,1.730360984802246,1.730360984802246,1.6438430547714233,1.730360984802246,1.581241488456726,1073475,0.0,0.0
1996-07-18,1.730360984802246,1.730360984802246,1.6438430547714233,1.7044060230255127,1.557523250579834,541794,0.0,0.0
1996-07-19,1.6784499883651733,1.7476650476455688,1.6784499883651733,1.7130579948425293,1.5654295682907104,238390,0.0,0.0
1996-07-22,1.7130579948425293,1.7130579948425293,1.7130579948425293,1.7130579948425293,1.5654295682907104,106914,0.0,0.0
1996-07-23,1.695754051208496,1.7044060230255127,1.695754051208496,1.695754051208496,1.5496166944503784,265840,0.0,0.0
1996-07-24,1.695754051208496,1.7476650476455688,1.6265389919281006,1.6265389919281006,1.4863665103912354,502785,0.0,0.0
1996-07-25,1.6611469984054565,1.6697980165481567,1.6568210124969482,1.6611469984054565,1.5179921388626099,663156,0.0,0.0
1996-07-26,1.6784499883651733,1.7130579948425293,1.6438430547714233,1.7130579948425293,1.5654295682907104,76574,0.0,0.0
1996-07-29,1.7130579948425293,1.7130579948425293,1.7044060230255127,1.7044060230255127,1.557523250579834,36120,0.0,0.0
1996-07-30,1.730360984802246,1.730360984802246,1.6438430547714233,1.65249502658844,1.5100858211517334,166150,0.0,0.0
1996-07-31,1.6438430547714233,1.730360984802246,1.6438430547714233,1.730360984802246,1.581241488456726,14448,0.0,0.0
1996-08-01,1.730360984802246,1.730360984802246,1.6611469984054565,1.6784499883651733,1.5338040590286255,209494,0.0,0.0
1996-08-02,1.68710196018219,1.7995760440826416,1.68710196018219,1.7995760440826416,1.6444917917251587,300515,0.0,0.0
1996-08-05,1.7995760440826416,1.7995760440826416,1.7995760440826416,1.7995760440826416,1.6444917917251587,1445,0.0,0.0
1996-08-06,1.7995760440826416,1.8168790340423584,1.7130579948425293,1.7995760440826416,1.6444917917251587,405985,0.0,0.0
1996-08-07,1.8168790340423584,1.8514859676361084,1.7822719812393188,1.7995760440826416,1.6444917917251587,476779,0.0,0.0
1996-08-08,1.8168790340423584,1.8168790340423584,1.7865979671478271,1.8168790340423584,1.6603037118911743,115583,0.0,0.0
1996-08-09,1.8168790340423584,1.8514859676361084,1.7822719812393188,1.7822719812393188,1.6286789178848267,369865,0.0,0.0
1996-08-12,1.7822719812393188,1.8687900304794312,1.7822719812393188,1.7952500581741333,1.6405385732650757,166150,0.0,0.0
1996-08-13,1.8687900304794312,1.8687900304794312,1.7822719812393188,1.7865979671478271,1.6326318979263306,73684,0.0,0.0
1996-08-14,1.9033969640731812,2.1110410690307617,1.9033969640731812,1.9380040168762207,1.770990252494812,3989052,0.0,0.0
1996-08-15,1.9726120233535767,2.007219076156616,1.9726120233535767,1.9726120233535767,1.8026158809661865,697831,0.0,0.0
1996-08-16,1.9726120233535767,2.007219076156616,1.9380040168762207,2.007219076156616,1.834240436553955,248503,0.0,0.0
1996-08-19,1.96396005153656,1.9726120233535767,1.9380040168762207,1.96396005153656,1.794709324836731,323632,0.0,0.0
1996-08-20,1.942330002784729,2.007219076156616,1.9380040168762207,2.007219076156616,1.834240436553955,21672,0.0,0.0
1996-08-21,2.007219076156616,2.076432943344116,1.9380040168762207,2.041826009750366,1.865864872932434,179153,0.0,0.0
1996-08-22,2.041826009750366,2.050477981567383,2.041826009750366,2.050477981567383,1.8737714290618896,8669,0.0,0.0
1996-08-23,2.0245230197906494,2.076432943344116,2.007219076156616,2.041826009750366,1.865864872932434,209494,0.0,0.0
1996-08-26,1.9726120233535767,2.007219076156616,1.8687900304794312,1.9380040168762207,1.770990252494812,346748,0.0,0.0
1996-08-27,1.9380040168762207,1.9380040168762207,1.8341829776763916,1.8341829776763916,1.6761162281036377,349638,0.0,0.0
1996-08-28,1.8687900304794312,1.9033969640731812,1.8601380586624146,1.8860939741134644,1.7235537767410278,251393,0.0,0.0
1996-08-29,1.9033969640731812,1.9033969640731812,1.8341829776763916,1.8428349494934082,1.6840226650238037,222497,0.0,0.0
1996-08-30,1.769294023513794,1.8082269430160522,1.769294023513794,1.7995760440826416,1.6444917917251587,53457,0.0,0.0
1996-09-03,1.7649680376052856,1.8687900304794312,1.7649680376052856,1.7649680376052856,1.6128661632537842,26006,0.0,0.0
1996-09-04,1.8341829776763916,1.8341829776763916,1.7044060230255127,1.730360984802246,1.581241488456726,401650,0.0,0.0
1996-09-05,1.695754051208496,1.7044060230255127,1.68710196018219,1.7044060230255127,1.557523250579834,332301,0.0,0.0
1996-09-06,1.6611469984054565,1.7476650476455688,1.6611469984054565,1.68710196018219,1.5417104959487915,179153,0.0,0.0
1996-09-09,1.6784499883651733,1.6784499883651733,1.6092360019683838,1.6784499883651733,1.5338040590286255,525902,0.0,0.0
1996-09-10,1.6438430547714233,1.695754051208496,1.6438430547714233,1.6697980165481567,1.525897741317749,810524,0.0,0.0
1996-09-11,1.65249502658844,1.695754051208496,1.65249502658844,1.6611469984054565,1.5179921388626099,580804,0.0,0.0
1996-09-12,1.6697980165481567,1.6784499883651733,1.6178879737854004,1.6178879737854004,1.4784611463546753,975230,0.0,0.0
1996-09-13,1.695754051208496,1.695754051208496,1.6092360019683838,1.6092360019683838,1.4705548286437988,44788,0.0,0.0
1996-09-16,1.6092360019683838,1.6611469984054565,1.5919320583343506,1.6438430547714233,1.5021793842315674,453663,0.0,0.0
1996-09-17,1.6438430547714233,1.6438430547714233,1.5919320583343506,1.6178879737854004,1.4784611463546753,590917,0.0,0.0
1996-09-18,1.6178879737854004,1.695754051208496,1.6178879737854004,1.6611469984054565,1.5179921388626099,226831,0.0,0.0
1996-09-19,1.695754051208496,1.7736200094223022,1.695754051208496,1.7649680376052856,1.6128661632537842,1641276,0.0,0.0
1996-09-20,1.730360984802246,1.7995760440826416,1.730360984802246,1.730360984802246,1.581241488456726,449328,0.0,0.0
1996-09-23,1.730360984802246,1.730360984802246,1.68710196018219,1.68710196018219,1.5417104959487915,985343,0.0,0.0
1996-09-24,1.68710196018219,1.730360984802246,1.6611469984054565,1.6611469984054565,1.5179921388626099,59236,0.0,0.0
1996-09-25,1.6611469984054565,1.730360984802246,1.6611469984054565,1.6611469984054565,1.5179921388626099,59236,0.0,0.0
1996-09-26,1.6611469984054565,1.674124002456665,1.6438430547714233,1.65249502658844,1.5100858211517334,905880,0.0,0.0
1996-09-27,1.6438430547714233,1.6784499883651733,1.6438430547714233,1.6784499883651733,1.5338040590286255,76574,0.0,0.0
1996-09-30,1.6092360019683838,1.6611469984054565,1.5227179527282715,1.6265389919281006,1.4863665103912354,531681,0.0,0.0
1996-10-01,1.5919320583343506,1.6092360019683838,1.5746289491653442,1.6005840301513672,1.4626485109329224,655932,0.0,0.0
1996-10-02,1.5746289491653442,1.6438430547714233,1.5746289491653442,1.6438430547714233,1.5021793842315674,668936,0.0,0.0
1996-10-03,1.5919320583343506,1.6438430547714233,1.5746289491653442,1.6438430547714233,1.5021793842315674,616923,0.0,0.0
1996-10-04,1.6265389919281006,1.6265389919281006,1.5919320583343506,1.6005840301513672,1.4626485109329224,238390,0.0,0.0
1996-10-07,1.6092360019683838,1.6611469984054565,1.6092360019683838,1.6611469984054565,1.5179921388626099,30340,0.0,0.0
1996-10-08,1.6092360019683838,1.6611469984054565,1.6092360019683838,1.6438430547714233,1.5021793842315674,316408,0.0,0.0
1996-10-09,1.6265389919281006,1.6438430547714233,1.6092360019683838,1.6178879737854004,1.4784611463546753,705055,0.0,0.0
1996-10-10,1.6092360019683838,1.6092360019683838,1.5746289491653442,1.5746289491653442,1.4389299154281616,69350,0.0,0.0
1996-10-11,1.5746289491653442,1.6438430547714233,1.5746289491653442,1.6438430547714233,1.5021793842315674,485448,0.0,0.0
1996-10-14,1.5746289491653442,1.6005840301513672,1.5746289491653442,1.6005840301513672,1.4626485109329224,523012,0.0,0.0
1996-10-15,1.5746289491653442,1.6438430547714233,1.5746289491653442,1.6438430547714233,1.5021793842315674,65015,0.0,0.0
1996-10-16,1.5746289491653442,1.6438430547714233,1.5746289491653442,1.5746289491653442,1.4389299154281616,465221,0.0,0.0
1996-10-17,1.5746289491653442,1.5832799673080444,1.5746289491653442,1.5746289491653442,1.4389299154281616,91021,0.0,0.0
1996-10-18,1.5746289491653442,1.5919320583343506,1.5746289491653442,1.5746289491653442,1.4389299154281616,339525,0.0,0.0
1996-10-21,1.5832799673080444,1.6438430547714233,1.5746289491653442,1.5746289491653442,1.4389299154281616,309184,0.0,0.0
1996-10-22,1.6438430547714233,1.6438430547714233,1.5746289491653442,1.5746289491653442,1.4389299154281616,67905,0.0,0.0
1996-10-23,1.5919320583343506,1.6178879737854004,1.5919320583343506,1.5919320583343506,1.454742193222046,616923,0.0,0.0
1996-10-24,1.5919320583343506,1.6005840301513672,1.5400209426879883,1.557325005531311,1.4231173992156982,1033021,0.0,0.0
1996-10-25,1.5400209426879883,1.557325005531311,1.5400209426879883,1.5486730337142944,1.4152112007141113,377089,0.0,0.0
1996-10-28,1.5400209426879883,1.5400209426879883,1.5227179527282715,1.5227179527282715,1.3914926052093506,41899,0.0,0.0
1996-10-29,1.5746289491653442,1.5746289491653442,1.5400209426879883,1.5486730337142944,1.4152112007141113,60681,0.0,0.0
1996-10-30,1.5400209426879883,1.5919320583343506,1.5400209426879883,1.5400209426879883,1.4073045253753662,50567,0.0,0.0
1996-10-31,1.5400209426879883,1.5400209426879883,1.5400209426879883,1.5400209426879883,1.4073045253753662,10113,0.0,0.0
1996-11-01,1.5400209426879883,1.6438430547714233,1.5400209426879883,1.6438430547714233,1.5021793842315674,260061,0.0,0.0
1996-11-04,1.557325005531311,1.6005840301513672,1.557325005531311,1.6005840301513672,1.4626485109329224,72239,0.0,0.0
1996-11-05,1.5746289491653442,1.6092360019683838,1.5746289491653442,1.5746289491653442,1.4389299154281616,41899,0.0,0.0
1996-11-06,1.6438430547714233,1.68710196018219,1.6092360019683838,1.68710196018219,1.5417104959487915,121362,0.0,0.0
1996-11-07,1.695754051208496,1.8341829776763916,1.695754051208496,1.7476650476455688,1.5970542430877686,942000,0.0,0.0
1996-11-08,1.7736200094223022,1.7995760440826416,1.7476650476455688,1.7649680376052856,1.6128661632537842,177709,0.0,0.0
1996-11-11,1.7649680376052856,1.7736200094223022,1.7476650476455688,1.7606420516967773,1.6089129447937012,258617,0.0,0.0
1996-11-12,1.7476650476455688,1.7736200094223022,1.7476650476455688,1.7476650476455688,1.5970542430877686,108359,0.0,0.0
1996-11-13,1.7476650476455688,1.7822719812393188,1.7476650476455688,1.7822719812393188,1.6286789178848267,82353,0.0,0.0
1996-11-14,1.7822719812393188,1.7822719812393188,1.730360984802246,1.730360984802246,1.581241488456726,1209285,0.0,0.0
1996-11-15,1.730360984802246,1.7736200094223022,1.6092360019683838,1.6611469984054565,1.5179921388626099,866871,0.0,0.0
1996-11-18,1.6784499883651733,1.6784499883651733,1.5746289491653442,1.5746289491653442,1.4389299154281616,1034466,0.0,0.0
1996-11-19,1.5746289491653442,1.6611469984054565,1.5746289491653442,1.5832799673080444,1.4468356370925903,92466,0.0,0.0
1996-11-20,1.6611469984054565,1.6784499883651733,1.5746289491653442,1.6351909637451172,1.4942729473114014,414653,0.0,0.0
1996-11-21,1.6265389919281006,1.7130579948425293,1.6265389919281006,1.7130579948425293,1.5654295682907104,41899,0.0,0.0
1996-11-22,1.6438430547714233,1.7130579948425293,1.6438430547714233,1.7130579948425293,1.5654295682907104,7224,0.0,0.0
1996-11-25,1.6438430547714233,1.8168790340423584,1.6438430547714233,1.730360984802246,1.581241488456726,429101,0.0,0.0
1996-11-26,1.730360984802246,1.8168790340423584,1.730360984802246,1.7822719812393188,1.6286789178848267,215273,0.0,0.0
1996-11-27,1.730360984802246,1.7563170194625854,1.7130579948425293,1.7130579948425293,1.5654295682907104,24561,0.0,0.0
1996-11-29,1.7130579948425293,1.7476650476455688,1.7130579948425293,1.7130579948425293,1.5654295682907104,24561,0.0,0.0
1996-12-02,1.695754051208496,1.7476650476455688,1.6784499883651733,1.6784499883651733,1.5338040590286255,184932,0.0,0.0
1996-12-03,1.6784499883651733,1.730360984802246,1.6784499883651733,1.6784499883651733,1.5338040590286255,145923,0.0,0.0
1996-12-04,1.6914279460906982,1.730360984802246,1.68710196018219,1.730360984802246,1.581241488456726,118472,0.0,0.0
1996-12-05,1.7044060230255127,1.7217090129852295,1.6784499883651733,1.7217090129852295,1.57333505153656,72239,0.0,0.0
1996-12-06,1.6611469984054565,1.68710196018219,1.6611469984054565,1.6697980165481567,1.525897741317749,236945,0.0,0.0
1996-12-09,1.6438430547714233,1.6697980165481567,1.6092360019683838,1.6438430547714233,1.5021793842315674,280288,0.0,0.0
1996-12-10,1.6611469984054565,1.6611469984054565,1.6092360019683838,1.6611469984054565,1.5179921388626099,491227,0.0,0.0
1996-12-11,1.5919320583343506,1.6005840301513672,1.5054140090942383,1.557325005531311,1.4231173992156982,1157273,0.0,0.0
1996-12-12,1.5486730337142944,1.557325005531311,1.5227179527282715,1.5227179527282715,1.3914926052093506,200825,0.0,0.0
1996-12-13,1.5227179527282715,1.5400209426879883,1.5227179527282715,1.5227179527282715,1.3914926052093506,23117,0.0,0.0
1996-12-16,1.5919320583343506,1.5919320583343506,1.4881110191345215,1.5054140090942383,1.3756800889968872,523012,0.0,0.0
1996-12-17,1.5054140090942383,1.5227179527282715,1.4881110191345215,1.5054140090942383,1.3756800889968872,1054693,0.0,0.0
1996-12-18,1.4881110191345215,1.5227179527282715,1.4535030126571655,1.4535030126571655,1.328242540359497,1723629,0.0,0.0
1996-12-19,1.4535030126571655,1.6611469984054565,1.4535030126571655,1.6092360019683838,1.4705548286437988,3337454,0.0,0.0
1996-12-20,1.7130579948425293,1.7130579948425293,1.557325005531311,1.557325005531311,1.4231173992156982,3152521,0.0,0.0
1996-12-23,1.5919320583343506,1.6611469984054565,1.5400209426879883,1.5919320583343506,1.454742193222046,2029923,0.0,0.0
1996-12-24,1.5746289491653442,1.6005840301513672,1.5400209426879883,1.6005840301513672,1.4626485109329224,2879457,0.0,0.0
1996-12-26,1.5400209426879883,1.6265389919281006,1.5400209426879883,1.5919320583343506,1.454742193222046,2444576,0.0,0.0
1996-12-27,1.5919320583343506,1.6351909637451172,1.5746289491653442,1.6178879737854004,1.4784611463546753,2305877,0.0,0.0
1996-12-30,1.5919320583343506,1.695754051208496,1.5919320583343506,1.695754051208496,1.5496166944503784,3492046,0.0,0.0
1996-12-31,1.6611469984054565,1.695754051208496,1.557325005531311,1.6438430547714233,1.5021793842315674,6000193,0.0,0.0
1997-01-02,1.6092360019683838,1.6265389919281006,1.5400209426879883,1.557325005531311,1.4231173992156982,4075739,0.0,0.0
1997-01-03,1.6092360019683838,1.6784499883651733,1.5400209426879883,1.6438430547714233,1.5021793842315674,5365932,0.0,0.0
1997-01-06,1.6438430547714233,1.6784499883651733,1.5832799673080444,1.5919320583343506,1.454742193222046,1688954,0.0,0.0
1997-01-07,1.5919320583343506,1.6784499883651733,1.5919320583343506,1.65249502658844,1.5100858211517334,6383061,0.0,0.0
1997-01-08,1.6265389919281006,1.6611469984054565,1.6265389919281006,1.6265389919281006,1.4863665103912354,5861493,0.0,0.0
1997-01-09,1.5919320583343506,1.6265389919281006,1.5400209426879883,1.557325005531311,1.4231173992156982,1399997,0.0,0.0
1997-01-10,1.5400209426879883,1.5746289491653442,1.5313700437545776,1.5400209426879883,1.4073045253753662,1973576,0.0,0.0
1997-01-13,1.5400209426879883,1.557325005531311,1.5313700437545776,1.5400209426879883,1.4073045253753662,4247668,0.0,0.0
1997-01-14,1.5313700437545776,1.557325005531311,1.5313700437545776,1.53569495677948,1.4033513069152832,1126932,0.0,0.0
1997-01-15,1.5313700437545776,1.557325005531311,1.4362000226974487,1.4362000226974487,1.312430739402771,3415472,0.0,0.0
1997-01-16,1.4448519945144653,1.5227179527282715,1.4448519945144653,1.5227179527282715,1.3914926052093506,38663895,0.0,0.0
1997-01-17,1.4794590473175049,1.5227179527282715,1.4621549844741821,1.4621549844741821,1.336148977279663,2155619,0.0,0.0
1997-01-20,1.4967620372772217,1.5054140090942383,1.4621549844741821,1.4708069562911987,1.3440552949905396,1517024,0.0,0.0
1997-01-21,1.4621549844741821,1.5140659809112549,1.4621549844741821,1.5054140090942383,1.3756800889968872,3405359,0.0,0.0
1997-01-22,1.5227179527282715,1.557325005531311,1.4967620372772217,1.5140659809112549,1.3835862874984741,1849325,0.0,0.0
1997-01-23,1.5140659809112549,1.5400209426879883,1.4881110191345215,1.4881110191345215,1.3598681688308716,1902782,0.0,0.0
1997-01-24,1.4881110191345215,1.5400209426879883,1.418895959854126,1.4621549844741821,1.336148977279663,1697623,0.0,0.0
1997-01-27,1.4621549844741821,1.4881110191345215,1.4015929698944092,1.4015929698944092,1.280806064605713,913104,0.0,0.0
1997-01-28,1.4102439880371094,1.4535030126571655,1.4102439880371094,1.418895959854126,1.296618103981018,2850561,0.0,0.0
1997-01-29,1.418895959854126,1.4448519945144653,1.4015929698944092,1.418895959854126,1.296618103981018,1729408,0.0,0.0
1997-01-30,1.418895959854126,1.4448519945144653,1.4015929698944092,1.4102439880371094,1.2887115478515625,767181,0.0,0.0
1997-01-31,1.384289026260376,1.418895959854126,1.384289026260376,1.4015929698944092,1.280806064605713,3458816,0.0,0.0
1997-02-03,1.3929409980773926,1.418895959854126,1.3929409980773926,1.418895959854126,1.296618103981018,1119708,0.0,0.0
1997-02-04,1.3929409980773926,1.4535030126571655,1.3929409980773926,1.4535030126571655,1.328242540359497,1800202,0.0,0.0
1997-02-05,1.4708069562911987,1.5227179527282715,1.4535030126571655,1.4881110191345215,1.3598681688308716,4360361,0.0,0.0
1997-02-06,1.5054140090942383,1.5054140090942383,1.4015929698944092,1.4102439880371094,1.2887115478515625,3211757,0.0,0.0
1997-02-07,1.4275480508804321,1.4275480508804321,1.384289026260376,1.3929409980773926,1.2728997468948364,1946126,0.0,0.0
1997-02-10,1.384289026260376,1.4881110191345215,1.384289026260376,1.4448519945144653,1.320337176322937,2048705,0.0,0.0
1997-02-11,1.4448519945144653,1.4881110191345215,1.4448519945144653,1.4881110191345215,1.3598681688308716,5832598,0.0,0.0
1997-02-12,1.4794590473175049,1.557325005531311,1.4794590473175049,1.5313700437545776,1.3993992805480957,2259644,0.0,0.0
1997-02-13,1.5313700437545776,1.5746289491653442,1.5313700437545776,1.5313700437545776,1.3993992805480957,1381215,0.0,0.0
1997-02-14,1.5313700437545776,1.557325005531311,1.4794590473175049,1.4967620372772217,1.3677737712860107,1168831,0.0,0.0
1997-02-18,1.5054140090942383,1.5054140090942383,1.4708069562911987,1.4881110191345215,1.3598681688308716,768626,0.0,0.0
1997-02-19,1.4881110191345215,1.5054140090942383,1.4708069562911987,1.4924360513687134,1.3638204336166382,861092,0.0,0.0
1997-02-20,1.5140659809112549,1.557325005531311,1.4881110191345215,1.5227179527282715,1.3914926052093506,4127751,0.0,0.0
1997-02-21,1.5227179527282715,1.578955054283142,1.5227179527282715,1.5659769773483276,1.4310235977172852,3440033,0.0,0.0
1997-02-24,1.557325005531311,1.7476650476455688,1.557325005531311,1.7217090129852295,1.57333505153656,5870162,0.0,0.0
1997-02-25,1.7476650476455688,1.8341829776763916,1.7390129566192627,1.8082269430160522,1.6523969173431396,6664794,0.0,0.0
1997-02-26,1.7995760440826416,1.8082269430160522,1.7044060230255127,1.8082269430160522,1.6523969173431396,6062318,0.0,0.0
1997-02-27,1.7909239530563354,1.8168790340423584,1.7649680376052856,1.7995760440826416,1.6444917917251587,2047261,0.0,0.0
1997-02-28,1.7736200094223022,1.8082269430160522,1.7649680376052856,1.7822719812393188,1.6286789178848267,4845809,0.0,0.0
1997-03-03,1.7822719812393188,2.007219076156616,1.7822719812393188,1.96396005153656,1.794709324836731,4844365,0.0,0.0
1997-03-04,1.96396005153656,2.0331740379333496,1.920701026916504,1.9293529987335205,1.7630846500396729,9018349,0.0,0.0
1997-03-05,1.96396005153656,2.007219076156616,1.9293529987335205,1.9466559886932373,1.7788965702056885,12257557,0.0,0.0
1997-03-06,1.955307960510254,1.955307960510254,1.9033969640731812,1.9293529987335205,1.7630846500396729,2379561,0.0,0.0
1997-03-07,1.9466559886932373,1.955307960510254,1.9033969640731812,1.9033969640731812,1.7393653392791748,1259853,0.0,0.0
1997-03-10,1.9033969640731812,1.9380040168762207,1.8860939741134644,1.9033969640731812,1.7393653392791748,478224,0.0,0.0
1997-03-11,1.9033969640731812,1.9466559886932373,1.8860939741134644,1.9380040168762207,1.770990252494812,2865009,0.0,0.0
1997-03-12,1.9120490550994873,1.9466559886932373,1.9033969640731812,1.920701026916504,1.7551783323287964,4617533,0.0,0.0
1997-03-13,1.9293529987335205,1.9293529987335205,1.8860939741134644,1.9120490550994873,1.7472718954086304,3039828,0.0,0.0
1997-03-14,1.9120490550994873,1.9293529987335205,1.9120490550994873,1.9120490550994873,1.7472718954086304,801856,0.0,0.0
1997-03-17,1.920701026916504,1.9293529987335205,1.8947449922561646,1.9120490550994873,1.7472718954086304,956448,0.0,0.0
1997-03-18,1.9293529987335205,1.9293529987335205,1.8860939741134644,1.9033969640731812,1.7393653392791748,2609282,0.0,0.0
1997-03-19,1.9033969640731812,1.9120490550994873,1.7649680376052856,1.7649680376052856,1.6128661632537842,1908561,0.0,0.0
1997-03-20,1.7736200094223022,1.7909239530563354,1.6611469984054565,1.6784499883651733,1.5338040590286255,3373573,0.0,0.0
1997-03-21,1.68710196018219,1.695754051208496,1.6265389919281006,1.65249502658844,1.5100858211517334,2804328,0.0,0.0
1997-03-24,1.65249502658844,1.6611469984054565,1.6005840301513672,1.6265389919281006,1.4863665103912354,689163,0.0,0.0
1997-03-25,1.6092360019683838,1.6265389919281006,1.5054140090942383,1.5746289491653442,1.4389299154281616,5990079,0.0,0.0
1997-03-26,1.5919320583343506,1.6005840301513672,1.5659769773483276,1.5919320583343506,1.454742193222046,2765319,0.0,0.0
1997-03-27,1.5746289491653442,1.6005840301513672,1.5746289491653442,1.5876059532165527,1.4507888555526733,4964282,0.0,0.0
1997-03-31,1.5832799673080444,1.7649680376052856,1.557325005531311,1.7563170194625854,1.604960560798645,17083139,0.0,0.0
1997-04-01,1.730360984802246,1.8514859676361084,1.730360984802246,1.7909239530563354,1.6365852355957031,5189668,0.0,0.0
1997-04-02,1.8082269430160522,1.8082269430160522,1.6784499883651733,1.7779459953308105,1.624725580215454,2250975,0.0,0.0
1997-04-03,1.7822719812393188,1.7822719812393188,1.7476650476455688,1.7649680376052856,1.6128661632537842,1527138,0.0,0.0
1997-04-04,1.7649680376052856,1.7995760440826416,1.7476650476455688,1.7476650476455688,1.5970542430877686,2029923,0.0,0.0
1997-04-07,1.7822719812393188,1.7822719812393188,1.7130579948425293,1.7130579948425293,1.5654295682907104,986788,0.0,0.0
1997-04-08,1.730360984802246,1.7390129566192627,1.5659769773483276,1.5832799673080444,1.4468356370925903,7002873,0.0,0.0
1997-04-09,1.6265389919281006,1.7130579948425293,1.5919320583343506,1.7130579948425293,1.5654295682907104,3965935,0.0,0.0
1997-04-10,1.695754051208496,1.7130579948425293,1.6611469984054565,1.6784499883651733,1.5338040590286255,595251,0.0,0.0
1997-04-11,1.6611469984054565,1.68710196018219,1.6438430547714233,1.6697980165481567,1.525897741317749,332301,0.0,0.0
1997-04-14,1.65249502658844,1.68710196018219,1.6438430547714233,1.6784499883651733,1.5338040590286255,1323423,0.0,0.0
1997-04-15,1.695754051208496,1.730360984802246,1.68710196018219,1.7044060230255127,1.557523250579834,1990914,0.0,0.0
1997-04-16,1.7044060230255127,1.730360984802246,1.7044060230255127,1.7044060230255127,1.557523250579834,1230957,0.0,0.0
1997-04-17,1.7130579948425293,1.7217090129852295,1.7044060230255127,1.7044060230255127,1.557523250579834,2106497,0.0,0.0
1997-04-18,1.7044060230255127,1.730360984802246,1.7044060230255127,1.7044060230255127,1.557523250579834,736840,0.0,0.0
1997-04-21,1.7044060230255127,1.7476650476455688,1.6697980165481567,1.6784499883651733,1.5338040590286255,1872442,0.0,0.0
1997-04-22,1.6697980165481567,1.7044060230255127,1.6611469984054565,1.6697980165481567,1.525897741317749,797521,0.0,0.0
1997-04-23,1.6611469984054565,1.695754051208496,1.6611469984054565,1.6611469984054565,1.5179921388626099,3856131,0.0,0.0
1997-04-24,1.6611469984054565,1.6697980165481567,1.6265389919281006,1.6265389919281006,1.4863665103912354,725282,0.0,0.0
1997-04-25,1.6265389919281006,1.6351909637451172,1.6092360019683838,1.6092360019683838,1.4705548286437988,330856,0.0,0.0
1997-04-28,1.6092360019683838,1.6092360019683838,1.5746289491653442,1.5919320583343506,1.454742193222046,2337662,0.0,0.0
1997-04-29,1.5919320583343506,1.6092360019683838,1.5746289491653442,1.5919320583343506,1.454742193222046,1824764,0.0,0.0
1997-04-30,1.5876059532165527,1.6351909637451172,1.5400209426879883,1.6265389919281006,1.4863665103912354,1158718,0.0,0.0
1997-05-01,1.6351909637451172,1.7044060230255127,1.6265389919281006,1.6784499883651733,1.5338040590286255,1417334,0.0,0.0
1997-05-02,1.6784499883651733,1.730360984802246,1.6784499883651733,1.730360984802246,1.581241488456726,1977911,0.0,0.0
1997-05-05,1.7736200094223022,1.8860939741134644,1.7476650476455688,1.825531005859375,1.6682097911834717,7070778,0.0,0.0
1997-05-06,1.825531005859375,1.8428349494934082,1.7822719812393188,1.8082269430160522,1.6523969173431396,4932496,0.0,0.0
1997-05-07,1.7822719812393188,1.8082269430160522,1.7736200094223022,1.7822719812393188,1.6286789178848267,1475126,0.0,0.0
1997-05-08,1.7736200094223022,1.7822719812393188,1.7649680376052856,1.7649680376052856,1.6128661632537842,2067488,0.0,0.0
1997-05-09,1.7649680376052856,1.7822719812393188,1.7476650476455688,1.7476650476455688,1.5970542430877686,650153,0.0,0.0
1997-05-12,1.7822719812393188,1.7822719812393188,1.7130579948425293,1.7476650476455688,1.5970542430877686,1986580,0.0,0.0
1997-05-13,1.730360984802246,1.7822719812393188,1.730360984802246,1.7563170194625854,1.604960560798645,1998138,0.0,0.0
1997-05-14,1.7822719812393188,1.7909239530563354,1.7476650476455688,1.7822719812393188,1.6286789178848267,501340,0.0,0.0
1997-05-15,1.7822719812393188,1.8082269430160522,1.7649680376052856,1.7995760440826416,1.6444917917251587,1648500,0.0,0.0
1997-05-16,1.7995760440826416,1.8082269430160522,1.7822719812393188,1.7995760440826416,1.6444917917251587,1190503,0.0,0.0
1997-05-19,1.7822719812393188,1.8687900304794312,1.7822719812393188,1.8687900304794312,1.7077410221099854,996902,0.0,0.0
1997-05-20,1.920701026916504,2.102389097213745,1.9033969640731812,2.076432943344116,1.8974899053573608,18559710,0.0,0.0
1997-05-21,2.0937368869781494,2.136996030807495,2.0591299533843994,2.1110410690307617,1.9291150569915771,13284799,0.0,0.0
1997-05-22,2.1110410690307617,2.171602964401245,2.067781925201416,2.1542999744415283,1.9686460494995117,4082963,0.0,0.0
1997-05-23,2.1802549362182617,2.232166051864624,2.1283440589904785,2.214862108230591,2.023988962173462,3650972,0.0,0.0
1997-05-27,2.197559118270874,2.214862108230591,2.175929069519043,2.1889069080352783,2.0002706050872803,4348803,0.0,0.0
1997-05-28,2.197559118270874,2.197559118270874,2.1542999744415283,2.171602964401245,1.984458088874817,2878012,0.0,0.0
1997-05-29,2.171602964401245,2.1889069080352783,2.1629509925842285,2.1802549362182617,1.9923644065856934,1044580,0.0,0.0
1997-05-30,2.1456480026245117,2.1629509925842285,2.1110410690307617,2.119692087173462,1.9370207786560059,4829917,0.0,0.0
1997-06-02,2.1110410690307617,2.119692087173462,2.085084915161133,2.1110410690307617,1.9291150569915771,1569037,0.0,0.0
1997-06-03,2.076432943344116,2.085084915161133,2.0591299533843994,2.067781925201416,1.889583945274353,2904018,0.0,0.0
1997-06-04,2.085084915161133,2.085084915161133,2.067781925201416,2.067781925201416,1.889583945274353,310629,0.0,0.0
1997-06-05,2.067781925201416,2.119692087173462,2.067781925201416,2.1110410690307617,1.9291150569915771,1337871,0.0,0.0
1997-06-06,2.0937368869781494,2.232166051864624,2.0937368869781494,2.214862108230591,2.023988962173462,2141172,0.0,0.0
1997-06-09,2.2408180236816406,2.301379919052124,2.197559118270874,2.214862108230591,2.023988962173462,3012377,0.0,0.0
1997-06-10,2.197559118270874,2.2235140800476074,2.197559118270874,2.2235140800476074,2.031895399093628,3661085,0.0,0.0
1997-06-11,2.214862108230591,2.3705949783325195,2.214862108230591,2.361943006515503,2.1583950519561768,4998957,0.0,0.0
1997-06-12,2.3359880447387695,2.3532910346984863,2.214862108230591,2.232166051864624,2.039801836013794,6104217,0.0,0.0
1997-06-13,2.2235140800476074,2.2581210136413574,2.2235140800476074,2.232166051864624,2.039801836013794,6128778,0.0,0.0
1997-06-16,2.232166051864624,2.2840769290924072,2.214862108230591,2.232166051864624,2.039801836013794,6260254,0.0,0.0
1997-06-17,2.2235140800476074,2.2408180236816406,2.1456480026245117,2.175929069519043,1.9884110689163208,2103607,0.0,0.0
1997-06-18,2.1629509925842285,2.1802549362182617,2.136996030807495,2.1802549362182617,1.9923644065856934,1427448,0.0,0.0
1997-06-19,2.1889069080352783,2.1889069080352783,2.1542999744415283,2.1889069080352783,2.0002706050872803,1467902,0.0,0.0
1997-06-20,2.1802549362182617,2.266772985458374,2.171602964401245,2.249469041824341,2.0556139945983887,4175429,0.0,0.0
1997-06-23,2.301379919052124,2.3186841011047363,2.2408180236816406,2.2408180236816406,2.0477077960968018,3298444,0.0,0.0
1997-06-24,2.266772985458374,2.2840769290924072,2.1456480026245117,2.1456480026245117,1.9607397317886353,2580386,0.0,0.0
1997-06-25,2.1542999744415283,2.1802549362182617,2.0937368869781494,2.115365982055664,1.9330675601959229,2118055,0.0,0.0
1997-06-26,2.1110410690307617,2.1456480026245117,2.1110410690307617,2.1283440589904785,1.9449270963668823,897212,0.0,0.0
1997-06-27,2.1283440589904785,2.1542999744415283,2.119692087173462,2.136996030807495,1.9528331756591797,1723629,0.0,0.0
1997-06-30,2.1456480026245117,2.1629509925842285,2.119692087173462,2.1629509925842285,1.9765517711639404,2243751,0.0,0.0
1997-07-01,2.171602964401245,2.2235140800476074,2.1629509925842285,2.214862108230591,2.023988962173462,13721124,0.0,0.0
1997-07-02,2.214862108230591,2.2408180236816406,2.206209897994995,2.227839946746826,2.035848617553711,9122373,0.0,0.0
1997-07-03,2.2235140800476074,2.2754249572753906,2.2235140800476074,2.2754249572753906,2.0793325901031494,3484822,0.0,0.0
1997-07-07,2.249469041824341,2.3186841011047363,2.249469041824341,2.301379919052124,2.103050947189331,4116193,0.0,0.0
1997-07-08,2.2927279472351074,2.301379919052124,2.2451438903808594,2.271099090576172,2.0753796100616455,4825582,0.0,0.0
1997-07-09,2.249469041824341,2.266772985458374,2.2408180236816406,2.2408180236816406,2.0477077960968018,1373991,0.0,0.0
1997-07-10,2.2408180236816406,2.249469041824341,2.206209897994995,2.210536003112793,2.020035982131958,1014239,0.0,0.0
1997-07-11,2.206209897994995,2.232166051864624,2.1542999744415283,2.1542999744415283,1.9686460494995117,4421042,0.0,0.0
1997-07-14,2.1889069080352783,2.1889069080352783,2.1283440589904785,2.1542999744415283,1.9686460494995117,1199172,0.0,0.0
1997-07-15,2.1283440589904785,2.171602964401245,2.119692087173462,2.1629509925842285,1.9765517711639404,5893279,0.0,0.0
1997-07-16,2.171602964401245,2.3186841011047363,2.1456480026245117,2.305706024169922,2.107003927230835,7819177,0.0,0.0
1997-07-17,2.327336072921753,2.327336072921753,2.1629509925842285,2.266772985458374,2.0714263916015625,6546321,0.0,0.0
1997-07-18,2.266772985458374,2.3359880447387695,2.266772985458374,2.3186841011047363,2.118864059448242,2997929,0.0,0.0
1997-07-21,2.327336072921753,2.327336072921753,2.2754249572753906,2.2927279472351074,2.095144510269165,4749009,0.0,0.0
1997-07-22,2.2927279472351074,2.3446390628814697,2.2927279472351074,2.3100318908691406,2.110957384109497,7391521,0.0,0.0
1997-07-23,2.3359880447387695,2.3359880447387695,2.2840769290924072,2.2970540523529053,2.099097967147827,6856950,0.0,0.0
1997-07-24,2.2754249572753906,2.4657649993896484,2.266772985458374,2.4398090839385986,2.22955060005188,3325895,0.0,0.0
1997-07-25,2.4744160175323486,2.5695860385894775,2.457113027572632,2.5393049716949463,2.320472240447998,16669931,0.0,0.0
1997-07-28,2.543631076812744,2.543631076812744,2.457113027572632,2.4830679893493652,2.2690815925598145,7770054,0.0,0.0
1997-07-29,2.4744160175323486,2.5003719329833984,2.457113027572632,2.4657649993896484,2.253269910812378,1308975,0.0,0.0
1997-07-30,2.4657649993896484,2.509023904800415,2.457113027572632,2.491719961166382,2.2769880294799805,3802674,0.0,0.0
1997-07-31,2.4830679893493652,2.4830679893493652,2.3878979682922363,2.422506093978882,2.2137386798858643,9509576,0.0,0.0
1997-08-01,2.4052019119262695,2.413853883743286,2.3359880447387695,2.3489649295806885,2.1465353965759277,7280272,0.0,0.0
1997-08-04,2.3446390628814697,2.396549940109253,2.340312957763672,2.3835721015930176,2.1781599521636963,3376463,0.0,0.0
1997-08-05,2.3705949783325195,2.4052019119262695,2.3532910346984863,2.361943006515503,2.1583950519561768,3632190,0.0,0.0
1997-08-06,2.3359880447387695,2.361943006515503,2.3359880447387695,2.361943006515503,2.1583950519561768,3120736,0.0,0.0
1997-08-07,2.3446390628814697,2.3705949783325195,2.2927279472351074,2.2927279472351074,2.095144510269165,5529193,0.0,0.0
1997-08-08,2.266772985458374,2.2927279472351074,2.119692087173462,2.2235140800476074,2.031895399093628,2477806,0.0,0.0
1997-08-11,2.232166051864624,2.266772985458374,2.2235140800476074,2.2408180236816406,2.0477077960968018,5107315,0.0,0.0
1997-08-12,2.2364919185638428,2.2451438903808594,2.1456480026245117,2.1542999744415283,1.9686460494995117,2672852,0.0,0.0
1997-08-13,2.206209897994995,2.249469041824341,2.1802549362182617,2.214862108230591,2.023988962173462,6773153,0.0,0.0
1997-08-14,2.206209897994995,2.2235140800476074,2.197559118270874,2.214862108230591,2.023988962173462,184932,0.0,0.0
1997-08-15,2.214862108230591,2.2408180236816406,2.1889069080352783,2.232166051864624,2.039801836013794,2758095,0.0,0.0
1997-08-18,2.2235140800476074,2.249469041824341,2.2235140800476074,2.2364919185638428,2.043754816055298,5756024,0.0,0.0
1997-08-19,2.249469041824341,2.249469041824341,2.214862108230591,2.232166051864624,2.039801836013794,245613,0.0,0.0
1997-08-20,2.2235140800476074,2.379246950149536,2.2235140800476074,2.379246950149536,2.1742072105407715,1665837,0.0,0.0
1997-08-21,2.3532910346984863,2.379246950149536,2.3446390628814697,2.3532910346984863,2.1504883766174316,1774196,0.0,0.0
1997-08-22,2.3359880447387695,2.3359880447387695,2.2581210136413574,2.2840769290924072,2.0872392654418945,924662,0.0,0.0
1997-08-25,2.3186841011047363,2.3186841011047363,2.2754249572753906,2.2840769290924072,2.0872392654418945,288957,0.0,0.0
1997-08-26,2.2840769290924072,2.3100318908691406,2.2840769290924072,2.288403034210205,2.0911924839019775,439215,0.0,0.0
1997-08-27,2.3100318908691406,2.3186841011047363,2.266772985458374,2.2927279472351074,2.095144510269165,609699,0.0,0.0
1997-08-28,2.2840769290924072,2.2927279472351074,2.2581210136413574,2.2840769290924072,2.0872392654418945,313518,0.0,0.0
1997-08-29,2.266772985458374,2.2927279472351074,2.266772985458374,2.2840769290924072,2.0872392654418945,109804,0.0,0.0
1997-09-02,2.266772985458374,2.3878979682922363,2.2581210136413574,2.3532910346984863,2.1504883766174316,1817540,0.0,0.0
1997-09-03,2.361943006515503,2.4052019119262695,2.2927279472351074,2.301379919052124,2.103050947189331,1291638,0.0,0.0
1997-09-04,2.2927279472351074,2.3100318908691406,2.266772985458374,2.2840769290924072,2.0872392654418945,3136628,0.0,0.0
1997-09-05,2.2840769290924072,2.4830679893493652,2.2840769290924072,2.4690089225769043,2.2562339305877686,4998957,0.0,0.0
1997-09-08,2.452786922454834,2.452786922454834,2.3532910346984863,2.3705949783325195,2.1663010120391846,1792978,0.0,0.0
1997-09-09,2.396549940109253,2.509023904800415,2.361943006515503,2.5003719329833984,2.2848942279815674,7655916,0.0,0.0
1997-09-10,2.4830679893493652,2.638801097869873,2.4830679893493652,2.6258230209350586,2.399534225463867,12040839,0.0,0.0
1997-09-11,2.612844944000244,2.638801097869873,2.543631076812744,2.6301488876342773,2.403487205505371,7228260,0.0,0.0
1997-09-12,2.6214969158172607,2.6301488876342773,2.543631076812744,2.617171049118042,2.391627788543701,2852006,0.0,0.0
1997-09-15,2.5955419540405273,2.612844944000244,2.543631076812744,2.547956943511963,2.328378200531006,1379770,0.0,0.0
1997-09-16,2.560934066772461,2.6214969158172607,2.4830679893493652,2.612844944000244,2.387674570083618,5439616,0.0,0.0
1997-09-17,2.5955419540405273,2.6820600032806396,2.578238010406494,2.6647560596466064,2.4351119995117188,7999775,0.0,0.0
1997-09-18,2.65610408782959,2.8464438915252686,2.6301488876342773,2.733971118927002,2.4983623027801514,11015042,0.0,0.0
1997-09-19,2.7253189086914062,2.768578052520752,2.7253189086914062,2.7599260807037354,2.522080183029175,3494935,0.0,0.0
1997-09-22,2.742621898651123,2.768578052520752,2.742621898651123,2.764251947402954,2.526033639907837,5341371,0.0,0.0
1997-09-23,2.7599260807037354,2.833466053009033,2.742621898651123,2.803184986114502,2.5616114139556885,2992150,0.0,0.0
1997-09-24,2.7858810424804688,2.7945330142974854,2.733971118927002,2.7382960319519043,2.502314567565918,2730644,0.0,0.0
1997-09-25,2.7166669368743896,2.7166669368743896,2.6474530696868896,2.673408031463623,2.443018674850464,6235693,0.0,0.0
1997-09-26,2.673408031463623,2.6993629932403564,2.65610408782959,2.673408031463623,2.443018674850464,3662530,0.0,0.0
1997-09-29,2.6647560596466064,2.6993629932403564,2.6474530696868896,2.6820600032806396,2.4509243965148926,713724,0.0,0.0
1997-09-30,2.6993629932403564,2.8291399478912354,2.6820600032806396,2.8118369579315186,2.5695176124572754,8512674,0.0,0.0
1997-10-01,2.7858810424804688,2.8161630630493164,2.7512741088867188,2.7772300243377686,2.537893056869507,13318029,0.0,0.0
1997-10-02,2.7772300243377686,2.779392957687378,2.7253189086914062,2.7253189086914062,2.4904556274414062,2448911,0.0,0.0
1997-10-03,2.7253189086914062,2.7772300243377686,2.7166669368743896,2.742621898651123,2.5062673091888428,13491403,0.0,0.0
1997-10-06,2.733971118927002,2.7858810424804688,2.7253189086914062,2.733971118927002,2.4983623027801514,4016503,0.0,0.0
1997-10-07,2.7253189086914062,2.768578052520752,2.7166669368743896,2.768578052520752,2.5299863815307617,6349831,0.0,0.0
1997-10-08,2.733971118927002,2.7512741088867188,2.6993629932403564,2.6993629932403564,2.4667365550994873,3692871,0.0,0.0
1997-10-09,2.6993629932403564,2.7166669368743896,2.6863861083984375,2.6907119750976562,2.4588310718536377,6676352,0.0,0.0
1997-10-10,2.6820600032806396,2.768578052520752,2.6820600032806396,2.7555999755859375,2.518126964569092,3418362,0.0,0.0
1997-10-13,2.742621898651123,2.8291399478912354,2.742621898651123,2.8075110912323,2.5655643939971924,1647055,0.0,0.0
1997-10-14,2.7858810424804688,2.803184986114502,2.7512741088867188,2.7512741088867188,2.514174222946167,2201853,0.0,0.0
1997-10-15,2.7512741088867188,2.768578052520752,2.543631076812744,2.65610408782959,2.427205801010132,10558490,0.0,0.0
1997-10-16,2.65610408782959,2.6820600032806396,2.612844944000244,2.6301488876342773,2.403487205505371,3794006,0.0,0.0
1997-10-17,2.6301488876342773,2.7599260807037354,2.6214969158172607,2.673408031463623,2.443018674850464,8135585,0.0,0.0
1997-10-20,2.9416139125823975,3.0713911056518555,2.837791919708252,2.898355007171631,2.6485795974731445,31949978,0.0,0.0
1997-10-21,2.9762210845947266,3.054086923599243,2.9416139125823975,3.054086923599243,2.790890693664551,14947747,0.0,0.0
1997-10-22,3.1059980392456055,3.3222930431365967,3.0713911056518555,3.2530789375305176,2.972733974456787,13133097,0.0,0.0
1997-10-23,3.1665608882904053,3.2011680603027344,3.054086923599243,3.084368944168091,2.818563222885132,10145281,0.0,0.0
1997-10-24,3.114650011062622,3.114650011062622,2.950265884399414,2.984873056411743,2.7276418209075928,2753760,0.0,0.0
1997-10-27,2.9762210845947266,3.0021770000457764,2.7166669368743896,2.7512741088867188,2.514174222946167,4711444,0.0,0.0
1997-10-28,2.612844944000244,2.9762210845947266,2.612844944000244,2.8118369579315186,2.5695176124572754,5695343,0.0,0.0
1997-10-29,2.837791919708252,2.872399091720581,2.733971118927002,2.803184986114502,2.5616114139556885,3685647,0.0,0.0
1997-10-30,2.768578052520752,2.8550961017608643,2.733971118927002,2.768578052520752,2.5299863815307617,2080491,0.0,0.0
1997-10-31,2.837791919708252,2.870237112045288,2.742621898651123,2.768578052520752,2.5299863815307617,9535582,0.0,0.0
1997-11-03,2.820488929748535,2.820488929748535,2.768578052520752,2.7858810424804688,2.5457987785339355,8885428,0.0,0.0
1997-11-04,2.7858810424804688,2.8464438915252686,2.768578052520752,2.7945330142974854,2.5537049770355225,5059637,0.0,0.0
1997-11-05,2.7945330142974854,2.7945330142974854,2.673408031463623,2.7599260807037354,2.522080183029175,7515772,0.0,0.0
1997-11-06,2.733971118927002,2.7772300243377686,2.7166669368743896,2.742621898651123,2.5062673091888428,2857785,0.0,0.0
1997-11-07,2.6993629932403564,2.742621898651123,2.6214969158172607,2.6301488876342773,2.403487205505371,6294929,0.0,0.0
1997-11-10,2.6301488876342773,2.7512741088867188,2.5955419540405273,2.612844944000244,2.387674570083618,4016503,0.0,0.0
1997-11-11,2.612844944000244,2.6907119750976562,2.578238010406494,2.65610408782959,2.427205801010132,8397091,0.0,0.0
1997-11-12,2.612844944000244,2.6820600032806396,2.5955419540405273,2.6214969158172607,2.395580768585205,5899058,0.0,0.0
1997-11-13,2.6647560596466064,2.6820600032806396,2.612844944000244,2.6301488876342773,2.403487205505371,6607002,0.0,0.0
1997-11-14,2.638801097869873,2.6647560596466064,2.612844944000244,2.65610408782959,2.427205801010132,6070987,0.0,0.0
1997-11-17,2.65610408782959,2.803184986114502,2.65610408782959,2.7729039192199707,2.5339395999908447,5653444,0.0,0.0
1997-11-18,2.7599260807037354,2.7815558910369873,2.6993629932403564,2.7166669368743896,2.4825491905212402,4910825,0.0,0.0
1997-11-19,2.6993629932403564,2.733971118927002,2.6907119750976562,2.7166669368743896,2.4825491905212402,1099481,0.0,0.0
1997-11-20,2.6993629932403564,2.7772300243377686,2.6993629932403564,2.7772300243377686,2.537893056869507,4416708,0.0,0.0
1997-11-21,2.7945330142974854,2.8464438915252686,2.7599260807037354,2.8118369579315186,2.5695176124572754,8937441,0.0,0.0
1997-11-24,2.8118369579315186,2.9762210845947266,2.8118369579315186,2.963243007659912,2.707875967025757,6648901,0.0,0.0
1997-11-25,3.045435905456543,3.114650011062622,3.0108280181884766,3.0627388954162598,2.798797369003296,19121731,0.0,0.0
1997-11-26,3.1059980392456055,3.114650011062622,3.054086923599243,3.080043077468872,2.814610242843628,705055,0.0,0.0
1997-11-28,3.0627388954162598,3.114650011062622,3.0627388954162598,3.0886950492858887,2.822516679763794,726727,0.0,0.0
1997-12-01,3.0713911056518555,3.097346067428589,3.0367839336395264,3.080043077468872,2.814610242843628,952113,0.0,0.0
1997-12-02,3.045435905456543,3.1059980392456055,3.045435905456543,3.0627388954162598,2.798797369003296,1722184,0.0,0.0
1997-12-03,3.114650011062622,3.1406049728393555,3.0713911056518555,3.1319539546966553,2.8620471954345703,1746745,0.0,0.0
1997-12-04,3.114650011062622,3.149256944656372,3.114650011062622,3.114650011062622,2.8462347984313965,1295972,0.0,0.0
1997-12-05,3.080043077468872,3.2530789375305176,3.080043077468872,3.1968419551849365,2.9213433265686035,4809690,0.0,0.0
1997-12-08,3.2530789375305176,3.2530789375305176,3.175213098526001,3.183864116668701,2.909484386444092,2170067,0.0,0.0
1997-12-09,3.175213098526001,3.2357749938964844,3.1665608882904053,3.2011680603027344,2.9252970218658447,2178736,0.0,0.0
1997-12-10,3.183864116668701,3.2357749938964844,3.149256944656372,3.149256944656372,2.877859115600586,2917021,0.0,0.0
1997-12-11,3.114650011062622,3.183864116668701,3.045435905456543,3.097346067428589,2.8304224014282227,2633843,0.0,0.0
1997-12-12,3.097346067428589,3.1319539546966553,3.0108280181884766,3.080043077468872,2.814610242843628,2891015,0.0,0.0
1997-12-15,3.080043077468872,3.080043077468872,2.950265884399414,2.9935250282287598,2.735548496246338,1405776,0.0,0.0
1997-12-16,2.96756911277771,3.019479990005493,2.96756911277771,2.96756911277771,2.71182918548584,476779,0.0,0.0
1997-12-17,2.96756911277771,3.097346067428589,2.9589180946350098,3.097346067428589,2.8304224014282227,3237763,0.0,0.0
1997-12-18,3.080043077468872,3.097346067428589,3.0281319618225098,3.0713911056518555,2.806703805923462,4038174,0.0,0.0
1997-12-19,3.0108280181884766,3.080043077468872,2.9589180946350098,3.080043077468872,2.814610242843628,6219800,0.0,0.0
1997-12-22,3.0713911056518555,3.149256944656372,3.045435905456543,3.097346067428589,2.8304224014282227,814859,0.0,0.0
1997-12-23,3.080043077468872,3.261730909347534,3.080043077468872,3.2530789375305176,2.972733974456787,4176874,0.0,0.0
1997-12-24,3.2530789375305176,3.3309450149536133,3.2530789375305176,3.2876861095428467,3.0043587684631348,2899684,0.0,0.0
1997-12-26,3.3222930431365967,3.3309450149536133,3.2876861095428467,3.2876861095428467,3.0043587684631348,684828,0.0,0.0
1997-12-29,3.30499005317688,3.5731959342956543,3.30499005317688,3.49100399017334,3.190155267715454,7082337,0.0,0.0
1997-12-30,3.460721969604492,3.521285057067871,3.426115036010742,3.460721969604492,3.162482976913452,3499270,0.0,0.0
1997-12-31,3.495328903198242,3.581847906112671,3.434767007827759,3.5645439624786377,3.2573578357696533,6227024,0.0,0.0
1998-01-02,3.521285057067871,3.5645439624786377,3.460721969604492,3.538588047027588,3.2336385250091553,3750662,0.0,0.0
1998-01-05,3.5472400188446045,3.581847906112671,3.5126330852508545,3.5299370288848877,3.2257332801818848,4607420,0.0,0.0
1998-01-06,3.5299370288848877,3.555891990661621,3.4780259132385254,3.4780259132385254,3.178295612335205,1504021,0.0,0.0
1998-01-07,3.5299370288848877,3.5645439624786377,3.4780259132385254,3.52561092376709,3.2217795848846436,6377282,0.0,0.0
1998-01-08,3.503981113433838,3.5472400188446045,3.460721969604492,3.460721969604492,3.162482976913452,4129196,0.0,0.0
1998-01-09,3.460721969604492,3.460721969604492,3.2530789375305176,3.30499005317688,3.020171642303467,5614435,0.0,0.0
1998-01-12,3.2184720039367676,3.3482489585876465,3.183864116668701,3.30499005317688,3.020171642303467,4564076,0.0,0.0
1998-01-13,3.3655519485473633,3.408811092376709,3.33959698677063,3.408811092376709,3.1150455474853516,10963029,0.0,0.0
1998-01-14,3.426115036010742,3.426115036010742,3.3655519485473633,3.4174630641937256,3.1229517459869385,5462733,0.0,0.0
1998-01-15,3.4174630641937256,3.4174630641937256,3.3828558921813965,3.4131369590759277,3.1189987659454346,2719086,0.0,0.0
1998-01-16,3.408811092376709,3.434767007827759,3.33959698677063,3.33959698677063,3.0517961978912354,2083380,0.0,0.0
1998-01-20,3.408811092376709,3.4217889308929443,3.391508102416992,3.4174630641937256,3.1229517459869385,4152312,0.0,0.0
1998-01-21,3.400160074234009,3.434767007827759,3.391508102416992,3.430440902709961,3.1348114013671875,6607002,0.0,0.0
1998-01-22,3.4174630641937256,3.434767007827759,3.2963380813598633,3.395833969116211,3.103186845779419,3617742,0.0,0.0
1998-01-23,3.3828558921813965,3.3828558921813965,3.3222930431365967,3.33959698677063,3.0517961978912354,764291,0.0,0.0
1998-01-26,3.3309450149536133,3.356900930404663,3.2530789375305176,3.3222930431365967,3.0359835624694824,1137046,0.0,0.0
1998-01-27,3.3222930431365967,3.400160074234009,3.244426965713501,3.3525750637054443,3.0636558532714844,3674089,0.0,0.0
1998-01-28,3.356900930404663,3.4520699977874756,3.356900930404663,3.4477450847625732,3.1506242752075195,5868717,0.0,0.0
1998-01-29,3.4520699977874756,3.495328903198242,3.3309450149536133,3.33959698677063,3.0517961978912354,4084408,0.0,0.0
1998-01-30,3.37420392036438,3.3828558921813965,3.2963380813598633,3.300663948059082,3.016218423843384,3025380,0.0,0.0
1998-02-02,3.37420392036438,3.37420392036438,3.279033899307251,3.283360004425049,3.0004055500030518,1488129,0.0,0.0
1998-02-03,3.33959698677063,3.391508102416992,3.2876861095428467,3.3222930431365967,3.0359835624694824,1872442,0.0,0.0
1998-02-04,3.3222930431365967,3.37420392036438,3.2530789375305176,3.356900930404663,3.0676090717315674,1379770,0.0,0.0
1998-02-05,3.33959698677063,3.486677885055542,3.2876861095428467,3.430440902709961,3.1348114013671875,2581831,0.0,0.0
1998-02-06,3.426115036010742,3.4780259132385254,3.37420392036438,3.391508102416992,3.099233388900757,1567592,0.0,0.0
1998-02-09,3.4434189796447754,3.469373941421509,3.3828558921813965,3.426115036010742,3.1308586597442627,1912895,0.0,0.0
1998-02-10,3.430440902709961,3.720276117324829,3.426115036010742,3.6251070499420166,3.312701463699341,12059621,0.0,0.0
1998-02-11,3.6597139835357666,3.711625099182129,3.5472400188446045,3.5731959342956543,3.265263795852661,2869343,0.0,0.0
1998-02-12,3.581847906112671,3.6078031063079834,3.5126330852508545,3.581847906112671,3.2731704711914062,2314546,0.0,0.0
1998-02-13,3.5645439624786377,3.616455078125,3.46504807472229,3.5126330852508545,3.2099204063415527,1238181,0.0,0.0
1998-02-17,3.5126330852508545,3.5299370288848877,3.3655519485473633,3.37420392036438,3.083420991897583,944889,0.0,0.0
1998-02-18,3.4174630641937256,3.4434189796447754,3.33959698677063,3.4434189796447754,3.1466708183288574,1446230,0.0,0.0
1998-02-19,3.469373941421509,3.469373941421509,3.400160074234009,3.408811092376709,3.1150455474853516,4080073,0.0,0.0
1998-02-20,3.4174630641937256,3.4174630641937256,3.400160074234009,3.4174630641937256,3.1229517459869385,1186169,0.0,0.0
1998-02-23,3.46504807472229,3.503981113433838,3.434767007827759,3.495328903198242,3.1941075325012207,4045398,0.0,0.0
1998-02-24,3.469373941421509,3.486677885055542,3.4520699977874756,3.460721969604492,3.162482976913452,1583484,0.0,0.0
1998-02-25,3.495328903198242,3.503981113433838,3.4434189796447754,3.460721969604492,3.162482976913452,3872024,0.0,0.0
1998-02-26,3.4434189796447754,3.469373941421509,3.426115036010742,3.434767007827759,3.1387648582458496,1719294,0.0,0.0
1998-02-27,3.469373941421509,3.5645439624786377,3.4434189796447754,3.5645439624786377,3.2573578357696533,7017321,0.0,0.0
1998-03-02,3.5991508960723877,3.65106201171875,3.555891990661621,3.6251070499420166,3.312701463699341,5617325,0.0,0.0
1998-03-03,3.5991508960723877,3.6943209171295166,3.581847906112671,3.616455078125,3.304795026779175,3571509,0.0,0.0
1998-03-04,3.65106201171875,3.65106201171875,3.581847906112671,3.581847906112671,3.2731704711914062,713724,0.0,0.0
1998-03-05,3.581847906112671,3.668365955352783,3.5472400188446045,3.6424100399017334,3.3285131454467773,4123417,0.0,0.0
1998-03-06,3.668365955352783,3.746232032775879,3.616455078125,3.711625099182129,3.391763925552368,1629718,0.0,0.0
1998-03-09,3.6770169734954834,3.720276117324829,3.616455078125,3.65106201171875,3.3364195823669434,1749635,0.0,0.0
1998-03-10,3.6424100399017334,3.65106201171875,3.4780259132385254,3.5472400188446045,3.2415449619293213,3794006,0.0,0.0
1998-03-11,3.555891990661621,3.6207809448242188,3.5472400188446045,3.6207809448242188,3.308748483657837,4838585,0.0,0.0
1998-03-12,3.6207809448242188,3.65106201171875,3.581847906112671,3.612128973007202,3.300842046737671,1340761,0.0,0.0
1998-03-13,3.6251070499420166,3.6597139835357666,3.5472400188446045,3.65106201171875,3.3364195823669434,2038592,0.0,0.0
1998-03-16,3.6597139835357666,3.8240981101989746,3.616455078125,3.8067939281463623,3.4787306785583496,6482751,0.0,0.0
1998-03-17,3.850053071975708,4.040392875671387,3.720276117324829,4.02308988571167,3.676387071609497,9444560,0.0,0.0
1998-03-18,3.99713397026062,4.05769681930542,3.9192678928375244,3.96252703666687,3.6210429668426514,10976033,0.0,0.0
1998-03-19,3.9884819984436035,3.9884819984436035,3.876008987426758,3.9149420261383057,3.577558755874634,5982855,0.0,0.0
1998-03-20,3.910615921020508,3.9711790084838867,3.876008987426758,3.92792010307312,3.589418649673462,8925882,0.0,0.0
1998-03-23,3.893312931060791,3.9365720748901367,3.850053071975708,3.8630309104919434,3.5301215648651123,5607211,0.0,0.0
1998-03-24,3.910615921020508,3.910615921020508,3.8240981101989746,3.83707594871521,3.5064034461975098,2240862,0.0,0.0
1998-03-25,3.876008987426758,3.876008987426758,3.746232032775879,3.798142910003662,3.470825433731079,5110205,0.0,0.0
1998-03-26,3.81112003326416,3.832750082015991,3.77651309967041,3.81112003326416,3.482684373855591,3078837,0.0,0.0
1998-03-27,3.876008987426758,3.876008987426758,3.702972888946533,3.702972888946533,3.383857011795044,4226719,0.0,2.0
1998-03-30,3.65106201171875,3.8240981101989746,3.5645439624786377,3.5991508960723877,3.288982391357422,3839516,0.0,0.0
1998-03-31,3.495328903198242,3.8067939281463623,3.460721969604492,3.7721869945526123,3.4471065998077393,15225146,0.0,0.0
1998-04-01,3.7894909381866455,3.7894909381866455,3.668365955352783,3.668365955352783,3.3522324562072754,2290707,0.0,0.0
1998-04-02,3.7894909381866455,3.7894909381866455,3.702972888946533,3.7289280891418457,3.4075753688812256,4348081,0.0,0.0
1998-04-03,3.7721869945526123,3.7721869945526123,3.702972888946533,3.7375800609588623,3.4154820442199707,3371406,0.0,0.0
1998-04-06,3.7548840045928955,3.7894909381866455,3.7375800609588623,3.746232032775879,3.4233882427215576,9196780,0.0,0.0
1998-04-07,3.7548840045928955,3.780838966369629,3.720276117324829,3.7375800609588623,3.4154820442199707,1156550,0.0,0.0
1998-04-08,3.7721869945526123,3.8240981101989746,3.65106201171875,3.702972888946533,3.383857011795044,1602267,0.0,0.0
1998-04-09,3.7375800609588623,3.798142910003662,3.6856689453125,3.7721869945526123,3.4471065998077393,1513412,0.0,0.0
1998-04-13,3.7721869945526123,3.7721869945526123,3.6856689453125,3.720276117324829,3.3996689319610596,1017851,0.0,0.0
1998-04-14,3.746232032775879,3.7548840045928955,3.668365955352783,3.720276117324829,3.3996689319610596,2535598,0.0,0.0
1998-04-15,3.702972888946533,3.7548840045928955,3.668365955352783,3.668365955352783,3.3522324562072754,1831988,0.0,0.0
1998-04-16,3.702972888946533,3.702972888946533,3.633758068084717,3.6597139835357666,3.3443257808685303,490505,0.0,0.0
1998-04-17,3.633758068084717,3.8240981101989746,3.5991508960723877,3.7721869945526123,3.4471065998077393,8438990,0.0,0.0
1998-04-20,3.8067939281463623,3.8067939281463623,3.668365955352783,3.7721869945526123,3.4471065998077393,2953141,0.0,0.0
1998-04-21,3.7894909381866455,3.7894909381866455,3.668365955352783,3.702972888946533,3.383857011795044,1692566,0.0,0.0
1998-04-22,3.702972888946533,3.7375800609588623,3.668365955352783,3.668365955352783,3.3522324562072754,2436630,0.0,0.0
1998-04-23,3.7375800609588623,3.7375800609588623,3.426115036010742,3.5299370288848877,3.2257332801818848,2604948,0.0,0.0
1998-04-24,3.5645439624786377,3.581847906112671,3.2530789375305176,3.37420392036438,3.083420991897583,4308349,0.0,0.0
1998-04-27,3.356900930404663,3.426115036010742,3.149256944656372,3.2963380813598633,3.012265205383301,3048497,0.0,0.0
1998-04-28,3.37420392036438,3.37420392036438,3.2184720039367676,3.3222930431365967,3.0359835624694824,1233846,0.0,0.0
1998-04-29,3.5299370288848877,3.633758068084717,3.408811092376709,3.460721969604492,3.162482976913452,1808149,0.0,0.0
1998-04-30,3.5299370288848877,3.5991508960723877,3.391508102416992,3.400160074234009,3.107140302658081,4816191,0.0,0.0
1998-05-01,3.460721969604492,3.5472400188446045,3.391508102416992,3.4780259132385254,3.178295612335205,10328769,0.0,0.0
1998-05-04,3.460721969604492,3.5299370288848877,3.460721969604492,3.486677885055542,3.186201810836792,1734465,0.0,0.0
1998-05-05,3.5299370288848877,3.5299370288848877,3.391508102416992,3.430440902709961,3.1348114013671875,2858507,0.0,0.0
1998-05-06,3.4434189796447754,3.495328903198242,3.37420392036438,3.391508102416992,3.099233388900757,4163871,0.0,0.0
1998-05-07,3.408811092376709,3.460721969604492,3.37420392036438,3.4217889308929443,3.1269049644470215,2770375,0.0,0.0
1998-05-08,3.426115036010742,3.469373941421509,3.408811092376709,3.434767007827759,3.1387648582458496,3931260,0.0,0.0
1998-05-11,3.460721969604492,3.4780259132385254,3.426115036010742,3.460721969604492,3.162482976913452,7774389,0.0,0.0
1998-05-12,3.460721969604492,3.5299370288848877,3.4434189796447754,3.4520699977874756,3.154576301574707,1488129,0.0,0.0
1998-05-13,3.4434189796447754,3.4780259132385254,3.391508102416992,3.400160074234009,3.107140302658081,3765832,0.0,0.0
1998-05-14,3.391508102416992,3.408811092376709,3.2530789375305176,3.3222930431365967,3.0359835624694824,2255310,0.0,0.0
1998-05-15,3.2876861095428467,3.37420392036438,3.2530789375305176,3.3482489585876465,3.0597031116485596,3577288,0.0,0.0
1998-05-18,3.3309450149536133,3.391508102416992,3.2184720039367676,3.3222930431365967,3.0359835624694824,1431060,0.0,0.0
1998-05-19,3.33959698677063,3.33959698677063,3.2011680603027344,3.2271230220794678,2.9490151405334473,955725,0.0,0.0
1998-05-20,3.2184720039367676,3.2530789375305176,3.175213098526001,3.2184720039367676,2.9411096572875977,3533944,0.0,0.0
1998-05-21,3.183864116668701,3.2011680603027344,3.1319539546966553,3.149256944656372,2.877859115600586,3752107,0.0,0.0
1998-05-22,3.183864116668701,3.37420392036438,3.114650011062622,3.270382881164551,2.988546848297119,12581911,0.0,0.0
1998-05-26,3.2876861095428467,3.33959698677063,3.244426965713501,3.300663948059082,3.016218423843384,4103190,0.0,0.0
1998-05-27,3.2357749938964844,3.3222930431365967,3.2184720039367676,3.3136420249938965,3.0280778408050537,1589264,0.0,0.0
1998-05-28,3.2876861095428467,3.4434189796447754,3.2876861095428467,3.4434189796447754,3.1466708183288574,4897099,0.0,0.0
1998-05-29,3.4434189796447754,3.4520699977874756,3.356900930404663,3.391508102416992,3.099233388900757,3859021,0.0,0.0
1998-06-01,3.356900930404663,3.4434189796447754,3.2876861095428467,3.2963380813598633,3.012265205383301,1146437,0.0,0.0
1998-06-02,3.356900930404663,3.3828558921813965,3.3222930431365967,3.33959698677063,3.0517961978912354,1089368,0.0,0.0
1998-06-03,3.3828558921813965,3.3828558921813965,3.2357749938964844,3.2357749938964844,2.956921339035034,10314321,0.0,0.0
1998-06-04,3.2184720039367676,3.279033899307251,3.1665608882904053,3.1795389652252197,2.905531644821167,6099160,0.0,0.0
1998-06-05,3.149256944656372,3.1925160884857178,3.080043077468872,3.1925160884857178,2.9173905849456787,1655724,0.0,0.0
1998-06-08,3.2184720039367676,3.2184720039367676,3.1665608882904053,3.175213098526001,2.901578903198242,3591736,0.0,0.0
1998-06-09,3.175213098526001,3.183864116668701,3.097346067428589,3.183864116668701,2.909484386444092,3803397,0.0,0.0
1998-06-10,3.2530789375305176,3.426115036010742,3.2530789375305176,3.391508102416992,3.099233388900757,6694412,0.0,0.0
1998-06-11,3.3222930431365967,3.426115036010742,3.30499005317688,3.3309450149536133,3.0438899993896484,1730130,0.0,0.0
1998-06-12,3.33959698677063,3.356900930404663,3.279033899307251,3.3482489585876465,3.0597031116485596,1142103,0.0,0.0
1998-06-15,3.270382881164551,3.3222930431365967,3.2184720039367676,3.2530789375305176,2.972733974456787,1439006,0.0,0.0
1998-06-16,3.3222930431365967,3.37420392036438,3.2530789375305176,3.33959698677063,3.0517961978912354,1458511,0.0,0.0
1998-06-17,3.33959698677063,3.434767007827759,3.33959698677063,3.356900930404663,3.0676090717315674,2857063,0.0,0.0
1998-06-18,3.408811092376709,3.5299370288848877,3.37420392036438,3.495328903198242,3.1941075325012207,8259114,0.0,0.0
1998-06-19,3.5472400188446045,3.5472400188446045,3.486677885055542,3.495328903198242,3.1941075325012207,4142921,0.0,0.0
1998-06-22,3.5126330852508545,3.5126330852508545,3.4780259132385254,3.503981113433838,3.202014207839966,2152007,0.0,0.0
1998-06-23,3.460721969604492,3.521285057067871,3.460721969604492,3.495328903198242,3.1941075325012207,3661808,0.0,0.0
1998-06-24,3.5299370288848877,3.590498924255371,3.460721969604492,3.469373941421509,3.170389175415039,6599056,0.0,0.0
1998-06-25,3.469373941421509,3.590498924255371,3.391508102416992,3.5645439624786377,3.2573578357696533,7035381,0.0,0.0
1998-06-26,3.5472400188446045,3.581847906112671,3.460721969604492,3.495328903198242,3.1941075325012207,4390702,0.0,0.0
1998-06-29,3.5645439624786377,3.581847906112671,3.460721969604492,3.5731959342956543,3.265263795852661,2856340,0.0,0.0
1998-06-30,3.5645439624786377,3.5991508960723877,3.4780259132385254,3.4780259132385254,3.178295612335205,2909797,0.0,0.0
1998-07-01,3.5126330852508545,3.5731959342956543,3.4780259132385254,3.5126330852508545,3.2099204063415527,6052205,0.0,0.0
1998-07-02,3.555891990661621,3.8067939281463623,3.5299370288848877,3.720276117324829,3.3996689319610596,11526496,0.0,0.0
1998-07-06,3.798142910003662,3.8067939281463623,3.702972888946533,3.746232032775879,3.4233882427215576,6573050,0.0,0.0
1998-07-07,3.7721869945526123,3.7721869945526123,3.720276117324829,3.720276117324829,3.3996689319610596,3543336,0.0,0.0
1998-07-08,3.780838966369629,3.7894909381866455,3.702972888946533,3.7548840045928955,3.4312946796417236,4062736,0.0,0.0
1998-07-09,3.7721869945526123,3.7894909381866455,3.702972888946533,3.746232032775879,3.4233882427215576,3440756,0.0,0.0
1998-07-10,3.7721869945526123,3.893312931060791,3.711625099182129,3.8587050437927246,3.5261683464050293,4088742,0.0,0.0
1998-07-13,3.876008987426758,3.910615921020508,3.8067939281463623,3.8587050437927246,3.5261683464050293,5699677,0.0,0.0
1998-07-14,3.8240981101989746,3.876008987426758,3.7548840045928955,3.7894909381866455,3.462918996810913,7565617,0.0,0.0
1998-07-15,3.815445899963379,3.815445899963379,3.5991508960723877,3.7548840045928955,3.4312946796417236,11499767,0.0,0.0
1998-07-16,3.7375800609588623,3.9884819984436035,3.702972888946533,3.945223093032837,3.6052308082580566,17276018,0.0,0.0
1998-07-17,4.014438152313232,4.187473773956299,3.92792010307312,4.152866840362549,3.794980764389038,11063442,0.0,0.0
1998-07-20,4.27399206161499,4.325902938842773,4.083652019500732,4.083652019500732,3.731729745864868,8090797,0.0,0.0
1998-07-21,4.092304229736328,4.100955963134766,3.945223093032837,3.9798309803009033,3.6368558406829834,2807217,0.0,0.0
1998-07-22,3.96252703666687,3.9798309803009033,3.8240981101989746,3.893312931060791,3.5577940940856934,3682035,0.0,0.0
1998-07-23,3.893312931060791,3.99713397026062,3.7894909381866455,3.7894909381866455,3.462918996810913,4056234,0.0,0.0
1998-07-24,3.8067939281463623,3.910615921020508,3.6856689453125,3.8846609592437744,3.5498876571655273,3187196,0.0,0.0
1998-07-27,3.8067939281463623,3.945223093032837,3.720276117324829,3.910615921020508,3.573605537414551,2353555,0.0,0.0
1998-07-28,3.9538750648498535,3.96252703666687,3.7721869945526123,3.8240981101989746,3.4945437908172607,1604434,0.0,0.0
1998-07-29,3.8067939281463623,3.96252703666687,3.7375800609588623,3.7938170433044434,3.466872215270996,1289471,0.0,0.0
1998-07-30,3.893312931060791,4.27399206161499,3.893312931060791,4.222081184387207,3.858229398727417,20186538,0.0,0.0
1998-07-31,4.20477819442749,4.34320592880249,4.049045085906982,4.049045085906982,3.7001051902770996,13658999,0.0,0.0
1998-08-03,4.152866840362549,4.187473773956299,4.083652019500732,4.109608173370361,3.7554495334625244,8787905,0.0,0.0
1998-08-04,4.152866840362549,4.170169830322266,3.8240981101989746,3.8240981101989746,3.4945437908172607,5533527,0.0,0.0
1998-08-05,3.815445899963379,3.893312931060791,3.6856689453125,3.8240981101989746,3.4945437908172607,2899684,0.0,0.0
1998-08-06,3.876008987426758,3.876008987426758,3.5645439624786377,3.5991508960723877,3.288982391357422,3564285,0.0,0.0
1998-08-07,3.6943209171295166,3.7894909381866455,3.633758068084717,3.7548840045928955,3.4312946796417236,4256337,0.0,0.0
1998-08-10,3.7635350227355957,3.96252703666687,3.7375800609588623,3.945223093032837,3.6052308082580566,4695552,0.0,0.0
1998-08-11,3.7894909381866455,3.910615921020508,3.581847906112671,3.668365955352783,3.3522324562072754,4094521,0.0,0.0
1998-08-12,3.7375800609588623,3.841402053833008,3.720276117324829,3.798142910003662,3.470825433731079,6253030,0.0,0.0
1998-08-13,3.9711790084838867,4.083652019500732,3.876008987426758,3.945223093032837,3.6052308082580566,6234970,0.0,0.0
1998-08-14,4.014438152313232,4.049045085906982,3.893312931060791,3.893312931060791,3.5577940940856934,3530332,0.0,0.0
1998-08-17,3.876008987426758,3.92792010307312,3.7721869945526123,3.8240981101989746,3.4945437908172607,2490087,0.0,0.0
1998-08-18,3.7548840045928955,3.841402053833008,3.720276117324829,3.841402053833008,3.5103566646575928,3687092,0.0,0.0
1998-08-19,3.8587050437927246,3.910615921020508,3.7894909381866455,3.7894909381866455,3.462918996810913,4794519,0.0,0.0
1998-08-20,3.7375800609588623,3.7894909381866455,3.6856689453125,3.780838966369629,3.455012559890747,2781211,0.0,0.0
1998-08-21,3.7375800609588623,3.780838966369629,3.391508102416992,3.426115036010742,3.1308586597442627,4598029,0.0,0.0
1998-08-24,3.469373941421509,3.5126330852508545,3.1579089164733887,3.30499005317688,3.020171642303467,8628979,0.0,0.0
1998-08-25,3.30499005317688,3.495328903198242,3.30499005317688,3.460721969604492,3.162482976913452,5110927,0.0,0.0
1998-08-26,3.426115036010742,3.4780259132385254,3.3222930431365967,3.460721969604492,3.162482976913452,5718460,0.0,0.0
1998-08-27,3.3828558921813965,3.426115036010742,3.2184720039367676,3.279033899307251,2.9964520931243896,4803911,0.0,0.0
1998-08-28,3.30499005317688,3.408811092376709,3.1665608882904053,3.270382881164551,2.988546848297119,13454561,0.0,0.0
1998-08-31,3.261730909347534,3.460721969604492,2.6647560596466064,2.7166669368743896,2.4825491905212402,9608543,0.0,0.0
1998-09-01,2.7772300243377686,3.2876861095428467,2.768578052520752,3.2184720039367676,2.9411096572875977,11632687,0.0,0.0
1998-09-02,3.1665608882904053,3.356900930404663,3.149256944656372,3.2184720039367676,2.9411096572875977,3317227,0.0,0.0
1998-09-03,3.1059980392456055,3.2184720039367676,3.0108280181884766,3.0886950492858887,2.822516679763794,5830430,0.0,0.0
1998-09-04,3.0886950492858887,3.1233019828796387,2.932961940765381,2.9416139125823975,2.688110589981079,3542613,0.0,0.0
1998-09-08,3.097346067428589,3.149256944656372,3.0108280181884766,3.1406049728393555,2.869953155517578,5141990,0.0,0.0
1998-09-09,3.045435905456543,3.1233019828796387,3.019479990005493,3.097346067428589,2.8304224014282227,1646333,0.0,0.0
1998-09-10,3.0281319618225098,3.045435905456543,2.837791919708252,2.9113330841064453,2.6604392528533936,5547975,0.0,0.0
1998-09-11,2.9243099689483643,3.1319539546966553,2.872399091720581,3.1319539546966553,2.8620471954345703,6176456,0.0,0.0
1998-09-14,3.2011680603027344,3.33959698677063,3.045435905456543,3.045435905456543,2.782985210418701,3521664,0.0,0.0
1998-09-15,3.0281319618225098,3.0281319618225098,2.803184986114502,2.9070069789886475,2.6564860343933105,11882635,0.0,0.0
1998-09-16,2.9762210845947266,2.9935250282287598,2.8291399478912354,2.8897030353546143,2.6406733989715576,5244570,0.0,0.0
1998-09-17,2.7858810424804688,2.872399091720581,2.6993629932403564,2.7772300243377686,2.537893056869507,5900502,0.0,0.0
1998-09-18,2.768578052520752,3.0108280181884766,2.7599260807037354,2.9589180946350098,2.7039237022399902,9336201,0.0,0.0
1998-09-21,2.872399091720581,2.9762210845947266,2.837791919708252,2.9589180946350098,2.7039237022399902,2236527,0.0,0.0
1998-09-22,2.9762210845947266,3.2357749938964844,2.9589180946350098,3.2184720039367676,2.9411096572875977,3190086,0.0,0.0
1998-09-23,3.270382881164551,3.391508102416992,3.1233019828796387,3.356900930404663,3.0676090717315674,7369127,0.0,0.0
1998-09-24,3.3222930431365967,3.3222930431365967,3.054086923599243,3.183864116668701,2.909484386444092,6426404,0.0,0.0
1998-09-25,3.114650011062622,3.183864116668701,3.054086923599243,3.1579089164733887,2.885765790939331,5163662,0.0,0.0
1998-09-28,3.175213098526001,3.356900930404663,3.149256944656372,3.2530789375305176,2.972733974456787,7671809,0.0,0.0
1998-09-29,3.2184720039367676,3.2530789375305176,3.097346067428589,3.183864116668701,2.909484386444092,5842711,0.0,0.0
1998-09-30,3.183864116668701,3.183864116668701,2.6820600032806396,2.6907119750976562,2.4588310718536377,6281926,0.0,0.0
1998-10-01,2.6820600032806396,2.872399091720581,2.6301488876342773,2.742621898651123,2.5062673091888428,5344260,0.0,0.0
1998-10-02,2.7858810424804688,2.820488929748535,2.4657649993896484,2.638801097869873,2.411393404006958,13312250,0.0,0.0
1998-10-05,2.5695860385894775,2.5695860385894775,2.4398090839385986,2.457113027572632,2.245363235473633,6474805,0.0,0.0
1998-10-06,2.6301488876342773,2.6301488876342773,2.3446390628814697,2.4052019119262695,2.197925329208374,11190583,0.0,0.0
1998-10-07,2.3878979682922363,2.4484610557556152,2.214862108230591,2.214862108230591,2.023988962173462,4215883,0.0,0.0
1998-10-08,2.1629509925842285,2.1889069080352783,1.9120490550994873,2.102389097213745,1.9212088584899902,8224439,0.0,0.0
1998-10-09,2.1542999744415283,2.5868899822235107,2.1283440589904785,2.361943006515503,2.1583950519561768,8029393,0.0,0.0
1998-10-12,2.5003719329833984,2.6647560596466064,2.422506093978882,2.6474530696868896,2.419300079345703,6724752,0.0,0.0
1998-10-13,2.5522830486297607,2.6301488876342773,2.509023904800415,2.5695860385894775,2.3481435775756836,7360458,0.0,0.0
1998-10-14,2.768578052520752,2.768578052520752,2.5695860385894775,2.6301488876342773,2.403487205505371,6753648,0.0,0.0
1998-10-15,2.578238010406494,2.7253189086914062,2.5695860385894775,2.7253189086914062,2.4904556274414062,5083476,0.0,0.0
1998-10-16,2.7512741088867188,2.950265884399414,2.7512741088867188,2.8291399478912354,2.585329532623291,6749314,0.0,0.0
1998-10-19,2.8550961017608643,2.8897030353546143,2.8291399478912354,2.8550961017608643,2.609049081802368,1658613,0.0,0.0
1998-10-20,2.898355007171631,3.097346067428589,2.8550961017608643,2.898355007171631,2.6485795974731445,4861702,0.0,0.0
1998-10-21,2.9243099689483643,2.96756911277771,2.8550961017608643,2.9243099689483643,2.672297954559326,3304946,0.0,0.0
1998-10-22,2.9243099689483643,3.2963380813598633,2.820488929748535,3.266057014465332,2.9845938682556152,2966866,0.0,0.0
1998-10-23,3.2876861095428467,3.2876861095428467,2.9762210845947266,3.045435905456543,2.782985210418701,3041995,0.0,0.0
1998-10-26,3.0627388954162598,3.080043077468872,2.8810510635375977,2.954591989517212,2.6999704837799072,3278940,0.0,0.0
1998-10-27,3.0108280181884766,3.2357749938964844,2.9935250282287598,3.1233019828796387,2.8541414737701416,5091423,0.0,0.0
1998-10-28,3.149256944656372,3.270382881164551,3.097346067428589,3.270382881164551,2.988546848297119,2795659,0.0,0.0
1998-10-29,3.2184720039367676,3.270382881164551,3.1579089164733887,3.183864116668701,2.909484386444092,3431365,0.0,0.0
1998-10-30,3.2011680603027344,3.2530789375305176,3.097346067428589,3.114650011062622,2.8462347984313965,6770263,0.0,0.0
1998-11-02,3.149256944656372,3.4174630641937256,3.114650011062622,3.391508102416992,3.099233388900757,8090074,0.0,0.0
1998-11-03,3.33959698677063,3.460721969604492,3.33959698677063,3.3828558921813965,3.09132719039917,7783780,0.0,0.0
1998-11-04,3.426115036010742,3.469373941421509,3.37420392036438,3.426115036010742,3.1308586597442627,4801021,0.0,0.0
1998-11-05,3.426115036010742,3.469373941421509,3.37420392036438,3.4434189796447754,3.1466708183288574,4330743,0.0,0.0
1998-11-06,3.4174630641937256,3.460721969604492,3.37420392036438,3.460721969604492,3.162482976913452,2306599,0.0,0.0
1998-11-09,3.460721969604492,3.4780259132385254,3.426115036010742,3.4780259132385254,3.178295612335205,5497407,0.0,0.0
1998-11-10,3.4434189796447754,3.633758068084717,3.4434189796447754,3.538588047027588,3.2336385250091553,4565521,0.0,0.0
1998-11-11,3.5472400188446045,3.5731959342956543,3.5299370288848877,3.5645439624786377,3.2573578357696533,4050455,0.0,0.0
1998-11-12,3.538588047027588,3.6251070499420166,3.391508102416992,3.391508102416992,3.099233388900757,16173647,0.0,0.0
1998-11-13,3.460721969604492,3.5645439624786377,3.3828558921813965,3.4434189796447754,3.1466708183288574,4548906,0.0,0.0
1998-11-16,3.486677885055542,3.65106201171875,3.486677885055542,3.633758068084717,3.3206074237823486,8030116,0.0,0.0
1998-11-17,3.581847906112671,3.841402053833008,3.5645439624786377,3.841402053833008,3.5103566646575928,5305251,0.0,0.0
1998-11-18,3.850053071975708,3.9538750648498535,3.7289280891418457,3.9538750648498535,3.6131367683410645,8025781,0.0,0.0
1998-11-19,3.945223093032837,4.031741142272949,3.8240981101989746,3.8587050437927246,3.5261683464050293,11032379,0.0,0.0
1998-11-20,3.910615921020508,3.9798309803009033,3.832750082015991,3.910615921020508,3.573605537414551,6529706,0.0,0.0
1998-11-23,3.9365720748901367,4.092304229736328,3.8587050437927246,4.066349029541016,3.7159178256988525,4688328,0.0,0.0
1998-11-24,4.074999809265137,4.325902938842773,3.99713397026062,4.291296005249023,3.9214794635772705,35851620,0.0,0.0
1998-11-25,4.360509872436523,4.395116806030273,4.135562896728516,4.222081184387207,3.858229398727417,14269420,0.0,0.0
1998-11-27,4.360509872436523,4.845011234283447,4.256688117980957,4.810403823852539,4.395850658416748,14011526,0.0,0.0
1998-11-30,5.2083868980407715,5.2083868980407715,4.360509872436523,4.369162082672119,3.9926352500915527,39374006,0.0,0.0
1998-12-01,4.34320592880249,4.403769016265869,4.118258953094482,4.403769016265869,4.0242600440979,18275087,0.0,0.0
1998-12-02,4.421072959899902,4.723886013031006,4.395116806030273,4.689279079437256,4.285164833068848,39929526,0.0,0.0
1998-12-03,4.819056034088135,5.121869087219238,4.170169830322266,4.23938512802124,3.874042272567749,116275584,0.0,0.0
1998-12-04,4.377813816070557,4.429724216461182,3.96252703666687,4.031741142272949,3.6842925548553467,17230507,0.0,0.0
1998-12-07,4.092304229736328,4.152866840362549,3.99713397026062,4.066349029541016,3.7159178256988525,8183985,0.0,0.0
1998-12-08,4.074999809265137,4.083652019500732,3.7894909381866455,3.901963949203491,3.565699338912964,9411330,0.0,0.0
1998-12-09,3.8240981101989746,3.9798309803009033,3.6943209171295166,3.9711790084838867,3.6289498805999756,9457563,0.0,0.0
1998-12-10,3.9711790084838867,4.031741142272949,3.746232032775879,3.7721869945526123,3.4471065998077393,8108856,0.0,0.0
1998-12-11,3.7375800609588623,3.7938170433044434,3.616455078125,3.720276117324829,3.3996689319610596,6764484,0.0,0.0
1998-12-14,3.65106201171875,3.780838966369629,3.460721969604492,3.460721969604492,3.162482976913452,2943750,0.0,0.0
1998-12-15,3.521285057067871,3.867357015609741,3.5126330852508545,3.815445899963379,3.4866373538970947,9482847,0.0,0.0
1998-12-16,3.850053071975708,3.8587050437927246,3.720276117324829,3.7375800609588623,3.4154820442199707,3203089,0.0,0.0
1998-12-17,3.7894909381866455,3.8067939281463623,3.5645439624786377,3.6424100399017334,3.3285131454467773,4594417,0.0,0.0
1998-12-18,3.6770169734954834,4.040392875671387,3.65106201171875,3.7894909381866455,3.462918996810913,9123818,0.0,0.0
1998-12-21,3.910615921020508,4.092304229736328,3.8240981101989746,3.876008987426758,3.5419814586639404,6394619,0.0,0.0
1998-12-22,3.910615921020508,4.100955963134766,3.901963949203491,4.02308988571167,3.676387071609497,8433933,0.0,0.0
1998-12-23,4.092304229736328,4.6027607917785645,4.092304229736328,4.594109058380127,4.198196887969971,18916572,0.0,0.0
1998-12-24,4.568152904510498,4.810403823852539,4.395116806030273,4.568152904510498,4.174477577209473,8259114,0.0,0.0
1998-12-28,4.64601993560791,4.784448146820068,4.412421226501465,4.472982883453369,4.0875091552734375,13514520,0.0,0.0
1998-12-29,4.568152904510498,4.620063781738281,4.412421226501465,4.429724216461182,4.047977924346924,6156229,0.0,0.0
1998-12-30,4.429724216461182,4.550849914550781,4.351858139038086,4.5248942375183105,4.134946346282959,7442088,0.0,0.0
1998-12-31,4.498939037322998,4.594109058380127,4.377813816070557,4.585456848144531,4.1902899742126465,6164898,0.0,0.0
1999-01-04,4.585456848144531,4.637368202209473,4.412421226501465,4.498939037322998,4.111227989196777,6947249,0.0,0.0
1999-01-05,4.447028160095215,4.5075907707214355,4.395116806030273,4.498939037322998,4.111227989196777,5448285,0.0,0.0
1999-01-06,4.559502124786377,4.620063781738281,4.377813816070557,4.550849914550781,4.158665180206299,10299873,0.0,0.0
1999-01-07,4.421072959899902,4.879618167877197,4.412421226501465,4.879618167877197,4.45910120010376,9172218,0.0,0.0
1999-01-08,4.8969221115112305,4.914226055145264,4.516242980957031,4.775796890258789,4.364226818084717,5876663,0.0,0.0
1999-01-11,4.775796890258789,4.905573844909668,4.550849914550781,4.853662967681885,4.43538236618042,3470374,0.0,0.0
1999-01-12,4.775796890258789,4.810403823852539,4.585456848144531,4.689279079437256,4.285164833068848,12158589,0.0,0.0
1999-01-13,4.620063781738281,4.620063781738281,4.30859899520874,4.568152904510498,4.174477577209473,8470053,0.0,0.0
1999-01-14,4.706582069396973,4.741189002990723,4.317251205444336,4.360509872436523,3.9847288131713867,6337550,0.0,0.0
1999-01-15,4.395116806030273,4.533545970916748,4.325902938842773,4.455679893493652,4.071697235107422,5426613,0.0,0.0
1999-01-19,4.637368202209473,4.723886013031006,4.516242980957031,4.723886013031006,4.3167901039123535,6659015,0.0,0.0
1999-01-20,4.827707767486572,4.853662967681885,4.671975135803223,4.775796890258789,4.364226818084717,6158397,0.0,0.0
1999-01-21,4.689279079437256,4.697929859161377,4.464332103729248,4.6027607917785645,4.20610237121582,7206588,0.0,0.0
1999-01-22,4.550849914550781,4.576805114746094,4.481635093688965,4.516242980957031,4.127040863037109,9108648,0.0,0.0
1999-01-25,4.516242980957031,4.550849914550781,4.377813816070557,4.447028160095215,4.063790798187256,2496589,0.0,0.0
1999-01-26,4.455679893493652,4.6546711921691895,4.34320592880249,4.6546711921691895,4.2535400390625,7936927,0.0,0.0
1999-01-27,4.6546711921691895,4.914226055145264,4.6546711921691895,4.775796890258789,4.364226818084717,8780682,0.0,0.0
1999-01-28,4.827707767486572,5.026699066162109,4.801752090454102,5.018046855926514,4.585599899291992,10273867,0.0,0.0
1999-01-29,5.018046855926514,5.1737799644470215,4.914226055145264,4.983439922332764,4.553976058959961,13125150,0.0,0.0
1999-02-01,5.121869087219238,5.26894998550415,5.069958209991455,5.2083868980407715,4.7595367431640625,7655916,0.0,0.0
1999-02-02,5.191082954406738,5.2083868980407715,5.026699066162109,5.130520820617676,4.688381195068359,8012056,0.0,0.0
1999-02-03,5.156476020812988,5.225690841674805,5.095913887023926,5.2083868980407715,4.7595367431640625,4906490,0.0,0.0
1999-02-04,5.260297775268555,5.4506378173828125,5.156476020812988,5.364119052886963,4.901847839355469,11489654,0.0,0.0
1999-02-05,5.355467796325684,5.381422996520996,5.191082954406738,5.199735164642334,4.751630783081055,8323407,0.0,0.0
1999-02-08,5.191082954406738,5.329512119293213,5.130520820617676,5.251646041870117,4.799068450927734,9505241,0.0,0.0
1999-02-09,6.177389144897461,6.186040878295898,5.692887783050537,5.762103080749512,5.265534400939941,68050824,0.0,0.0
1999-02-10,5.865923881530762,5.874576091766357,5.1737799644470215,5.433333873748779,4.9650983810424805,25329973,0.0,0.0
1999-02-11,5.537156105041504,5.597717761993408,5.286252975463867,5.537156105041504,5.059972763061523,15765495,0.0,0.0
1999-02-12,5.390075206756592,5.416029930114746,5.2083868980407715,5.260297775268555,4.806974411010742,7379962,0.0,0.0
1999-02-16,5.355467796325684,5.416029930114746,5.191082954406738,5.2776007652282715,4.822785377502441,4097411,0.0,0.0
1999-02-17,5.1391730308532715,5.191082954406738,4.8969221115112305,4.9315290451049805,4.5065388679504395,2924967,0.0,0.0
1999-02-18,4.9661359786987305,5.225690841674805,4.827707767486572,5.182432174682617,4.735819339752197,9636717,0.0,0.0
1999-02-19,5.294905185699463,5.33816385269165,5.087262153625488,5.260297775268555,4.806974411010742,7254988,0.0,0.0
1999-02-22,5.329512119293213,5.5025482177734375,5.260297775268555,5.485245227813721,5.01253604888916,6778209,0.0,0.0
1999-02-23,5.545806884765625,5.900530815124512,5.519852161407471,5.874576091766357,5.368314743041992,8327741,0.0,0.0
1999-02-24,5.952442169189453,6.004353046417236,5.64962911605835,5.7101922035217285,5.218098163604736,7132182,0.0,0.0
1999-02-25,5.7101922035217285,5.7447991371154785,5.467940807342529,5.485245227813721,5.01253604888916,4992455,0.0,0.0
1999-02-26,5.5025482177734375,5.589066028594971,5.416029930114746,5.5025482177734375,5.028348445892334,4652930,0.0,0.0
1999-03-01,5.485245227813721,5.554459095001221,5.346816062927246,5.407379150390625,4.941380023956299,4489670,0.0,0.0
1999-03-02,5.424682140350342,5.5025482177734375,5.329512119293213,5.33816385269165,4.878129482269287,8684603,0.0,0.0
1999-03-03,5.346816062927246,5.346816062927246,5.191082954406738,5.191082954406738,4.743724822998047,4297513,0.0,0.0
1999-03-04,5.225690841674805,5.381422996520996,5.2083868980407715,5.294905185699463,4.83859920501709,8077794,0.0,0.0
1999-03-05,5.355467796325684,5.4636149406433105,5.113216876983643,5.2083868980407715,4.7595367431640625,5124653,0.0,0.0
1999-03-08,5.26894998550415,5.346816062927246,5.2083868980407715,5.329512119293213,4.8702239990234375,6528262,0.0,0.0
1999-03-09,5.346816062927246,5.364119052886963,5.182432174682617,5.217039108276367,4.767443656921387,10468191,0.0,0.0
1999-03-10,5.217039108276367,5.234342098236084,5.061305999755859,5.130520820617676,4.688381195068359,8535068,0.0,0.0
1999-03-11,5.147823810577393,5.329512119293213,5.147823810577393,5.294905185699463,4.83859920501709,13454561,0.0,0.0
1999-03-12,5.2776007652282715,5.364119052886963,5.225690841674805,5.251646041870117,4.799068450927734,6306487,0.0,0.0
1999-03-15,5.260297775268555,5.2776007652282715,5.1737799644470215,5.260297775268555,4.806974411010742,2779044,0.0,0.0
1999-03-16,5.217039108276367,5.260297775268555,5.1391730308532715,5.199735164642334,4.751630783081055,1780698,0.0,0.0
1999-03-17,5.260297775268555,5.2776007652282715,5.191082954406738,5.191082954406738,4.743724822998047,4457162,0.0,0.0
1999-03-18,5.251646041870117,5.342490196228027,5.225690841674805,5.33816385269165,4.878129482269287,8663654,0.0,0.0
1999-03-19,5.441986083984375,5.485245227813721,5.3727707862854,5.467940807342529,4.996723175048828,11558281,0.0,0.0
1999-03-22,5.519852161407471,5.519852161407471,5.355467796325684,5.381422996520996,4.917661190032959,9055191,0.0,0.0
1999-03-23,5.398726940155029,5.398726940155029,5.1391730308532715,5.1391730308532715,4.696288108825684,5625993,0.0,0.0
1999-03-24,5.1391730308532715,5.165128231048584,4.905573844909668,4.983439922332764,4.553976058959961,5516912,0.0,0.0
1999-03-25,5.018046855926514,5.052653789520264,4.827707767486572,4.9661359786987305,4.538163185119629,11889137,0.0,0.0
1999-03-26,4.983439922332764,5.2776007652282715,4.8969221115112305,5.217039108276367,4.767443656921387,6117943,0.0,0.0
1999-03-29,5.217039108276367,5.234342098236084,5.087262153625488,5.121869087219238,4.680474758148193,4017225,0.0,0.0
1999-03-30,5.121869087219238,5.121869087219238,4.922876834869385,4.922876834869385,4.498632431030273,13363540,0.0,0.0
1999-03-31,4.9315290451049805,4.983439922332764,4.914226055145264,4.957485198974609,4.530257701873779,8821858,0.0,0.0
1999-04-01,4.983439922332764,4.992092132568359,4.870966911315918,4.992092132568359,4.5618815422058105,3924759,0.0,0.0
1999-04-05,5.000743865966797,5.2083868980407715,4.9315290451049805,5.191082954406738,4.743724822998047,6289150,0.0,0.0
1999-04-06,5.1737799644470215,5.191082954406738,4.8969221115112305,4.992092132568359,4.5618815422058105,4526512,0.0,0.0
1999-04-07,5.052653789520264,5.104565143585205,4.9661359786987305,5.061305999755859,4.625131607055664,7546113,0.0,0.0
1999-04-08,5.104565143585205,5.571763038635254,5.000743865966797,5.537156105041504,5.059972763061523,8255502,0.0,0.0
1999-04-09,5.476593017578125,5.5025482177734375,5.329512119293213,5.433333873748779,4.9650983810424805,3683480,0.0,0.0
1999-04-12,5.381422996520996,5.493896961212158,5.33816385269165,5.346816062927246,4.886037349700928,4504118,0.0,0.0
1999-04-13,5.467940807342529,5.839969158172607,5.416029930114746,5.563110828399658,5.083691120147705,9929286,0.0,0.0
1999-04-14,5.589066028594971,5.935139179229736,5.433333873748779,5.433333873748779,4.9650983810424805,9945901,0.0,0.0
1999-04-15,5.528503894805908,5.554459095001221,5.1737799644470215,5.537156105041504,5.059972763061523,7456536,0.0,0.0
1999-04-16,5.658280849456787,5.675583839416504,5.121869087219238,5.1737799644470215,4.727912902832031,7684812,0.0,0.0
1999-04-19,5.260297775268555,5.294905185699463,4.723886013031006,4.741189002990723,4.332601070404053,6424237,0.0,0.0
1999-04-20,4.793099880218506,5.026699066162109,4.723886013031006,4.853662967681885,4.43538236618042,5906282,0.0,0.0
1999-04-21,4.914226055145264,5.1391730308532715,4.775796890258789,5.052653789520264,4.61722469329834,5700400,0.0,0.0
1999-04-22,5.191082954406738,5.519852161407471,5.156476020812988,5.467940807342529,4.996723175048828,8236720,0.0,0.0
1999-04-23,5.416029930114746,5.597717761993408,5.346816062927246,5.554459095001221,5.075785160064697,5817427,0.0,0.0
1999-04-26,5.606369972229004,5.891880035400391,5.571763038635254,5.753450870513916,5.257627964019775,6770263,0.0,0.0
1999-04-27,5.8140130043029785,5.917835235595703,5.675583839416504,5.788057804107666,5.289252758026123,7282439,0.0,0.0
1999-04-28,5.7794060707092285,5.7794060707092285,5.658280849456787,5.718843936920166,5.226003646850586,5144157,0.0,0.0
1999-04-29,5.7101922035217285,5.7447991371154785,5.381422996520996,5.433333873748779,4.9650983810424805,9292135,0.0,0.0
1999-04-30,5.519852161407471,5.571763038635254,4.983439922332764,5.1737799644470215,4.727912902832031,8809577,0.0,0.0
1999-05-03,5.182432174682617,5.312209129333496,4.992092132568359,5.312209129333496,4.85441255569458,4557575,0.0,0.0
1999-05-04,5.329512119293213,5.329512119293213,5.026699066162109,5.078609943389893,4.640944480895996,5344983,0.0,0.0
1999-05-05,5.044003009796143,5.1391730308532715,4.810403823852539,5.1391730308532715,4.696288108825684,10655290,0.0,0.0
1999-05-06,5.121869087219238,5.121869087219238,4.827707767486572,4.870966911315918,4.451195240020752,8722890,0.0,0.0
1999-05-07,4.8623151779174805,5.000743865966797,4.810403823852539,4.8969221115112305,4.474914073944092,5964073,0.0,0.0
1999-05-10,4.983439922332764,4.983439922332764,4.810403823852539,4.879618167877197,4.45910120010376,6893070,0.0,0.0
1999-05-11,4.888269901275635,4.9661359786987305,4.741189002990723,4.9661359786987305,4.538163185119629,4912269,0.0,0.0
1999-05-12,4.983439922332764,5.467940807342529,4.9661359786987305,5.459289073944092,4.988816738128662,12016278,0.0,0.0
1999-05-13,5.4506378173828125,5.467940807342529,5.26894998550415,5.398726940155029,4.933474063873291,6294929,0.0,0.0
1999-05-14,5.312209129333496,5.329512119293213,5.156476020812988,5.191082954406738,4.743724822998047,5056026,0.0,0.0
1999-05-17,5.1737799644470215,5.234342098236084,5.069958209991455,5.230016231536865,4.77930212020874,2393287,0.0,0.0
1999-05-18,5.234342098236084,5.286252975463867,5.069958209991455,5.191082954406738,4.743724822998047,3310725,0.0,0.0
1999-05-19,5.2083868980407715,5.294905185699463,5.156476020812988,5.2776007652282715,4.822785377502441,1725796,0.0,0.0
1999-05-20,5.2776007652282715,5.485245227813721,5.260297775268555,5.398726940155029,4.933474063873291,4772125,0.0,0.0
1999-05-21,5.485245227813721,5.485245227813721,5.3727707862854,5.424682140350342,4.957192897796631,3980383,0.0,0.0
1999-05-24,5.4506378173828125,5.467940807342529,5.26894998550415,5.294905185699463,4.83859920501709,5660668,0.0,0.0
1999-05-25,5.294905185699463,5.467940807342529,5.251646041870117,5.26894998550415,4.814880847930908,2852728,0.0,0.0
1999-05-26,5.260297775268555,5.294905185699463,5.104565143585205,5.26894998550415,4.814880847930908,5636107,0.0,0.0
1999-05-27,5.286252975463867,5.424682140350342,5.104565143585205,5.381422996520996,4.917661190032959,3496380,0.0,0.0
1999-05-28,5.346816062927246,5.541481018066406,5.312209129333496,5.537156105041504,5.059972763061523,5026407,0.0,0.0
1999-06-01,5.537156105041504,5.545806884765625,5.3597941398620605,5.364119052886963,4.901847839355469,3895141,0.0,0.0
1999-06-02,5.355467796325684,5.537156105041504,5.346816062927246,5.537156105041504,5.059972763061523,4755510,0.0,0.0
1999-06-03,5.537156105041504,5.537156105041504,5.398726940155029,5.4636149406433105,4.992769718170166,4038174,0.0,0.0
1999-06-04,5.467940807342529,5.528503894805908,5.4506378173828125,5.506874084472656,5.032301425933838,3418362,0.0,0.0
1999-06-07,5.485245227813721,5.545806884765625,5.4506378173828125,5.537156105041504,5.059972763061523,2778322,0.0,0.0
1999-06-08,5.519852161407471,5.666933059692383,5.467940807342529,5.519852161407471,5.04416036605835,4946222,0.0,0.0
1999-06-09,5.537156105041504,5.658280849456787,5.476593017578125,5.632325172424316,5.1469407081604,2422905,0.0,0.0
1999-06-10,5.528503894805908,5.537156105041504,5.416029930114746,5.433333873748779,4.9650983810424805,3387299,0.0,0.0
1999-06-11,5.5025482177734375,5.545806884765625,5.424682140350342,5.424682140350342,4.957192897796631,1522081,0.0,0.0
1999-06-14,5.424682140350342,5.545806884765625,5.329512119293213,5.346816062927246,4.886037349700928,2016920,0.0,0.0
1999-06-15,5.346816062927246,5.398726940155029,5.26894998550415,5.390075206756592,4.925567626953125,2849839,0.0,0.0
1999-06-16,5.390075206756592,5.433333873748779,5.355467796325684,5.416029930114746,4.949285507202148,3431365,0.0,0.0
1999-06-17,5.424682140350342,5.7447991371154785,5.416029930114746,5.7101922035217285,5.218098163604736,9644663,0.0,0.0
1999-06-18,5.666933059692383,5.796710014343262,5.606369972229004,5.666933059692383,5.178565979003906,7372738,0.0,0.0
1999-06-21,5.658280849456787,5.692887783050537,5.5025482177734375,5.580414772033691,5.099503993988037,2311656,0.0,0.0
1999-06-22,5.554459095001221,5.865923881530762,5.537156105041504,5.554459095001221,5.075785160064697,4882651,0.0,0.0
1999-06-23,5.537156105041504,5.753450870513916,5.5025482177734375,5.753450870513916,5.257627964019775,2240139,0.0,0.0
1999-06-24,5.718843936920166,5.727495193481445,5.537156105041504,5.537156105041504,5.059972763061523,3054998,0.0,0.0
1999-06-25,5.606369972229004,5.658280849456787,5.528503894805908,5.580414772033691,5.099503993988037,2188127,0.0,0.0
1999-06-28,5.5933918952941895,5.848620891571045,5.571763038635254,5.839969158172607,5.336690902709961,3602572,0.0,0.0
1999-06-29,5.8140130043029785,5.961093902587891,5.623673915863037,5.952442169189453,5.439471244812012,5136211,0.0,0.0
1999-06-30,5.900530815124512,5.969746112823486,5.519852161407471,5.554459095001221,5.075785160064697,8426709,0.0,0.0
1999-07-01,5.606369972229004,5.935139179229736,5.589066028594971,5.7794060707092285,5.281346797943115,4184820,0.0,0.0
1999-07-02,5.762103080749512,5.831316947937012,5.6842360496521,5.8140130043029785,5.312971115112305,4000610,0.0,0.0
1999-07-06,5.831316947937012,5.917835235595703,5.7447991371154785,5.865923881530762,5.360408782958984,3477598,0.0,0.0
1999-07-07,5.8140130043029785,5.961093902587891,5.7447991371154785,5.900530815124512,5.392032623291016,1761915,0.0,0.0
1999-07-08,5.883227825164795,5.943789958953857,5.8140130043029785,5.926486968994141,5.41575288772583,2334050,0.0,0.0
1999-07-09,5.969746112823486,6.038959980010986,5.736146926879883,6.038959980010986,5.518532752990723,9537749,0.0,0.0
1999-07-12,5.987049102783203,6.229300022125244,5.952442169189453,6.073567867279053,5.550158500671387,8066958,0.0,0.0
1999-07-13,6.073567867279053,6.134130001068115,5.796710014343262,5.995700836181641,5.479001998901367,3203089,0.0,0.0
1999-07-14,5.978397846221924,6.108174800872803,5.848620891571045,6.0908708572387695,5.565969467163086,4491837,0.0,0.0
1999-07-15,6.0908708572387695,6.151433944702148,6.0562639236450195,6.099523067474365,5.573876857757568,4753343,0.0,0.0
1999-07-16,6.1254777908325195,6.160086154937744,5.848620891571045,6.1254777908325195,5.597594738006592,6948694,0.0,0.0
1999-07-19,6.194693088531494,6.462899208068848,6.108174800872803,6.27255916595459,5.732000827789307,15889747,0.0,0.0
1999-07-20,6.229300022125244,6.350424766540527,6.108174800872803,6.142782211303711,5.613407611846924,4717223,0.0,0.0
1999-07-21,6.151433944702148,6.211996078491211,6.1254777908325195,6.194693088531494,5.660845756530762,1810316,0.0,0.0
1999-07-22,6.160086154937744,6.211996078491211,5.917835235595703,5.943789958953857,5.431564807891846,4771403,0.0,0.0
1999-07-23,5.969746112823486,6.246603965759277,5.935139179229736,6.23795223236084,5.700376033782959,4391424,0.0,0.0
1999-07-26,6.160086154937744,6.3331217765808105,5.935139179229736,5.961093902587891,5.447376728057861,4178319,0.0,0.0
1999-07-27,6.0908708572387695,6.359076976776123,5.952442169189453,6.194693088531494,5.660845756530762,3815678,0.0,0.0
1999-07-28,6.194693088531494,6.315817832946777,6.0562639236450195,6.229300022125244,5.692469596862793,3916090,0.0,0.0
1999-07-29,6.0562639236450195,6.393683910369873,6.0216569900512695,6.359076976776123,5.811062335968018,5290803,0.0,0.0
1999-07-30,6.402336120605469,6.67919397354126,6.393683910369873,6.635934829711914,6.064061164855957,4978007,0.0,0.0
1999-08-02,6.566720008850098,6.575372219085693,6.3331217765808105,6.402336120605469,5.8505940437316895,6697301,0.0,0.0
1999-08-03,6.367729187011719,6.4802021980285645,6.073567867279053,6.220647811889648,5.684563159942627,7341676,0.0,0.0
1999-08-04,6.246603965759277,6.298513889312744,6.1254777908325195,6.298513889312744,5.755718231201172,2587610,0.0,0.0
1999-08-05,6.263906955718994,6.367729187011719,6.194693088531494,6.23795223236084,5.700376033782959,10171287,0.0,0.0
1999-08-06,6.229300022125244,6.549417018890381,6.207671165466309,6.3331217765808105,5.787344455718994,18752588,0.0,0.0
1999-08-09,6.341773986816406,6.419640064239502,6.341773986816406,6.359076976776123,5.811062335968018,3751385,0.0,0.0
1999-08-10,6.350424766540527,6.367729187011719,5.900530815124512,6.177389144897461,5.64503288269043,11415970,0.0,0.0
1999-08-11,6.220647811889648,6.27255916595459,6.142782211303711,6.23795223236084,5.700376033782959,2803606,0.0,0.0
1999-08-12,6.229300022125244,6.540764808654785,6.229300022125244,6.367729187011719,5.818969249725342,5815260,0.0,0.0
1999-08-13,6.4282917976379395,6.540764808654785,6.367729187011719,6.506157875061035,5.945467948913574,4853756,0.0,0.0
1999-08-16,6.497506141662598,6.506157875061035,6.194693088531494,6.445594787597656,5.890124320983887,4350248,0.0,0.0
1999-08-17,6.506157875061035,6.731104850769043,6.436943054199219,6.661890029907227,6.087779998779297,6117220,0.0,0.0
1999-08-18,6.592676162719727,6.618630886077881,6.23795223236084,6.3331217765808105,5.787344455718994,5656334,0.0,0.0
1999-08-19,6.3331217765808105,6.367729187011719,6.160086154937744,6.177389144897461,5.64503288269043,6242194,0.0,0.0
1999-08-20,6.220647811889648,6.367729187011719,6.142782211303711,6.350424766540527,5.80315637588501,4132085,0.0,0.0
1999-08-23,6.393683910369873,6.454246997833252,6.359076976776123,6.445594787597656,5.890124320983887,2147673,0.0,0.0
1999-08-24,6.419640064239502,6.618630886077881,6.298513889312744,6.497506141662598,5.937562465667725,3643748,0.0,0.0
1999-08-25,6.506157875061035,6.506157875061035,6.168736934661865,6.177389144897461,5.64503288269043,6859840,0.0,0.0
1999-08-26,6.160086154937744,6.385033130645752,6.038959980010986,6.160086154937744,5.629220485687256,12542180,0.0,0.0
1999-08-27,6.151433944702148,6.1644110679626465,5.891880035400391,5.952442169189453,5.439471244812012,7103286,0.0,0.0
1999-08-30,5.883227825164795,6.289863109588623,5.865923881530762,6.220647811889648,5.684563159942627,7332284,0.0,0.0
1999-08-31,6.211996078491211,6.3331217765808105,6.194693088531494,6.211996078491211,5.676656246185303,5633217,0.0,0.0
1999-09-01,6.211996078491211,6.246603965759277,6.142782211303711,6.220647811889648,5.684563159942627,7470261,0.0,0.0
1999-09-02,6.160086154937744,6.177389144897461,5.909183025360107,5.917835235595703,5.407846450805664,3576566,0.0,0.0
1999-09-03,5.987049102783203,6.194693088531494,5.987049102783203,6.194693088531494,5.660845756530762,3485544,0.0,0.0
1999-09-07,6.186040878295898,6.549417018890381,6.186040878295898,6.27255916595459,5.732000827789307,9369432,0.0,0.0
1999-09-08,6.229300022125244,6.3331217765808105,5.883227825164795,6.082219123840332,5.55806303024292,6782544,0.0,0.0
1999-09-09,6.151433944702148,6.194693088531494,5.917835235595703,6.030309200286865,5.510626792907715,4563354,0.0,0.0
1999-09-10,6.1254777908325195,6.134130001068115,5.978397846221924,6.134130001068115,5.605501174926758,3585957,0.0,0.0
1999-09-13,6.134130001068115,6.142782211303711,6.038959980010986,6.0562639236450195,5.5343451499938965,2363668,0.0,0.0
1999-09-14,6.064916133880615,6.1254777908325195,5.883227825164795,6.004353046417236,5.486908435821533,2034980,0.0,0.0
1999-09-15,6.013004779815674,6.099523067474365,5.935139179229736,6.0216569900512695,5.502721309661865,1887612,0.0,0.0
1999-09-16,6.0216569900512695,6.082219123840332,5.917835235595703,6.0216569900512695,5.502721309661865,4625480,0.0,0.0
1999-09-17,6.0908708572387695,6.23795223236084,5.987049102783203,6.229300022125244,5.692469596862793,6880067,0.0,0.0
1999-09-20,6.224974155426025,6.229300022125244,5.917835235595703,5.952442169189453,5.439471244812012,1388439,0.0,0.0
1999-09-21,5.952442169189453,5.952442169189453,5.606369972229004,5.606369972229004,5.123222827911377,4421765,0.0,0.0
1999-09-22,5.623673915863037,5.987049102783203,5.589066028594971,5.943789958953857,5.431564807891846,5589151,0.0,0.0
1999-09-23,5.926486968994141,5.952442169189453,5.467940807342529,5.537156105041504,5.059972763061523,6515981,0.0,0.0
1999-09-24,5.485245227813721,5.736146926879883,5.4506378173828125,5.528503894805908,5.052067279815674,2997929,0.0,0.0
1999-09-27,5.554459095001221,5.727495193481445,5.467940807342529,5.493896961212158,5.020442008972168,2560882,0.0,0.0
1999-09-28,5.485245227813721,5.658280849456787,5.312209129333496,5.563110828399658,5.083691120147705,4574190,0.0,0.0
1999-09-29,5.554459095001221,5.589066028594971,5.312209129333496,5.441986083984375,4.973005771636963,3327340,0.0,0.0
1999-09-30,5.476593017578125,5.485245227813721,5.087262153625488,5.364119052886963,4.901847839355469,10123609,0.0,0.0
1999-10-01,5.2429938316345215,5.329512119293213,5.199735164642334,5.281927108764648,4.826739311218262,5007625,0.0,0.0
1999-10-04,5.2776007652282715,5.294905185699463,5.1737799644470215,5.26894998550415,4.814880847930908,4138587,0.0,0.0
1999-10-05,5.260297775268555,5.48740816116333,5.225690841674805,5.2776007652282715,4.822785377502441,7977381,0.0,0.0
1999-10-06,5.329512119293213,5.5025482177734375,5.26894998550415,5.3727707862854,4.909754753112793,8328464,0.0,0.0
1999-10-07,5.364119052886963,5.3727707862854,5.095913887023926,5.260297775268555,4.806974411010742,14558377,0.0,0.0
1999-10-08,5.26894998550415,5.26894998550415,5.121869087219238,5.251646041870117,4.799068450927734,14973031,0.0,0.0
1999-10-11,5.260297775268555,5.485245227813721,5.251646041870117,5.467940807342529,4.996723175048828,5227955,0.0,0.0
1999-10-12,5.433333873748779,5.467940807342529,5.121869087219238,5.1737799644470215,4.727912902832031,7871189,0.0,0.0
1999-10-13,5.052653789520264,5.2776007652282715,5.052653789520264,5.113216876983643,4.6725687980651855,8359527,0.0,0.0
1999-10-14,5.156476020812988,5.260297775268555,4.983439922332764,5.147823810577393,4.704193115234375,5730018,0.0,0.0
1999-10-15,4.948832988739014,5.069958209991455,4.845011234283447,4.983439922332764,4.553976058959961,6784711,0.0,0.0
1999-10-18,4.983439922332764,5.000743865966797,4.758492946624756,4.983439922332764,4.553976058959961,9603487,0.0,0.0
1999-10-19,5.121869087219238,5.156476020812988,4.853662967681885,5.009395122528076,4.577693462371826,7059942,0.0,0.0
1999-10-20,4.9661359786987305,5.130520820617676,4.9661359786987305,5.113216876983643,4.6725687980651855,3918257,0.0,0.0
1999-10-21,4.974788188934326,5.199735164642334,4.974788188934326,5.199735164642334,4.751630783081055,5735075,0.0,0.0
1999-10-22,5.260297775268555,5.433333873748779,5.251646041870117,5.433333873748779,4.9650983810424805,10341049,0.0,0.0
1999-10-25,5.364119052886963,5.64962911605835,5.355467796325684,5.632325172424316,5.1469407081604,11210088,0.0,0.0
1999-10-26,5.640976905822754,5.658280849456787,5.346816062927246,5.3727707862854,4.909754753112793,10958695,0.0,0.0
1999-10-27,5.368444919586182,5.571763038635254,5.329512119293213,5.554459095001221,5.075785160064697,8172427,0.0,0.0
1999-10-28,5.7794060707092285,5.883227825164795,5.519852161407471,5.736146926879883,5.24181604385376,31772270,0.0,0.0
1999-10-29,5.848620891571045,6.23795223236084,5.848620891571045,6.23795223236084,5.700376033782959,24113464,0.0,0.0
1999-11-01,6.177389144897461,6.194693088531494,5.943789958953857,5.969746112823486,5.4552836418151855,8033728,0.0,0.0
1999-11-02,6.3331217765808105,6.3331217765808105,6.0908708572387695,6.211996078491211,5.676656246185303,17482622,0.0,0.0
1999-11-03,6.194693088531494,6.246603965759277,6.004353046417236,6.0908708572387695,5.565969467163086,6699469,0.0,0.0
1999-11-04,6.038959980010986,6.177389144897461,6.0216569900512695,6.0562639236450195,5.5343451499938965,6330326,0.0,0.0
1999-11-05,6.142782211303711,6.23795223236084,6.1254777908325195,6.203344821929932,5.6687517166137695,2855618,0.0,0.0
1999-11-08,6.203344821929932,6.30716609954834,6.203344821929932,6.23795223236084,5.700376033782959,6496476,0.0,0.0
1999-11-09,6.246603965759277,6.246603965759277,6.108174800872803,6.229300022125244,5.692469596862793,2950974,0.0,0.0
1999-11-10,6.229300022125244,6.246603965759277,6.0216569900512695,6.246603965759277,5.708282947540283,8105967,0.0,0.0
1999-11-11,6.255255222320557,6.263906955718994,6.038959980010986,6.116827011108398,5.589689254760742,5196170,0.0,0.0
1999-11-12,6.108174800872803,6.506157875061035,6.108174800872803,6.497506141662598,5.937562465667725,10944970,0.0,0.0
1999-11-15,6.497506141662598,6.506157875061035,6.263906955718994,6.263906955718994,5.724093437194824,4855923,0.0,0.0
1999-11-16,6.376380920410156,6.419640064239502,6.229300022125244,6.359076976776123,5.811062335968018,6867786,0.0,0.0
1999-11-17,6.3331217765808105,6.367729187011719,6.211996078491211,6.211996078491211,5.676656246185303,4074294,0.0,0.0
1999-11-18,6.298513889312744,6.302840232849121,6.013004779815674,6.0562639236450195,5.5343451499938965,5957571,0.0,0.0
1999-11-19,6.142782211303711,6.151433944702148,5.8140130043029785,5.874576091766357,5.368314743041992,4752621,0.0,0.0
1999-11-22,5.8140130043029785,5.839969158172607,5.606369972229004,5.675583839416504,5.186472415924072,7557671,0.0,0.0
1999-11-23,5.64962911605835,5.658280849456787,5.467940807342529,5.554459095001221,5.075785160064697,6645289,0.0,0.0
1999-11-24,5.511199951171875,6.030309200286865,5.467940807342529,6.004353046417236,5.486908435821533,6175012,0.0,0.0
1999-11-26,5.952442169189453,5.987049102783203,5.831316947937012,5.978397846221924,5.463190078735352,2495144,0.0,0.0
1999-11-29,5.952442169189453,5.969746112823486,5.7447991371154785,5.762103080749512,5.265534400939941,3087506,0.0,0.0
1999-11-30,5.8140130043029785,5.8140130043029785,5.5025482177734375,5.537156105041504,5.059972763061523,7355401,0.0,0.0
1999-12-01,5.528503894805908,5.589066028594971,5.528503894805908,5.554459095001221,5.075785160064697,6606280,0.0,0.0
1999-12-02,5.563110828399658,5.848620891571045,5.554459095001221,5.822665214538574,5.320877552032471,10835888,0.0,0.0
1999-12-03,5.865923881530762,6.211996078491211,5.805362224578857,5.831316947937012,5.3287835121154785,11827733,0.0,0.0
1999-12-06,5.952442169189453,6.142782211303711,5.848620891571045,5.865923881530762,5.360408782958984,6181513,0.0,0.0
1999-12-07,6.004353046417236,6.584023952484131,5.987049102783203,6.462899208068848,5.905937671661377,23391071,0.0,0.0
1999-12-08,6.410987854003906,6.436943054199219,6.177389144897461,6.255255222320557,5.716188430786133,12161479,0.0,0.0
1999-12-09,6.376380920410156,6.661890029907227,6.367729187011719,6.4282917976379395,5.874312400817871,8789350,0.0,0.0
1999-12-10,6.497506141662598,6.921443939208984,6.488853931427002,6.774363994598389,6.190560817718506,10483361,0.0,0.0
1999-12-13,6.7916669845581055,6.990659236907959,6.7916669845581055,6.921443939208984,6.324965953826904,12010499,0.0,0.0
1999-12-14,6.947400093078613,7.146390914916992,6.765711784362793,7.025266170501709,6.4198408126831055,20616361,0.0,0.0
1999-12-15,7.007963180541992,7.020939826965332,6.627283096313477,6.93009614944458,6.33287239074707,13630103,0.0,0.0
1999-12-16,6.921443939208984,7.682803153991699,6.7570600509643555,7.483811855316162,6.838869571685791,12965502,0.0,0.0
1999-12-17,7.587634086608887,7.873143196105957,7.414597034454346,7.726061820983887,7.060243129730225,17108423,0.0,0.0
1999-12-20,7.682803153991699,7.838535785675049,7.648196220397949,7.74336576461792,7.076055526733398,5881720,0.0,0.0
1999-12-21,7.786624908447266,7.803928852081299,7.354034900665283,7.414597034454346,6.7756195068359375,11649302,0.0,0.0
1999-12-22,7.423248767852783,7.449204921722412,6.860881805419922,7.08582878112793,6.475183963775635,14673238,0.0,0.0
1999-12-23,7.198301792144775,7.405945777893066,6.921443939208984,7.388641834259033,6.751901626586914,14069317,0.0,0.0
1999-12-27,7.405945777893066,7.475160121917725,7.042570114135742,7.457856178283691,6.815150737762451,5144880,0.0,0.0
1999-12-28,7.371337890625,7.527070999145508,7.319427967071533,7.527070999145508,6.878401279449463,3729713,0.0,0.0
1999-12-29,7.449204921722412,7.492464065551758,7.215606212615967,7.475160121917725,6.830964088439941,3017434,0.0,0.0
1999-12-30,7.475160121917725,7.752017974853516,7.397294044494629,7.440553188323975,6.7993388175964355,2656960,0.0,0.0
1999-12-31,7.509767055511475,7.821231842041016,7.215606212615967,7.648196220397949,6.9890875816345215,3570064,0.0,0.0
2000-01-03,7.492464065551758,7.544373989105225,6.852230072021484,7.527070999145508,6.878401279449463,6276869,0.0,0.0
2000-01-04,7.466507911682129,7.613588809967041,6.886837005615234,6.921443939208984,6.324965953826904,4952001,0.0,0.0
2000-01-05,6.834926128387451,6.921443939208984,6.488853931427002,6.661890029907227,6.087779998779297,7600292,0.0,0.0
2000-01-06,6.584023952484131,7.042570114135742,6.471550941467285,6.938747882843018,6.340778350830078,10764372,0.0,0.0
2000-01-07,6.912793159484863,7.059873104095459,6.817623138427734,6.904140949249268,6.3091535568237305,4478111,0.0,0.0
2000-01-10,7.129087924957275,8.046178817749023,7.129087924957275,7.717411041259766,7.052337646484375,22740195,0.0,0.0
2000-01-11,7.509767055511475,7.509767055511475,7.059873104095459,7.206954002380371,6.58587121963501,9349205,0.0,0.0
2000-01-12,7.094480991363525,7.293471813201904,6.731104850769043,6.817623138427734,6.2300920486450195,14879120,0.0,0.0
2000-01-13,6.938747882843018,7.509767055511475,6.904140949249268,7.475160121917725,6.830964088439941,11210810,0.0,0.0
2000-01-14,7.587634086608887,7.630893230438232,7.007963180541992,7.016613960266113,6.411933898925781,7113400,0.0,0.0
2000-01-18,7.016613960266113,7.3021240234375,6.9993109703063965,7.206954002380371,6.58587121963501,4559742,0.0,0.0
2000-01-19,7.215606212615967,7.258864879608154,6.9993109703063965,7.206954002380371,6.58587121963501,3198032,0.0,0.0
2000-01-20,7.232909202575684,7.752017974853516,7.180998802185059,7.414597034454346,6.7756195068359375,11165299,0.0,0.0
2000-01-21,7.475160121917725,7.717411041259766,7.250213146209717,7.656847953796387,6.996993541717529,6977590,0.0,0.0
2000-01-24,7.734714031219482,7.907750129699707,6.886837005615234,6.990659236907959,6.388216018676758,9729905,0.0,0.0
2000-01-25,7.042570114135742,7.648196220397949,6.973354816436768,7.466507911682129,6.823057651519775,10312154,0.0,0.0
2000-01-26,7.449204921722412,7.700107097625732,7.111783981323242,7.129087924957275,6.514715671539307,3556339,0.0,0.0
2000-01-27,7.137740135192871,7.405945777893066,7.094480991363525,7.345383167266846,6.712370872497559,3929816,0.0,0.0
2000-01-28,7.3021240234375,7.354034900665283,6.9993109703063965,7.120436191558838,6.506809234619141,5958294,0.0,0.0
2000-01-31,7.120436191558838,7.180998802185059,6.402336120605469,6.869534015655518,6.277529716491699,16224937,0.0,0.0
2000-02-01,6.869534015655518,6.947400093078613,6.826274871826172,6.912793159484863,6.317060470581055,7816287,0.0,0.0
2000-02-02,6.9993109703063965,7.630893230438232,6.947400093078613,7.183162212371826,6.56412935256958,14735363,0.0,0.0
2000-02-03,7.33673095703125,7.630893230438232,7.137740135192871,7.574656009674072,6.9218854904174805,15235259,0.0,0.0
2000-02-04,7.648196220397949,7.95966100692749,7.648196220397949,7.777973175048828,7.107680320739746,10108439,0.0,0.0
2000-02-07,7.803928852081299,7.89044713973999,7.544373989105225,7.8471879959106445,7.1709303855896,5024963,0.0,0.0
2000-02-08,7.907750129699707,7.968313217163086,7.578981876373291,7.6395440101623535,6.981181621551514,7330840,0.0,0.0
2000-02-09,7.6395440101623535,7.803928852081299,7.371337890625,7.388641834259033,6.751901626586914,5499575,0.0,0.0
2000-02-10,7.457856178283691,7.578981876373291,7.405945777893066,7.55302619934082,6.902119159698486,3471819,0.0,0.0
2000-02-11,7.578981876373291,7.596284866333008,7.059873104095459,7.08582878112793,6.475183963775635,5355096,0.0,0.0
2000-02-14,7.198301792144775,7.215606212615967,6.74840784072876,6.912793159484863,6.317060470581055,7067166,0.0,0.0
2000-02-15,6.869534015655518,7.094480991363525,6.783016204833984,6.921443939208984,6.324965953826904,11923089,0.0,0.0
2000-02-16,6.912793159484863,6.990659236907959,6.506157875061035,6.7224531173706055,6.143123626708984,5480792,0.0,0.0
2000-02-17,6.817623138427734,6.938747882843018,6.488853931427002,6.661890029907227,6.087779998779297,8759732,0.0,0.0
2000-02-18,6.696497917175293,6.71380090713501,6.0908708572387695,6.255255222320557,5.716188430786133,9638884,0.0,0.0
2000-02-22,6.315817832946777,6.385033130645752,5.935139179229736,6.27255916595459,5.732000827789307,11194918,0.0,0.0
2000-02-23,6.376380920410156,6.834926128387451,6.367729187011719,6.64458703994751,6.071967601776123,9916283,0.0,0.0
2000-02-24,6.7224531173706055,6.783016204833984,6.160086154937744,6.514810085296631,5.953374862670898,16563739,0.0,0.0
2000-02-25,6.817623138427734,6.817623138427734,6.454246997833252,6.609979152679443,6.040342330932617,10517674,0.0,2.0
2000-02-28,6.506157875061035,6.523460865020752,5.900530815124512,5.987049102783203,5.471096038818359,6168871,0.0,0.0
2000-02-29,6.160086154937744,6.367729187011719,5.969746112823486,6.211996078491211,5.676656246185303,12885677,0.0,0.0
2000-03-01,6.246603965759277,6.3331217765808105,5.969746112823486,6.108174800872803,5.581782341003418,8775264,0.0,0.0
2000-03-02,6.0562639236450195,6.0562639236450195,5.7794060707092285,5.848620891571045,5.344596862792969,13389907,0.0,0.0
2000-03-03,5.900530815124512,6.142782211303711,5.7794060707092285,6.073567867279053,5.550158500671387,12944552,0.0,0.0
2000-03-06,6.1254777908325195,6.281210899353027,5.848620891571045,5.987049102783203,5.471096038818359,11476651,0.0,0.0
2000-03-07,5.969746112823486,6.0562639236450195,5.294905185699463,5.433333873748779,4.9650983810424805,13314417,0.0,0.0
2000-03-08,5.554459095001221,6.073567867279053,5.467940807342529,5.969746112823486,5.4552836418151855,12093935,0.0,0.0
2000-03-09,5.969746112823486,6.108174800872803,5.7794060707092285,6.0562639236450195,5.5343451499938965,11439447,0.0,0.0
2000-03-10,6.004353046417236,6.71380090713501,6.004353046417236,6.419640064239502,5.866406440734863,13952290,0.0,0.0
2000-03-13,6.298513889312744,6.298513889312744,5.8140130043029785,5.865923881530762,5.360408782958984,10640120,0.0,0.0
2000-03-14,5.917835235595703,5.987049102783203,5.485245227813721,5.537156105041504,5.059972763061523,7157827,0.0,0.0
2000-03-15,5.571763038635254,5.8140130043029785,5.433333873748779,5.606369972229004,5.123222827911377,15668695,0.0,0.0
2000-03-16,5.554459095001221,6.506157875061035,5.537156105041504,6.281210899353027,5.7399067878723145,11302554,0.0,0.0
2000-03-17,6.073567867279053,6.367729187011719,5.987049102783203,6.004353046417236,5.486908435821533,6061235,0.0,0.0
2000-03-20,5.969746112823486,6.0908708572387695,5.589066028594971,5.623673915863037,5.139035224914551,6524650,0.0,0.0
2000-03-21,5.640976905822754,5.900530815124512,5.519852161407471,5.831316947937012,5.3287835121154785,6091214,0.0,0.0
2000-03-22,5.8140130043029785,6.3331217765808105,5.796710014343262,6.263906955718994,5.724093437194824,15084279,0.0,0.0
2000-03-23,6.1254777908325195,6.471550941467285,6.073567867279053,6.315817832946777,5.771531581878662,6466858,0.0,0.0
2000-03-24,6.419640064239502,6.506157875061035,6.315817832946777,6.402336120605469,5.8505940437316895,7306278,0.0,0.0
2000-03-27,6.402336120605469,6.575372219085693,6.3331217765808105,6.419640064239502,5.866406440734863,5261907,0.0,0.0
2000-03-28,6.436943054199219,6.488853931427002,6.246603965759277,6.385033130645752,5.834782123565674,4387451,0.0,0.0
2000-03-29,6.419640064239502,6.419640064239502,5.952442169189453,6.108174800872803,5.581782341003418,4617172,0.0,0.0
2000-03-30,5.952442169189453,6.402336120605469,5.7794060707092285,5.883227825164795,5.376221179962158,5699677,0.0,0.0
2000-03-31,5.878901958465576,6.350424766540527,5.8140130043029785,6.246603965759277,5.708282947540283,12602499,0.0,0.0
2000-04-03,6.250929832458496,6.367729187011719,5.900530815124512,6.073567867279053,5.550158500671387,5937344,0.0,0.0
2000-04-04,6.073567867279053,6.263906955718994,5.5025482177734375,5.727495193481445,5.233909606933594,9741464,0.0,0.0
2000-04-05,5.7447991371154785,5.935139179229736,5.606369972229004,5.640976905822754,5.154847145080566,3679145,0.0,0.0
2000-04-06,5.831316947937012,6.160086154937744,5.7101922035217285,6.108174800872803,5.581782341003418,6044620,0.0,0.0
2000-04-07,6.0216569900512695,6.229300022125244,5.987049102783203,6.160086154937744,5.629220485687256,4736367,0.0,0.0
2000-04-10,6.151433944702148,6.402336120605469,6.1254777908325195,6.350424766540527,5.80315637588501,9756273,0.0,0.0
2000-04-11,6.194693088531494,6.263906955718994,5.640976905822754,6.038959980010986,5.518532752990723,13710650,0.0,0.0
2000-04-12,6.047612190246582,6.142782211303711,5.7447991371154785,5.7794060707092285,5.281346797943115,4393953,0.0,0.0
2000-04-13,5.831316947937012,5.848620891571045,5.156476020812988,5.2776007652282715,4.822785377502441,11557197,0.0,0.0
2000-04-14,5.2083868980407715,5.225690841674805,4.723886013031006,4.775796890258789,4.364226818084717,10876704,0.0,0.0
2000-04-17,4.706582069396973,5.191082954406738,4.671975135803223,5.191082954406738,4.743724822998047,14412815,0.0,0.0
2000-04-18,5.087262153625488,5.294905185699463,4.879618167877197,5.069958209991455,4.633037090301514,8523510,0.0,0.0
2000-04-19,5.121869087219238,5.191082954406738,4.879618167877197,4.948832988739014,4.522350788116455,9794921,0.0,0.0
2000-04-20,4.983439922332764,5.069958209991455,4.8623151779174805,5.018046855926514,4.585599899291992,8584191,0.0,0.0
2000-04-24,4.983439922332764,5.052653789520264,4.845011234283447,5.000743865966797,4.569788455963135,10766900,0.0,0.0
2000-04-25,5.191082954406738,5.467940807342529,5.1391730308532715,5.467940807342529,4.996723175048828,10954000,0.0,0.0
2000-04-26,5.416029930114746,5.883227825164795,5.416029930114746,5.640976905822754,5.154847145080566,15474732,0.0,0.0
2000-04-27,5.675583839416504,6.246603965759277,5.5025482177734375,6.246603965759277,5.708282947540283,19063217,0.0,0.0
2000-04-28,6.194693088531494,6.64458703994751,6.177389144897461,6.367729187011719,5.818969249725342,18107492,0.0,0.0
2000-05-01,6.367729187011719,6.402336120605469,6.281210899353027,6.3331217765808105,5.787344455718994,7917422,0.0,0.0
2000-05-02,6.3331217765808105,6.402336120605469,6.160086154937744,6.263906955718994,5.724093437194824,11330005,0.0,0.0
2000-05-03,6.298513889312744,6.298513889312744,5.7447991371154785,6.038959980010986,5.518532752990723,12106938,0.0,0.0
2000-05-04,6.038959980010986,6.229300022125244,5.952442169189453,6.177389144897461,5.64503288269043,8545904,0.0,0.0
2000-05-05,6.1254777908325195,6.402336120605469,6.11250114440918,6.385033130645752,5.834782123565674,11832790,0.0,0.0
2000-05-08,6.229300022125244,6.398009777069092,5.952442169189453,6.0908708572387695,5.565969467163086,4222746,0.0,0.0
2000-05-09,6.142782211303711,6.281210899353027,5.865923881530762,6.004353046417236,5.486908435821533,6230636,0.0,0.0
2000-05-10,6.0216569900512695,6.367729187011719,5.987049102783203,6.0908708572387695,5.565969467163086,11018293,0.0,0.0
2000-05-11,6.229300022125244,6.246603965759277,5.917835235595703,6.194693088531494,5.660845756530762,4335439,0.0,0.0
2000-05-12,6.263906955718994,6.402336120605469,6.0562639236450195,6.367729187011719,5.818969249725342,8657875,0.0,0.0
2000-05-15,6.315817832946777,6.385033130645752,6.142782211303711,6.350424766540527,5.80315637588501,5092145,0.0,0.0
2000-05-16,6.367729187011719,6.454246997833252,6.194693088531494,6.350424766540527,5.80315637588501,9859575,0.0,0.0
2000-05-17,6.160086154937744,6.177389144897461,5.883227825164795,5.952442169189453,5.439471244812012,6679964,0.0,0.0
2000-05-18,6.0216569900512695,6.0562639236450195,5.606369972229004,5.640976905822754,5.154847145080566,6516342,0.0,0.0
2000-05-19,5.467940807342529,6.038959980010986,5.433333873748779,5.692887783050537,5.202284336090088,14163951,0.0,0.0
2000-05-22,5.675583839416504,5.7101922035217285,5.329512119293213,5.571763038635254,5.091598033905029,6638426,0.0,0.0
2000-05-23,5.554459095001221,5.554459095001221,5.2083868980407715,5.2083868980407715,4.7595367431640625,9331506,0.0,0.0
2000-05-24,5.199735164642334,5.485245227813721,5.156476020812988,5.4506378173828125,4.9809112548828125,7863965,0.0,0.0
2000-05-25,5.416029930114746,5.519852161407471,5.156476020812988,5.2429938316345215,4.79116153717041,10067985,0.0,0.0
2000-05-26,5.2776007652282715,5.294905185699463,5.000743865966797,5.052653789520264,4.61722469329834,9259628,0.0,0.0
2000-05-30,5.156476020812988,5.2776007652282715,5.1391730308532715,5.2429938316345215,4.79116153717041,17934840,0.0,0.0
2000-05-31,5.225690841674805,5.364119052886963,5.191082954406738,5.2429938316345215,4.79116153717041,10079905,0.0,0.0
2000-06-01,5.416029930114746,5.571763038635254,5.398726940155029,5.5025482177734375,5.028348445892334,10381142,0.0,0.0
2000-06-02,5.753450870513916,5.831316947937012,5.692887783050537,5.831316947937012,5.3287835121154785,7322532,0.0,0.0
2000-06-05,5.7101922035217285,5.848620891571045,5.571763038635254,5.658280849456787,5.170660018920898,3549115,0.0,0.0
2000-06-06,5.675583839416504,5.762103080749512,5.398726940155029,5.519852161407471,5.04416036605835,3900559,0.0,0.0
2000-06-07,5.537156105041504,5.606369972229004,5.433333873748779,5.554459095001221,5.075785160064697,6400398,0.0,0.0
2000-06-08,5.537156105041504,5.571763038635254,5.364119052886963,5.416029930114746,4.949285507202148,8988008,0.0,0.0
2000-06-09,5.537156105041504,5.606369972229004,5.381422996520996,5.4506378173828125,4.9809112548828125,7496629,0.0,0.0
2000-06-12,5.485245227813721,5.4982218742370605,5.052653789520264,5.069958209991455,4.633037090301514,7889249,0.0,0.0
2000-06-13,5.113216876983643,5.381422996520996,5.104565143585205,5.2776007652282715,4.822785377502441,8449103,0.0,0.0
2000-06-14,5.640976905822754,5.900530815124512,5.519852161407471,5.883227825164795,5.376221179962158,54846572,0.0,0.0
2000-06-15,6.3331217765808105,6.523460865020752,6.229300022125244,6.298513889312744,5.755718231201172,56351676,0.0,0.0
2000-06-16,6.592676162719727,6.592676162719727,6.263906955718994,6.315817832946777,5.771531581878662,16788403,0.0,0.0
2000-06-19,6.298513889312744,6.506157875061035,6.0908708572387695,6.385033130645752,5.834782123565674,10886817,0.0,0.0
2000-06-20,6.402336120605469,6.575372219085693,6.3331217765808105,6.488853931427002,5.929656028747559,12309208,0.0,0.0
2000-06-21,6.454246997833252,6.540764808654785,6.246603965759277,6.471550941467285,5.913843631744385,13522828,0.0,0.0
2000-06-22,6.506157875061035,6.523460865020752,6.211996078491211,6.367729187011719,5.818969249725342,12362304,0.0,0.0
2000-06-23,6.488853931427002,6.540764808654785,6.402336120605469,6.454246997833252,5.898031234741211,14880564,0.0,0.0
2000-06-26,6.514810085296631,6.523460865020752,6.3331217765808105,6.385033130645752,5.834782123565674,11726598,0.0,0.0
2000-06-27,6.385033130645752,6.385033130645752,6.160086154937744,6.229300022125244,5.692469596862793,11026600,0.0,0.0
2000-06-28,6.064916133880615,6.229300022125244,5.883227825164795,6.160086154937744,5.629220485687256,12613335,0.0,0.0
2000-06-29,6.082219123840332,6.1254777908325195,5.883227825164795,6.038959980010986,5.518532752990723,6726197,0.0,0.0
2000-06-30,6.0562639236450195,6.190367221832275,5.935139179229736,5.987049102783203,5.471096038818359,11527940,0.0,0.0
2000-07-03,5.987049102783203,6.194693088531494,5.969746112823486,6.1254777908325195,5.597594738006592,4153396,0.0,0.0
2000-07-05,6.082219123840332,6.108174800872803,5.7794060707092285,5.865923881530762,5.360408782958984,8183263,0.0,0.0
2000-07-06,5.935139179229736,6.211996078491211,5.848620891571045,6.177389144897461,5.64503288269043,7966906,0.0,0.0
2000-07-07,6.177389144897461,6.298513889312744,6.0562639236450195,6.1254777908325195,5.597594738006592,4674602,0.0,0.0
2000-07-10,6.142782211303711,6.160086154937744,5.917835235595703,5.935139179229736,5.423658847808838,10103021,0.0,0.0
2000-07-11,5.900530815124512,5.917835235595703,5.554459095001221,5.727495193481445,5.233909606933594,26104378,0.0,0.0
2000-07-12,5.7447991371154785,5.917835235595703,5.537156105041504,5.848620891571045,5.344596862792969,22846387,0.0,0.0
2000-07-13,5.865923881530762,5.969746112823486,5.692887783050537,5.762103080749512,5.265534400939941,7176970,0.0,0.0
2000-07-14,5.7447991371154785,6.506157875061035,5.692887783050537,6.350424766540527,5.80315637588501,15900221,0.0,0.0
2000-07-17,6.281210899353027,6.298513889312744,6.038959980010986,6.0562639236450195,5.5343451499938965,10989036,0.0,0.0
2000-07-18,6.0562639236450195,6.1254777908325195,5.883227825164795,5.952442169189453,5.439471244812012,8205657,0.0,0.0
2000-07-19,5.935139179229736,6.0908708572387695,5.7447991371154785,5.796710014343262,5.297159194946289,5089617,0.0,0.0
2000-07-20,5.831316947937012,6.0908708572387695,5.8140130043029785,5.900530815124512,5.392032623291016,9678977,0.0,0.0
2000-07-21,5.839969158172607,5.883227825164795,5.7101922035217285,5.762103080749512,5.265534400939941,9365458,0.0,0.0
2000-07-24,5.848620891571045,5.883227825164795,5.7101922035217285,5.7447991371154785,5.249722003936768,9519689,0.0,0.0
2000-07-25,5.865923881530762,6.263906955718994,5.7447991371154785,6.073567867279053,5.550158500671387,15786445,0.0,0.0
2000-07-26,6.0908708572387695,6.3331217765808105,5.7794060707092285,5.969746112823486,5.4552836418151855,19952121,0.0,0.0
2000-07-27,5.952442169189453,6.004353046417236,5.589066028594971,5.7447991371154785,5.249722003936768,26097515,0.0,0.0
2000-07-28,5.7447991371154785,5.796710014343262,5.640976905822754,5.675583839416504,5.186472415924072,16069261,0.0,0.0
2000-07-31,5.8140130043029785,5.917835235595703,5.623673915863037,5.831316947937012,5.3287835121154785,7410303,0.0,0.0
2000-08-01,5.762103080749512,5.883227825164795,5.762103080749512,5.831316947937012,5.3287835121154785,5034715,0.0,0.0
2000-08-02,5.874576091766357,5.987049102783203,5.8140130043029785,5.900530815124512,5.392032623291016,6183680,0.0,0.0
2000-08-03,5.7794060707092285,6.108174800872803,5.675583839416504,6.108174800872803,5.581782341003418,7149880,0.0,0.0
2000-08-04,6.142782211303711,6.142782211303711,5.900530815124512,6.0216569900512695,5.502721309661865,7509993,0.0,0.0
2000-08-07,6.0216569900512695,6.142782211303711,5.952442169189453,6.142782211303711,5.613407611846924,14068956,0.0,0.0
2000-08-08,6.073567867279053,6.229300022125244,5.952442169189453,6.211996078491211,5.676656246185303,5679089,0.0,0.0
2000-08-09,6.350424766540527,6.454246997833252,6.298513889312744,6.436943054199219,5.882218360900879,16800684,0.0,0.0
2000-08-10,6.419640064239502,6.696497917175293,6.367729187011719,6.506157875061035,5.945467948913574,9953486,0.0,0.0
2000-08-11,6.523460865020752,6.67919397354126,6.506157875061035,6.609979152679443,6.040342330932617,9923868,0.0,0.0
2000-08-14,6.661890029907227,6.817623138427734,6.609979152679443,6.817623138427734,6.2300920486450195,7378879,0.0,0.0
2000-08-15,6.852230072021484,6.886837005615234,6.67919397354126,6.886837005615234,6.293340682983398,6897043,0.0,0.0
2000-08-16,6.852230072021484,6.869534015655518,6.64458703994751,6.74840784072876,6.166841983795166,11764524,0.0,0.0
2000-08-17,6.67919397354126,6.973354816436768,6.67919397354126,6.938747882843018,6.340778350830078,5829347,0.0,0.0
2000-08-18,6.93009614944458,6.956051826477051,6.783016204833984,6.904140949249268,6.3091535568237305,4503034,0.0,0.0
2000-08-21,6.921443939208984,6.990659236907959,6.67919397354126,6.800319194793701,6.214279651641846,5836932,0.0,0.0
2000-08-22,6.852230072021484,6.869534015655518,6.64458703994751,6.6835198402404785,6.107545852661133,6130223,0.0,0.0
2000-08-23,6.67919397354126,6.921443939208984,6.575372219085693,6.869534015655518,6.277529716491699,6285538,0.0,0.0
2000-08-24,6.852230072021484,6.938747882843018,6.71380090713501,6.904140949249268,6.3091535568237305,7167579,0.0,0.0
2000-08-25,6.886837005615234,7.025266170501709,6.661890029907227,6.661890029907227,6.087779998779297,7308084,0.0,0.0
2000-08-28,6.661890029907227,6.834926128387451,6.609979152679443,6.661890029907227,6.087779998779297,6065569,0.0,0.0
2000-08-29,6.627283096313477,6.765711784362793,6.436943054199219,6.765711784362793,6.18265438079834,7569952,0.0,0.0
2000-08-30,6.661890029907227,6.817623138427734,6.558069229125977,6.783016204833984,6.198466777801514,7698176,0.0,0.0
2000-08-31,6.808970928192139,7.059873104095459,6.64458703994751,6.661890029907227,6.087779998779297,6495754,0.0,0.0
2000-09-01,6.778689861297607,7.180998802185059,6.765711784362793,7.042570114135742,6.4356536865234375,5129348,0.0,0.0
2000-09-05,7.0339179039001465,7.042570114135742,6.765711784362793,6.886837005615234,6.293340682983398,3811343,0.0,0.0
2000-09-06,6.852230072021484,6.921443939208984,6.246603965759277,6.402336120605469,5.8505940437316895,13519938,0.0,0.0
2000-09-07,6.471550941467285,6.488853931427002,6.004353046417236,6.263906955718994,5.724093437194824,9521495,0.0,0.0
2000-09-08,6.281210899353027,6.385033130645752,6.073567867279053,6.160086154937744,5.629220485687256,6191627,0.0,0.0
2000-09-11,6.177389144897461,6.194693088531494,5.952442169189453,6.0562639236450195,5.5343451499938965,6499005,0.0,0.0
2000-09-12,6.1254777908325195,6.298513889312744,5.917835235595703,6.073567867279053,5.550158500671387,7236567,0.0,0.0
2000-09-13,5.978397846221924,6.367729187011719,5.969746112823486,6.211996078491211,5.676656246185303,5704373,0.0,0.0
2000-09-14,6.220647811889648,6.402336120605469,6.1254777908325195,6.177389144897461,5.64503288269043,6819386,0.0,0.0
2000-09-15,6.1254777908325195,6.71380090713501,6.108174800872803,6.488853931427002,5.929656028747559,18935715,0.0,0.0
2000-09-18,6.506157875061035,6.506157875061035,6.0908708572387695,6.281210899353027,5.7399067878723145,10183929,0.0,0.0
2000-09-19,6.315817832946777,6.367729187011719,6.004353046417236,6.177389144897461,5.64503288269043,4514592,0.0,0.0
2000-09-20,6.0562639236450195,6.263906955718994,5.935139179229736,6.229300022125244,5.692469596862793,8129445,0.0,0.0
2000-09-21,6.211996078491211,6.298513889312744,6.0562639236450195,6.194693088531494,5.660845756530762,6535847,0.0,0.0
2000-09-22,6.073567867279053,6.211996078491211,5.969746112823486,6.211996078491211,5.676656246185303,7728156,0.0,0.0
2000-09-25,6.186040878295898,6.186040878295898,5.848620891571045,6.073567867279053,5.550158500671387,13197390,0.0,0.0
2000-09-26,6.073567867279053,6.177389144897461,5.987049102783203,6.004353046417236,5.486908435821533,8728308,0.0,0.0
2000-09-27,6.004353046417236,6.142782211303711,5.969746112823486,6.108174800872803,5.581782341003418,5316809,0.0,0.0
2000-09-28,6.108174800872803,6.74840784072876,6.108174800872803,6.744081974029541,6.162889003753662,7009736,0.0,0.0
2000-09-29,6.67919397354126,6.67919397354126,5.987049102783203,6.073567867279053,5.550158500671387,12345689,0.0,0.0
2000-10-02,6.082219123840332,6.0908708572387695,5.762103080749512,5.796710014343262,5.297159194946289,13897027,0.0,0.0
2000-10-03,5.935139179229736,6.160086154937744,5.900530815124512,6.004353046417236,5.486908435821533,10785321,0.0,0.0
2000-10-04,5.987049102783203,6.194693088531494,5.969746112823486,6.0908708572387695,5.565969467163086,5047718,0.0,0.0
2000-10-05,6.004353046417236,6.108174800872803,5.952442169189453,6.004353046417236,5.486908435821533,6465775,0.0,0.0
2000-10-06,6.004353046417236,6.004353046417236,5.364119052886963,5.4506378173828125,4.9809112548828125,7243791,0.0,0.0
2000-10-09,5.398726940155029,5.7101922035217285,5.316534996032715,5.5025482177734375,5.028348445892334,3892974,0.0,0.0
2000-10-10,5.4506378173828125,5.571763038635254,5.225690841674805,5.2429938316345215,4.79116153717041,6259170,0.0,0.0
2000-10-11,5.191082954406738,5.467940807342529,5.1737799644470215,5.294905185699463,4.83859920501709,10019224,0.0,0.0
2000-10-12,5.225690841674805,5.2776007652282715,4.845011234283447,5.1391730308532715,4.696288108825684,6536569,0.0,0.0
2000-10-13,5.329512119293213,5.398726940155029,4.983439922332764,5.364119052886963,4.901847839355469,8947193,0.0,0.0
2000-10-16,5.312209129333496,5.312209129333496,4.8969221115112305,5.018046855926514,4.585599899291992,10469274,0.0,0.0
2000-10-17,5.074284076690674,5.087262153625488,4.585456848144531,4.827707767486572,4.4116644859313965,12732891,0.0,0.0
2000-10-18,4.775796890258789,5.048328876495361,4.706582069396973,4.879618167877197,4.45910120010376,9374849,0.0,0.0
2000-10-19,5.069958209991455,5.087262153625488,4.758492946624756,4.879618167877197,4.45910120010376,21202583,0.0,0.0
2000-10-20,4.810403823852539,5.2776007652282715,4.723886013031006,4.983439922332764,4.553976058959961,28789149,0.0,0.0
2000-10-23,5.013720989227295,5.225690841674805,4.620063781738281,5.156476020812988,4.712099075317383,5536417,0.0,0.0
2000-10-24,5.294905185699463,5.294905185699463,4.9661359786987305,4.983439922332764,4.553976058959961,5445395,0.0,0.0
2000-10-25,5.000743865966797,5.052653789520264,4.689279079437256,4.706582069396973,4.300976753234863,13977212,0.0,0.0
2000-10-26,4.810403823852539,5.364119052886963,4.585456848144531,5.346816062927246,4.886037349700928,26394057,0.0,0.0
2000-10-27,5.2083868980407715,5.364119052886963,4.914226055145264,5.329512119293213,4.8702239990234375,14918851,0.0,0.0
2000-10-30,5.329512119293213,5.519852161407471,5.191082954406738,5.294905185699463,4.83859920501709,13698369,0.0,0.0
2000-10-31,5.294905185699463,5.623673915863037,5.294905185699463,5.606369972229004,5.123222827911377,8003026,0.0,0.0
2000-11-01,5.467940807342529,5.831316947937012,5.4506378173828125,5.831316947937012,5.3287835121154785,12972003,0.0,0.0
2000-11-02,5.831316947937012,6.038959980010986,5.7794060707092285,5.831316947937012,5.3287835121154785,11746464,0.0,0.0
2000-11-03,5.623673915863037,5.7447991371154785,5.537156105041504,5.623673915863037,5.139035224914551,7968712,0.0,0.0
2000-11-06,5.675583839416504,5.7101922035217285,5.554459095001221,5.606369972229004,5.123222827911377,5079142,0.0,0.0
2000-11-07,5.658280849456787,5.900530815124512,5.554459095001221,5.8140130043029785,5.312971115112305,9467677,0.0,0.0
2000-11-08,5.762103080749512,5.917835235595703,5.623673915863037,5.796710014343262,5.297159194946289,8577328,0.0,0.0
2000-11-09,5.640976905822754,5.675583839416504,5.398726940155029,5.571763038635254,5.091598033905029,20088654,0.0,0.0
2000-11-10,5.571763038635254,5.640976905822754,5.294905185699463,5.416029930114746,4.949285507202148,15255125,0.0,0.0
2000-11-13,5.398726940155029,5.640976905822754,5.398726940155029,5.519852161407471,5.04416036605835,8185791,0.0,0.0
2000-11-14,5.537156105041504,5.640976905822754,5.4506378173828125,5.623673915863037,5.139035224914551,4356388,0.0,0.0
2000-11-15,5.433333873748779,5.692887783050537,5.416029930114746,5.554459095001221,5.075785160064697,5517634,0.0,0.0
2000-11-16,5.580414772033691,5.606369972229004,5.2776007652282715,5.294905185699463,4.83859920501709,4841836,0.0,0.0
2000-11-17,5.191082954406738,5.4506378173828125,5.191082954406738,5.294905185699463,4.83859920501709,5916756,0.0,0.0
2000-11-20,5.290578842163086,5.294905185699463,4.9661359786987305,4.983439922332764,4.553976058959961,7861798,0.0,0.0
2000-11-21,5.156476020812988,5.1737799644470215,4.775796890258789,4.8623151779174805,4.443289279937744,8480166,0.0,0.0
2000-11-22,4.767145156860352,5.018046855926514,4.758492946624756,4.775796890258789,4.364226818084717,10281452,0.0,0.0
2000-11-24,4.775796890258789,5.000743865966797,4.775796890258789,4.983439922332764,4.553976058959961,6562936,0.0,0.0
2000-11-27,5.1737799644470215,5.2429938316345215,4.9661359786987305,5.087262153625488,4.648850440979004,3848908,0.0,0.0
2000-11-28,4.9661359786987305,5.1737799644470215,4.845011234283447,4.853662967681885,4.43538236618042,4492559,0.0,0.0
2000-11-29,4.9315290451049805,5.000743865966797,4.723886013031006,4.983439922332764,4.553976058959961,3265214,0.0,0.0
2000-11-30,4.819056034088135,4.9315290451049805,4.637368202209473,4.6546711921691895,4.2535400390625,8910712,0.0,0.0
2000-12-01,4.827707767486572,4.948832988739014,4.637368202209473,4.671975135803223,4.269352436065674,8995232,0.0,0.0
2000-12-04,4.585456848144531,4.810403823852539,4.481635093688965,4.706582069396973,4.300976753234863,10802658,0.0,0.0
2000-12-05,4.845011234283447,5.121869087219238,4.741189002990723,5.018046855926514,4.585599899291992,18619668,0.0,0.0
2000-12-06,5.026699066162109,5.087262153625488,4.568152904510498,4.671975135803223,4.269352436065674,17722095,0.0,0.0
2000-12-07,4.775796890258789,5.329512119293213,4.758492946624756,5.121869087219238,4.680474758148193,30719382,0.0,0.0
2000-12-08,5.156476020812988,5.225690841674805,4.983439922332764,5.191082954406738,4.743724822998047,9809730,0.0,0.0
2000-12-11,5.121869087219238,5.7101922035217285,5.018046855926514,5.692887783050537,5.202284336090088,12517257,0.0,0.0
2000-12-12,5.589066028594971,5.623673915863037,5.294905185699463,5.381422996520996,4.917661190032959,6624340,0.0,0.0
2000-12-13,5.398726940155029,5.727495193481445,5.364119052886963,5.398726940155029,4.933474063873291,7556949,0.0,0.0
2000-12-14,5.4506378173828125,5.606369972229004,5.329512119293213,5.346816062927246,4.886037349700928,5360875,0.0,0.0
2000-12-15,5.225690841674805,5.467940807342529,4.970461845397949,5.156476020812988,4.712099075317383,15894081,0.0,0.0
2000-12-18,5.160801887512207,5.260297775268555,4.948832988739014,5.1391730308532715,4.696288108825684,9664168,0.0,0.0
2000-12-19,5.204061031341553,5.294905185699463,4.948832988739014,4.983439922332764,4.553976058959961,7284607,0.0,0.0
2000-12-20,4.9315290451049805,5.104565143585205,4.758492946624756,4.793099880218506,4.380038261413574,6747147,0.0,0.0
2000-12-21,4.914226055145264,5.225690841674805,4.914226055145264,5.087262153625488,4.648850440979004,5423723,0.0,0.0
2000-12-22,5.1391730308532715,5.537156105041504,5.1391730308532715,5.346816062927246,4.886037349700928,8349413,0.0,0.0
2000-12-26,5.2429938316345215,5.381422996520996,5.225690841674805,5.312209129333496,4.85441255569458,3083171,0.0,0.0
2000-12-27,5.329512119293213,5.433333873748779,5.225690841674805,5.329512119293213,4.8702239990234375,2935442,0.0,0.0
2000-12-28,5.329512119293213,5.467940807342529,5.312209129333496,5.346816062927246,4.886037349700928,5830792,0.0,0.0
2000-12-29,5.329512119293213,5.589066028594971,5.329512119293213,5.381422996520996,4.917661190032959,8689660,0.0,0.0
2001-01-02,5.398726940155029,5.589066028594971,4.8969221115112305,4.983439922332764,4.553976058959961,7580426,0.0,0.0
2001-01-03,5.018046855926514,5.7447991371154785,4.983439922332764,5.537156105041504,5.059972763061523,13915448,0.0,0.0
2001-01-04,5.312209129333496,5.917835235595703,5.260297775268555,5.537156105041504,5.059972763061523,8638370,0.0,0.0
2001-01-05,5.467940807342529,5.675583839416504,5.381422996520996,5.554459095001221,5.075785160064697,6351275,0.0,0.0
2001-01-08,5.554459095001221,5.883227825164795,5.2429938316345215,5.541481018066406,5.0639262199401855,10208490,0.0,0.0
2001-01-09,5.554459095001221,5.589066028594971,5.416029930114746,5.467940807342529,4.996723175048828,8244305,0.0,0.0
2001-01-10,5.467940807342529,5.554459095001221,5.2429938316345215,5.537156105041504,5.059972763061523,7122429,0.0,0.0
2001-01-11,5.537156105041504,5.831316947937012,5.364119052886963,5.727495193481445,5.233909606933594,14175870,0.0,0.0
2001-01-12,5.831316947937012,6.0216569900512695,5.7447991371154785,5.917835235595703,5.407846450805664,8816801,0.0,0.0
2001-01-16,5.900530815124512,5.987049102783203,5.7101922035217285,5.935139179229736,5.423658847808838,7330479,0.0,0.0
2001-01-17,5.952442169189453,6.0908708572387695,5.4895710945129395,5.519852161407471,5.04416036605835,10645538,0.0,0.0
2001-01-18,5.640976905822754,5.762103080749512,5.554459095001221,5.7101922035217285,5.218098163604736,5385798,0.0,0.0
2001-01-19,5.580414772033691,5.727495193481445,5.398726940155029,5.623673915863037,5.139035224914551,5036160,0.0,0.0
2001-01-22,5.623673915863037,5.623673915863037,5.398726940155029,5.554459095001221,5.075785160064697,3352263,0.0,0.0
2001-01-23,5.554459095001221,5.796710014343262,5.5025482177734375,5.762103080749512,5.265534400939941,6669851,0.0,0.0
2001-01-24,5.7447991371154785,5.796710014343262,5.416029930114746,5.606369972229004,5.123222827911377,7424028,0.0,0.0
2001-01-25,5.606369972229004,5.727495193481445,5.433333873748779,5.4506378173828125,4.9809112548828125,3123625,0.0,0.0
2001-01-26,5.467940807342529,5.519852161407471,5.2083868980407715,5.260297775268555,4.806974411010742,6353081,0.0,0.0
2001-01-29,5.225690841674805,5.485245227813721,5.104565143585205,5.385748863220215,4.921613693237305,8437184,0.0,0.0
2001-01-30,5.398726940155029,5.658280849456787,5.364119052886963,5.416029930114746,4.949285507202148,9744714,0.0,0.0
2001-01-31,5.312209129333496,5.606369972229004,5.1737799644470215,5.519852161407471,5.04416036605835,11747187,0.0,0.0
2001-02-01,5.7447991371154785,5.900530815124512,5.519852161407471,5.675583839416504,5.186472415924072,22361662,0.0,0.0
2001-02-02,5.675583839416504,5.848620891571045,5.537156105041504,5.7101922035217285,5.218098163604736,12407092,0.0,0.0
2001-02-05,5.727495193481445,5.969746112823486,5.692887783050537,5.900530815124512,5.392032623291016,8164842,0.0,0.0
2001-02-06,5.917835235595703,6.177389144897461,5.865923881530762,6.160086154937744,5.629220485687256,9741464,0.0,0.0
2001-02-07,6.142782211303711,6.3331217765808105,5.935139179229736,6.263906955718994,5.724093437194824,6227024,0.0,0.0
2001-02-08,6.242278099060059,6.350424766540527,5.987049102783203,6.0908708572387695,5.565969467163086,10030059,0.0,0.0
2001-02-09,6.004353046417236,6.211996078491211,5.883227825164795,6.0908708572387695,5.565969467163086,6300347,0.0,0.0
2001-02-12,6.1254777908325195,6.263906955718994,6.0562639236450195,6.142782211303711,5.613407611846924,7370571,0.0,0.0
2001-02-13,6.177389144897461,6.350424766540527,6.038959980010986,6.0562639236450195,5.5343451499938965,6499727,0.0,0.0
2001-02-14,6.0908708572387695,6.177389144897461,6.0216569900512695,6.160086154937744,5.629220485687256,7092811,0.0,0.0
2001-02-15,6.142782211303711,6.229300022125244,6.0562639236450195,6.108174800872803,5.581782341003418,4815830,0.0,0.0
2001-02-16,5.952442169189453,6.108174800872803,5.952442169189453,5.969746112823486,5.4552836418151855,10939913,0.0,0.0
2001-02-20,6.004353046417236,6.142782211303711,5.987049102783203,6.038959980010986,5.518532752990723,7424390,0.0,0.0
2001-02-21,6.038959980010986,6.194693088531494,5.883227825164795,6.004353046417236,5.486908435821533,10044146,0.0,0.0
2001-02-22,6.0562639236450195,6.160086154937744,6.0216569900512695,6.1254777908325195,5.597594738006592,7444255,0.0,0.0
2001-02-23,6.155759811401367,6.211996078491211,5.762103080749512,6.177389144897461,5.64503288269043,14478914,0.0,0.0
2001-02-26,6.160086154937744,6.506157875061035,6.1254777908325195,6.385033130645752,5.834782123565674,8716027,0.0,0.0
2001-02-27,6.315817832946777,6.575372219085693,6.298513889312744,6.385033130645752,5.834782123565674,9878357,0.0,0.0
2001-02-28,6.419640064239502,6.558069229125977,6.263906955718994,6.523460865020752,5.961280345916748,9893527,0.0,0.0
2001-03-01,6.484528064727783,6.540764808654785,6.298513889312744,6.454246997833252,5.898031234741211,11448116,0.0,0.0
2001-03-02,6.385033130645752,6.575372219085693,6.3331217765808105,6.385033130645752,5.834782123565674,4659793,0.0,0.0
2001-03-05,6.488853931427002,6.64458703994751,6.436943054199219,6.609979152679443,6.040342330932617,5731101,0.0,0.0
2001-03-06,6.609979152679443,6.731104850769043,6.575372219085693,6.67919397354126,6.103592395782471,4692301,0.0,0.0
2001-03-07,6.661890029907227,6.904140949249268,6.627283096313477,6.765711784362793,6.18265438079834,9676087,0.0,0.0
2001-03-08,6.765711784362793,6.886837005615234,6.64458703994751,6.696497917175293,6.119406223297119,6394980,0.0,0.0
2001-03-09,6.6878461837768555,6.71380090713501,6.367729187011719,6.471550941467285,5.913843631744385,4574551,0.0,0.0
2001-03-12,6.445594787597656,6.471550941467285,6.160086154937744,6.160086154937744,5.629220485687256,7358652,0.0,0.0
2001-03-13,6.3331217765808105,6.419640064239502,6.177389144897461,6.402336120605469,5.8505940437316895,11155186,0.0,0.0
2001-03-14,6.350424766540527,6.419640064239502,6.194693088531494,6.298513889312744,5.755718231201172,6939664,0.0,0.0
2001-03-15,6.3331217765808105,6.385033130645752,6.211996078491211,6.246603965759277,5.708282947540283,3644470,0.0,0.0
2001-03-16,6.160086154937744,6.471550941467285,6.160086154937744,6.419640064239502,5.866406440734863,9675726,0.0,0.0
2001-03-19,6.436943054199219,6.696497917175293,6.419640064239502,6.67919397354126,6.103592395782471,10709109,0.0,0.0
2001-03-20,6.540764808654785,6.800319194793701,6.263906955718994,6.281210899353027,5.7399067878723145,7016238,0.0,0.0
2001-03-21,6.367729187011719,6.540764808654785,6.211996078491211,6.488853931427002,5.929656028747559,6079295,0.0,0.0
2001-03-22,6.471550941467285,6.540764808654785,6.108174800872803,6.402336120605469,5.8505940437316895,17058217,0.0,0.0
2001-03-23,6.488853931427002,6.523460865020752,6.0562639236450195,6.229300022125244,5.692469596862793,6646012,0.0,0.0
2001-03-26,6.255255222320557,6.367729187011719,6.0908708572387695,6.1254777908325195,5.597594738006592,9347399,0.0,0.0
2001-03-27,6.160086154937744,6.506157875061035,6.0908708572387695,6.488853931427002,5.929656028747559,9613961,0.0,0.0
2001-03-28,6.23795223236084,6.436943054199219,6.194693088531494,6.350424766540527,5.80315637588501,7084504,0.0,0.0
2001-03-29,6.194693088531494,6.471550941467285,6.108174800872803,6.367729187011719,5.818969249725342,3935233,0.0,0.0
2001-03-30,6.385033130645752,6.661890029907227,6.380706787109375,6.627283096313477,6.056154727935791,6899933,0.0,0.0
2001-04-02,6.523460865020752,6.74840784072876,6.350424766540527,6.488853931427002,5.929656028747559,9284912,0.0,0.0
2001-04-03,6.367729187011719,6.506157875061035,6.073567867279053,6.0908708572387695,5.565969467163086,7483987,0.0,0.0
2001-04-04,6.064916133880615,6.402336120605469,5.952442169189453,6.367729187011719,5.818969249725342,14313125,0.0,0.0
2001-04-05,6.315817832946777,6.471550941467285,6.004353046417236,6.402336120605469,5.8505940437316895,11096672,0.0,0.0
2001-04-06,6.177389144897461,6.194693088531494,5.917835235595703,5.917835235595703,5.407846450805664,8828359,0.0,0.0
2001-04-09,5.924756050109863,6.146243095397949,5.924756050109863,6.101944923400879,5.576089382171631,5245654,0.0,0.0
2001-04-10,6.143474102020264,6.190539836883545,5.924756050109863,5.938599109649658,5.426820755004883,11964266,0.0,0.0
2001-04-11,6.010581970214844,6.0521111488342285,5.5814528465271,6.007813930511475,5.490070343017578,16703161,0.0,0.0
2001-04-12,5.885995864868164,6.1047139167785645,5.800169944763184,6.077027797698975,5.553320407867432,8717472,0.0,0.0
2001-04-16,6.007813930511475,6.054880142211914,5.89707088470459,5.941368103027344,5.429351329803467,6083268,0.0,0.0
2001-04-17,5.874921798706055,6.243143081665039,5.802938938140869,5.830625057220459,5.328152179718018,11285939,0.0,0.0
2001-04-18,5.913681983947754,6.508925914764404,5.872154235839844,6.392645835876465,5.841739177703857,11773193,0.0,0.0
2001-04-19,6.28190279006958,6.4784722328186035,6.032731056213379,6.403719902038574,5.851858139038086,9720153,0.0,0.0
2001-04-20,6.3594231605529785,6.506157875061035,6.201613903045654,6.459092140197754,5.902458667755127,7395494,0.0,0.0
2001-04-23,6.436943054199219,6.467398166656494,6.323431968688965,6.331737041473389,5.786079406738281,4346997,0.0,0.0
2001-04-24,6.348349094390869,6.506157875061035,6.2237629890441895,6.243143081665039,5.705120086669922,6419541,0.0,0.0
2001-04-25,6.423099994659424,6.655661106109619,6.417562961578369,6.6362810134887695,6.064377784729004,6499005,0.0,0.0
2001-04-26,6.603057861328125,6.727643966674805,6.470166206359863,6.661198139190674,6.087146759033203,8569021,0.0,0.0
2001-04-27,6.661198139190674,6.683347225189209,6.506157875061035,6.647355079650879,6.074497222900391,13369680,0.0,0.0
2001-04-30,6.73041296005249,6.938055992126465,6.64458703994751,6.935286998748779,6.337616443634033,19233702,0.0,0.0
2001-05-01,6.90483283996582,7.148468017578125,6.788553237915039,7.13462495803833,6.519774913787842,15984380,0.0,0.0
2001-05-02,7.137393951416016,7.33673095703125,6.522768974304199,6.946362018585205,6.34773588180542,9286356,0.0,0.0
2001-05-03,6.902063846588135,6.976816177368164,6.672272205352783,6.71380090713501,6.135217189788818,7086310,0.0,0.0
2001-05-04,6.658430099487305,7.214913845062256,6.6002888679504395,7.18999719619751,6.570375442504883,11945483,0.0,0.0
2001-05-07,7.129087924957275,7.167848110198975,6.9131388664245605,7.087559223175049,6.4767656326293945,4583220,0.0,0.0
2001-05-08,7.073716163635254,7.1955342292785645,6.946362018585205,7.167848110198975,6.550136089324951,5142351,0.0,0.0
2001-05-09,7.129087924957275,7.214913845062256,6.841156005859375,6.965742111206055,6.365446090698242,6363917,0.0,0.0
2001-05-10,7.00173282623291,7.217681884765625,6.921443939208984,7.156774044036865,6.540015697479248,8527483,0.0,0.0
2001-05-11,7.159542083740234,7.43363094329834,7.14293098449707,7.320119857788086,6.689284324645996,18116883,0.0,0.0
2001-05-14,7.256442070007324,7.30904483795166,7.087559223175049,7.281360149383545,6.653864860534668,12718443,0.0,0.0
2001-05-15,7.273054122924805,7.56652307510376,7.273054122924805,7.397640228271484,6.7601237297058105,14537428,0.0,0.0
2001-05-16,7.381028175354004,7.475160121917725,7.184459209442139,7.464086055755615,6.8208441734313965,11241512,0.0,0.0
2001-05-17,7.439168930053711,7.563755035400391,7.439168930053711,7.491772174835205,6.84614372253418,12270199,0.0,0.0
2001-05-18,7.494540214538574,7.502845764160156,7.33673095703125,7.491772174835205,6.84614372253418,7166857,0.0,0.0
2001-05-21,7.500076770782471,7.591440200805664,7.33673095703125,7.560986042022705,6.909392833709717,11286661,0.0,0.0
2001-05-22,7.281360149383545,7.544373989105225,7.23983097076416,7.508382797241211,6.861323356628418,8144254,0.0,0.0
2001-05-23,7.46131706237793,7.464086055755615,7.082022190093994,7.087559223175049,6.4767656326293945,8727586,0.0,0.0
2001-05-24,7.123550891876221,7.217681884765625,6.8383870124816895,7.13462495803833,6.519774913787842,11282327,0.0,0.0
2001-05-25,7.137393951416016,7.2204508781433105,6.885453224182129,6.982353210449219,6.3806257247924805,4114748,0.0,0.0
2001-05-29,6.987889766693115,7.059873104095459,6.816238880157471,6.9740471839904785,6.373035430908203,6238582,0.0,0.0
2001-05-30,6.90483283996582,7.198301792144775,6.857767105102539,6.868842124938965,6.276896953582764,7220314,0.0,0.0
2001-05-31,6.9269819259643555,7.278591156005859,6.866073131561279,7.159542083740234,6.542544841766357,8881455,0.0,0.0
2001-06-01,7.187228202819824,7.281360149383545,7.059873104095459,7.20383882522583,6.583024978637695,5361236,0.0,0.0
2001-06-04,7.278591156005859,7.3533430099487305,7.1014018058776855,7.209376811981201,6.588084697723389,3151799,0.0,0.0
2001-06-05,7.20383882522583,7.544373989105225,7.198301792144775,7.46131706237793,6.818314075469971,10921853,0.0,0.0
2001-06-06,7.447474002838135,7.46131706237793,7.054336071014404,7.093095779418945,6.481825351715088,9633827,0.0,0.0
2001-06-07,7.073716163635254,7.320119857788086,6.990659236907959,7.129087924957275,6.514715671539307,5675477,0.0,0.0
2001-06-08,7.148468017578125,7.148468017578125,6.832849979400635,6.85499906539917,6.264246463775635,6715000,0.0,0.0
2001-06-11,6.85499906539917,7.14293098449707,6.8383870124816895,6.962973117828369,6.362915992736816,5677283,0.0,0.0
2001-06-12,6.921443939208984,7.156774044036865,6.918675899505615,7.06541109085083,6.456525802612305,7541056,0.0,0.0
2001-06-13,7.0321879386901855,7.2481369972229,7.004501819610596,7.03772497177124,6.431225299835205,6154785,0.0,0.0
2001-06-14,7.018344879150391,7.018344879150391,6.783016204833984,6.8079328536987305,6.221236705780029,5463094,0.0,0.0
2001-06-15,6.8107008934021,7.129087924957275,6.672272205352783,7.03772497177124,6.431225299835205,7043327,0.0,0.0
2001-06-18,7.059873104095459,7.129087924957275,6.8245439529418945,6.882684230804443,6.289545059204102,6815413,0.0,0.0
2001-06-19,7.06541109085083,7.21214485168457,6.971279144287109,7.05710506439209,6.448935508728027,6968921,0.0,0.0
2001-06-20,7.059873104095459,7.47792911529541,6.962973117828369,7.4585490226745605,6.815784454345703,9870772,0.0,0.0
2001-06-21,7.3173508644104,7.674498081207275,7.297970771789551,7.638505935668945,6.9802327156066895,11055496,0.0,0.0
2001-06-22,7.657886028289795,7.6606550216674805,7.4087138175964355,7.439168930053711,6.798074245452881,8070570,0.0,0.0
2001-06-25,7.530531883239746,7.585903167724609,7.4530110359191895,7.51945686340332,6.871443271636963,5978160,0.0,0.0
2001-06-26,7.491772174835205,7.641274929046631,7.455780029296875,7.508382797241211,6.861323356628418,5152465,0.0,0.0
2001-06-27,7.502845764160156,7.502845764160156,7.1816911697387695,7.46131706237793,6.818314075469971,6030172,0.0,0.0
2001-06-28,7.475160121917725,7.760324001312256,7.4530110359191895,7.724331855773926,7.058662414550781,9543889,0.0,0.0
2001-06-29,7.70772123336792,7.807388782501221,7.51945686340332,7.752017974853516,7.083962917327881,9030629,0.0,0.0
2001-07-02,7.743711948394775,7.782472133636475,7.533299922943115,7.613588809967041,6.957462310791016,6064486,0.0,0.0
2001-07-03,7.616357803344727,7.616357803344727,7.444705963134766,7.475160121917725,6.830964088439941,2468054,0.0,0.0
2001-07-05,7.472391128540039,7.655117988586426,7.417019844055176,7.5720601081848145,6.9195122718811035,7803646,0.0,0.0
2001-07-06,7.47792911529541,7.494540214538574,7.237061977386475,7.342267990112305,6.709523677825928,4201796,0.0,0.0
2001-07-09,7.3394999504089355,7.544373989105225,7.26751708984375,7.4585490226745605,6.815784454345703,3097980,0.0,0.0
2001-07-10,7.47792911529541,7.5277628898620605,7.148468017578125,7.159542083740234,6.542544841766357,4664850,0.0,0.0
2001-07-11,7.1456990242004395,7.33673095703125,7.059873104095459,7.261980056762695,6.636154651641846,6064486,0.0,0.0
2001-07-12,7.292434215545654,7.500076770782471,7.228756904602051,7.419787883758545,6.7803635597229,6851171,0.0,0.0
2001-07-13,7.4087138175964355,7.4087138175964355,6.976816177368164,6.9934282302856445,6.390746593475342,10560657,0.0,0.0
2001-07-16,6.949130058288574,7.5277628898620605,6.783016204833984,7.342267990112305,6.709523677825928,20400727,0.0,0.0
2001-07-17,7.389334201812744,7.619125843048096,7.3173508644104,7.486234188079834,6.84108304977417,15831594,0.0,0.0
2001-07-18,7.500076770782471,7.627431869506836,7.281360149383545,7.6108198165893555,6.95493221282959,14470968,0.0,0.0
2001-07-19,7.752017974853516,7.843380928039551,7.444705963134766,7.464086055755615,6.8208441734313965,9264685,0.0,0.0
2001-07-20,7.4585490226745605,7.544373989105225,7.43363094329834,7.46131706237793,6.818314075469971,7331201,0.0,0.0
2001-07-23,7.480697154998779,7.4890031814575195,7.14293098449707,7.256442070007324,6.631093978881836,4070682,0.0,0.0
2001-07-24,7.198301792144775,7.4890031814575195,6.976816177368164,7.23983097076416,6.615915298461914,6403288,0.0,0.0
2001-07-25,7.311813831329346,7.472391128540039,6.990659236907959,7.46131706237793,6.818314075469971,10047758,0.0,0.0
2001-07-26,7.4087138175964355,7.771398067474365,7.333962917327881,7.746480941772461,7.078902721405029,9511020,0.0,0.0
2001-07-27,7.668960094451904,7.807388782501221,7.44193696975708,7.75755500793457,7.089021682739258,11328199,0.0,0.0
2001-07-30,7.7658610343933105,7.774166107177734,7.60251522064209,7.718794822692871,7.053602695465088,3913200,0.0,0.0
2001-07-31,7.682803153991699,7.7658610343933105,7.641274929046631,7.754786014556885,7.086491584777832,6645650,0.0,0.0
2001-08-01,7.7658610343933105,7.87383508682251,7.68003511428833,7.763092041015625,7.094082355499268,11694452,0.0,0.0
2001-08-02,7.832306861877441,7.8350749015808105,7.605282783508301,7.62466287612915,6.9675822257995605,7937288,0.0,0.0
2001-08-03,7.674498081207275,7.682803153991699,7.405945777893066,7.475160121917725,6.830964088439941,3710569,0.0,0.0
2001-08-06,7.45024299621582,7.585903167724609,7.36441707611084,7.475160121917725,6.830964088439941,3442562,0.0,0.0
2001-08-07,7.4585490226745605,7.621894836425781,7.447474002838135,7.533299922943115,6.884092807769775,4105357,0.0,0.0
2001-08-08,7.508382797241211,7.7160258293151855,7.33673095703125,7.475160121917725,6.830964088439941,7075113,0.0,0.0
2001-08-09,7.419787883758545,7.49730920791626,7.151236057281494,7.295201778411865,6.666513919830322,8380837,0.0,0.0
2001-08-10,7.256442070007324,7.33673095703125,7.095864772796631,7.206607818603516,6.585554599761963,4492559,0.0,0.0
2001-08-13,7.2204508781433105,7.2481369972229,6.921443939208984,7.0626420974731445,6.453995227813721,19223227,0.0,0.0
2001-08-14,7.0764851570129395,7.23983097076416,7.018344879150391,7.046030044555664,6.438814640045166,9031352,0.0,0.0
2001-08-15,7.034955978393555,7.046030044555664,6.716569900512695,6.777478218078613,6.19340705871582,13393158,0.0,0.0
2001-08-16,6.727643966674805,6.971279144287109,6.691652774810791,6.890989780426025,6.2971367835998535,5700400,0.0,0.0
2001-08-17,6.813469886779785,6.868842124938965,6.575372219085693,6.575372219085693,6.0087175369262695,4607420,0.0,0.0
2001-08-20,6.655661106109619,6.796857833862305,6.6362810134887695,6.783016204833984,6.198466777801514,7902252,0.0,0.0
2001-08-21,6.821775913238525,6.830080986022949,6.497851848602295,6.553224086761475,5.988478660583496,10232329,0.0,0.0
2001-08-22,6.572604179382324,6.6002888679504395,6.215456962585449,6.229300022125244,5.692469596862793,11946928,0.0,0.0
2001-08-23,6.265292167663574,6.423099994659424,6.063185214996338,6.085333824157715,5.560909748077393,8454521,0.0,0.0
2001-08-24,6.17669677734375,6.4120259284973145,6.118556976318359,6.4120259284973145,5.8594489097595215,10095797,0.0,0.0
2001-08-27,6.373266220092773,6.675041198730469,6.254217147827148,6.594751834869385,6.026427268981934,8049620,0.0,0.0
2001-08-28,6.603057861328125,6.655661106109619,6.4840087890625,6.542149066925049,5.978358268737793,7509993,0.0,0.0
2001-08-29,6.52000093460083,6.663967132568359,6.312356948852539,6.3289690017700195,5.783549785614014,8414429,0.0,0.0
2001-08-30,6.315125942230225,6.51169490814209,6.118556976318359,6.137937068939209,5.608980655670166,6263866,0.0,0.0
2001-08-31,6.201613903045654,6.64458703994751,6.1268630027771,6.4120259284973145,5.8594489097595215,5726045,0.0,0.0
2001-09-04,6.4480180740356445,6.7553300857543945,6.38710880279541,6.38710880279541,5.836678504943848,6156591,0.0,0.0
2001-09-05,6.389877796173096,6.64458703994751,6.353886127471924,6.453555107116699,5.897398948669434,8105967,0.0,0.0
2001-09-06,6.423099994659424,6.64458703994751,6.353886127471924,6.356655120849609,5.808849811553955,8906739,0.0,0.0
2001-09-07,6.367729187011719,6.561529159545898,6.2403740882873535,6.37880277633667,5.8290886878967285,5968046,0.0,0.0
2001-09-10,6.3815717697143555,6.59752082824707,6.2791337966918945,6.38710880279541,5.836678504943848,7863965,0.0,0.0
2001-09-17,5.675583839416504,5.7447991371154785,5.055422782897949,5.108026027679443,4.667825222015381,27243591,0.0,0.0
2001-09-18,5.1689348220825195,5.354428768157959,4.554309844970703,4.581995964050293,4.187127113342285,42410222,0.0,0.0
2001-09-19,4.568152904510498,5.3710408210754395,4.568152904510498,5.329512119293213,4.8702239990234375,46020018,0.0,0.0
2001-09-20,5.307363986968994,5.335049152374268,4.936374187469482,4.994513988494873,4.564095973968506,18250887,0.0,0.0
2001-09-21,4.831168174743652,5.310132026672363,4.797945022583008,5.121869087219238,4.680474758148193,22679153,0.0,0.0
2001-09-24,5.149555206298828,5.423644065856934,5.108026027679443,5.213232040405273,4.763964653015137,12854614,0.0,0.0
2001-09-25,5.174471855163574,5.202157974243164,4.8920769691467285,4.994513988494873,4.564095973968506,13435057,0.0,0.0
2001-09-26,4.980670928955078,5.0803399085998535,4.739805221557617,4.750878810882568,4.341456413269043,10664681,0.0,0.0
2001-09-27,4.761953830718994,4.997282981872559,4.739805221557617,4.930837154388428,4.505905628204346,7925730,0.0,0.0
2001-09-28,4.928068161010742,5.213232040405273,4.928068161010742,4.977902889251709,4.548915863037109,11386713,0.0,0.0
2001-10-01,4.972365856170654,5.240918159484863,4.831168174743652,5.166165828704834,4.720954418182373,7826040,0.0,0.0
2001-10-02,5.094182968139648,5.323975086212158,4.878233909606934,5.030506134033203,4.596985816955566,8983313,0.0,0.0
2001-10-03,4.969596862792969,5.600832939147949,4.858853816986084,5.503932952880859,5.029613971710205,12275978,0.0,0.0
2001-10-04,5.5814528465271,5.977358818054199,5.537156105041504,5.592526912689209,5.110572338104248,14989284,0.0,0.0
2001-10-05,5.562073230743408,5.675583839416504,5.260297775268555,5.470709800720215,4.999253273010254,4469804,0.0,0.0
2001-10-08,5.354428768157959,5.5565361976623535,5.177239894866943,5.263065814971924,4.80950403213501,4073210,0.0,0.0
2001-10-09,5.260297775268555,5.301826000213623,5.102488994598389,5.146786212921143,4.703244686126709,3202366,0.0,0.0
2001-10-10,5.193851947784424,5.4762468338012695,5.127406120300293,5.420875072479248,4.953713893890381,5764693,0.0,0.0
2001-10-11,5.454098224639893,5.9718217849731445,5.454098224639893,5.827856063842773,5.325620651245117,12276700,0.0,0.0
2001-10-12,5.7447991371154785,5.7447991371154785,5.227075099945068,5.661742210388184,5.17382287979126,7673615,0.0,0.0
2001-10-15,5.6562042236328125,5.692195892333984,5.537156105041504,5.600832939147949,5.118163108825684,4923105,0.0,0.0
2001-10-16,5.6257500648498535,5.717113018035889,5.5952959060668945,5.706038951873779,5.2143025398254395,6033061,0.0,0.0
2001-10-17,5.722650051116943,5.883227825164795,5.285214900970459,5.310132026672363,4.852514266967773,12171953,0.0,0.0
2001-10-18,5.315669059753418,5.357198238372803,4.941911220550537,5.0415802001953125,4.607105731964111,13501156,0.0,0.0
2001-10-19,4.983439922332764,5.260297775268555,4.911457061767578,5.177239894866943,4.731074333190918,11071388,0.0,0.0
2001-10-22,5.163397789001465,5.492857933044434,5.066496849060059,5.448561191558838,4.979013442993164,7846628,0.0,0.0
2001-10-23,5.335049152374268,5.492857933044434,5.260297775268555,5.3876519203186035,4.92335319519043,10144198,0.0,0.0
2001-10-24,5.260297775268555,5.462403774261475,4.936374187469482,5.163397789001465,4.718425273895264,17738711,0.0,0.0
2001-10-25,5.0637288093566895,5.299057960510254,4.955753803253174,5.296288967132568,4.8398637771606445,12424791,0.0,0.0
2001-10-26,5.260297775268555,5.359967231750488,5.216001033782959,5.2879838943481445,4.832274436950684,9033519,0.0,0.0
2001-10-29,5.246455192565918,5.265834808349609,4.986208915710449,5.016663074493408,4.5843353271484375,9229287,0.0,0.0
2001-10-30,5.0111260414123535,5.0803399085998535,4.941911220550537,5.002820014953613,4.571685791015625,12288259,0.0,0.0
2001-10-31,5.066496849060059,5.166165828704834,5.005589008331299,5.105257034301758,4.665294647216797,7264018,0.0,0.0
2001-11-01,5.174471855163574,5.3710408210754395,5.0803399085998535,5.329512119293213,4.8702239990234375,6786517,0.0,0.0
2001-11-02,5.301826000213623,5.357198238372803,5.177239894866943,5.310132026672363,4.852514266967773,5430947,0.0,0.0
2001-11-05,5.479014873504639,5.562073230743408,5.398726940155029,5.495626926422119,5.022022247314453,6146116,0.0,0.0
2001-11-06,5.481783866882324,5.805707931518555,5.3710408210754395,5.761410236358643,5.2649030685424805,10177428,0.0,0.0
2001-11-07,5.8140130043029785,5.841699123382568,5.548230171203613,5.603600978851318,5.120692729949951,7390076,0.0,0.0
2001-11-08,5.661742210388184,5.77248477935791,5.498394966125488,5.675583839416504,5.186472415924072,13535108,0.0,0.0
2001-11-09,5.661742210388184,5.661742210388184,5.456867218017578,5.537156105041504,5.059972763061523,7008291,0.0,0.0
2001-11-12,5.462403774261475,5.528850078582764,5.108026027679443,5.4762468338012695,5.0043134689331055,4952723,0.0,0.0
2001-11-13,5.567609786987305,5.622981071472168,5.467940807342529,5.586989879608154,5.105512619018555,8584913,0.0,0.0
2001-11-14,5.611907005310059,5.6783528327941895,5.523313045501709,5.611907005310059,5.12828254699707,11868910,0.0,0.0
2001-11-15,5.575915813446045,5.739262104034424,5.481783866882324,5.592526912689209,5.110572338104248,19480038,0.0,0.0
2001-11-16,5.634056091308594,5.869384765625,5.553767204284668,5.7835588455200195,5.285141468048096,12664625,0.0,0.0
2001-11-19,5.841699123382568,6.162854194641113,5.822319030761719,6.10748291015625,5.581150531768799,14466272,0.0,0.0
2001-11-20,6.074260234832764,6.074260234832764,5.827856063842773,5.955211162567139,5.442001819610596,8159424,0.0,0.0
2001-11-21,5.89707088470459,5.980127811431885,5.766948223114014,5.969054222106934,5.454651355743408,9584704,0.0,0.0
2001-11-23,5.9718217849731445,5.999507904052734,5.88876485824585,5.999507904052734,5.482480525970459,1514135,0.0,0.0
2001-11-26,6.013350963592529,6.270829200744629,5.952442169189453,6.270829200744629,5.730419635772705,11102090,0.0,0.0
2001-11-27,6.248680114746094,6.3594231605529785,6.049342155456543,6.226531028747559,5.689939022064209,9910142,0.0,0.0
2001-11-28,6.17669677734375,6.2403740882873535,5.966285228729248,6.054880142211914,5.533080101013184,6237499,0.0,0.0
2001-11-29,6.0355000495910645,6.1739277839660645,5.980127811431885,6.1739277839660645,5.64186954498291,9658027,0.0,0.0
2001-11-30,6.151780128479004,6.353886127471924,6.146243095397949,6.23206901550293,5.695000171661377,5897974,0.0,0.0
2001-12-03,6.215456962585449,6.298513889312744,6.0355000495910645,6.1268630027771,5.598860263824463,3893335,0.0,0.0
2001-12-04,6.10748291015625,6.622437953948975,6.0908708572387695,6.58921480178833,6.02136754989624,10783154,0.0,0.0
2001-12-05,6.647355079650879,7.087559223175049,6.603057861328125,7.0764851570129395,6.46664571762085,21938340,0.0,0.0
2001-12-06,7.082022190093994,7.178922176361084,6.852230072021484,6.960205078125,6.360386371612549,15228396,0.0,0.0
2001-12-07,6.949130058288574,7.073716163635254,6.79132080078125,6.841156005859375,6.251596927642822,11952346,0.0,0.0
2001-12-10,6.852230072021484,6.949130058288574,6.555992126464844,6.630743980407715,6.059317588806152,9234705,0.0,0.0
2001-12-11,6.949130058288574,7.26751708984375,6.802395820617676,6.935286998748779,6.337616443634033,39017506,0.0,0.0
2001-12-12,6.910369873046875,7.01003885269165,6.633512020111084,6.7940897941589355,6.2085862159729,17012706,0.0,0.0
2001-12-13,6.760867118835449,6.7940897941589355,6.575372219085693,6.59752082824707,6.028957843780518,6638426,0.0,0.0
2001-12-14,6.58921480178833,6.863304138183594,6.569835186004639,6.594751834869385,6.026427268981934,6032339,0.0,0.0
2001-12-17,7.112475872039795,7.1152448654174805,6.558761119842529,6.9269819259643555,6.330026626586914,69176312,0.0,0.0
2001-12-18,6.90483283996582,7.46962308883667,6.8882222175598145,7.436399936676025,6.795544147491455,38704710,0.0,0.0
2001-12-19,7.419787883758545,7.500076770782471,7.253674030303955,7.375491142272949,6.739884853363037,24135135,0.0,0.0
2001-12-20,7.289665222167969,7.3837971687316895,7.184459209442139,7.26751708984375,6.6412153244018555,15668695,0.0,0.0
2001-12-21,7.273054122924805,7.30904483795166,7.159542083740234,7.242599964141846,6.61844539642334,11677837,0.0,0.0
2001-12-24,7.30904483795166,7.411482810974121,7.23983097076416,7.3561110496521,6.722174167633057,1593959,0.0,0.0
2001-12-26,7.375491142272949,7.494540214538574,7.253674030303955,7.43363094329834,6.793013095855713,6822637,0.0,0.0
2001-12-27,7.436399936676025,7.5720601081848145,7.386566162109375,7.522225856781006,6.873973369598389,5477180,0.0,0.0
2001-12-28,7.5277628898620605,7.70772123336792,7.505613803863525,7.516688823699951,6.868913173675537,9657666,0.0,0.0
2001-12-31,7.502845764160156,7.613588809967041,7.43363094329834,7.560986042022705,6.909392833709717,7540695,0.0,0.0
2002-01-02,7.500076770782471,7.710488796234131,7.278591156005859,7.702182769775391,7.038422584533691,10833360,0.0,0.0
2002-01-03,7.696646213531494,7.696646213531494,7.419787883758545,7.59420919418335,6.939753532409668,8904211,0.0,0.0
2002-01-04,7.544373989105225,7.55544900894165,7.403176784515381,7.475160121917725,6.830964088439941,12368083,0.0,0.0
2002-01-07,7.502845764160156,7.710488796234131,7.46131706237793,7.49730920791626,6.851203918457031,8268144,0.0,0.0
2002-01-08,7.544373989105225,7.6911091804504395,7.447474002838135,7.53883695602417,6.889153003692627,10149254,0.0,0.0
2002-01-09,7.56652307510376,7.613588809967041,7.2342939376831055,7.41425085067749,6.775302886962891,7202254,0.0,0.0
2002-01-10,7.378260135650635,7.381028175354004,7.1152448654174805,7.322887897491455,6.6918134689331055,9972268,0.0,0.0
2002-01-11,7.3394999504089355,7.405945777893066,7.12631893157959,7.225987911224365,6.603264808654785,10900904,0.0,0.0
2002-01-14,7.21214485168457,7.225987911224365,7.087559223175049,7.129087924957275,6.514715671539307,13342952,0.0,0.0
2002-01-15,7.156774044036865,7.475160121917725,7.156774044036865,7.320119857788086,6.689284324645996,7175886,0.0,0.0
2002-01-16,7.311813831329346,7.320119857788086,7.20383882522583,7.22321891784668,6.600734233856201,4384562,0.0,0.0
2002-01-17,7.21214485168457,7.4585490226745605,7.21214485168457,7.350574016571045,6.717114448547363,5154271,0.0,0.0
2002-01-18,7.275822162628174,7.281360149383545,7.129087924957275,7.187228202819824,6.567844867706299,8501477,0.0,0.0
2002-01-22,7.187228202819824,7.22321891784668,7.04879903793335,7.201070785522461,6.580494403839111,9752300,0.0,0.0
2002-01-23,7.22321891784668,7.322887897491455,7.034955978393555,7.217681884765625,6.595674514770508,10995176,0.0,0.0
2002-01-24,7.253674030303955,7.4585490226745605,7.198301792144775,7.33673095703125,6.704463958740234,8774180,0.0,0.0
2002-01-25,7.284128189086914,7.33673095703125,7.1152448654174805,7.1152448654174805,6.502065658569336,16801767,0.0,0.0
2002-01-28,7.275822162628174,7.682803153991699,7.261980056762695,7.65234899520874,6.99288272857666,20759034,0.0,0.0
2002-01-29,7.876604080200195,8.336188316345215,7.8627610206604,8.084246635437012,7.387559413909912,63900317,0.0,0.0
2002-01-30,8.028876304626465,8.084246635437012,7.821231842041016,7.8350749015808105,7.1598615646362305,30634862,0.0,0.0
2002-01-31,7.74924898147583,7.95966100692749,7.696646213531494,7.915363788604736,7.233231544494629,28242660,0.0,0.0
2002-02-01,7.876604080200195,8.03441333770752,7.710488796234131,7.981810092926025,7.293951988220215,15690366,0.0,0.0
2002-02-04,7.99565315246582,8.06486701965332,7.8627610206604,7.976273059844971,7.288891315460205,14565601,0.0,0.0
2002-02-05,7.868298053741455,7.990116119384766,7.774166107177734,7.9319748878479,7.248411178588867,13980824,0.0,0.0
2002-02-06,7.9845781326293945,8.015032768249512,7.738174915313721,7.807388782501221,7.134561538696289,15930923,0.0,0.0
2002-02-07,7.7658610343933105,7.992884159088135,7.7658610343933105,7.907057762145996,7.22564172744751,15967404,0.0,0.0
2002-02-08,7.904290199279785,8.136850357055664,7.876604080200195,8.03718090057373,7.344550609588623,17648411,0.0,0.0
2002-02-11,8.03441333770752,8.460774421691895,8.028876304626465,8.294658660888672,7.579838752746582,19318222,0.0,0.0
2002-02-12,8.197758674621582,8.62135124206543,8.125776290893555,8.571516990661621,7.832839012145996,18302899,0.0,0.0
2002-02-13,8.58259105682373,8.71825122833252,8.333418846130371,8.383254051208496,7.660799980163574,16099241,0.0,0.0
2002-02-14,8.380484580993652,8.51337718963623,8.181146621704102,8.305732727050781,7.58996057510376,8201323,0.0,0.0
2002-02-15,8.322344779968262,8.38879108428955,8.167304039001465,8.374947547912598,7.653209209442139,9409885,0.0,0.0
2002-02-19,8.325113296508789,8.43862533569336,8.023338317871094,8.087016105651855,7.3900909423828125,16640313,0.0,0.0
2002-02-20,8.098090171813965,8.098090171813965,7.824000835418701,7.9984211921691895,7.3091301918029785,13399298,0.0,0.0
2002-02-21,7.9845781326293945,8.089783668518066,7.793546199798584,7.829537868499756,7.154801368713379,13637327,0.0,0.0
2002-02-22,7.821231842041016,7.945817947387695,7.58313512802124,7.754786014556885,7.086491584777832,9555448,0.0,0.0
2002-02-25,7.782472133636475,8.319576263427734,7.69941520690918,8.319576263427734,7.602611064910889,13956624,0.0,0.0
2002-02-26,8.305732727050781,8.441393852233887,8.073172569274902,8.250362396240234,7.539360523223877,12686297,0.0,0.0
2002-02-27,8.327881813049316,8.488459587097168,8.098090171813965,8.258667945861816,7.546950340270996,9506325,0.0,0.0
2002-02-28,8.208832740783691,8.37217903137207,8.106395721435547,8.183916091918945,7.478640079498291,18017193,0.0,0.0
2002-03-01,8.20052719116211,8.660111427307129,8.073172569274902,8.39986515045166,7.675978660583496,12156783,0.0,0.0
2002-03-04,8.452467918395996,8.790233612060547,8.366641998291016,8.787466049194336,8.030177116394043,16108993,0.0,0.0
2002-03-05,8.721019744873047,8.73486328125,8.363874435424805,8.449699401855469,7.721518516540527,10080627,0.0,0.0
2002-03-06,8.460774421691895,8.900978088378906,8.460774421691895,8.624119758605957,7.880908012390137,10700079,0.0,0.0
2002-03-07,8.665648460388184,8.665648460388184,8.1589994430542,8.361104965209961,7.640559673309326,9572063,0.0,0.0
2002-03-08,8.613045692443848,8.651805877685547,8.355567932128906,8.52445125579834,7.789828777313232,18373694,0.0,0.0
2002-03-11,8.471847534179688,8.626888275146484,8.383254051208496,8.565979957580566,7.8277788162231445,8518092,0.0,0.0
2002-03-12,8.460774421691895,8.491228103637695,8.242055892944336,8.45800495147705,7.729107856750488,13356677,0.0,0.0
2002-03-13,8.42755126953125,8.538293838500977,8.305732727050781,8.477384567260742,7.7468180656433105,8881817,0.0,0.0
2002-03-14,8.474617004394531,8.618582725524902,8.383254051208496,8.588128089904785,7.848018646240234,6638065,0.0,0.0
2002-03-15,8.67949104309082,8.961886405944824,8.571516990661621,8.93420124053955,8.164268493652344,16242636,0.0,0.0
2002-03-18,8.970191955566406,9.10031509399414,8.729326248168945,8.94527530670166,8.17438793182373,13497905,0.0,0.0
2002-03-19,8.961886405944824,9.122464179992676,8.8040771484375,8.989571571350098,8.214864730834961,17250012,0.0,0.0
2002-03-20,8.948042869567871,9.19721508026123,8.942505836486816,9.006183624267578,8.230047225952148,18551041,0.0,0.0
2002-03-21,9.094778060913086,9.194446563720703,9.000645637512207,9.078166961669922,8.295825004577637,18919461,0.0,0.0
2002-03-22,9.075398445129395,9.105852127075195,8.781929016113281,8.923126220703125,8.15414810180664,9999719,0.0,0.0
2002-03-25,8.936968803405762,8.939738273620605,8.53552532196045,8.543830871582031,7.807538032531738,12690992,0.0,0.0
2002-03-26,8.499533653259277,8.61027717590332,8.236518859863281,8.402633666992188,7.678509712219238,10541152,0.0,0.0
2002-03-27,8.413707733154297,8.626888275146484,8.34449291229248,8.590896606445312,7.850549221038818,12510033,0.0,0.0
2002-03-28,8.59366512298584,8.851142883300781,8.541062355041504,8.795771598815918,8.03776741027832,13331393,0.0,0.0
2002-04-01,8.737631797790527,8.795771598815918,8.563211441040039,8.784696578979492,8.0276460647583,7248126,0.0,0.0
2002-04-02,8.759779930114746,8.837300300598145,8.61027717590332,8.698870658874512,7.949217319488525,7993996,0.0,0.0
2002-04-03,8.72378921508789,8.790233612060547,8.61027717590332,8.6961030960083,7.946688175201416,6739200,0.0,0.0
2002-04-04,8.687796592712402,8.900978088378906,8.640730857849121,8.837300300598145,8.075716972351074,7094979,0.0,0.0
2002-04-05,8.887134552001953,8.950812339782715,8.61027717590332,8.903745651245117,8.136436462402344,11054412,0.0,0.0
2002-04-08,8.895440101623535,9.136306762695312,8.776391983032227,9.083703994750977,8.300884246826172,8111024,0.0,0.0
2002-04-09,9.086471557617188,9.18337345123291,9.000645637512207,9.061554908752441,8.280645370483398,10787488,0.0,0.0
2002-04-10,9.097546577453613,9.283041000366211,9.056017875671387,9.233206748962402,8.437503814697266,9400133,0.0,0.0
2002-04-11,9.177835464477539,9.216594696044922,8.942505836486816,8.942505836486816,8.171856880187988,14249554,0.0,0.0
2002-04-12,9.039405822753906,9.10031509399414,8.895440101623535,8.97296142578125,8.199687957763672,13225563,0.0,0.0
2002-04-15,8.995108604431152,9.020026206970215,8.507840156555176,8.801308631896973,8.042827606201172,16120551,0.0,0.0
2002-04-16,8.923126220703125,9.177835464477539,8.85944938659668,9.158454895019531,8.369194984436035,16435153,0.0,0.0
2002-04-17,9.216594696044922,9.216594696044922,8.873291969299316,8.892671585083008,8.12631607055664,13413385,0.0,0.0
2002-04-18,8.97296142578125,8.997878074645996,8.55490493774414,8.809615135192871,8.050416946411133,15716373,0.0,0.0
2002-04-19,8.67949104309082,8.970191955566406,8.67949104309082,8.84837532043457,8.085838317871094,8259837,0.0,0.0
2002-04-22,8.85944938659668,8.970191955566406,8.596433639526367,8.743168830871582,7.989697456359863,7255711,0.0,0.0
2002-04-23,8.801308631896973,8.942505836486816,8.34449291229248,8.424781799316406,7.6987481117248535,25393182,0.0,0.0
2002-04-24,8.76254940032959,8.878829002380371,8.416476249694824,8.83176326751709,8.070656776428223,36462764,0.0,0.0
2002-04-25,8.7736234664917,8.828994750976562,8.568748474121094,8.732093811035156,7.9795756340026855,13757966,0.0,0.0
2002-04-26,8.817919731140137,8.82068920135498,8.236518859863281,8.333418846130371,7.615260124206543,14892484,0.0,0.0
2002-04-29,8.266972541809082,8.31403923034668,7.857223987579346,8.03718090057373,7.344550609588623,20389169,0.0,0.0
2002-04-30,8.059329986572266,8.41093921661377,8.045487403869629,8.280816078186035,7.567190647125244,14904403,0.0,0.0
2002-05-01,8.333418846130371,8.46907901763916,8.078709602355957,8.45523738861084,7.726579189300537,17147793,0.0,0.0
2002-05-02,8.405402183532715,8.538293838500977,8.1202392578125,8.125776290893555,7.425511360168457,11571284,0.0,0.0
2002-05-03,8.117469787597656,8.383254051208496,8.106395721435547,8.319576263427734,7.602611064910889,16814048,0.0,0.0
2002-05-06,8.308502197265625,8.374947547912598,8.153462409973145,8.16176700592041,7.458401203155518,10808799,0.0,0.0
2002-05-07,8.222676277160645,8.350030899047852,8.186684608459473,8.253129959106445,7.541889190673828,11477734,0.0,0.0
2002-05-08,8.084246635437012,8.463541984558105,7.668960094451904,8.408170700073242,7.683570384979248,33967621,0.0,0.0
2002-05-09,8.383254051208496,8.55490493774414,8.09255313873291,8.289121627807617,7.574779033660889,10769067,0.0,0.0
2002-05-10,8.291890144348145,8.333418846130371,7.837843894958496,7.876604080200195,7.197812080383301,13073861,0.0,0.0
2002-05-13,7.88214111328125,8.028876304626465,7.752017974853516,8.028876304626465,7.33696174621582,1205781542,0.0,0.0
2002-05-14,8.056561470031738,8.167304039001465,7.8627610206604,8.100858688354492,7.402740001678467,13532219,0.0,0.0
2002-05-15,8.089783668518066,8.305732727050781,7.973504066467285,8.236518859863281,7.52670955657959,15991604,0.0,0.0
2002-05-16,8.2282133102417,8.278047561645508,7.9707350730896,8.123006820678711,7.422980785369873,10736559,0.0,0.0
2002-05-17,8.181146621704102,8.28635311126709,8.048255920410156,8.208832740783691,7.501409530639648,6129862,0.0,0.0
2002-05-20,8.20606517791748,8.250362396240234,7.895984172821045,7.97904109954834,7.291421413421631,7390798,0.0,0.0
2002-05-21,8.012264251708984,8.109164237976074,7.907057762145996,7.920900821685791,7.238291263580322,7978465,0.0,0.0
2002-05-22,7.895984172821045,8.048255920410156,7.840611934661865,8.015032768249512,7.324310779571533,6205352,0.0,0.0
2002-05-23,8.067635536193848,8.13131332397461,7.8627610206604,7.981810092926025,7.293951988220215,8777792,0.0,0.0
2002-05-24,7.95966100692749,8.087016105651855,7.8849101066589355,8.042717933654785,7.349611282348633,5934455,0.0,0.0
2002-05-28,8.039950370788574,8.042717933654785,7.740943908691406,7.821231842041016,7.147211074829102,7861798,0.0,0.0
2002-05-29,7.77693510055542,7.8350749015808105,7.560986042022705,7.718794822692871,7.053602695465088,9886303,0.0,0.0
2002-05-30,7.710488796234131,7.821231842041016,7.563755035400391,7.807388782501221,7.134561538696289,6272173,0.0,0.0
2002-05-31,7.824000835418701,7.923669815063477,7.666192054748535,7.871067047119141,7.192752361297607,10881760,0.0,0.0
2002-06-03,7.403176784515381,7.403176784515381,6.857767105102539,6.893758773803711,6.299666881561279,79284751,0.0,0.0
2002-06-04,6.935286998748779,7.007269859313965,6.780247211456299,6.949130058288574,6.350266456604004,35877265,0.0,0.0
2002-06-05,6.92421293258667,7.295201778411865,6.907601833343506,7.206607818603516,6.585554599761963,28623360,0.0,0.0
2002-06-06,7.256442070007324,7.405945777893066,6.885453224182129,6.9934282302856445,6.390746593475342,24250718,0.0,0.0
2002-06-07,6.93251895904541,7.225987911224365,6.8245439529418945,7.1014018058776855,6.489414691925049,16098879,0.0,0.0
2002-06-10,7.087559223175049,7.10693883895874,6.586446762084961,6.633512020111084,6.061847686767578,26804015,0.0,0.0
2002-06-11,6.771941184997559,6.860536098480225,6.69442081451416,6.727643966674805,6.1478681564331055,15089697,0.0,0.0
2002-06-12,6.727643966674805,6.866073131561279,6.38710880279541,6.8383870124816895,6.24906587600708,20986587,0.0,0.0
2002-06-13,6.843924045562744,6.94082498550415,6.7553300857543945,6.929749965667725,6.332555770874023,21904387,0.0,0.0
2002-06-14,6.852230072021484,7.015575885772705,6.672272205352783,7.004501819610596,6.4008660316467285,14476025,0.0,0.0
2002-06-17,7.004501819610596,7.2481369972229,7.004501819610596,7.245368003845215,6.620974063873291,13283716,0.0,0.0
2002-06-18,7.245368003845215,7.32842493057251,7.173385143280029,7.2509050369262695,6.626034736633301,14653011,0.0,0.0
2002-06-19,7.225987911224365,7.2647480964660645,7.095864772796631,7.2509050369262695,6.626034736633301,12392283,0.0,0.0
2002-06-20,7.295201778411865,7.30904483795166,6.962973117828369,7.007269859313965,6.403395175933838,14997231,0.0,0.0
2002-06-21,7.018344879150391,7.1456990242004395,6.890989780426025,6.982353210449219,6.3806257247924805,18220908,0.0,0.0
2002-06-24,6.921443939208984,6.946362018585205,6.564298152923584,6.885453224182129,6.292076110839844,23781163,0.0,0.0
2002-06-25,6.90483283996582,6.907601833343506,6.420331954956055,6.564298152923584,5.998598575592041,19376374,0.0,0.0
2002-06-26,6.143474102020264,6.312356948852539,6.054880142211914,6.306819915771484,5.763309478759766,21443140,0.0,0.0
2002-06-27,6.37880277633667,6.4120259284973145,5.412569999694824,6.256986141204834,5.717770576477051,65215433,0.0,0.0
2002-06-28,6.28190279006958,6.7054948806762695,6.28190279006958,6.49231481552124,5.9328179359436035,27959120,0.0,0.0
2002-07-01,6.49231481552124,6.675041198730469,6.154548168182373,6.160086154937744,5.629220485687256,17811672,0.0,0.0
2002-07-02,6.0216569900512695,6.0216569900512695,5.567609786987305,5.719882011413574,5.22695255279541,51017169,0.0,0.0
2002-07-03,5.786327838897705,6.2099199295043945,5.758642196655273,6.207150936126709,5.672229766845703,17325141,0.0,0.0
2002-07-05,6.248680114746094,6.506157875061035,6.245912075042725,6.497851848602295,5.937877655029297,6905350,0.0,0.0
2002-07-08,6.481241226196289,6.64458703994751,6.3981828689575195,6.467398166656494,5.910048484802246,12243831,0.0,0.0
2002-07-09,6.5476861000061035,6.583677768707275,6.268060207366943,6.497851848602295,5.937877655029297,30110044,0.0,0.0
2002-07-10,6.489545822143555,6.497851848602295,6.262523174285889,6.270829200744629,5.730419635772705,14589440,0.0,0.0
2002-07-11,6.29020881652832,6.4867777824401855,6.0881028175354,6.436943054199219,5.882218360900879,17048103,0.0,0.0
2002-07-12,6.47570276260376,6.627974987030029,6.348349094390869,6.50338888168335,5.942937850952148,14249193,0.0,0.0
2002-07-15,6.464629173278809,6.586446762084961,6.160086154937744,6.578141212463379,6.011248588562012,16128136,0.0,0.0
2002-07-16,6.4784722328186035,6.5670671463012695,5.988433837890625,6.029962062835693,5.510310649871826,28357881,0.0,0.0
2002-07-17,6.30128288269043,6.436943054199219,5.9164509773254395,6.229300022125244,5.692469596862793,24323319,0.0,0.0
2002-07-18,6.09917688369751,6.09917688369751,5.816781997680664,5.930294036865234,5.41923189163208,15874215,0.0,0.0
2002-07-19,5.869384765625,5.941368103027344,5.717113018035889,5.830625057220459,5.328152179718018,13237482,0.0,0.0
2002-07-22,5.830625057220459,5.952442169189453,5.634056091308594,5.733725070953369,5.239602565765381,12256112,0.0,0.0
2002-07-23,5.786327838897705,5.8140130043029785,4.997282981872559,5.027737140655518,4.594456195831299,34358435,0.0,0.0
2002-07-24,4.651210784912109,5.717113018035889,4.498939037322998,5.658973217010498,5.171292304992676,53913963,0.0,0.0
2002-07-25,5.592526912689209,5.617444038391113,5.260297775268555,5.3184380531311035,4.860104084014893,19303413,0.0,0.0
2002-07-26,5.329512119293213,5.586989879608154,5.2879838943481445,5.550998210906982,5.072622776031494,12494863,0.0,0.0
2002-07-29,5.567609786987305,6.245912075042725,5.564840793609619,6.207150936126709,5.672229766845703,20608776,0.0,0.0
2002-07-30,6.1739277839660645,6.376035213470459,5.960748195648193,6.101944923400879,5.576089382171631,15868075,0.0,0.0
2002-07-31,6.043805122375488,6.124094009399414,5.766948223114014,6.101944923400879,5.576089382171631,15961986,0.0,0.0
2002-08-01,6.115787982940674,6.154548168182373,5.672815799713135,5.681121826171875,5.191533088684082,14324322,0.0,0.0
2002-08-02,5.681121826171875,5.689426898956299,5.523313045501709,5.537156105041504,5.059972763061523,13962765,0.0,0.0
2002-08-05,5.5565361976623535,5.670046806335449,5.301826000213623,5.346124172210693,4.885404109954834,19769717,0.0,0.0
2002-08-06,5.3710408210754395,5.717113018035889,5.368271827697754,5.617444038391113,5.133342266082764,12526648,0.0,0.0
2002-08-07,5.689426898956299,5.775252819061279,5.5067009925842285,5.703269958496094,5.211771488189697,8492447,0.0,0.0
2002-08-08,5.692195892333984,5.9164509773254395,5.559304237365723,5.89707088470459,5.388871669769287,12430209,0.0,0.0
2002-08-09,5.855542182922363,6.0355000495910645,5.717113018035889,5.941368103027344,5.429351329803467,6984091,0.0,0.0
2002-08-12,5.899838924407959,5.999507904052734,5.786327838897705,5.980127811431885,5.464771270751953,7969435,0.0,0.0
2002-08-13,5.952442169189453,6.1047139167785645,5.77248477935791,5.825088024139404,5.323092460632324,9249876,0.0,0.0
2002-08-14,5.841699123382568,6.1739277839660645,5.606369972229004,6.154548168182373,5.624159812927246,16371221,0.0,0.0
2002-08-15,6.160086154937744,6.28190279006958,6.0908708572387695,6.265292167663574,5.725359916687012,15966320,0.0,0.0
2002-08-16,6.2403740882873535,6.4120259284973145,6.096407890319824,6.30128288269043,5.758249282836914,9939760,0.0,0.0
2002-08-19,6.298513889312744,6.611363887786865,6.287439823150635,6.603057861328125,6.034017562866211,9081919,0.0,0.0
2002-08-20,6.4784722328186035,6.639050006866455,6.3815717697143555,6.414794921875,5.8619794845581055,8382643,0.0,0.0
2002-08-21,6.439712047576904,6.533843994140625,6.30128288269043,6.506157875061035,5.945467948913574,10151783,0.0,0.0
2002-08-22,6.49231481552124,6.5310750007629395,6.326200008392334,6.453555107116699,5.897398948669434,16836442,0.0,0.0
2002-08-23,6.423099994659424,6.423099994659424,6.207150936126709,6.229300022125244,5.692469596862793,9369070,0.0,0.0
2002-08-26,6.262523174285889,6.315125942230225,6.1739277839660645,6.243143081665039,5.705120086669922,7648331,0.0,0.0
2002-08-27,6.251449108123779,6.326200008392334,5.938599109649658,6.029962062835693,5.510310649871826,10216076,0.0,0.0
2002-08-28,5.996739864349365,6.005044937133789,5.841699123382568,5.844468116760254,5.34080171585083,7750189,0.0,0.0
2002-08-29,5.838931083679199,6.1407060623168945,5.766948223114014,5.98289680480957,5.467300891876221,7629549,0.0,0.0
2002-08-30,5.946905136108398,6.024425029754639,5.869384765625,5.930294036865234,5.41923189163208,6605919,0.0,0.0
2002-09-03,5.894301891326904,5.89707088470459,5.69496488571167,5.753105163574219,5.257311820983887,11933925,0.0,0.0
2002-09-04,5.755873203277588,5.81955099105835,5.628519058227539,5.764179229736328,5.26743221282959,10992648,0.0,0.0
2002-09-05,5.730956077575684,5.730956077575684,5.537156105041504,5.562073230743408,5.082743167877197,15761522,0.0,0.0
2002-09-06,5.6783528327941895,5.841699123382568,5.634056091308594,5.816781997680664,5.315502166748047,9109731,0.0,0.0
2002-09-09,5.77248477935791,5.858311176300049,5.622981071472168,5.852773189544678,5.348391056060791,10472164,0.0,0.0
2002-09-10,5.847236156463623,6.0216569900512695,5.800169944763184,6.010581970214844,5.492599964141846,8429960,0.0,0.0
2002-09-11,6.018887996673584,6.132400035858154,5.960748195648193,6.049342155456543,5.52802038192749,9739296,0.0,0.0
2002-09-12,6.0881028175354,6.0908708572387695,5.81955099105835,5.87769079208374,5.371160984039307,5663196,0.0,0.0
2002-09-13,5.858311176300049,5.952442169189453,5.766948223114014,5.927525043487549,5.416700839996338,5828986,0.0,0.0
2002-09-16,5.913681983947754,5.960748195648193,5.7447991371154785,5.825088024139404,5.323092460632324,11066332,0.0,0.0
2002-09-17,5.852773189544678,5.894301891326904,5.681121826171875,5.681121826171875,5.191533088684082,10456632,0.0,0.0
2002-09-18,5.631287097930908,5.88876485824585,5.592526912689209,5.81955099105835,5.318032264709473,7431975,0.0,0.0
2002-09-19,5.736493110656738,5.802938938140869,5.6091389656066895,5.6645097732543945,5.176351547241211,8864840,0.0,0.0
2002-09-20,5.728187084197998,5.838931083679199,5.6091389656066895,5.703269958496094,5.211771488189697,11956680,0.0,0.0
2002-09-23,5.703269958496094,5.755873203277588,5.584220886230469,5.620213031768799,5.1358723640441895,9959626,0.0,0.0
2002-09-24,5.614675998687744,5.7143449783325195,5.415338039398193,5.454098224639893,4.984073638916016,10484444,0.0,0.0
2002-09-25,5.467940807342529,5.639593124389648,5.401494979858398,5.6091389656066895,5.1257524490356445,13780722,0.0,0.0
2002-09-26,5.6257500648498535,5.7447991371154785,5.495626926422119,5.6645097732543945,5.176351547241211,10683464,0.0,0.0
2002-09-27,5.647899150848389,5.730956077575684,5.481783866882324,5.481783866882324,5.009373188018799,7096423,0.0,0.0
2002-09-30,5.5067009925842285,5.5067009925842285,5.271371841430664,5.365503787994385,4.90311336517334,8980062,0.0,0.0
2002-10-01,5.368271827697754,5.69496488571167,5.263065814971924,5.681121826171875,5.191533088684082,14341659,0.0,0.0
2002-10-02,5.66727876663208,5.689426898956299,5.462403774261475,5.467940807342529,4.996723175048828,13402549,0.0,0.0
2002-10-03,5.537156105041504,5.650667190551758,5.246455192565918,5.249223232269287,4.796854496002197,17189692,0.0,0.0
2002-10-04,5.246455192565918,5.260297775268555,4.831168174743652,4.900382995605469,4.478076457977295,21485761,0.0,0.0
2002-10-07,4.889307975769043,4.944680213928223,4.576458930969238,4.617988109588623,4.220017910003662,16074318,0.0,0.0
2002-10-08,4.7038140296936035,4.8034820556640625,4.568152904510498,4.706582069396973,4.300976753234863,18826273,0.0,0.0
2002-10-09,4.684433937072754,4.750878810882568,4.462946891784668,4.490633010864258,4.103637218475342,13988771,0.0,0.0
2002-10-10,4.432493209838867,4.916994094848633,4.2386932373046875,4.767490863800049,4.3566365242004395,62953983,0.0,0.0
2002-10-11,4.889307975769043,5.526081085205078,4.886539936065674,5.426412105560303,4.958773136138916,47251336,0.0,0.0
2002-10-14,5.335049152374268,5.5067009925842285,5.249223232269287,5.412569999694824,4.946124076843262,15727931,0.0,0.0
2002-10-15,5.730956077575684,5.874921798706055,5.645130157470703,5.758642196655273,5.262372016906738,22648452,0.0,0.0
2002-10-16,5.647899150848389,5.7143449783325195,5.395957946777344,5.418107032775879,4.9511847496032715,12724584,0.0,0.0
2002-10-17,5.730956077575684,5.949674129486084,5.606369972229004,5.935831069946289,5.424291133880615,20935659,0.0,0.0
2002-10-18,5.7447991371154785,6.068723201751709,5.700501918792725,6.0355000495910645,5.515370845794678,16829941,0.0,0.0
2002-10-21,5.89707088470459,6.544918060302734,5.89707088470459,6.542149066925049,5.978358268737793,25234256,0.0,0.0
2002-10-22,6.428637981414795,6.5310750007629395,6.2237629890441895,6.362192153930664,5.81390905380249,17708370,0.0,0.0
2002-10-23,6.367729187011719,6.699957847595215,6.27359676361084,6.64458703994751,6.071967601776123,18834580,0.0,0.0
2002-10-24,6.852230072021484,7.2342939376831055,6.8383870124816895,7.068179130554199,6.4590559005737305,32072424,0.0,0.0
2002-10-25,7.05710506439209,7.104170799255371,6.7691731452941895,6.949130058288574,6.350266456604004,21547525,0.0,0.0
2002-10-28,6.949130058288574,7.167848110198975,6.935286998748779,7.104170799255371,6.491946220397949,14529843,0.0,0.0
2002-10-29,7.1152448654174805,7.156774044036865,6.766404151916504,6.9131388664245605,6.317376613616943,17343562,0.0,0.0
2002-10-30,6.965742111206055,7.306276798248291,6.8882222175598145,7.178922176361084,6.560255527496338,16393254,0.0,0.0
2002-10-31,7.214913845062256,7.242599964141846,6.907601833343506,7.015575885772705,6.410985469818115,12451519,0.0,0.0
2002-11-01,7.018344879150391,7.123550891876221,6.921443939208984,7.06541109085083,6.456525802612305,15839540,0.0,0.0
2002-11-04,7.256442070007324,7.51945686340332,7.129087924957275,7.3699541091918945,6.734824180603027,14639285,0.0,0.0
2002-11-05,7.306276798248291,7.635737895965576,7.2868971824646,7.616357803344727,6.959993362426758,11448477,0.0,0.0
2002-11-06,7.668960094451904,7.740943908691406,7.381028175354004,7.732637882232666,7.0662522315979,12385782,0.0,0.0
2002-11-07,7.3533430099487305,7.718794822692871,7.2509050369262695,7.350574016571045,6.717114448547363,10422680,0.0,0.0
2002-11-08,7.375491142272949,7.5416059494018555,6.938055992126465,7.06541109085083,6.456525802612305,17793251,0.0,0.0
2002-11-11,7.0626420974731445,7.06541109085083,6.805163860321045,6.902063846588135,6.307255744934082,12335214,0.0,0.0
2002-11-12,6.938055992126465,7.14293098449707,6.8743791580200195,7.070948123931885,6.461585998535156,11631965,0.0,0.0
2002-11-13,6.890989780426025,7.217681884765625,6.711032867431641,7.14293098449707,6.527365684509277,22500722,0.0,0.0
2002-11-14,7.178922176361084,7.2647480964660645,7.051568031311035,7.192765235900879,6.57290506362915,14239080,0.0,0.0
2002-11-15,7.1152448654174805,7.417019844055176,6.987889766693115,7.314582824707031,6.684225082397461,9962877,0.0,0.0
2002-11-18,7.37272310256958,7.46131706237793,7.129087924957275,7.137393951416016,6.522305488586426,9408441,0.0,0.0
2002-11-19,7.1318559646606445,7.4225568771362305,7.059873104095459,7.306276798248291,6.676633834838867,19214559,0.0,0.0
2002-11-20,7.306276798248291,7.8350749015808105,7.21214485168457,7.788009166717529,7.116851806640625,23775023,0.0,0.0
2002-11-21,7.8627610206604,8.250362396240234,7.72156286239624,8.214369773864746,7.506469249725342,17516936,0.0,0.0
2002-11-22,7.940280914306641,8.042717933654785,7.75755500793457,7.84614896774292,7.169982433319092,18530453,0.0,0.0
2002-11-25,7.832306861877441,7.973504066467285,7.666192054748535,7.857223987579346,7.180102348327637,12339187,0.0,0.0
2002-11-26,7.840611934661865,7.8627610206604,7.536068916320801,7.621894836425781,6.965052127838135,9622630,0.0,0.0
2002-11-27,7.693878173828125,7.912594795227051,7.621894836425781,7.807388782501221,7.134561538696289,11967516,0.0,0.0
2002-11-29,7.829537868499756,7.887678146362305,7.682803153991699,7.696646213531494,7.03336238861084,3889000,0.0,0.0
2002-12-02,7.7658610343933105,7.9319748878479,7.68834114074707,7.713257789611816,7.048542022705078,13619989,0.0,0.0
2002-12-03,7.6772661209106445,7.696646213531494,7.209376811981201,7.23152494430542,6.60832405090332,14105798,0.0,0.0
2002-12-04,7.228756904602051,7.23152494430542,6.796857833862305,6.968510150909424,6.367976188659668,20464298,0.0,0.0
2002-12-05,7.02111291885376,7.054336071014404,6.81900691986084,6.92421293258667,6.327496528625488,12895791,0.0,0.0
2002-12-06,6.902063846588135,7.23983097076416,6.8079328536987305,7.1816911697387695,6.5627851486206055,14223548,0.0,0.0
2002-12-09,7.198301792144775,7.2509050369262695,6.747024059295654,6.783016204833984,6.198466777801514,10371029,0.0,0.0
2002-12-10,6.79962682723999,6.938055992126465,6.7691731452941895,6.82731294631958,6.238946914672852,12512923,0.0,0.0
2002-12-11,6.79132080078125,6.9740471839904785,6.7054948806762695,6.83561897277832,6.246537208557129,8481250,0.0,0.0
2002-12-12,6.8383870124816895,6.890989780426025,6.61690092086792,6.738718032836914,6.157986640930176,20682460,0.0,0.0
2002-12-13,6.691652774810791,6.691652774810791,6.312356948852539,6.40648889541626,5.85438871383667,16577103,0.0,0.0
2002-12-16,6.409257888793945,6.910369873046875,6.364960193634033,6.907601833343506,6.31231689453125,20930241,0.0,0.0
2002-12-17,6.866073131561279,6.949130058288574,6.7054948806762695,6.863304138183594,6.271836757659912,11197446,0.0,0.0
2002-12-18,6.866073131561279,6.866073131561279,6.51169490814209,6.630743980407715,6.059317588806152,8132334,0.0,0.0
2002-12-19,6.61690092086792,6.771941184997559,6.586446762084961,6.594751834869385,6.026427268981934,9737491,0.0,0.0
2002-12-20,6.639050006866455,6.738718032836914,6.508925914764404,6.663967132568359,6.0896782875061035,10668293,0.0,0.0
2002-12-23,6.672272205352783,6.7414870262146,6.614131927490234,6.697189807891846,6.120037078857422,9483570,0.0,0.0
2002-12-24,6.69442081451416,6.7027268409729,6.52000093460083,6.52000093460083,5.958118915557861,3614852,0.0,0.0
2002-12-26,6.542149066925049,6.622437953948975,6.436943054199219,6.470166206359863,5.912578105926514,6233887,0.0,0.0
2002-12-27,6.472935199737549,6.5006208419799805,6.077027797698975,6.093639850616455,5.568500518798828,7465205,0.0,0.0
2002-12-30,6.162854194641113,6.270829200744629,6.0908708572387695,6.2099199295043945,5.674759864807129,10025003,0.0,0.0
2002-12-31,6.182233810424805,6.423099994659424,6.149011135101318,6.345580101013184,5.798728942871094,12329796,0.0,0.0
2003-01-02,6.3594231605529785,6.79962682723999,6.356655120849609,6.73041296005249,6.150397777557373,14109410,0.0,0.0
2003-01-03,6.733180999755859,6.763636112213135,6.630743980407715,6.7054948806762695,6.127626895904541,7925008,0.0,0.0
2003-01-06,5.921988010406494,6.367729187011719,5.794632911682129,6.154548168182373,5.624159812927246,79307145,0.0,0.0
2003-01-07,6.160086154937744,6.4618611335754395,6.160086154937744,6.3594231605529785,5.811378479003906,20004856,0.0,0.0
2003-01-08,6.270829200744629,6.334506034851074,6.160086154937744,6.254217147827148,5.71523904800415,14338048,0.0,0.0
2003-01-09,6.326200008392334,6.655661106109619,6.27359676361084,6.639050006866455,6.066908359527588,20429262,0.0,0.0
2003-01-10,6.572604179382324,6.661198139190674,6.450786113739014,6.630743980407715,6.059317588806152,14065706,0.0,0.0
2003-01-13,6.735949993133545,6.7553300857543945,6.561529159545898,6.647355079650879,6.074497222900391,9969379,0.0,0.0
2003-01-14,6.58090877532959,6.813469886779785,6.5476861000061035,6.6888837814331055,6.1124467849731445,11787279,0.0,0.0
2003-01-15,6.716569900512695,6.771941184997559,6.528306007385254,6.64458703994751,6.071967601776123,7412470,0.0,0.0
2003-01-16,6.672272205352783,6.774710178375244,6.52000093460083,6.58921480178833,6.02136754989624,7084143,0.0,0.0
2003-01-17,6.564298152923584,6.564298152923584,6.30958890914917,6.340043067932129,5.793668746948242,12054565,0.0,0.0
2003-01-21,6.353886127471924,6.37880277633667,6.010581970214844,6.057648181915283,5.535610198974609,14827468,0.0,0.0
2003-01-22,6.007813930511475,6.1047139167785645,5.913681983947754,5.955211162567139,5.442001819610596,19326529,0.0,0.0
2003-01-23,5.9856648445129395,6.326200008392334,5.938599109649658,6.276366233825684,5.735479831695557,22688544,0.0,0.0
2003-01-24,6.168391227722168,6.17669677734375,5.869384765625,6.032731056213379,5.512840747833252,17150322,0.0,0.0
2003-01-27,5.988433837890625,6.190539836883545,5.955211162567139,6.0521111488342285,5.530550956726074,11662305,0.0,0.0
2003-01-28,6.234837055206299,6.256986141204834,6.049342155456543,6.1739277839660645,5.64186954498291,8053232,0.0,0.0
2003-01-29,6.074260234832764,6.30958890914917,5.847236156463623,6.234837055206299,5.697528839111328,11672419,0.0,0.0
2003-01-30,6.0908708572387695,6.1407060623168945,5.960748195648193,6.046574115753174,5.525490760803223,10749201,0.0,0.0
2003-01-31,6.00227689743042,6.1739277839660645,5.913681983947754,6.093639850616455,5.568500518798828,10536457,0.0,0.0
2003-02-03,6.1268630027771,6.251449108123779,6.057648181915283,6.063185214996338,5.540669918060303,7338425,0.0,0.0
2003-02-04,5.924756050109863,6.018887996673584,5.739262104034424,5.811244964599609,5.3104424476623535,21680446,0.0,0.0
2003-02-05,6.00227689743042,6.046574115753174,5.855542182922363,5.908144950866699,5.398990154266357,18815798,0.0,0.0
2003-02-06,6.0216569900512695,6.59752082824707,6.0216569900512695,6.425868988037109,5.872098922729492,39125865,0.0,0.0
2003-02-07,6.450786113739014,6.514463901519775,6.323431968688965,6.420331954956055,5.867038726806641,11754772,0.0,0.0
2003-02-10,6.4618611335754395,6.61690092086792,6.367729187011719,6.50338888168335,5.942937850952148,10338160,0.0,0.0
2003-02-11,6.506157875061035,6.796857833862305,6.506157875061035,6.71380090713501,6.135217189788818,17994799,0.0,0.0
2003-02-12,6.157317161560059,6.3289690017700195,6.118556976318359,6.220993995666504,5.684879302978516,135902990,0.0,0.0
2003-02-13,6.259754180908203,6.304051876068115,6.0521111488342285,6.1047139167785645,5.578619480133057,21829258,0.0,0.0
2003-02-14,6.160086154937744,6.215456962585449,5.980127811431885,6.20438289642334,5.669699668884277,23002785,0.0,0.0
2003-02-18,6.270829200744629,6.456323146820068,6.234837055206299,6.453555107116699,5.897398948669434,16180871,0.0,0.0
2003-02-19,6.312356948852539,6.4480180740356445,6.243143081665039,6.33727502822876,5.791140079498291,13245429,0.0,0.0
2003-02-20,6.356655120849609,6.384339809417725,6.265292167663574,6.315125942230225,5.770898818969727,11572368,0.0,0.0
2003-02-21,6.312356948852539,6.564298152923584,6.234837055206299,6.497851848602295,5.937877655029297,17557029,0.0,0.0
2003-02-24,6.439712047576904,6.50338888168335,6.298513889312744,6.315125942230225,5.770898818969727,13535108,0.0,0.0
2003-02-25,6.287439823150635,6.51169490814209,6.151780128479004,6.49231481552124,5.9328179359436035,17292994,0.0,0.0
2003-02-26,6.414794921875,6.4867777824401855,6.326200008392334,6.362192153930664,5.81390905380249,12744088,0.0,0.0
2003-02-27,6.417562961578369,6.6058268547058105,6.306819915771484,6.544918060302734,5.980888843536377,14799295,0.0,0.0
2003-02-28,6.6002888679504395,6.813469886779785,6.550455093383789,6.79132080078125,6.206056594848633,13895582,0.0,0.0
2003-03-03,6.83561897277832,6.902063846588135,6.677810192108154,6.727643966674805,6.1478681564331055,13502239,0.0,0.0
2003-03-04,6.7193379402160645,6.7553300857543945,6.52000093460083,6.575372219085693,6.0087175369262695,13786501,0.0,0.0
2003-03-05,6.603057861328125,6.663967132568359,6.467398166656494,6.5476861000061035,5.983417987823486,16315236,0.0,0.0
2003-03-06,6.533843994140625,6.611363887786865,6.431406021118164,6.5310750007629395,5.96823787689209,14643981,0.0,0.0
2003-03-07,6.49231481552124,6.935286998748779,6.470166206359863,6.711032867431641,6.132687091827393,15514825,0.0,0.0
2003-03-10,6.641818046569824,6.672272205352783,6.436943054199219,6.4618611335754395,5.904988765716553,9920617,0.0,0.0
2003-03-11,6.4480180740356445,6.575372219085693,6.37880277633667,6.49231481552124,5.9328179359436035,22034057,0.0,0.0
2003-03-12,6.47570276260376,6.5310750007629395,6.306819915771484,6.525537967681885,5.9631781578063965,16158838,0.0,0.0
2003-03-13,6.672272205352783,7.104170799255371,6.575372219085693,7.082022190093994,6.471705436706543,23349895,0.0,0.0
2003-03-14,7.1014018058776855,7.140161991119385,6.7691731452941895,6.918675899505615,6.322436332702637,20626475,0.0,0.0
2003-03-17,6.877147197723389,7.281360149383545,6.744256019592285,7.256442070007324,6.631093978881836,23199276,0.0,0.0
2003-03-18,7.245368003845215,7.342267990112305,7.151236057281494,7.333962917327881,6.701934814453125,14964362,0.0,0.0
2003-03-19,7.007269859313965,7.007269859313965,6.450786113739014,6.879916191101074,6.28701639175415,125288876,0.0,0.0
2003-03-20,6.813469886779785,7.569292068481445,6.766404151916504,7.44193696975708,6.800602436065674,79921901,0.0,0.0
2003-03-21,7.522225856781006,8.053792953491211,7.5111517906188965,7.77693510055542,7.106732368469238,49741423,0.0,0.0
2003-03-24,7.54714298248291,7.649580001831055,7.405945777893066,7.45024299621582,6.808193206787109,32436148,0.0,0.0
2003-03-25,7.508382797241211,7.6468119621276855,7.447474002838135,7.599746227264404,6.944813251495361,24053505,0.0,0.0
2003-03-26,7.6468119621276855,7.752017974853516,7.475160121917725,7.70772123336792,7.043482780456543,28792400,0.0,0.0
2003-03-27,7.621894836425781,7.85445499420166,7.533299922943115,7.801852226257324,7.129502296447754,26282447,0.0,0.0
2003-03-28,7.641274929046631,7.926437854766846,7.641274929046631,7.871067047119141,7.192752361297607,22968833,0.0,0.0
2003-03-31,7.713257789611816,7.9319748878479,7.381028175354004,7.417019844055176,6.777833461761475,32654311,0.0,0.0
2003-04-01,7.544373989105225,7.544373989105225,7.10693883895874,7.14293098449707,6.527365684509277,31446109,0.0,0.0
2003-04-02,7.3699541091918945,7.400407791137695,7.167848110198975,7.192765235900879,6.57290506362915,30206123,0.0,0.0
2003-04-03,7.2342939376831055,7.2647480964660645,7.123550891876221,7.1955342292785645,6.575435161590576,18480608,0.0,0.0
2003-04-04,7.21214485168457,7.2509050369262695,7.079253196716309,7.129087924957275,6.514715671539307,14549347,0.0,0.0
2003-04-07,7.386566162109375,7.5277628898620605,7.214913845062256,7.225987911224365,6.603264808654785,26648700,0.0,0.0
2003-04-08,7.228756904602051,7.2481369972229,7.08479118347168,7.178922176361084,6.560255527496338,16250221,0.0,0.0
2003-04-09,7.170616149902344,7.206607818603516,6.94082498550415,6.949130058288574,6.350266456604004,24126467,0.0,0.0
2003-04-10,6.9574360847473145,7.49730920791626,6.95189905166626,7.389334201812744,6.752533912658691,87532668,0.0,0.0
2003-04-11,7.500076770782471,7.585903167724609,7.0986328125,7.4890031814575195,6.843613624572754,44350569,0.0,0.0
2003-04-14,7.4530110359191895,7.619125843048096,7.4225568771362305,7.53883695602417,6.889153003692627,27693280,0.0,0.0
2003-04-15,7.536068916320801,7.843380928039551,7.4530110359191895,7.782472133636475,7.111792087554932,33515403,0.0,0.0
2003-04-16,7.829537868499756,7.8793721199035645,7.613588809967041,7.666192054748535,7.005533695220947,24648034,0.0,0.0
2003-04-17,7.577597141265869,8.017801284790039,7.577597141265869,7.976273059844971,7.288891315460205,37328552,0.0,0.0
2003-04-21,7.9707350730896,8.123006820678711,7.898752212524414,8.051024436950684,7.357200622558594,16433347,0.0,0.0
2003-04-22,7.9845781326293945,8.211602210998535,7.973504066467285,8.1202392578125,7.4204511642456055,22481579,0.0,0.0
2003-04-23,8.125776290893555,8.305732727050781,8.087016105651855,8.194990158081055,7.488760471343994,24806961,0.0,0.0
2003-04-24,8.139618873596191,8.167304039001465,7.9541239738464355,7.9679670333862305,7.281301021575928,25484204,0.0,0.0
2003-04-25,7.973504066467285,8.098090171813965,7.80462121963501,7.851686954498291,7.175042629241943,21952065,0.0,0.0
2003-04-28,7.90982723236084,8.269742012023926,7.9015212059021,8.258667945861816,7.546950340270996,26719495,0.0,0.0
2003-04-29,8.28635311126709,8.482921600341797,8.186684608459473,8.291890144348145,7.5773091316223145,32381247,0.0,0.0
2003-04-30,8.236518859863281,8.333418846130371,8.214369773864746,8.291890144348145,7.5773091316223145,21600621,0.0,0.0
2003-05-01,8.737631797790527,9.249817848205566,8.651805877685547,9.047712326049805,8.267995834350586,108724415,0.0,0.0
2003-05-02,9.080934524536133,9.690022468566895,9.06986141204834,9.678948402404785,8.844833374023438,77458542,0.0,0.0
2003-05-05,9.582048416137695,9.595890998840332,9.3494873046875,9.440850257873535,8.627254486083984,66784109,0.0,0.0
2003-05-06,9.46299934387207,9.476841926574707,9.291346549987793,9.443618774414062,8.629783630371094,33161792,0.0,0.0
2003-05-07,9.385478973388672,9.510065078735352,9.247050285339355,9.432544708251953,8.619665145874023,36692485,0.0,0.0
2003-05-08,9.3494873046875,9.402090072631836,9.044943809509277,9.075398445129395,8.293295860290527,43019561,0.0,0.0
2003-05-09,9.130769729614258,9.199983596801758,8.878829002380371,9.15568733215332,8.36666488647461,37640264,0.0,0.0
2003-05-12,9.163991928100586,9.640188217163086,9.06986141204834,9.582048416137695,8.756282806396484,34429591,0.0,0.0
2003-05-13,9.479610443115234,9.828451156616211,9.3494873046875,9.759237289428711,8.918203353881836,43585555,0.0,0.0
2003-05-14,9.806303024291992,9.842293739318848,9.526676177978516,9.695558547973633,8.86001205444336,26173727,0.0,0.0
2003-05-15,9.764774322509766,9.933656692504883,9.65679931640625,9.933656692504883,9.077590942382812,41108832,0.0,0.0
2003-05-16,9.8561372756958,10.063779830932617,9.77031135559082,9.897665977478027,9.04470157623291,39937473,0.0,0.0
2003-05-19,9.964111328125,9.966879844665527,9.460229873657227,9.521139144897461,8.700623512268066,34066227,0.0,0.0
2003-05-20,9.537750244140625,9.667874336242676,9.111390113830566,9.227669715881348,8.43244457244873,38921428,0.0,0.0
2003-05-21,9.233206748962402,9.449155807495117,9.227669715881348,9.438081741333008,8.624724388122559,30817628,0.0,0.0
2003-05-22,9.449155807495117,9.98072338104248,9.443618774414062,9.88382339477539,9.032052040100098,51657208,0.0,0.0
2003-05-23,9.886590957641602,9.98072338104248,9.764774322509766,9.914277076721191,9.059882164001465,28252773,0.0,0.0
2003-05-27,9.88382339477539,10.396010398864746,9.814607620239258,10.271424293518066,9.386249542236328,52841932,0.0,0.0
2003-05-28,10.343406677246094,10.382166862487793,10.166217803955078,10.337868690490723,9.446968078613281,28339099,0.0,0.0
2003-05-29,10.362787246704102,10.479066848754883,10.193902969360352,10.263117790222168,9.378658294677734,31248174,0.0,0.0
2003-05-30,10.382166862487793,10.667329788208008,10.252043724060059,10.587040901184082,9.674667358398438,35456110,0.0,0.0
2003-06-02,10.675636291503906,10.755925178527832,10.415390014648438,10.462454795837402,9.56081771850586,36454457,0.0,0.0
2003-06-03,10.409852981567383,10.420927047729492,10.17452335357666,10.354480743408203,9.462149620056152,36661061,0.0,0.0
2003-06-04,10.354480743408203,10.623032569885254,10.318489074707031,10.609189987182617,9.694908142089844,28360771,0.0,0.0
2003-06-05,10.548280715942383,10.678404808044434,10.462454795837402,10.661792755126953,9.7429780960083,28047252,0.0,0.0
2003-06-06,10.722702026367188,10.847288131713867,10.268654823303223,10.290803909301758,9.403959274291992,38629942,0.0,0.0
2003-06-09,10.218820571899414,10.382166862487793,10.083160400390625,10.168986320495605,9.292640686035156,2720060826,0.0,0.0
2003-06-10,10.177291870117188,10.285266876220703,9.997333526611328,10.177291870117188,9.300230026245117,21108672,0.0,0.0
2003-06-11,10.17452335357666,10.487373352050781,10.07762336730957,10.459687232971191,9.558289527893066,27366036,0.0,0.0
2003-06-12,10.517827033996582,10.52059555053711,10.301877975463867,10.432001113891602,9.532988548278809,22564654,0.0,0.0
2003-06-13,10.432001113891602,10.437538146972656,10.022252082824707,10.138531684875488,9.264811515808105,22518782,0.0,0.0
2003-06-16,10.227126121520996,10.664562225341797,10.207745552062988,10.589810371398926,9.67719841003418,31658132,0.0,0.0
2003-06-17,10.700552940368652,10.938651084899902,10.534439086914062,10.775304794311523,9.846707344055176,43508259,0.0,0.0
2003-06-18,10.678404808044434,10.742081642150879,10.4707612991333,10.73100757598877,9.80622673034668,33647601,0.0,0.0
2003-06-19,10.711627006530762,10.780841827392578,10.534439086914062,10.553818702697754,9.644308090209961,29293380,0.0,0.0
2003-06-20,10.678404808044434,10.728239059448242,10.337868690490723,10.396010398864746,9.500102043151855,37197799,0.0,0.0
2003-06-23,10.445843696594238,10.459687232971191,9.969649314880371,10.130226135253906,9.257222175598145,17899443,0.0,0.0
2003-06-24,10.243738174438477,10.265886306762695,9.828451156616211,9.88382339477539,9.032052040100098,26794985,0.0,0.0
2003-06-25,9.958574295043945,10.066549301147461,9.869979858398438,9.900433540344238,9.04723072052002,25193079,0.0,0.0
2003-06-26,9.872748374938965,10.484603881835938,9.872748374938965,10.476298332214355,9.573470115661621,35277318,0.0,0.0
2003-06-27,10.631339073181152,10.844518661499023,10.534439086914062,10.69224739074707,9.770808219909668,34769476,0.0,0.0
2003-06-30,10.769767761230469,11.107534408569336,10.642413139343262,10.888815879821777,9.950435638427734,41905992,0.0,0.0
2003-07-01,10.811296463012695,11.118608474731445,10.625802040100098,11.074311256408691,10.11994457244873,52781612,0.0,0.0
2003-07-02,11.03831958770752,11.140756607055664,10.955262184143066,11.099227905273438,10.142715454101562,32348739,0.0,0.0
2003-07-03,11.043856620788574,11.143526077270508,10.897122383117676,10.960799217224121,10.016216278076172,12815244,0.0,0.0
2003-07-07,11.157368659973145,11.860587120056152,11.101997375488281,11.832901000976562,10.813161849975586,47487197,0.0,0.0
2003-07-08,11.733233451843262,11.871662139892578,11.542201042175293,11.625258445739746,10.6234130859375,37168181,0.0,0.0
2003-07-09,11.614184379577637,11.780299186706543,11.503440856933594,11.547738075256348,10.55257511138916,36436758,0.0,0.0
2003-07-10,11.293028831481934,11.569887161254883,11.143526077270508,11.428689002990723,10.443782806396484,41595725,0.0,0.0
2003-07-11,11.401002883911133,11.425921440124512,11.168442726135254,11.317946434020996,10.342584609985352,26922487,0.0,0.0
2003-07-14,11.511746406555176,11.8467435836792,11.508977890014648,11.705547332763672,10.696783065795898,30807153,0.0,0.0
2003-07-15,11.791373252868652,11.819059371948242,11.459142684936523,11.603110313415527,10.603174209594727,18848667,0.0,0.0
2003-07-16,11.625258445739746,11.647406578063965,11.268112182617188,11.428689002990723,10.443782806396484,19300884,0.0,0.0
2003-07-17,11.284723281860352,11.320714950561523,10.764229774475098,10.946956634521484,10.00356674194336,28697767,0.0,0.0
2003-07-18,11.066004753112793,11.074311256408691,10.451380729675293,10.656255722045898,9.73791790008545,35379537,0.0,0.0
2003-07-21,10.659025192260742,10.82790756225586,10.429232597351074,10.611959457397461,9.697439193725586,21708258,0.0,0.0
2003-07-22,10.744850158691406,10.769767761230469,10.476298332214355,10.647950172424316,9.730327606201172,27258400,0.0,0.0
2003-07-23,10.797452926635742,11.104765892028809,10.769767761230469,11.060467720031738,10.107295989990234,25815059,0.0,0.0
2003-07-24,11.281954765319824,11.500672340393066,11.030014038085938,11.074311256408691,10.11994457244873,27608038,0.0,0.0
2003-07-25,11.157368659973145,11.461912155151367,11.060467720031738,11.387160301208496,10.405834197998047,25565112,0.0,0.0
2003-07-28,11.445301055908203,11.497903823852539,11.212739944458008,11.348400115966797,10.370415687561035,16118023,0.0,0.0
2003-07-29,11.370549201965332,11.384391784667969,11.060467720031738,11.104765892028809,10.147774696350098,20842109,0.0,0.0
2003-07-30,11.137988090515137,11.190590858459473,10.822370529174805,10.946956634521484,10.00356674194336,21726679,0.0,0.0
2003-07-31,11.082616806030273,11.287491798400879,11.043856620788574,11.1629056930542,10.200905799865723,24811656,0.0,0.0
2003-08-01,11.1629056930542,11.315176963806152,11.005097389221191,11.024477005004883,10.074405670166016,20130552,0.0,0.0
2003-08-04,10.919271469116211,11.129682540893555,10.534439086914062,10.935881614685059,9.993446350097656,34886143,0.0,0.0
2003-08-05,10.459687232971191,10.659025192260742,9.939193725585938,10.099772453308105,9.229391098022461,91027242,0.0,0.0
2003-08-06,10.146838188171387,10.188365936279297,9.897665977478027,9.986260414123535,9.12566089630127,48606906,0.0,0.0
2003-08-07,9.914277076721191,10.013945579528809,9.64572525024414,9.753700256347656,8.913143157958984,42374825,0.0,0.0
2003-08-08,9.809070587158203,9.845063209533691,9.498990058898926,9.609733581542969,8.78158187866211,29244618,0.0,0.0
2003-08-11,9.316264152526855,9.606965065002441,9.177835464477539,9.595890998840332,8.768932342529297,73213402,0.0,0.0
2003-08-12,9.678948402404785,9.728781700134277,9.44638729095459,9.468536376953125,8.65255355834961,42780087,0.0,0.0
2003-08-13,9.507295608520508,9.68448543548584,9.2802734375,9.615270614624023,8.786643981933594,56289189,0.0,0.0
2003-08-14,9.593121528625488,10.119152069091797,9.501758575439453,9.947500228881836,9.090240478515625,61120912,0.0,0.0
2003-08-15,9.919814109802246,10.09423542022705,9.858905792236328,10.019482612609863,9.156020164489746,17512963,0.0,0.0
2003-08-18,10.038863182067871,10.04993724822998,9.74262523651123,10.036094665527344,9.1712007522583,40631692,0.0,0.0
2003-08-19,10.07762336730957,10.490140914916992,10.04993724822998,10.448613166809082,9.548169136047363,67764395,0.0,0.0
2003-08-20,10.321257591247559,10.373861312866211,10.216052055358887,10.304647445678711,9.416610717773438,25918000,0.0,0.0
2003-08-21,10.368324279785156,10.412620544433594,10.31018352508545,10.351712226867676,9.45961856842041,25638796,0.0,0.0
2003-08-22,10.409852981567383,10.454150199890137,9.8561372756958,9.930889129638672,9.075060844421387,37709975,0.0,0.0
2003-08-25,10.038863182067871,10.119152069091797,9.756467819213867,9.964111328125,9.10542106628418,19613680,0.0,0.0
2003-08-26,9.842293739318848,9.964111328125,9.665104866027832,9.933656692504883,9.077590942382812,22881062,0.0,0.0
2003-08-27,9.914277076721191,10.074854850769043,9.775848388671875,10.002872467041016,9.140841484069824,19931172,0.0,0.0
2003-08-28,10.17452335357666,10.17452335357666,9.947500228881836,10.138531684875488,9.264811515808105,16877257,0.0,0.0
2003-08-29,10.138531684875488,10.246505737304688,10.091465950012207,10.240968704223633,9.358419418334961,28544981,0.0,0.0
2003-09-02,10.160680770874023,10.177291870117188,9.836756706237793,10.127457618713379,9.254691123962402,29804472,0.0,0.0
2003-09-03,10.149605751037598,10.177291870117188,9.507295608520508,9.756467819213867,8.915671348571777,44506967,0.0,0.0
2003-09-04,9.759237289428711,9.833988189697266,9.523907661437988,9.784153938293457,8.940973281860352,25492872,0.0,0.0
2003-09-05,9.615270614624023,9.986260414123535,9.615270614624023,9.919814109802246,9.064942359924316,37443412,0.0,0.0
2003-09-08,9.930889129638672,10.036094665527344,9.853367805480957,10.013945579528809,9.150961875915527,17600011,0.0,0.0
2003-09-09,10.019482612609863,10.022252082824707,9.65679931640625,9.773079872131348,8.930852890014648,33152401,0.0,0.0
2003-09-10,9.678948402404785,9.703865051269531,9.413164138793945,9.415932655334473,8.604483604431152,22771981,0.0,0.0
2003-09-11,9.429776191711426,9.554362297058105,9.2415132522583,9.523907661437988,8.703153610229492,24947827,0.0,0.0
2003-09-12,9.415932655334473,9.568204879760742,9.266429901123047,9.457462310791016,8.642435073852539,14219214,0.0,0.0
2003-09-15,9.454692840576172,9.534981727600098,9.274736404418945,9.294116020202637,8.493165016174316,13848265,0.0,0.0
2003-09-16,9.3107271194458,9.551592826843262,9.294116020202637,9.540518760681152,8.71833324432373,19663525,0.0,0.0
2003-09-17,9.507295608520508,9.595890998840332,9.371636390686035,9.451925277709961,8.637374877929688,30790538,0.0,0.0
2003-09-18,9.482378959655762,10.07762336730957,9.451925277709961,10.025019645690918,9.161080360412598,45098606,0.0,0.0
2003-09-19,10.155142784118652,10.20220947265625,9.8561372756958,10.036094665527344,9.1712007522583,27210722,0.0,0.0
2003-09-22,9.78138542175293,9.850600242614746,9.521139144897461,9.703865051269531,8.867603302001953,23081887,0.0,0.0
2003-09-23,9.720477104187012,10.110845565795898,9.67341136932373,10.102540016174316,9.23192024230957,23158099,0.0,0.0
2003-09-24,10.085928916931152,10.301877975463867,9.941963195800781,9.983491897583008,9.12313175201416,30938990,0.0,0.0
2003-09-25,9.939193725585938,10.013945579528809,9.690022468566895,9.731551170349121,8.892902374267578,23760936,0.0,0.0
2003-09-26,9.67341136932373,9.68448543548584,9.415932655334473,9.573741912841797,8.748693466186523,20905318,0.0,0.0
2003-09-29,9.551592826843262,9.701096534729004,9.274736404418945,9.551592826843262,8.728452682495117,21939784,0.0,0.0
2003-09-30,9.493453025817871,9.498990058898926,9.13907527923584,9.186141014099121,8.394495964050293,30543841,0.0,0.0
2003-10-01,9.233206748962402,9.40762710571289,8.925894737243652,9.391016006469727,8.581714630126953,41860482,0.0,0.0
2003-10-02,9.413164138793945,9.501758575439453,9.186141014099121,9.413164138793945,8.601953506469727,20714245,0.0,0.0
2003-10-03,9.623576164245605,9.869979858398438,9.540518760681152,9.789690971374512,8.946032524108887,26322901,0.0,0.0
2003-10-06,9.878286361694336,10.113615036010742,9.695558547973633,10.113615036010742,9.24204158782959,20080346,0.0,0.0
2003-10-07,10.038863182067871,10.07762336730957,9.78138542175293,10.019482612609863,9.156020164489746,26032499,0.0,0.0
2003-10-08,10.022252082824707,10.282498359680176,9.964111328125,10.080391883850098,9.211681365966797,31497399,0.0,0.0
2003-10-09,10.415390014648438,10.772536277770996,10.29910945892334,10.440306663513184,9.540579795837402,48811343,0.0,0.0
2003-10-10,10.575966835021973,10.797452926635742,10.523364067077637,10.77807331085205,9.849237442016602,26941992,0.0,0.0
2003-10-13,10.797452926635742,10.852825164794922,10.598115921020508,10.797452926635742,9.866947174072266,16507754,0.0,0.0
2003-10-14,10.772536277770996,10.816832542419434,10.623032569885254,10.706089973449707,9.783455848693848,25683223,0.0,0.0
2003-10-15,10.77807331085205,10.780841827392578,10.340638160705566,10.443075180053711,9.543108940124512,24782399,0.0,0.0
2003-10-16,10.409852981567383,10.686710357666016,10.382166862487793,10.620264053344727,9.705028533935547,16493306,0.0,0.0
2003-10-17,10.49844741821289,10.634106636047363,10.218820571899414,10.346175193786621,9.454558372497559,16337269,0.0,0.0
2003-10-20,10.301877975463867,10.371091842651367,10.20220947265625,10.365554809570312,9.472269058227539,15637993,0.0,0.0
2003-10-21,10.301877975463867,10.587040901184082,10.221589088439941,10.451380729675293,9.550699234008789,19563474,0.0,0.0
2003-10-22,10.337868690490723,10.340638160705566,10.099772453308105,10.17452335357666,9.297699928283691,16255639,0.0,0.0
2003-10-23,10.127457618713379,10.432001113891602,10.036094665527344,10.290803909301758,9.403959274291992,24156446,0.0,0.0
2003-10-24,10.199440956115723,10.539976119995117,10.130226135253906,10.379398345947266,9.484918594360352,20366775,0.0,0.0
2003-10-27,10.434769630432129,10.52059555053711,10.28803539276123,10.440306663513184,9.540579795837402,12659207,0.0,0.0
2003-10-28,10.440306663513184,10.639643669128418,10.224357604980469,10.634106636047363,9.717676162719727,17308526,0.0,0.0
2003-10-29,10.534439086914062,10.645181655883789,10.365554809570312,10.556587219238281,9.646838188171387,15971016,0.0,0.0
2003-10-30,10.755925178527832,10.797452926635742,10.4707612991333,10.476298332214355,9.573470115661621,17466369,0.0,0.0
2003-10-31,10.479066848754883,10.52059555053711,10.099772453308105,10.19113540649414,9.312880516052246,33822781,0.0,0.0
2003-11-03,10.229894638061523,10.490140914916992,10.17452335357666,10.440306663513184,9.540579795837402,19376374,0.0,0.0
2003-11-04,10.38493537902832,10.52059555053711,10.041631698608398,10.243738174438477,9.360949516296387,23733485,0.0,0.0
2003-11-05,9.814607620239258,9.98072338104248,8.837300300598145,9.465766906738281,8.650023460388184,207193022,0.0,0.0
2003-11-06,9.385478973388672,9.413164138793945,8.85944938659668,9.04217529296875,8.26293659210205,73367994,0.0,0.0
2003-11-07,9.108620643615723,9.357792854309082,8.900978088378906,9.260892868041992,8.46280574798584,47868621,0.0,0.0
2003-11-10,9.219364166259766,9.418702125549316,9.16676139831543,9.330106735229492,8.526054382324219,33296157,0.0,0.0
2003-11-11,9.16676139831543,9.396553039550781,8.923126220703125,9.244280815124512,8.447623252868652,41415127,0.0,0.0
2003-11-12,9.316264152526855,9.413164138793945,9.136306762695312,9.357792854309082,8.551356315612793,29024288,0.0,0.0
2003-11-13,9.330106735229492,9.37717342376709,9.177835464477539,9.19721508026123,8.404614448547363,22592466,0.0,0.0
2003-11-14,9.22490119934082,9.330106735229492,9.011720657348633,9.028331756591797,8.250285148620605,17063273,0.0,0.0
2003-11-17,8.936968803405762,9.008952140808105,8.64903736114502,8.8428373336792,8.080777168273926,36055696,0.0,0.0
2003-11-18,8.85944938659668,8.970191955566406,8.518914222717285,8.53552532196045,7.799948692321777,32325261,0.0,0.0
2003-11-19,8.549367904663086,8.801308631896973,8.51337718963623,8.729326248168945,7.977047443389893,32944713,0.0,0.0
2003-11-20,8.577054023742676,8.809615135192871,8.516144752502441,8.607507705688477,7.865728378295898,24033278,0.0,0.0
2003-11-21,8.62135124206543,8.909282684326172,8.613045692443848,8.776391983032227,8.020058631896973,21706813,0.0,0.0
2003-11-24,8.85944938659668,9.039405822753906,8.8428373336792,8.925894737243652,8.156676292419434,54289246,0.0,0.0
2003-11-25,8.92866325378418,9.103083610534668,8.903745651245117,9.03110122680664,8.252816200256348,22618111,0.0,0.0
2003-11-26,9.03110122680664,9.108620643615723,8.870523452758789,8.914819717407227,8.146556854248047,25738486,0.0,0.0
2003-11-28,8.936968803405762,9.105852127075195,8.923126220703125,9.04217529296875,8.26293659210205,7218146,0.0,0.0
2003-12-01,9.15568733215332,9.163991928100586,8.870523452758789,8.997878074645996,8.222455978393555,23215891,0.0,0.0
2003-12-02,8.967423439025879,9.061554908752441,8.864986419677734,8.876059532165527,8.111137390136719,19594898,0.0,0.0
2003-12-03,8.91758918762207,8.970191955566406,8.571516990661621,8.571516990661621,7.832839012145996,49401899,0.0,0.0
2003-12-04,8.510607719421387,8.64903736114502,8.250362396240234,8.300195693969727,7.584897994995117,61949858,0.0,0.0
2003-12-05,8.291890144348145,8.471847534179688,8.20052719116211,8.36941146850586,7.6481499671936035,38697847,0.0,0.0
2003-12-08,8.278047561645508,8.55490493774414,8.255899429321289,8.386021614074707,7.663327217102051,22117493,0.0,0.0
2003-12-09,8.416476249694824,8.416476249694824,8.067635536193848,8.16176700592041,7.458401203155518,35872570,0.0,0.0
2003-12-10,8.175609588623047,8.189453125,7.8350749015808105,7.9707350730896,7.283830642700195,48960156,0.0,0.0
2003-12-11,8.028876304626465,8.507840156555176,7.871067047119141,8.366641998291016,7.645618438720703,39946864,0.0,0.0
2003-12-12,8.374947547912598,8.449699401855469,8.305732727050781,8.446930885314941,7.71898889541626,26623417,0.0,0.0
2003-12-15,8.58259105682373,8.61027717590332,8.33065128326416,8.386021614074707,7.663327217102051,43494172,0.0,0.0
2003-12-16,8.37217903137207,8.61027717590332,8.336188316345215,8.59366512298584,7.8530778884887695,39393872,0.0,0.0
2003-12-17,8.58259105682373,8.590896606445312,8.45800495147705,8.565979957580566,7.8277788162231445,34266330,0.0,0.0
2003-12-18,8.55490493774414,8.900978088378906,8.529988288879395,8.862217903137207,8.098487854003906,44874665,0.0,0.0
2003-12-19,8.851142883300781,9.180603981018066,8.815152168273926,9.150150299072266,8.361605644226074,43537155,0.0,0.0
2003-12-22,9.130769729614258,9.294116020202637,9.094778060913086,9.288578033447266,8.488104820251465,20633699,0.0,0.0
2003-12-23,9.285810470581055,9.410395622253418,9.199983596801758,9.32180118560791,8.518463134765625,13308638,0.0,0.0
2003-12-24,9.2802734375,9.294116020202637,9.089241027832031,9.108620643615723,8.323655128479004,7389353,0.0,0.0
2003-12-26,9.125231742858887,9.233206748962402,8.997878074645996,9.036638259887695,8.2578763961792,7976297,0.0,0.0
2003-12-29,9.061554908752441,9.283041000366211,9.006183624267578,9.277503967285156,8.477986335754395,24302008,0.0,0.0
2003-12-30,9.2802734375,9.393783569335938,9.247050285339355,9.363329887390137,8.556413650512695,20148251,0.0,0.0
2003-12-31,9.396553039550781,9.487915992736816,9.313495635986328,9.393783569335938,8.584242820739746,14072207,0.0,0.0
2004-01-02,9.355024337768555,9.551592826843262,9.191678047180176,9.208290100097656,8.414735794067383,18512393,0.0,0.0
2004-01-05,9.316264152526855,9.429776191711426,9.244280815124512,9.402090072631836,8.59183406829834,15260904,0.0,0.0
2004-01-06,9.399321556091309,9.413164138793945,9.152917861938477,9.219364166259766,8.424853324890137,21956761,0.0,0.0
2004-01-07,9.169529914855957,9.219364166259766,9.05324935913086,9.136306762695312,8.348956108093262,16716886,0.0,0.0
2004-01-08,9.172298431396484,9.213827133178711,9.00341510772705,9.04217529296875,8.26293659210205,20330294,0.0,0.0
2004-01-09,8.981266021728516,9.056017875671387,8.85944938659668,8.909282684326172,8.141495704650879,20324515,0.0,0.0
2004-01-12,8.914819717407227,9.056017875671387,8.85944938659668,8.93420124053955,8.164268493652344,15744185,0.0,0.0
2004-01-13,8.920357704162598,9.15568733215332,8.920357704162598,8.989571571350098,8.214864730834961,22978946,0.0,0.0
2004-01-14,9.03110122680664,9.440850257873535,9.025564193725586,9.43531322479248,8.622193336486816,31645128,0.0,0.0
2004-01-15,9.440850257873535,9.615270614624023,9.219364166259766,9.413164138793945,8.601953506469727,26295089,0.0,0.0
2004-01-16,9.440850257873535,9.659567832946777,9.343950271606445,9.65679931640625,8.824593544006348,18595107,0.0,0.0
2004-01-20,9.629114151000977,9.662337303161621,9.393783569335938,9.546055793762207,8.723392486572266,19320750,0.0,0.0
2004-01-21,9.451925277709961,9.57651138305664,9.25258731842041,9.36609935760498,8.558945655822754,21768939,0.0,0.0
2004-01-22,9.374403953552246,9.579278945922852,9.288578033447266,9.440850257873535,8.627254486083984,16284173,0.0,0.0
2004-01-23,9.454692840576172,9.579278945922852,9.33841323852539,9.438081741333008,8.624724388122559,12487278,0.0,0.0
2004-01-26,9.379941940307617,9.670641899108887,9.194446563720703,9.402090072631836,8.59183406829834,19681585,0.0,0.0
2004-01-27,9.427006721496582,9.482378959655762,9.07262897491455,9.133538246154785,8.34642505645752,23842928,0.0,0.0
2004-01-28,9.15568733215332,9.186141014099121,8.660111427307129,8.662879943847656,7.9163289070129395,34182894,0.0,0.0
2004-01-29,8.676722526550293,8.909282684326172,8.662879943847656,8.887134552001953,8.121257781982422,23292826,0.0,0.0
2004-01-30,8.948042869567871,9.008952140808105,8.798540115356445,8.92866325378418,8.15920639038086,12715554,0.0,0.0
2004-02-02,8.978498458862305,8.984034538269043,8.676722526550293,8.754242897033691,7.999817371368408,24977084,0.0,0.0
2004-02-03,8.754242897033691,8.887134552001953,8.41093921661377,8.452467918395996,7.724047660827637,32004519,0.0,0.0
2004-02-04,8.422014236450195,8.737631797790527,8.41093921661377,8.538293838500977,7.802478790283203,19608985,0.0,0.0
2004-02-05,8.546600341796875,8.806845664978027,8.543830871582031,8.704408645629883,7.954277515411377,15865908,0.0,0.0
2004-02-06,8.704408645629883,8.906515121459961,8.58259105682373,8.845605850219727,8.083307266235352,23350617,0.0,0.0
2004-02-09,9.205520629882812,9.479610443115234,8.876059532165527,9.147380828857422,8.359075546264648,80157040,0.0,0.0
2004-02-10,9.119694709777832,9.26366138458252,9.03110122680664,9.18337345123291,8.391965866088867,23284157,0.0,0.0
2004-02-11,9.202753067016602,9.202753067016602,9.064324378967285,9.191678047180176,8.399555206298828,20936381,0.0,0.0
2004-02-12,9.105852127075195,9.136306762695312,8.942505836486816,8.970191955566406,8.197155952453613,16276588,0.0,0.0
2004-02-13,8.939738273620605,9.022794723510742,8.784696578979492,8.837300300598145,8.075716972351074,14333352,0.0,0.0
2004-02-17,8.953580856323242,8.995108604431152,8.887134552001953,8.97296142578125,8.199687957763672,13344758,0.0,0.0
2004-02-18,8.936968803405762,9.136306762695312,8.878829002380371,9.044943809509277,8.265466690063477,18487832,0.0,0.0
2004-02-19,9.130769729614258,9.343950271606445,8.85944938659668,8.892671585083008,8.12631607055664,29035847,0.0,0.0
2004-02-20,8.948042869567871,8.964654922485352,8.817919731140137,8.892671585083008,8.12631607055664,27504736,0.0,0.0
2004-02-23,8.85944938659668,8.88990306854248,8.59366512298584,8.709945678710938,7.959336757659912,17937007,0.0,0.0
2004-02-24,8.71825122833252,8.76254940032959,8.491228103637695,8.579822540283203,7.840427875518799,16640313,0.0,0.0
2004-02-25,8.549367904663086,8.693333625793457,8.516144752502441,8.640730857849121,7.896086692810059,10330936,0.0,0.0
2004-02-26,8.311270713806152,8.64903736114502,8.305732727050781,8.615814208984375,7.873318195343018,20057952,0.0,0.0
2004-02-27,8.967423439025879,9.05324935913086,8.704408645629883,9.017257690429688,8.240166664123535,58747130,0.0,0.0
2004-03-01,9.020026206970215,9.191678047180176,8.970191955566406,9.080934524536133,8.298354148864746,27367481,0.0,0.0
2004-03-02,9.083703994750977,9.150150299072266,8.85944938659668,8.909282684326172,8.141495704650879,22293757,0.0,0.0
2004-03-03,8.851142883300781,8.942505836486816,8.646267890930176,8.85944938659668,8.095956802368164,19552638,0.0,0.0
2004-03-04,8.845605850219727,9.05324935913086,8.812382698059082,9.028331756591797,8.250285148620605,11856990,0.0,0.0
2004-03-05,8.878829002380371,9.078166961669922,8.823456764221191,8.959117889404297,8.187037467956543,14303011,0.0,0.0
2004-03-08,9.025564193725586,9.227669715881348,8.900978088378906,8.91758918762207,8.149086952209473,23619708,0.0,0.0
2004-03-09,8.967423439025879,8.997878074645996,8.754242897033691,8.895440101623535,8.128846168518066,18163839,0.0,0.0
2004-03-10,8.801308631896973,8.873291969299316,8.58259105682373,8.624119758605957,7.880908012390137,22533591,0.0,0.0
2004-03-11,8.52445125579834,8.726556777954102,8.452467918395996,8.518914222717285,7.784769058227539,21736070,0.0,0.0
2004-03-12,8.585359573364258,8.607507705688477,8.46907901763916,8.58259105682373,7.842958927154541,19287520,0.0,0.0
2004-03-15,8.419244766235352,8.45800495147705,8.039950370788574,8.048255920410156,7.35467004776001,52551169,0.0,0.0
2004-03-16,8.145155906677246,8.300195693969727,8.125776290893555,8.300195693969727,7.584897994995117,21609651,0.0,0.0
2004-03-17,8.305732727050781,8.460774421691895,8.278047561645508,8.383254051208496,7.660799980163574,14527314,0.0,0.0
2004-03-18,8.366641998291016,8.377716064453125,8.167304039001465,8.305732727050781,7.58996057510376,17979628,0.0,0.0
2004-03-19,8.255899429321289,8.394328117370605,8.017801284790039,8.073172569274902,7.377440452575684,24660315,0.0,0.0
2004-03-22,8.009495735168457,8.045487403869629,7.7658610343933105,7.8350749015808105,7.1598615646362305,35046875,0.0,0.0
2004-03-23,7.945817947387695,7.976273059844971,7.702182769775391,7.738174915313721,7.07131290435791,22158669,0.0,0.0
2004-03-24,7.7658610343933105,7.893215179443359,7.60251522064209,7.824000835418701,7.1497416496276855,31400599,0.0,0.0
2004-03-25,7.923669815063477,8.449699401855469,7.904290199279785,8.397095680236816,7.673448085784912,55161896,0.0,0.0
2004-03-26,8.319576263427734,8.46631145477295,8.291890144348145,8.363874435424805,7.643089294433594,12287897,0.0,0.0
2004-03-29,8.45523738861084,8.643500328063965,8.419244766235352,8.51337718963623,7.779709339141846,16517506,0.0,0.0
2004-03-30,8.435856819152832,8.693333625793457,8.424781799316406,8.682259559631348,7.934037685394287,20470799,0.0,0.0
2004-03-31,8.726556777954102,8.923126220703125,8.568748474121094,8.757012367248535,8.002346992492676,31901217,0.0,0.0
2004-04-01,8.92866325378418,9.235976219177246,8.757012367248535,9.208290100097656,8.414735794067383,40575707,0.0,0.0
2004-04-02,9.388246536254883,9.476841926574707,9.316264152526855,9.385478973388672,8.576656341552734,29306383,0.0,0.0
2004-04-05,9.391016006469727,9.454692840576172,9.194446563720703,9.451925277709961,8.637374877929688,13191249,0.0,0.0
2004-04-06,9.352255821228027,9.402090072631836,9.22490119934082,9.388246536254883,8.579183578491211,14586912,0.0,0.0
2004-04-07,9.332876205444336,9.393783569335938,9.119694709777832,9.177835464477539,8.386905670166016,16481025,0.0,0.0
2004-04-08,9.427006721496582,9.438081741333008,9.111390113830566,9.16676139831543,8.376785278320312,15272462,0.0,0.0
2004-04-12,9.158454895019531,9.2415132522583,9.114157676696777,9.16676139831543,8.376785278320312,10388727,0.0,0.0
2004-04-13,9.255355834960938,9.255355834960938,8.920357704162598,8.942505836486816,8.171856880187988,13922311,0.0,0.0
2004-04-14,8.942505836486816,9.111390113830566,8.912052154541016,9.025564193725586,8.247756958007812,11963182,0.0,0.0
2004-04-15,9.033868789672852,9.039405822753906,8.74593734741211,8.85944938659668,8.095956802368164,16369777,0.0,0.0
2004-04-16,8.817919731140137,8.8428373336792,8.70717716217041,8.770853996276855,8.014996528625488,14698883,0.0,0.0
2004-04-19,8.784696578979492,9.10031509399414,8.754242897033691,9.097546577453613,8.313535690307617,13545222,0.0,0.0
2004-04-20,9.050480842590332,9.108620643615723,8.887134552001953,8.892671585083008,8.12631607055664,13376182,0.0,0.0
2004-04-21,8.909282684326172,9.078166961669922,8.776391983032227,9.008952140808105,8.232576370239258,17547638,0.0,0.0
2004-04-22,9.10031509399414,9.537750244140625,9.011720657348633,9.493453025817871,8.675323486328125,31380733,0.0,0.0
2004-04-23,9.427006721496582,9.584815979003906,9.255355834960938,9.47407341003418,8.657614707946777,17223283,0.0,0.0
2004-04-26,9.496221542358398,9.510065078735352,9.147380828857422,9.238743782043457,8.442564964294434,19792473,0.0,0.0
2004-04-27,9.26366138458252,9.487915992736816,9.233206748962402,9.271966934204102,8.472925186157227,14948830,0.0,0.0
2004-04-28,9.288578033447266,9.327339172363281,9.025564193725586,9.078166961669922,8.295825004577637,18329989,0.0,0.0
2004-04-29,9.119694709777832,9.274736404418945,8.995108604431152,9.044943809509277,8.265466690063477,16634895,0.0,0.0
2004-04-30,9.083703994750977,9.202753067016602,8.823456764221191,8.92866325378418,8.15920639038086,18991700,0.0,0.0
2004-05-03,8.579822540283203,9.136306762695312,8.405402183532715,8.599203109741211,7.8581390380859375,45714446,0.0,0.0
2004-05-04,8.64903736114502,8.959117889404297,8.541062355041504,8.806845664978027,8.04788589477539,24691739,0.0,0.0
2004-05-05,8.776391983032227,8.892671585083008,8.676722526550293,8.759779930114746,8.004877090454102,12653428,0.0,0.0
2004-05-06,8.665648460388184,8.840068817138672,8.596433639526367,8.732093811035156,7.9795756340026855,13428194,0.0,0.0
2004-05-07,8.657342910766602,8.853912353515625,8.45800495147705,8.543830871582031,7.807538032531738,22437513,0.0,0.0
2004-05-10,8.46631145477295,8.502302169799805,8.06486701965332,8.30296516418457,7.587430000305176,29018148,0.0,0.0
2004-05-11,8.319576263427734,8.435856819152832,8.258667945861816,8.322344779968262,7.605140209197998,25738125,0.0,0.0
2004-05-12,8.250362396240234,8.278047561645508,8.028876304626465,8.183916091918945,7.478640079498291,19997993,0.0,0.0
2004-05-13,8.136850357055664,8.319576263427734,8.098090171813965,8.211602210998535,7.503941059112549,15279325,0.0,0.0
2004-05-14,8.239288330078125,8.28635311126709,8.00672721862793,8.098090171813965,7.400210380554199,14957138,0.0,0.0
2004-05-17,8.026106834411621,8.056561470031738,7.87383508682251,7.9679670333862305,7.281301021575928,12159673,0.0,0.0
2004-05-18,8.0814790725708,8.145155906677246,8.015032768249512,8.056561470031738,7.362260341644287,13274686,0.0,0.0
2004-05-19,8.225444793701172,8.463541984558105,8.175609588623047,8.175609588623047,7.471050262451172,20457796,0.0,0.0
2004-05-20,8.255899429321289,8.358336448669434,8.181146621704102,8.255899429321289,7.5444207191467285,13230620,0.0,0.0
2004-05-21,8.34449291229248,8.422014236450195,8.250362396240234,8.322344779968262,7.605140209197998,10620254,0.0,0.0
2004-05-24,8.333418846130371,8.38879108428955,8.192221641540527,8.305732727050781,7.58996057510376,14519729,0.0,0.0
2004-05-25,8.30296516418457,8.643500328063965,8.258667945861816,8.62135124206543,7.878377914428711,21357897,0.0,0.0
2004-05-26,8.563211441040039,8.676722526550293,8.516144752502441,8.668416976928711,7.921387195587158,10183929,0.0,0.0
2004-05-27,8.72378921508789,8.809615135192871,8.58259105682373,8.732093811035156,7.9795756340026855,16147280,0.0,0.0
2004-05-28,8.751474380493164,8.751474380493164,8.624119758605957,8.654574394226074,7.908738136291504,10137335,0.0,0.0
2004-06-01,8.579822540283203,8.759779930114746,8.48569107055664,8.737631797790527,7.984637260437012,12904459,0.0,0.0
2004-06-02,8.751474380493164,8.801308631896973,8.529988288879395,8.701640129089355,7.951747417449951,12032532,0.0,0.0
2004-06-03,8.673954010009766,8.712714195251465,8.374947547912598,8.413707733154297,7.68862771987915,13413024,0.0,0.0
2004-06-04,8.568748474121094,8.568748474121094,8.34172534942627,8.380484580993652,7.658267974853516,15565392,0.0,0.0
2004-06-07,8.471847534179688,8.565979957580566,8.377716064453125,8.538293838500977,7.802478790283203,10041257,0.0,0.0
2004-06-08,8.543830871582031,8.626888275146484,8.45523738861084,8.51337718963623,7.779709339141846,11278715,0.0,0.0
2004-06-09,8.43862533569336,8.557674407958984,8.380484580993652,8.430318832397461,7.703807830810547,10821441,0.0,0.0
2004-06-10,8.491228103637695,8.51337718963623,8.28635311126709,8.391558647155762,7.668388843536377,11616434,0.0,0.0
2004-06-14,8.333418846130371,8.386021614074707,7.9984211921691895,8.194990158081055,7.488760471343994,21012232,0.0,0.0
2004-06-15,8.37217903137207,8.449699401855469,8.300195693969727,8.336188316345215,7.617790222167969,12880621,0.0,0.0
2004-06-16,8.327881813049316,8.358336448669434,8.230981826782227,8.291890144348145,7.5773091316223145,16406980,0.0,0.0
2004-06-17,8.250362396240234,8.322344779968262,8.211602210998535,8.258667945861816,7.546950340270996,12463078,0.0,0.0
2004-06-18,8.048255920410156,8.416476249694824,8.045487403869629,8.289121627807617,7.574779033660889,19592370,0.0,0.0
2004-06-21,8.543830871582031,8.546600341796875,8.319576263427734,8.322344779968262,7.605140209197998,15014929,0.0,0.0
2004-06-22,8.480154037475586,8.651805877685547,8.377716064453125,8.615814208984375,7.873318195343018,19912390,0.0,0.0
2004-06-23,8.579822540283203,8.615814208984375,8.48569107055664,8.585359573364258,7.845488548278809,15109202,0.0,0.0
2004-06-24,8.61027717590332,8.615814208984375,8.45800495147705,8.510607719421387,7.7771782875061035,15755382,0.0,0.0
2004-06-25,8.482921600341797,8.53552532196045,8.181146621704102,8.183916091918945,7.478640079498291,28898953,0.0,0.0
2004-06-28,8.280816078186035,8.449699401855469,8.266972541809082,8.355567932128906,7.635498523712158,17193665,0.0,0.0
2004-06-29,8.37217903137207,8.53552532196045,8.311270713806152,8.386021614074707,7.663327217102051,9167884,0.0,0.0
2004-06-30,8.397095680236816,8.43862533569336,8.27527904510498,8.34449291229248,7.625378608703613,11305805,0.0,0.0
2004-07-01,8.327881813049316,8.430318832397461,8.250362396240234,8.308502197265625,7.592490196228027,16725916,0.0,0.0
2004-07-02,8.327881813049316,8.460774421691895,8.316807746887207,8.408170700073242,7.683570384979248,11947289,0.0,0.0
2004-07-06,8.46907901763916,8.505070686340332,8.27527904510498,8.322344779968262,7.605140209197998,11836402,0.0,0.0
2004-07-07,8.37217903137207,8.488459587097168,8.361104965209961,8.394328117370605,7.670920372009277,9207616,0.0,0.0
2004-07-08,8.316807746887207,8.402633666992188,8.167304039001465,8.189453125,7.483700275421143,16841499,0.0,0.0
2004-07-09,8.30296516418457,8.377716064453125,8.20052719116211,8.278047561645508,7.5646586418151855,11633049,0.0,0.0
2004-07-12,8.2199068069458,8.28635311126709,8.100858688354492,8.164536476135254,7.460930824279785,11656888,0.0,0.0
2004-07-13,8.170072555541992,8.258667945861816,8.06486701965332,8.1202392578125,7.4204511642456055,9297915,0.0,0.0
2004-07-14,8.136850357055664,8.272509574890137,7.466854095458984,8.073172569274902,7.377440452575684,18843610,0.0,0.0
2004-07-15,8.164536476135254,8.167304039001465,8.028876304626465,8.070404052734375,7.374910354614258,8779598,0.0,0.0
2004-07-16,8.145155906677246,8.230981826782227,8.009495735168457,8.012264251708984,7.321780681610107,15978962,0.0,0.0
2004-07-19,8.001190185546875,8.070404052734375,7.893215179443359,7.962430000305176,7.276241302490234,10618087,0.0,0.0
2004-07-20,8.031643867492676,8.222676277160645,8.009495735168457,8.203295707702637,7.496349811553955,18518172,0.0,0.0
2004-07-21,8.20052719116211,8.250362396240234,7.940280914306641,7.95135498046875,7.2661213874816895,14711163,0.0,0.0
2004-07-22,7.710488796234131,7.990116119384766,7.69941520690918,7.920900821685791,7.238291263580322,19820285,0.0,0.0
2004-07-23,7.843380928039551,7.898752212524414,7.685572147369385,7.752017974853516,7.083962917327881,12345689,0.0,0.0
2004-07-26,7.746480941772461,7.824000835418701,7.60251522064209,7.72156286239624,7.056131839752197,10374641,0.0,0.0
2004-07-27,7.774166107177734,7.88214111328125,7.735405921936035,7.837843894958496,7.162392616271973,11159881,0.0,0.0
2004-07-28,7.8184638023376465,7.8350749015808105,7.577597141265869,7.774166107177734,7.104201793670654,13944705,0.0,0.0
2004-07-29,7.8489179611206055,7.868298053741455,7.5582170486450195,7.724331855773926,7.058662414550781,15377570,0.0,0.0
2004-07-30,7.67172908782959,7.710488796234131,7.4890031814575195,7.5582170486450195,6.906863212585449,15190471,0.0,0.0
2004-08-02,7.5111517906188965,7.682803153991699,7.386566162109375,7.632968902587891,6.975172519683838,22652786,0.0,0.0
2004-08-03,7.475160121917725,7.621894836425781,7.361648082733154,7.483466148376465,6.838554382324219,50458759,0.0,0.0
2004-08-04,6.1739277839660645,6.445249080657959,5.99397087097168,6.312356948852539,5.768368721008301,315392257,0.0,0.0
2004-08-05,6.276366233825684,6.348349094390869,6.168391227722168,6.1933088302612305,5.659580230712891,73014022,0.0,0.0
2004-08-06,6.085333824157715,6.129631042480469,6.0216569900512695,6.065954208374023,5.543200969696045,53953333,0.0,0.0
2004-08-09,6.063185214996338,6.1711602210998535,5.99397087097168,6.137937068939209,5.608980655670166,26721662,0.0,0.0
2004-08-10,6.160086154937744,6.340043067932129,6.1407060623168945,6.28190279006958,5.74053955078125,40565232,0.0,0.0
2004-08-11,6.215456962585449,6.323431968688965,6.0908708572387695,6.287439823150635,5.745599269866943,27328833,0.0,0.0
2004-08-12,6.23206901550293,6.312356948852539,6.129631042480469,6.1794657707214355,5.646929740905762,19129316,0.0,0.0
2004-08-13,6.201613903045654,6.30128288269043,6.160086154937744,6.256986141204834,5.717770576477051,17558474,0.0,0.0
2004-08-16,6.243143081665039,6.467398166656494,6.2237629890441895,6.373266220092773,5.824029445648193,19655218,0.0,0.0
2004-08-17,6.3428120613098145,6.420331954956055,6.2929768562316895,6.331737041473389,5.786079406738281,12865811,0.0,0.0
2004-08-18,6.367729187011719,6.586446762084961,6.284671783447266,6.542149066925049,5.978358268737793,20675597,0.0,0.0
2004-08-19,6.51169490814209,6.561529159545898,6.400951862335205,6.4867777824401855,5.92775821685791,21123120,0.0,0.0
2004-08-20,6.4867777824401855,6.583677768707275,6.450786113739014,6.514463901519775,5.953059196472168,14131804,0.0,0.0
2004-08-23,6.53938102722168,6.564298152923584,6.450786113739014,6.5006208419799805,5.940408706665039,18436181,0.0,0.0
2004-08-24,6.5006208419799805,6.603057861328125,6.497851848602295,6.583677768707275,6.016307830810547,19259708,0.0,0.0
2004-08-25,6.564298152923584,6.735949993133545,6.550455093383789,6.708263874053955,6.130157947540283,11968961,0.0,0.0
2004-08-26,6.672272205352783,6.68611478805542,6.561529159545898,6.6196699142456055,6.049197673797607,16812242,0.0,0.0
2004-08-27,6.627974987030029,6.627974987030029,6.4480180740356445,6.497851848602295,5.937877655029297,24162225,0.0,0.0
2004-08-30,6.481241226196289,6.497851848602295,6.414794921875,6.417562961578369,5.864508628845215,17333809,0.0,0.0
2004-08-31,6.3981828689575195,6.40648889541626,6.265292167663574,6.315125942230225,5.770898818969727,17760382,0.0,0.0
2004-09-01,6.298513889312744,6.367729187011719,6.229300022125244,6.306819915771484,5.763309478759766,18422455,0.0,0.0
2004-09-02,6.323431968688965,6.376035213470459,6.268060207366943,6.351117134094238,5.803789138793945,17364511,0.0,0.0
2004-09-03,6.30128288269043,6.367729187011719,6.220993995666504,6.248680114746094,5.710179328918457,15278603,0.0,0.0
2004-09-07,6.331737041473389,6.367729187011719,6.254217147827148,6.295745849609375,5.7531890869140625,13649969,0.0,0.0
2004-09-08,6.312356948852539,6.326200008392334,6.132400035858154,6.143474102020264,5.614040374755859,16388198,0.0,0.0
2004-09-09,6.146243095397949,6.146243095397949,5.905375957489014,5.955211162567139,5.442001819610596,31385790,0.0,0.0
2004-09-10,5.885995864868164,6.20438289642334,5.872154235839844,6.1711602210998535,5.639340400695801,20547012,0.0,0.0
2004-09-13,6.1739277839660645,6.229300022125244,6.0355000495910645,6.0521111488342285,5.530550956726074,22490970,0.0,0.0
2004-09-14,6.082564830780029,6.160086154937744,6.032731056213379,6.0908708572387695,5.565969467163086,28892090,0.0,0.0
2004-09-15,6.018887996673584,6.057648181915283,5.899838924407959,5.930294036865234,5.41923189163208,19367706,0.0,0.0
2004-09-16,5.908144950866699,6.118556976318359,5.905375957489014,6.085333824157715,5.560909748077393,19524465,0.0,0.0
2004-09-17,6.1407060623168945,6.561529159545898,6.113019943237305,6.506157875061035,5.945467948913574,82133867,0.0,0.0
2004-09-20,6.304051876068115,6.4480180740356445,6.229300022125244,6.31789493560791,5.7734293937683105,59772205,0.0,0.0
2004-09-21,6.323431968688965,6.3594231605529785,6.21268892288208,6.265292167663574,5.725359916687012,27435747,0.0,0.0
2004-09-22,6.2237629890441895,6.2403740882873535,6.013350963592529,6.029962062835693,5.510310649871826,23367955,0.0,0.0
2004-09-23,6.074260234832764,6.124094009399414,5.9718217849731445,5.980127811431885,5.464771270751953,25055825,0.0,0.0
2004-09-24,5.952442169189453,5.98289680480957,5.852773189544678,5.87769079208374,5.371160984039307,20747114,0.0,0.0
2004-09-27,5.844468116760254,6.00227689743042,5.775252819061279,5.850005149841309,5.345861911773682,15147127,0.0,0.0
2004-09-28,5.883227825164795,5.885995864868164,5.722650051116943,5.758642196655273,5.262372016906738,24504639,0.0,0.0
2004-09-29,5.963517189025879,6.18500280380249,5.883227825164795,6.110250949859619,5.583680152893066,41666880,0.0,0.0
2004-09-30,6.10748291015625,6.129631042480469,5.99397087097168,6.096407890319824,5.5710296630859375,18401144,0.0,0.0
2004-10-01,6.2099199295043945,6.340043067932129,6.129631042480469,6.149011135101318,5.6190996170043945,24651285,0.0,0.0
2004-10-04,6.187770843505859,6.229300022125244,6.113019943237305,6.135168075561523,5.606449604034424,18575963,0.0,0.0
2004-10-05,6.146243095397949,6.220993995666504,5.722650051116943,5.755873203277588,5.259841442108154,74191522,0.0,0.0
2004-10-06,5.780789852142334,5.786327838897705,5.492857933044434,5.739262104034424,5.244661808013916,63360690,0.0,0.0
2004-10-07,5.77248477935791,5.949674129486084,5.708806991577148,5.869384765625,5.363571643829346,43288291,0.0,0.0
2004-10-08,5.827856063842773,5.9026079177856445,5.789095878601074,5.816781997680664,5.315502166748047,15585619,0.0,0.0
2004-10-11,5.786327838897705,5.827856063842773,5.703269958496094,5.769715785980225,5.272491931915283,14934744,0.0,0.0
2004-10-12,5.719882011413574,5.855542182922363,5.661742210388184,5.739262104034424,5.244661808013916,21970847,0.0,0.0
2004-10-13,5.952442169189453,5.952442169189453,5.658973217010498,5.753105163574219,5.257311820983887,21315998,0.0,0.0
2004-10-14,5.753105163574219,5.758642196655273,5.639593124389648,5.683889865875244,5.194061756134033,15418747,0.0,0.0
2004-10-15,5.66727876663208,5.7447991371154785,5.592526912689209,5.642362117767334,5.156113147735596,14533816,0.0,0.0
2004-10-18,5.636824131011963,5.697732925415039,5.559304237365723,5.66727876663208,5.178882122039795,13063386,0.0,0.0
2004-10-19,5.66727876663208,5.722650051116943,5.586989879608154,5.606369972229004,5.123222827911377,14901514,0.0,0.0
2004-10-20,5.606369972229004,5.617444038391113,5.537156105041504,5.600832939147949,5.118163108825684,16772872,0.0,0.0
2004-10-21,5.606369972229004,5.6091389656066895,5.368271827697754,5.520544052124023,5.044792652130127,33904050,0.0,0.0
2004-10-22,5.531618118286133,5.537156105041504,5.304594993591309,5.310132026672363,4.852514266967773,30266803,0.0,0.0
2004-10-25,5.384883880615234,5.531618118286133,5.312901020050049,5.492857933044434,5.0194926261901855,31352198,0.0,0.0
2004-10-26,5.407032012939453,5.764179229736328,5.407032012939453,5.706038951873779,5.2143025398254395,32894868,0.0,0.0
2004-10-27,5.733725070953369,6.0908708572387695,5.683889865875244,6.00227689743042,5.485011577606201,36192590,0.0,0.0
2004-10-28,5.952442169189453,6.096407890319824,5.938599109649658,6.0908708572387695,5.565969467163086,17719206,0.0,0.0
2004-10-29,6.09917688369751,6.151780128479004,5.921988010406494,5.9856648445129395,5.469830513000488,26011911,0.0,0.0
2004-11-01,6.010581970214844,6.082564830780029,5.952442169189453,6.074260234832764,5.550791263580322,20225547,0.0,0.0
2004-11-02,5.996739864349365,6.1739277839660645,5.996739864349365,6.0908708572387695,5.565969467163086,26442096,0.0,0.0
2004-11-03,6.7054948806762695,7.073716163635254,6.561529159545898,6.92421293258667,6.327496528625488,136149687,0.0,0.0
2004-11-04,6.921443939208984,7.012807846069336,6.727643966674805,6.935286998748779,6.337616443634033,30067784,0.0,0.0
2004-11-05,6.976816177368164,7.004501819610596,6.780247211456299,6.921443939208984,6.324965953826904,26516864,0.0,0.0
2004-11-08,6.882684230804443,7.02111291885376,6.832849979400635,6.921443939208984,6.324965953826904,20350160,0.0,0.0
2004-11-09,6.92421293258667,6.976816177368164,6.61690092086792,6.680578231811523,6.104857444763184,28277334,0.0,0.0
2004-11-10,6.661198139190674,6.663967132568359,6.464629173278809,6.544918060302734,5.980888843536377,30997142,0.0,0.0
2004-11-11,6.627974987030029,6.7414870262146,6.591983795166016,6.711032867431641,6.132687091827393,12962973,0.0,0.0
2004-11-12,6.652892112731934,6.6888837814331055,6.572604179382324,6.611363887786865,6.04160737991333,18709606,0.0,0.0
2004-11-15,6.614131927490234,6.658430099487305,6.525537967681885,6.658430099487305,6.084618091583252,14279895,0.0,0.0
2004-11-16,6.622437953948975,6.680578231811523,6.594751834869385,6.614131927490234,6.044137477874756,15354815,0.0,0.0
2004-11-17,6.61690092086792,6.830080986022949,6.61690092086792,6.735949993133545,6.155457496643066,15267767,0.0,0.0
2004-11-18,6.780247211456299,6.780247211456299,6.658430099487305,6.711032867431641,6.132687091827393,8356637,0.0,0.0
2004-11-19,6.783016204833984,6.84669303894043,6.553224086761475,6.6002888679504395,6.031486988067627,11838569,0.0,0.0
2004-11-22,6.575372219085693,6.758098125457764,6.555992126464844,6.675041198730469,6.099796772003174,10547654,0.0,0.0
2004-11-23,6.71380090713501,6.7193379402160645,6.572604179382324,6.663967132568359,6.0896782875061035,10364527,0.0,0.0
2004-11-24,6.71380090713501,6.816238880157471,6.68611478805542,6.780247211456299,6.195937156677246,9663445,0.0,0.0
2004-11-26,6.813469886779785,6.85499906539917,6.74979305267334,6.8245439529418945,6.236416339874268,5325839,0.0,0.0
2004-11-29,6.852230072021484,6.907601833343506,6.697189807891846,6.816238880157471,6.228827476501465,13017875,0.0,0.0
2004-11-30,6.72210693359375,6.8383870124816895,6.7027268409729,6.83561897277832,6.246537208557129,10548376,0.0,0.0
2004-12-01,6.832849979400635,7.02111291885376,6.8107008934021,6.9740471839904785,6.373035430908203,17882828,0.0,0.0
2004-12-02,6.949130058288574,7.059873104095459,6.890989780426025,6.95189905166626,6.3527960777282715,14387893,0.0,0.0
2004-12-03,6.899295806884766,6.976816177368164,6.802395820617676,6.92421293258667,6.327496528625488,15674113,0.0,0.0
2004-12-06,6.863304138183594,6.954667091369629,6.774710178375244,6.843924045562744,6.254126071929932,15280409,0.0,0.0
2004-12-07,6.852230072021484,6.907601833343506,6.663967132568359,6.68611478805542,6.109916687011719,13001982,0.0,0.0
2004-12-08,6.6888837814331055,6.830080986022949,6.6667351722717285,6.675041198730469,6.099796772003174,12728557,0.0,0.0
2004-12-09,6.69442081451416,7.051568031311035,6.614131927490234,7.01003885269165,6.405925750732422,27567584,0.0,0.0
2004-12-10,6.94082498550415,7.4530110359191895,6.893758773803711,7.30904483795166,6.679163455963135,38806567,0.0,0.0
2004-12-13,7.2509050369262695,7.367186069488525,7.18999719619751,7.2509050369262695,6.626034736633301,22145305,0.0,0.0
2004-12-14,7.198301792144775,7.295201778411865,7.15400505065918,7.23983097076416,6.615915298461914,16970085,0.0,0.0
2004-12-15,7.13462495803833,7.23983097076416,7.0764851570129395,7.198301792144775,6.577964782714844,16495112,0.0,0.0
2004-12-16,7.198301792144775,7.209376811981201,7.06541109085083,7.08479118347168,6.474236965179443,17253985,0.0,0.0
2004-12-17,7.2342939376831055,7.261980056762695,7.08479118347168,7.109707832336426,6.497005462646484,24578684,0.0,0.0
2004-12-20,7.093095779418945,7.261980056762695,7.093095779418945,7.165079116821289,6.547605037689209,14602443,0.0,0.0
2004-12-21,7.973504066467285,8.003957748413086,7.513919830322266,7.588672161102295,6.934693813323975,117502207,0.0,0.0
2004-12-22,7.588672161102295,7.696646213531494,7.46131706237793,7.638505935668945,6.9802327156066895,25155876,0.0,0.0
2004-12-23,7.536068916320801,7.613588809967041,7.46962308883667,7.533299922943115,6.884092807769775,13188360,0.0,0.0
2004-12-27,7.5582170486450195,7.627431869506836,7.466854095458984,7.544373989105225,6.8942131996154785,8655708,0.0,0.0
2004-12-28,7.599746227264404,7.682803153991699,7.522225856781006,7.6468119621276855,6.987823009490967,12649094,0.0,0.0
2004-12-29,7.65234899520874,7.7658610343933105,7.621894836425781,7.7298688888549805,7.063722133636475,10489862,0.0,0.0
2004-12-30,7.74924898147583,7.754786014556885,7.616357803344727,7.641274929046631,6.982762813568115,9294303,0.0,0.0
2004-12-31,7.616357803344727,7.7298688888549805,7.6108198165893555,7.6468119621276855,6.987823009490967,8210714,0.0,0.0
2005-01-03,7.6468119621276855,7.7160258293151855,7.23152494430542,7.237061977386475,6.613384246826172,28878726,0.0,0.0
2005-01-04,7.253674030303955,7.295201778411865,7.059873104095459,7.095864772796631,6.4843549728393555,19016984,0.0,0.0
2005-01-05,7.012807846069336,7.192765235900879,7.012807846069336,7.040493011474609,6.433755397796631,14385725,0.0,0.0
2005-01-06,7.13462495803833,7.140161991119385,6.998964786529541,7.02111291885376,6.416045188903809,10471080,0.0,0.0
2005-01-07,7.040493011474609,7.173385143280029,7.018344879150391,7.090328216552734,6.47929573059082,10364888,0.0,0.0
2005-01-10,7.1152448654174805,7.253674030303955,7.082022190093994,7.104170799255371,6.491946220397949,11949095,0.0,0.0
2005-01-11,7.109707832336426,7.178922176361084,6.971279144287109,7.043262004852295,6.436285972595215,11545278,0.0,0.0
2005-01-12,7.12631893157959,7.26751708984375,7.073716163635254,7.192765235900879,6.57290506362915,15297746,0.0,0.0
2005-01-13,7.184459209442139,7.198301792144775,6.890989780426025,6.93251895904541,6.335085868835449,20344019,0.0,0.0
2005-01-14,6.954667091369629,7.02111291885376,6.877147197723389,6.9574360847473145,6.357856273651123,18791959,0.0,0.0
2005-01-18,6.985122203826904,7.012807846069336,6.857767105102539,6.89652681350708,6.302196502685547,14070401,0.0,0.0
2005-01-19,6.89652681350708,6.910369873046875,6.7553300857543945,6.785783767700195,6.200996398925781,13400743,0.0,0.0
2005-01-20,6.7940897941589355,6.882684230804443,6.669504165649414,6.680578231811523,6.104857444763184,14914878,0.0,0.0
2005-01-21,6.71380090713501,6.752561092376709,6.425868988037109,6.4840087890625,5.925228118896484,24817796,0.0,0.0
2005-01-24,6.497851848602295,6.583677768707275,6.38710880279541,6.409257888793945,5.856918811798096,14139028,0.0,0.0
2005-01-25,6.4784722328186035,6.561529159545898,6.4120259284973145,6.497851848602295,5.937877655029297,19886745,0.0,0.0
2005-01-26,6.542149066925049,6.564298152923584,6.49231481552124,6.53938102722168,5.975827693939209,14202238,0.0,0.0
2005-01-27,6.506157875061035,6.5310750007629395,6.3815717697143555,6.453555107116699,5.897398948669434,9573146,0.0,0.0
2005-01-28,6.439712047576904,6.572604179382324,6.376035213470459,6.564298152923584,5.998598575592041,14659151,0.0,0.0
2005-01-31,6.586446762084961,6.711032867431641,6.533843994140625,6.708263874053955,6.130157947540283,16794905,0.0,0.0
2005-02-01,6.699957847595215,6.758098125457764,6.62520694732666,6.7054948806762695,6.127626895904541,11319169,0.0,0.0
2005-02-02,6.7193379402160645,6.744256019592285,6.575372219085693,6.675041198730469,6.099796772003174,9101785,0.0,0.0
2005-02-03,6.68611478805542,6.71380090713501,6.5172319412231445,6.64458703994751,6.071967601776123,9481402,0.0,0.0
2005-02-04,6.630743980407715,6.79962682723999,6.594751834869385,6.760867118835449,6.178227424621582,11109314,0.0,0.0
2005-02-07,6.780247211456299,6.8079328536987305,6.639050006866455,6.68611478805542,6.109916687011719,8439712,0.0,0.0
2005-02-08,6.744256019592285,6.805163860321045,6.64458703994751,6.691652774810791,6.114977836608887,10067985,0.0,0.0
2005-02-09,6.680578231811523,6.73041296005249,6.572604179382324,6.611363887786865,6.04160737991333,9443838,0.0,0.0
2005-02-10,6.639050006866455,6.663967132568359,6.506157875061035,6.564298152923584,5.998598575592041,12558795,0.0,0.0
2005-02-11,6.555992126464844,6.7054948806762695,6.439712047576904,6.658430099487305,6.084618091583252,12231551,0.0,0.0
2005-02-14,6.669504165649414,6.680578231811523,6.536612033843994,6.569835186004639,6.003657817840576,9021238,0.0,0.0
2005-02-15,6.550455093383789,6.738718032836914,6.497851848602295,6.64458703994751,6.071967601776123,16301149,0.0,0.0
2005-02-16,6.760867118835449,6.8107008934021,6.198845863342285,6.243143081665039,5.705120086669922,52195030,0.0,0.0
2005-02-17,6.245912075042725,6.2791337966918945,6.0908708572387695,6.096407890319824,5.5710296630859375,33814473,0.0,0.0
2005-02-18,6.124094009399414,6.154548168182373,6.082564830780029,6.149011135101318,5.6190996170043945,30499414,0.0,0.0
2005-02-22,6.135168075561523,6.207150936126709,6.068723201751709,6.068723201751709,5.545731067657471,38409251,0.0,0.0
2005-02-23,6.118556976318359,6.151780128479004,6.085333824157715,6.0908708572387695,5.565969467163086,16175453,0.0,0.0
2005-02-24,6.07979679107666,6.2791337966918945,6.007813930511475,6.1960768699646,5.662109851837158,23289575,0.0,0.0
2005-02-25,6.218225955963135,6.304051876068115,6.160086154937744,6.259754180908203,5.720298767089844,9389658,0.0,0.0
2005-02-28,6.2929768562316895,6.353886127471924,6.157317161560059,6.23206901550293,5.695000171661377,11313029,0.0,0.0
2005-03-01,6.229300022125244,6.459092140197754,6.218225955963135,6.431406021118164,5.877157688140869,19065384,0.0,0.0
2005-03-02,6.40648889541626,6.436943054199219,6.298513889312744,6.315125942230225,5.770898818969727,17772302,0.0,0.0
2005-03-03,6.3289690017700195,6.353886127471924,6.135168075561523,6.182233810424805,5.6494598388671875,19414661,0.0,0.0
2005-03-04,6.27359676361084,6.30128288269043,6.160086154937744,6.168391227722168,5.636810302734375,14166479,0.0,0.0
2005-03-07,6.17669677734375,6.506157875061035,6.17669677734375,6.453555107116699,5.897398948669434,21418217,0.0,0.0
2005-03-08,6.450786113739014,6.464629173278809,6.37880277633667,6.392645835876465,5.841739177703857,8741672,0.0,0.0
2005-03-09,6.417562961578369,6.456323146820068,6.287439823150635,6.334506034851074,5.788609027862549,20195568,0.0,0.0
2005-03-10,6.364960193634033,6.400951862335205,6.1268630027771,6.262523174285889,5.722829818725586,18284839,0.0,0.0
2005-03-11,6.256986141204834,6.370498180389404,6.190539836883545,6.276366233825684,5.735479831695557,11729849,0.0,0.0
2005-03-14,6.30128288269043,6.331737041473389,6.160086154937744,6.237606048583984,5.70005989074707,7891416,0.0,0.0
2005-03-15,6.262523174285889,6.2791337966918945,6.165623188018799,6.237606048583984,5.70005989074707,19338810,0.0,0.0
2005-03-16,6.234837055206299,6.295745849609375,6.154548168182373,6.1960768699646,5.662109851837158,13621795,0.0,0.0
2005-03-17,6.17669677734375,6.28190279006958,6.1739277839660645,6.1933088302612305,5.659580230712891,8030116,0.0,0.0
2005-03-18,6.162854194641113,6.201613903045654,6.113019943237305,6.1711602210998535,5.639340400695801,11238622,0.0,0.0
2005-03-21,6.016119956970215,6.032731056213379,5.841699123382568,5.988433837890625,5.472361087799072,113611762,0.0,0.0
2005-03-22,6.018887996673584,6.135168075561523,5.97459077835083,6.077027797698975,5.553320407867432,44504438,0.0,0.0
2005-03-23,6.0216569900512695,6.09917688369751,5.9718217849731445,6.007813930511475,5.490070343017578,23557583,0.0,0.0
2005-03-24,5.988433837890625,6.032731056213379,5.8140130043029785,5.838931083679199,5.335741996765137,35833199,0.0,0.0
2005-03-28,5.910913944244385,6.013350963592529,5.9026079177856445,5.949674129486084,5.436941623687744,27085748,0.0,0.0
2005-03-29,5.927525043487549,6.018887996673584,5.883227825164795,5.957979202270508,5.444530487060547,35629846,0.0,0.0
2005-03-30,5.966285228729248,6.146243095397949,5.946905136108398,6.124094009399414,5.596330165863037,32975053,0.0,0.0
2005-03-31,6.101944923400879,6.190539836883545,6.0216569900512695,6.165623188018799,5.634280681610107,20858363,0.0,0.0
2005-04-01,6.201613903045654,6.248680114746094,6.124094009399414,6.132400035858154,5.6039204597473145,27517377,0.0,0.0
2005-04-04,6.124094009399414,6.248680114746094,6.124094009399414,6.182233810424805,5.6494598388671875,27264179,0.0,0.0
2005-04-05,6.207150936126709,6.3428120613098145,6.1933088302612305,6.31789493560791,5.7734293937683105,23905415,0.0,0.0
2005-04-06,6.312356948852539,6.362192153930664,6.23206901550293,6.256986141204834,5.717770576477051,22796181,0.0,0.0
2005-04-07,6.229300022125244,6.295745849609375,6.143474102020264,6.268060207366943,5.727889060974121,20057229,0.0,0.0
2005-04-08,6.256986141204834,6.320662975311279,6.218225955963135,6.226531028747559,5.689939022064209,19326529,0.0,0.0
2005-04-11,6.234837055206299,6.265292167663574,6.101944923400879,6.160086154937744,5.629220485687256,22968110,0.0,0.0
2005-04-12,6.129631042480469,6.243143081665039,5.977358818054199,6.215456962585449,5.679819583892822,26986419,0.0,0.0
2005-04-13,6.1933088302612305,6.243143081665039,6.046574115753174,6.060417175292969,5.538140296936035,28256746,0.0,0.0
2005-04-14,6.113019943237305,6.20438289642334,6.0881028175354,6.129631042480469,5.601389408111572,40133602,0.0,0.0
2005-04-15,6.018887996673584,6.165623188018799,6.00227689743042,6.093639850616455,5.568500518798828,31478978,0.0,0.0
2005-04-18,6.082564830780029,6.118556976318359,5.921988010406494,6.07149076461792,5.548259735107422,33331193,0.0,0.0
2005-04-19,6.07979679107666,6.18500280380249,6.077027797698975,6.1407060623168945,5.611510753631592,19102226,0.0,0.0
2005-04-20,6.201613903045654,6.229300022125244,5.996739864349365,6.007813930511475,5.490070343017578,26605718,0.0,0.0
2005-04-21,6.093639850616455,6.146243095397949,5.977358818054199,6.1047139167785645,5.578619480133057,28838995,0.0,0.0
2005-04-22,6.093639850616455,6.162854194641113,6.038268089294434,6.041037082672119,5.520431041717529,18063065,0.0,0.0
2005-04-25,6.093639850616455,6.190539836883545,6.065954208374023,6.154548168182373,5.624159812927246,15943565,0.0,0.0
2005-04-26,6.132400035858154,6.1933088302612305,6.0881028175354,6.093639850616455,5.568500518798828,15856517,0.0,0.0
2005-04-27,6.060417175292969,6.124094009399414,6.005044937133789,6.060417175292969,5.538140296936035,39171375,0.0,0.0
2005-04-28,5.999507904052734,6.057648181915283,5.935831069946289,6.0216569900512695,5.502721309661865,26159641,0.0,0.0
2005-04-29,6.032731056213379,6.074260234832764,5.869384765625,6.018887996673584,5.500190258026123,34224431,0.0,0.0
2005-05-02,6.065954208374023,6.068723201751709,5.874921798706055,5.930294036865234,5.41923189163208,32137800,0.0,0.0
2005-05-03,5.855542182922363,6.201613903045654,5.794632911682129,6.10748291015625,5.581150531768799,80695945,0.0,0.0
2005-05-04,6.351117134094238,6.5006208419799805,6.17669677734375,6.428637981414795,5.874629497528076,81994806,0.0,0.0
2005-05-05,6.4618611335754395,6.52000093460083,6.40648889541626,6.450786113739014,5.89486837387085,26834716,0.0,0.0
2005-05-06,6.4840087890625,6.5006208419799805,6.251449108123779,6.364960193634033,5.816439151763916,40993249,0.0,0.0
2005-05-09,6.38710880279541,6.392645835876465,6.268060207366943,6.334506034851074,5.788609027862549,13791919,0.0,0.0
2005-05-10,6.295745849609375,6.33727502822876,6.234837055206299,6.251449108123779,5.712709903717041,18216573,0.0,0.0
2005-05-11,6.234837055206299,6.403719902038574,6.234837055206299,6.356655120849609,5.808849811553955,31583725,0.0,0.0
2005-05-12,6.373266220092773,6.43417501449585,6.2791337966918945,6.298513889312744,5.755718231201172,25408714,0.0,0.0
2005-05-13,6.331737041473389,6.409257888793945,6.2403740882873535,6.334506034851074,5.788609027862549,33707559,0.0,0.0
2005-05-16,6.323431968688965,6.384339809417725,6.268060207366943,6.3594231605529785,5.811378479003906,15506879,0.0,0.0
2005-05-17,6.367729187011719,6.453555107116699,6.295745849609375,6.436943054199219,5.882218360900879,16616474,0.0,0.0
2005-05-18,6.456323146820068,6.6888837814331055,6.425868988037109,6.647355079650879,6.074497222900391,49258865,0.0,0.0
2005-05-19,6.652892112731934,6.7414870262146,6.6196699142456055,6.738718032836914,6.157986640930176,19126065,0.0,0.0
2005-05-20,6.6888837814331055,6.796857833862305,6.655661106109619,6.783016204833984,6.198466777801514,18250887,0.0,0.0
2005-05-23,6.6888837814331055,6.79132080078125,6.672272205352783,6.766404151916504,6.183287143707275,11732739,0.0,0.0
2005-05-24,6.744256019592285,6.760867118835449,6.663967132568359,6.697189807891846,6.120037078857422,12815244,0.0,0.0
2005-05-25,6.6667351722717285,6.71380090713501,6.586446762084961,6.669504165649414,6.094737529754639,10997343,0.0,0.0
2005-05-26,6.72210693359375,6.785783767700195,6.663967132568359,6.777478218078613,6.19340705871582,27897356,0.0,0.0
2005-05-27,6.79132080078125,6.821775913238525,6.73041296005249,6.796857833862305,6.211115837097168,14025252,0.0,0.0
2005-05-31,6.7940897941589355,6.816238880157471,6.6667351722717285,6.783016204833984,6.198466777801514,12314626,0.0,0.0
2005-06-01,6.7940897941589355,6.929749965667725,6.766404151916504,6.843924045562744,6.254126071929932,18705633,0.0,0.0
2005-06-02,6.805163860321045,6.949130058288574,6.805163860321045,6.9435930252075195,6.345206260681152,19315693,0.0,0.0
2005-06-03,6.954667091369629,7.02111291885376,6.816238880157471,6.902063846588135,6.307255744934082,18783290,0.0,0.0
2005-06-06,6.90483283996582,6.971279144287109,6.890989780426025,6.9435930252075195,6.345206260681152,14749450,0.0,0.0
2005-06-07,6.95189905166626,7.059873104095459,6.8107008934021,6.821775913238525,6.233887195587158,16902902,0.0,0.0
2005-06-08,7.00173282623291,7.242599964141846,6.990659236907959,7.1456990242004395,6.529894828796387,38635721,0.0,0.0
2005-06-09,7.148468017578125,7.270285129547119,7.120781898498535,7.20383882522583,6.583024978637695,18236439,0.0,0.0
2005-06-10,7.1456990242004395,7.245368003845215,7.129087924957275,7.201070785522461,6.580494403839111,13314417,0.0,0.0
2005-06-13,7.20383882522583,7.237061977386475,7.10693883895874,7.13462495803833,6.519774913787842,16892066,0.0,0.0
2005-06-14,7.14293098449707,7.184459209442139,6.982353210449219,6.982353210449219,6.3806257247924805,14814827,0.0,0.0
2005-06-15,7.070948123931885,7.1014018058776855,6.868842124938965,6.990659236907959,6.388216018676758,19901915,0.0,0.0
2005-06-16,6.9574360847473145,7.0321879386901855,6.93251895904541,6.990659236907959,6.388216018676758,9009680,0.0,0.0
2005-06-17,7.093095779418945,7.129087924957275,6.962973117828369,6.965742111206055,6.365446090698242,29182131,0.0,0.0
2005-06-20,6.965742111206055,7.176154136657715,6.94082498550415,7.10693883895874,6.494475841522217,16090572,0.0,0.0
2005-06-21,7.0626420974731445,7.109707832336426,6.97958517074585,6.998964786529541,6.395806312561035,11434752,0.0,0.0
2005-06-22,7.04879903793335,7.093095779418945,6.92421293258667,6.94082498550415,6.342677116394043,13193055,0.0,0.0
2005-06-23,6.935286998748779,7.018344879150391,6.79962682723999,6.830080986022949,6.241476535797119,17994799,0.0,0.0
2005-06-24,6.813469886779785,6.85499906539917,6.708263874053955,6.727643966674805,6.1478681564331055,18215851,0.0,0.0
2005-06-27,6.669504165649414,6.8245439529418945,6.6667351722717285,6.735949993133545,6.155457496643066,11000233,0.0,0.0
2005-06-28,6.783016204833984,6.879916191101074,6.7414870262146,6.849461078643799,6.259186744689941,11850128,0.0,0.0
2005-06-29,6.8383870124816895,6.857767105102539,6.652892112731934,6.691652774810791,6.114977836608887,17242788,0.0,0.0
2005-06-30,6.652892112731934,6.747024059295654,6.622437953948975,6.6501240730285645,6.077027320861816,15408995,0.0,0.0
2005-07-01,6.669504165649414,6.675041198730469,6.572604179382324,6.578141212463379,6.011248588562012,19572504,0.0,0.0
2005-07-05,6.555992126464844,6.711032867431641,6.522768974304199,6.658430099487305,6.084618091583252,9055191,0.0,0.0
2005-07-06,6.630743980407715,6.677810192108154,6.5310750007629395,6.575372219085693,6.0087175369262695,15470037,0.0,0.0
2005-07-07,6.506157875061035,6.711032867431641,6.467398166656494,6.68611478805542,6.109916687011719,16206877,0.0,0.0
2005-07-08,6.655661106109619,6.7553300857543945,6.542149066925049,6.7193379402160645,6.14027738571167,22890814,0.0,0.0
2005-07-11,6.774710178375244,6.8383870124816895,6.71380090713501,6.832849979400635,6.244006156921387,15532885,0.0,0.0
2005-07-12,6.8245439529418945,6.902063846588135,6.796857833862305,6.8383870124816895,6.24906587600708,22555624,0.0,0.0
2005-07-13,6.81900691986084,6.857767105102539,6.752561092376709,6.81900691986084,6.231356620788574,10424847,0.0,0.0
2005-07-14,6.91590690612793,6.9435930252075195,6.783016204833984,6.843924045562744,6.254126071929932,17328030,0.0,0.0
2005-07-15,6.907601833343506,6.987889766693115,6.8245439529418945,6.949130058288574,6.350266456604004,29622068,0.0,0.0
2005-07-18,6.949130058288574,7.209376811981201,6.9269819259643555,7.14293098449707,6.527365684509277,29858652,0.0,0.0
2005-07-19,7.173385143280029,7.311813831329346,7.1318559646606445,7.311813831329346,6.681694507598877,23289575,0.0,0.0
2005-07-20,7.228756904602051,7.36441707611084,7.228756904602051,7.325656890869141,6.694344997406006,20799488,0.0,0.0
2005-07-21,7.39210319519043,7.405945777893066,7.225987911224365,7.375491142272949,6.739884853363037,17402437,0.0,0.0
2005-07-22,7.3561110496521,7.436399936676025,7.295201778411865,7.417019844055176,6.777833461761475,20474772,0.0,0.0
2005-07-25,7.400407791137695,7.46962308883667,7.367186069488525,7.41425085067749,6.775302886962891,15028294,0.0,0.0
2005-07-26,7.419787883758545,7.475160121917725,7.37272310256958,7.472391128540039,6.828433036804199,43221108,0.0,0.0
2005-07-27,7.430862903594971,7.447474002838135,7.2868971824646,7.43363094329834,6.793013095855713,16982727,0.0,0.0
2005-07-28,7.397640228271484,7.483466148376465,7.3699541091918945,7.47792911529541,6.833493709564209,18805323,0.0,0.0
2005-07-29,7.46962308883667,7.502845764160156,7.350574016571045,7.39210319519043,6.755064010620117,10451214,0.0,0.0
2005-08-01,7.464086055755615,7.500076770782471,7.381028175354004,7.411482810974121,6.7727742195129395,17541136,0.0,0.0
2005-08-02,7.65234899520874,7.682803153991699,7.2647480964660645,7.311813831329346,6.681694507598877,46536890,0.0,0.0
2005-08-03,7.311813831329346,7.322887897491455,7.176154136657715,7.22321891784668,6.600734233856201,23540606,0.0,0.0
2005-08-04,7.187228202819824,7.36441707611084,7.1318559646606445,7.140161991119385,6.524835109710693,17468536,0.0,0.0
2005-08-05,7.170616149902344,7.23152494430542,7.012807846069336,7.023881912231445,6.418576240539551,16081542,0.0,0.0
2005-08-08,7.05710506439209,7.0626420974731445,6.9740471839904785,7.004501819610596,6.4008660316467285,16865338,0.0,0.0
2005-08-09,6.9269819259643555,7.039109230041504,6.725152015686035,6.912031173706055,6.316364288330078,25214711,0.0,0.9
2005-08-10,6.919506072998047,6.989274978637695,6.525815010070801,6.625483989715576,6.054510593414307,16412759,0.0,0.0
2005-08-11,6.625483989715576,6.687777042388916,6.483455181121826,6.6354498863220215,6.063617706298828,17321368,0.0,0.0
2005-08-12,6.568173885345459,6.77498722076416,6.5656819343566895,6.76751184463501,6.184299468994141,10617967,0.0,0.0
2005-08-15,6.7201690673828125,6.777478218078613,6.667842864990234,6.71269416809082,6.134205341339111,9565280,0.0,0.0
2005-08-16,6.6504011154174805,6.722661018371582,6.520831108093262,6.588108062744141,6.02035665512085,16848602,0.0,0.0
2005-08-17,6.6005659103393555,6.700234889984131,6.5133562088012695,6.5656819343566895,5.9998626708984375,10363925,0.0,0.0
2005-08-18,6.5357818603515625,6.5656819343566895,6.3289690017700195,6.398736953735352,5.847304821014404,14229528,0.0,0.0
2005-08-19,6.403719902038574,6.498405933380127,6.306542873382568,6.319002151489258,5.774441242218018,13279582,0.0,0.0
2005-08-22,6.304051876068115,6.366344928741455,6.229300022125244,6.281626224517822,5.740286350250244,17042846,0.0,0.0
2005-08-23,6.284118175506592,6.391262054443359,6.21435022354126,6.21435022354126,5.678807735443115,13340985,0.0,0.0
2005-08-24,6.229300022125244,6.229300022125244,6.015011787414551,6.067337989807129,5.544465065002441,22277383,0.0,0.0
2005-08-25,6.039928913116455,6.306542873382568,6.02747106552124,6.102221965789795,5.576342582702637,10628000,0.0,0.0
2005-08-26,6.057371139526367,6.117173194885254,5.952719211578369,5.990095138549805,5.473878860473633,7996484,0.0,0.0
2005-08-29,5.992587089538574,6.122156143188477,5.957703113555908,6.067337989807129,5.544465065002441,8971714,0.0,0.0
2005-08-30,6.007536888122559,6.047403812408447,5.853050231933594,5.920327186584473,5.410123825073242,26673141,0.0,0.0
2005-08-31,5.930294036865234,6.2442498207092285,5.925310134887695,6.117173194885254,5.590005874633789,17837879,0.0,0.0
2005-09-01,6.1047139167785645,6.134614944458008,6.034945964813232,6.112188816070557,5.585451126098633,10719503,0.0,0.0
2005-09-02,6.114680767059326,6.206874847412109,6.077304840087891,6.1047139167785645,5.578619480133057,5745027,0.0,0.0
2005-09-06,6.092255115509033,6.1794657707214355,6.092255115509033,6.129631042480469,5.601389408111572,9090508,0.0,0.0
2005-09-07,6.117173194885254,6.291593074798584,6.117173194885254,6.2791337966918945,5.738008499145508,8095613,0.0,0.0
2005-09-08,6.211857795715332,6.466012954711914,6.211857795715332,6.346411228179932,5.799488544464111,14280497,0.0,0.0
2005-09-09,6.361361026763916,6.373819828033447,6.261692047119141,6.261692047119141,5.722070217132568,9618256,0.0,0.0
2005-09-12,6.171989917755127,6.333951950073242,6.107205867767334,6.2940850257873535,5.75167179107666,10725924,0.0,0.0
2005-09-13,6.2940850257873535,6.348903179168701,6.256709098815918,6.271658897399902,5.731178283691406,10035638,0.0,0.0
2005-09-14,6.261692047119141,6.286610126495361,6.1445817947387695,6.164515018463135,5.633267879486084,15250911,0.0,0.0
2005-09-15,6.254217147827148,6.291593074798584,6.129631042480469,6.269167900085449,5.7289018630981445,9943734,0.0,0.0
2005-09-16,6.226808071136475,6.311526775360107,6.206874847412109,6.219333171844482,5.683361530303955,15594449,0.0,0.0
2005-09-19,6.229300022125244,6.249234199523926,6.1744818687438965,6.2093658447265625,5.674253463745117,9835776,0.0,0.0
2005-09-20,6.191924095153809,6.2791337966918945,6.1047139167785645,6.134614944458008,5.60594367980957,11750919,0.0,0.0
2005-09-21,6.094747066497803,6.2592010498046875,6.092255115509033,6.164515018463135,5.633267879486084,17258761,0.0,0.0
2005-09-22,6.167006969451904,6.256709098815918,6.1445817947387695,6.216841220855713,5.681084632873535,13203329,0.0,0.0
2005-09-23,6.194416046142578,6.284118175506592,6.171989917755127,6.2243170738220215,5.687915802001953,6503941,0.0,0.0
2005-09-26,6.229300022125244,6.361361026763916,6.229300022125244,6.286610126495361,5.744841575622559,6218596,0.0,0.0
2005-09-27,6.2791337966918945,6.336443901062012,6.2791337966918945,6.319002151489258,5.774441242218018,10354695,0.0,0.0
2005-09-28,6.331460952758789,6.348903179168701,6.281626224517822,6.304051876068115,5.760778903961182,8516206,0.0,0.0
2005-09-29,6.271658897399902,6.304051876068115,6.1894330978393555,6.296576023101807,5.753948211669922,9364214,0.0,0.0
2005-09-30,6.316510200500488,6.421162128448486,6.286610126495361,6.316510200500488,5.772164344787598,11807506,0.0,0.0
2005-10-03,6.346411228179932,6.520831108093262,6.319002151489258,6.463521957397461,5.90650749206543,15062286,0.0,0.0
2005-10-04,6.463521957397461,6.520831108093262,6.383787155151367,6.453555107116699,5.897398948669434,10864784,0.0,0.0
2005-10-05,6.453555107116699,6.490931034088135,6.403719902038574,6.413687229156494,5.86096715927124,9099337,0.0,0.0
2005-10-06,6.470996856689453,6.470996856689453,6.309034824371338,6.401228904724121,5.849581718444824,10321786,0.0,0.0
2005-10-07,6.461030006408691,6.466012954711914,6.331460952758789,6.348903179168701,5.8017659187316895,8297883,0.0,0.0
2005-10-10,6.319002151489258,6.413687229156494,6.256709098815918,6.271658897399902,5.731178283691406,6460597,0.0,0.0
2005-10-11,6.2592010498046875,6.421162128448486,6.234282970428467,6.356378078460693,5.808596134185791,12838120,0.0,0.0
2005-10-12,6.38877010345459,6.396245002746582,6.2243170738220215,6.2243170738220215,5.687915802001953,12011783,0.0,0.0
2005-10-13,6.211857795715332,6.351394176483154,6.167006969451904,6.3239850997924805,5.778994560241699,10647665,0.0,0.0
2005-10-14,6.281626224517822,6.356378078460693,6.254217147827148,6.351394176483154,5.804041862487793,6453374,0.0,0.0
2005-10-17,6.371327877044678,6.383787155151367,6.269167900085449,6.311526775360107,5.767610549926758,7976819,0.0,0.0
2005-10-18,6.304051876068115,6.403719902038574,6.176973819732666,6.206874847412109,5.6719770431518555,7510073,0.0,0.0
2005-10-19,6.169498920440674,6.368835926055908,6.157040119171143,6.346411228179932,5.799488544464111,11215546,0.0,0.0
2005-10-20,6.37880277633667,6.438604831695557,6.296576023101807,6.373819828033447,5.824534893035889,9485014,0.0,0.0
2005-10-21,6.463521957397461,6.603057861328125,6.403719902038574,6.453555107116699,5.897398948669434,12843337,0.0,0.0
2005-10-24,6.463521957397461,6.707709789276123,6.44857120513916,6.610533237457275,6.040848255157471,15801535,0.0,0.0
2005-10-25,6.6055498123168945,6.6504011154174805,6.520831108093262,6.573156833648682,6.006693363189697,9622670,0.0,0.0
2005-10-26,6.590599060058594,6.6005659103393555,6.508372783660889,6.530797958374023,5.967984676361084,9105357,0.0,0.0
2005-10-27,6.528306007385254,6.550732135772705,6.2940850257873535,6.3239850997924805,5.778994560241699,9852231,0.0,0.0
2005-10-28,6.490931034088135,6.5706658363342285,6.321494102478027,6.391262054443359,5.8404741287231445,12098069,0.0,0.0
2005-10-31,6.37880277633667,6.485947132110596,6.333951950073242,6.37880277633667,5.8290886878967285,17604707,0.0,0.0
2005-11-01,6.662858963012695,6.677810192108154,6.356378078460693,6.508372783660889,5.947493076324463,42355080,0.0,0.0
2005-11-02,6.518340110778809,6.715185165405273,6.50338888168335,6.690268039703369,6.113711833953857,21229111,0.0,0.0
2005-11-03,6.747578144073486,6.852230072021484,6.722661018371582,6.742593765258789,6.16152811050415,15080747,0.0,0.0
2005-11-04,6.772494792938232,6.852230072021484,6.630466938018799,6.697742938995361,6.120543479919434,12476121,0.0,0.0
2005-11-07,6.680301189422607,6.779970169067383,6.680301189422607,6.730135917663574,6.150144100189209,7648933,0.0,0.0
2005-11-08,6.772494792938232,6.772494792938232,6.687777042388916,6.722661018371582,6.143313884735107,6936173,0.0,0.0
2005-11-09,6.725152015686035,6.762527942657471,6.700234889984131,6.740102767944336,6.159252166748047,9200472,0.0,0.0
2005-11-10,6.730135917663574,6.859704971313477,6.727643966674805,6.802395820617676,6.216176986694336,7380444,0.0,0.0
2005-11-11,6.819838047027588,6.9618659019470215,6.779970169067383,6.849738121032715,6.259439945220947,6505948,0.0,0.0
2005-11-14,6.857213020324707,6.8920979499816895,6.770002841949463,6.784954071044922,6.200238227844238,6402003,0.0,0.0
2005-11-15,6.772494792938232,6.787445068359375,6.665350914001465,6.727643966674805,6.1478681564331055,8307514,0.0,0.0
2005-11-16,6.715185165405273,6.772494792938232,6.682793140411377,6.752561092376709,6.170637130737305,6446150,0.0,0.0
2005-11-17,6.794919967651367,6.976816177368164,6.740102767944336,6.964356899261475,6.364180564880371,11762959,0.0,0.0
2005-11-18,7.0092082023620605,7.218513011932373,6.9743242263793945,7.193595886230469,6.57366418838501,15991363,0.0,0.0
2005-11-21,7.173662185668945,7.315690040588379,7.121335983276367,7.213529109954834,6.591879367828369,17587048,0.0,0.0
2005-11-22,7.228479862213135,7.243430137634277,7.0266499519348145,7.163694858551025,6.546339988708496,16613424,0.0,0.0
2005-11-23,7.153728008270264,7.283298015594482,7.046584129333496,7.07399320602417,6.46436882019043,15955645,0.0,0.0
2005-11-25,7.039109230041504,7.108877182006836,6.941932201385498,7.1014018058776855,6.489414691925049,2996725,0.0,0.0
2005-11-28,7.086452007293701,7.086452007293701,6.912031173706055,6.936948776245117,6.339134693145752,7632880,0.0,0.0
2005-11-29,6.9618659019470215,6.976816177368164,6.869671821594238,6.869671821594238,6.277655124664307,8111264,0.0,0.0
2005-11-30,6.852230072021484,6.897080898284912,6.804886817932129,6.879639148712158,6.286763668060303,8873389,0.0,0.0
2005-12-01,6.907048225402832,7.0141921043396,6.864688873291016,6.981799125671387,6.380119323730469,11140096,0.0,0.0
2005-12-02,6.917015075683594,7.0266499519348145,6.917015075683594,6.979308128356934,6.377842903137207,3758849,0.0,0.0
2005-12-05,6.959373950958252,6.971833229064941,6.867179870605469,6.909540176391602,6.314088344573975,6441735,0.0,0.0
2005-12-06,6.899572849273682,7.034125804901123,6.8920979499816895,7.0092082023620605,6.405166149139404,8281428,0.0,0.0
2005-12-07,6.979308128356934,7.039109230041504,6.914523124694824,7.0141921043396,6.409720420837402,7309409,0.0,0.0
2005-12-08,6.999241828918457,7.06402587890625,6.849738121032715,6.931964874267578,6.334579944610596,5195608,0.0,0.0
2005-12-09,6.914523124694824,6.971833229064941,6.862196922302246,6.934456825256348,6.336857795715332,4502914,0.0,0.0
2005-12-12,6.95189905166626,7.021667003631592,6.872163772583008,6.954391002655029,6.35507345199585,4235227,0.0,0.0
2005-12-13,6.95189905166626,6.959373950958252,6.854722023010254,6.894588947296143,6.3004255294799805,6675710,0.0,0.0
2005-12-14,6.884622097015381,6.921998023986816,6.822329044342041,6.844755172729492,6.254886150360107,6131508,0.0,0.0
2005-12-15,6.869671821594238,6.877147197723389,6.772494792938232,6.842263221740723,6.252608776092529,6443742,0.0,0.0
2005-12-16,6.897080898284912,6.929472923278809,6.792428970336914,6.902063846588135,6.307255744934082,15606890,0.0,0.0
2005-12-19,6.912031173706055,7.034125804901123,6.8920979499816895,6.904555797576904,6.30953311920166,5390252,0.0,0.0
2005-12-20,6.864688873291016,6.9269819259643555,6.852230072021484,6.88711404800415,6.293594837188721,12096062,0.0,0.0
2005-12-21,6.9269819259643555,6.954391002655029,6.854722023010254,6.902063846588135,6.307255744934082,10811809,0.0,0.0
2005-12-22,6.919506072998047,7.00422477722168,6.879639148712158,6.964356899261475,6.364180564880371,5108519,0.0,0.0
2005-12-23,6.9618659019470215,7.151236057281494,6.9618659019470215,7.056550979614258,6.448429107666016,6747949,0.0,0.0
2005-12-27,7.041601181030273,7.12631893157959,6.969340801239014,7.0141921043396,6.409720420837402,3546546,0.0,0.0
2005-12-28,7.019175052642822,7.088943004608154,6.964356899261475,7.046584129333496,6.439321517944336,3899315,0.0,0.0
2005-12-29,7.0665178298950195,7.123827934265137,6.981799125671387,7.036616802215576,6.43021297454834,5302361,0.0,0.0
2005-12-30,7.0092082023620605,7.088943004608154,7.006717205047607,7.054059028625488,6.446152210235596,6402003,0.0,0.0
2006-01-03,7.036616802215576,7.208546161651611,6.941932201385498,7.138778209686279,6.5235700607299805,10369945,0.0,0.0
2006-01-04,7.218513011932373,7.305723190307617,7.178645133972168,7.206054210662842,6.585049152374268,13863516,0.0,0.0
2006-01-05,7.191103935241699,7.382966041564941,7.163694858551025,7.365523815155029,6.730775833129883,7997287,0.0,0.0
2006-01-06,7.380475044250488,7.529977798461914,7.380475044250488,7.475160121917725,6.830964088439941,19710882,0.0,0.0
2006-01-09,7.45024299621582,7.532470226287842,7.3879499435424805,7.432800769805908,6.792254447937012,7441847,0.0,0.0
2006-01-10,7.39044189453125,7.427816867828369,7.213529109954834,7.39044189453125,6.753546714782715,11915865,0.0,0.0
2006-01-11,7.425325870513916,7.4577178955078125,7.290772914886475,7.373000144958496,6.737608432769775,6949818,0.0,0.0
2006-01-12,7.470177173614502,7.472668170928955,7.308215141296387,7.340607166290283,6.708006858825684,10266001,0.0,0.0
2006-01-13,7.373000144958496,7.407884120941162,7.273331165313721,7.305723190307617,6.676129341125488,4999358,0.0,0.0
2006-01-17,7.293263912200928,7.325656890869141,7.156219959259033,7.225987911224365,6.603264808654785,6856709,0.0,0.0
2006-01-18,7.183629035949707,7.298247814178467,7.138778209686279,7.255888938903809,6.630589008331299,6790490,0.0,0.0
2006-01-19,7.333131790161133,7.333131790161133,7.183629035949707,7.201070785522461,6.580494403839111,6172042,0.0,0.0
2006-01-20,7.153728008270264,7.253396987915039,7.0141921043396,7.12631893157959,6.5121846199035645,10279646,0.0,0.0
2006-01-23,7.133793830871582,7.238447189331055,7.078977108001709,7.12631893157959,6.5121846199035645,7129613,0.0,0.0
2006-01-24,7.131302833557129,7.288280963897705,7.12631893157959,7.2160210609436035,6.594156742095947,13208145,0.0,0.0
2006-01-25,7.198578834533691,7.255888938903809,7.113861083984375,7.225987911224365,6.603264808654785,7750871,0.0,0.0
2006-01-26,7.310707092285156,7.363032817840576,7.228479862213135,7.3032307624816895,6.673851013183594,6465413,0.0,0.0
2006-01-27,7.280806064605713,7.505061149597168,7.280806064605713,7.3530659675598145,6.719391345977783,6333376,0.0,0.0
2006-01-30,7.415359020233154,7.415359020233154,7.213529109954834,7.2509050369262695,6.626034736633301,8136950,0.0,0.0
2006-01-31,7.26585578918457,7.278314113616943,7.176154136657715,7.230970859527588,6.607818603515625,8879007,0.0,0.0
2006-02-01,7.153728008270264,7.343099117279053,7.059042930603027,7.288280963897705,6.660189628601074,13684924,0.0,0.0
2006-02-02,7.288280963897705,7.290772914886475,7.041601181030273,7.113861083984375,6.500801086425781,7335495,0.0,0.0
2006-02-03,7.029141902923584,7.06402587890625,6.819838047027588,6.934456825256348,6.336857795715332,9986274,0.0,0.0
2006-02-06,6.976816177368164,7.00173282623291,6.864688873291016,6.907048225402832,6.3118109703063965,6316119,0.0,0.0
2006-02-07,6.894588947296143,6.917015075683594,6.715185165405273,6.8920979499816895,6.2981486320495605,9331305,0.0,0.0
2006-02-08,7.462700843811035,7.470177173614502,6.787445068359375,6.979308128356934,6.377842903137207,37421139,0.0,0.0
2006-02-09,6.976816177368164,7.051568031311035,6.899572849273682,6.981799125671387,6.380119323730469,11451929,0.0,0.0
2006-02-10,6.976816177368164,7.163694858551025,6.95189905166626,7.133793830871582,6.519015789031982,10062126,0.0,0.0
2006-02-13,7.0764851570129395,7.1014018058776855,6.976816177368164,7.044092178344727,6.437044143676758,4756955,0.0,0.0
2006-02-14,7.044092178344727,7.138778209686279,6.904555797576904,7.093926906585693,6.482583999633789,10644454,0.0,0.0
2006-02-15,7.118844032287598,7.141270160675049,6.981799125671387,7.131302833557129,6.516739368438721,6397589,0.0,0.0
2006-02-16,7.1113691329956055,7.225987911224365,7.016684055328369,7.121335983276367,6.507631301879883,7355160,0.0,0.0
2006-02-17,7.1462531089782715,7.171170234680176,7.0266499519348145,7.081468105316162,6.471199035644531,6113849,0.0,0.0
2006-02-21,7.1014018058776855,7.138778209686279,6.812363147735596,6.93943977355957,6.341411113739014,11597611,0.0,0.0
2006-02-22,6.914523124694824,7.206054210662842,6.914523124694824,7.103894233703613,6.491692543029785,7110349,0.0,0.0
2006-02-23,7.083960056304932,7.223495960235596,6.999241828918457,7.1014018058776855,6.489414691925049,5343698,0.0,0.0
2006-02-24,7.081468105316162,7.156219959259033,7.034125804901123,7.136285781860352,6.521292209625244,5151863,0.0,0.0
2006-02-27,7.430308818817139,7.51253604888916,7.330639839172363,7.350574016571045,6.717114448547363,19860578,0.0,0.0
2006-02-28,7.365523815155029,7.39044189453125,7.191103935241699,7.2857890129089355,6.657912731170654,15749763,0.0,0.0
2006-03-01,7.313198089599609,7.432800769805908,7.258379936218262,7.3879499435424805,6.7512688636779785,7746456,0.0,0.0
2006-03-02,7.3530659675598145,7.507552146911621,7.343099117279053,7.472668170928955,6.828686237335205,8243703,0.0,0.0
2006-03-03,7.415359020233154,7.62466287612915,7.402900218963623,7.472668170928955,6.828686237335205,8696804,0.0,0.0
2006-03-06,7.51502799987793,7.5773210525512695,7.440276145935059,7.522502899169922,6.874226093292236,7153292,0.0,0.0
2006-03-07,7.477652072906494,7.534961223602295,7.405392169952393,7.487618923187256,6.842348575592041,5417944,0.0,0.0
2006-03-08,7.487618923187256,7.524993896484375,7.3879499435424805,7.497585773468018,6.851456165313721,5662755,0.0,0.0
2006-03-09,7.5274858474731445,7.5623698234558105,7.402900218963623,7.432800769805908,6.792254447937012,4741704,0.0,0.0
2006-03-10,7.447751045227051,7.549911975860596,7.3356242179870605,7.5274858474731445,6.878779411315918,4868525,0.0,0.0
2006-03-13,7.522502899169922,7.6072211265563965,7.520010948181152,7.569845199584961,6.9174885749816895,4888992,0.0,0.0
2006-03-14,7.5748291015625,7.764200210571289,7.542436122894287,7.744266033172607,7.076878547668457,9403143,0.0,0.0
2006-03-15,7.769183158874512,7.774166107177734,7.68695592880249,7.761707782745361,7.092817306518555,5888302,0.0,0.0
2006-03-16,7.774166107177734,7.838951110839844,7.736791133880615,7.784132957458496,7.113309860229492,7554220,0.0,0.0
2006-03-17,7.764200210571289,7.8489179611206055,7.6421051025390625,7.647089004516602,6.988076210021973,8244506,0.0,0.0
2006-03-20,7.681972980499268,7.731807231903076,7.609713077545166,7.632137775421143,6.9744133949279785,7609202,0.0,0.0
2006-03-21,7.5623698234558105,7.791607856750488,7.559878826141357,7.5623698234558105,6.91065788269043,6435314,0.0,0.0
2006-03-22,7.520010948181152,7.63463020324707,7.517518997192383,7.569845199584961,6.9174885749816895,6383141,0.0,0.0
2006-03-23,7.552402973175049,7.582304000854492,7.472668170928955,7.5274858474731445,6.878779411315918,5775529,0.0,0.0
2006-03-24,7.547420024871826,7.6421051025390625,7.475160121917725,7.552402973175049,6.901549339294434,2940940,0.0,0.0
2006-03-27,7.510044097900391,7.5623698234558105,7.475160121917725,7.532470226287842,6.883334636688232,5097683,0.0,0.0
2006-03-28,7.539945125579834,7.6122050285339355,7.45273494720459,7.467685222625732,6.824131965637207,6820188,0.0,0.0
2006-03-29,7.4577178955078125,7.724331855773926,7.45273494720459,7.62715482711792,6.9698591232299805,12229705,0.0,0.0
2006-03-30,7.549911975860596,7.5623698234558105,7.368015766143799,7.4228339195251465,6.78314733505249,21269244,0.0,0.0
2006-03-31,7.397916793823242,7.410375118255615,7.240938186645508,7.343099117279053,6.7102837562561035,10414091,0.0,0.0
2006-04-03,7.363032817840576,7.465192794799805,7.330639839172363,7.425325870513916,6.78542423248291,12303549,0.0,0.0
2006-04-04,7.445259094238281,7.582304000854492,7.382966041564941,7.552402973175049,6.901549339294434,13231824,0.0,0.0
2006-04-05,7.520010948181152,7.534961223602295,7.318181991577148,7.440276145935059,6.799086093902588,11280160,0.0,0.0
2006-04-06,7.412867069244385,7.724331855773926,7.412867069244385,7.662038803100586,7.001737594604492,15203153,0.0,0.0
2006-04-07,7.696922779083252,7.754232883453369,7.477652072906494,7.532470226287842,6.883334636688232,7812274,0.0,0.0
2006-04-10,7.567354202270508,7.587286949157715,7.445259094238281,7.485126972198486,6.840071678161621,5934455,0.0,0.0
2006-04-11,7.487618923187256,7.5274858474731445,7.400407791137695,7.420341968536377,6.78087043762207,4352415,0.0,0.0
2006-04-12,7.447751045227051,7.475160121917725,7.410375118255615,7.430308818817139,6.789977550506592,9752300,0.0,0.0
2006-04-13,7.39044189453125,7.440276145935059,7.343099117279053,7.350574016571045,6.717114448547363,6547285,0.0,0.0
2006-04-17,7.330639839172363,7.437784194946289,7.288280963897705,7.407884120941162,6.769484996795654,9532772,0.0,0.0
2006-04-18,7.447751045227051,7.5723371505737305,7.3879499435424805,7.510044097900391,6.8628411293029785,8286645,0.0,0.0
2006-04-19,7.472668170928955,7.62466287612915,7.472668170928955,7.5274858474731445,6.878779411315918,7661776,0.0,0.0
2006-04-20,7.652071952819824,7.652071952819824,7.360540866851807,7.532470226287842,6.883334636688232,8383366,0.0,0.0
2006-04-21,7.539945125579834,7.599746227264404,7.472668170928955,7.4926018714904785,6.846901893615723,8328384,0.0,0.0
2006-04-24,7.298247814178467,7.360540866851807,7.191103935241699,7.290772914886475,6.662467002868652,13538841,0.0,0.0
2006-04-25,7.310707092285156,7.318181991577148,7.148745059967041,7.178645133972168,6.560001373291016,7611610,0.0,0.0
2006-04-26,7.166186809539795,7.193595886230469,7.113861083984375,7.176154136657715,6.557725429534912,6028366,0.0,0.0
2006-04-27,7.151236057281494,7.340607166290283,7.059042930603027,7.240938186645508,6.616926670074463,8569582,0.0,0.0
2006-04-28,7.300739765167236,7.300739765167236,7.156219959259033,7.193595886230469,6.57366418838501,5766699,0.0,0.0
2006-05-01,7.228479862213135,7.402900218963623,7.151236057281494,7.230970859527588,6.607818603515625,15850497,0.0,0.0
2006-05-02,7.151236057281494,7.315690040588379,7.091434955596924,7.2509050369262695,6.626034736633301,15457595,0.0,0.0
2006-05-03,7.131302833557129,7.221004962921143,7.081468105316162,7.128810882568359,6.514461994171143,12763473,0.0,0.0
2006-05-04,7.103894233703613,7.238447189331055,7.088943004608154,7.131302833557129,6.516739368438721,6993161,0.0,0.0
2006-05-05,7.138778209686279,7.186120986938477,7.046584129333496,7.116352081298828,6.503077030181885,10981571,0.0,0.0
2006-05-08,7.0665178298950195,7.208546161651611,7.0665178298950195,7.141270160675049,6.525847434997559,5332461,0.0,0.0
2006-05-09,7.141270160675049,7.208546161651611,7.051568031311035,7.054059028625488,6.446152210235596,6178463,0.0,0.0
2006-05-10,7.039109230041504,7.123827934265137,6.989274978637695,7.041601181030273,6.434768199920654,6989549,0.0,0.0
2006-05-11,6.989274978637695,7.054059028625488,6.814854145050049,6.859704971313477,6.268547534942627,10786926,0.0,0.0
2006-05-12,6.837279796600342,6.914523124694824,6.697742938995361,6.737610816955566,6.156975269317627,13955822,0.0,0.0
2006-05-15,6.695251941680908,6.757544994354248,6.466012954711914,6.625483989715576,6.054510593414307,14441430,0.0,0.0
2006-05-16,6.580633163452148,6.655384063720703,6.540764808654785,6.608040809631348,6.038571357727051,14457884,0.0,0.0
2006-05-17,6.613025188446045,6.630466938018799,6.480964183807373,6.505880832672119,5.945215702056885,11673864,0.0,0.0
2006-05-18,6.523323059082031,6.5706658363342285,6.428637981414795,6.4784722328186035,5.920168399810791,9324884,0.0,0.0
2006-05-19,6.515848159790039,6.543257236480713,6.411196231842041,6.411196231842041,5.858689785003662,16037516,0.0,0.0
2006-05-22,6.38627815246582,6.5656819343566895,6.37880277633667,6.508372783660889,5.947493076324463,13459377,0.0,0.0
2006-05-23,6.518340110778809,6.655384063720703,6.368835926055908,6.371327877044678,5.822258472442627,10271620,0.0,0.0
2006-05-24,6.416179180145264,6.473488807678223,6.301559925079346,6.343918800354004,5.797210693359375,18767759,0.0,0.0
2006-05-25,6.353886127471924,6.530797958374023,6.348903179168701,6.473488807678223,5.915614128112793,16289150,0.0,0.0
2006-05-26,6.475979804992676,6.523323059082031,6.416179180145264,6.44109582901001,5.886013031005859,5253801,0.0,0.0
2006-05-30,6.418671131134033,6.443587779998779,6.413687229156494,6.416179180145264,5.863244533538818,8713258,0.0,0.0
2006-05-31,6.416179180145264,6.466012954711914,6.391262054443359,6.436112880706787,5.8814592361450195,12834909,0.0,0.0
2006-06-01,6.550732135772705,6.558207035064697,6.418671131134033,6.475979804992676,5.917890548706055,11837205,0.0,0.0
2006-06-02,6.5357818603515625,6.538272857666016,6.376311779022217,6.473488807678223,5.915614128112793,6845873,0.0,0.0
2006-06-05,6.438604831695557,6.473488807678223,6.398736953735352,6.411196231842041,5.858689785003662,9342944,0.0,0.0
2006-06-06,6.403719902038574,6.431128978729248,6.249234199523926,6.343918800354004,5.797210693359375,10957892,0.0,0.0
2006-06-07,6.353886127471924,6.396245002746582,6.216841220855713,6.274150848388672,5.733455181121826,14226317,0.0,0.0
2006-06-08,6.236774921417236,6.254217147827148,6.057371139526367,6.154548168182373,5.624159812927246,18492848,0.0,0.0
2006-06-09,6.162024021148682,6.184449195861816,6.047403812408447,6.0523881912231445,5.530803680419922,8946029,0.0,0.0
2006-06-12,6.08976411819458,6.092255115509033,5.875475883483887,5.885443210601807,5.378245830535889,8722088,0.0,0.0
2006-06-13,5.872983932495117,6.019996166229248,5.865509033203125,5.980127811431885,5.464771270751953,13061259,0.0,0.0
2006-06-14,5.990095138549805,6.082289218902588,5.9676690101623535,6.054880142211914,5.533080101013184,9438861,0.0,0.0
2006-06-15,6.054880142211914,6.261692047119141,6.012519836425781,6.216841220855713,5.681084632873535,11265311,0.0,0.0
2006-06-16,6.20438289642334,6.274150848388672,6.14208984375,6.229300022125244,5.692469596862793,10664521,0.0,0.0
2006-06-19,6.211857795715332,6.319002151489258,6.211857795715332,6.26418399810791,5.724347114562988,7541377,0.0,0.0
2006-06-20,6.271658897399902,6.331460952758789,6.219333171844482,6.291593074798584,5.749393939971924,6053248,0.0,0.0
2006-06-21,6.316510200500488,6.533289909362793,6.291593074798584,6.485947132110596,5.926999092102051,13099786,0.0,0.0
2006-06-22,6.463521957397461,6.485947132110596,6.38877010345459,6.423654079437256,5.87007474899292,4268136,0.0,0.0
2006-06-23,6.428637981414795,6.525815010070801,6.396245002746582,6.4784722328186035,5.920168399810791,4317500,0.0,0.0
2006-06-26,6.498405933380127,6.580633163452148,6.468504905700684,6.560698986053467,5.995308876037598,4386528,0.0,0.0
2006-06-27,6.560698986053467,6.588108062744141,6.403719902038574,6.44109582901001,5.886013031005859,5268650,0.0,0.0
2006-06-28,6.431128978729248,6.488439083099365,6.428637981414795,6.470996856689453,5.913337230682373,3290899,0.0,0.0
2006-06-29,6.461030006408691,6.665350914001465,6.461030006408691,6.652892112731934,6.079557418823242,9672435,0.0,0.0
2006-06-30,6.687777042388916,6.70521879196167,6.588108062744141,6.6005659103393555,6.031740188598633,12981796,0.0,0.0
2006-07-03,6.6005659103393555,6.627974987030029,6.575648784637451,6.588108062744141,6.02035665512085,3279662,0.0,0.0
2006-07-05,6.588108062744141,6.590599060058594,6.45106315612793,6.45106315612793,5.8951215744018555,8045045,0.0,0.0
2006-07-06,6.45106315612793,6.493422031402588,6.381295204162598,6.396245002746582,5.845027923583984,5063169,0.0,0.0
2006-07-07,6.38627815246582,6.443587779998779,6.341426849365234,6.351394176483154,5.804041862487793,7028077,0.0,0.0
2006-07-10,6.356378078460693,6.413687229156494,6.2093658447265625,6.284118175506592,5.742563724517822,7616426,0.0,0.0
2006-07-11,6.261692047119141,6.304051876068115,6.1894330978393555,6.2791337966918945,5.738008499145508,6298460,0.0,0.0
2006-07-12,6.256709098815918,6.309034824371338,6.1894330978393555,6.219333171844482,5.683361530303955,5489381,0.0,0.0
2006-07-13,6.194416046142578,6.231791973114014,6.1744818687438965,6.191924095153809,5.658314228057861,7646525,0.0,0.0
2006-07-14,6.167006969451904,6.1794657707214355,6.039928913116455,6.074812889099121,5.551295757293701,6582602,0.0,0.0
2006-07-17,6.072321891784668,6.084780216217041,5.980127811431885,6.032454013824463,5.512587070465088,7442249,0.0,0.0
2006-07-18,6.029962062835693,6.072321891784668,5.9327850341796875,6.032454013824463,5.512587070465088,6541265,0.0,0.0
2006-07-19,5.975144863128662,6.124648094177246,5.955211162567139,6.064846992492676,5.542189121246338,8617742,0.0,0.0
2006-07-20,6.064846992492676,6.1395978927612305,6.002553939819336,6.005044937133789,5.4875407218933105,6418458,0.0,0.0
2006-07-21,5.970160961151123,6.194416046142578,5.9676690101623535,6.097239017486572,5.571789264678955,9226960,0.0,0.0
2006-07-24,6.1047139167785645,6.20438289642334,6.054880142211914,6.169498920440674,5.637821674346924,5672788,0.0,0.0
2006-07-25,6.176973819732666,6.241758823394775,6.147072792053223,6.196907997131348,5.662869930267334,3524874,0.0,0.0
2006-07-26,6.167006969451904,6.239266872406006,6.0872721672058105,6.14208984375,5.612774848937988,5851380,0.0,0.0
2006-07-27,6.122156143188477,6.164515018463135,5.975144863128662,6.015011787414551,5.496647834777832,11836803,0.0,0.0
2006-07-28,6.047403812408447,6.0872721672058105,6.005044937133789,6.032454013824463,5.512587070465088,9689692,0.0,0.0
2006-07-31,6.032454013824463,6.044912815093994,5.885443210601807,5.907867908477783,5.398737907409668,15613713,0.0,0.0
2006-08-01,6.191924095153809,6.510863780975342,6.084780216217041,6.256709098815918,5.717516899108887,32723580,0.0,0.0
2006-08-02,6.239266872406006,6.368835926055908,6.164515018463135,6.343918800354004,5.797210693359375,16820911,0.0,0.0
2006-08-03,6.3289690017700195,6.4784722328186035,6.3289690017700195,6.433620929718018,5.879182815551758,13463391,0.0,0.0
2006-08-04,6.475979804992676,6.5008978843688965,6.3638529777526855,6.391262054443359,5.8404741287231445,11743294,0.0,0.0
2006-08-07,6.3588690757751465,6.466012954711914,6.3588690757751465,6.38627815246582,5.8359198570251465,4807121,0.0,0.0
2006-08-08,6.421162128448486,6.453555107116699,6.261692047119141,6.366344928741455,5.817704200744629,7616426,0.0,0.0
2006-08-09,6.6354498863220215,6.655384063720703,6.485947132110596,6.5133562088012695,5.952045917510986,21772109,0.0,0.0
2006-08-10,6.543257236480713,6.725152015686035,6.518340110778809,6.710202217102051,6.131927967071533,12717721,0.0,0.0
2006-08-11,6.692759990692139,6.799903869628906,6.690268039703369,6.7899370193481445,6.20479154586792,9395117,0.0,0.0
2006-08-14,6.854722023010254,6.9967498779296875,6.7899370193481445,6.809871196746826,6.223008155822754,10140786,0.0,0.0
2006-08-15,6.914523124694824,6.999241828918457,6.884622097015381,6.959373950958252,6.359626770019531,8967701,0.0,0.0
2006-08-16,7.024158954620361,7.168677806854248,6.969340801239014,7.143761157989502,6.5281243324279785,9003821,0.0,0.0
2006-08-17,7.153728008270264,7.258379936218262,7.123827934265137,7.208546161651611,6.587325572967529,12153853,0.0,0.0
2006-08-18,7.173662185668945,7.208546161651611,7.0141921043396,7.096418857574463,6.484861850738525,10925385,0.0,0.0
2006-08-21,7.049076080322266,7.116352081298828,6.954391002655029,7.006717205047607,6.402890205383301,7327469,0.0,0.0
2006-08-22,6.984291076660156,7.138778209686279,6.9743242263793945,7.081468105316162,6.471199035644531,5709309,0.0,0.0
2006-08-23,7.1014018058776855,7.138778209686279,6.934456825256348,6.981799125671387,6.380119323730469,6381937,0.0,0.0
2006-08-24,7.01170015335083,7.044092178344727,6.924489974975586,7.021667003631592,6.41655158996582,6585812,0.0,0.0
2006-08-25,6.986783027648926,7.113861083984375,6.971833229064941,7.044092178344727,6.437044143676758,5015812,0.0,0.0
2006-08-28,7.024158954620361,7.176154136657715,6.981799125671387,7.131302833557129,6.516739368438721,5181561,0.0,0.0
2006-08-29,7.118844032287598,7.148745059967041,6.9743242263793945,7.118844032287598,6.505354881286621,6831426,0.0,0.0
2006-08-30,7.143761157989502,7.18861198425293,7.07399320602417,7.123827934265137,6.509908199310303,5193200,0.0,0.0
2006-08-31,7.138778209686279,7.166186809539795,7.0316338539123535,7.096418857574463,6.484861850738525,7652947,0.0,0.0
2006-09-01,7.071500778198242,7.123827934265137,7.041601181030273,7.106385231018066,6.493968963623047,5499815,0.0,0.0
2006-09-05,7.093926906585693,7.131302833557129,7.016684055328369,7.103894233703613,6.491692543029785,7508869,0.0,0.0
2006-09-06,7.056550979614258,7.078977108001709,6.984291076660156,7.0266499519348145,6.421104907989502,10245132,0.0,0.0
2006-09-07,6.9967498779296875,7.006717205047607,6.929472923278809,6.956881999969482,6.357349872589111,7215096,0.0,0.0
2006-09-08,6.976816177368164,7.054059028625488,6.946915149688721,7.00422477722168,6.400612831115723,4701973,0.0,0.0
2006-09-11,6.971833229064941,7.036616802215576,6.924489974975586,6.9618659019470215,6.361904144287109,7647328,0.0,0.0
2006-09-12,6.969340801239014,7.093926906585693,6.917015075683594,7.093926906585693,6.482583999633789,12806816,0.0,0.0
2006-09-13,7.069009780883789,7.096418857574463,6.964356899261475,7.059042930603027,6.450706481933594,6174851,0.0,0.0
2006-09-14,7.01170015335083,7.193595886230469,6.979308128356934,7.136285781860352,6.521292209625244,11987302,0.0,0.0
2006-09-15,7.1811370849609375,7.295755863189697,7.148745059967041,7.176154136657715,6.557725429534912,12577657,0.0,0.0
2006-09-18,7.176154136657715,7.176154136657715,7.039109230041504,7.081468105316162,6.471199035644531,5731784,0.0,0.0
2006-09-19,7.123827934265137,7.18861198425293,6.904555797576904,6.969340801239014,6.368734359741211,12218869,0.0,0.0
2006-09-20,7.0141921043396,7.106385231018066,7.0092082023620605,7.06402587890625,6.455260276794434,9177997,0.0,0.0
2006-09-21,7.093926906585693,7.173662185668945,7.00422477722168,7.019175052642822,6.414274215698242,7775352,0.0,0.0
2006-09-22,7.019175052642822,7.039109230041504,6.94940710067749,6.964356899261475,6.364180564880371,5686835,0.0,0.0
2006-09-25,6.95189905166626,7.0764851570129395,6.872163772583008,7.006717205047607,6.402890205383301,12053120,0.0,0.0
2006-09-26,7.016684055328369,7.138778209686279,6.984291076660156,7.131302833557129,6.516739368438721,11538616,0.0,0.0
2006-09-27,7.136285781860352,7.225987911224365,7.103894233703613,7.118844032287598,6.505354881286621,11144109,0.0,0.0
2006-09-28,7.168677806854248,7.193595886230469,7.088943004608154,7.168677806854248,6.550893306732178,5648307,0.0,0.0
2006-09-29,7.186120986938477,7.208546161651611,7.118844032287598,7.166186809539795,6.548616886138916,7056170,0.0,0.0
2006-10-02,7.198578834533691,7.243430137634277,7.054059028625488,7.1113691329956055,6.498523235321045,8441960,0.0,0.0
2006-10-03,7.071500778198242,7.208546161651611,7.039109230041504,7.183629035949707,6.564556121826172,6381536,0.0,0.0
2006-10-04,7.151236057281494,7.410375118255615,7.151236057281494,7.407884120941162,6.769484996795654,10166471,0.0,0.0
2006-10-05,7.472668170928955,7.475160121917725,7.32814884185791,7.392932891845703,6.75582218170166,4895815,0.0,0.0
2006-10-06,7.370508193969727,7.415359020233154,7.308215141296387,7.3879499435424805,6.7512688636779785,3266017,0.0,0.0
2006-10-09,7.392932891845703,7.412867069244385,7.320672988891602,7.338115215301514,6.705729007720947,5604161,0.0,0.0
2006-10-10,7.3356242179870605,7.368015766143799,7.2160210609436035,7.238447189331055,6.614649772644043,10643652,0.0,0.0
2006-10-11,7.268346786499023,7.323164939880371,7.153728008270264,7.233462810516357,6.610095500946045,5787568,0.0,0.0
2006-10-12,7.2857890129089355,7.370508193969727,7.230970859527588,7.333131790161133,6.701175212860107,4187068,0.0,0.0
2006-10-13,7.320672988891602,7.400407791137695,7.305723190307617,7.350574016571045,6.717114448547363,5310388,0.0,0.0
2006-10-16,7.333131790161133,7.410375118255615,7.325656890869141,7.375491142272949,6.739884853363037,5726165,0.0,0.0
2006-10-17,7.333131790161133,7.380475044250488,7.283298015594482,7.3530659675598145,6.719391345977783,4183456,0.0,0.0
2006-10-18,7.4228339195251465,7.442768096923828,7.375491142272949,7.397916793823242,6.760376930236816,5445235,0.0,0.0
2006-10-19,7.395424842834473,7.475160121917725,7.373000144958496,7.410375118255615,6.771761894226074,4426260,0.0,0.0
2006-10-20,7.410375118255615,7.445259094238281,7.343099117279053,7.435293197631836,6.794532299041748,4325927,0.0,0.0
2006-10-23,7.400407791137695,7.5374531745910645,7.392932891845703,7.480143070220947,6.835516452789307,6489894,0.0,0.0
2006-10-24,7.45273494720459,7.51502799987793,7.417850017547607,7.465192794799805,6.821855545043945,5940475,0.0,0.0
2006-10-25,7.4228339195251465,7.51253604888916,7.412867069244385,7.482635021209717,6.837793827056885,4746520,0.0,0.0
2006-10-26,7.467685222625732,7.599746227264404,7.437784194946289,7.5773210525512695,6.924320697784424,5265038,0.0,0.0
2006-10-27,7.534961223602295,7.5773210525512695,7.442768096923828,7.500076770782471,6.853733539581299,6125086,0.0,0.0
2006-10-30,7.532470226287842,7.5723371505737305,7.382966041564941,7.430308818817139,6.789977550506592,9293179,0.0,0.0
2006-10-31,7.691939830780029,7.7965922355651855,7.599746227264404,7.719348907470703,7.0541090965271,25077858,0.0,0.0
2006-11-01,7.973504066467285,8.045763969421387,7.831476211547852,7.87383508682251,7.195281982421875,17735139,0.0,0.0
2006-11-02,7.828983783721924,7.8887858390808105,7.771675109863281,7.871344089508057,7.193005084991455,7070618,0.0,0.0
2006-11-03,7.876327037811279,7.913702964782715,7.764200210571289,7.913702964782715,7.23171329498291,7156502,0.0,0.0
2006-11-06,7.913702964782715,8.06320571899414,7.913702964782715,8.045763969421387,7.352393627166748,7603583,0.0,0.0
2006-11-07,8.035797119140625,8.175333023071289,7.938620090484619,8.14294147491455,7.441196918487549,13927327,0.0,0.0
2006-11-08,8.095598220825195,8.334802627563477,8.075665473937988,8.284969329833984,7.57098388671875,15390573,0.0,0.0
2006-11-09,8.329819679260254,8.339786529541016,8.24759292602539,8.307394981384277,7.59147834777832,8463230,0.0,0.0
2006-11-10,8.319852828979492,8.37217903137207,8.279986381530762,8.322344779968262,7.605140209197998,7858026,0.0,0.0
2006-11-13,8.322344779968262,8.43447208404541,8.3123779296875,8.344770431518555,7.625632286071777,8759411,0.0,0.0
2006-11-14,8.337294578552246,8.347262382507324,8.267526626586914,8.307394981384277,7.59147834777832,7726390,0.0,0.0
2006-11-15,8.299919128417969,8.429489135742188,8.299919128417969,8.387129783630371,7.664340972900391,9401137,0.0,0.0
2006-11-16,8.412047386169434,8.451913833618164,8.337294578552246,8.446930885314941,7.71898889541626,5822083,0.0,0.0
2006-11-17,8.417030334472656,8.451913833618164,8.317360877990723,8.431981086730957,7.705327033996582,6833432,0.0,0.0
2006-11-20,8.392112731933594,8.576499938964844,8.367196083068848,8.529157638549805,7.794129371643066,8424301,0.0,0.0
2006-11-21,8.489290237426758,8.536632537841797,8.347262382507324,8.414538383483887,7.68938684463501,6952627,0.0,0.0
2006-11-22,8.833147048950195,8.86553955078125,8.688628196716309,8.828164100646973,8.067367553710938,48117364,0.0,0.0
2006-11-24,8.770853996276855,8.860555648803711,8.733478546142578,8.848097801208496,8.085583686828613,6706612,0.0,0.0
2006-11-27,8.828164100646973,8.855572700500488,8.76088809967041,8.835638999938965,8.074199676513672,13496701,0.0,0.0
2006-11-28,8.770853996276855,8.835638999938965,8.68364429473877,8.730986595153809,7.978564262390137,15240075,0.0,0.0
2006-11-29,8.815705299377441,9.000093460083008,8.790787696838379,8.975174903869629,8.201708793640137,20599425,0.0,0.0
2006-11-30,8.93032455444336,9.092286109924316,8.900424003601074,9.092286109924316,8.308728218078613,142502768,0.0,0.0
2006-12-01,9.037467956542969,9.082319259643555,8.920357704162598,8.955242156982422,8.18349552154541,20332140,0.0,0.0
2006-12-04,9.020026206970215,9.162054061889648,8.967700004577637,9.13215446472168,8.345161437988281,16186409,0.0,0.0
2006-12-05,9.11221981048584,9.259231567382812,9.020026206970215,9.219364166259766,8.424853324890137,13324129,0.0,0.0
2006-12-06,9.239297866821289,9.239297866821289,9.05241870880127,9.117203712463379,8.331498146057129,16123802,0.0,0.0
2006-12-07,9.104744911193848,9.194446563720703,8.950258255004883,9.002584457397461,8.226757049560547,13869134,0.0,0.0
2006-12-08,8.907898902893066,9.039959907531738,8.843113899230957,8.917865753173828,8.14933967590332,12462476,0.0,0.0
2006-12-11,8.932815551757812,9.154579162597656,8.88547420501709,9.015043258666992,8.238142967224121,8392195,0.0,0.0
2006-12-12,9.0499267578125,9.11471176147461,8.960225105285645,9.079828262329102,8.297344207763672,8148989,0.0,0.0
2006-12-13,9.149596214294434,9.244280815124512,9.097270011901855,9.191954612731934,8.399807929992676,12612573,0.0,0.0
2006-12-14,9.23680591583252,9.393783569335938,9.231822967529297,9.35890007019043,8.552366256713867,14991251,0.0,0.0
2006-12-15,9.356409072875977,9.583154678344727,9.356409072875977,9.580662727355957,8.755019187927246,28670557,0.0,0.0
2006-12-18,9.583154678344727,9.632989883422852,9.443618774414062,9.468536376953125,8.65255355834961,19550351,0.0,0.0
2006-12-19,9.471028327941895,9.493453025817871,9.034976959228516,9.092286109924316,8.308728218078613,30141027,0.0,0.0
2006-12-20,9.054910659790039,9.201922416687012,9.00507640838623,9.079828262329102,8.297344207763672,19828472,0.0,0.0
2006-12-21,9.094778060913086,9.348933219909668,9.094778060913086,9.162054061889648,8.372485160827637,19978168,0.0,0.0
2006-12-22,9.164546012878418,9.214381217956543,9.122186660766602,9.144612312316895,8.356544494628906,7143660,0.0,0.0
2006-12-26,9.147104263305664,9.259231567382812,9.142121315002441,9.186971664428711,8.395255088806152,5964956,0.0,0.0
2006-12-27,9.24926471710205,9.341458320617676,9.224347114562988,9.289132118225098,8.488609313964844,6666078,0.0,0.0
2006-12-28,9.274182319641113,9.346442222595215,9.17451286315918,9.269198417663574,8.470394134521484,7405326,0.0,0.0
2006-12-29,9.251755714416504,9.416210174560547,9.231822967529297,9.259231567382812,8.461287498474121,6497921,0.0,0.0
2007-01-03,9.281657218933105,9.476011276245117,9.231822967529297,9.356409072875977,8.550088882446289,15059477,0.0,0.0
2007-01-04,9.356409072875977,9.473519325256348,9.274182319641113,9.443618774414062,8.629783630371094,13904853,0.0,0.0
2007-01-05,9.418702125549316,9.441126823425293,9.289132118225098,9.351425170898438,8.545536041259766,9702936,0.0,0.0
2007-01-08,9.331491470336914,9.368866920471191,9.246772766113281,9.319032669067383,8.515933990478516,9813703,0.0,0.0
2007-01-09,9.329000473022461,9.393783569335938,9.186971664428711,9.346442222595215,8.540982246398926,13398375,0.0,0.0
2007-01-10,9.289132118225098,9.650431632995605,9.23431396484375,9.548271179199219,8.725418090820312,15657859,0.0,0.0
2007-01-11,9.565712928771973,9.588138580322266,9.376341819763184,9.428668975830078,8.616122245788574,19727337,0.0,0.0
2007-01-12,9.42119312286377,9.503419876098633,9.363883972167969,9.428668975830078,8.616122245788574,8898672,0.0,0.0
2007-01-16,9.453585624694824,9.488470077514648,9.401260375976562,9.468536376953125,8.65255355834961,9853435,0.0,0.0
2007-01-17,9.466044425964355,9.583154678344727,9.42119312286377,9.518369674682617,8.698092460632324,9122213,0.0,0.0
2007-01-18,9.568204879760742,9.667874336242676,9.513386726379395,9.603089332580566,8.775510787963867,10510812,0.0,0.0
2007-01-19,9.593121528625488,9.750100135803223,9.543288230895996,9.735150337219238,8.896190643310547,11516141,0.0,0.0
2007-01-22,9.732658386230469,9.74262523651123,9.640464782714844,9.68531608581543,8.850651741027832,10487936,0.0,0.0
2007-01-23,9.687807083129883,9.817377090454102,9.670365333557129,9.74760913848877,8.907576560974121,8126916,0.0,0.0
2007-01-24,9.78498363494873,9.837310791015625,9.735150337219238,9.762558937072754,8.92123794555664,8789511,0.0,0.0
2007-01-25,9.717707633972168,9.750100135803223,9.468536376953125,9.508403778076172,8.688984870910645,14054950,0.0,0.0
2007-01-26,9.508403778076172,9.525845527648926,9.321524620056152,9.403751373291016,8.593353271484375,10409275,0.0,0.0
2007-01-29,9.333983421325684,9.553255081176758,9.333983421325684,9.473519325256348,8.65710735321045,7214695,0.0,0.0
2007-01-30,9.493453025817871,9.54577922821045,9.386308670043945,9.49843692779541,8.679879188537598,4753744,0.0,0.0
2007-01-31,9.508403778076172,9.672857284545898,9.383817672729492,9.568204879760742,8.743633270263672,6920922,0.0,0.0
2007-02-01,9.55823802947998,9.705248832702637,9.520861625671387,9.550763130187988,8.727694511413574,6831827,0.0,0.0
2007-02-02,9.538304328918457,9.675349235534668,9.538304328918457,9.625514030456543,8.796003341674805,3958310,0.0,0.0
2007-02-05,9.625514030456543,9.842293739318848,9.563220977783203,9.78498363494873,8.941730499267578,11723629,0.0,0.0
2007-02-06,9.543288230895996,9.667874336242676,9.393783569335938,9.647939682006836,8.816496849060059,18761739,0.0,0.0
2007-02-07,9.647939682006836,9.984321594238281,9.640464782714844,9.924521446228027,9.069243431091309,13073299,0.0,0.0
2007-02-08,9.897111892700195,9.999272346496582,9.859736442565918,9.94445514678955,9.087459564208984,8063506,0.0,0.0
2007-02-09,9.961896896362305,9.964387893676758,9.817377090454102,9.87219524383545,9.021428108215332,7393287,0.0,0.0
2007-02-12,9.917045593261719,9.917045593261719,9.74262523651123,9.822360038757324,8.975885391235352,9908417,0.0,0.0
2007-02-13,9.837310791015625,9.924521446228027,9.802427291870117,9.902094841003418,9.048748970031738,7255229,0.0,0.0
2007-02-14,9.941963195800781,10.004256248474121,9.874686241149902,9.92950439453125,9.073796272277832,7356364,0.0,0.0
2007-02-15,9.917045593261719,9.956912994384766,9.834818840026855,9.92950439453125,9.073796272277832,8735331,0.0,0.0
2007-02-16,9.951930046081543,9.964387893676758,9.832326889038086,9.924521446228027,9.069243431091309,6961055,0.0,0.0
2007-02-20,9.874686241149902,10.019206047058105,9.792460441589355,9.98681354522705,9.126168251037598,9806078,0.0,0.0
2007-02-21,9.954421043395996,10.06904125213623,9.919536590576172,10.031664848327637,9.167153358459473,5043504,0.0,0.0
2007-02-22,10.024189949035645,10.121367454528809,10.009239196777344,10.103924751281738,9.233186721801758,6826610,0.0,0.0
2007-02-23,10.121367454528809,10.138809204101562,10.024189949035645,10.11139965057373,9.240015029907227,7259644,0.0,0.0
2007-02-26,10.11139965057373,10.213560104370117,10.09644889831543,10.151267051696777,9.276447296142578,7576293,0.0,0.0
2007-02-27,10.061565399169922,10.148776054382324,9.802427291870117,9.859736442565918,9.010041236877441,13567736,0.0,0.0
2007-02-28,9.770033836364746,9.86970329284668,9.697773933410645,9.767541885375977,8.92579174041748,17076156,0.0,0.0
2007-03-01,9.608072280883789,9.715215682983398,9.525845527648926,9.625514030456543,8.796003341674805,14610390,0.0,0.0
2007-03-02,9.555746078491211,9.632989883422852,9.366375923156738,9.441126823425293,8.627506256103516,15198738,0.0,0.0
2007-03-05,9.363883972167969,9.431159973144531,9.159563064575195,9.336475372314453,8.531874656677246,10969932,0.0,0.0
2007-03-06,9.304082870483398,9.426177024841309,9.269198417663574,9.386308670043945,8.577412605285645,7859631,0.0,0.0
2007-03-07,9.343950271606445,9.396276473999023,9.271690368652344,9.351425170898438,8.545536041259766,8081967,0.0,0.0
2007-03-08,9.418702125549316,9.478503227233887,9.331491470336914,9.368866920471191,8.561473846435547,16245003,0.0,0.0
2007-03-09,9.396276473999023,9.438634872436523,9.264215469360352,9.326507568359375,8.52276611328125,9893166,0.0,0.0
2007-03-12,9.319032669067383,9.356409072875977,9.24926471710205,9.306573867797852,8.504549980163574,13938163,0.0,0.0
2007-03-13,9.23431396484375,9.286640167236328,9.099761009216309,9.099761009216309,8.315560340881348,10885252,0.0,0.0
2007-03-14,9.144612312316895,9.152088165283203,8.982650756835938,9.089795112609863,8.306452751159668,14095083,0.0,0.0
2007-03-15,9.10972785949707,9.214381217956543,9.104744911193848,9.127169609069824,8.340604782104492,7329074,0.0,0.0
2007-03-16,9.079828262329102,9.124678611755371,9.022518157958984,9.117203712463379,8.331498146057129,14743229,0.0,0.0
2007-03-19,9.17202091217041,9.31155776977539,9.137137413024902,9.224347114562988,8.429408073425293,9173583,0.0,0.0
2007-03-20,9.216872215270996,9.279165267944336,9.164546012878418,9.214381217956543,8.420300483703613,7032090,0.0,0.0
2007-03-21,9.216872215270996,9.396276473999023,9.142121315002441,9.326507568359375,8.52276611328125,9572504,0.0,0.0
2007-03-22,9.381325721740723,9.568204879760742,9.366375923156738,9.480995178222656,8.663941383361816,14284510,0.0,0.0
2007-03-23,9.530829429626465,9.570696830749512,9.471028327941895,9.520861625671387,8.700370788574219,7527330,0.0,0.0
2007-03-26,9.515878677368164,9.598105430603027,9.468536376953125,9.588138580322266,8.761848449707031,9215722,0.0,0.0
2007-03-27,9.555746078491211,9.68282413482666,9.513386726379395,9.628005981445312,8.7982816696167,9648355,0.0,0.0
2007-03-28,9.598105430603027,9.613056182861328,9.401260375976562,9.401260375976562,8.591076850891113,15725282,0.0,0.0
2007-03-29,9.413718223571777,9.443618774414062,9.23680591583252,9.366375923156738,8.559197425842285,10855554,0.0,0.0
2007-03-30,9.346442222595215,9.401260375976562,9.281657218933105,9.396276473999023,8.586522102355957,7447466,0.0,0.0
2007-04-02,9.383817672729492,9.401260375976562,9.184479713439941,9.271690368652344,8.472672462463379,10194163,0.0,0.0
2007-04-03,9.261722564697266,9.426177024841309,9.261722564697266,9.35890007019043,8.552366256713867,9995505,0.0,0.0
2007-04-04,9.3613920211792,9.438634872436523,9.266707420349121,9.398768424987793,8.588798522949219,6500730,0.0,0.0
2007-04-05,9.423685073852539,9.43614387512207,9.336475372314453,9.423685073852539,8.611567497253418,7018445,0.0,0.0
2007-04-09,9.406243324279785,9.55823802947998,9.386308670043945,9.518369674682617,8.698092460632324,9782399,0.0,0.0
2007-04-10,9.508403778076172,9.657906532287598,9.508403778076172,9.628005981445312,8.7982816696167,10318174,0.0,0.0
2007-04-11,9.61803913116455,9.630497932434082,9.513386726379395,9.543288230895996,8.720864295959473,8377747,0.0,0.0
2007-04-12,9.573187828063965,9.647939682006836,9.446110725402832,9.605581283569336,8.777789115905762,5473328,0.0,0.0
2007-04-13,9.580662727355957,9.580662727355957,9.448601722717285,9.530829429626465,8.709479331970215,10392018,0.0,0.0
2007-04-16,9.530829429626465,9.583154678344727,9.480995178222656,9.55823802947998,8.734525680541992,6022346,0.0,0.0
2007-04-17,9.568204879760742,9.652922630310059,9.543288230895996,9.615548133850098,8.786895751953125,9535983,0.0,0.0
2007-04-18,9.565712928771973,9.642955780029297,9.518369674682617,9.603089332580566,8.775510787963867,6541666,0.0,0.0
2007-04-19,9.585646629333496,9.585646629333496,9.458568572998047,9.568204879760742,8.743633270263672,7255631,0.0,0.0
2007-04-20,9.672857284545898,9.697773933410645,9.543288230895996,9.588138580322266,8.761848449707031,11907437,0.0,0.0
2007-04-23,9.553255081176758,9.555746078491211,9.304082870483398,9.366375923156738,8.559197425842285,15527025,0.0,0.0
2007-04-24,9.363883972167969,9.363883972167969,9.246772766113281,9.326507568359375,8.52276611328125,10412486,0.0,0.0
2007-04-25,9.356409072875977,9.610564231872559,9.331491470336914,9.565712928771973,8.741357803344727,9833769,0.0,0.0
2007-04-26,9.510894775390625,9.68282413482666,9.471028327941895,9.642955780029297,8.811943054199219,8528647,0.0,0.0
2007-04-27,9.640464782714844,9.732658386230469,9.615548133850098,9.662890434265137,8.830158233642578,7374023,0.0,0.0
2007-04-30,9.690299034118652,9.705248832702637,9.485978126525879,9.49843692779541,8.679879188537598,8504166,0.0,0.0
2007-05-01,9.48348617553711,9.605581283569336,9.48348617553711,9.533321380615234,8.71175479888916,6343008,0.0,0.0
2007-05-02,9.538304328918457,9.637972831726074,9.443618774414062,9.615548133850098,8.786895751953125,6869552,0.0,0.0
2007-05-03,9.31155776977539,9.333983421325684,8.875507354736328,8.995108604431152,8.219924926757812,30301960,0.0,0.0
2007-05-04,9.025010108947754,9.274182319641113,8.902915954589844,8.94527530670166,8.17438793182373,13306070,0.0,0.0
2007-05-07,8.92284870147705,8.94527530670166,8.780820846557617,8.813214302062988,8.053706169128418,12739393,0.0,0.0
2007-05-08,8.750921249389648,8.88547420501709,8.668693542480469,8.828164100646973,8.067367553710938,19145409,0.0,0.0
2007-05-09,8.818197250366211,8.845605850219727,8.618860244750977,8.78829574584961,8.030936241149902,11418618,0.0,0.0
2007-05-10,8.748429298400879,8.778329849243164,8.569025039672852,8.653743743896484,7.9079790115356445,10454224,0.0,0.0
2007-05-11,8.63630199432373,8.703577995300293,8.556567192077637,8.68364429473877,7.935302734375,7928660,0.0,0.0
2007-05-14,8.668693542480469,8.706069946289062,8.51171588897705,8.576499938964844,7.837391376495361,8522226,0.0,0.0
2007-05-15,8.588958740234375,8.671186447143555,8.382145881652832,8.444438934326172,7.716711521148682,14061371,0.0,0.0
2007-05-16,8.476831436157227,8.546600341796875,8.357229232788086,8.514206886291504,7.780466079711914,13355433,0.0,0.0
2007-05-17,8.526665687561035,8.526665687561035,8.404571533203125,8.414538383483887,7.68938684463501,9628289,0.0,0.0
2007-05-18,8.471847534179688,8.588958740234375,8.364704132080078,8.556567192077637,7.8191752433776855,17434142,0.0,0.0
2007-05-21,8.554075241088867,8.673677444458008,8.461880683898926,8.606401443481445,7.86471700668335,11517747,0.0,0.0
2007-05-22,8.57400894165039,8.583974838256836,8.51171588897705,8.569025039672852,7.830561637878418,7610406,0.0,0.0
2007-05-23,8.569025039672852,8.780820846557617,8.549091339111328,8.651251792907715,7.905701637268066,12710898,0.0,0.0
2007-05-24,8.651251792907715,8.658726692199707,8.49676513671875,8.569025039672852,7.830561637878418,9212913,0.0,0.0
2007-05-25,8.566533088684082,8.633810043334961,8.526665687561035,8.578991889953613,7.8396687507629395,6679723,0.0,0.0
2007-05-29,8.549091339111328,8.616368293762207,8.49676513671875,8.569025039672852,7.830561637878418,10892877,0.0,0.0
2007-05-30,8.556567192077637,8.583974838256836,8.454405784606934,8.556567192077637,7.8191752433776855,10308542,0.0,0.0
2007-05-31,8.544108390808105,8.735969543457031,8.514206886291504,8.62135124206543,7.878377914428711,24539274,0.0,0.0
2007-06-01,8.616368293762207,8.770853996276855,8.596433639526367,8.671186447143555,7.923918724060059,10862777,0.0,0.0
2007-06-04,8.643776893615723,8.69859504699707,8.596433639526367,8.671186447143555,7.923918724060059,8323969,0.0,0.0
2007-06-05,8.676169395446777,8.711052894592285,8.554075241088867,8.671186447143555,7.923918724060059,9344950,0.0,0.0
2007-06-06,8.63630199432373,8.676169395446777,8.444438934326172,8.521681785583496,7.787298202514648,8470855,0.0,0.0
2007-06-07,8.43447208404541,8.521681785583496,8.265034675598145,8.265034675598145,7.552768230438232,11485640,0.0,0.0
2007-06-08,8.240118026733398,8.431981086730957,8.160383224487305,8.429489135742188,7.703049659729004,10392018,0.0,0.0
2007-06-11,8.466864585876465,8.541616439819336,8.364704132080078,8.454405784606934,7.725818634033203,9047164,0.0,0.0
2007-06-12,8.389620780944824,8.399587631225586,8.207725524902344,8.212709426879883,7.504951477050781,10846724,0.0,0.0
2007-06-13,8.215201377868652,8.407062530517578,8.200250625610352,8.37467098236084,7.652956008911133,6839452,0.0,0.0
2007-06-14,8.369688034057617,8.49676513671875,8.352245330810547,8.412047386169434,7.687110900878906,8582024,0.0,0.0
2007-06-15,8.454405784606934,8.6662015914917,8.454405784606934,8.55905818939209,7.82145357131958,18603615,0.0,0.0
2007-06-18,8.551583290100098,8.576499938964844,8.471847534179688,8.566533088684082,7.828284740447998,10884851,0.0,0.0
2007-06-19,8.534140586853027,8.900424003601074,8.534140586853027,8.778329849243164,8.02182674407959,17079768,0.0,0.0
2007-06-20,8.778329849243164,8.843113899230957,8.618860244750977,8.755904197692871,8.001335144042969,32810267,0.0,0.0
2007-06-21,8.733478546142578,8.763379096984863,8.638792991638184,8.721019744873047,7.969457626342773,13098984,0.0,0.0
2007-06-22,8.716036796569824,8.743446350097656,8.521681785583496,8.554075241088867,7.816899299621582,15727289,0.0,0.0
2007-06-25,8.62135124206543,8.671186447143555,8.506731986999512,8.62135124206543,7.878377914428711,13052831,0.0,0.0
2007-06-26,8.638792991638184,8.753412246704102,8.616368293762207,8.686136245727539,7.93757963180542,12063554,0.0,0.0
2007-06-27,8.626335144042969,8.668693542480469,8.506731986999512,8.658726692199707,7.912532329559326,11326313,0.0,0.0
2007-06-28,8.611384391784668,8.72600269317627,8.60141658782959,8.641284942626953,7.89659309387207,9595781,0.0,0.0
2007-06-29,8.626335144042969,8.69859504699707,8.554075241088867,8.6238431930542,7.8806562423706055,7965181,0.0,0.0
2007-07-02,8.646267890930176,8.706069946289062,8.56155014038086,8.581483840942383,7.841947555541992,7906988,0.0,0.0
2007-07-03,8.578991889953613,8.68364429473877,8.501749038696289,8.549091339111328,7.812345504760742,4888190,0.0,0.0
2007-07-05,8.521681785583496,8.549091339111328,8.407062530517578,8.519190788269043,7.7850213050842285,10011558,0.0,0.0
2007-07-06,8.504240036010742,8.611384391784668,8.476831436157227,8.529157638549805,7.794129371643066,7849598,0.0,0.0
2007-07-09,8.516698837280273,8.544108390808105,8.402079582214355,8.43945598602295,7.712157249450684,8699212,0.0,0.0
2007-07-10,8.469355583190918,8.471847534179688,8.275001525878906,8.322344779968262,7.605140209197998,11858074,0.0,0.0
2007-07-11,8.287461280822754,8.334802627563477,8.25257682800293,8.31486988067627,7.598308563232422,8759411,0.0,0.0
2007-07-12,8.322344779968262,8.37716293334961,8.237626075744629,8.37716293334961,7.655233383178711,10812611,0.0,0.0
2007-07-13,8.329819679260254,8.362212181091309,8.227659225463867,8.354737281799316,7.634740829467773,9128233,0.0,0.0
2007-07-16,8.349754333496094,8.357229232788086,8.205233573913574,8.232643127441406,7.523167610168457,11740886,0.0,0.0
2007-07-17,8.212709426879883,8.307394981384277,8.192774772644043,8.267526626586914,7.555046081542969,8504968,0.0,0.0
2007-07-18,8.25008487701416,8.307394981384277,8.177824974060059,8.267526626586914,7.555046081542969,10137576,0.0,0.0
2007-07-19,8.347262382507324,8.389620780944824,8.260051727294922,8.367196083068848,7.646125793457031,7639703,0.0,0.0
2007-07-20,8.419522285461426,8.431981086730957,8.220184326171875,8.270018577575684,7.557323455810547,10118713,0.0,0.0
2007-07-23,8.347262382507324,8.347262382507324,8.080648422241211,8.130481719970703,7.429811477661133,12518662,0.0,0.0
2007-07-24,8.06569766998291,8.108057022094727,7.898752212524414,7.928652763366699,7.2453742027282715,14713531,0.0,0.0
2007-07-25,7.896261215209961,7.963537216186523,7.714365005493164,7.766691207885742,7.097372055053711,14281701,0.0,0.0
2007-07-26,7.704398155212402,7.729314804077148,7.532470226287842,7.63712215423584,6.978968143463135,17080571,0.0,0.0
2007-07-27,7.6122050285339355,7.679481029510498,7.495093822479248,7.5623698234558105,6.91065788269043,9650362,0.0,0.0
2007-07-30,7.507552146911621,7.63712215423584,7.45024299621582,7.56486177444458,6.91293478012085,14349526,0.0,0.0
2007-07-31,7.221004962921143,7.412867069244385,7.029141902923584,7.161202907562256,6.544062614440918,23839757,0.0,0.0
2007-08-01,7.098909854888916,7.186120986938477,6.979308128356934,7.141270160675049,6.525847434997559,15616923,0.0,0.0
2007-08-02,7.153728008270264,7.183629035949707,7.0764851570129395,7.141270160675049,6.525847434997559,16265070,0.0,0.0
2007-08-03,7.153728008270264,7.1811370849609375,6.8248209953308105,6.82731294631958,6.238946914672852,17121105,0.0,0.0
2007-08-06,6.882131099700928,6.8920979499816895,6.603057861328125,6.677810192108154,6.102328300476074,24499944,0.0,0.0
2007-08-07,6.697742938995361,6.809871196746826,6.632958889007568,6.655384063720703,6.08183479309082,21403288,0.0,0.0
2007-08-08,6.707709789276123,6.757544994354248,6.249234199523926,6.595582962036133,6.027186870574951,27321288,0.0,0.0
2007-08-09,6.540764808654785,6.779970169067383,6.453555107116699,6.508372783660889,5.947493076324463,24874785,0.0,0.0
2007-08-10,6.443587779998779,6.879639148712158,6.353886127471924,6.802395820617676,6.216176986694336,19600918,0.0,0.0
2007-08-13,6.804886817932129,7.016684055328369,6.70521879196167,6.969340801239014,6.368734359741211,13803317,0.0,0.0
2007-08-14,6.924489974975586,7.036616802215576,6.864688873291016,6.936948776245117,6.339134693145752,11682693,0.0,0.0
2007-08-15,6.93943977355957,7.0665178298950195,6.8746562004089355,6.882131099700928,6.289040565490723,14676609,0.0,0.0
2007-08-16,6.869671821594238,6.989274978637695,6.505880832672119,6.680301189422607,6.104604244232178,20693336,0.0,0.0
2007-08-17,6.680301189422607,6.869671821594238,6.632958889007568,6.794919967651367,6.209345817565918,16837365,0.0,0.0
2007-08-20,6.857213020324707,6.917015075683594,6.784954071044922,6.852230072021484,6.261717319488525,17740356,0.0,0.0
2007-08-21,6.902063846588135,6.959373950958252,6.817346096038818,6.877147197723389,6.284486293792725,12233718,0.0,0.0
2007-08-22,6.884622097015381,6.904555797576904,6.760035991668701,6.844755172729492,6.254886150360107,11264508,0.0,0.0
2007-08-23,6.725152015686035,6.82980489730835,6.637941837310791,6.77498722076416,6.191130638122559,12304753,0.0,0.0
2007-08-24,6.762527942657471,7.00422477722168,6.7201690673828125,7.00422477722168,6.400612831115723,9286356,0.0,0.0
2007-08-27,6.989274978637695,7.021667003631592,6.867179870605469,6.88711404800415,6.293594837188721,8413465,0.0,0.0
2007-08-28,6.832295894622803,6.929472923278809,6.71269416809082,6.715185165405273,6.136481761932373,8560352,0.0,0.0
2007-08-29,6.735118865966797,6.814854145050049,6.637941837310791,6.807378768920898,6.220731258392334,7752877,0.0,0.0
2007-08-30,6.762527942657471,6.864688873291016,6.760035991668701,6.814854145050049,6.227561950683594,7591944,0.0,0.0
2007-08-31,6.882131099700928,6.9743242263793945,6.807378768920898,6.924489974975586,6.327749729156494,6656446,0.0,0.0
2007-09-04,6.902063846588135,7.0092082023620605,6.854722023010254,6.9743242263793945,6.373289108276367,7146068,0.0,0.0
2007-09-05,6.936948776245117,6.999241828918457,6.864688873291016,6.899572849273682,6.3049798011779785,6763601,0.0,0.0
2007-09-06,6.93943977355957,6.964356899261475,6.872163772583008,6.924489974975586,6.327749729156494,8298685,0.0,0.0
2007-09-07,6.867179870605469,6.9269819259643555,6.847247123718262,6.877147197723389,6.284486293792725,8365306,0.0,0.0
2007-09-10,6.924489974975586,6.924489974975586,6.735118865966797,6.854722023010254,6.263994216918945,10306937,0.0,0.0
2007-09-11,6.8746562004089355,6.912031173706055,6.819838047027588,6.8920979499816895,6.2981486320495605,8426308,0.0,0.0
2007-09-12,6.8920979499816895,6.914523124694824,6.812363147735596,6.909540176391602,6.314088344573975,9363412,0.0,0.0
2007-09-13,6.94940710067749,6.94940710067749,6.849738121032715,6.894588947296143,6.3004255294799805,9169570,0.0,0.0
2007-09-14,6.862196922302246,6.979308128356934,6.844755172729492,6.956881999969482,6.357349872589111,10187742,0.0,0.0
2007-09-17,6.897080898284912,6.919506072998047,6.603057861328125,6.757544994354248,6.175191402435303,18112789,0.0,0.0
2007-09-18,6.877147197723389,6.994257926940918,6.8248209953308105,6.989274978637695,6.386950969696045,13640377,0.0,0.0
2007-09-19,7.0092082023620605,7.06402587890625,6.984291076660156,7.024158954620361,6.418828964233398,10166873,0.0,0.0
2007-09-20,6.991765975952148,7.12631893157959,6.989274978637695,7.041601181030273,6.434768199920654,8986965,0.0,0.0
2007-09-21,7.041601181030273,7.056550979614258,6.88960599899292,6.986783027648926,6.384674549102783,30216878,0.0,0.0
2007-09-24,6.9743242263793945,7.069009780883789,6.954391002655029,7.01170015335083,6.407443523406982,9206091,0.0,0.0
2007-09-25,7.108877182006836,7.225987911224365,7.039109230041504,7.103894233703613,6.491692543029785,14203040,0.0,0.0
2007-09-26,7.116352081298828,7.368015766143799,7.116352081298828,7.340607166290283,6.708006858825684,20704573,0.0,0.0
2007-09-27,7.3879499435424805,7.412867069244385,7.295755863189697,7.380475044250488,6.744438648223877,11263705,0.0,0.0
2007-09-28,7.385457992553711,7.447751045227051,7.333131790161133,7.392932891845703,6.75582218170166,8372931,0.0,0.0
2007-10-01,7.395424842834473,7.495093822479248,7.377983093261719,7.475160121917725,6.830964088439941,9863468,0.0,0.0
2007-10-02,7.487618923187256,7.497585773468018,7.350574016571045,7.400407791137695,6.762653350830078,9321272,0.0,0.0
2007-10-03,7.375491142272949,7.477652072906494,7.375491142272949,7.425325870513916,6.78542423248291,5849774,0.0,0.0
2007-10-04,7.445259094238281,7.539945125579834,7.437784194946289,7.480143070220947,6.835516452789307,8439953,0.0,0.0
2007-10-05,7.482635021209717,7.5623698234558105,7.440276145935059,7.475160121917725,6.830964088439941,6115454,0.0,0.0
2007-10-08,7.4577178955078125,7.51502799987793,7.392932891845703,7.462700843811035,6.819578647613525,4360040,0.0,0.0
2007-10-09,7.410375118255615,7.445259094238281,7.318181991577148,7.410375118255615,6.771761894226074,5194805,0.0,0.0
2007-10-10,7.377983093261719,7.417850017547607,7.305723190307617,7.405392169952393,6.767208099365234,6419261,0.0,0.0
2007-10-11,7.415359020233154,7.447751045227051,7.233462810516357,7.273331165313721,6.6465277671813965,7889731,0.0,0.0
2007-10-12,7.300739765167236,7.415359020233154,7.2160210609436035,7.380475044250488,6.744438648223877,8136950,0.0,0.0
2007-10-15,7.39044189453125,7.39044189453125,7.203563213348389,7.298247814178467,6.669297218322754,8153805,0.0,0.0
2007-10-16,7.290772914886475,7.313198089599609,7.173662185668945,7.255888938903809,6.630589008331299,8911916,0.0,0.0
2007-10-17,7.323164939880371,7.470177173614502,7.270839214324951,7.368015766143799,6.733052730560303,10223059,0.0,0.0
2007-10-18,7.3879499435424805,7.482635021209717,7.248414039611816,7.288280963897705,6.660189628601074,14411330,0.0,0.0
2007-10-19,7.283298015594482,7.305723190307617,7.024158954620361,7.078977108001709,6.468923091888428,18746488,0.0,0.0
2007-10-22,7.061534881591797,7.173662185668945,7.039109230041504,7.141270160675049,6.525847434997559,6745541,0.0,0.0
2007-10-23,7.054059028625488,7.093926906585693,6.917015075683594,6.946915149688721,6.348242282867432,11513733,0.0,0.0
2007-10-24,6.944424152374268,6.966848850250244,6.735118865966797,6.8248209953308105,6.236670017242432,12637455,0.0,0.0
2007-10-25,6.894588947296143,6.969340801239014,6.715185165405273,6.807378768920898,6.220731258392334,7959161,0.0,0.0
2007-10-26,6.869671821594238,6.882131099700928,6.687777042388916,6.745086193084717,6.163805961608887,12017402,0.0,0.0
2007-10-29,6.777478218078613,6.999241828918457,6.777478218078613,6.93943977355957,6.341411113739014,13097378,0.0,0.0
2007-10-30,6.93943977355957,7.131302833557129,6.849738121032715,7.07399320602417,6.46436882019043,16181593,0.0,0.0
2007-10-31,7.350574016571045,7.427816867828369,7.183629035949707,7.340607166290283,6.708006858825684,19503395,0.0,0.0
2007-11-01,7.524993896484375,7.672006130218506,7.370508193969727,7.430308818817139,6.789977550506592,22395373,0.0,0.0
2007-11-02,7.480143070220947,7.51502799987793,7.263363838195801,7.380475044250488,6.744438648223877,10473087,0.0,0.0
2007-11-05,7.985962867736816,8.3123779296875,7.776658058166504,7.9336371421813965,7.249929904937744,52196474,0.0,0.0
2007-11-06,7.973504066467285,8.005895614624023,7.647089004516602,7.7517409324646,7.083709239959717,18122421,0.0,0.0
2007-11-07,7.667022228240967,7.681972980499268,7.375491142272949,7.407884120941162,6.769484996795654,17314144,0.0,0.0
2007-11-08,7.45273494720459,7.4926018714904785,7.230970859527588,7.392932891845703,6.75582218170166,15163822,0.0,0.0
2007-11-09,7.258379936218262,7.417850017547607,7.193595886230469,7.313198089599609,6.682959079742432,11340761,0.0,0.0
2007-11-12,7.325656890869141,7.56486177444458,7.253396987915039,7.338115215301514,6.705729007720947,13684122,0.0,0.0
2007-11-13,7.32814884185791,7.425325870513916,7.238447189331055,7.417850017547607,6.778592586517334,11517747,0.0,0.0
2007-11-14,7.400407791137695,7.427816867828369,7.198578834533691,7.223495960235596,6.600987434387207,13998764,0.0,0.0
2007-11-15,7.18861198425293,7.305723190307617,7.039109230041504,7.098909854888916,6.487137317657471,8122903,0.0,0.0
2007-11-16,7.143761157989502,7.158711910247803,6.986783027648926,7.07399320602417,6.46436882019043,7318639,0.0,0.0
2007-11-19,7.016684055328369,7.021667003631592,6.819838047027588,6.877147197723389,6.284486293792725,9701732,0.0,0.0
2007-11-20,6.929472923278809,6.94940710067749,6.715185165405273,6.869671821594238,6.277655124664307,13183263,0.0,0.0
2007-11-21,6.842263221740723,6.991765975952148,6.715185165405273,6.88711404800415,6.293594837188721,10357905,0.0,0.0
2007-11-23,6.909540176391602,6.921998023986816,6.76751184463501,6.814854145050049,6.227561950683594,3056523,0.0,0.0
2007-11-26,6.837279796600342,6.869671821594238,6.603057861328125,6.6055498123168945,6.036294937133789,7442650,0.0,0.0
2007-11-27,6.6404337882995605,6.807378768920898,6.627974987030029,6.747578144073486,6.166083335876465,10075370,0.0,0.0
2007-11-28,6.8248209953308105,6.959373950958252,6.735118865966797,6.859704971313477,6.268547534942627,10236303,0.0,0.0
2007-11-29,7.098909854888916,7.098909854888916,6.93943977355957,7.039109230041504,6.432490825653076,11213539,0.0,0.0
2007-11-30,7.039109230041504,7.128810882568359,6.857213020324707,6.934456825256348,6.336857795715332,10480311,0.0,0.0
2007-12-03,6.921998023986816,7.024158954620361,6.88711404800415,6.902063846588135,6.307255744934082,8639012,0.0,0.0
2007-12-04,6.812363147735596,6.9269819259643555,6.760035991668701,6.894588947296143,6.3004255294799805,8771451,0.0,0.0
2007-12-05,6.917015075683594,7.093926906585693,6.8746562004089355,7.093926906585693,6.482583999633789,11038158,0.0,0.0
2007-12-06,7.059042930603027,7.148745059967041,7.00173282623291,7.141270160675049,6.525847434997559,7322653,0.0,0.0
2007-12-07,7.106385231018066,7.176154136657715,7.024158954620361,7.091434955596924,6.480306625366211,12149840,0.0,0.0
2007-12-10,7.133793830871582,7.133793830871582,7.039109230041504,7.103894233703613,6.491692543029785,5067584,0.0,0.0
2007-12-11,7.034125804901123,7.088943004608154,6.847247123718262,6.877147197723389,6.284486293792725,8587241,0.0,0.0
2007-12-12,6.94940710067749,6.994257926940918,6.784954071044922,6.909540176391602,6.314088344573975,8878606,0.0,0.0
2007-12-13,6.919506072998047,6.9743242263793945,6.727643966674805,6.817346096038818,6.229839324951172,9367024,0.0,0.0
2007-12-14,6.779970169067383,6.779970169067383,6.627974987030029,6.695251941680908,6.118266582489014,7901771,0.0,0.0
2007-12-17,6.642926216125488,6.722661018371582,6.5706658363342285,6.637941837310791,6.0658955574035645,7466730,0.0,0.0
2007-12-18,6.750070095062256,6.752561092376709,6.583124160766602,6.6703338623046875,6.095494747161865,11390124,0.0,0.0
2007-12-19,6.622992038726807,6.71269416809082,6.622992038726807,6.6852850914001465,6.109158992767334,8578813,0.0,0.0
2007-12-20,6.692759990692139,6.7899370193481445,6.622992038726807,6.772494792938232,6.1888532638549805,13632752,0.0,0.0
2007-12-21,6.8248209953308105,6.864688873291016,6.710202217102051,6.849738121032715,6.259439945220947,14315814,0.0,0.0
2007-12-24,6.797411918640137,6.94940710067749,6.725152015686035,6.904555797576904,6.30953311920166,2746697,0.0,0.0
2007-12-26,6.854722023010254,6.899572849273682,6.76501989364624,6.867179870605469,6.275378227233887,4738494,0.0,0.0
2007-12-27,6.852230072021484,6.852230072021484,6.7201690673828125,6.750070095062256,6.168360233306885,5530316,0.0,0.0
2007-12-28,6.737610816955566,6.787445068359375,6.700234889984131,6.725152015686035,6.145589828491211,6161206,0.0,0.0
2007-12-31,6.6852850914001465,6.725152015686035,6.675317764282227,6.707709789276123,6.129650592803955,6000273,0.0,0.0
2008-01-02,6.573156833648682,6.645417213439941,6.426146030426025,6.5482401847839355,5.98392391204834,14954730,0.0,0.0
2008-01-03,6.533289909362793,6.575648784637451,6.426146030426025,6.461030006408691,5.904229640960693,11202302,0.0,0.0
2008-01-04,6.453555107116699,6.456047058105469,6.276642799377441,6.301559925079346,5.758502006530762,11501694,0.0,0.0
2008-01-07,6.2891011238098145,6.403719902038574,6.21435022354126,6.346411228179932,5.799488544464111,13028350,0.0,0.0
2008-01-08,6.343918800354004,6.366344928741455,5.945243835449219,6.124648094177246,5.596836566925049,16320453,0.0,0.0
2008-01-09,6.114680767059326,6.147072792053223,5.980127811431885,6.059863090515137,5.537634372711182,16464129,0.0,0.0
2008-01-10,5.987603187561035,6.034945964813232,5.910359859466553,5.985111236572266,5.469325065612793,12451238,0.0,0.0
2008-01-11,5.900393009185791,5.992587089538574,5.840591907501221,5.877967834472656,5.371414661407471,11238823,0.0,0.0
2008-01-14,5.905375957489014,6.1047139167785645,5.892918109893799,6.07979679107666,5.555850028991699,24602684,0.0,0.0
2008-01-15,5.992587089538574,6.007536888122559,5.877967834472656,5.937768936157227,5.42606258392334,23695680,0.0,0.0
2008-01-16,5.937768936157227,6.2891011238098145,5.9327850341796875,6.157040119171143,5.626437187194824,18876920,0.0,0.0
2008-01-17,6.117173194885254,6.1794657707214355,6.1047139167785645,6.122156143188477,5.594559192657471,17007930,0.0,0.0
2008-01-18,6.069829940795898,6.184449195861816,5.905375957489014,6.010028839111328,5.492094993591309,19949272,0.0,0.0
2008-01-22,5.8181657791137695,6.157040119171143,5.8181657791137695,5.950226783752441,5.4374470710754395,19801181,0.0,0.0
2008-01-23,5.8181657791137695,6.229300022125244,5.805707931518555,6.167006969451904,5.635544776916504,14727578,0.0,0.0
2008-01-24,6.171989917755127,6.256709098815918,6.062355041503906,6.162024021148682,5.6309919357299805,11984894,0.0,0.0
2008-01-25,6.20438289642334,6.234282970428467,6.029962062835693,6.07979679107666,5.555850028991699,9739457,0.0,0.0
2008-01-28,6.094747066497803,6.299067974090576,6.054880142211914,6.271658897399902,5.731178283691406,12850962,0.0,0.0
2008-01-29,6.2791337966918945,6.458538055419922,6.26667594909668,6.391262054443359,5.8404741287231445,15036200,0.0,0.0
2008-01-30,6.403719902038574,6.468504905700684,6.314019203186035,6.338935852050781,5.792657375335693,12983000,0.0,0.0
2008-01-31,6.241758823394775,6.560698986053467,6.20438289642334,6.463521957397461,5.90650749206543,15237266,0.0,0.0
2008-02-01,6.580633163452148,6.637941837310791,6.466012954711914,6.543257236480713,5.979371070861816,16876696,0.0,0.0
2008-02-04,6.588108062744141,6.588108062744141,6.341426849365234,6.408703804016113,5.856412887573242,9484212,0.0,0.0
2008-02-05,6.254217147827148,6.314019203186035,6.042420864105225,6.117173194885254,5.590005874633789,13980704,0.0,0.0
2008-02-06,5.755873203277588,6.002553939819336,5.671154975891113,5.691089153289795,5.20064115524292,25083476,0.0,0.0
2008-02-07,5.658696174621582,5.793249130249023,5.559027194976807,5.723481178283691,5.230241298675537,18058610,0.0,0.0
2008-02-08,5.668663024902344,5.770823955535889,5.476800918579102,5.509192943572998,5.034420490264893,20372273,0.0,0.0
2008-02-11,5.534110069274902,5.534110069274902,5.431950092315674,5.4718170166015625,5.000265598297119,16524730,0.0,0.0
2008-02-12,5.5067009925842285,5.681121826171875,5.476800918579102,5.52663516998291,5.050358772277832,12873035,0.0,0.0
2008-02-13,5.636270999908447,5.693580150604248,5.486766815185547,5.616336822509766,5.132330417633057,11470390,0.0,0.0
2008-02-14,5.596403121948242,5.6562042236328125,5.4419169425964355,5.444407939910889,4.975217819213867,8948036,0.0,0.0
2008-02-15,5.419490814208984,5.504209995269775,5.372148036956787,5.451882839202881,4.982048988342285,8821617,0.0,0.0
2008-02-19,5.499226093292236,5.539093971252441,5.359690189361572,5.399557113647461,4.934232711791992,10843915,0.0,0.0
2008-02-20,5.364673137664795,5.531618118286133,5.362181186676025,5.484275817871094,5.011650085449219,10809401,0.0,0.0
2008-02-21,5.511684894561768,5.5216522216796875,5.347230911254883,5.357198238372803,4.895523548126221,9525950,0.0,0.0
2008-02-22,5.397066116333008,5.434441089630127,5.337264060974121,5.407032012939453,4.941062927246094,10527668,0.0,0.0
2008-02-25,5.374639987945557,5.501718044281006,5.319821834564209,5.496734142303467,5.023035049438477,16589344,0.0,0.0
2008-02-26,5.501718044281006,5.725973129272461,5.481783866882324,5.688597202301025,5.198363304138184,14901353,0.0,0.0
2008-02-27,5.623812198638916,5.676137924194336,5.456867218017578,5.481783866882324,5.009373188018799,13769204,0.0,0.0
2008-02-28,5.4419169425964355,5.479291915893555,5.334773063659668,5.349722862243652,4.888693332672119,10941037,0.0,0.0
2008-02-29,5.267496109008789,5.324806213378906,4.923638820648193,4.958522796630859,4.531206130981445,27852246,0.0,0.0
2008-03-03,4.943572998046875,5.060682773590088,4.9410810470581055,5.02829122543335,4.594962120056152,16659978,0.0,0.0
2008-03-04,5.005866050720215,5.01832389831543,4.858853816986084,4.9061970710754395,4.483389377593994,16835359,0.0,0.0
2008-03-05,4.896230220794678,4.9759650230407715,4.873804092407227,4.936097145080566,4.510713577270508,13928130,0.0,0.0
2008-03-06,4.928621768951416,4.995899200439453,4.851378917694092,4.8613457679748535,4.442403793334961,16282327,0.0,0.0
2008-03-07,4.84141206741333,4.961015224456787,4.786593914031982,4.866329193115234,4.446957111358643,11630520,0.0,0.0
2008-03-10,4.853870868682861,4.9012131690979,4.7342681884765625,4.736760139465332,4.328554153442383,10162458,0.0,0.0
2008-03-11,4.806528091430664,4.876296043395996,4.761676788330078,4.871313095092773,4.451511859893799,15674715,0.0,0.0
2008-03-12,4.89373779296875,4.95603084564209,4.8264617919921875,4.848886966705322,4.431018829345703,7520909,0.0,0.0
2008-03-13,4.801544189453125,5.100551128387451,4.801544189453125,5.02829122543335,4.594962120056152,17155619,0.0,0.0
2008-03-14,5.108026027679443,5.207695007324219,4.943572998046875,5.122975826263428,4.6814866065979,28611160,0.0,0.0
2008-03-17,4.990914821624756,5.088091850280762,4.896230220794678,4.948555946350098,4.522098541259766,14183375,0.0,0.0
2008-03-18,4.958522796630859,5.157859802246094,4.9410810470581055,5.157859802246094,4.713364124298096,11066251,0.0,0.0
2008-03-19,5.192745208740234,5.250053882598877,5.060682773590088,5.060682773590088,4.624561309814453,9259066,0.0,0.0
2008-03-20,5.093076229095459,5.269988059997559,5.038258075714111,5.260021209716797,4.8067216873168945,13515965,0.0,0.0
2008-03-24,5.240087032318115,5.409523963928223,5.240087032318115,5.407032012939453,4.941062927246094,9456921,0.0,0.0
2008-03-25,5.394574165344238,5.407032012939453,5.232612133026123,5.284937858581543,4.829491138458252,10358307,0.0,0.0
2008-03-26,5.232612133026123,5.292413234710693,5.135435104370117,5.242578983306885,4.790782928466797,9865073,0.0,0.0
2008-03-27,5.245070934295654,5.294905185699463,5.1653361320495605,5.172811031341553,4.72702693939209,6722264,0.0,0.0
2008-03-28,5.282445907592773,5.282445907592773,5.0806169509887695,5.105534076690674,4.665547847747803,6651630,0.0,0.0
2008-03-31,5.2650041580200195,5.294905185699463,5.127960205078125,5.172811031341553,4.72702693939209,13412021,0.0,0.0
2008-04-01,5.235104084014893,5.2874298095703125,5.170319080352783,5.2874298095703125,4.831768035888672,11659015,0.0,0.0
2008-04-02,5.324806213378906,5.359690189361572,5.267496109008789,5.329789161682129,4.870477676391602,9323279,0.0,0.0
2008-04-03,5.312346935272217,5.4369330406188965,5.2874298095703125,5.424473762512207,4.95700216293335,9106561,0.0,0.0
2008-04-04,5.449391841888428,5.449391841888428,5.314838886260986,5.334773063659668,4.875031471252441,7226334,0.0,0.0
2008-04-07,5.349722862243652,5.4419169425964355,5.314838886260986,5.354705810546875,4.893246650695801,10215032,0.0,0.0
2008-04-08,5.309854984283447,5.344738960266113,5.210186958312988,5.284937858581543,4.829491138458252,14318623,0.0,0.0
2008-04-09,5.284937858581543,5.284937858581543,5.1155009269714355,5.1653361320495605,4.72019624710083,6507152,0.0,0.0
2008-04-10,5.177793979644775,5.297397136688232,5.175302028656006,5.2650041580200195,4.811275005340576,9212110,0.0,0.0
2008-04-11,5.317330837249756,5.317330837249756,5.108026027679443,5.132943153381348,4.6905951499938965,9444079,0.0,0.0
2008-04-14,5.108026027679443,5.175302028656006,5.070650100708008,5.085600852966309,4.647331714630127,8651052,0.0,0.0
2008-04-15,5.090583801269531,5.095567226409912,4.988422870635986,5.020815849304199,4.588130950927734,7688263,0.0,0.0
2008-04-16,5.020815849304199,5.083108901977539,4.96350622177124,5.058191776275635,4.62228536605835,10593084,0.0,0.0
2008-04-17,5.100551128387451,5.190252780914307,5.040750026702881,5.145401954650879,4.701979637145996,7434623,0.0,0.0
2008-04-18,5.274971008300781,5.327297210693359,5.187760829925537,5.304872035980225,4.847707748413086,9786814,0.0,0.0
2008-04-21,5.175302028656006,5.262513160705566,5.145401954650879,5.197728157043457,4.7497968673706055,9577320,0.0,0.0
2008-04-22,5.150384902954102,5.177793979644775,4.938589096069336,4.993406772613525,4.563084125518799,10875620,0.0,0.0
2008-04-23,5.020815849304199,5.035766124725342,4.90370512008667,4.96350622177124,4.535759449005127,11711990,0.0,0.0
2008-04-24,4.970981121063232,5.075634002685547,4.911180019378662,5.033274173736572,4.599515438079834,16463326,0.0,0.0
2008-04-25,5.038258075714111,5.0806169509887695,4.993406772613525,5.055699825286865,4.620007514953613,13897629,0.0,0.0
2008-04-28,5.083108901977539,5.090583801269531,5.025798797607422,5.088091850280762,4.649608612060547,13560914,0.0,0.0
2008-04-29,5.088091850280762,5.117992877960205,4.983439922332764,5.098059177398682,4.658716201782227,11657008,0.0,0.0
2008-04-30,5.222644805908203,5.304872035980225,5.137927055358887,5.185268878936768,4.738410949707031,21896922,0.0,0.0
2008-05-01,5.180285930633545,5.309854984283447,5.1304521560668945,5.28992223739624,4.834045886993408,18499269,0.0,0.0
2008-05-02,5.357198238372803,5.394574165344238,5.2650041580200195,5.354705810546875,4.893246650695801,17342237,0.0,0.0
2008-05-05,5.3223137855529785,5.4020490646362305,5.304872035980225,5.352214813232422,4.890970706939697,13147143,0.0,0.0
2008-05-06,5.324806213378906,5.372148036956787,5.247561931610107,5.344738960266113,4.884138107299805,11750919,0.0,0.0
2008-05-07,5.27995491027832,5.379623889923096,5.225137233734131,5.247561931610107,4.7953362464904785,10812210,0.0,0.0
2008-05-08,5.260021209716797,5.3223137855529785,5.210186958312988,5.282445907592773,4.827214241027832,11010065,0.0,0.0
2008-05-09,5.207695007324219,5.414507865905762,5.1952362060546875,5.3671650886535645,4.904631614685059,9669626,0.0,0.0
2008-05-12,5.369657039642334,5.57896089553833,5.337264060974121,5.5764689445495605,5.095898151397705,10381584,0.0,0.0
2008-05-13,5.606369972229004,5.755873203277588,5.554043769836426,5.730956077575684,5.237072467803955,18716790,0.0,0.0
2008-05-14,5.805707931518555,5.997570037841797,5.730956077575684,5.912851810455322,5.403292179107666,16657570,0.0,0.0
2008-05-15,5.88793420791626,5.955211162567139,5.843082904815674,5.907867908477783,5.398737907409668,12704477,0.0,0.0
2008-05-16,5.942751884460449,5.980127811431885,5.843082904815674,5.940260887145996,5.428339958190918,10801374,0.0,0.0
2008-05-19,5.930294036865234,6.019996166229248,5.860525131225586,5.962686061859131,5.448832035064697,6262742,0.0,0.0
2008-05-20,5.912851810455322,6.005044937133789,5.843082904815674,5.880458831787109,5.373691082000732,5574463,0.0,0.0
2008-05-21,5.910359859466553,5.922818183898926,5.788266181945801,5.803215980529785,5.303104400634766,8749378,0.0,0.0
2008-05-22,5.82564115524292,5.890426158905029,5.758365154266357,5.840591907501221,5.3372602462768555,6678921,0.0,0.0
2008-05-23,5.790757179260254,5.790757179260254,5.668663024902344,5.720989227294922,5.227964878082275,8002103,0.0,0.0
2008-05-27,5.733448028564453,5.838099956512451,5.696072101593018,5.800724029541016,5.300827503204346,6708218,0.0,0.0
2008-05-28,5.810690879821777,5.843082904815674,5.743414878845215,5.810690879821777,5.309936046600342,5941679,0.0,0.0
2008-05-29,5.743414878845215,5.9676690101623535,5.64125394821167,5.6562042236328125,5.16876220703125,23921628,0.0,0.0
2008-05-30,5.706038951873779,5.76584005355835,5.618828773498535,5.618828773498535,5.134607791900635,14896939,0.0,0.0
2008-06-02,5.628796100616455,5.663680076599121,5.409523963928223,5.504209995269775,5.029867172241211,13829804,0.0,0.0
2008-06-03,5.504209995269775,5.549059867858887,5.407032012939453,5.481783866882324,5.009373188018799,11553064,0.0,0.0
2008-06-04,5.449391841888428,5.646237850189209,5.449391841888428,5.531618118286133,5.054912567138672,10197775,0.0,0.0
2008-06-05,5.536602020263672,5.618828773498535,5.509192943572998,5.5814528465271,5.100452899932861,6347824,0.0,0.0
2008-06-06,5.546568870544434,5.57896089553833,5.282445907592773,5.28992223739624,4.834045886993408,15264155,0.0,0.0
2008-06-09,5.292413234710693,5.339756011962891,5.180285930633545,5.269988059997559,4.815829753875732,10467468,0.0,0.0
2008-06-10,5.2301201820373535,5.359690189361572,5.222644805908203,5.297397136688232,4.84087610244751,8178688,0.0,0.0
2008-06-11,5.27995491027832,5.332281112670898,5.090583801269531,5.095567226409912,4.656439781188965,11034546,0.0,0.0
2008-06-12,5.120484828948975,5.240087032318115,5.095567226409912,5.132943153381348,4.6905951499938965,9616650,0.0,0.0
2008-06-13,5.180285930633545,5.317330837249756,5.127960205078125,5.317330837249756,4.859092712402344,10396032,0.0,0.0
2008-06-16,5.297397136688232,5.407032012939453,5.255037784576416,5.359690189361572,4.897801876068115,11594401,0.0,0.0
2008-06-17,5.359690189361572,5.374639987945557,5.2650041580200195,5.294905185699463,4.83859920501709,11608447,0.0,0.0
2008-06-18,5.292413234710693,5.349722862243652,5.245070934295654,5.27995491027832,4.82493782043457,14073010,0.0,0.0
2008-06-19,5.334773063659668,5.349722862243652,5.225137233734131,5.334773063659668,4.875031471252441,12492575,0.0,0.0
2008-06-20,5.324806213378906,5.332281112670898,5.090583801269531,5.1304521560668945,4.688318729400635,17148797,0.0,0.0
2008-06-23,5.172811031341553,5.172811031341553,5.035766124725342,5.043241024017334,4.608623027801514,10754820,0.0,0.0
2008-06-24,5.033274173736572,5.063175201416016,4.931114196777344,4.9410810470581055,4.515267372131348,17188127,0.0,0.0
2008-06-25,4.983439922332764,5.1603522300720215,4.933606147766113,5.060682773590088,4.624561309814453,17501565,0.0,0.0
2008-06-26,4.983439922332764,5.02829122543335,4.871313095092773,4.871313095092773,4.451511859893799,10745991,0.0,0.0
2008-06-27,4.868821144104004,4.89373779296875,4.706859111785889,4.71931791305542,4.312615394592285,14262036,0.0,0.0
2008-06-30,4.706859111785889,4.848886966705322,4.659515857696533,4.8040361404418945,4.390032768249512,15797120,0.0,0.0
2008-07-01,4.746726989746094,4.8389201164245605,4.686924934387207,4.809020042419434,4.39458703994751,12720530,0.0,0.0
2008-07-02,4.776627063751221,4.816494941711426,4.589747905731201,4.589747905731201,4.194211006164551,13470213,0.0,0.0
2008-07-03,4.5847649574279785,4.597222805023193,4.487587928771973,4.505030155181885,4.116794586181641,8364905,0.0,0.0
2008-07-07,4.524963855743408,4.54240608215332,4.33310079574585,4.450212001800537,4.066699981689453,13560914,0.0,0.0
2008-07-08,4.417819976806641,4.5797810554504395,4.417819976806641,4.5797810554504395,4.185102939605713,9357392,0.0,0.0
2008-07-09,4.554863929748535,4.5797810554504395,4.325625896453857,4.328117847442627,3.9551284313201904,11622494,0.0,0.0
2008-07-10,4.298216819763184,4.5149970054626465,4.285758018493652,4.442737102508545,4.05987024307251,16489012,0.0,0.0
2008-07-11,4.385426998138428,4.407853126525879,4.198547840118408,4.220973968505859,3.857217311859131,20332943,0.0,0.0
2008-07-14,4.288249969482422,4.5000457763671875,4.27828311920166,4.390410900115967,4.0120530128479,26444384,0.0,0.0
2008-07-15,4.355526924133301,4.4651618003845215,4.300708770751953,4.320642948150635,3.9482970237731934,19893888,0.0,0.0
2008-07-16,4.358017921447754,4.4801130294799805,4.320642948150635,4.440245151519775,4.057592391967773,23218098,0.0,0.0
2008-07-17,4.4452290534973145,4.564830780029297,4.39290189743042,4.485095977783203,4.098577976226807,16992680,0.0,0.0
2008-07-18,4.485095977783203,4.497554779052734,4.417819976806641,4.452703952789307,4.068977355957031,13831811,0.0,0.0
2008-07-21,4.470146179199219,4.505030155181885,4.360509872436523,4.415328025817871,4.034822463989258,10145201,0.0,0.0
2008-07-22,4.380444049835205,4.539914131164551,4.358017921447754,4.532439231872559,4.141841888427734,13168414,0.0,0.0
2008-07-23,4.547389030456543,4.796560764312744,4.527454853057861,4.617156982421875,4.2192583084106445,18838794,0.0,0.0
2008-07-24,4.569815158843994,4.624631881713867,4.447720050811768,4.505030155181885,4.116794586181641,16189219,0.0,0.0
2008-07-25,4.537422180175781,4.54240608215332,4.412836074829102,4.4302778244018555,4.0484843254089355,12887885,0.0,0.0
2008-07-28,4.457686901092529,4.457686901092529,4.295724868774414,4.300708770751953,3.9300804138183594,9108568,0.0,0.0
2008-07-29,4.298216819763184,4.475129127502441,4.298216819763184,4.472637176513672,4.087193489074707,16116578,0.0,0.0
2008-07-30,4.485095977783203,4.597222805023193,4.348051071166992,4.40286922454834,4.023437976837158,14505241,0.0,0.0
2008-07-31,4.370477199554443,4.487587928771973,4.3430681228637695,4.350543022155762,3.9756202697753906,16159922,0.0,0.0
2008-08-01,4.380444049835205,4.3953938484191895,4.2234649658203125,4.298216819763184,3.9278037548065186,15707222,0.0,0.0
2008-08-04,4.298216819763184,4.40286922454834,4.248383045196533,4.340576171875,3.966512680053711,11891384,0.0,0.0
2008-08-05,4.410344123840332,4.519979953765869,4.375460147857666,4.482604026794434,4.096301555633545,17038833,0.0,0.0
2008-08-06,4.5000457763671875,4.510013103485107,4.40286922454834,4.457686901092529,4.073531627655029,12124155,0.0,0.0
2008-08-07,4.45519495010376,4.485095977783203,4.375460147857666,4.39290189743042,4.014329433441162,10886857,0.0,0.0
2008-08-08,4.3779520988464355,4.6645002365112305,4.363001823425293,4.627123832702637,4.228365898132324,15182685,0.0,0.0
2008-08-11,4.6146650314331055,4.873804092407227,4.587256908416748,4.7342681884765625,4.326276779174805,21055335,0.0,0.0
2008-08-12,4.305692195892334,4.679450035095215,4.305692195892334,4.652040958404541,4.25113582611084,20197695,0.0,0.0
2008-08-13,4.642074108123779,4.881279945373535,4.642074108123779,4.786593914031982,4.374093532562256,26171881,0.0,0.0
2008-08-14,4.607190132141113,4.821477890014648,4.522471904754639,4.784101963043213,4.371816158294678,35704654,0.0,0.0
2008-08-15,4.796560764312744,4.811511039733887,4.599715232849121,4.639583110809326,4.23975133895874,19925593,0.0,0.0
2008-08-18,4.6146650314331055,4.6669921875,4.450212001800537,4.4651618003845215,4.080361366271973,26200375,0.0,0.0
2008-08-19,4.432769775390625,4.470146179199219,4.39290189743042,4.40286922454834,4.023437976837158,39138426,0.0,0.0
2008-08-20,4.400378227233887,4.4452290534973145,4.325625896453857,4.385426998138428,4.007498264312744,159521936,0.0,0.0
2008-08-21,4.625927925109863,4.9971442222595215,4.597373008728027,4.748714923858643,4.339478969573975,20855811,0.0,1.146
2008-08-22,4.782980918884277,5.014277935028076,4.711593151092529,4.925756931304932,4.50126314163208,15647286,0.0,0.0
2008-08-25,4.925756931304932,4.954311847686768,4.743003845214844,4.9114789962768555,4.488216400146484,13440676,0.0,0.0
2008-08-26,4.940033912658691,5.031411170959473,4.711593151092529,4.971445083618164,4.5430145263671875,8982980,0.0,0.0
2008-08-27,4.991433143615723,5.0,4.877213001251221,4.897202014923096,4.4751691818237305,8544880,0.0,0.0
2008-08-28,4.951456069946289,4.951456069946289,4.714448928833008,4.822957992553711,4.407323837280273,10142843,0.0,0.0
2008-08-29,4.685894012451172,4.77155876159668,4.685894012451172,4.740148067474365,4.331650257110596,5265957,0.0,0.0
2008-09-02,4.782980918884277,4.9029130935668945,4.740148067474365,4.768703937530518,4.3577446937561035,7435446,0.0,0.0
2008-09-03,4.645916938781738,4.937179088592529,4.580239772796631,4.837235927581787,4.420371055603027,7723311,0.0,0.0
2008-09-04,4.9114789962768555,4.988577842712402,4.683038234710693,4.948600769042969,4.5221381187438965,9882644,0.0,0.0
2008-09-05,4.948600769042969,5.005711078643799,4.837235927581787,4.968588829040527,4.540404319763184,7541207,0.0,0.0
2008-09-08,5.005711078643799,5.005711078643799,4.740148067474365,4.871501922607422,4.45168399810791,6030794,0.0,0.0
2008-09-09,4.905767917633057,4.962878227233887,4.788691997528076,4.865790843963623,4.446465969085693,7625955,0.0,0.0
2008-09-10,4.937179088592529,5.025700092315674,4.822957992553711,4.885779857635498,4.464731216430664,8629628,0.0,0.0
2008-09-11,4.82866907119751,4.8829240798950195,4.714448928833008,4.765848159790039,4.355135440826416,10387983,0.0,0.0
2008-09-12,4.76013708114624,4.820103168487549,4.605938911437988,4.768703937530518,4.3577446937561035,10751840,0.0,0.0
2008-09-15,4.728725910186768,4.854369163513184,4.58880615234375,4.597373008728027,4.201179027557373,5954451,0.0,0.0
2008-09-16,4.6487717628479,4.851512908935547,4.568818092346191,4.700170993804932,4.29511833190918,8223396,0.0,0.0
2008-09-17,4.743003845214844,4.937179088592529,4.685894012451172,4.77155876159668,4.360353946685791,13117441,0.0,0.0
2008-09-18,4.720160007476807,4.9114789962768555,4.717304229736328,4.840091228485107,4.422980308532715,13906442,0.0,0.0
2008-09-19,4.985722064971924,5.114220142364502,4.743003845214844,4.885779857635498,4.464731216430664,6177178,0.0,0.0
2008-09-22,4.837235927581787,4.94574499130249,4.631639003753662,4.831524848937988,4.415152072906494,7737669,0.0,0.0
2008-09-23,5.094232082366943,5.094232082366943,4.711593151092529,4.740148067474365,4.331650257110596,7759732,0.0,0.0
2008-09-24,4.8258137702941895,4.957167148590088,4.7972588539123535,4.851512908935547,4.433417320251465,6759911,0.0,0.0
2008-09-25,4.894346237182617,5.039977073669434,4.837235927581787,4.851512908935547,4.433417320251465,7013105,0.0,0.0
2008-09-26,4.788691997528076,4.865790843963623,4.70302677154541,4.854369163513184,4.436027526855469,8223747,0.0,0.0
2008-09-29,4.734436988830566,4.854369163513184,4.243289947509766,4.243289947509766,3.877610445022583,11947773,0.0,0.0
2008-09-30,4.431753158569336,4.968588829040527,4.428897857666016,4.940033912658691,4.514309883117676,12679691,0.0,0.0
2008-10-01,4.868646144866943,4.980010986328125,4.845801830291748,4.974299907684326,4.545622825622559,8382737,0.0,0.0
2008-10-02,4.874358177185059,4.971445083618164,4.8258137702941895,4.871501922607422,4.45168399810791,5949198,0.0,0.0
2008-10-03,4.854369163513184,4.897202014923096,4.543118000030518,4.58595085144043,4.190742015838623,11478155,0.0,0.0
2008-10-06,4.451742172241211,4.57452917098999,4.308966159820557,4.557395935058594,4.164647102355957,13303047,0.0,0.0
2008-10-07,4.854369163513184,4.854369163513184,4.354653835296631,4.420331001281738,4.039394378662109,8122889,0.0,0.0
2008-10-08,4.3860650062561035,4.528841018676758,3.7892630100250244,4.220445156097412,3.856733798980713,14028662,0.0,0.0
2008-10-09,4.326098918914795,4.446031093597412,4.157623767852783,4.263278007507324,3.895876169204712,8968272,0.0,0.0
2008-10-10,4.100513935089111,4.505997180938721,4.089091777801514,4.354653835296631,3.9793777465820312,13662703,0.0,0.0
2008-10-13,4.5202741622924805,4.528841018676758,4.334665775299072,4.411765098571777,4.031566143035889,12465019,0.0,0.0
2008-10-14,4.4346089363098145,4.57452917098999,4.266133785247803,4.337521076202393,3.9637207984924316,11713840,0.0,0.0
2008-10-15,4.263278007507324,4.411765098571777,4.143346786499023,4.143346786499023,3.7862801551818848,7153185,0.0,0.0
2008-10-16,4.183323860168457,4.377499103546143,3.9520270824432373,4.320387840270996,3.9480643272399902,10912232,0.0,0.0
2008-10-17,4.2090229988098145,4.440320014953613,4.111936092376709,4.363221168518066,3.987206220626831,8064055,0.0,0.0
2008-10-20,4.4060540199279785,4.608795166015625,4.368931770324707,4.594517230987549,4.1985697746276855,4475556,0.0,0.0
2008-10-21,4.5202741622924805,4.774415016174316,4.508852005004883,4.6202168464660645,4.222054958343506,9022903,0.0,0.0
2008-10-22,4.511707782745361,4.637350082397461,4.497429847717285,4.611649990081787,4.2142252922058105,9940427,0.0,0.0
2008-10-23,4.6202168464660645,4.623073101043701,4.397487163543701,4.580239772796631,4.185522556304932,8873718,0.0,0.0
2008-10-24,4.4060540199279785,4.625927925109863,4.306110858917236,4.57452917098999,4.180304527282715,7659574,0.0,0.0
2008-10-27,4.466019153594971,4.671616077423096,4.466019153594971,4.486008167266846,4.0994110107421875,5323040,0.0,0.0
2008-10-28,4.617362022399902,4.811535835266113,4.488863945007324,4.811535835266113,4.396886348724365,8368379,0.0,0.0
2008-10-29,4.794403076171875,4.960022926330566,4.614505767822266,4.831524848937988,4.415152072906494,10431407,0.0,0.0
2008-10-30,4.877213001251221,4.948600769042969,4.688748836517334,4.734436988830566,4.326430797576904,7733817,0.0,0.0
2008-10-31,4.694459915161133,4.905767917633057,4.671616077423096,4.785837173461914,4.373401641845703,8419508,0.0,0.0
2008-11-03,4.81439208984375,4.842947006225586,4.6773271560668945,4.731582164764404,4.323822498321533,5247747,0.0,0.0
2008-11-04,4.822957992553711,4.822957992553711,4.654482841491699,4.740148067474365,4.331650257110596,9671824,0.0,0.0
2008-11-05,4.925756931304932,5.159908771514893,4.877213001251221,4.894346237182617,4.472559928894043,12822573,0.0,0.0
2008-11-06,4.808681011199951,4.971445083618164,4.7972588539123535,4.822957992553711,4.407323837280273,7804907,0.0,0.0
2008-11-07,4.82866907119751,4.920045852661133,4.691605091094971,4.751571178436279,4.3420891761779785,6030444,0.0,0.0
2008-11-10,4.854369163513184,4.868646144866943,4.497429847717285,4.557395935058594,4.164647102355957,4861827,0.0,0.0
2008-11-11,4.511707782745361,4.605938911437988,4.4717302322387695,4.557395935058594,4.164647102355957,4954980,0.0,0.0
2008-11-12,4.511707782745361,4.597373008728027,4.457452774047852,4.480297088623047,4.094192981719971,5835383,0.0,0.0
2008-11-13,4.4717302322387695,4.6773271560668945,4.360365867614746,4.674471855163574,4.271633148193359,11249124,0.0,0.0
2008-11-14,4.500286102294922,4.700170993804932,4.468874931335449,4.545973777770996,4.154209613800049,6837305,0.0,0.0
2008-11-17,4.40034294128418,4.505997180938721,4.340376853942871,4.40034294128418,4.021129131317139,6580258,0.0,0.0
2008-11-18,4.403197765350342,4.47744083404541,4.154768943786621,4.394631862640381,4.0159101486206055,9640306,0.0,0.0
2008-11-19,4.383210182189941,4.451742172241211,4.120502948760986,4.137636184692383,3.781061887741089,9041113,0.0,0.0
2008-11-20,4.131925106048584,4.283267021179199,4.000570774078369,4.066247940063477,3.715825319290161,9769179,0.0,0.0
2008-11-21,4.069102764129639,4.286121845245361,3.87207293510437,4.263278007507324,3.895876169204712,11680221,0.0,0.0
2008-11-24,4.274700164794922,4.3003997802734375,4.1147918701171875,4.286121845245361,3.9167511463165283,8413905,0.0,0.0
2008-11-25,4.274700164794922,4.311821937561035,4.157623767852783,4.286121845245361,3.9167511463165283,5934489,0.0,0.0
2008-11-26,4.194746017456055,4.34894323348999,4.186179161071777,4.286121845245361,3.9167511463165283,7769187,0.0,0.0
2008-11-28,4.2490010261535645,4.254712104797363,4.183323860168457,4.223300933837891,3.859344244003296,1694618,0.0,0.0
2008-12-01,4.137636184692383,4.191889762878418,3.9862940311431885,3.9862940311431885,3.642761707305908,4827857,0.0,0.0
2008-12-02,4.040547847747803,4.111936092376709,3.9862940311431885,4.109080791473389,3.7549667358398438,5357009,0.0,0.0
2008-12-03,4.049115180969238,4.266133785247803,4.046258926391602,4.266133785247803,3.8984861373901367,7990864,0.0,0.0
2008-12-04,4.100513935089111,4.217589855194092,3.957737922668457,4.040547847747803,3.69234037399292,6261926,0.0,0.0
2008-12-05,4.034836769104004,4.334665775299072,3.97487211227417,4.328955173492432,3.955893039703369,7421789,0.0,0.0
2008-12-08,4.380353927612305,4.440320014953613,4.2775559425354,4.394631862640381,4.0159101486206055,6714034,0.0,0.0
2008-12-09,4.4346089363098145,4.925756931304932,4.428897857666016,4.840091228485107,4.422980308532715,21001844,0.0,0.0
2008-12-10,4.854369163513184,4.891490936279297,4.737292766571045,4.765848159790039,4.355135440826416,5501642,0.0,0.0
2008-12-11,4.717304229736328,4.768703937530518,4.580239772796631,4.623073101043701,4.224664211273193,6984039,0.0,0.0
2008-12-12,4.58595085144043,4.737292766571045,4.568818092346191,4.720160007476807,4.313384056091309,6198890,0.0,0.0
2008-12-15,4.714448928833008,4.734436988830566,4.625927925109863,4.665904998779297,4.263804912567139,5398333,0.0,0.0
2008-12-16,4.688748836517334,4.800114154815674,4.674471855163574,4.774415016174316,4.362963676452637,7178400,0.0,0.0
2008-12-17,4.774415016174316,4.780126094818115,4.64306116104126,4.6487717628479,4.248147964477539,6124998,0.0,0.0
2008-12-18,4.608795166015625,4.714448928833008,4.565961837768555,4.617362022399902,4.219445705413818,9019401,0.0,0.0
2008-12-19,4.654482841491699,4.737292766571045,4.446031093597412,4.668760776519775,4.266415119171143,6467494,0.0,0.0
2008-12-22,4.645916938781738,4.645916938781738,4.503140926361084,4.6002278327941895,4.203787803649902,7215871,0.0,0.0
2008-12-23,4.58880615234375,4.625927925109863,4.500286102294922,4.543118000030518,4.151599884033203,2156532,0.0,0.0
2008-12-24,4.557395935058594,4.557395935058594,4.474586009979248,4.505997180938721,4.117677688598633,1195233,0.0,0.0
2008-12-26,4.503140926361084,4.534552097320557,4.377499103546143,4.411765098571777,4.031566143035889,3627722,0.0,0.0
2008-12-29,4.417476177215576,4.417476177215576,4.303255081176758,4.357510089874268,3.981987476348877,2275950,0.0,0.0
2008-12-30,4.297544002532959,4.505997180938721,4.286121845245361,4.503140926361084,4.115067958831787,4571861,0.0,0.0
2008-12-31,4.480297088623047,4.534552097320557,4.428897857666016,4.491718769073486,4.104630470275879,4343881,0.0,0.0
2009-01-02,4.497429847717285,4.605938911437988,4.417476177215576,4.594517230987549,4.1985697746276855,3462778,0.0,0.0
2009-01-05,4.563107013702393,4.657339096069336,4.523129940032959,4.6002278327941895,4.203787803649902,5427750,0.0,0.0
2009-01-06,4.634494781494141,4.717304229736328,4.605938911437988,4.668760776519775,4.266415119171143,7374862,0.0,0.0
2009-01-07,4.6287841796875,4.665904998779297,4.451742172241211,4.480297088623047,4.094192981719971,7301670,0.0,0.0
2009-01-08,4.4717302322387695,4.4717302322387695,4.377499103546143,4.4717302322387695,4.086363792419434,5704058,0.0,0.0
2009-01-09,4.3860650062561035,4.47744083404541,4.254712104797363,4.2775559425354,3.9089231491088867,7768837,0.0,0.0
2009-01-12,4.271844863891602,4.326098918914795,4.186179161071777,4.243289947509766,3.877610445022583,6287841,0.0,0.0
2009-01-13,4.186179161071777,4.2775559425354,4.154768943786621,4.217589855194092,3.854125499725342,5907524,0.0,0.0
2009-01-14,4.186179161071777,4.266133785247803,4.151913166046143,4.240434169769287,3.8750007152557373,5355609,0.0,0.0
2009-01-15,4.157623767852783,4.34608793258667,4.154768943786621,4.308966159820557,3.937626838684082,9479214,0.0,0.0
2009-01-16,4.343232154846191,4.423186779022217,4.266133785247803,4.323244094848633,3.950674295425415,10027977,0.0,0.0
2009-01-20,4.314676761627197,4.397487163543701,4.211878776550293,4.217589855194092,3.854125499725342,7901212,0.0,0.0
2009-01-21,4.234723091125488,4.29183292388916,4.177612781524658,4.283267021179199,3.9141428470611572,6888084,0.0,0.0
2009-01-22,4.2290120124816895,4.317533016204834,4.2004570960998535,4.254712104797363,3.888047933578491,5340550,0.0,0.0
2009-01-23,4.203311920166016,4.311821937561035,4.203311920166016,4.283267021179199,3.9141428470611572,8102227,0.0,0.0
2009-01-26,4.2804107666015625,4.317533016204834,4.206168174743652,4.251855850219727,3.8854382038116455,6827149,0.0,0.0
2009-01-27,4.234723091125488,4.3003997802734375,4.223300933837891,4.288978099822998,3.919361114501953,7441050,0.0,0.0
2009-01-28,4.334665775299072,4.337521076202393,4.240434169769287,4.311821937561035,3.940236806869507,8756401,0.0,0.0
2009-01-29,4.311821937561035,4.3860650062561035,4.251855850219727,4.271844863891602,3.9037044048309326,4841865,0.0,0.0
2009-01-30,4.311821937561035,4.34894323348999,4.17475700378418,4.197600841522217,3.8358590602874756,5795110,0.0,0.0
2009-02-02,4.186179161071777,4.283267021179199,4.134779930114746,4.257566928863525,3.8906569480895996,4539993,0.0,0.0
2009-02-03,4.308966159820557,4.374642848968506,4.126214027404785,4.206168174743652,3.8436877727508545,11490762,0.0,0.0
2009-02-04,4.2004570960998535,4.263278007507324,4.0148491859436035,4.034836769104004,3.6871213912963867,14921672,0.0,0.0
2009-02-05,4.057681083679199,4.097658157348633,3.9948599338531494,4.046258926391602,3.6975595951080322,9278549,0.0,0.0
2009-02-06,4.071959018707275,4.323244094848633,4.071959018707275,4.223300933837891,3.859344244003296,11569908,0.0,0.0
2009-02-09,4.211878776550293,4.294689178466797,4.131925106048584,4.2775559425354,3.9089231491088867,9552405,0.0,0.0
2009-02-10,4.246144771575928,4.294689178466797,4.109080791473389,4.143346786499023,3.7862801551818848,12155442,0.0,0.0
2009-02-11,4.103370189666748,4.246144771575928,4.057681083679199,4.091947078704834,3.7393100261688232,8168065,0.0,0.0
2009-02-12,4.246144771575928,4.343232154846191,4.197600841522217,4.311821937561035,3.940236806869507,13660251,0.0,0.0
2009-02-13,4.294689178466797,4.331809997558594,4.254712104797363,4.297544002532959,3.9271891117095947,7577628,0.0,0.0
2009-02-17,4.260423183441162,4.29183292388916,4.146202087402344,4.220445156097412,3.856733798980713,8769358,0.0,0.0
2009-02-18,4.2290120124816895,4.257566928863525,4.137636184692383,4.226156234741211,3.861953020095825,7540857,0.0,0.0
2009-02-19,4.226156234741211,4.2804107666015625,4.103370189666748,4.134779930114746,3.778451681137085,7348247,0.0,0.0
2009-02-20,4.154768943786621,4.371788024902344,4.0748138427734375,4.297544002532959,3.9271891117095947,15095721,0.0,0.0
2009-02-23,4.297544002532959,4.357510089874268,4.260423183441162,4.260423183441162,3.8932676315307617,8072460,0.0,0.0
2009-02-24,4.271844863891602,4.451742172241211,4.211878776550293,4.408908843994141,4.028956890106201,7368908,0.0,0.0
2009-02-25,4.457452774047852,4.457452774047852,4.246144771575928,4.317533016204834,3.945456027984619,7800705,0.0,0.0
2009-02-26,4.334665775299072,4.411765098571777,4.237578868865967,4.254712104797363,3.888047933578491,5736276,0.0,0.0
2009-02-27,4.211878776550293,4.328955173492432,4.211878776550293,4.263278007507324,3.895876169204712,6582009,0.0,0.0
2009-03-02,4.271844863891602,4.308966159820557,4.2090229988098145,4.226156234741211,3.861953020095825,6276284,0.0,0.0
2009-03-03,4.2490010261535645,4.314676761627197,4.117647171020508,4.149057865142822,3.791499137878418,8766557,0.0,0.0
2009-03-04,4.166191101074219,4.226156234741211,4.123357772827148,4.143346786499023,3.7862801551818848,6649247,0.0,0.0
2009-03-05,4.109080791473389,4.149057865142822,4.0434041023254395,4.069102764129639,3.7184343338012695,6281537,0.0,0.0
2009-03-06,4.080524921417236,4.129068851470947,3.9520270824432373,4.029126167297363,3.681903123855591,15024981,0.0,0.0
2009-03-09,4.000570774078369,4.060536861419678,3.8035409450531006,3.843518018722534,3.5122907161712646,12576032,0.0,0.0
2009-03-10,3.869218111038208,4.020559787750244,3.777841091156006,4.017704010009766,3.6714651584625244,9387811,0.0,0.0
2009-03-11,4.017704010009766,4.0519700050354,3.957737922668457,3.9920051097869873,3.6479811668395996,6478700,0.0,0.0
2009-03-12,3.929183006286621,4.100513935089111,3.929183006286621,4.0748138427734375,3.7236530780792236,6628936,0.0,0.0
2009-03-13,4.071959018707275,4.171902179718018,4.0234150886535645,4.166191101074219,3.8071553707122803,6504965,0.0,0.0
2009-03-16,4.077670097351074,4.223300933837891,4.077670097351074,4.134779930114746,3.778451681137085,5166501,0.0,0.0
2009-03-17,4.169045925140381,4.2804107666015625,4.134779930114746,4.274700164794922,3.90631365776062,4922761,0.0,0.0
2009-03-18,4.283267021179199,4.314676761627197,4.194746017456055,4.254712104797363,3.888047933578491,8695466,0.0,0.0
2009-03-19,4.274700164794922,4.320387840270996,4.237578868865967,4.306110858917236,3.9350175857543945,6842908,0.0,0.0
2009-03-20,4.314676761627197,4.314676761627197,4.140491008758545,4.203311920166016,3.8410778045654297,11728548,0.0,0.0
2009-03-23,4.283267021179199,4.297544002532959,4.2090229988098145,4.254712104797363,3.888047933578491,9231622,0.0,0.0
2009-03-24,4.231867790222168,4.246144771575928,4.154768943786621,4.2004570960998535,3.8384695053100586,5529658,0.0,0.0
2009-03-25,4.206168174743652,4.2775559425354,4.16048002243042,4.2490010261535645,3.8828296661376953,5565028,0.0,0.0
2009-03-26,4.443174839019775,4.568818092346191,4.388920783996582,4.528841018676758,4.138552665710449,9891049,0.0,0.0
2009-03-27,4.483151912689209,4.528841018676758,4.374642848968506,4.391776084899902,4.01330041885376,8468186,0.0,0.0
2009-03-30,4.340376853942871,4.394631862640381,4.2775559425354,4.351799011230469,3.976768732070923,6292744,0.0,0.0
2009-03-31,4.357510089874268,4.383210182189941,4.2775559425354,4.34894323348999,3.97415828704834,7753428,0.0,0.0
2009-04-01,4.320387840270996,4.486008167266846,4.314676761627197,4.468874931335449,4.083754539489746,4796339,0.0,0.0
2009-04-02,4.494575023651123,4.583095073699951,4.420331001281738,4.51741886138916,4.128115653991699,6396053,0.0,0.0
2009-04-03,4.528841018676758,4.560251235961914,4.483151912689209,4.543118000030518,4.151599884033203,3295382,0.0,0.0
2009-04-06,4.474586009979248,4.617362022399902,4.460308074951172,4.608795166015625,4.211617469787598,5491836,0.0,0.0
2009-04-07,4.5716729164123535,4.594517230987549,4.494575023651123,4.523129940032959,4.133334159851074,3495346,0.0,0.0
2009-04-08,4.57452917098999,4.605938911437988,4.525984764099121,4.58880615234375,4.193349838256836,3047791,0.0,0.0
2009-04-09,4.637350082397461,4.723014831542969,4.594517230987549,4.714448928833008,4.308165073394775,4147769,0.0,0.0
2009-04-13,4.663050174713135,4.76013708114624,4.651628017425537,4.740148067474365,4.331650257110596,2896854,0.0,0.0
2009-04-14,4.6973161697387695,4.748714923858643,4.6402058601379395,4.691605091094971,4.287290573120117,3532467,0.0,0.0
2009-04-15,4.64306116104126,4.6973161697387695,4.58595085144043,4.654482841491699,4.2533674240112305,2352644,0.0,0.0
2009-04-16,4.714448928833008,4.840091228485107,4.671616077423096,4.800114154815674,4.386448860168457,4387306,0.0,0.0
2009-04-17,4.774415016174316,4.811535835266113,4.685894012451172,4.765848159790039,4.355135440826416,7059682,0.0,0.0
2009-04-20,4.680182933807373,4.734436988830566,4.605938911437988,4.623073101043701,4.224664211273193,8412154,0.0,0.0
2009-04-21,4.614505767822266,4.700170993804932,4.568818092346191,4.654482841491699,4.2533674240112305,6508117,0.0,0.0
2009-04-22,4.614505767822266,4.700170993804932,4.568818092346191,4.611649990081787,4.2142252922058105,5201170,0.0,0.0
2009-04-23,4.597373008728027,4.617362022399902,4.474586009979248,4.605938911437988,4.2090067863464355,5680944,0.0,0.0
2009-04-24,4.594517230987549,4.734436988830566,4.563107013702393,4.6773271560668945,4.274243354797363,4347383,0.0,0.0
2009-04-27,4.580239772796631,4.645916938781738,4.525984764099121,4.545973777770996,4.154209613800049,7653271,0.0,0.0
2009-04-28,4.5402631759643555,4.6402058601379395,4.523129940032959,4.557395935058594,4.164647102355957,5724719,0.0,0.0
2009-04-29,4.548829078674316,4.897202014923096,4.548829078674316,4.754426002502441,4.344697952270508,11069822,0.0,0.0
2009-04-30,4.785837173461914,4.805825233459473,4.5716729164123535,4.57452917098999,4.180304527282715,9168236,0.0,0.0
2009-05-01,4.58595085144043,4.5916619300842285,4.560251235961914,4.577383995056152,4.182912826538086,5939742,0.0,0.0
2009-05-04,4.6002278327941895,4.64306116104126,4.523129940032959,4.577383995056152,4.182912826538086,6351928,0.0,0.0
2009-05-05,4.583095073699951,4.625927925109863,4.563107013702393,4.577383995056152,4.182912826538086,8209388,0.0,0.0
2009-05-06,4.5916619300842285,4.625927925109863,4.486008167266846,4.560251235961914,4.167256832122803,10944100,0.0,0.0
2009-05-07,4.577383995056152,4.58880615234375,4.500286102294922,4.528841018676758,4.138552665710449,5762891,0.0,0.0
2009-05-08,4.551684856414795,4.611649990081787,4.500286102294922,4.508852005004883,4.120286464691162,5105916,0.0,0.0
2009-05-11,4.437464237213135,4.5716729164123535,4.426042079925537,4.525984764099121,4.135943412780762,5793008,0.0,0.0
2009-05-12,4.548829078674316,4.548829078674316,4.420331001281738,4.468874931335449,4.083754539489746,7664827,0.0,0.0
2009-05-13,4.440320014953613,4.480297088623047,4.314676761627197,4.326098918914795,3.9532835483551025,7819966,0.0,0.0
2009-05-14,4.328955173492432,4.3860650062561035,4.311821937561035,4.326098918914795,3.9532835483551025,4399563,0.0,0.0
2009-05-15,4.311821937561035,4.311821937561035,4.251855850219727,4.268989086151123,3.901095390319824,5023969,0.0,0.0
2009-05-18,4.246144771575928,4.366076946258545,4.243289947509766,4.360365867614746,3.9845969676971436,4503922,0.0,0.0
2009-05-19,4.320387840270996,4.428897857666016,4.2804107666015625,4.371788024902344,3.99503493309021,6310954,0.0,0.0
2009-05-20,4.371788024902344,4.500286102294922,4.331809997558594,4.443174839019775,4.060269832611084,6434575,0.0,0.0
2009-05-21,4.403197765350342,4.508852005004883,4.374642848968506,4.394631862640381,4.0159101486206055,6224805,0.0,0.0
2009-05-22,4.411765098571777,4.494575023651123,4.394631862640381,4.417476177215576,4.036785125732422,5224984,0.0,0.0
2009-05-26,4.354653835296631,4.597373008728027,4.34608793258667,4.580239772796631,4.185522556304932,7977556,0.0,0.0
2009-05-27,4.5402631759643555,4.683038234710693,4.5402631759643555,4.577383995056152,4.182912826538086,7721560,0.0,0.0
2009-05-28,4.625927925109863,4.694459915161133,4.563107013702393,4.608795166015625,4.211617469787598,6361033,0.0,0.0
2009-05-29,4.603084087371826,4.64306116104126,4.577383995056152,4.625927925109863,4.227272987365723,10626819,0.0,0.0
2009-06-01,4.645916938781738,4.754426002502441,4.614505767822266,4.731582164764404,4.323822498321533,8925547,0.0,0.0
2009-06-02,4.728725910186768,4.7772698402404785,4.6773271560668945,4.6773271560668945,4.274243354797363,6955672,0.0,0.0
2009-06-03,4.671616077423096,4.751571178436279,4.545973777770996,4.560251235961914,4.167256832122803,12875103,0.0,0.0
2009-06-04,4.551684856414795,4.6287841796875,4.5402631759643555,4.603084087371826,4.206397533416748,7785997,0.0,0.0
2009-06-05,4.663050174713135,4.694459915161133,4.565961837768555,4.657339096069336,4.255977153778076,8942707,0.0,0.0
2009-06-08,4.654482841491699,4.70302677154541,4.608795166015625,4.6287841796875,4.229883670806885,9708244,0.0,0.0
2009-06-09,4.6402058601379395,4.728725910186768,4.603084087371826,4.708737850189209,4.3029465675354,5209575,0.0,0.0
2009-06-10,4.720160007476807,4.82866907119751,4.671616077423096,4.780126094818115,4.36818265914917,13421765,0.0,0.0
2009-06-11,4.785837173461914,4.8258137702941895,4.717304229736328,4.7258710861206055,4.318603992462158,7614749,0.0,0.0
2009-06-12,4.7058820724487305,4.743003845214844,4.240434169769287,4.685894012451172,4.282071590423584,10123582,0.0,0.0
2009-06-15,4.637350082397461,4.660193920135498,4.57452917098999,4.651628017425537,4.250758647918701,9820659,0.0,0.0
2009-06-16,4.6487717628479,4.7258710861206055,4.548829078674316,4.64306116104126,4.2429304122924805,8337912,0.0,0.0
2009-06-17,4.685894012451172,4.714448928833008,4.594517230987549,4.663050174713135,4.261196136474609,9967042,0.0,0.0
2009-06-18,4.637350082397461,4.694459915161133,4.611649990081787,4.654482841491699,4.2533674240112305,5186812,0.0,0.0
2009-06-19,4.64306116104126,4.740148067474365,4.634494781494141,4.6973161697387695,4.29250955581665,8830293,0.0,0.0
2009-06-22,4.6287841796875,4.6773271560668945,4.543118000030518,4.557395935058594,4.164647102355957,14693341,0.0,0.0
2009-06-23,4.563107013702393,4.583095073699951,4.503140926361084,4.523129940032959,4.133334159851074,10382730,0.0,0.0
2009-06-24,4.528841018676758,4.577383995056152,4.5202741622924805,4.557395935058594,4.164647102355957,9247031,0.0,0.0
2009-06-25,4.53169584274292,4.580239772796631,4.53169584274292,4.537406921386719,4.14638090133667,12898917,0.0,0.0
2009-06-26,4.503140926361084,4.583095073699951,4.503140926361084,4.548829078674316,4.156818866729736,13195886,0.0,0.0
2009-06-29,4.545973777770996,4.605938911437988,4.500286102294922,4.548829078674316,4.156818866729736,10288876,0.0,0.0
2009-06-30,4.580239772796631,4.603084087371826,4.500286102294922,4.583095073699951,4.188132286071777,13683715,0.0,0.0
2009-07-01,4.614505767822266,4.6973161697387695,4.597373008728027,4.64306116104126,4.2429304122924805,7899461,0.0,0.0
2009-07-02,4.605938911437988,4.64306116104126,4.554540157318115,4.5916619300842285,4.195960521697998,6719638,0.0,0.0
2009-07-06,4.58595085144043,4.645916938781738,4.583095073699951,4.608795166015625,4.211617469787598,7752377,0.0,0.0
2009-07-07,4.5916619300842285,4.617362022399902,4.505997180938721,4.511707782745361,4.122896671295166,6176127,0.0,0.0
2009-07-08,4.537406921386719,4.580239772796631,4.46316385269165,4.480297088623047,4.094192981719971,9856729,0.0,0.0
2009-07-09,4.497429847717285,4.551684856414795,4.448885917663574,4.508852005004883,4.120286464691162,6089278,0.0,0.0
2009-07-10,4.488863945007324,4.554540157318115,4.47744083404541,4.5202741622924805,4.1307244300842285,5578686,0.0,0.0
2009-07-13,4.53169584274292,4.623073101043701,4.474586009979248,4.6002278327941895,4.203787803649902,8369780,0.0,0.0
2009-07-14,4.577383995056152,4.660193920135498,4.565961837768555,4.6287841796875,4.229883670806885,9160181,0.0,0.0
2009-07-15,4.64306116104126,4.780126094818115,4.64306116104126,4.77155876159668,4.360353946685791,6117644,0.0,0.0
2009-07-16,4.774415016174316,4.851512908935547,4.7458600997924805,4.831524848937988,4.415152072906494,7182952,0.0,0.0
2009-07-17,4.845801830291748,4.845801830291748,4.737292766571045,4.802969932556152,4.389057636260986,11037604,0.0,0.0
2009-07-20,4.7972588539123535,4.942890167236328,4.780126094818115,4.9314680099487305,4.50648307800293,10365920,0.0,0.0
2009-07-21,4.934322834014893,5.008566856384277,4.891490936279297,5.008566856384277,4.5769362449646,13172073,0.0,0.0
2009-07-22,4.994288921356201,5.105653762817383,4.942890167236328,5.085665225982666,4.647391319274902,9013448,0.0,0.0
2009-07-23,5.057109832763672,5.24271821975708,5.037121772766113,5.148487091064453,4.704798698425293,10018171,0.0,0.0
2009-07-24,5.108509063720703,5.159908771514893,5.102797985076904,5.114220142364502,4.67348575592041,7639263,0.0,0.0
2009-07-27,5.331239223480225,5.3512282371521,5.139920234680176,5.154198169708252,4.710017681121826,17276767,0.0,0.0
2009-07-28,5.168475151062012,5.214162826538086,5.102797985076904,5.114220142364502,4.67348575592041,13787374,0.0,0.0
2009-07-29,5.079954147338867,5.214162826538086,5.048543930053711,5.142776012420654,4.699580192565918,11626290,0.0,0.0
2009-07-30,5.231296062469482,5.35693883895874,5.211308002471924,5.2741289138793945,4.819613456726074,13174174,0.0,0.0
2009-07-31,5.279839992523193,5.3797831535339355,5.251285076141357,5.256996154785156,4.803956508636475,8135146,0.0,0.0
2009-08-03,5.2741289138793945,5.365505218505859,5.259851932525635,5.288406848907471,4.832661151885986,6309904,0.0,0.0
2009-08-04,5.279839992523193,5.325528144836426,5.211308002471924,5.231296062469482,4.780472278594971,6691271,0.0,0.0
2009-08-05,5.262707233428955,5.29697322845459,5.111364841461182,5.177042007446289,4.730893611907959,8932902,0.0,0.0
2009-08-06,5.1741862297058105,5.259851932525635,5.128498077392578,5.23986291885376,4.78830099105835,8947260,0.0,0.0
2009-08-07,5.285551071166992,5.354083061218262,5.268417835235596,5.279839992523193,4.824832439422607,4244424,0.0,0.0
2009-08-10,5.259851932525635,5.305540084838867,5.248428821563721,5.282695770263672,4.827442646026611,3565036,0.0,0.0
2009-08-11,5.245573997497559,5.259851932525635,5.197030067443848,5.22844123840332,4.777863025665283,3758697,0.0,0.0
2009-08-12,5.219873905181885,5.342660903930664,5.214162826538086,5.276985168457031,4.822224140167236,5929586,0.0,0.0
2009-08-13,5.319817066192627,5.35693883895874,5.219873905181885,5.3512282371521,4.890069484710693,10457672,0.0,0.0
2009-08-14,5.314105987548828,5.35693883895874,5.248428821563721,5.3512282371521,4.890069484710693,6628586,0.0,0.0
2009-08-17,5.308394908905029,5.308394908905029,5.22844123840332,5.2541399002075195,4.801346778869629,5778650,0.0,0.0
2009-08-18,5.262707233428955,5.311251163482666,5.231296062469482,5.299829006195068,4.843099117279053,3905080,0.0,0.0
2009-08-19,5.285551071166992,5.454026222229004,5.259851932525635,5.416904926300049,4.950085639953613,9017300,0.0,0.0
2009-08-20,5.376926898956299,5.451170921325684,5.374072074890137,5.416904926300049,4.950085639953613,6895438,0.0,0.0
2009-08-21,5.462593078613281,5.5853800773620605,5.405482769012451,5.568246841430664,5.088385105133057,9043215,0.0,0.0
2009-08-24,5.542547225952148,5.5853800773620605,5.42547082901001,5.436892986297607,4.968350887298584,4541394,0.0,0.0
2009-08-25,5.4283270835876465,5.533980846405029,5.394061088562012,5.4797258377075195,5.007493019104004,6244066,0.0,0.0
2009-08-26,5.496859073638916,5.505424976348877,5.374072074890137,5.431181907653809,4.963131904602051,7336690,0.0,0.0
2009-08-27,5.445459842681885,5.445459842681885,5.336949825286865,5.396915912628174,4.931818962097168,6769366,0.0,0.0
2009-08-28,5.431181907653809,5.462593078613281,5.308394908905029,5.328383922576904,4.869193077087402,7847282,0.0,0.0
2009-08-31,5.308394908905029,5.365505218505859,5.248428821563721,5.288406848907471,4.832661151885986,10697910,0.0,0.0
2009-09-01,5.299829006195068,5.485436916351318,5.231296062469482,5.29697322845459,4.840488910675049,12064390,0.0,0.0
2009-09-02,5.256996154785156,5.3226728439331055,5.22844123840332,5.234151840209961,4.783082485198975,3650485,0.0,0.0
2009-09-03,5.245573997497559,5.279839992523193,5.18560791015625,5.2741289138793945,4.819613456726074,3188571,0.0,0.0
2009-09-04,5.282695770263672,5.3712158203125,5.231296062469482,5.362649917602539,4.900505542755127,2984755,0.0,0.0
2009-09-08,5.374072074890137,5.422616004943848,5.3226728439331055,5.419760227203369,4.952695369720459,4149170,0.0,0.0
2009-09-09,5.419760227203369,5.596802234649658,5.391204833984375,5.5653910636901855,5.085775375366211,10931493,0.0,0.0
2009-09-10,5.551114082336426,5.596802234649658,5.508281230926514,5.576813220977783,5.096213340759277,10145644,0.0,0.0
2009-09-11,5.5853800773620605,5.5853800773620605,5.494002819061279,5.502570152282715,5.02836799621582,8514413,0.0,0.0
2009-09-14,5.496859073638916,5.591091156005859,5.451170921325684,5.539691925048828,5.062290668487549,4282246,0.0,0.0
2009-09-15,5.516848087310791,5.773843765258789,5.516848087310791,5.762421131134033,5.2658257484436035,10003463,0.0,0.0
2009-09-16,5.728155136108398,5.902341842651367,5.6996002197265625,5.902341842651367,5.393687725067139,10091013,0.0,0.0
2009-09-17,5.902341842651367,5.9480299949646,5.813820838928223,5.870931148529053,5.364984035491943,8091371,0.0,0.0
2009-09-18,5.916618824005127,5.959452152252197,5.836665153503418,5.916618824005127,5.406734466552734,9397617,0.0,0.0
2009-09-21,5.916618824005127,5.930897235870361,5.828097820281982,5.890919208526611,5.3832502365112305,6742401,0.0,0.0
2009-09-22,5.902341842651367,5.936607837677002,5.830954074859619,5.850942134857178,5.346717357635498,7300970,0.0,0.0
2009-09-23,5.853797912597656,6.076528072357178,5.848086833953857,5.950884819030762,5.438048362731934,13147208,0.0,0.0
2009-09-24,6.01085090637207,6.056539058685303,5.853797912597656,5.896629810333252,5.388468265533447,6490257,0.0,0.0
2009-09-25,5.930897235870361,5.996572971343994,5.822387218475342,5.836665153503418,5.333672046661377,11537339,0.0,0.0
2009-09-28,5.836665153503418,5.993718147277832,5.810965061187744,5.959452152252197,5.445876598358154,9986653,0.0,0.0
2009-09-29,5.939463138580322,5.945174217224121,5.748144149780273,5.765276908874512,5.268435478210449,10279070,0.0,0.0
2009-09-30,5.765276908874512,5.802399158477783,5.659623146057129,5.765276908874512,5.268435478210449,9572717,0.0,0.0
2009-10-01,5.7224440574646,5.868074893951416,5.602512836456299,5.608223915100098,5.124917030334473,6044802,0.0,0.0
2009-10-02,5.568246841430664,5.576813220977783,5.462593078613281,5.476870059967041,5.0048828125,9555907,0.0,0.0
2009-10-05,5.511136054992676,5.622500896453857,5.46830415725708,5.496859073638916,5.023149013519287,4766222,0.0,0.0
2009-10-06,5.508281230926514,5.591091156005859,5.496859073638916,5.579668998718262,5.098822593688965,7414434,0.0,0.0
2009-10-07,5.553968906402588,5.5853800773620605,5.442604064941406,5.52255916595459,5.046635150909424,7995766,0.0,0.0
2009-10-08,5.539691925048828,5.5653910636901855,5.41119384765625,5.422616004943848,4.95530366897583,8390092,0.0,0.0
2009-10-09,5.402626991271973,5.4797258377075195,5.3997721672058105,5.445459842681885,4.976180076599121,4806495,0.0,0.0
2009-10-12,5.476870059967041,5.499713897705078,5.396915912628174,5.434038162231445,4.965741157531738,3597955,0.0,0.0
2009-10-13,5.4283270835876465,5.485436916351318,5.402626991271973,5.465447902679443,4.994445323944092,4723498,0.0,0.0
2009-10-14,5.48258113861084,5.485436916351318,5.41119384765625,5.436892986297607,4.968350887298584,4373648,0.0,0.0
2009-10-15,5.41119384765625,5.474015235900879,5.4083380699157715,5.462593078613281,4.991837024688721,5721217,0.0,0.0
2009-10-16,5.434038162231445,5.494002819061279,5.41404914855957,5.431181907653809,4.963131904602051,7652921,0.0,0.0
2009-10-19,5.436892986297607,5.48258113861084,5.416904926300049,5.476870059967041,5.0048828125,7827320,0.0,0.0
2009-10-20,5.476870059967041,5.499713897705078,5.42547082901001,5.4797258377075195,5.007493019104004,5151442,0.0,0.0
2009-10-21,5.454026222229004,5.533980846405029,5.35693883895874,5.35693883895874,4.89528751373291,8842900,0.0,0.0
2009-10-22,5.3712158203125,5.5282697677612305,5.339806079864502,5.516848087310791,5.041415214538574,9355593,0.0,0.0
2009-10-23,5.48258113861084,5.5282697677612305,5.3797831535339355,5.42547082901001,4.957912921905518,6513720,0.0,0.0
2009-10-26,5.394061088562012,5.576813220977783,5.394061088562012,5.525413990020752,5.049242973327637,13937960,0.0,0.0
2009-10-27,5.676755905151367,5.928040981292725,5.448315143585205,5.494002819061279,5.020538806915283,22670197,0.0,0.0
2009-10-28,5.519702911376953,5.5282697677612305,5.3597941398620605,5.368360996246338,4.905725002288818,10926940,0.0,0.0
2009-10-29,5.431181907653809,5.4797258377075195,5.41119384765625,5.4283270835876465,4.9605231285095215,9823460,0.0,0.0
2009-10-30,5.434038162231445,5.442604064941406,5.3797831535339355,5.4083380699157715,4.942256927490234,12315133,0.0,0.0
2009-11-02,5.405482769012451,5.448315143585205,5.3597941398620605,5.431181907653809,4.963131904602051,11019743,0.0,0.0
2009-11-03,5.42547082901001,5.442604064941406,5.391204833984375,5.439748764038086,4.970961093902588,7313927,0.0,0.0
2009-11-04,5.46830415725708,5.485436916351318,5.41119384765625,5.419760227203369,4.952695369720459,13037596,0.0,0.0
2009-11-05,5.4283270835876465,5.508281230926514,5.416904926300049,5.465447902679443,4.994445323944092,11036203,0.0,0.0
2009-11-06,5.431181907653809,5.516848087310791,5.419760227203369,5.502570152282715,5.02836799621582,8267171,0.0,0.0
2009-11-09,5.513991832733154,5.616789817810059,5.488292217254639,5.59965705871582,5.117088317871094,8653442,0.0,0.0
2009-11-10,5.579668998718262,5.636778831481934,5.562535762786865,5.611079216003418,5.127525806427002,7112562,0.0,0.0
2009-11-11,5.616789817810059,5.668190002441406,5.573957920074463,5.631068229675293,5.1457929611206055,9100297,0.0,0.0
2009-11-12,5.611079216003418,5.693889141082764,5.596802234649658,5.616789817810059,5.132744789123535,8310596,0.0,0.0
2009-11-13,5.611079216003418,5.659623146057129,5.571102142333984,5.602512836456299,5.1196980476379395,5516000,0.0,0.0
2009-11-16,5.608223915100098,5.713878154754639,5.608223915100098,5.691033840179443,5.20059061050415,6687419,0.0,0.0
2009-11-17,5.659623146057129,5.745287895202637,5.628211975097656,5.728155136108398,5.234512805938721,4351235,0.0,0.0
2009-11-18,5.713878154754639,5.725299835205078,5.622500896453857,5.648200988769531,5.1614484786987305,4485011,0.0,0.0
2009-11-19,5.622500896453857,5.636778831481934,5.556825160980225,5.59965705871582,5.117088317871094,4373998,0.0,0.0
2009-11-20,5.551114082336426,5.616789817810059,5.531125068664551,5.542547225952148,5.064899921417236,6180330,0.0,0.0
2009-11-23,5.616789817810059,5.711021900177002,5.579668998718262,5.702455997467041,5.211028099060059,9160882,0.0,0.0
2009-11-24,5.688178062438965,5.70816707611084,5.636778831481934,5.691033840179443,5.20059061050415,5316736,0.0,0.0
2009-11-25,5.696744918823242,5.705310821533203,5.625357151031494,5.636778831481934,5.151010513305664,5663785,0.0,0.0
2009-11-27,5.499713897705078,5.588234901428223,5.442604064941406,5.548257827758789,5.070118427276611,4047962,0.0,0.0
2009-11-30,5.52255916595459,5.573957920074463,5.499713897705078,5.553968906402588,5.075336933135986,9727155,0.0,0.0
2009-12-01,5.59965705871582,5.616789817810059,5.519702911376953,5.545403003692627,5.067509174346924,8117286,0.0,0.0
2009-12-02,5.553968906402588,5.559679985046387,5.46830415725708,5.488292217254639,5.015320777893066,6022389,0.0,0.0
2009-12-03,5.502570152282715,5.531125068664551,5.42547082901001,5.42547082901001,4.957912921905518,4993502,0.0,0.0
2009-12-04,5.4797258377075195,5.525413990020752,5.42547082901001,5.445459842681885,4.976180076599121,11601776,0.0,0.0
2009-12-07,5.439748764038086,5.465447902679443,5.416904926300049,5.42547082901001,4.957912921905518,10214283,0.0,0.0
2009-12-08,5.41404914855957,5.505424976348877,5.382637977600098,5.46830415725708,4.9970550537109375,8391843,0.0,0.0
2009-12-09,5.448315143585205,5.4597368240356445,5.394061088562012,5.422616004943848,4.95530366897583,6164921,0.0,0.0
2009-12-10,5.471158981323242,5.505424976348877,5.402626991271973,5.42547082901001,4.957912921905518,6784074,0.0,0.0
2009-12-11,5.451170921325684,5.451170921325684,5.376926898956299,5.422616004943848,4.95530366897583,4519331,0.0,0.0
2009-12-14,5.439748764038086,5.511136054992676,5.405482769012451,5.511136054992676,5.036195755004883,5101363,0.0,0.0
2009-12-15,5.513991832733154,5.539691925048828,5.419760227203369,5.4283270835876465,4.9605231285095215,8386239,0.0,0.0
2009-12-16,5.445459842681885,5.591091156005859,5.445459842681885,5.494002819061279,5.020538806915283,7570273,0.0,0.0
2009-12-17,5.502570152282715,5.52255916595459,5.434038162231445,5.434038162231445,4.965741157531738,8271724,0.0,0.0
2009-12-18,5.439748764038086,5.591091156005859,5.422616004943848,5.591091156005859,5.109260559082031,25542537,0.0,0.0
2009-12-21,5.596802234649658,5.662478923797607,5.582523822784424,5.631068229675293,5.1457929611206055,7420738,0.0,0.0
2009-12-22,5.65105676651001,5.665334224700928,5.608223915100098,5.645346164703369,5.158840656280518,3262813,0.0,0.0
2009-12-23,5.645346164703369,5.733866214752197,5.628211975097656,5.716732978820801,5.224074840545654,3660641,0.0,0.0
2009-12-24,5.711021900177002,5.745287895202637,5.639634132385254,5.65105676651001,5.164058685302734,1935555,0.0,0.0
2009-12-28,5.682466983795166,5.810965061187744,5.671044826507568,5.805253982543945,5.304966449737549,4166329,0.0,0.0
2009-12-29,5.785265922546387,5.833808898925781,5.779554843902588,5.796688079833984,5.297139644622803,3359118,0.0,0.0
2009-12-30,5.796688079833984,5.945174217224121,5.796688079833984,5.945174217224121,5.4328293800354,4368395,0.0,0.0
2009-12-31,5.9251861572265625,5.988007068634033,5.848086833953857,5.848086833953857,5.344109058380127,2656267,0.0,0.0
2010-01-04,5.890919208526611,5.962306976318359,5.83951997756958,5.856653213500977,5.3519368171691895,5840636,0.0,0.0
2010-01-05,5.865220069885254,5.996572971343994,5.836665153503418,5.9851508140563965,5.469360828399658,7711404,0.0,0.0
2010-01-06,5.9765849113464355,6.007995128631592,5.9251861572265625,5.936607837677002,5.42500114440918,5409539,0.0,0.0
2010-01-07,5.916618824005127,6.002284049987793,5.908052921295166,5.965163230895996,5.451095104217529,6732595,0.0,0.0
2010-01-08,5.959452152252197,6.02512788772583,5.933752059936523,6.002284049987793,5.485018253326416,3877414,0.0,0.0
2010-01-11,5.9851508140563965,6.056539058685303,5.928040981292725,6.050827980041504,5.529378414154053,6809289,0.0,0.0
2010-01-12,6.039405822753906,6.039405822753906,5.913763999938965,5.990861892700195,5.474579334259033,4887391,0.0,0.0
2010-01-13,6.239292144775391,6.36207914352417,6.119359970092773,6.210737228393555,5.675506114959717,7778993,0.0,0.0
2010-01-14,6.202169895172119,6.210737228393555,6.1107940673828125,6.1821818351745605,5.649412155151367,5572382,0.0,0.0
2010-01-15,6.202169895172119,6.273558139801025,6.0679612159729,6.0908050537109375,5.5659098625183105,4842215,0.0,0.0
2010-01-19,6.127926826477051,6.127926826477051,6.036550998687744,6.096516132354736,5.571128845214844,5642422,0.0,0.0
2010-01-20,6.0908050537109375,6.173614978790283,6.033695220947266,6.170760154724121,5.638974189758301,6218151,0.0,0.0
2010-01-21,6.156482219696045,6.259280204772949,5.968018054962158,5.968018054962158,5.453704357147217,10211482,0.0,0.0
2010-01-22,5.9851508140563965,6.0051398277282715,5.82524299621582,5.850942134857178,5.346717357635498,7284160,0.0,0.0
2010-01-25,5.873785972595215,5.888063907623291,5.765276908874512,5.796688079833984,5.297139644622803,9400419,0.0,0.0
2010-01-26,5.788121223449707,5.853797912597656,5.773843765258789,5.785265922546387,5.286701679229736,4329873,0.0,0.0
2010-01-27,5.756710052490234,5.865220069885254,5.756710052490234,5.842376232147217,5.338890075683594,6514070,0.0,0.0
2010-01-28,5.822387218475342,5.848086833953857,5.765276908874512,5.7909770011901855,5.2919206619262695,3530716,0.0,0.0
2010-01-29,5.813820838928223,5.865220069885254,5.713878154754639,5.733866214752197,5.239731311798096,5337398,0.0,0.0
2010-02-01,5.742433071136475,5.816676139831543,5.733866214752197,5.793831825256348,5.294529438018799,4509525,0.0,0.0
2010-02-02,5.785265922546387,5.83951997756958,5.756710052490234,5.810965061187744,5.310186386108398,3409897,0.0,0.0
2010-02-03,5.7709879875183105,6.059394836425781,5.768132209777832,6.007995128631592,5.490236282348633,8884574,0.0,0.0
2010-02-04,6.053684234619141,6.053684234619141,5.913763999938965,5.930897235870361,5.419782638549805,7496381,0.0,0.0
2010-02-05,5.922329902648926,6.056539058685303,5.882352828979492,6.045116901397705,5.5241594314575195,9056872,0.0,0.0
2010-02-08,6.030839920043945,6.093660831451416,5.9565958976745605,6.042262077331543,5.521550178527832,7004350,0.0,0.0
2010-02-09,6.170760154724121,6.353511810302734,6.085093975067139,6.096516132354736,5.571128845214844,13357328,0.0,0.0
2010-02-10,6.159337997436523,6.173614978790283,6.045116901397705,6.1107940673828125,5.584176540374756,8465034,0.0,0.0
2010-02-11,6.076528072357178,6.187892913818359,6.036550998687744,6.150771141052246,5.6207075119018555,7491829,0.0,0.0
2010-02-12,6.033695220947266,6.187892913818359,6.033695220947266,6.150771141052246,5.6207075119018555,6757459,0.0,0.0
2010-02-16,6.207880973815918,6.227869987487793,6.1422038078308105,6.167903900146484,5.636364459991455,4773926,0.0,0.0
2010-02-17,6.213592052459717,6.236435890197754,6.153625965118408,6.230724811553955,5.693771839141846,4240922,0.0,0.0
2010-02-18,6.242146968841553,6.25071382522583,6.13649320602417,6.25071382522583,5.712038993835449,5238292,0.0,0.0
2010-02-19,6.147914886474609,6.342090129852295,6.147914886474609,6.330667972564697,5.785101890563965,7217972,0.0,0.0
2010-02-22,6.3163909912109375,6.353511810302734,6.242146968841553,6.247858047485352,5.709428310394287,10078056,0.0,0.0
2010-02-23,6.219303131103516,6.327813148498535,6.216447830200195,6.2964019775390625,5.753788948059082,10023775,0.0,0.0
2010-02-24,6.30782413482666,6.36207914352417,6.262135982513428,6.310679912567139,5.766836643218994,7386418,0.0,0.0
2010-02-25,6.242146968841553,6.444889068603516,6.2250142097473145,6.419188976287842,5.865994453430176,7010304,0.0,0.0
2010-02-26,6.407766819000244,6.4506001472473145,6.37635612487793,6.393488883972168,5.842508792877197,7943937,0.0,0.0
2010-03-01,6.3820672035217285,6.596230983734131,6.339234828948975,6.5876641273498535,6.019949913024902,10974568,0.0,0.0
2010-03-02,6.579098224639893,6.679040908813477,6.567676067352295,6.581953048706055,6.014731407165527,6932559,0.0,0.0
2010-03-03,6.624785900115967,6.633351802825928,6.539121150970459,6.550542831420898,5.986029148101807,3689707,0.0,0.0
2010-03-04,6.561964988708496,6.627641201019287,6.513421058654785,6.627641201019287,6.056482315063477,5004008,0.0,0.0
2010-03-05,6.641919136047363,6.796116828918457,6.590519905090332,6.767560958862305,6.1843438148498535,7655722,0.0,0.0
2010-03-08,6.7732720375061035,6.881782054901123,6.753283977508545,6.847516059875488,6.257409572601318,6655901,0.0,0.0
2010-03-09,6.818961143493652,6.901770114898682,6.8132500648498535,6.844659805297852,6.254798889160156,5473626,0.0,0.0
2010-03-10,6.876070976257324,6.876070976257324,6.764706134796143,6.830382823944092,6.241751670837402,7912069,0.0,0.0
2010-03-11,6.796116828918457,6.836093902587891,6.753283977508545,6.824672222137451,6.236534118652344,4781981,0.0,0.0
2010-03-12,6.810393810272217,6.856081962585449,6.73329496383667,6.784694194793701,6.200000762939453,5326892,0.0,0.0
2010-03-15,6.784694194793701,6.784694194793701,6.681896209716797,6.753283977508545,6.171297550201416,5925034,0.0,0.0
2010-03-16,6.753283977508545,6.8418049812316895,6.736151218414307,6.8218159675598145,6.23392391204834,6815242,0.0,0.0
2010-03-17,6.838949203491211,6.901770114898682,6.810393810272217,6.878925800323486,6.286111831665039,8188026,0.0,0.0
2010-03-18,6.873215198516846,6.953169822692871,6.830382823944092,6.930325984954834,6.333082675933838,5491836,0.0,0.0
2010-03-19,6.9074811935424805,6.987435817718506,6.816104888916016,6.8218159675598145,6.23392391204834,5916629,0.0,0.0
2010-03-22,6.633351802825928,6.830382823944092,6.599085807800293,6.801827907562256,6.215657711029053,8227249,0.0,0.0
2010-03-23,6.784694194793701,6.830382823944092,6.727583885192871,6.816104888916016,6.22870397567749,8029736,0.0,0.0
2010-03-24,6.767560958862305,6.8132500648498535,6.727583885192871,6.767560958862305,6.1843438148498535,5927135,0.0,0.0
2010-03-25,6.776127815246582,6.801827907562256,6.650485038757324,6.650485038757324,6.077357769012451,6750455,0.0,0.0
2010-03-26,6.690463066101074,6.7075958251953125,6.5876641273498535,6.60194206237793,6.032998561859131,4919960,0.0,0.0
2010-03-29,6.641919136047363,6.6647629737854,6.4220452308654785,6.530553817749023,5.967761993408203,9844122,0.0,0.0
2010-03-30,6.564819812774658,6.573387145996094,6.473443984985352,6.504854202270508,5.944276332855225,6315857,0.0,0.0
2010-03-31,6.5019989013671875,6.556253910064697,6.467732906341553,6.504854202270508,5.944276332855225,6622282,0.0,0.0
2010-04-01,6.507709980010986,6.564819812774658,6.404911041259766,6.4306111335754395,5.8764328956604,5161598,0.0,0.0
2010-04-05,6.464877128601074,6.490577220916748,6.390634059906006,6.473443984985352,5.915573596954346,4235319,0.0,0.0
2010-04-06,6.4306111335754395,6.579098224639893,6.4020562171936035,6.539121150970459,5.975590705871582,6380644,0.0,0.0
2010-04-07,6.510564804077148,6.621930122375488,6.499143123626709,6.590519905090332,6.022559642791748,4990000,0.0,0.0
2010-04-08,6.596230983734131,6.6647629737854,6.533409118652344,6.633351802825928,6.061700820922852,4032553,0.0,0.0
2010-04-09,6.633351802825928,6.653340816497803,6.527698040008545,6.556253910064697,5.991247177124023,4102943,0.0,0.0
2010-04-12,6.539121150970459,6.564819812774658,6.467732906341553,6.539121150970459,5.975590705871582,4432131,0.0,0.0
2010-04-13,6.539121150970459,6.704740047454834,6.496287822723389,6.699028968811035,6.121717929840088,3845196,0.0,0.0
2010-04-14,6.704740047454834,6.784694194793701,6.647630214691162,6.784694194793701,6.200000762939453,4075277,0.0,0.0
2010-04-15,6.770417213439941,6.853227138519287,6.739006042480469,6.853227138519287,6.262627601623535,4705637,0.0,0.0
2010-04-16,6.818961143493652,6.8418049812316895,6.736151218414307,6.756138801574707,6.173906326293945,5104165,0.0,0.0
2010-04-19,6.710451126098633,6.776127815246582,6.639062881469727,6.750428199768066,6.168687343597412,2705645,0.0,0.0
2010-04-20,6.781838893890381,6.881782054901123,6.758995056152344,6.78754997253418,6.202610969543457,4080881,0.0,0.0
2010-04-21,6.801827907562256,6.816104888916016,6.644773960113525,6.716162204742432,6.137375354766846,4891944,0.0,0.0
2010-04-22,6.639062881469727,6.761849880218506,6.596230983734131,6.739006042480469,6.15825080871582,2127815,0.0,0.0
2010-04-23,6.758995056152344,6.767560958862305,6.670474052429199,6.721872806549072,6.1425933837890625,3353515,0.0,0.0
2010-04-26,6.704740047454834,6.721872806549072,6.673329830169678,6.693317890167236,6.116498947143555,2976350,0.0,0.0
2010-04-27,6.667619228363037,6.7732720375061035,6.6076531410217285,6.6162190437316895,6.046044826507568,7520195,0.0,0.0
2010-04-28,6.713306903839111,6.884636878967285,6.427755832672119,6.453454971313477,5.8973069190979,9350690,0.0,0.0
2010-04-29,6.527698040008545,6.593375205993652,6.47915506362915,6.5019989013671875,5.9416680335998535,5075799,0.0,0.0
2010-04-30,6.487720966339111,6.533409118652344,6.4020562171936035,6.410623073577881,5.858166217803955,5337398,0.0,0.0
2010-05-03,6.410623073577881,6.5876641273498535,6.396345138549805,6.524843215942383,5.962543964385986,2830316,0.0,0.0
2010-05-04,6.473443984985352,6.47915506362915,6.290690898895264,6.322102069854736,5.777274131774902,3151800,0.0,0.0
2010-05-05,6.287836074829102,6.327813148498535,6.187892913818359,6.216447830200195,5.680725574493408,4307810,0.0,0.0
2010-05-06,6.219303131103516,6.256424903869629,5.782410144805908,6.042262077331543,5.521550178527832,5360862,0.0,0.0
2010-05-07,6.019416809082031,6.25356912612915,5.848086833953857,5.8852081298828125,5.378030776977539,6758860,0.0,0.0
2010-05-10,6.047973155975342,6.210737228393555,6.045116901397705,6.130782127380371,5.602441787719727,7082795,0.0,0.0
2010-05-11,6.0908050537109375,6.259280204772949,6.053684234619141,6.19645881652832,5.662458419799805,5798962,0.0,0.0
2010-05-12,6.187892913818359,6.4220452308654785,6.187892913818359,6.364933967590332,5.816414833068848,8387640,0.0,0.0
2010-05-13,6.3820672035217285,6.533409118652344,6.353511810302734,6.467732906341553,5.910354137420654,7553114,0.0,0.0
2010-05-14,6.456311225891113,6.507709980010986,6.37635612487793,6.4506001472473145,5.894698143005371,6664306,0.0,0.0
2010-05-17,6.4820098876953125,6.610507965087891,6.413477897644043,6.596230983734131,6.027779579162598,6184532,0.0,0.0
2010-05-18,6.599085807800293,6.639062881469727,6.427755832672119,6.4306111335754395,5.8764328956604,6842558,0.0,0.0
2010-05-19,6.41633415222168,6.504854202270508,6.330667972564697,6.367790222167969,5.81902551651001,4698633,0.0,0.0
2010-05-20,6.256424903869629,6.2935471534729,6.125071048736572,6.13363790512085,5.6050519943237305,5572382,0.0,0.0
2010-05-21,6.059394836425781,6.1821818351745605,6.039405822753906,6.13363790512085,5.6050519943237305,5750284,0.0,0.0
2010-05-24,6.147914886474609,6.419188976287842,6.0908050537109375,6.327813148498535,5.782492637634277,5953050,0.0,0.0
2010-05-25,6.205026149749756,6.470588207244873,6.1621928215026855,6.456311225891113,5.8999176025390625,9175240,0.0,0.0
2010-05-26,6.464877128601074,6.584808826446533,6.387777805328369,6.444889068603516,5.889479160308838,7236533,0.0,0.0
2010-05-27,6.541975975036621,6.701885223388672,6.347801208496094,6.701885223388672,6.124328136444092,7090499,0.0,0.0
2010-05-28,6.701885223388672,6.770417213439941,6.630496978759766,6.699028968811035,6.121717929840088,4297654,0.0,0.0
2010-06-01,6.653340816497803,6.73329496383667,6.567676067352295,6.579098224639893,6.012122631072998,3318495,0.0,0.0
2010-06-02,6.596230983734131,6.667619228363037,6.561964988708496,6.621930122375488,6.051263809204102,5016265,0.0,0.0
2010-06-03,6.670474052429199,6.758995056152344,6.659051895141602,6.704740047454834,6.126937389373779,4405866,0.0,0.0
2010-06-04,6.621930122375488,6.676185131072998,6.541975975036621,6.559109210968018,5.993856906890869,4843966,0.0,0.0
2010-06-07,6.570530891418457,6.627641201019287,6.4220452308654785,6.433466911315918,5.87904167175293,3504802,0.0,0.0
2010-06-08,6.470588207244873,6.536264896392822,6.344945907592773,6.41633415222168,5.8633856773376465,4820153,0.0,0.0
2010-06-09,6.439177989959717,6.504854202270508,6.336379051208496,6.356368064880371,5.808587074279785,3624920,0.0,0.0
2010-06-10,6.413477897644043,6.504854202270508,6.393488883972168,6.496287822723389,5.93644905090332,3454023,0.0,0.0
2010-06-11,6.456311225891113,6.641919136047363,6.396345138549805,6.6362080574035645,6.0643110275268555,4922411,0.0,0.0
2010-06-14,6.650485038757324,6.756138801574707,6.644773960113525,6.653340816497803,6.079967498779297,4467151,0.0,0.0
2010-06-15,6.679040908813477,6.744717121124268,6.6647629737854,6.7075958251953125,6.129547119140625,3705816,0.0,0.0
2010-06-16,6.667619228363037,6.7732720375061035,6.667619228363037,6.7075958251953125,6.129547119140625,3867959,0.0,0.0
2010-06-17,6.716162204742432,6.7732720375061035,6.6362080574035645,6.761849880218506,6.17912483215332,5940443,0.0,0.0
2010-06-18,6.781838893890381,6.816104888916016,6.739006042480469,6.756138801574707,6.173906326293945,2647862,0.0,0.0
2010-06-21,6.824672222137451,6.853227138519287,6.690463066101074,6.713306903839111,6.134765625,5026070,0.0,0.0
2010-06-22,6.727583885192871,6.784694194793701,6.599085807800293,6.647630214691162,6.074748992919922,5927835,0.0,0.0
2010-06-23,6.641919136047363,6.673329830169678,6.550542831420898,6.567676067352295,6.00168514251709,4628593,0.0,0.0
2010-06-24,6.559109210968018,6.570530891418457,6.439177989959717,6.464877128601074,5.907745361328125,3298184,0.0,0.0
2010-06-25,6.4506001472473145,6.6076531410217285,6.410623073577881,6.567676067352295,6.00168514251709,5446661,0.0,0.0
2010-06-28,6.570530891418457,6.644773960113525,6.499143123626709,6.573387145996094,6.006903648376465,3002965,0.0,0.0
2010-06-29,6.499143123626709,6.513421058654785,6.310679912567139,6.336379051208496,5.790320873260498,5475377,0.0,0.0
2010-06-30,6.356368064880371,6.413477897644043,6.259280204772949,6.273558139801025,5.732913494110107,5708960,0.0,0.0
2010-07-01,6.284979820251465,6.344945907592773,6.156482219696045,6.25071382522583,5.712038993835449,8363476,0.0,0.0
2010-07-02,6.287836074829102,6.2964019775390625,6.130782127380371,6.1621928215026855,5.63114595413208,3920839,0.0,0.0
2010-07-06,6.2450032234191895,6.327813148498535,6.156482219696045,6.19645881652832,5.662458419799805,3247054,0.0,0.0
2010-07-07,6.324956893920898,6.4220452308654785,6.259280204772949,6.370645046234131,5.821634292602539,4011891,0.0,0.0
2010-07-08,6.4020562171936035,6.447743892669678,6.373500823974609,6.393488883972168,5.842508792877197,4891594,0.0,0.0
2010-07-09,6.379211902618408,6.427755832672119,6.339234828948975,6.396345138549805,5.845118522644043,3192423,0.0,0.0
2010-07-12,6.387777805328369,6.4820098876953125,6.370645046234131,6.41633415222168,5.8633856773376465,2933625,0.0,0.0
2010-07-13,6.476298809051514,6.530553817749023,6.439177989959717,6.504854202270508,5.944276332855225,5407438,0.0,0.0
2010-07-14,6.476298809051514,6.647630214691162,6.476298809051514,6.593375205993652,6.025169849395752,6053207,0.0,0.0
2010-07-15,6.561964988708496,6.599085807800293,6.456311225891113,6.593375205993652,6.025169849395752,2586227,0.0,0.0
2010-07-16,6.564819812774658,6.564819812774658,6.410623073577881,6.424900054931641,5.871212959289551,2324277,0.0,0.0
2010-07-19,6.456311225891113,6.4820098876953125,6.407766819000244,6.456311225891113,5.8999176025390625,2751171,0.0,0.0
2010-07-20,6.4020562171936035,6.567676067352295,6.324956893920898,6.553398132324219,5.988637924194336,5656430,0.0,0.0
2010-07-21,6.619074821472168,6.619074821472168,6.516275882720947,6.533409118652344,5.970371723175049,2751521,0.0,0.0
2010-07-22,6.590519905090332,6.804683208465576,6.570530891418457,6.801827907562256,6.215657711029053,5092959,0.0,0.0
2010-07-23,6.776127815246582,6.853227138519287,6.670474052429199,6.85037088394165,6.260017395019531,2935026,0.0,0.0
2010-07-26,6.833238124847412,6.9788689613342285,6.8218159675598145,6.9074811935424805,6.312206268310547,3479237,0.0,0.0
2010-07-27,6.921759128570557,6.970303058624268,6.756138801574707,6.776127815246582,6.192173004150391,7773740,0.0,0.0
2010-07-28,6.984580039978027,7.09023380279541,6.838949203491211,7.07595682144165,6.466163635253906,9060725,0.0,0.0
2010-07-29,7.064535140991211,7.207310199737549,6.967446804046631,7.14734411239624,6.531398296356201,6801584,0.0,0.0
2010-07-30,7.095944881439209,7.2044548988342285,7.058824062347412,7.138778209686279,6.5235700607299805,4659761,0.0,0.0
2010-08-02,7.181611061096191,7.247286796569824,7.127356052398682,7.150199890136719,6.534008502960205,6847461,0.0,0.0
2010-08-03,7.107367038726807,7.258708953857422,7.107367038726807,7.195888042449951,6.575758934020996,4612134,0.0,0.0
2010-08-04,7.19874382019043,7.332952976226807,7.178754806518555,7.210165977478027,6.588806629180908,5818923,0.0,0.0
2010-08-05,7.1644768714904785,7.238720893859863,7.135921955108643,7.190176963806152,6.570539474487305,4847118,0.0,0.0
2010-08-06,7.127356052398682,7.238720893859863,7.07595682144165,7.153055191040039,6.536617279052734,3435112,0.0,0.0
2010-08-09,7.155910968780518,7.224442958831787,7.118789196014404,7.170187950134277,6.552272796630859,4341780,0.0,0.0
2010-08-10,7.130210876464844,7.312963962554932,7.0845232009887695,7.275842189788818,6.648822784423828,6090328,0.0,0.0
2010-08-11,7.215877056121826,7.238720893859863,7.087378978729248,7.115933895111084,6.502694606781006,5888963,0.0,0.0
2010-08-12,6.990291118621826,7.050257205963135,6.8132500648498535,6.838949203491211,6.249579429626465,9468708,0.0,0.0
2010-08-13,6.836093902587891,6.858938217163086,6.710451126098633,6.724729061126709,6.145203590393066,6140757,0.0,0.0
2010-08-16,6.71901798248291,6.838949203491211,6.690463066101074,6.7932610511779785,6.207829475402832,3882667,0.0,0.0
2010-08-17,6.847516059875488,6.910336971282959,6.810393810272217,6.836093902587891,6.246971130371094,4517580,0.0,0.0
2010-08-18,6.844659805297852,6.916048049926758,6.784694194793701,6.838949203491211,6.249579429626465,4868831,0.0,0.0
2010-08-19,6.816104888916016,6.916048049926758,6.8132500648498535,6.818961143493652,6.231314659118652,4735054,0.0,0.0
2010-08-20,6.798972129821777,6.833238124847412,6.739006042480469,6.781838893890381,6.197391510009766,3892823,0.0,0.0
2010-08-23,6.798972129821777,6.833238124847412,6.736151218414307,6.7732720375061035,6.189563751220703,3300985,0.0,0.0
2010-08-24,6.750428199768066,6.896059036254883,6.6647629737854,6.8418049812316895,6.252190113067627,9939376,0.0,0.0
2010-08-25,6.7932610511779785,6.9988579750061035,6.78754997253418,6.964591979980469,6.364396095275879,6896839,0.0,0.0
2010-08-26,7.0159912109375,7.110222816467285,6.944602966308594,6.9988579750061035,6.395708084106445,6732945,0.0,0.0
2010-08-27,7.041689872741699,7.0845232009887695,6.916048049926758,7.058824062347412,6.450506687164307,4313063,0.0,0.0
2010-08-30,7.024557113647461,7.07595682144165,7.001712799072266,7.001712799072266,6.398316860198975,2938528,0.0,0.0
2010-08-31,6.944602966308594,7.1045122146606445,6.9074811935424805,7.07595682144165,6.466163635253906,9171038,0.0,0.0
2010-09-01,7.138778209686279,7.207310199737549,7.081667900085449,7.20159912109375,6.580977916717529,5927835,0.0,0.0
2010-09-02,7.227299213409424,7.335807800292969,7.221588134765625,7.327241897583008,6.695792198181152,3468381,0.0,0.0
2010-09-03,7.3700737953186035,7.421473026275635,7.312963962554932,7.381495952606201,6.745371341705322,2331982,0.0,0.0
2010-09-07,7.341518878936768,7.392918109893799,7.272986888885498,7.307252883911133,6.677526473999023,2262992,0.0,0.0
2010-09-08,7.327241897583008,7.467162132263184,7.284409046173096,7.404339790344238,6.766246795654297,2692688,0.0,0.0
2010-09-09,7.455739974975586,7.501428127288818,7.398629188537598,7.481439113616943,6.8367018699646,4638399,0.0,0.0
2010-09-10,7.478583812713623,7.484294891357422,7.344375133514404,7.44146203994751,6.800169467926025,5072297,0.0,0.0
2010-09-13,7.5042829513549805,7.529983043670654,7.398629188537598,7.450028896331787,6.807998180389404,3780409,0.0,0.0
2010-09-14,7.458594799041748,7.5242719650268555,7.378641128540039,7.490005970001221,6.84453010559082,5454015,0.0,0.0
2010-09-15,7.421473026275635,7.584238052368164,7.401484966278076,7.518560886383057,6.870624542236328,3063900,0.0,0.0
2010-09-16,7.515705108642578,7.5242719650268555,7.435750961303711,7.512849807739258,6.865405559539795,2455602,0.0,0.0
2010-09-17,7.509994029998779,7.561392784118652,7.444317817687988,7.527126789093018,6.878451824188232,2541401,0.0,0.0
2010-09-20,7.544260025024414,7.638492107391357,7.501428127288818,7.549971103668213,6.899328231811523,6344573,0.0,0.0
2010-09-21,7.527126789093018,7.598515033721924,7.467162132263184,7.4957170486450195,6.849749565124512,5938341,0.0,0.0
2010-09-22,7.461451053619385,7.527126789093018,7.364363193511963,7.481439113616943,6.8367018699646,3561884,0.0,0.0
2010-09-23,7.44146203994751,7.615647792816162,7.412907123565674,7.532837867736816,6.883671283721924,3219739,0.0,0.0
2010-09-24,7.575671195983887,7.675613880157471,7.572815895080566,7.652770042419434,6.99326753616333,2642609,0.0,0.0
2010-09-27,7.635636806488037,7.669902801513672,7.572815895080566,7.624215126037598,6.967173099517822,2358597,0.0,0.0
2010-09-28,7.6299262046813965,7.735579967498779,7.507139205932617,7.715590953826904,7.0506744384765625,2658018,0.0,0.0
2010-09-29,7.707025051116943,7.707025051116943,7.561392784118652,7.607081890106201,6.951516628265381,2348441,0.0,0.0
2010-09-30,7.618504047393799,7.632781028747559,7.3700737953186035,7.501428127288818,6.854968070983887,3279273,0.0,0.0
2010-10-01,7.544260025024414,7.544260025024414,7.458594799041748,7.492860794067383,6.84713888168335,2175092,0.0,0.0
2010-10-04,7.470016956329346,7.512849807739258,7.418618202209473,7.490005970001221,6.84453010559082,2190151,0.0,0.0
2010-10-05,7.569960117340088,7.707025051116943,7.5042829513549805,7.669902801513672,7.008923530578613,2660469,0.0,0.0
2010-10-06,7.669902801513672,7.669902801513672,7.404339790344238,7.498571872711182,6.852357864379883,4128858,0.0,0.0
2010-10-07,7.5042829513549805,7.575671195983887,7.438607215881348,7.472873210906982,6.828874111175537,2431439,0.0,0.0
2010-10-08,7.464305877685547,7.512849807739258,7.427184104919434,7.4957170486450195,6.849749565124512,2540351,0.0,0.0
2010-10-11,7.481439113616943,7.695602893829346,7.478583812713623,7.604226112365723,6.948906421661377,3927143,0.0,0.0
2010-10-12,7.501428127288818,7.501428127288818,7.358652114868164,7.450028896331787,6.807998180389404,4954630,0.0,0.0
2010-10-13,7.675613880157471,7.675613880157471,7.272986888885498,7.3900628089904785,6.753200054168701,4689178,0.0,0.0
2010-10-14,7.401484966278076,7.410050868988037,7.252997875213623,7.307252883911133,6.677526473999023,3016623,0.0,0.0
2010-10-15,7.344375133514404,7.3700737953186035,7.161622047424316,7.221588134765625,6.599243640899658,5047783,0.0,0.0
2010-10-18,7.19874382019043,7.324386119842529,7.19874382019043,7.25585412979126,6.630556583404541,2532997,0.0,0.0
2010-10-19,7.190176963806152,7.327241897583008,7.167333126068115,7.267275810241699,6.640994548797607,3835390,0.0,0.0
2010-10-20,7.267275810241699,7.315820217132568,7.215877056121826,7.272986888885498,6.646213054656982,1441073,0.0,0.0
2010-10-21,7.315820217132568,7.378641128540039,7.2901201248168945,7.37293004989624,6.73754358291626,2264043,0.0,0.0
2010-10-22,7.37293004989624,7.478583812713623,7.37293004989624,7.452884197235107,6.81060791015625,1987735,0.0,0.0
2010-10-25,7.478583812713623,7.544260025024414,7.450028896331787,7.484294891357422,6.839310646057129,2195404,0.0,0.0
2010-10-26,7.455739974975586,7.672758102416992,7.450028896331787,7.55853796005249,6.907155990600586,7070538,0.0,0.0
2010-10-27,7.85551118850708,8.081096649169922,7.784122943878174,7.878355026245117,7.199411869049072,12277312,0.0,0.0
2010-10-28,7.955453872680664,8.066819190979004,7.872643947601318,7.921187877655029,7.238553047180176,9067378,0.0,0.0
2010-10-29,7.949742794036865,8.001141548156738,7.92404317855835,7.966876029968262,7.280304431915283,5684446,0.0,0.0
2010-11-01,7.981153964996338,8.006853103637695,7.872643947601318,7.926898956298828,7.243772506713867,2682882,0.0,0.0
2010-11-02,7.96973180770874,8.003997802734375,7.932610034942627,7.9925761222839355,7.303789138793945,2780238,0.0,0.0
2010-11-03,7.96973180770874,7.986865043640137,7.881210803985596,7.949742794036865,7.264647483825684,3043588,0.0,0.0
2010-11-04,8.009709358215332,8.02969741821289,7.932610034942627,7.998287200927734,7.309008598327637,2928022,0.0,0.0
2010-11-05,7.9840087890625,8.201027870178223,7.975442886352539,8.161050796508789,7.457745552062988,4187341,0.0,0.0
2010-11-08,8.126785278320312,8.25528335571289,8.106796264648438,8.186750411987305,7.481230735778809,3172462,0.0,0.0
2010-11-09,8.2095947265625,8.2095947265625,8.043974876403809,8.081096649169922,7.384681701660156,2669224,0.0,0.0
2010-11-10,8.066819190979004,8.09251880645752,7.975442886352539,8.032552719116211,7.340320587158203,3734183,0.0,0.0
2010-11-11,7.961164951324463,8.046830177307129,7.901198863983154,8.018275260925293,7.327273845672607,2845375,0.0,0.0
2010-11-12,7.941175937652588,8.012563705444336,7.875500202178955,7.912621021270752,7.230725288391113,1723684,0.0,0.0
2010-11-15,7.92404317855835,7.995430946350098,7.844089031219482,7.949742794036865,7.264647483825684,3270868,0.0,0.0
2010-11-16,7.921187877655029,7.932610034942627,7.74414587020874,7.79840087890625,7.126348972320557,3213085,0.0,0.0
2010-11-17,7.764134883880615,7.789834022521973,7.655624866485596,7.7098798751831055,7.045454978942871,3446668,0.0,0.0
2010-11-18,7.758423805236816,7.946887016296387,7.755568027496338,7.85551118850708,7.178536415100098,2865336,0.0,0.0
2010-11-19,7.832666873931885,7.85265588760376,7.778411865234375,7.8355231285095215,7.160271167755127,1222198,0.0,0.0
2010-11-22,7.832666873931885,7.9840087890625,7.80125617980957,7.978298187255859,7.29074239730835,2269646,0.0,0.0
2010-11-23,7.9154767990112305,7.978298187255859,7.85265588760376,7.9725871086120605,7.285522937774658,2799149,0.0,0.0
2010-11-24,7.995430946350098,8.075385093688965,7.921187877655029,8.038264274597168,7.345541000366211,2579573,0.0,0.0
2010-11-26,8.012563705444336,8.05254077911377,7.9925761222839355,8.018275260925293,7.327273845672607,634913,0.0,0.0
2010-11-29,7.9725871086120605,8.132495880126953,7.941175937652588,8.106796264648438,7.408166885375977,3624920,0.0,0.0
2010-11-30,8.035408020019531,8.320959091186523,7.998287200927734,8.038264274597168,7.345541000366211,6371189,0.0,0.0
2010-12-01,8.158194541931152,8.283838272094727,8.135351181030273,8.201027870178223,7.494277000427246,3293631,0.0,0.0
2010-12-02,8.201027870178223,8.480868339538574,8.201027870178223,8.380925178527832,7.6586713790893555,6109939,0.0,0.0
2010-12-03,8.418046951293945,8.69217586517334,8.39520263671875,8.632209777832031,7.88830041885376,6017136,0.0,0.0
2010-12-06,8.69217586517334,8.746431350708008,8.620787620544434,8.715020179748535,7.963974952697754,3868659,0.0,0.0
2010-12-07,8.757852554321289,8.840662002563477,8.683609008789062,8.7007417678833,7.950926780700684,4092437,0.0,0.0
2010-12-08,8.69503116607666,8.823529243469238,8.58366584777832,8.61793327331543,7.8752546310424805,6500763,0.0,0.0
2010-12-09,8.675043106079102,8.675043106079102,8.526556015014648,8.57795524597168,7.83872127532959,3619317,0.0,0.0
2010-12-10,8.566533088684082,8.600799560546875,8.483723640441895,8.557967185974121,7.820457458496094,3296082,0.0,0.0
2010-12-13,8.560821533203125,8.612221717834473,8.472302436828613,8.492289543151855,7.760437965393066,1828744,0.0,0.0
2010-12-14,8.520845413208008,8.586522102355957,8.478013038635254,8.492289543151855,7.760437965393066,2893703,0.0,0.0
2010-12-15,8.503711700439453,8.552255630493164,8.403768539428711,8.418046951293945,7.692594528198242,3587449,0.0,0.0
2010-12-16,8.415190696716309,8.426612854003906,8.295260429382324,8.39234733581543,7.66910982131958,4477307,0.0,0.0
2010-12-17,8.420902252197266,8.520845413208008,8.406624794006348,8.517990112304688,7.783923149108887,4367344,0.0,0.0
2010-12-20,8.549400329589844,8.597944259643555,8.429469108581543,8.492289543151855,7.760437965393066,3684104,0.0,0.0
2010-12-21,8.572243690490723,8.720730781555176,8.520845413208008,8.620787620544434,7.877861976623535,2543503,0.0,0.0
2010-12-22,8.580810546875,8.646488189697266,8.523700714111328,8.557967185974121,7.820457458496094,1283483,0.0,0.0
2010-12-23,8.57509994506836,8.57509994506836,8.455167770385742,8.483723640441895,7.752610683441162,1353173,0.0,0.0
2010-12-27,8.46373462677002,8.557967185974121,8.39805793762207,8.517990112304688,7.783923149108887,1808083,0.0,0.0
2010-12-28,8.517990112304688,8.563677787780762,8.458024024963379,8.526556015014648,7.791752338409424,1322355,0.0,0.0
2010-12-29,8.50942325592041,8.600799560546875,8.472302436828613,8.572243690490723,7.833502292633057,1356675,0.0,0.0
2010-12-30,8.589377403259277,8.589377403259277,8.386635780334473,8.39234733581543,7.66910982131958,2280152,0.0,0.0
2010-12-31,8.383781433105469,8.435179710388184,8.161050796508789,8.195317268371582,7.489058971405029,3087713,0.0,0.0
2011-01-03,8.28098201751709,8.609366416931152,8.27527141571045,8.57795524597168,7.83872127532959,4080180,0.0,0.0
2011-01-04,8.560821533203125,8.560821533203125,8.315247535705566,8.403768539428711,7.679546356201172,2616694,0.0,0.0
2011-01-05,8.338092803955078,8.540834426879883,8.338092803955078,8.475156784057617,7.7447829246521,3664143,0.0,0.0
2011-01-06,8.458024024963379,8.529412269592285,8.420902252197266,8.46373462677002,7.734344482421875,1793374,0.0,0.0
2011-01-07,8.466590881347656,8.50942325592041,8.332381248474121,8.429469108581543,7.703033924102783,2850278,0.0,0.0
2011-01-10,8.375213623046875,8.520845413208008,8.32381534576416,8.475156784057617,7.7447829246521,2001393,0.0,0.0
2011-01-11,8.517990112304688,8.517990112304688,8.39520263671875,8.495145797729492,7.76304817199707,2942731,0.0,0.0
2011-01-12,8.532266616821289,8.543688774108887,8.423757553100586,8.483723640441895,7.752610683441162,2274899,0.0,0.0
2011-01-13,8.495145797729492,8.589377403259277,8.480868339538574,8.537978172302246,7.802190780639648,2284355,0.0,0.0
2011-01-14,8.375213623046875,8.429469108581543,8.295260429382324,8.38949203491211,7.666500568389893,6206244,0.0,0.0
2011-01-18,8.346658706665039,8.363792419433594,8.203883171081543,8.252427101135254,7.541247367858887,4472054,0.0,0.0
2011-01-19,8.223872184753418,8.27527141571045,8.05254077911377,8.086808204650879,7.389901161193848,7786697,0.0,0.0
2011-01-20,8.09537410736084,8.14391803741455,8.032552719116211,8.106796264648438,7.408166885375977,5406738,0.0,0.0
2011-01-21,8.141061782836914,8.141061782836914,8.035408020019531,8.058252334594727,7.363806247711182,5040078,0.0,0.0
2011-01-24,8.072529792785645,8.223872184753418,8.069673538208008,8.13820743560791,7.436870574951172,5593394,0.0,0.0
2011-01-25,8.118218421936035,8.166762351989746,8.078241348266602,8.135351181030273,7.434260368347168,7929929,0.0,0.0
2011-01-26,8.13820743560791,8.158194541931152,8.089662551879883,8.121073722839355,7.421213626861572,5922933,0.0,0.0
2011-01-27,8.13820743560791,8.183895111083984,8.118218421936035,8.146773338317871,7.444699287414551,5242844,0.0,0.0
2011-01-28,8.158194541931152,8.258137702941895,8.009709358215332,8.043974876403809,7.3507585525512695,5256502,0.0,0.0
2011-01-31,8.05254077911377,8.121073722839355,8.023985862731934,8.078241348266602,7.3820719718933105,6250370,0.0,0.0
2011-02-01,8.086808204650879,8.252427101135254,8.066819190979004,8.152483940124512,7.449916839599609,5667287,0.0,0.0
2011-02-02,8.152483940124512,8.366647720336914,8.083951950073242,8.2095947265625,7.502105712890625,7319530,0.0,0.0
2011-02-03,8.455167770385742,8.532266616821289,8.403768539428711,8.432324409484863,7.70564079284668,10390784,0.0,0.0
2011-02-04,8.449457168579102,8.737863540649414,8.420902252197266,8.6864652633667,7.937880039215088,11312861,0.0,0.0
2011-02-07,8.6864652633667,8.85208511352539,8.683609008789062,8.789262771606445,8.031819343566895,6469945,0.0,0.0
2011-02-08,8.846373558044434,8.943461418151855,8.797829627990723,8.914905548095703,8.146635055541992,4581667,0.0,0.0
2011-02-09,8.886350631713867,8.966304779052734,8.874929428100586,8.914905548095703,8.146635055541992,2474163,0.0,0.0
2011-02-10,8.860651016235352,8.963448524475098,8.837806701660156,8.914905548095703,8.146635055541992,2850978,0.0,0.0
2011-02-11,8.909194946289062,9.069103240966797,8.886350631713867,9.023414611816406,8.245792388916016,3299935,0.0,0.0
2011-02-14,9.040548324584961,9.066247940063477,8.977726936340332,9.031982421875,8.253622055053711,2545254,0.0,0.0
2011-02-15,8.98914909362793,9.094802856445312,8.914905548095703,8.932039260864258,8.162290573120117,2820861,0.0,0.0
2011-02-16,8.954882621765137,9.097658157348633,8.952027320861816,9.054825782775879,8.274497032165527,3144796,0.0,0.0
2011-02-17,8.974871635437012,9.17475700378418,8.974871635437012,9.094802856445312,8.311027526855469,4487113,0.0,0.0
2011-02-18,9.094802856445312,9.17190170288086,9.083380699157715,9.117647171020508,8.331903457641602,2722455,0.0,0.0
2011-02-22,9.020560264587402,9.043403625488281,8.869217872619629,8.897772789001465,8.130977630615234,5018366,0.0,0.0
2011-02-23,8.874929428100586,8.963448524475098,8.766419410705566,8.886350631713867,8.120540618896484,5584289,0.0,0.0
2011-02-24,8.886350631713867,8.963448524475098,8.85208511352539,8.929183006286621,8.159680366516113,3313592,0.0,0.0
2011-02-25,8.954882621765137,9.000571250915527,8.906338691711426,8.954882621765137,8.18316650390625,2224821,0.0,0.0
2011-02-28,9.0576810836792,9.083380699157715,8.869217872619629,8.87207317352295,8.10749340057373,4931516,0.0,0.0
2011-03-01,8.903484344482422,8.94631576538086,8.680753707885742,8.717874526977539,7.966582298278809,4401314,0.0,0.0
2011-03-02,8.652198791503906,8.912050247192383,8.606511116027832,8.900628089904785,8.133587837219238,3581846,0.0,0.0
2011-03-03,8.972016334533691,9.097658157348633,8.929183006286621,9.060537338256836,8.279716491699219,3128687,0.0,0.0
2011-03-04,9.026270866394043,9.091946601867676,8.943461418151855,8.99485969543457,8.219698905944824,3710369,0.0,0.0
2011-03-07,9.003426551818848,9.003426551818848,8.697887420654297,8.81210708618164,8.052695274353027,4236369,0.0,0.0
2011-03-08,8.80925178527832,8.832096099853516,8.73500919342041,8.743575096130371,7.9900689125061035,4116601,0.0,0.0
2011-03-09,8.69503116607666,8.749285697937012,8.646488189697266,8.737863540649414,7.98484992980957,2210813,0.0,0.0
2011-03-10,8.683609008789062,8.69217586517334,8.552255630493164,8.595088958740234,7.854379177093506,3001214,0.0,0.0
2011-03-11,8.546545028686523,8.620787620544434,8.495145797729492,8.606511116027832,7.864817142486572,1580102,0.0,0.0
2011-03-14,8.540834426879883,8.57509994506836,8.415190696716309,8.555110931396484,7.817845344543457,3262113,0.0,0.0
2011-03-15,8.383781433105469,8.526556015014648,8.360937118530273,8.466590881347656,7.736955642700195,4713692,0.0,0.0
2011-03-16,8.415190696716309,8.480868339538574,8.178183555603027,8.263849258422852,7.551684379577637,6095581,0.0,0.0
2011-03-17,8.375213623046875,8.375213623046875,8.166762351989746,8.226728439331055,7.517762184143066,4274541,0.0,0.0
2011-03-18,8.306681632995605,8.369503021240234,8.260993957519531,8.326669692993164,7.6090922355651855,2273849,0.0,0.0
2011-03-21,8.403768539428711,8.46373462677002,8.360937118530273,8.423757553100586,7.697812080383301,2274549,0.0,0.0
2011-03-22,8.426612854003906,8.44089126586914,8.338092803955078,8.378069877624512,7.656062126159668,1936256,0.0,0.0
2011-03-23,8.346658706665039,8.50085735321045,8.28098201751709,8.475156784057617,7.7447829246521,2899656,0.0,0.0
2011-03-24,8.543688774108887,8.580810546875,8.50085735321045,8.566533088684082,7.828284740447998,3800370,0.0,0.0
2011-03-25,8.595088958740234,8.763564109802246,8.555110931396484,8.683609008789062,7.935269832611084,2928723,0.0,0.0
2011-03-28,8.675043106079102,8.689319610595703,8.620787620544434,8.62649917602539,7.883081912994385,2649263,0.0,0.0
2011-03-29,8.632209777832031,8.817817687988281,8.572243690490723,8.774986267089844,8.018774032592773,3195575,0.0,0.0
2011-03-30,8.783552169799805,8.883495330810547,8.783552169799805,8.823529243469238,8.063131332397461,2468210,0.0,0.0
2011-03-31,8.820673942565918,8.87778377532959,8.820673942565918,8.826384544372559,8.065741539001465,1230253,0.0,0.0
2011-04-01,8.92061710357666,8.92061710357666,8.777840614318848,8.843518257141113,8.081398963928223,2394317,0.0,0.0
2011-04-04,8.840662002563477,8.897772789001465,8.777840614318848,8.843518257141113,8.081398963928223,843632,0.0,0.0
2011-04-05,8.863507270812988,8.894916534423828,8.789262771606445,8.854940414428711,8.091836929321289,2653115,0.0,0.0
2011-04-06,8.909194946289062,8.969160079956055,8.869217872619629,8.952027320861816,8.180557250976562,3231996,0.0,0.0
2011-04-07,8.952027320861816,8.983437538146973,8.800684928894043,8.840662002563477,8.078788757324219,1492202,0.0,0.0
2011-04-08,8.906338691711426,8.914905548095703,8.746431350708008,8.843518257141113,8.081398963928223,1716330,0.0,0.0
2011-04-11,8.843518257141113,8.917760848999023,8.69503116607666,8.772130012512207,8.016162872314453,1431968,0.0,0.0
2011-04-12,8.737863540649414,8.789262771606445,8.655054092407227,8.7007417678833,7.950926780700684,1256167,0.0,0.0
2011-04-13,8.743575096130371,8.794974327087402,8.629355430603027,8.703598022460938,7.953537464141846,2363850,0.0,0.0
2011-04-14,8.666476249694824,8.752141952514648,8.597944259643555,8.717874526977539,7.966582298278809,5017666,0.0,0.0
2011-04-15,8.712163925170898,8.957737922668457,8.675043106079102,8.92061710357666,8.151853561401367,3697412,0.0,0.0
2011-04-18,8.869217872619629,9.120503425598145,8.85208511352539,9.066247940063477,8.284934997558594,5116422,0.0,0.0
2011-04-19,9.126214027404785,9.134779930114746,9.026270866394043,9.03769302368164,8.25883960723877,2790744,0.0,0.0
2011-04-20,9.134779930114746,9.160479545593262,9.006281852722168,9.10622501373291,8.321466445922852,2400621,0.0,0.0
2011-04-21,9.200456619262695,9.220444679260254,9.131924629211426,9.160479545593262,8.371045112609863,1299942,0.0,0.0
2011-04-25,9.183323860168457,9.260422706604004,9.077670097351074,9.10336971282959,8.318856239318848,1896683,0.0,0.0
2011-04-26,9.426041603088379,9.871501922607422,9.426041603088379,9.63449478149414,8.80420970916748,9455400,0.0,0.0
2011-04-27,9.757282257080078,9.977155685424805,9.717304229736328,9.851512908935547,9.002525329589844,6145660,0.0,0.0
2011-04-28,9.854369163513184,10.019989013671875,9.785837173461914,9.99428939819336,9.1329984664917,5603200,0.0,0.0
2011-04-29,10.017132759094238,10.533981323242188,9.99428939819336,10.311250686645508,9.42264461517334,10118329,0.0,0.0
2011-05-02,10.316962242126465,10.545402526855469,10.288407325744629,10.408337593078613,9.511364936828613,5932738,0.0,0.0
2011-05-03,10.379782676696777,10.445460319519043,10.205596923828125,10.234151840209961,9.352190971374512,4202400,0.0,0.0
2011-05-04,10.242717742919922,10.308395385742188,10.011422157287598,10.051399230957031,9.185187339782715,3815079,0.0,0.0
2011-05-05,10.022844314575195,10.18275260925293,10.022844314575195,10.082810401916504,9.213891983032227,1604266,0.0,0.0
2011-05-06,10.171331405639648,10.29411792755127,10.079954147338867,10.1199312210083,9.24781322479248,2744517,0.0,0.0
2011-05-09,10.122787475585938,10.165619850158691,10.054254531860352,10.06567668914795,9.198234558105469,1836799,0.0,0.0
2011-05-10,10.137064933776855,10.342660903930664,10.102798461914062,10.2512845993042,9.36784553527832,2640858,0.0,0.0
2011-05-11,10.274128913879395,10.276985168457031,10.059966087341309,10.139920234680176,9.266077995300293,2730159,0.0,0.0
2011-05-12,10.11136531829834,10.211307525634766,10.059966087341309,10.157052993774414,9.281734466552734,1610920,0.0,0.0
2011-05-13,10.128498077392578,10.128498077392578,9.760136604309082,9.885780334472656,9.033841133117676,7012405,0.0,0.0
2011-05-16,9.862935066223145,9.951456069946289,9.7487154006958,9.760136604309082,8.919024467468262,3105223,0.0,0.0
2011-05-17,9.768704414367676,9.834380149841309,9.677327156066895,9.765848159790039,8.92424488067627,1438271,0.0,0.0
2011-05-18,9.765848159790039,9.885780334472656,9.765848159790039,9.857224464416504,9.007745742797852,1959369,0.0,0.0
2011-05-19,9.877212524414062,10.071388244628906,9.851512908935547,10.008566856384277,9.146045684814453,2271397,0.0,0.0
2011-05-20,9.982867240905762,10.308395385742188,9.982867240905762,10.268418312072754,9.383502960205078,5371718,0.0,0.0
2011-05-23,10.097086906433105,10.211307525634766,10.031411170959473,10.06567668914795,9.198234558105469,4552600,0.0,0.0
2011-05-24,10.07424259185791,10.11707592010498,9.894346237182617,9.937178611755371,9.080809593200684,2201707,0.0,0.0
2011-05-25,9.885780334472656,9.99428939819336,9.800113677978516,9.95716667175293,9.099074363708496,2089293,0.0,0.0
2011-05-26,9.937178611755371,10.051399230957031,9.900056838989258,10.022844314575195,9.159092903137207,2313421,0.0,0.0
2011-05-27,10.037121772766113,10.099943161010742,10.008566856384277,10.057109832763672,9.190404891967773,2173691,0.0,0.0
2011-05-31,10.191319465637207,10.508280754089355,10.114219665527344,10.502570152282715,9.597476959228516,6349476,0.0,0.0
2011-06-01,10.476869583129883,10.7167329788208,10.41119384765625,10.539691925048828,9.631400108337402,6237062,0.0,0.0
2011-06-02,10.53112506866455,10.565390586853027,10.399771690368652,10.48258113861084,9.57921028137207,3311841,0.0,0.0
2011-06-03,10.285551071166992,10.445460319519043,10.268418312072754,10.319816589355469,9.430472373962402,2199606,0.0,0.0
2011-06-06,10.29697322845459,10.319816589355469,10.168475151062012,10.194174766540527,9.315658569335938,2073184,0.0,0.0
2011-06-07,10.222729682922363,10.279840469360352,10.1199312210083,10.125641822814941,9.253031730651855,3524413,0.0,0.0
2011-06-08,10.148487091064453,10.305540084838867,10.114219665527344,10.171331405639648,9.294783592224121,3355616,0.0,0.0
2011-06-09,10.157052993774414,10.17989730834961,10.062821388244629,10.079954147338867,9.211280822753906,3401142,0.0,0.0
2011-06-10,10.071388244628906,10.088521003723145,9.874358177185059,9.945745468139648,9.088638305664062,3300985,0.0,0.0
2011-06-13,9.965733528137207,10.099943161010742,9.93146800994873,10.06853199005127,9.20084285736084,2874792,0.0,0.0
2011-06-14,10.137064933776855,10.214162826538086,10.097086906433105,10.122787475585938,9.250422477722168,3133940,0.0,0.0
2011-06-15,10.125641822814941,10.271273612976074,10.034266471862793,10.06853199005127,9.20084285736084,3223941,0.0,0.0
2011-06-16,10.048543930053711,10.062821388244629,9.848657608032227,9.942890167236328,9.086029052734375,3835390,0.0,0.0
2011-06-17,10.079954147338867,10.385494232177734,9.971445083618164,10.322672843933105,9.433082580566406,5441408,0.0,0.0
2011-06-20,10.282695770263672,10.431181907653809,10.242717742919922,10.36550521850586,9.472224235534668,2685684,0.0,0.0
2011-06-21,10.388349533081055,10.733865737915039,10.388349533081055,10.585379600524902,9.673149108886719,3740836,0.0,0.0
2011-06-22,10.562536239624023,10.88806438446045,10.52826976776123,10.7024564743042,9.780138969421387,3485190,0.0,0.0
2011-06-23,10.645345687866211,10.645345687866211,10.391204833984375,10.468303680419922,9.56616497039795,4268238,0.0,0.0
2011-06-24,10.419759750366211,10.48258113861084,10.239863395690918,10.419759750366211,9.52180290222168,10136889,0.0,0.0
2011-06-27,10.396916389465332,10.48829174041748,10.379782676696777,10.436893463134766,9.537459373474121,3373827,0.0,0.0
2011-06-28,10.454026222229004,10.651057243347168,10.454026222229004,10.565390586853027,9.654884338378906,2907010,0.0,0.0
2011-06-29,10.579668998718262,10.816676139831543,10.539691925048828,10.790976524353027,9.861027717590332,4009790,0.0,0.0
2011-06-30,10.833808898925781,10.956596374511719,10.796688079833984,10.89948558807373,9.960187911987305,3677450,0.0,0.0
2011-07-01,10.573958396911621,10.916619300842285,10.53112506866455,10.862363815307617,9.926263809204102,6229007,0.0,0.0
2011-07-05,10.839520454406738,11.247858047485352,10.788121223449707,11.156481742858887,10.195035934448242,4372597,0.0,0.0
2011-07-06,11.119359970092773,11.165048599243164,11.01370620727539,11.019416809082031,10.069783210754395,3941151,0.0,0.0
2011-07-07,11.093661308288574,11.093661308288574,10.985151290893555,11.016562461853027,10.067174911499023,4726649,0.0,0.0
2011-07-08,10.89377498626709,11.056538581848145,10.848087310791016,11.007994651794434,10.059344291687012,3652936,0.0,0.0
2011-07-11,10.933752059936523,11.12221622467041,10.731011390686035,10.785265922546387,9.855810165405273,4169481,0.0,0.0
2011-07-12,10.808110237121582,10.879496574401855,10.7167329788208,10.756710052490234,9.829715728759766,4306409,0.0,0.0
2011-07-13,10.836665153503418,10.965163230895996,10.682467460632324,10.77669906616211,9.847981452941895,2427937,0.0,0.0
2011-07-14,10.82809829711914,10.82809829711914,10.52255916595459,10.59109115600586,9.678369522094727,3909983,0.0,0.0
2011-07-15,10.685322761535645,10.748144149780273,10.471158981323242,10.53112506866455,9.623571395874023,4026600,0.0,0.0
2011-07-18,10.508280754089355,10.573958396911621,10.368361473083496,10.53112506866455,9.623571395874023,3436162,0.0,0.0
2011-07-19,10.602513313293457,10.78240966796875,10.545402526855469,10.719589233398438,9.795794486999512,2871290,0.0,0.0
2011-07-20,10.719589233398438,10.82524299621582,10.562536239624023,10.616789817810059,9.701852798461914,2842573,0.0,0.0
2011-07-21,10.633922576904297,10.768132209777832,10.576812744140625,10.673900604248047,9.754043579101562,1756253,0.0,0.0
2011-07-22,10.651057243347168,10.910907745361328,10.651057243347168,10.882352828979492,9.944530487060547,2046569,0.0,0.0
2011-07-25,10.77669906616211,10.985151290893555,10.748144149780273,10.876642227172852,9.939311981201172,2571519,0.0,0.0
2011-07-26,10.925186157226562,10.925186157226562,10.696744918823242,10.790976524353027,9.861027717590332,2665372,0.0,0.0
2011-07-27,12.064535140991211,12.507139205932617,11.824671745300293,12.004569053649902,10.970037460327148,19605247,0.0,0.0
2011-07-28,11.976014137268066,12.39291763305664,11.976014137268066,12.078811645507812,11.037879943847656,7035518,0.0,0.0
2011-07-29,11.97315788269043,11.996002197265625,11.813249588012695,11.818961143493652,10.800422668457031,4880037,0.0,0.0
2011-08-01,11.961735725402832,12.007424354553223,11.716161727905273,11.847516059875488,10.826518058776855,3176664,0.0,0.0
2011-08-02,11.778983116149902,11.933180809020996,11.48772144317627,11.501998901367188,10.510775566101074,4599177,0.0,0.0
2011-08-03,11.444889068603516,11.570530891418457,11.153626441955566,11.556254386901855,10.560356140136719,6607574,0.0,0.0
2011-08-04,11.479154586791992,11.479154586791992,10.970873832702637,10.988006591796875,10.041078567504883,6712283,0.0,0.0
2011-08-05,11.050827980041504,11.050827980041504,10.619646072387695,10.948030471801758,10.004548072814941,5917329,0.0,0.0
2011-08-08,10.636778831481934,10.77669906616211,10.214162826538086,10.322672843933105,9.433082580566406,6392901,0.0,0.0
2011-08-09,10.29411792755127,10.605367660522461,10.002856254577637,10.562536239624023,9.652275085449219,7180501,0.0,0.0
2011-08-10,10.348372459411621,10.602513313293457,10.174185752868652,10.265563011169434,9.38089370727539,5475377,0.0,0.0
2011-08-11,10.314105987548828,10.836665153503418,10.22844123840332,10.693888664245605,9.772307395935059,3877765,0.0,0.0
2011-08-12,10.750999450683594,10.950884819030762,10.676755905151367,10.802398681640625,9.871465682983398,3556631,0.0,0.0
2011-08-15,11.142204284667969,11.156481742858887,10.822386741638184,10.956596374511719,10.012375831604004,2889150,0.0,0.0
2011-08-16,10.882352828979492,10.89377498626709,10.459736824035645,10.502570152282715,9.597476959228516,4680073,0.0,0.0
2011-08-17,10.533981323242188,10.59109115600586,10.348372459411621,10.376927375793457,9.482661247253418,3923991,0.0,0.0
2011-08-18,9.865791320800781,10.256996154785156,9.865791320800781,10.022844314575195,9.159092903137207,4429330,0.0,0.0
2011-08-19,9.93432331085205,10.177042007446289,9.743003845214844,9.805825233459473,8.960775375366211,5340900,0.0,0.0
2011-08-22,10.028554916381836,10.079954147338867,9.862935066223145,9.905768394470215,9.052104949951172,3378730,0.0,0.0
2011-08-23,9.920045852661133,10.485437393188477,9.865791320800781,10.459736824035645,9.558334350585938,3807725,0.0,0.0
2011-08-24,10.419759750366211,10.579668998718262,10.328384399414062,10.48829174041748,9.584428787231445,2989307,0.0,0.0
2011-08-25,10.52255916595459,10.719589233398438,10.502570152282715,10.611079216003418,9.696635246276855,5322690,0.0,0.0
2011-08-26,10.536835670471191,10.902341842651367,10.508280754089355,10.853797912597656,9.918437004089355,3760448,0.0,0.0
2011-08-29,10.956596374511719,11.230725288391113,10.93660831451416,11.185036659240723,10.221129417419434,2783039,0.0,0.0
2011-08-30,11.150771141052246,11.37350082397461,11.130782127380371,11.219303131103516,10.252442359924316,3375578,0.0,0.0
2011-08-31,11.3135347366333,11.427756309509277,11.19074821472168,11.287836074829102,10.315069198608398,6559596,0.0,0.0
2011-09-01,11.302112579345703,11.501998901367188,11.270702362060547,11.276412963867188,10.304632186889648,3620017,0.0,0.0
2011-09-02,11.133638381958008,11.18789291381836,10.89948558807373,11.019416809082031,10.069783210754395,2279802,0.0,0.0
2011-09-06,10.748144149780273,11.130782127380371,10.673900604248047,11.099371910095215,10.142848014831543,2318674,0.0,0.0
2011-09-07,11.219303131103516,11.362078666687012,11.136492729187012,11.330668449401855,10.354209899902344,2764829,0.0,0.0
2011-09-08,11.287836074829102,11.404911041259766,11.216447830200195,11.287836074829102,10.315069198608398,2646111,0.0,0.0
2011-09-09,11.176470756530762,11.384922981262207,11.07652759552002,11.199315071105957,10.234177589416504,4635247,0.0,0.0
2011-09-12,11.01370620727539,11.293546676635742,11.01370620727539,11.290691375732422,10.317680358886719,3206431,0.0,0.0
2011-09-13,11.279269218444824,11.5391206741333,11.267847061157227,11.336379051208496,10.359430313110352,5198019,0.0,0.0
2011-09-14,11.433466911315918,11.556254386901855,11.210737228393555,11.356368064880371,10.377695083618164,3684804,0.0,0.0
2011-09-15,11.464877128601074,11.990290641784668,11.316390991210938,11.816104888916016,10.797813415527344,5392029,0.0,0.0
2011-09-16,11.881781578063965,11.927470207214355,11.730440139770508,11.844659805297852,10.823905944824219,6082974,0.0,0.0
2011-09-19,11.72472858428955,12.167332649230957,11.72187328338623,12.044546127319336,11.00656795501709,4056016,0.0,0.0
2011-09-20,12.127355575561523,12.278697967529297,12.001712799072266,12.038834571838379,11.001348495483398,4922411,0.0,0.0
2011-09-21,11.998858451843262,12.147343635559082,11.764705657958984,11.778983116149902,10.763890266418457,3506903,0.0,0.0
2011-09-22,11.621930122375488,11.696173667907715,11.310680389404297,11.48772144317627,10.497729301452637,5011712,0.0,0.0
2011-09-23,11.413477897644043,11.521986961364746,11.284979820251465,11.513421058654785,10.521214485168457,4171232,0.0,0.0
2011-09-26,11.53626537322998,11.636207580566406,11.327813148498535,11.561964988708496,10.565574645996094,2654166,0.0,0.0
2011-09-27,11.624786376953125,11.918903350830078,11.544832229614258,11.593375205993652,10.594278335571289,3043238,0.0,0.0
2011-09-28,11.627640724182129,11.7904052734375,11.379212379455566,11.38206672668457,10.401180267333984,2289958,0.0,0.0
2011-09-29,11.5391206741333,11.576242446899414,11.230725288391113,11.42204475402832,10.437712669372559,4229365,0.0,0.0
2011-09-30,11.336379051208496,11.624786376953125,11.165048599243164,11.293546676635742,10.32028865814209,4860076,0.0,0.0
2011-10-03,11.267847061157227,11.362078666687012,10.773843765258789,10.816676139831543,9.884513854980469,4082982,0.0,0.0
2011-10-04,10.696744918823242,10.788121223449707,10.316962242126465,10.559679985046387,9.649664878845215,6006280,0.0,0.0
2011-10-05,10.608223915100098,10.816676139831543,10.334095001220703,10.759566307067871,9.832324981689453,6585511,0.0,0.0
2011-10-06,10.722443580627441,10.965163230895996,10.676755905151367,10.928041458129883,9.98628044128418,3069503,0.0,0.0
2011-10-07,10.93660831451416,11.165048599243164,10.88806438446045,11.033695220947266,10.082829475402832,2847126,0.0,0.0
2011-10-10,11.150771141052246,11.433466911315918,11.150771141052246,11.413477897644043,10.429884910583496,3238299,0.0,0.0
2011-10-11,11.413477897644043,11.624786376953125,11.37350082397461,11.567675590515137,10.570793151855469,2379259,0.0,0.0
2011-10-12,11.950313568115234,11.993146896362305,11.48486614227295,11.60194206237793,10.602107048034668,5610204,0.0,0.0
2011-10-13,11.596231460571289,11.933180809020996,11.379212379455566,11.79326057434082,10.776937484741211,2856932,0.0,0.0
2011-10-14,11.950313568115234,12.173044204711914,11.847516059875488,11.924614906311035,10.896971702575684,1919446,0.0,0.0
2011-10-17,11.873214721679688,12.013134956359863,11.807538986206055,11.853226661682129,10.831735610961914,1879173,0.0,0.0
2011-10-18,11.841805458068848,11.984580039978027,11.60194206237793,11.930326461791992,10.902190208435059,1704073,0.0,0.0
2011-10-19,11.810394287109375,11.953169822692871,11.61050796508789,11.67618465423584,10.669950485229492,2827515,0.0,0.0
2011-10-20,11.641919136047363,11.71330738067627,11.442032814025879,11.573387145996094,10.576011657714844,1969175,0.0,0.0
2011-10-21,11.707595825195312,11.827527046203613,11.556254386901855,11.661907196044922,10.656906127929688,2065129,0.0,0.0
2011-10-24,11.696173667907715,12.170187950134277,11.696173667907715,11.996002197265625,10.96220588684082,2261592,0.0,0.0
2011-10-25,11.990290641784668,12.08452320098877,11.770417213439941,11.778983116149902,10.763890266418457,1447026,0.0,0.0
2011-10-26,11.816104888916016,11.910337448120117,11.564820289611816,11.61050796508789,10.609932899475098,1928551,0.0,0.0
2011-10-27,11.876070976257324,11.967447280883789,11.55910873413086,11.656195640563965,10.651683807373047,3603558,0.0,0.0
2011-10-28,11.644774436950684,11.78754997253418,11.596231460571289,11.71901798248291,10.709094047546387,2260191,0.0,0.0
2011-10-31,11.733295440673828,11.950313568115234,11.627640724182129,11.659051895141602,10.654294967651367,3533168,0.0,0.0
2011-11-01,11.42490005493164,11.596231460571289,11.327813148498535,11.356368064880371,10.377695083618164,2952536,0.0,0.0
2011-11-02,11.442032814025879,11.556254386901855,10.982295989990234,11.302112579345703,10.328116416931152,6619831,0.0,0.0
2011-11-03,11.736150741577148,12.458595275878906,11.730440139770508,11.867504119873047,10.844783782958984,11955828,0.0,0.0
2011-11-04,11.930326461791992,12.492860794067383,11.687606811523438,12.461450576782227,11.387544631958008,5134983,0.0,0.0
2011-11-07,12.175898551940918,12.532837867736816,12.110222816467285,12.224443435668945,11.170961380004883,6044452,0.0,0.0
2011-11-08,12.221588134765625,12.304396629333496,12.018845558166504,12.164477348327637,11.11616325378418,4859025,0.0,0.0
2011-11-09,12.024557113647461,12.075957298278809,11.733295440673828,11.781839370727539,10.766501426696777,4172633,0.0,0.0
2011-11-10,11.824671745300293,11.841805458068848,11.650485038757324,11.72187328338623,10.711702346801758,3329351,0.0,0.0
2011-11-11,11.821816444396973,11.933180809020996,11.690463066101074,11.824671745300293,10.805643081665039,3203980,0.0,0.0
2011-11-14,11.716161727905273,11.918903350830078,11.696173667907715,11.781839370727539,10.766501426696777,2119410,0.0,0.0
2011-11-15,11.801828384399414,12.055968284606934,11.71901798248291,11.964591979980469,10.933503150939941,3891422,0.0,0.0
2011-11-16,11.921758651733398,12.13306713104248,11.810394287109375,11.824671745300293,10.805643081665039,4070725,0.0,0.0
2011-11-17,11.7904052734375,11.893203735351562,11.693318367004395,11.818961143493652,10.800422668457031,3489743,0.0,0.0
2011-11-18,11.893203735351562,11.90748119354248,11.733295440673828,11.816104888916016,10.797813415527344,3427758,0.0,0.0
2011-11-21,11.613364219665527,11.630496978759766,11.267847061157227,11.436322212219238,10.450758934020996,3430909,0.0,0.0
2011-11-22,11.396345138549805,11.462021827697754,11.276412963867188,11.38206672668457,10.401180267333984,3075106,0.0,0.0
2011-11-23,11.279269218444824,11.336379051208496,11.065106391906738,11.19074821472168,10.226348876953125,2307118,0.0,0.0
2011-11-25,11.162193298339844,11.30782413482666,11.085094451904297,11.130782127380371,10.171550750732422,852737,0.0,0.0
2011-11-28,11.504854202270508,11.656195640563965,11.362078666687012,11.613364219665527,10.612545013427734,3614764,0.0,0.0
2011-11-29,11.644774436950684,11.704739570617676,11.49343204498291,11.593375205993652,10.594278335571289,3216937,0.0,0.0
2011-11-30,11.756138801574707,11.996002197265625,11.710451126098633,11.958881378173828,10.928285598754883,3507603,0.0,0.0
2011-12-01,11.896059036254883,12.09023380279541,11.890348434448242,12.044546127319336,11.00656795501709,2223070,0.0,0.0
2011-12-02,12.150199890136719,12.233010292053223,12.058823585510254,12.121644973754883,11.077020645141602,2914715,0.0,0.0
2011-12-05,12.261565208435059,12.432894706726074,12.20159912109375,12.347229957580566,11.283166885375977,3716673,0.0,0.0
2011-12-06,12.338664054870605,12.435750961303711,12.327241897583008,12.395773887634277,11.32752799987793,2232525,0.0,0.0
2011-12-07,12.435750961303711,12.447173118591309,11.984580039978027,12.047401428222656,11.009177207946777,4503572,0.0,0.0
2011-12-08,12.004569053649902,12.164477348327637,11.918903350830078,11.944602966308594,10.915238380432129,6925905,0.0,0.0
2011-12-09,12.001712799072266,12.0416898727417,11.893203735351562,11.930326461791992,10.902190208435059,4813499,0.0,0.0
2011-12-12,11.801828384399414,11.893203735351562,11.696173667907715,11.733295440673828,10.72214126586914,4664314,0.0,0.0
2011-12-13,11.83038330078125,11.86179256439209,11.479154586791992,11.479154586791992,10.489901542663574,4188042,0.0,0.0
2011-12-14,11.507710456848145,11.619074821472168,11.205025672912598,11.419189453125,10.435103416442871,3757996,0.0,0.0
2011-12-15,11.364933967590332,11.619074821472168,11.362078666687012,11.584809303283691,10.586450576782227,3469782,0.0,0.0
2011-12-16,11.596231460571289,11.890348434448242,11.596231460571289,11.858938217163086,10.836956024169922,3518459,0.0,0.0
2011-12-19,11.916048049926758,11.956025123596191,11.710451126098633,11.71330738067627,10.703874588012695,2863585,0.0,0.0
2011-12-20,11.884636878967285,12.013134956359863,11.776127815246582,11.961735725402832,10.930895805358887,2193303,0.0,0.0
2011-12-21,11.878926277160645,12.02170181274414,11.816104888916016,11.990290641784668,10.956988334655762,2033611,0.0,0.0
2011-12-22,11.990290641784668,12.155911445617676,11.990290641784668,12.064535140991211,11.024835586547852,1679909,0.0,0.0
2011-12-23,12.067390441894531,12.20159912109375,11.998858451843262,12.153055191040039,11.105725288391113,1322705,0.0,0.0
2011-12-27,12.124500274658203,12.358652114868164,11.987436294555664,12.24443244934082,11.189229011535645,1252665,0.0,0.0
2011-12-28,12.230154037475586,12.2672758102417,12.124500274658203,12.138777732849121,11.09267807006836,2214315,0.0,0.0
2011-12-29,12.193033218383789,12.204455375671387,12.09023380279541,12.155911445617676,11.108336448669434,2023456,0.0,0.0
2011-12-30,12.107366561889648,12.215876579284668,11.933180809020996,12.164477348327637,11.11616325378418,2034662,0.0,0.0
2012-01-03,12.252998352050781,12.298686027526855,12.095945358276367,12.141633033752441,11.095288276672363,3179466,0.0,0.0
2012-01-04,12.124500274658203,12.138777732849121,11.924614906311035,11.941747665405273,10.912628173828125,2568717,0.0,0.0
2012-01-05,11.94745922088623,11.998858451843262,11.827527046203613,11.996002197265625,10.96220588684082,2697941,0.0,0.0
2012-01-06,11.990290641784668,12.195887565612793,11.916048049926758,11.978869438171387,10.946551322937012,2533347,0.0,0.0
2012-01-09,12.053112983703613,12.053112983703613,11.764705657958984,11.838949203491211,10.818689346313477,4595324,0.0,0.0
2012-01-10,11.990290641784668,12.010279655456543,11.6704740524292,11.813249588012695,10.795204162597656,3202929,0.0,0.0
2012-01-11,11.747572898864746,11.873214721679688,11.693318367004395,11.833237648010254,10.813468933105469,2683583,0.0,0.0
2012-01-12,11.921758651733398,12.08452320098877,11.778983116149902,11.97315788269043,10.941330909729004,3434061,0.0,0.0
2012-01-13,11.933180809020996,12.127355575561523,11.79326057434082,11.893203735351562,10.868268013000488,2236027,0.0,0.0
2012-01-17,11.990290641784668,12.127355575561523,11.867504119873047,11.896059036254883,10.870878219604492,2292759,0.0,0.0
2012-01-18,12.070245742797852,12.164477348327637,11.838949203491211,12.153055191040039,11.105725288391113,2455953,0.0,0.0
2012-01-19,12.235864639282227,12.287263870239258,12.047401428222656,12.08166790008545,11.040491104125977,3555931,0.0,0.0
2012-01-20,12.055968284606934,12.055968284606934,11.896059036254883,12.030267715454102,10.99351978302002,2380309,0.0,0.0
2012-01-23,12.018845558166504,12.153055191040039,11.958881378173828,12.024557113647461,10.988300323486328,2026607,0.0,0.0
2012-01-24,11.978869438171387,12.218731880187988,11.85608196258545,12.164477348327637,11.11616325378418,2072834,0.0,0.0
2012-01-25,12.190176963806152,12.190176963806152,11.90462589263916,12.038834571838379,11.001348495483398,2729109,0.0,0.0
2012-01-26,12.044546127319336,12.153055191040039,11.838949203491211,11.844659805297852,10.823905944824219,3492895,0.0,0.0
2012-01-27,11.801828384399414,12.08166790008545,11.767560958862305,12.018845558166504,10.983081817626953,4693380,0.0,0.0
2012-01-30,11.936037063598633,12.407196044921875,11.90462589263916,12.31581974029541,11.254463195800781,5047433,0.0,0.0
2012-01-31,12.375784873962402,12.444317817687988,12.173044204711914,12.298686027526855,11.238805770874023,3841344,0.0,0.0
2012-02-01,12.849800109863281,13.69503116607666,12.669902801513672,13.072529792785645,11.945960998535156,19047028,0.0,0.0
2012-02-02,13.218160629272461,13.378069877624512,13.072529792785645,13.201027870178223,12.063385963439941,6123597,0.0,0.0
2012-02-03,13.272416114807129,13.32381534576416,13.001141548156738,13.078241348266602,11.951180458068848,5033775,0.0,0.0
2012-02-06,12.964020729064941,13.035408020019531,12.884065628051758,12.955453872680664,11.838974952697754,3225692,0.0,0.0
2012-02-07,12.921188354492188,13.058252334594727,12.921188354492188,13.02684211730957,11.904210090637207,2158633,0.0,0.0
2012-02-08,13.001141548156738,13.10108470916748,12.872644424438477,12.91547679901123,11.802443504333496,2538600,0.0,0.0
2012-02-09,12.944031715393066,13.149628639221191,12.735580444335938,12.955453872680664,11.838974952697754,2723505,0.0,0.0
2012-02-10,12.84123420715332,13.02684211730957,12.749856948852539,12.8640775680542,11.755472183227539,2367702,0.0,0.0
2012-02-13,12.858366966247559,12.86693286895752,12.701313972473145,12.795544624328613,11.692846298217773,2499728,0.0,0.0
2012-02-14,12.766989707946777,12.769845962524414,12.507139205932617,12.649913787841797,11.559764862060547,2835219,0.0,0.0
2012-02-15,12.735580444335938,13.175328254699707,12.609936714172363,12.852656364440918,11.745036125183105,4672719,0.0,0.0
2012-02-16,12.878355026245117,13.20673942565918,12.804112434387207,13.178183555603027,12.042510032653809,5324441,0.0,0.0
2012-02-17,13.20673942565918,13.355225563049316,13.055397033691406,13.081096649169922,11.953790664672852,2555059,0.0,0.0
2012-02-21,13.146773338317871,13.20673942565918,12.955453872680664,13.123929023742676,11.992931365966797,2719303,0.0,0.0
2012-02-22,13.09251880645752,13.32381534576416,13.009709358215332,13.083951950073242,11.956398963928223,2618095,0.0,0.0
2012-02-23,13.09251880645752,13.098230361938477,12.926898956298828,13.001141548156738,11.88072395324707,2437042,0.0,0.0
2012-02-24,13.001141548156738,13.081096649169922,12.8640775680542,12.904054641723633,11.79200553894043,2418831,0.0,0.0
2012-02-27,12.815533638000488,13.018275260925293,12.761279106140137,12.995430946350098,11.875507354736328,1945711,0.0,0.0
2012-02-28,12.97829818725586,13.229582786560059,12.964020729064941,13.055397033691406,11.930304527282715,2405524,0.0,0.0
2012-02-29,13.078241348266602,13.2095947265625,13.015419960021973,13.021130561828613,11.898991584777832,3044989,0.0,0.0
2012-03-01,13.295260429382324,13.6864652633667,13.25528335571289,13.483723640441895,12.3217191696167,6254222,0.0,0.0
2012-03-02,13.386635780334473,13.603654861450195,13.315247535705566,13.372359275817871,12.219952583312988,2644360,0.0,0.0
2012-03-05,13.315247535705566,13.380925178527832,13.215306282043457,13.232439041137695,12.092090606689453,2669925,0.0,0.0
2012-03-06,13.135351181030273,13.266704559326172,13.02684211730957,13.235294342041016,12.094698905944824,3144446,0.0,0.0
2012-03-07,13.232439041137695,13.39520263671875,13.178183555603027,13.383781433105469,12.230389595031738,2430388,0.0,0.0
2012-03-08,13.552255630493164,13.74071979522705,13.526556015014648,13.717874526977539,12.53569221496582,3351764,0.0,0.0
2012-03-09,13.717874526977539,13.906338691711426,13.717874526977539,13.892062187194824,12.694869041442871,3037985,0.0,0.0
2012-03-12,13.889205932617188,13.929183006286621,13.6864652633667,13.774986267089844,12.58788013458252,2198906,0.0,0.0
2012-03-13,13.829239845275879,14.091946601867676,13.80354118347168,14.089092254638672,12.874917030334473,2189801,0.0,0.0
2012-03-14,14.014848709106445,14.163334846496582,13.932039260864258,14.020560264587402,12.812292098999023,2211513,0.0,0.0
2012-03-15,14.006281852722168,14.18046760559082,13.869217872619629,13.940605163574219,12.739228248596191,3409897,0.0,0.0
2012-03-16,14.026270866394043,14.388920783996582,13.997715950012207,14.200456619262695,12.9766845703125,4298355,0.0,0.0
2012-03-19,14.266134262084961,14.397486686706543,14.18046760559082,14.274700164794922,13.044530868530273,4345282,0.0,0.0
2012-03-20,14.154768943786621,14.220444679260254,14.017704010009766,14.089092254638672,12.874917030334473,2382411,0.0,0.0
2012-03-21,14.089092254638672,14.226156234741211,14.080525398254395,14.137636184692383,12.919279098510742,2570468,0.0,0.0
2012-03-22,14.066247940063477,14.21759033203125,13.954882621765137,14.020560264587402,12.812292098999023,2698991,0.0,0.0
2012-03-23,14.003426551818848,14.134779930114746,13.832096099853516,14.10622501373291,12.89057445526123,5340550,0.0,0.0
2012-03-26,14.22330093383789,14.534551620483398,14.169046401977539,14.46887493133545,13.22197437286377,3533518,0.0,0.0
2012-03-27,14.446030616760254,14.577383995056152,14.343232154846191,14.371788024902344,13.133252143859863,3112578,0.0,0.0
2012-03-28,14.091946601867676,14.18046760559082,13.849228858947754,13.98629379272461,12.780977249145508,6663606,0.0,0.0
2012-03-29,13.934893608093262,14.009138107299805,13.834951400756836,13.960594177246094,12.75749397277832,2841523,0.0,0.0
2012-03-30,13.980583190917969,14.163334846496582,13.937749862670898,14.017704010009766,12.809682846069336,3016623,0.0,0.0
2012-04-02,14.014848709106445,14.206168174743652,13.849228858947754,14.126214027404785,12.908841133117676,4790036,0.0,0.0
2012-04-03,14.0576810836792,14.166191101074219,14.011993408203125,14.026270866394043,12.817511558532715,3172812,0.0,0.0
2012-04-04,13.914905548095703,13.960594177246094,13.64934253692627,13.794974327087402,12.606147766113281,3868309,0.0,0.0
2012-04-05,13.80354118347168,13.997715950012207,13.80354118347168,13.949172019958496,12.747055053710938,1906489,0.0,0.0
2012-04-09,13.746431350708008,13.977726936340332,13.657910346984863,13.846373558044434,12.653116226196289,2779888,0.0,0.0
2012-04-10,13.894916534423828,14.066247940063477,13.595088958740234,13.595088958740234,12.423486709594727,3003665,0.0,0.0
2012-04-11,13.723587036132812,13.886350631713867,13.69503116607666,13.789262771606445,12.600927352905273,2027658,0.0,0.0
2012-04-12,13.800684928894043,14.026270866394043,13.797829627990723,14.006281852722168,12.79924488067627,8999089,0.0,0.0
2012-04-13,13.954882621765137,14.160479545593262,13.9263277053833,14.10622501373291,12.89057445526123,2922069,0.0,0.0
2012-04-16,14.11193561553955,14.163334846496582,13.929183006286621,14.03769302368164,12.827948570251465,2486770,0.0,0.0
2012-04-17,14.163334846496582,14.263278007507324,13.966304779052734,14.014848709106445,12.807072639465332,3123434,0.0,0.0
2012-04-18,13.949172019958496,14.034836769104004,13.874929428100586,13.997715950012207,12.79141616821289,2668174,0.0,0.0
2012-04-19,14.043403625488281,14.097658157348633,13.64934253692627,13.746431350708008,12.561786651611328,3892823,0.0,0.0
2012-04-20,13.76070785522461,13.772130012512207,13.517990112304688,13.543688774108887,12.376517295837402,5552421,0.0,0.0
2012-04-23,13.420902252197266,13.503711700439453,12.992575645446777,13.166762351989746,12.032073974609375,6759911,0.0,0.0
2012-04-24,13.201027870178223,13.238149642944336,12.961165428161621,13.001141548156738,11.88072395324707,3738385,0.0,0.0
2012-04-25,13.123929023742676,13.415190696716309,13.123929023742676,13.409480094909668,12.253874778747559,2999813,0.0,0.0
2012-04-26,13.363792419433594,13.557967185974121,13.309536933898926,13.355225563049316,12.20429515838623,3507603,0.0,0.0
2012-04-27,13.400914192199707,14.034836769104004,13.375213623046875,14.009138107299805,12.801854133605957,6932209,0.0,0.0
2012-04-30,13.914905548095703,14.066247940063477,13.732152938842773,13.749285697937012,12.564395904541016,4753265,0.0,0.0
2012-05-01,13.706453323364258,14.134779930114746,13.706453323364258,13.917760848999023,12.718351364135742,6066164,0.0,0.0
2012-05-02,14.2832670211792,15.071388244628906,13.249571800231934,14.380353927612305,13.14107894897461,18331919,0.0,0.0
2012-05-03,14.663049697875977,14.777270317077637,14.237579345703125,14.411765098571777,13.169784545898438,7515642,0.0,0.0
2012-05-04,14.317532539367676,14.454597473144531,14.129069328308105,14.134779930114746,12.916667938232422,3360869,0.0,0.0
2012-05-07,13.966304779052734,14.211878776550293,13.966304779052734,14.023414611816406,12.814900398254395,4625792,0.0,0.0
2012-05-08,13.894916534423828,14.0576810836792,13.680753707885742,13.966304779052734,12.762713432312012,3659240,0.0,0.0
2012-05-09,13.80925178527832,14.11193561553955,13.709308624267578,13.99485969543457,12.788805961608887,4206602,0.0,0.0
2012-05-10,14.034836769104004,14.129069328308105,13.903484344482422,13.92061710357666,12.720961570739746,2598484,0.0,0.0
2012-05-11,13.883495330810547,14.029126167297363,13.797829627990723,13.854940414428711,12.660944938659668,1826993,0.0,0.0
2012-05-14,13.789262771606445,13.797829627990723,13.58366584777832,13.597944259643555,12.426097869873047,1738743,0.0,0.0
2012-05-15,13.672186851501465,13.834951400756836,13.592232704162598,13.69503116607666,12.51481819152832,2836270,0.0,0.0
2012-05-16,13.752141952514648,13.892062187194824,13.529412269592285,13.557967185974121,12.389564514160156,2917866,0.0,0.0
2012-05-17,13.526556015014648,13.612221717834473,12.895487785339355,12.935464859008789,11.820708274841309,3362270,0.0,0.0
2012-05-18,12.992575645446777,13.02969741821289,12.544260025024414,12.592803955078125,11.507577896118164,4174384,0.0,0.0
2012-05-21,12.572815895080566,12.846944808959961,12.278697967529297,12.80125617980957,11.698067665100098,6493408,0.0,0.0
2012-05-22,12.8640775680542,13.149628639221191,12.79269027709961,12.91547679901123,11.802443504333496,4661862,0.0,0.0
2012-05-23,12.838377952575684,12.975442886352539,12.72415828704834,12.935464859008789,11.820708274841309,2356846,0.0,0.0
2012-05-24,12.972586631774902,13.09251880645752,12.738434791564941,12.795544624328613,11.692846298217773,3097169,0.0,0.0
2012-05-25,12.821245193481445,12.949743270874023,12.718446731567383,12.772701263427734,11.671972274780273,2042016,0.0,0.0
2012-05-29,12.884065628051758,13.141061782836914,12.778411865234375,13.086808204650879,11.959009170532227,3174913,0.0,0.0
2012-05-30,12.935464859008789,12.972586631774902,12.804112434387207,12.898344039916992,11.786787033081055,2305367,0.0,0.0
2012-05-31,12.884065628051758,13.055397033691406,12.769845962524414,12.826955795288086,11.721550941467285,5285218,0.0,0.0
2012-06-01,12.664192199707031,12.72986888885498,12.561392784118652,12.584238052368164,11.499750137329102,3199077,0.0,0.0
2012-06-04,12.627070426940918,12.727012634277344,12.432894706726074,12.564249038696289,11.481483459472656,2381360,0.0,0.0
2012-06-05,12.518561363220215,12.698457717895508,12.484294891357422,12.68132495880127,11.588471412658691,1744696,0.0,0.0
2012-06-06,12.812678337097168,13.198171615600586,12.772701263427734,13.049686431884766,11.925087928771973,2927322,0.0,0.0
2012-06-07,13.215306282043457,13.269559860229492,12.929754257202148,12.961165428161621,11.844193458557129,1409905,0.0,0.0
2012-06-08,12.838377952575684,12.938321113586426,12.75556755065918,12.924042701721191,11.810270309448242,1553137,0.0,0.0
2012-06-11,13.015419960021973,13.081096649169922,12.758423805236816,12.758423805236816,11.65892505645752,1998591,0.0,0.0
2012-06-12,12.844088554382324,12.969732284545898,12.727012634277344,12.955453872680664,11.838974952697754,2200657,0.0,0.0
2012-06-13,12.941176414489746,13.055397033691406,12.769845962524414,12.846944808959961,11.73981761932373,3415501,0.0,0.0
2012-06-14,12.875499725341797,13.009709358215332,12.781268119812012,12.961165428161621,11.844193458557129,2841173,0.0,0.0
2012-06-15,12.992575645446777,13.178183555603027,12.921188354492188,13.09251880645752,11.964227676391602,3101371,0.0,0.0
2012-06-18,13.006853103637695,13.298114776611328,12.926898956298828,13.189605712890625,12.052947044372559,2148827,0.0,0.0
2012-06-19,13.203883171081543,13.27527141571045,13.001141548156738,13.055397033691406,11.930304527282715,2729459,0.0,0.0
2012-06-20,13.02684211730957,13.038264274597168,12.826955795288086,12.904054641723633,11.79200553894043,1832597,0.0,0.0
2012-06-21,13.021130561828613,13.123929023742676,12.804112434387207,12.829812049865723,11.724159240722656,2791794,0.0,0.0
2012-06-22,12.921188354492188,13.078241348266602,12.90976619720459,12.992575645446777,11.87289810180664,4920660,0.0,0.0
2012-06-25,12.835522651672363,12.955453872680664,12.661335945129395,12.675614356994629,11.583251953125,2251786,0.0,0.0
2012-06-26,12.649913787841797,13.043974876403809,12.641347885131836,12.969732284545898,11.852023124694824,2449649,0.0,0.0
2012-06-27,13.02684211730957,13.21245002746582,12.986865043640137,13.02684211730957,11.904210090637207,2944832,0.0,0.0
2012-06-28,12.955453872680664,13.02684211730957,12.567105293273926,12.661335945129395,11.57020378112793,3159504,0.0,0.0
2012-06-29,12.969732284545898,13.035408020019531,12.878355026245117,13.021130561828613,11.898991584777832,2653816,0.0,0.0
2012-07-02,13.10108470916748,13.20673942565918,12.929754257202148,12.97829818725586,11.859850883483887,3650485,0.0,0.0
2012-07-03,12.992575645446777,13.315247535705566,12.901199340820312,13.312393188476562,12.165155410766602,1829795,0.0,0.0
2012-07-05,13.326669692993164,13.560821533203125,13.309536933898926,13.455167770385742,12.295622825622559,3825235,0.0,0.0
2012-07-06,13.378069877624512,13.480868339538574,13.243861198425293,13.300971031188965,12.154716491699219,3627722,0.0,0.0
2012-07-09,13.300971031188965,13.543688774108887,13.252427101135254,13.51227855682373,12.347813606262207,4237420,0.0,0.0
2012-07-10,13.517990112304688,13.69503116607666,13.452313423156738,13.552255630493164,12.384346008300781,4570460,0.0,0.0
2012-07-11,13.478013038635254,13.595088958740234,13.366647720336914,13.449457168579102,12.290406227111816,2788643,0.0,0.0
2012-07-12,13.3295259475708,13.39234733581543,13.023985862731934,13.061107635498047,11.935523986816406,4562756,0.0,0.0
2012-07-13,12.995430946350098,13.32381534576416,12.995430946350098,13.292404174804688,12.146886825561523,3512856,0.0,0.0
2012-07-16,13.335236549377441,13.655054092407227,13.272416114807129,13.61793327331543,12.444361686706543,8290285,0.0,0.0
2012-07-17,13.61793327331543,13.757852554321289,13.615077018737793,13.6864652633667,12.506988525390625,3107325,0.0,0.0
2012-07-18,13.7007417678833,13.992005348205566,13.620787620544434,13.963448524475098,12.760102272033691,2907711,0.0,0.0
2012-07-19,14.080525398254395,14.14905834197998,13.814963340759277,13.849228858947754,12.655725479125977,4328822,0.0,0.0
2012-07-20,13.863507270812988,13.894916534423828,13.74071979522705,13.866361618041992,12.671380996704102,2079838,0.0,0.0
2012-07-23,13.637921333312988,13.783552169799805,13.486578941345215,13.749285697937012,12.564395904541016,2954287,0.0,0.0
2012-07-24,13.846373558044434,13.846373558044434,13.50656795501709,13.792119026184082,12.603537559509277,5387127,0.0,0.0
2012-07-25,14.277556419372559,15.002856254577637,14.049115180969238,14.614505767822266,13.355052947998047,11669014,0.0,0.0
2012-07-26,14.81439208984375,15.25413990020752,14.665904998779297,15.168475151062012,13.861284255981445,4729451,0.0,0.0
2012-07-27,15.154197692871094,15.476869583129883,14.922901153564453,15.379782676696777,14.054380416870117,5776899,0.0,0.0
2012-07-30,15.448314666748047,15.448314666748047,15.11136531829834,15.205596923828125,13.895206451416016,3372076,0.0,0.0
2012-07-31,15.325528144836426,15.391204833984375,14.985721588134766,15.022844314575195,13.728200912475586,2530545,0.0,0.0
2012-08-01,15.102798461914062,15.188464164733887,14.974300384521484,14.982867240905762,13.691668510437012,2123613,0.0,0.0
2012-08-02,14.940033912658691,15.128498077392578,14.723014831542969,14.762992858886719,13.490743637084961,3051993,0.0,0.0
2012-08-03,15.019989013671875,15.222729682922363,14.928611755371094,15.162763595581055,13.856062889099121,1973377,0.0,0.0
2012-08-06,15.17989730834961,15.339805603027344,14.977155685424805,15.205596923828125,13.895206451416016,4055316,0.0,0.0
2012-08-07,15.328384399414062,15.348372459411621,15.00571060180664,15.022844314575195,13.728200912475586,3290129,0.0,0.0
2012-08-08,15.051399230957031,15.062821388244629,14.777270317077637,14.800113677978516,13.524665832519531,3333554,0.0,0.0
2012-08-09,14.811535835266113,14.8800687789917,14.683037757873535,14.69731616973877,13.430726051330566,2476614,0.0,0.0
2012-08-10,14.683037757873535,14.960022926330566,14.643060684204102,14.945745468139648,13.657747268676758,2677979,0.0,0.0
2012-08-13,14.800113677978516,14.954312324523926,14.643060684204102,14.82010269165039,13.54293155670166,2156882,0.0,0.0
2012-08-14,14.891490936279297,15.054254531860352,14.737293243408203,14.768704414367676,13.495962142944336,2794946,0.0,0.0
2012-08-15,14.762992858886719,15.079954147338867,14.743003845214844,14.982867240905762,13.691668510437012,3146547,0.0,0.0
2012-08-16,15.099943161010742,15.125641822814941,14.942890167236328,14.988577842712402,13.69688892364502,2488521,0.0,0.0
2012-08-17,14.99428939819336,15.057109832763672,14.902913093566895,14.942890167236328,13.65513801574707,1445275,0.0,0.0
2012-08-20,14.905768394470215,14.99428939819336,14.82010269165039,14.937178611755371,13.649918556213379,1264222,0.0,0.0
2012-08-21,14.945745468139648,14.988577842712402,14.782980918884277,14.82010269165039,13.54293155670166,1927851,0.0,0.0
2012-08-22,14.785837173461914,14.874358177185059,14.500286102294922,14.760136604309082,13.488131523132324,2446147,0.0,0.0
2012-08-23,14.760136604309082,14.800113677978516,14.52027416229248,14.648772239685059,13.386364936828613,2191201,0.0,0.0
2012-08-24,14.657339096069336,14.848657608032227,14.565961837768555,14.70588207244873,13.438553810119629,2735412,0.0,0.0
2012-08-27,14.857224464416504,14.988577842712402,14.754426002502441,14.825814247131348,13.548151016235352,2715801,0.0,0.0
2012-08-28,14.780125617980957,15.242717742919922,14.780125617980957,14.900056838989258,13.615995407104492,4096640,0.0,0.0
2012-08-29,14.922901153564453,14.951456069946289,14.734436988830566,14.914335250854492,13.629043579101562,2055674,0.0,0.0
2012-08-30,14.848657608032227,14.917189598083496,14.765848159790039,14.81724739074707,13.540322303771973,1202587,0.0,0.0
2012-08-31,14.877212524414062,15.048543930053711,14.720159530639648,14.802969932556152,13.527275085449219,2983354,0.0,0.0
2012-09-04,14.714448928833008,14.965733528137207,14.591662406921387,14.868645668029785,13.587291717529297,2562764,0.0,0.0
2012-09-05,14.82010269165039,14.857224464416504,14.665904998779297,14.70017147064209,13.433335304260254,2383811,0.0,0.0
2012-09-06,14.788692474365234,15.085664749145508,14.777270317077637,14.865791320800781,13.58468246459961,3994381,0.0,0.0
2012-09-07,14.874358177185059,14.8800687789917,14.51170825958252,14.677327156066895,13.412460327148438,4157224,0.0,0.0
2012-09-10,14.677327156066895,14.762992858886719,14.545973777770996,14.665904998779297,13.402022361755371,2368753,0.0,0.0
2012-09-11,14.734436988830566,14.954312324523926,14.69731616973877,14.900056838989258,13.615995407104492,2655567,0.0,0.0
2012-09-12,14.900056838989258,15.002856254577637,14.657339096069336,14.688749313354492,13.422897338867188,3659240,0.0,0.0
2012-09-13,14.660194396972656,14.980010986328125,14.54311752319336,14.885780334472656,13.602950096130371,2605838,0.0,0.0
2012-09-14,14.948600769042969,15.071388244628906,14.917189598083496,15.034266471862793,13.738637924194336,1828044,0.0,0.0
2012-09-17,15.034266471862793,15.134208679199219,14.791547775268555,14.825814247131348,13.548151016235352,2147076,0.0,0.0
2012-09-18,14.785837173461914,14.834380149841309,14.58880615234375,14.791547775268555,13.516838073730469,2621247,0.0,0.0
2012-09-19,14.862935066223145,15.11136531829834,14.751570701599121,15.045687675476074,13.749075889587402,2857982,0.0,0.0
2012-09-20,15.037121772766113,15.439748764038086,14.928611755371094,15.422616004943848,14.093521118164062,4105395,0.0,0.0
2012-09-21,15.648200988769531,15.705310821533203,15.171331405639648,15.197030067443848,13.887375831604004,3856402,0.0,0.0
2012-09-24,15.142775535583496,15.18275260925293,14.885780334472656,14.905768394470215,13.6212158203125,2172291,0.0,0.0
2012-09-25,14.940033912658691,15.157052993774414,14.897201538085938,15.045687675476074,13.749075889587402,4004537,0.0,0.0
2012-09-26,15.062821388244629,15.097086906433105,14.591662406921387,14.734436988830566,13.464648246765137,2761327,0.0,0.0
2012-09-27,14.805825233459473,14.937178611755371,14.637350082397461,14.857224464416504,13.57685375213623,2228673,0.0,0.0
2012-09-28,14.857224464416504,14.897201538085938,14.69731616973877,14.865791320800781,13.58468246459961,2170189,0.0,0.0
2012-10-01,15.099943161010742,15.148487091064453,14.93432331085205,15.014278411865234,13.72037410736084,3306238,0.0,0.0
2012-10-02,15.094231605529785,15.205596923828125,15.022844314575195,15.06853199005127,13.769950866699219,2044468,0.0,0.0
2012-10-03,15.085664749145508,15.334095001220703,15.085664749145508,15.305540084838867,13.98653507232666,1638236,0.0,0.0
2012-10-04,15.36550521850586,15.48829174041748,15.319816589355469,15.3455171585083,14.023067474365234,1656446,0.0,0.0
2012-10-05,15.374072074890137,15.562536239624023,15.342660903930664,15.396916389465332,14.070036888122559,1430917,0.0,0.0
2012-10-08,15.362649917602539,15.41404914855957,15.222729682922363,15.328384399414062,14.007410049438477,1116438,0.0,0.0
2012-10-09,15.276985168457031,15.276985168457031,14.982867240905762,15.142775535583496,13.837796211242676,1876372,0.0,0.0
2012-10-10,15.18275260925293,15.18275260925293,15.0,15.057109832763672,13.759515762329102,1152858,0.0,0.0
2012-10-11,15.276985168457031,15.368361473083496,15.134208679199219,15.319816589355469,13.999581336975098,2163886,0.0,0.0
2012-10-12,15.2512845993042,15.408337593078613,15.231295585632324,15.291261672973633,13.97348690032959,1371733,0.0,0.0
2012-10-15,15.408337593078613,15.668190002441406,15.205596923828125,15.668190002441406,14.31793212890625,2216416,0.0,0.0
2012-10-16,15.7167329788208,15.868075370788574,15.585379600524902,15.705310821533203,14.35185432434082,2718603,0.0,0.0
2012-10-17,15.662479400634766,15.7024564743042,15.516847610473633,15.608223915100098,14.263134002685547,2091394,0.0,0.0
2012-10-18,15.573958396911621,15.639634132385254,14.908623695373535,15.037121772766113,13.741249084472656,5811919,0.0,0.0
2012-10-19,15.1199312210083,15.125641822814941,14.897201538085938,15.045687675476074,13.749075889587402,2671326,0.0,0.0
2012-10-22,15.028554916381836,15.314105987548828,14.960022926330566,15.282695770263672,13.965659141540527,2487471,0.0,0.0
2012-10-23,15.131354331970215,15.211307525634766,14.897201538085938,14.965733528137207,13.67601203918457,3669045,0.0,0.0
2012-10-24,15.265563011169434,15.41404914855957,12.86693286895752,13.706453323364258,12.525254249572754,23536242,0.0,0.0
2012-10-25,14.10051441192627,14.448885917663574,13.900628089904785,14.363221168518066,13.125423431396484,6990342,0.0,0.0
2012-10-26,14.137636184692383,14.306111335754395,14.034836769104004,14.043403625488281,12.833168029785156,3782160,0.0,0.0
2012-10-31,14.051969528198242,14.06339168548584,13.717874526977539,13.806395530700684,12.616583824157715,4578515,0.0,0.0
2012-11-01,13.832096099853516,14.117647171020508,13.786408424377441,13.934893608093262,12.7340087890625,2898605,0.0,0.0
2012-11-02,13.972016334533691,13.972016334533691,13.475156784057617,13.480868339538574,12.319109916687012,3347212,0.0,0.0
2012-11-05,13.420902252197266,13.600799560546875,12.966876029968262,13.09537410736084,11.966837882995605,8129193,0.0,0.0
2012-11-06,13.012563705444336,13.418046951293945,12.849800109863281,13.318103790283203,12.170371055603027,4667816,0.0,0.0
2012-11-07,13.149628639221191,13.186750411987305,12.478584289550781,12.632781028747559,11.544110298156738,10329149,0.0,0.0
2012-11-08,12.609936714172363,12.707024574279785,12.230154037475586,12.272987365722656,11.21532154083252,5091908,0.0,0.0
2012-11-09,12.235864639282227,12.872644424438477,12.235864639282227,12.589948654174805,11.50496768951416,5576235,0.0,0.0
2012-11-12,12.581381797790527,12.735580444335938,12.481438636779785,12.584238052368164,11.499750137329102,2846075,0.0,0.0
2012-11-13,12.404339790344238,12.678468704223633,12.358652114868164,12.467162132263184,11.392763137817383,2808604,0.0,0.0
2012-11-14,12.512849807739258,12.575671195983887,12.264419555664062,12.278697967529297,11.220541954040527,3623169,0.0,0.0
2012-11-15,12.230154037475586,12.295830726623535,11.950313568115234,12.050256729125977,11.011786460876465,3755895,0.0,0.0
2012-11-16,12.1359224319458,12.301542282104492,12.018845558166504,12.215876579284668,11.16313362121582,2907711,0.0,0.0
2012-11-19,12.375784873962402,12.555682182312012,12.247286796569824,12.321531295776367,11.259683609008789,2496576,0.0,0.0
2012-11-20,12.307252883911133,12.307252883911133,11.967447280883789,12.098800659179688,11.056147575378418,3565036,0.0,0.0
2012-11-21,12.193033218383789,12.19874382019043,11.996002197265625,12.107366561889648,11.063974380493164,4203100,0.0,0.0
2012-11-23,12.121644973754883,12.27013111114502,12.058823585510254,12.235864639282227,11.181398391723633,1266673,0.0,0.0
2012-11-26,12.221588134765625,12.252998352050781,12.113078117370605,12.250143051147461,11.194446563720703,1720883,0.0,0.0
2012-11-27,12.181611061096191,12.39291763305664,12.113078117370605,12.364362716674805,11.298823356628418,4043759,0.0,0.0
2012-11-28,12.31296443939209,12.61850357055664,12.064535140991211,12.60708236694336,11.520626068115234,5604601,0.0,0.0
2012-11-29,12.904054641723633,13.183895111083984,12.86693286895752,13.103940963745117,11.974664688110352,13820293,0.0,0.0
2012-11-30,13.106796264648438,13.498001098632812,13.103940963745117,13.46373462677002,12.303452491760254,9576569,0.0,0.0
2012-12-03,13.495145797729492,13.57509994506836,13.20673942565918,13.469446182250977,12.308672904968262,6869523,0.0,0.0
2012-12-04,12.835522651672363,12.835522651672363,12.050256729125977,12.421472549438477,11.351011276245117,13163668,0.0,0.0
2012-12-05,12.378641128540039,12.592803955078125,12.378641128540039,12.521415710449219,11.442340850830078,5654329,0.0,0.0
2012-12-06,12.561392784118652,12.898344039916992,12.521415710449219,12.84123420715332,11.734599113464355,5073347,0.0,0.0
2012-12-07,12.869789123535156,12.932609558105469,12.661335945129395,12.824101448059082,11.718941688537598,3080009,0.0,0.0
2012-12-10,12.738434791564941,12.815533638000488,12.404339790344238,12.415761947631836,11.345792770385742,6478000,0.0,0.0
2012-12-11,12.507139205932617,12.79269027709961,12.455739974975586,12.747001647949219,11.648487091064453,4390457,0.0,0.0
2012-12-12,12.869789123535156,13.02684211730957,12.809823036193848,12.924042701721191,11.810270309448242,4813849,0.0,0.0
2012-12-13,12.998287200927734,12.998287200927734,12.806966781616211,12.895487785339355,11.784175872802734,3348963,0.0,0.0
2012-12-14,12.8640775680542,13.049686431884766,12.818388938903809,12.892633438110352,11.78156852722168,2168789,0.0,0.0
2012-12-17,12.91547679901123,13.158194541931152,12.852656364440918,13.129639625549316,11.998148918151855,3812277,0.0,0.0
2012-12-18,13.175328254699707,13.415190696716309,13.10108470916748,13.335236549377441,12.186028480529785,4815600,0.0,0.0
2012-12-19,13.28098201751709,13.7007417678833,13.235294342041016,13.50085735321045,12.33737564086914,5077900,0.0,0.0
2012-12-20,13.50656795501709,13.50656795501709,13.243861198425293,13.289548873901367,12.144278526306152,5140936,0.0,0.0
2012-12-21,12.981154441833496,13.38949203491211,12.981154441833496,13.263849258422852,12.120794296264648,4707388,0.0,0.0
2012-12-24,13.232439041137695,13.332381248474121,13.09537410736084,13.28098201751709,12.136448860168457,1044296,0.0,0.0
2012-12-26,13.266704559326172,13.303826332092285,13.086808204650879,13.106796264648438,11.977275848388672,2165987,0.0,0.0
2012-12-27,13.135351181030273,13.332381248474121,13.078241348266602,13.249571800231934,12.107745170593262,2477315,0.0,0.0
2012-12-28,13.198171615600586,13.409480094909668,13.14391803741455,13.201027870178223,12.063385963439941,2067231,0.0,0.0
2012-12-31,13.129639625549316,13.720730781555176,13.049686431884766,13.489435195922852,12.326937675476074,4932567,0.0,0.0
2013-01-02,13.606511116027832,13.914905548095703,13.300971031188965,13.420902252197266,12.264311790466309,5639621,0.0,0.0
2013-01-03,13.378069877624512,13.420902252197266,13.221016883850098,13.27527141571045,12.131232261657715,3601807,0.0,0.0
2013-01-04,13.352370262145996,13.420902252197266,13.272416114807129,13.403768539428711,12.24865436553955,1835748,0.0,0.0
2013-01-07,13.266704559326172,13.386635780334473,12.938321113586426,13.14391803741455,12.011198043823242,5607402,0.0,0.0
2013-01-08,13.21245002746582,13.375213623046875,12.941176414489746,12.981154441833496,11.862462043762207,3750642,0.0,0.0
2013-01-09,13.041118621826172,13.16961669921875,12.898344039916992,12.986865043640137,11.867679595947266,3000514,0.0,0.0
2013-01-10,13.02969741821289,13.058252334594727,12.215876579284668,12.327241897583008,11.264901161193848,8888076,0.0,0.0
2013-01-11,12.370074272155762,12.484294891357422,12.233010292053223,12.390063285827637,11.322310447692871,4904551,0.0,0.0
2013-01-14,12.412906646728516,12.418618202209473,12.238720893859863,12.412906646728516,11.343182563781738,3008568,0.0,0.0
2013-01-15,12.364362716674805,12.412906646728516,12.075957298278809,12.19874382019043,11.147476196289062,6761662,0.0,0.0
2013-01-16,12.20730972290039,12.272987365722656,12.010279655456543,12.101655960083008,11.058756828308105,6063713,0.0,0.0
2013-01-17,12.178754806518555,12.178754806518555,11.910337448120117,11.944602966308594,10.915238380432129,5452964,0.0,0.0
2013-01-18,11.961735725402832,11.97315788269043,11.841805458068848,11.910337448120117,10.88392448425293,2431439,0.0,0.0
2013-01-22,11.887493133544922,12.030267715454102,11.679040908813477,11.781839370727539,10.766501426696777,4375399,0.0,0.0
2013-01-23,11.807538986206055,11.807538986206055,11.296401977539062,11.507710456848145,10.515995025634766,11337725,0.0,0.0
2013-01-24,11.547686576843262,11.636207580566406,10.908053398132324,11.25928020477295,10.28897476196289,17749537,0.0,0.0
2013-01-25,11.342089653015137,11.639062881469727,11.256424903869629,11.507710456848145,10.515995025634766,6918551,0.0,0.0
2013-01-28,11.553398132324219,11.79326057434082,11.507710456848145,11.616218566894531,10.615153312683105,4930116,0.0,0.0
2013-01-29,11.659051895141602,11.687606811523438,11.427756309509277,11.60765266418457,10.60732650756836,3780759,0.0,0.0
2013-01-30,11.681896209716797,11.78754997253418,11.527697563171387,11.687606811523438,10.680389404296875,4656259,0.0,0.0
2013-01-31,11.613364219665527,11.896059036254883,11.587663650512695,11.778983116149902,10.763890266418457,5420746,0.0,0.0
2013-02-01,11.887493133544922,11.97030258178711,11.707595825195312,11.867504119873047,10.844783782958984,3514257,0.0,0.0
2013-02-04,11.747572898864746,11.881781578063965,11.681896209716797,11.753284454345703,10.74040699005127,3747840,0.0,0.0
2013-02-05,11.821816444396973,12.247286796569824,11.810394287109375,12.104512214660645,11.061366081237793,9383259,0.0,0.0
2013-02-06,12.08166790008545,12.49571704864502,11.961735725402832,12.281553268432617,11.223150253295898,9624897,0.0,0.0
2013-02-07,12.441461563110352,12.769845962524414,12.347229957580566,12.527127265930176,11.447561264038086,11385702,0.0,0.0
2013-02-08,12.50428295135498,12.627070426940918,11.878926277160645,12.484294891357422,11.408419609069824,9349640,0.0,0.0
2013-02-11,12.541404724121094,12.561392784118652,12.3615083694458,12.421472549438477,11.351011276245117,7001198,0.0,0.0
2013-02-12,12.3615083694458,12.378641128540039,12.107366561889648,12.230154037475586,11.176179885864258,8455579,0.0,0.0
2013-02-13,12.141633033752441,12.181611061096191,12.053112983703613,12.141633033752441,11.095288276672363,5805616,0.0,0.0
2013-02-14,12.110222816467285,12.130210876464844,11.85608196258545,11.870360374450684,10.847393035888672,5948497,0.0,0.0
2013-02-15,11.847516059875488,11.996002197265625,11.767560958862305,11.90748119354248,10.881316184997559,6708431,0.0,0.0
2013-02-19,11.924614906311035,11.964591979980469,11.74471664428711,11.961735725402832,10.930895805358887,7601791,0.0,0.0
2013-02-20,11.956025123596191,11.987436294555664,11.844659805297852,11.870360374450684,10.847393035888672,3562234,0.0,0.0
2013-02-21,11.821816444396973,11.933180809020996,11.690463066101074,11.870360374450684,10.847393035888672,4219910,0.0,0.0
2013-02-22,11.97315788269043,12.02170181274414,11.867504119873047,11.956025123596191,10.925674438476562,5612655,0.0,0.0
2013-02-25,11.956025123596191,12.047401428222656,11.741862297058105,11.756138801574707,10.74301528930664,7608445,0.0,0.0
2013-02-26,11.756138801574707,11.807538986206055,11.584809303283691,11.687606811523438,10.680389404296875,5411991,0.0,0.0
2013-02-27,11.627640724182129,11.747572898864746,11.593375205993652,11.667618751525879,10.662123680114746,4864978,0.0,0.0
2013-02-28,11.67618465423584,11.72472858428955,11.433466911315918,11.636207580566406,10.633420944213867,5360161,0.0,0.0
2013-03-01,11.60479736328125,11.807538986206055,11.561964988708496,11.776127815246582,10.76128101348877,4920310,0.0,0.0
2013-03-04,11.736150741577148,11.850371360778809,11.576242446899414,11.704739570617676,10.696045875549316,4362091,0.0,0.0
2013-03-05,11.778983116149902,12.20730972290039,11.641919136047363,12.167332649230957,11.118773460388184,7582530,0.0,0.0
2013-03-06,12.181611061096191,12.233010292053223,12.044546127319336,12.078811645507812,11.037879943847656,5017666,0.0,0.0
2013-03-07,12.101655960083008,12.218731880187988,12.0159912109375,12.20730972290039,11.155304908752441,8560989,0.0,0.0
2013-03-08,12.210165977478027,12.458595275878906,12.210165977478027,12.441461563110352,11.369277954101562,4921010,0.0,0.0
2013-03-11,12.330097198486328,12.464305877685547,12.27013111114502,12.450029373168945,11.377107620239258,5602500,0.0,0.0
2013-03-12,12.401485443115234,12.478584289550781,12.31581974029541,12.415761947631836,11.345792770385742,2861484,0.0,0.0
2013-03-13,12.415761947631836,12.464305877685547,12.31296443939209,12.395773887634277,11.32752799987793,2402022,0.0,0.0
2013-03-14,12.415761947631836,12.472872734069824,12.332953453063965,12.427184104919434,11.356230735778809,3467680,0.0,0.0
2013-03-15,12.390063285827637,12.549970626831055,12.304396629333496,12.332953453063965,11.270120620727539,4371897,0.0,0.0
2013-03-18,12.193033218383789,12.38149642944336,12.1359224319458,12.304396629333496,11.244025230407715,1897033,0.0,0.0
2013-03-19,12.31010913848877,12.404339790344238,12.138777732849121,12.27584171295166,11.217930793762207,1918746,0.0,0.0
2013-03-20,12.327241897583008,12.632781028747559,12.321531295776367,12.587093353271484,11.502359390258789,3263164,0.0,0.0
2013-03-21,12.461450576782227,12.587093353271484,12.461450576782227,12.478584289550781,11.403200149536133,2874792,0.0,0.0
2013-03-22,12.518561363220215,12.704169273376465,12.484294891357422,12.589948654174805,11.50496768951416,2613192,0.0,0.0
2013-03-25,12.647059440612793,12.658480644226074,12.541404724121094,12.635637283325195,11.546719551086426,2418481,0.0,0.0
2013-03-26,12.738434791564941,12.758423805236816,12.584238052368164,12.655625343322754,11.564984321594238,2545604,0.0,0.0
2013-03-27,12.535694122314453,12.644203186035156,12.521415710449219,12.535694122314453,11.455389976501465,3623169,0.0,0.0
2013-03-28,12.54711627960205,12.789834022521973,12.527127265930176,12.758423805236816,11.65892505645752,2843274,0.0,0.0
2013-04-01,12.707024574279785,12.821245193481445,12.518561363220215,12.535694122314453,11.455389976501465,4137263,0.0,0.0
2013-04-02,12.809823036193848,13.018275260925293,12.707024574279785,12.878355026245117,11.768521308898926,3691458,0.0,0.0
2013-04-03,12.821245193481445,12.961165428161621,12.658480644226074,12.769845962524414,11.66936206817627,4499019,0.0,0.0
2013-04-04,12.735580444335938,12.744146347045898,12.641347885131836,12.727012634277344,11.630220413208008,3150399,0.0,0.0
2013-04-05,12.532837867736816,12.772701263427734,12.512849807739258,12.68989086151123,11.596297264099121,1931353,0.0,0.0
2013-04-08,12.68418025970459,12.72415828704834,12.544260025024414,12.649913787841797,11.559764862060547,2050421,0.0,0.0
2013-04-09,12.649913787841797,12.786978721618652,12.592803955078125,12.707024574279785,11.611955642700195,2684983,0.0,0.0
2013-04-10,12.72415828704834,13.161050796508789,12.692747116088867,13.10108470916748,11.972057342529297,4769724,0.0,0.0
2013-04-11,13.061107635498047,13.09251880645752,12.652770042419434,12.664192199707031,11.572813987731934,8984381,0.0,0.0
2013-04-12,12.649913787841797,12.741291046142578,12.552826881408691,12.649913787841797,11.559764862060547,7293966,0.0,0.0
2013-04-15,12.61850357055664,12.672758102416992,12.54711627960205,12.598514556884766,11.512796401977539,2606889,0.0,0.0
2013-04-16,12.709879875183105,12.824101448059082,12.61279296875,12.824101448059082,11.718941688537598,2542452,0.0,0.0
2013-04-17,12.707024574279785,12.79269027709961,12.527127265930176,12.635637283325195,11.546719551086426,2672026,0.0,0.0
2013-04-18,12.61279296875,12.667046546936035,12.364362716674805,12.478584289550781,11.403200149536133,3443166,0.0,0.0
2013-04-19,12.490006446838379,12.572815895080566,12.421472549438477,12.527127265930176,11.447561264038086,2467859,0.0,0.0
2013-04-22,12.552826881408691,12.672758102416992,12.375784873962402,12.635637283325195,11.546719551086426,2101200,0.0,0.0
2013-04-23,12.715591430664062,12.79840087890625,12.61564826965332,12.786978721618652,11.685018539428711,1730688,0.0,0.0
2013-04-24,12.7327241897583,13.02969741821289,12.7327241897583,13.02684211730957,11.904210090637207,2620196,0.0,0.0
2013-04-25,13.066819190979004,13.360937118530273,13.023985862731934,13.352370262145996,12.201684951782227,2948334,0.0,0.0
2013-04-26,13.312393188476562,13.312393188476562,13.129639625549316,13.16390609741211,12.029462814331055,3171061,0.0,0.0
2013-04-29,13.243861198425293,13.300971031188965,13.018275260925293,13.05254077911377,11.927696228027344,3976171,0.0,0.0
2013-04-30,13.086808204650879,13.46373462677002,12.995430946350098,13.44089126586914,12.282578468322754,5411290,0.0,0.0
2013-05-01,13.05254077911377,14.346088409423828,13.041118621826172,13.58366584777832,12.413049697875977,9536646,0.0,0.0
2013-05-02,13.64934253692627,13.723587036132812,13.438035011291504,13.438035011291504,12.27996826171875,3925042,0.0,0.0
2013-05-03,13.580810546875,13.849228858947754,13.526556015014648,13.769274711608887,12.582660675048828,5450863,0.0,0.0
2013-05-06,13.849228858947754,14.120503425598145,13.820673942565918,14.066247940063477,12.854043960571289,3949556,0.0,0.0
2013-05-07,14.06339168548584,14.163334846496582,13.977726936340332,14.049115180969238,12.838387489318848,2799849,0.0,0.0
2013-05-08,13.98629379272461,14.109081268310547,13.897772789001465,14.049115180969238,12.838387489318848,2803701,0.0,0.0
2013-05-09,13.98914909362793,14.080525398254395,13.814963340759277,13.929183006286621,12.728791236877441,3530716,0.0,0.0
2013-05-10,13.900628089904785,14.066247940063477,13.863507270812988,13.957737922668457,12.754884719848633,6365235,0.0,0.0
2013-05-13,13.900628089904785,14.034836769104004,13.869217872619629,13.9263277053833,12.726180076599121,2046219,0.0,0.0
2013-05-14,13.972016334533691,14.420331001281738,13.9263277053833,14.340376853942871,13.104546546936035,8824340,0.0,0.0
2013-05-15,14.306111335754395,14.797259330749512,14.277556419372559,14.665904998779297,13.402022361755371,5355959,0.0,0.0
2013-05-16,14.808680534362793,14.92575740814209,14.460308074951172,14.548829078674316,13.295036315917969,5244245,0.0,0.0
2013-05-17,14.548829078674316,14.70588207244873,14.525984764099121,14.63449478149414,13.373319625854492,3957260,0.0,0.0
2013-05-20,14.637350082397461,14.645916938781738,14.463164329528809,14.528841018676758,13.276771545410156,3087363,0.0,0.0
2013-05-21,14.620217323303223,14.774415016174316,14.52027416229248,14.6544828414917,13.391583442687988,3675349,0.0,0.0
2013-05-22,14.571673393249512,14.723014831542969,14.308965682983398,14.411765098571777,13.169784545898438,2822612,0.0,0.0
2013-05-23,14.2975435256958,14.680183410644531,14.240433692932129,14.671615600585938,13.407241821289062,4060919,0.0,0.0
2013-05-24,14.554539680480957,14.603083610534668,14.420331001281738,14.486007690429688,13.237627983093262,2434590,0.0,0.0
2013-05-28,14.525984764099121,14.631638526916504,14.4031982421875,14.47173023223877,13.224579811096191,2000693,0.0,0.0
2013-05-29,14.463164329528809,14.47744083404541,14.051969528198242,14.131924629211426,12.914060592651367,4272090,0.0,0.0
2013-05-30,14.183323860168457,14.491719245910645,14.097658157348633,14.120503425598145,12.9036226272583,4487113,0.0,0.0
2013-05-31,14.140490531921387,14.226156234741211,13.837806701660156,13.843518257141113,12.650506973266602,5175606,0.0,0.0
2013-06-03,13.837806701660156,13.903484344482422,13.62649917602539,13.766419410705566,12.58005428314209,4576063,0.0,0.0
2013-06-04,13.752141952514648,13.997715950012207,13.703598022460938,13.786408424377441,12.598320007324219,2427586,0.0,0.0
2013-06-05,13.749285697937012,13.966304779052734,13.729297637939453,13.749285697937012,12.564395904541016,2917866,0.0,0.0
2013-06-06,13.737863540649414,13.969160079956055,13.737863540649414,13.966304779052734,12.762713432312012,4080881,0.0,0.0
2013-06-07,14.083380699157715,14.274700164794922,13.937749862670898,14.260422706604004,13.03148365020752,2166687,0.0,0.0
2013-06-10,14.263278007507324,14.440320014953613,14.117647171020508,14.328954696655273,13.094109535217285,3219038,0.0,0.0
2013-06-11,14.209023475646973,14.386064529418945,14.11193561553955,14.214734077453613,12.98973274230957,2562413,0.0,0.0
2013-06-12,14.266134262084961,14.428897857666016,13.98914909362793,14.011993408203125,12.804465293884277,2599535,0.0,0.0
2013-06-13,14.040548324584961,14.317532539367676,13.954882621765137,14.191889762878418,12.968856811523438,3369624,0.0,0.0
2013-06-14,14.257567405700684,14.257567405700684,14.009138107299805,14.051969528198242,12.840993881225586,2303966,0.0,0.0
2013-06-17,14.186179161071777,14.33466625213623,14.097658157348633,14.10336971282959,12.88796615600586,2831367,0.0,0.0
2013-06-18,14.091946601867676,14.40605354309082,14.080525398254395,14.191889762878418,12.968856811523438,4390808,0.0,0.0
2013-06-19,14.22330093383789,14.331809997558594,13.980583190917969,13.992005348205566,12.786197662353516,3235498,0.0,0.0
2013-06-20,13.917760848999023,13.934893608093262,13.452313423156738,13.51227855682373,12.347813606262207,5065293,0.0,0.0
2013-06-21,13.589377403259277,13.689319610595703,13.378069877624512,13.51227855682373,12.347813606262207,4370496,0.0,0.0
2013-06-24,13.39234733581543,13.475156784057617,13.223872184753418,13.355225563049316,12.20429515838623,3908932,0.0,0.0
2013-06-25,13.543688774108887,13.637921333312988,13.375213623046875,13.409480094909668,12.253874778747559,3728229,0.0,0.0
2013-06-26,13.655054092407227,13.657910346984863,13.283838272094727,13.50085735321045,12.33737564086914,3176314,0.0,0.0
2013-06-27,13.549400329589844,13.840662002563477,13.549400329589844,13.592232704162598,12.420877456665039,3295732,0.0,0.0
2013-06-28,13.495145797729492,13.732152938842773,13.478013038635254,13.586522102355957,12.415658950805664,7462062,0.0,0.0
2013-07-01,13.697887420654297,13.789262771606445,13.549400329589844,13.57509994506836,12.405221939086914,2228673,0.0,0.0
2013-07-02,13.600799560546875,13.80354118347168,13.355225563049316,13.458024024963379,12.298233985900879,6015035,0.0,0.0
2013-07-03,13.380925178527832,13.466590881347656,13.272416114807129,13.340948104858398,12.191248893737793,1858862,0.0,0.0
2013-07-05,13.435179710388184,13.600799560546875,13.32381534576416,13.589377403259277,12.418270111083984,2958840,0.0,0.0
2013-07-08,13.669331550598145,13.860651016235352,13.643631935119629,13.820673942565918,12.629631996154785,3541573,0.0,0.0
2013-07-09,13.912050247192383,14.011993408203125,13.863507270812988,13.966304779052734,12.762713432312012,4974941,0.0,0.0
2013-07-10,13.914905548095703,14.251855850219727,13.849228858947754,14.240433692932129,13.01321792602539,5083153,0.0,0.0
2013-07-11,14.431753158569336,14.531696319580078,14.311821937561035,14.488863945007324,13.240238189697266,3678501,0.0,0.0
2013-07-12,14.503141403198242,14.623072624206543,14.426041603088379,14.571673393249512,13.315912246704102,2546654,0.0,0.0
2013-07-15,14.577383995056152,14.725871086120605,14.47458553314209,14.6544828414917,13.391583442687988,2952536,0.0,0.0
2013-07-16,14.631638526916504,14.640206336975098,14.460308074951172,14.51741886138916,13.266331672668457,3141994,0.0,0.0
2013-07-17,14.563106536865234,14.862935066223145,14.503141403198242,14.857224464416504,13.57685375213623,2749420,0.0,0.0
2013-07-18,14.962878227233887,15.151342391967773,14.825814247131348,15.011422157287598,13.717763900756836,5314285,0.0,0.0
2013-07-19,14.962878227233887,15.002856254577637,14.797259330749512,14.905768394470215,13.6212158203125,3824534,0.0,0.0
2013-07-22,14.980010986328125,14.980010986328125,14.708738327026367,14.831524848937988,13.553369522094727,2345640,0.0,0.0
2013-07-23,14.860079765319824,14.948600769042969,14.708738327026367,14.837236404418945,13.558588981628418,2381360,0.0,0.0
2013-07-24,14.920045852661133,14.920045852661133,14.677327156066895,14.708738327026367,13.441164016723633,3060398,0.0,0.0
2013-07-25,14.70017147064209,14.800113677978516,14.63449478149414,14.683037757873535,13.417678833007812,2847476,0.0,0.0
2013-07-26,14.685894012451172,14.951456069946289,14.63449478149414,14.82010269165039,13.54293155670166,3759047,0.0,0.0
2013-07-29,14.811535835266113,14.837236404418945,14.58595085144043,14.785837173461914,13.51162052154541,4379951,0.0,0.0
2013-07-30,14.88863468170166,15.062821388244629,14.800113677978516,15.028554916381836,13.733420372009277,6922053,0.0,0.0
2013-07-31,15.1199312210083,15.222729682922363,13.892062187194824,14.451742172241211,13.206315994262695,12915376,0.0,0.0
2013-08-01,14.591662406921387,14.685894012451172,14.186179161071777,14.249000549316406,13.02104663848877,12198867,0.0,0.0
2013-08-02,14.274700164794922,14.346088409423828,14.114791870117188,14.197601318359375,12.974076271057129,3939400,0.0,0.0
2013-08-05,14.243289947509766,14.52027416229248,14.220444679260254,14.434609413146973,13.190659523010254,3363671,0.0,0.0
2013-08-06,14.434609413146973,14.508852005004883,14.277556419372559,14.343232154846191,13.107157707214355,2785491,0.0,0.0
2013-08-07,14.323244094848633,14.383210182189941,14.14905834197998,14.240433692932129,13.01321792602539,3585348,0.0,0.0
2013-08-08,14.271844863891602,14.371788024902344,14.191889762878418,14.363221168518066,13.125423431396484,2008047,0.0,0.0
2013-08-09,14.33466625213623,14.491719245910645,14.294689178466797,14.391776084899902,13.151517868041992,1903687,0.0,0.0
2013-08-12,14.366077423095703,14.411765098571777,14.280410766601562,14.323244094848633,13.08889102935791,1927501,0.0,0.0
2013-08-13,14.308965682983398,14.414620399475098,14.21759033203125,14.328954696655273,13.094109535217285,1923298,0.0,0.0
2013-08-14,14.257567405700684,14.343232154846191,14.206168174743652,14.254712104797363,13.026266098022461,2101200,0.0,0.0
2013-08-15,14.10051441192627,14.388920783996582,14.009138107299805,14.348942756652832,13.112375259399414,3542273,0.0,0.0
2013-08-16,14.394632339477539,14.483152389526367,14.220444679260254,14.274700164794922,13.044530868530273,3062149,0.0,0.0
2013-08-19,14.277556419372559,14.483152389526367,14.251855850219727,14.320387840270996,13.086281776428223,3060748,0.0,0.0
2013-08-20,14.348942756652832,14.583094596862793,14.308965682983398,14.51741886138916,13.266331672668457,3271568,0.0,0.0
2013-08-21,14.454597473144531,14.480297088623047,14.166191101074219,14.200456619262695,12.9766845703125,1950264,0.0,0.0
2013-08-22,14.226156234741211,14.40034294128418,14.18046760559082,14.29183292388916,13.060187339782715,1250214,0.0,0.0
2013-08-23,14.397486686706543,14.460308074951172,14.226156234741211,14.448885917663574,13.203704833984375,1856760,0.0,0.0
2013-08-26,14.486007690429688,14.54311752319336,14.317532539367676,14.360365867614746,13.122815132141113,1547184,0.0,0.0
2013-08-27,14.271844863891602,14.317532539367676,14.029126167297363,14.06339168548584,12.851431846618652,1382239,0.0,0.0
2013-08-28,14.014848709106445,14.234723091125488,14.000571250915527,14.17475700378418,12.953200340270996,1586056,0.0,0.0
2013-08-29,14.191889762878418,14.28612232208252,14.131924629211426,14.140490531921387,12.921886444091797,1532475,0.0,0.0
2013-08-30,14.18046760559082,14.234723091125488,14.017704010009766,14.017704010009766,12.809682846069336,1417960,0.0,0.0
2013-09-03,14.189035415649414,14.251855850219727,14.034836769104004,14.194746017456055,12.971467018127441,1766409,0.0,0.0
2013-09-04,14.254712104797363,14.500286102294922,14.231867790222168,14.497429847717285,13.248065948486328,2247584,0.0,0.0
2013-09-05,14.528841018676758,14.797259330749512,14.505996704101562,14.777270317077637,13.503791809082031,2819110,0.0,0.0
2013-09-06,14.674471855163574,14.905768394470215,14.580240249633789,14.822957992553711,13.545541763305664,2876543,0.0,0.0
2013-09-09,14.623072624206543,15.06567668914795,14.583094596862793,14.951456069946289,13.662965774536133,4002436,0.0,0.0
2013-09-10,14.99428939819336,15.15990924835205,14.945745468139648,15.057109832763672,13.759515762329102,2341437,0.0,0.0
2013-09-11,15.017132759094238,15.18560791015625,14.902913093566895,15.17989730834961,13.871719360351562,2281553,0.0,0.0
2013-09-12,15.151342391967773,15.205596923828125,15.04283332824707,15.177042007446289,13.869111061096191,1381539,0.0,0.0
2013-09-13,15.222729682922363,15.336950302124023,15.154197692871094,15.165619850158691,13.858673095703125,1252315,0.0,0.0
2013-09-16,15.362649917602539,15.491147994995117,15.214162826538086,15.248429298400879,13.934345245361328,1898434,0.0,0.0
2013-09-17,15.025699615478516,15.331238746643066,14.991433143615723,15.311250686645508,13.991753578186035,1970926,0.0,0.0
2013-09-18,15.334095001220703,15.434038162231445,15.031411170959473,15.214162826538086,13.903032302856445,2274549,0.0,0.0
2013-09-19,15.336950302124023,15.422616004943848,15.245573997497559,15.316962242126465,13.99697208404541,2393267,0.0,0.0
2013-09-20,14.93432331085205,15.319816589355469,14.70588207244873,15.248429298400879,13.934345245361328,5908224,0.0,0.0
2013-09-23,15.25413990020752,15.288407325744629,15.142775535583496,15.271273612976074,13.955222129821777,2116609,0.0,0.0
2013-09-24,15.311250686645508,15.516847610473633,15.197030067443848,15.394061088562012,14.067426681518555,1930653,0.0,0.0
2013-09-25,15.419759750366211,15.494003295898438,15.29411792755127,15.462593078613281,14.13005256652832,2172991,0.0,0.0
2013-09-26,15.48258113861084,15.622501373291016,15.416905403137207,15.616789817810059,14.270960807800293,1932754,0.0,0.0
2013-09-27,15.559679985046387,15.5968017578125,15.47972583770752,15.568246841430664,14.226602554321289,2559612,0.0,0.0
2013-09-30,15.177042007446289,15.622501373291016,15.177042007446289,15.611079216003418,14.265743255615234,2279802,0.0,0.0
2013-10-01,15.556824684143066,15.770988464355469,15.551114082336426,15.659623146057129,14.310103416442871,2506031,0.0,0.0
2013-10-02,15.602513313293457,16.130781173706055,15.59109115600586,15.890918731689453,14.521467208862305,5339499,0.0,0.0
2013-10-03,15.890918731689453,15.990861892700195,15.59965705871582,15.64249038696289,14.29444694519043,3237249,0.0,0.0
2013-10-04,15.633922576904297,15.865220069885254,15.59109115600586,15.779555320739746,14.419699668884277,2034662,0.0,0.0
2013-10-07,15.705310821533203,15.845231056213379,15.576812744140625,15.725299835205078,14.370121002197266,2626500,0.0,0.0
2013-10-08,15.733865737915039,15.85094165802002,15.205596923828125,15.211307525634766,13.900424003601074,4332674,0.0,0.0
2013-10-09,15.174185752868652,15.314105987548828,14.991433143615723,15.174185752868652,13.866499900817871,3427758,0.0,0.0
2013-10-10,15.274128913879395,15.722443580627441,15.259852409362793,15.679612159729004,14.328371047973633,3134990,0.0,0.0
2013-10-11,15.605367660522461,15.933752059936523,15.605367660522461,15.885208129882812,14.516249656677246,2065129,0.0,0.0
2013-10-14,15.842375755310059,15.930896759033203,15.64249038696289,15.7167329788208,14.362293243408203,2684633,0.0,0.0
2013-10-15,15.668190002441406,15.788121223449707,15.465448379516602,15.568246841430664,14.226602554321289,2384162,0.0,0.0
2013-10-16,15.613935470581055,15.750999450683594,15.52255916595459,15.676755905151367,14.325759887695312,1668703,0.0,0.0
2013-10-17,15.636778831481934,15.651057243347168,15.436893463134766,15.622501373291016,14.276182174682617,2544553,0.0,0.0
2013-10-18,15.571102142333984,15.648200988769531,15.368361473083496,15.513992309570312,14.177023887634277,4644002,0.0,0.0
2013-10-21,14.874358177185059,15.93660831451416,14.874358177185059,15.728155136108398,14.372730255126953,3718073,0.0,0.0
2013-10-22,15.793831825256348,15.953741073608398,15.648200988769531,15.876642227172852,14.508420944213867,3429158,0.0,0.0
2013-10-23,15.822386741638184,15.950884819030762,15.750999450683594,15.925186157226562,14.552780151367188,2665722,0.0,0.0
2013-10-24,15.976585388183594,16.276412963867188,15.933752059936523,16.162193298339844,14.769363403320312,3610912,0.0,0.0
2013-10-25,16.225013732910156,16.264991760253906,15.982295989990234,16.073671340942383,14.688469886779785,2998062,0.0,0.0
2013-10-28,16.076528549194336,16.290691375732422,15.930896759033203,16.28212547302246,14.878962516784668,3309390,0.0,0.0
2013-10-29,16.396345138549805,16.579097747802734,16.319246292114258,16.533409118652344,15.108589172363281,7179800,0.0,0.0
2013-10-30,14.563106536865234,15.30268383026123,14.317532539367676,15.131354331970215,13.827360153198242,39117690,0.0,0.0
2013-10-31,15.077098846435547,15.262706756591797,15.062821388244629,15.245573997497559,13.93173599243164,4930466,0.0,0.0
2013-11-01,15.29411792755127,15.699600219726562,15.271273612976074,15.576812744140625,14.234430313110352,6660804,0.0,0.0
2013-11-04,15.645345687866211,16.13934898376465,15.562536239624023,15.89948558807373,14.529294967651367,5219381,0.0,0.0
2013-11-05,15.89948558807373,15.96230697631836,15.53112506866455,15.81953239440918,14.456233024597168,8202735,0.0,0.0
2013-11-06,16.00799560546875,16.025127410888672,15.742432594299316,15.753854751586914,14.396215438842773,4365943,0.0,0.0
2013-11-07,15.77669906616211,15.830953598022461,15.485437393188477,15.719589233398438,14.364901542663574,3323048,0.0,0.0
2013-11-08,15.719589233398438,15.916619300842285,15.445460319519043,15.7024564743042,14.349245071411133,3612663,0.0,0.0
2013-11-11,15.662479400634766,16.270702362060547,15.636778831481934,16.256425857543945,14.855476379394531,5271210,0.0,0.0
2013-11-12,16.256425857543945,16.619075775146484,16.193603515625,16.55339813232422,15.126852989196777,6157216,0.0,0.0
2013-11-13,16.333524703979492,16.519132614135742,16.167903900146484,16.399200439453125,14.985944747924805,5512498,0.0,0.0
2013-11-14,16.33066749572754,16.69617462158203,16.33066749572754,16.630496978759766,15.197309494018555,7798604,0.0,0.0
2013-11-15,16.630496978759766,16.633352279663086,16.41633415222168,16.47344398498535,15.053791999816895,4199598,0.0,0.0
2013-11-18,16.47344398498535,16.544832229614258,15.999428749084473,16.073671340942383,14.688469886779785,5272961,0.0,0.0
2013-11-19,16.00799560546875,16.0479736328125,15.902341842651367,15.956596374511719,14.5814847946167,3636127,0.0,0.0
2013-11-20,16.105083465576172,16.110794067382812,15.868075370788574,15.89663028717041,14.526686668395996,2815258,0.0,0.0
2013-11-21,15.973729133605957,16.105083465576172,15.839520454406738,16.0622501373291,14.678032875061035,2727358,0.0,0.0
2013-11-22,16.067960739135742,16.18218231201172,16.0479736328125,16.14505958557129,14.753706932067871,3537720,0.0,0.0
2013-11-25,16.173614501953125,16.256425857543945,15.89377498626709,15.919474601745605,14.547561645507812,3192423,0.0,0.0
2013-11-26,15.88806438446045,15.982295989990234,15.7024564743042,15.948030471801758,14.57365608215332,4389407,0.0,0.0
2013-11-27,15.925186157226562,16.076528549194336,15.925186157226562,16.05653953552246,14.67281436920166,2811055,0.0,0.0
2013-11-29,16.14791488647461,16.356367111206055,16.067960739135742,16.33637809753418,14.928536415100098,1792674,0.0,0.0
2013-12-02,16.276412963867188,16.493431091308594,16.250713348388672,16.310680389404297,14.905055046081543,2790394,0.0,0.0
2013-12-03,16.19645881652832,16.344945907592773,16.193603515625,16.293546676635742,14.889398574829102,4432832,0.0,0.0
2013-12-04,16.15077018737793,16.319246292114258,16.122215270996094,16.213592529296875,14.816333770751953,4230066,0.0,0.0
2013-12-05,16.133638381958008,16.313535690307617,15.922329902648926,16.00799560546875,14.628454208374023,3691108,0.0,0.0
2013-12-06,16.096515655517578,16.156482696533203,16.039405822753906,16.065105438232422,14.680641174316406,2324978,0.0,0.0
2013-12-09,16.13934898376465,16.46773338317871,16.070817947387695,16.459165573120117,15.040740966796875,3429158,0.0,0.0
2013-12-10,16.536264419555664,17.001712799072266,16.459165573120117,16.936037063598633,15.476519584655762,5554872,0.0,0.0
2013-12-11,16.987436294555664,16.993146896362305,16.756139755249023,16.813249588012695,15.364313125610352,3455073,0.0,0.0
2013-12-12,16.818960189819336,16.936037063598633,16.676185607910156,16.687606811523438,15.24949836730957,2386263,0.0,0.0
2013-12-13,16.861793518066406,17.20159912109375,16.713306427001953,17.090234756469727,15.617426872253418,4209404,0.0,0.0
2013-12-16,17.18732261657715,17.355796813964844,17.118789672851562,17.227298736572266,15.74267864227295,2244082,0.0,0.0
2013-12-17,17.130210876464844,17.215877532958984,16.74186134338379,16.861793518066406,15.408675193786621,3539822,0.0,0.0
2013-12-18,16.801828384399414,17.19303321838379,16.716161727905273,17.15876579284668,15.680051803588867,2891251,0.0,0.0
2013-12-19,18.30382537841797,20.114219665527344,18.203882217407227,19.557395935058594,17.871973037719727,29470030,0.0,0.0
2013-12-20,19.346088409423828,19.76870346069336,18.81781768798828,19.17475700378418,17.522310256958008,15070507,0.0,0.0
2013-12-23,19.72301483154297,19.72301483154297,19.154769897460938,19.63449478149414,17.94243049621582,6112741,0.0,0.0
2013-12-24,19.614505767822266,19.648771286010742,19.22615623474121,19.340377807617188,17.673656463623047,2155831,0.0,0.0
2013-12-26,19.417476654052734,19.545974731445312,19.237579345703125,19.274700164794922,17.61363983154297,2643310,0.0,0.0
2013-12-27,19.246145248413086,19.391775131225586,19.131925582885742,19.368932723999023,17.699752807617188,2926972,0.0,0.0
2013-12-30,19.371788024902344,19.548828125,19.280410766601562,19.548828125,17.86414337158203,3098219,0.0,0.0
2013-12-31,19.551685333251953,19.90862464904785,19.511707305908203,19.603084564208984,17.913724899291992,2674477,0.0,0.0
2014-01-02,19.483152389526367,19.59166145324707,19.249000549316406,19.39748764038086,17.725845336914062,2962342,0.0,0.0
2014-01-03,19.40034294128418,19.660194396972656,19.16619110107422,19.53740692138672,17.85370635986328,3124134,0.0,0.0
2014-01-06,19.471729278564453,20.214162826538086,19.471729278564453,19.76299285888672,18.059850692749023,6027993,0.0,0.0
2014-01-07,19.834379196166992,20.3712158203125,19.72015953063965,20.18560791015625,18.446048736572266,6917150,0.0,0.0
2014-01-08,20.154197692871094,20.748144149780273,19.95716667175293,20.082809448242188,18.352108001708984,5394481,0.0,0.0
2014-01-09,20.17133140563965,20.27412986755371,19.68018341064453,19.880069732666016,18.166841506958008,2935376,0.0,0.0
2014-01-10,19.9057674407959,20.008567810058594,19.49457550048828,19.840091705322266,18.130306243896484,3413399,0.0,0.0
2014-01-13,19.840091705322266,20.039976119995117,19.645917892456055,19.691604614257812,17.99461555480957,2981253,0.0,0.0
2014-01-14,19.694459915161133,20.582523345947266,19.694459915161133,20.565391540527344,18.793100357055664,5339850,0.0,0.0
2014-01-15,20.41690444946289,20.528270721435547,19.991432189941406,20.468303680419922,18.704381942749023,4878286,0.0,0.0
2014-01-16,20.42261505126953,21.01656150817871,20.36550521850586,20.888063430786133,19.08796501159668,4090686,0.0,0.0
2014-01-17,20.939462661743164,21.10222625732422,20.451171875,20.51113510131836,18.743520736694336,5115021,0.0,0.0
2014-01-21,20.579669952392578,20.905197143554688,20.522558212280273,20.753854751586914,18.965322494506836,2594282,0.0,0.0
2014-01-22,20.628211975097656,20.922330856323242,20.528270721435547,20.87664222717285,19.077531814575195,2712999,0.0,0.0
2014-01-23,20.742433547973633,20.976585388183594,20.54540252685547,20.656768798828125,18.876605987548828,3081410,0.0,0.0
2014-01-24,20.565391540527344,20.6110782623291,20.097087860107422,20.145631790161133,18.409515380859375,4542444,0.0,0.0
2014-01-27,20.248428344726562,20.471158981323242,19.731582641601562,20.119930267333984,18.386028289794922,3912084,0.0,0.0
2014-01-28,20.217018127441406,20.625356674194336,20.142776489257812,20.51113510131836,18.743520736694336,3384683,0.0,0.0
2014-01-29,20.27412986755371,20.40262794494629,19.82295799255371,19.885780334472656,18.17205810546875,4219210,0.0,0.0
2014-01-30,20.148487091064453,20.37692642211914,20.019989013671875,20.157052993774414,18.419954299926758,4718245,0.0,0.0
2014-01-31,19.902912139892578,20.2398624420166,19.7601375579834,20.0,18.27643585205078,5656080,0.0,0.0
2014-02-03,19.880069732666016,19.985721588134766,18.792118072509766,19.326099395751953,17.660608291625977,10286775,0.0,0.0
2014-02-04,19.517419815063477,19.8686466217041,19.146202087402344,19.660194396972656,17.965913772583008,6991743,0.0,0.0
2014-02-05,18.560821533203125,18.94631576538086,18.40376853942871,18.57224464416504,16.971721649169922,13167520,0.0,0.0
2014-02-06,18.57224464416504,18.94060516357422,18.458023071289062,18.680753707885742,17.070880889892578,6494109,0.0,0.0
2014-02-07,18.729297637939453,19.39463233947754,18.720731735229492,19.12335777282715,17.475337982177734,4341780,0.0,0.0
2014-02-10,19.089092254638672,19.243289947509766,18.85208511352539,19.154769897460938,17.504043579101562,3399391,0.0,0.0
2014-02-11,19.18617820739746,19.237579345703125,18.89777374267578,18.90062713623047,17.271804809570312,3327951,0.0,0.0
2014-02-12,18.892061233520508,18.99485969543457,18.600799560546875,18.6750431060791,17.06566047668457,3901578,0.0,0.0
2014-02-13,18.57795524597168,19.03769302368164,18.57795524597168,19.011993408203125,17.373571395874023,2477315,0.0,0.0
2014-02-14,19.03483772277832,19.605939865112305,19.03483772277832,19.523130416870117,17.84066390991211,4195746,0.0,0.0
2014-02-18,19.505996704101562,20.148487091064453,19.2718448638916,19.931467056274414,18.21380615234375,6112741,0.0,0.0
2014-02-19,19.928611755371094,20.45688247680664,19.882923126220703,20.305540084838867,18.555644989013672,6236712,0.0,0.0
2014-02-20,20.288406372070312,21.37350082397461,20.22273063659668,21.33637809753418,19.49764633178711,8295888,0.0,0.0
2014-02-21,21.5648193359375,21.719018936157227,21.125070571899414,21.23358154296875,19.40370750427246,6256323,0.0,0.0
2014-02-24,21.344945907592773,21.530553817749023,21.14505958557129,21.176471710205078,19.351520538330078,3391337,0.0,0.0
2014-02-25,21.2878360748291,21.41347885131836,21.179325103759766,21.350656509399414,19.510692596435547,3038335,0.0,0.0
2014-02-26,21.41347885131836,22.078811645507812,21.32781219482422,21.61621856689453,19.753368377685547,5168252,0.0,0.0
2014-02-27,21.55910873413086,21.97030258178711,21.507709503173828,21.893203735351562,20.006484985351562,3163006,0.0,0.0
2014-02-28,21.956024169921875,22.355796813964844,21.890348434448242,22.138778686523438,20.230897903442383,4139364,0.0,0.0
2014-03-03,21.910337448120117,22.272987365722656,21.83323860168457,22.15305519104004,20.243942260742188,2610391,0.0,0.0
2014-03-04,22.230154037475586,22.60708236694336,22.19017791748047,22.3729305267334,20.444868087768555,3924341,0.0,0.0
2014-03-05,22.38720703125,23.02684211730957,22.38720703125,22.80411148071289,20.838891983032227,5247397,0.0,0.0
2014-03-06,22.8526554107666,22.918331146240234,21.96744728088379,22.101655960083008,20.196971893310547,6706680,0.0,0.0
2014-03-07,22.21302032470703,22.2558536529541,21.810394287109375,21.987436294555664,20.09259605407715,3102422,0.0,0.0
2014-03-10,22.267276763916016,22.464305877685547,21.507709503173828,21.83894920349121,19.956907272338867,5345453,0.0,0.0
2014-03-11,21.907480239868164,22.050256729125977,21.579097747802734,21.61050796508789,19.748153686523438,3797919,0.0,0.0
2014-03-12,21.630496978759766,21.92461585998535,21.359222412109375,21.770416259765625,19.89427947998047,8394644,0.0,0.0
2014-03-13,21.801828384399414,21.88178253173828,20.865219116210938,20.902341842651367,19.101015090942383,7646967,0.0,0.0
2014-03-14,20.87378692626953,21.36493492126465,20.693889617919922,21.259279251098633,19.42719268798828,3562234,0.0,0.0
2014-03-17,21.264991760253906,21.55625343322754,21.136493682861328,21.267847061157227,19.435020446777344,3179116,0.0,0.0
2014-03-18,21.347801208496094,21.7904052734375,21.276412963867188,21.704740524291992,19.834266662597656,1673956,0.0,0.0
2014-03-19,21.75042724609375,21.896059036254883,21.156482696533203,21.322101593017578,19.484601974487305,4641551,0.0,0.0
2014-03-20,21.273557662963867,21.527698516845703,20.919475555419922,20.928041458129883,19.124500274658203,2987906,0.0,0.0
2014-03-21,20.928041458129883,21.125070571899414,20.68817710876465,20.77669906616211,18.98619842529297,6247568,0.0,0.0
2014-03-24,20.95945167541504,21.05939483642578,20.37407112121582,20.519702911376953,18.75135040283203,4708089,0.0,0.0
2014-03-25,20.748144149780273,20.950885772705078,20.314105987548828,20.36264991760254,18.607830047607422,5177007,0.0,0.0
2014-03-26,20.454025268554688,20.64249038696289,20.251285552978516,20.55396842956543,18.78266143798828,3813678,0.0,0.0
2014-03-27,20.533981323242188,21.05082893371582,20.342660903930664,20.633922576904297,18.85572624206543,5371017,0.0,0.0
2014-03-28,20.41690444946289,20.78812026977539,20.162763595581055,20.431182861328125,18.67045783996582,3561184,0.0,0.0
2014-03-31,20.6110782623291,20.708166122436523,20.285551071166992,20.385494232177734,18.628707885742188,3046740,0.0,0.0
2014-04-01,20.496858596801758,20.845230102539062,20.27698516845703,20.7281551361084,18.94183921813965,3744689,0.0,0.0
2014-04-02,20.78812026977539,20.922330856323242,20.619646072387695,20.673900604248047,18.89225959777832,2512335,0.0,0.0
2014-04-03,20.559680938720703,20.922330856323242,20.382638931274414,20.442604064941406,18.680896759033203,5055487,0.0,0.0
2014-04-04,20.55396842956543,20.55396842956543,19.788692474365234,19.985721588134766,18.263383865356445,7656773,0.0,0.0
2014-04-07,19.971445083618164,20.13991928100586,19.528841018676758,19.99714469909668,18.27382469177246,5558725,0.0,0.0
2014-04-08,19.98857879638672,20.09137535095215,19.554540634155273,19.80297088623047,18.096384048461914,5369266,0.0,0.0
2014-04-09,19.95431137084961,20.202741622924805,19.797258377075195,20.154197692871094,18.417343139648438,3089815,0.0,0.0
2014-04-10,20.142776489257812,20.211307525634766,19.460308074951172,19.523130416870117,17.84066390991211,3309390,0.0,0.0
2014-04-11,19.428897857666016,20.656768798828125,18.909194946289062,19.651628494262695,17.958086013793945,28995509,0.0,0.0
2014-04-14,19.782981872558594,19.794403076171875,18.906339645385742,19.16904640197754,17.51708984375,6194688,0.0,0.0
2014-04-15,19.277555465698242,19.374643325805664,18.61222267150879,19.334665298461914,17.66843605041504,6200641,0.0,0.0
2014-04-16,19.440319061279297,19.731582641601562,19.35179901123047,19.59737205505371,17.908504486083984,2751521,0.0,0.0
2014-04-17,19.571672439575195,19.840091705322266,19.54026222229004,19.608795166015625,17.9189453125,2260891,0.0,0.0
2014-04-21,19.714448928833008,19.840091705322266,19.44888687133789,19.743003845214844,18.04158592224121,2862185,0.0,0.0
2014-04-22,19.740148544311523,20.057109832763672,19.68018341064453,19.834379196166992,18.125085830688477,2300114,0.0,0.0
2014-04-23,19.785837173461914,19.940034866333008,19.648771286010742,19.86008071899414,18.148574829101562,1757304,0.0,0.0
2014-04-24,19.971445083618164,20.13991928100586,19.371788024902344,19.711593627929688,18.012882232666016,2294160,0.0,0.0
2014-04-25,19.62307357788086,19.700170516967773,18.76641845703125,18.76641845703125,17.149160385131836,4280144,0.0,0.0
2014-04-28,18.886350631713867,18.89777374267578,17.94117546081543,18.355226516723633,16.773401260375977,6480801,0.0,0.0
2014-04-29,18.40947914123535,19.137636184692383,18.358081817626953,19.057680130004883,17.415321350097656,8231451,0.0,0.0
2014-04-30,17.992576599121094,19.04054832458496,17.992576599121094,18.926328659057617,17.295289993286133,11992599,0.0,0.0
2014-05-01,18.85208511352539,19.131925582885742,18.4351806640625,18.58652114868164,16.984766006469727,7374512,0.0,0.0
2014-05-02,18.592233657836914,18.709308624267578,18.246715545654297,18.57795524597168,16.97693634033203,4184190,0.0,0.0
2014-05-05,18.469446182250977,18.689319610595703,18.366647720336914,18.680753707885742,17.070880889892578,3436162,0.0,0.0
2014-05-06,18.597944259643555,18.700742721557617,18.046829223632812,18.0782413482666,16.52029037475586,3744338,0.0,0.0
2014-05-07,18.16676139831543,18.278127670288086,17.57567024230957,17.698457717895508,16.173236846923828,6012234,0.0,0.0
2014-05-08,17.66133689880371,18.39805793762207,17.418617248535156,18.089662551879883,16.530725479125977,6391500,0.0,0.0
2014-05-09,18.272415161132812,18.272415161132812,17.918331146240234,18.186750411987305,16.619449615478516,2834869,0.0,0.0
2014-05-12,18.275270462036133,18.746431350708008,18.246715545654297,18.57509994506836,16.974328994750977,2707396,0.0,0.0
2014-05-13,18.57795524597168,18.655054092407227,18.252426147460938,18.44660186767578,16.856903076171875,3634025,0.0,0.0
2014-05-14,18.4494571685791,18.517990112304688,18.221017837524414,18.252426147460938,16.67946434020996,2785491,0.0,0.0
2014-05-15,18.058252334594727,18.195316314697266,17.824100494384766,18.03255271911621,16.478538513183594,2689536,0.0,0.0
2014-05-16,18.126785278320312,18.286693572998047,17.821245193481445,17.93546485900879,16.389814376831055,2962692,0.0,0.0
2014-05-19,17.84980010986328,18.089662551879883,17.604225158691406,17.98686408996582,16.43678855895996,3505502,0.0,0.0
2014-05-20,17.93260955810547,18.02398681640625,17.698457717895508,17.735580444335938,16.2071590423584,3141994,0.0,0.0
2014-05-21,17.815534591674805,17.98115348815918,17.724157333374023,17.93832015991211,16.39242935180664,2997362,0.0,0.0
2014-05-22,17.94688606262207,17.98686408996582,17.66419219970703,17.698457717895508,16.173236846923828,7941836,0.0,0.0
2014-05-23,17.60708236694336,17.898344039916992,17.43575096130371,17.83552360534668,16.298490524291992,3999984,0.0,0.0
2014-05-27,17.881210327148438,18.503711700439453,17.875499725341797,18.39234733581543,16.807327270507812,4385555,0.0,0.0
2014-05-28,18.640777587890625,18.834951400756836,18.40376853942871,18.649343490600586,17.04217529296875,7399376,0.0,0.0
2014-05-29,18.823528289794922,18.94631576538086,18.657909393310547,18.872072219848633,17.245710372924805,4945875,0.0,0.0
2014-05-30,18.829240798950195,18.98629379272461,18.829240798950195,18.906339645385742,17.277023315429688,5371718,0.0,0.0
2014-06-02,18.94346046447754,19.17475700378418,18.840662002563477,18.932039260864258,17.300508499145508,5213778,0.0,0.0
2014-06-03,18.832096099853516,18.954883575439453,18.657909393310547,18.883495330810547,17.256147384643555,3941851,0.0,0.0
2014-06-04,18.826385498046875,19.009138107299805,18.57224464416504,18.98343849182129,17.34748077392578,3299234,0.0,0.0
2014-06-05,18.966304779052734,19.140491485595703,18.86065101623535,19.057680130004883,17.415321350097656,3460676,0.0,0.0
2014-06-06,19.08338165283203,19.22044563293457,18.94346046447754,19.183324813842773,17.530136108398438,3614764,0.0,0.0
2014-06-09,19.26042366027832,19.59166145324707,19.21187973022461,19.57452964782715,17.887630462646484,4491315,0.0,0.0
2014-06-10,19.511707305908203,19.648771286010742,19.41461944580078,19.528841018676758,17.84587860107422,4129558,0.0,0.0
2014-06-11,19.40034294128418,19.557395935058594,19.360366821289062,19.531696319580078,17.84848976135254,2378558,0.0,0.0
2014-06-12,19.554540634155273,19.603084564208984,19.371788024902344,19.434608459472656,17.759763717651367,2061627,0.0,0.0
2014-06-13,19.523130416870117,19.63163948059082,19.337520599365234,19.603084564208984,17.913724899291992,1595161,0.0,0.0
2014-06-16,19.486007690429688,19.59737205505371,19.39748764038086,19.551685333251953,17.86675453186035,1524421,0.0,0.0
2014-06-17,19.471729278564453,19.551685333251953,19.371788024902344,19.49457550048828,17.814565658569336,1410956,0.0,0.0
2014-06-18,19.4974308013916,19.660194396972656,19.294689178466797,19.651628494262695,17.958086013793945,2437742,0.0,0.0
2014-06-19,19.697315216064453,19.82866859436035,19.426042556762695,19.660194396972656,17.965913772583008,2424084,0.0,0.0
2014-06-20,19.68303871154785,19.8686466217041,19.477441787719727,19.86579132080078,18.153791427612305,2517238,0.0,0.0
2014-06-23,19.845802307128906,19.914335250854492,19.737293243408203,19.81439208984375,18.106822967529297,2066530,0.0,0.0
2014-06-24,19.782981872558594,19.982866287231445,19.671615600585938,19.77726936340332,18.072898864746094,3966715,0.0,0.0
2014-06-25,19.72872543334961,19.894346237182617,19.251855850219727,19.68303871154785,17.986785888671875,8815585,0.0,0.0
2014-06-26,19.737293243408203,19.885780334472656,19.59166145324707,19.782981872558594,18.07811737060547,2680781,0.0,0.0
2014-06-27,19.72587013244629,19.862934112548828,19.528841018676758,19.688749313354492,17.992006301879883,5103465,0.0,0.0
2014-06-30,19.700170516967773,19.917190551757812,19.557395935058594,19.76870346069336,18.0650691986084,3576593,0.0,0.0
2014-07-01,19.80297088623047,20.23700714111328,19.714448928833008,20.088520050048828,18.357324600219727,3755545,0.0,0.0
2014-07-02,19.99714469909668,20.082809448242188,19.654483795166016,19.660194396972656,17.965913772583008,3834340,0.0,0.0
2014-07-03,19.660194396972656,19.780126571655273,19.620216369628906,19.703027725219727,18.00505256652832,2465758,0.0,0.0
2014-07-07,19.57452964782715,19.72015953063965,19.36322021484375,19.4974308013916,17.817174911499023,2944131,0.0,0.0
2014-07-08,19.460308074951172,19.460308074951172,18.786407470703125,18.906339645385742,17.277023315429688,4279444,0.0,0.0
2014-07-09,18.969160079956055,18.997716903686523,18.75214195251465,18.80925178527832,17.18829917907715,3063199,0.0,0.0
2014-07-10,18.61793327331543,18.880640029907227,18.4351806640625,18.720731735229492,17.107412338256836,3113628,0.0,0.0
2014-07-11,18.740720748901367,18.76356315612793,18.563678741455078,18.62935447692871,17.023906707763672,1725786,0.0,0.0
2014-07-14,18.732152938842773,19.154769897460938,18.71787452697754,19.020559310913086,17.381399154663086,4510926,0.0,0.0
2014-07-15,18.969160079956055,19.089092254638672,18.883495330810547,18.98629379272461,17.350086212158203,3830488,0.0,0.0
2014-07-16,19.009138107299805,19.106224060058594,18.695030212402344,18.789262771606445,17.17003631591797,4416372,0.0,0.0
2014-07-17,18.6750431060791,18.866361618041992,18.549400329589844,18.62649917602539,17.021299362182617,3289078,0.0,0.0
2014-07-18,18.80354118347168,18.94631576538086,18.66362190246582,18.81210708618164,17.190914154052734,2875842,0.0,0.0
2014-07-21,18.737863540649414,18.75785255432129,18.557966232299805,18.706453323364258,17.094362258911133,3367523,0.0,0.0
2014-07-22,18.76356315612793,19.157623291015625,18.720731735229492,18.98058319091797,17.344867706298828,4819452,0.0,0.0
2014-07-23,18.98914909362793,19.117647171020508,18.894916534423828,19.051969528198242,17.41010284423828,4011541,0.0,0.0
2014-07-24,19.077669143676758,19.191890716552734,19.006282806396484,19.097658157348633,17.451854705810547,2963392,0.0,0.0
2014-07-25,19.017704010009766,19.120502471923828,18.886350631713867,18.98914909362793,17.352693557739258,3847998,0.0,0.0
2014-07-28,18.98914909362793,19.049114227294922,18.774986267089844,19.003427505493164,17.36574363708496,5200470,0.0,0.0
2014-07-29,19.080524444580078,19.131925582885742,18.883495330810547,19.063392639160156,17.420541763305664,5622811,0.0,0.0
2014-07-30,18.058252334594727,19.974300384521484,17.98971939086914,19.960023880004883,18.239904403686523,19162594,0.0,0.0
2014-07-31,19.76299285888672,19.797258377075195,19.12335777282715,19.189035415649414,17.535358428955078,6727342,0.0,0.0
2014-08-01,19.114791870117188,19.3089656829834,18.75499725341797,18.932039260864258,17.300508499145508,4299756,0.0,0.0
2014-08-04,18.94917106628418,19.063392639160156,18.81496238708496,18.906339645385742,17.277023315429688,5977914,0.0,0.0
2014-08-05,18.837806701660156,18.894916534423828,18.38378143310547,18.492290496826172,16.89865493774414,5409189,0.0,0.0
2014-08-06,18.412336349487305,18.57795524597168,18.186750411987305,18.21816062927246,16.648147583007812,20514016,0.0,0.0
2014-08-07,18.25813865661621,18.423757553100586,18.181039810180664,18.338092803955078,16.75774574279785,6891236,0.0,0.0
2014-08-08,18.40376853942871,18.40376853942871,18.221017837524414,18.286693572998047,16.710777282714844,3397290,0.0,0.0
2014-08-11,18.349515914916992,18.692176818847656,18.298114776611328,18.552255630493164,16.953453063964844,4079480,0.0,0.0
2014-08-12,18.520845413208008,18.637920379638672,18.295259475708008,18.38378143310547,16.79949951171875,5976863,0.0,0.0
2014-08-13,18.380924224853516,18.680753707885742,18.372358322143555,18.495145797729492,16.901264190673828,3304487,0.0,0.0
2014-08-14,18.560821533203125,18.99485969543457,18.52655601501465,18.954883575439453,17.321382522583008,3644882,0.0,0.0
2014-08-15,19.03483772277832,19.257566452026367,18.926328659057617,19.243289947509766,17.58493423461914,3736984,0.0,0.0
2014-08-18,19.391775131225586,19.654483795166016,19.35179901123047,19.525985717773438,17.843271255493164,5435804,0.0,0.0
2014-08-19,19.563106536865234,19.611650466918945,19.471729278564453,19.531696319580078,17.84848976135254,2604788,0.0,0.0
2014-08-20,19.44603157043457,19.571672439575195,19.41461944580078,19.5345516204834,17.85110092163086,5493938,0.0,0.0
2014-08-21,19.563106536865234,19.62307357788086,19.437463760375977,19.525985717773438,17.843271255493164,2688485,0.0,0.0
2014-08-22,19.528841018676758,19.788692474365234,19.440319061279297,19.565961837768555,17.879798889160156,3060398,0.0,0.0
2014-08-25,19.72587013244629,19.86008071899414,19.34894371032715,19.460308074951172,17.78325080871582,2844324,0.0,0.0
2014-08-26,19.500286102294922,19.671615600585938,19.417476654052734,19.660194396972656,17.965913772583008,2053573,0.0,0.0
2014-08-27,19.660194396972656,19.734437942504883,19.44888687133789,19.500286102294922,17.81978416442871,2022755,0.0,0.0
2014-08-28,19.417476654052734,19.785837173461914,19.3889217376709,19.780126571655273,18.075510025024414,2549106,0.0,0.0
2014-08-29,19.780126571655273,19.877212524414062,19.717304229736328,19.871501922607422,18.159008026123047,1898434,0.0,0.0
2014-09-02,19.848657608032227,20.194175720214844,19.848657608032227,20.18275260925293,18.443437576293945,3682003,0.0,0.0
2014-09-03,20.268417358398438,20.336950302124023,20.034265518188477,20.117076873779297,18.383419036865234,3113628,0.0,0.0
2014-09-04,20.722444534301758,21.110794067382812,20.631067276000977,20.83380889892578,19.03838539123535,8433166,0.0,0.0
2014-09-05,20.790977478027344,20.87378692626953,20.702455520629883,20.77955436706543,18.988807678222656,2531596,0.0,0.0
2014-09-08,20.796688079833984,20.996572494506836,20.708166122436523,20.850942611694336,19.05404281616211,1619325,0.0,0.0
2014-09-09,20.862363815307617,20.888063430786133,20.519702911376953,20.54254722595215,18.772226333618164,2613893,0.0,0.0
2014-09-10,20.54254722595215,20.65105628967285,20.388349533081055,20.45973777770996,18.696552276611328,2036413,0.0,0.0
2014-09-11,20.39977264404297,20.442604064941406,20.299829483032227,20.428327560424805,18.667848587036133,2341087,0.0,0.0
2014-09-12,20.434038162231445,20.434038162231445,20.0942325592041,20.117076873779297,18.383419036865234,2439143,0.0,0.0
2014-09-15,20.1313533782959,20.18560791015625,19.76584815979004,19.902912139892578,18.187711715698242,2680431,0.0,0.0
2014-09-16,19.854368209838867,19.96287727355957,19.663049697875977,19.82866859436035,18.11986541748047,2834169,0.0,0.0
2014-09-17,19.7601375579834,19.914335250854492,19.645917892456055,19.697315216064453,17.999834060668945,2153380,0.0,0.0
2014-09-18,19.76870346069336,19.848657608032227,19.57738494873047,19.677326202392578,17.981569290161133,1799328,0.0,0.0
2014-09-19,19.737293243408203,19.80868148803711,19.320388793945312,19.468875885009766,17.791080474853516,3496047,0.0,0.0
2014-09-22,19.374643325805664,19.443174362182617,18.98058319091797,19.134780883789062,17.485774993896484,2134469,0.0,0.0
2014-09-23,18.969160079956055,19.343231201171875,18.969160079956055,19.051969528198242,17.41010284423828,2607239,0.0,0.0
2014-09-24,18.98914909362793,19.117647171020508,18.792118072509766,18.892061233520508,17.26397705078125,4032203,0.0,0.0
2014-09-25,18.874929428100586,18.932039260864258,18.649343490600586,18.680753707885742,17.070880889892578,4946225,0.0,0.0
2014-09-26,18.75499725341797,18.86065101623535,18.67218780517578,18.840662002563477,17.21700668334961,2837320,0.0,0.0
2014-09-29,18.640777587890625,18.892061233520508,18.62078857421875,18.81496238708496,17.19352149963379,2111706,0.0,0.0
2014-09-30,18.909194946289062,18.99485969543457,18.649343490600586,18.81781768798828,17.196130752563477,2898255,0.0,0.0
2014-10-01,18.829240798950195,18.829240798950195,18.143917083740234,18.289548873901367,16.71338653564453,3560483,0.0,0.0
2014-10-02,18.235294342041016,18.335237503051758,17.918331146240234,18.098230361938477,16.53855323791504,7510739,0.0,0.0
2014-10-03,18.238149642944336,18.363792419433594,17.9840087890625,18.03540802001953,16.48114585876465,5716315,0.0,0.0
2014-10-06,18.07253074645996,18.24957275390625,17.944032669067383,17.98115348815918,16.431570053100586,2439143,0.0,0.0
2014-10-07,17.93260955810547,18.043975830078125,17.61564826965332,17.61850357055664,16.100170135498047,2376457,0.0,0.0
2014-10-08,17.70131492614746,18.135351181030273,17.455739974975586,18.109651565551758,16.548994064331055,2746969,0.0,0.0
2014-10-09,18.07538414001465,18.07538414001465,17.544260025024414,17.65848159790039,16.136703491210938,3163006,0.0,0.0
2014-10-10,17.61564826965332,17.84980010986328,17.115934371948242,17.19874382019043,15.71658706665039,4244074,0.0,0.0
2014-10-13,17.11307716369629,17.287263870239258,16.65619659423828,16.701885223388672,15.262547492980957,4006638,0.0,0.0
2014-10-14,16.74186134338379,17.115934371948242,16.55339813232422,16.727584838867188,15.286032676696777,4315515,0.0,0.0
2014-10-15,16.38777732849121,16.913192749023438,16.133638381958008,16.821815490722656,15.372138023376465,3850799,0.0,0.0
2014-10-16,16.444889068603516,16.78469467163086,16.23929214477539,16.69902992248535,15.259936332702637,3609511,0.0,0.0
2014-10-17,16.853227615356445,17.038835525512695,16.650484085083008,16.83894920349121,15.387798309326172,2411127,0.0,0.0
2014-10-20,16.83894920349121,17.1473445892334,16.704740524291992,17.05311393737793,15.58350658416748,2155481,0.0,0.0
2014-10-21,17.133066177368164,17.555681228637695,17.133066177368164,17.47858428955078,15.972310066223145,2327779,0.0,0.0
2014-10-22,17.544260025024414,17.709880828857422,17.16162109375,17.318674087524414,15.826179504394531,2148127,0.0,0.0
2014-10-23,17.56139373779297,17.89263343811035,17.421472549438477,17.784122467041016,16.25151824951172,2213264,0.0,0.0
2014-10-24,17.75556755065918,17.824100494384766,17.66704750061035,17.778411865234375,16.24629783630371,2314122,0.0,0.0
2014-10-27,17.74700164794922,18.001142501831055,17.629926681518555,17.9840087890625,16.43417739868164,4116951,0.0,0.0
2014-10-28,18.109651565551758,18.66362190246582,18.03255271911621,18.606510162353516,17.003032684326172,5413742,0.0,0.0
2014-10-29,18.84637451171875,19.531696319580078,18.580810546875,18.877784729003906,17.25092887878418,11975439,0.0,0.0
2014-10-30,18.774986267089844,19.366077423095703,18.657909393310547,19.12906837463379,17.48055648803711,6972132,0.0,0.0
2014-10-31,19.391775131225586,19.480297088623047,19.189035415649414,19.328954696655273,17.66322135925293,5903321,0.0,0.0
2014-11-03,19.386064529418945,19.431753158569336,19.251855850219727,19.383209228515625,17.712797164916992,3401843,0.0,0.0
2014-11-04,19.22615623474121,19.423187255859375,19.143346786499023,19.34894371032715,17.68148422241211,3408497,0.0,0.0
2014-11-05,19.366077423095703,19.40034294128418,18.58937644958496,18.792118072509766,17.172645568847656,10361017,0.0,0.0
2014-11-06,18.829240798950195,18.94346046447754,18.66362190246582,18.806396484375,17.185691833496094,3065651,0.0,0.0
2014-11-07,18.774986267089844,19.051969528198242,18.746431350708008,18.76070785522461,17.143943786621094,3321997,0.0,0.0
2014-11-10,18.740720748901367,18.892061233520508,18.649343490600586,18.820674896240234,17.19874382019043,2486070,0.0,0.0
2014-11-11,18.789262771606445,18.806396484375,18.66362190246582,18.774986267089844,17.1569881439209,1489751,0.0,0.0
2014-11-12,18.63506507873535,18.820674896240234,18.52655601501465,18.680753707885742,17.070880889892578,2325678,0.0,0.0
2014-11-13,18.774986267089844,18.829240798950195,18.472301483154297,18.506568908691406,16.911705017089844,2092445,0.0,0.0
2014-11-14,18.57224464416504,18.76641845703125,18.512279510498047,18.720731735229492,17.107412338256836,1498856,0.0,0.0
2014-11-17,18.732152938842773,18.737863540649414,18.4351806640625,18.523700714111328,16.927358627319336,2354044,0.0,0.0
2014-11-18,18.503711700439453,18.52941131591797,18.30097007751465,18.4351806640625,16.84646987915039,2100149,0.0,0.0
2014-11-19,18.44089126586914,18.44089126586914,18.21816062927246,18.326669692993164,16.74730682373047,1457182,0.0,0.0
2014-11-20,18.2238712310791,18.615076065063477,18.2238712310791,18.58366584777832,16.98215675354004,1860963,0.0,0.0
2014-11-21,18.695030212402344,18.85494041442871,18.546545028686523,18.557966232299805,16.95867156982422,2881796,0.0,0.0
2014-11-24,18.563678741455078,18.843517303466797,18.458023071289062,18.80925178527832,17.18829917907715,1901936,0.0,0.0
2014-11-25,18.86065101623535,18.872072219848633,18.7121639251709,18.769275665283203,17.151771545410156,1725786,0.0,0.0
2014-11-26,18.732152938842773,18.829240798950195,18.655054092407227,18.686464309692383,17.076095581054688,1877072,0.0,0.0
2014-11-28,18.743574142456055,18.75785255432129,18.57224464416504,18.640777587890625,17.034345626831055,1132197,0.0,0.0
2014-12-01,18.643632888793945,18.6750431060791,18.306682586669922,18.360937118530273,16.778621673583984,2233225,0.0,0.0
2014-12-02,18.412336349487305,18.463735580444336,18.295259475708008,18.44089126586914,16.851686477661133,3134990,0.0,0.0
2014-12-03,18.412336349487305,18.58366584777832,18.369503021240234,18.549400329589844,16.95084571838379,2343538,0.0,0.0
2014-12-04,18.58652114868164,18.789262771606445,18.543689727783203,18.686464309692383,17.076095581054688,1623527,0.0,0.0
2014-12-05,18.683609008789062,18.94346046447754,18.677898406982422,18.837806701660156,17.214397430419922,1984934,0.0,0.0
2014-12-08,18.783552169799805,18.84637451171875,18.126785278320312,18.355226516723633,16.773401260375977,2656617,0.0,0.0
2014-12-09,18.112506866455078,18.472301483154297,18.006853103637695,18.455167770385742,16.864734649658203,1678158,0.0,0.0
2014-12-10,18.39234733581543,18.455167770385742,17.895488739013672,17.944032669067383,16.39764404296875,2243731,0.0,0.0
2014-12-11,18.052541732788086,18.30382537841797,17.901199340820312,17.952598571777344,16.405471801757812,1463136,0.0,0.0
2014-12-12,17.80411148071289,17.966875076293945,17.709880828857422,17.769845962524414,16.23847198486328,1823842,0.0,0.0
2014-12-15,17.915477752685547,18.172473907470703,17.475727081298828,17.495716094970703,15.98796558380127,1893181,0.0,0.0
2014-12-16,17.415761947631836,17.549970626831055,17.10736656188965,17.15305519104004,15.674835205078125,2891952,0.0,0.0
2014-12-17,17.15019989013672,17.407196044921875,17.11307716369629,17.33295249938965,15.839228630065918,2582025,0.0,0.0
2014-12-18,17.504283905029297,17.684179306030273,17.407196044921875,17.538549423217773,16.0271053314209,2966544,0.0,0.0
2014-12-19,17.57567024230957,17.60708236694336,17.475727081298828,17.55853843688965,16.045373916625977,3385383,0.0,0.0
2014-12-22,17.495716094970703,17.6270694732666,17.4814395904541,17.524272918701172,16.014060974121094,3230595,0.0,0.0
2014-12-23,17.56139373779297,17.70416831970215,17.458595275878906,17.47287368774414,15.967090606689453,4838363,0.0,0.0
2014-12-24,17.552827835083008,17.858367919921875,17.47287368774414,17.652769088745117,16.13148307800293,1715280,0.0,0.0
2014-12-26,17.75271224975586,17.909765243530273,17.75271224975586,17.80982208251953,16.275001525878906,861842,0.0,0.0
2014-12-29,17.76127815246582,17.84408950805664,17.66419219970703,17.678468704223633,16.15496826171875,3082110,0.0,0.0
2014-12-30,17.595659255981445,17.769845962524414,17.56424903869629,17.56710433959961,16.05320167541504,1825593,0.0,0.0
2014-12-31,17.6270694732666,17.689891815185547,17.321531295776367,17.358652114868164,15.862714767456055,1702322,0.0,0.0
2015-01-02,17.455739974975586,17.681325912475586,17.033124923706055,17.218732833862305,15.73485279083252,2209762,0.0,0.0
2015-01-05,17.118789672851562,17.227298736572266,17.001712799072266,17.118789672851562,15.64352035522461,1573799,0.0,0.0
2015-01-06,17.127355575561523,17.347230911254883,16.901769638061523,17.181610107421875,15.700926780700684,3524763,0.0,0.0
2015-01-07,17.224443435668945,17.258708953857422,17.104511260986328,17.15019989013672,15.672225952148438,1899835,0.0,0.0
2015-01-08,17.278697967529297,17.635637283325195,17.19874382019043,17.56995964050293,16.055814743041992,2697941,0.0,0.0
2015-01-09,17.62421417236328,17.692747116088867,17.43289566040039,17.56424903869629,16.05059051513672,1452980,0.0,0.0
2015-01-12,17.552827835083008,17.56139373779297,17.16162109375,17.267276763916016,15.779211044311523,2864286,0.0,0.0
2015-01-13,17.330097198486328,17.97829818725586,17.267276763916016,17.729869842529297,16.201936721801758,4587270,0.0,0.0
2015-01-14,17.55853843688965,17.60708236694336,17.184465408325195,17.535694122314453,16.024497985839844,3507253,0.0,0.0
2015-01-15,17.681325912475586,17.70131492614746,17.364362716674805,17.3729305267334,15.875760078430176,3409197,0.0,0.0
2015-01-16,17.312963485717773,17.638492584228516,17.304397583007812,17.589948654174805,16.074073791503906,3120982,0.0,0.0
2015-01-20,17.61564826965332,17.94688606262207,17.512849807739258,17.789833068847656,16.25673484802246,3489743,0.0,0.0
2015-01-21,17.75556755065918,17.884065628051758,17.595659255981445,17.652769088745117,16.13148307800293,1881274,0.0,0.0
2015-01-22,17.80982208251953,17.955453872680664,17.57567024230957,17.784122467041016,16.25151824951172,4952879,0.0,0.0
2015-01-23,17.781267166137695,18.135351181030273,17.712736129760742,18.106796264648438,16.5463809967041,1954816,0.0,0.0
2015-01-26,18.126785278320312,18.44660186767578,18.106796264648438,18.335237503051758,16.75514030456543,2099799,0.0,0.0
2015-01-27,18.152484893798828,18.21816062927246,17.872644424438477,18.006853103637695,16.455053329467773,1735241,0.0,0.0
2015-01-28,18.195316314697266,18.25528335571289,17.572816848754883,17.604225158691406,16.08712387084961,1997541,0.0,0.0
2015-01-29,17.655624389648438,17.76127815246582,17.20159912109375,17.33580780029297,15.841837882995605,2678330,0.0,0.0
2015-01-30,17.264419555664062,17.549970626831055,17.178754806518555,17.404340744018555,15.904463768005371,3726478,0.0,0.0
2015-02-02,17.507139205932617,17.906909942626953,17.404340744018555,17.875499725341797,16.335018157958984,3874263,0.0,0.0
2015-02-03,18.055397033691406,18.358081817626953,17.9840087890625,18.292404174804688,16.71599578857422,5095760,0.0,0.0
2015-02-04,17.60993766784668,17.61850357055664,16.878925323486328,17.133066177368164,15.656569480895996,18961929,0.0,0.0
2015-02-05,17.178754806518555,17.181610107421875,16.97315788269043,17.133066177368164,15.656569480895996,11347531,0.0,0.0
2015-02-06,17.210166931152344,17.258708953857422,16.956024169921875,17.138778686523438,15.661789894104004,10321445,0.0,0.0
2015-02-09,17.1102237701416,17.215877532958984,17.02455711364746,17.130210876464844,15.653959274291992,6880379,0.0,0.0
2015-02-10,17.06167984008789,17.235864639282227,17.01028060913086,17.20445442199707,15.721805572509766,5495338,0.0,0.0
2015-02-11,17.18732261657715,17.66419219970703,17.130210876464844,17.61279296875,16.094953536987305,5325842,0.0,0.0
2015-02-12,17.727012634277344,18.21245002746582,17.66704750061035,18.172473907470703,16.606401443481445,4453493,0.0,0.0
2015-02-13,18.2095947265625,18.48372459411621,18.098230361938477,18.44660186767578,16.856903076171875,3864107,0.0,0.0
2015-02-17,18.418046951293945,18.77212905883789,18.380924224853516,18.697887420654297,17.086532592773438,4862877,0.0,0.0
2015-02-18,18.720731735229492,18.97772789001465,18.655054092407227,18.874929428100586,17.248321533203125,3723677,0.0,0.0
2015-02-19,18.80068588256836,18.932039260864258,18.777841567993164,18.926328659057617,17.295289993286133,2421633,0.0,0.0
2015-02-20,18.934894561767578,19.18046760559082,18.820674896240234,19.149057388305664,17.49882698059082,3683053,0.0,0.0
2015-02-23,19.17475700378418,19.2718448638916,19.051969528198242,19.194746017456055,17.540573120117188,5016965,0.0,0.0
2015-02-24,19.22044563293457,19.31182289123535,19.134780883789062,19.263277053833008,17.603199005126953,2870940,0.0,0.0
2015-02-25,19.274700164794922,19.40605354309082,19.04054832458496,19.18046760559082,17.527528762817383,3722626,0.0,0.0
2015-02-26,18.837806701660156,19.294689178466797,18.834951400756836,19.197601318359375,17.543188095092773,6172625,0.0,0.0
2015-02-27,19.16619110107422,19.346088409423828,19.1633358001709,19.251855850219727,17.592763900756836,2799499,0.0,0.0
2015-03-02,19.317533493041992,19.571672439575195,19.22901153564453,19.568817138671875,17.882410049438477,4293102,0.0,0.0
2015-03-03,19.443174362182617,19.568817138671875,19.431753158569336,19.53740692138672,17.85370635986328,4829608,0.0,0.0
2015-03-04,19.525985717773438,19.620216369628906,19.417476654052734,19.548828125,17.86414337158203,3542623,0.0,0.0
2015-03-05,19.6430606842041,19.831525802612305,19.520273208618164,19.805824279785156,18.0989933013916,3656438,0.0,0.0
2015-03-06,19.63163948059082,19.931467056274414,19.511707305908203,19.882923126220703,18.169448852539062,7681987,0.0,0.0
2015-03-09,19.94860076904297,20.017133712768555,19.882923126220703,19.925756454467773,18.208587646484375,4977743,0.0,0.0
2015-03-10,19.748714447021484,19.942890167236328,19.36322021484375,19.4031982421875,17.73106575012207,4393609,0.0,0.0
2015-03-11,19.374643325805664,19.517419815063477,19.231868743896484,19.343231201171875,17.676265716552734,2354044,0.0,0.0
2015-03-12,19.386064529418945,19.611650466918945,19.323244094848633,19.60022735595703,17.911113739013672,3836441,0.0,0.0
2015-03-13,19.545974731445312,19.63735008239746,19.31467628479004,19.41176414489746,17.738893508911133,2167038,0.0,0.0
2015-03-16,19.431753158569336,19.443174362182617,19.243289947509766,19.291833877563477,17.629297256469727,2072484,0.0,0.0
2015-03-17,19.26898956298828,19.685894012451172,19.12906837463379,19.63449478149414,17.94243049621582,2713350,0.0,0.0
2015-03-18,19.62307357788086,19.851512908935547,19.41176414489746,19.743003845214844,18.04158592224121,1922948,0.0,0.0
2015-03-19,19.67447280883789,19.705881118774414,19.434608459472656,19.511707305908203,17.830223083496094,2638757,0.0,0.0
2015-03-20,19.568817138671875,19.80868148803711,19.483152389526367,19.500286102294922,17.81978416442871,3559433,0.0,0.0
2015-03-23,19.525985717773438,19.617361068725586,19.434608459472656,19.460308074951172,17.78325080871582,2915415,0.0,0.0
2015-03-24,19.45745277404785,19.523130416870117,19.317533493041992,19.331809997558594,17.66582679748535,1893181,0.0,0.0
2015-03-25,19.35179901123047,19.35179901123047,19.03769302368164,19.089092254638672,17.444028854370117,2182096,0.0,0.0
2015-03-26,19.077669143676758,19.097658157348633,18.840662002563477,18.932039260864258,17.300508499145508,2744517,0.0,0.0
2015-03-27,18.954883575439453,19.31182289123535,18.954883575439453,19.26042366027832,17.60059356689453,2833468,0.0,0.0
2015-03-30,19.326099395751953,19.377498626708984,19.114791870117188,19.131925582885742,17.48316764831543,2259490,0.0,0.0
2015-03-31,19.1633358001709,19.366077423095703,19.109081268310547,19.26613426208496,17.605810165405273,3132189,0.0,0.0
2015-04-01,19.209022521972656,19.40605354309082,19.02627182006836,19.1776123046875,17.524919509887695,2425835,0.0,0.0
2015-04-02,19.21187973022461,19.36322021484375,19.200456619262695,19.274700164794922,17.61363983154297,1486249,0.0,0.0
2015-04-06,19.206167221069336,19.49457550048828,19.189035415649414,19.383209228515625,17.712797164916992,4552600,0.0,0.0
2015-04-07,19.366077423095703,19.985721588134766,19.366077423095703,19.82295799255371,18.114648818969727,5878457,0.0,0.0
2015-04-08,19.845802307128906,20.845230102539062,19.654483795166016,20.708166122436523,18.923572540283203,7183302,0.0,0.0
2015-04-09,20.656768798828125,20.982295989990234,20.559680938720703,20.719589233398438,18.934009552001953,2761327,0.0,0.0
2015-04-10,20.77098846435547,20.91376495361328,20.6110782623291,20.713878631591797,18.92879295349121,1374185,0.0,0.0
2015-04-13,20.659622192382812,20.922330856323242,20.64534568786621,20.716733932495117,18.9314022064209,1602165,0.0,0.0
2015-04-14,20.428327560424805,20.845230102539062,20.348371505737305,20.5025691986084,18.73569107055664,2075635,0.0,0.0
2015-04-15,20.5025691986084,20.68532371520996,20.42547035217285,20.573957443237305,18.80093002319336,2457353,0.0,0.0
2015-04-16,20.559680938720703,20.73386573791504,20.394060134887695,20.54825782775879,18.77744483947754,2080888,0.0,0.0
2015-04-17,20.39977264404297,20.42261505126953,20.114219665527344,20.202741622924805,18.46170425415039,1699871,0.0,0.0
2015-04-20,20.296972274780273,20.439748764038086,20.22273063659668,20.396915435791016,18.639144897460938,1514965,0.0,0.0
2015-04-21,20.45973777770996,20.653911590576172,20.40262794494629,20.565391540527344,18.793100357055664,1982482,0.0,0.0
2015-04-22,20.59965705871582,20.925186157226562,20.468303680419922,20.87093162536621,19.072309494018555,2407975,0.0,0.0
2015-04-23,20.8366641998291,20.87664222717285,20.576812744140625,20.668190002441406,18.88703727722168,1873920,0.0,0.0
2015-04-24,20.77098846435547,20.816675186157227,20.573957443237305,20.59965705871582,18.82441520690918,2633504,0.0,0.0
2015-04-27,20.628211975097656,20.77098846435547,20.36550521850586,20.37407112121582,18.618268966674805,4610733,0.0,0.0
2015-04-28,20.334095001220703,20.55396842956543,20.099943161010742,20.40548324584961,18.64697265625,5229887,0.0,0.0
2015-04-29,20.842376708984375,20.842376708984375,20.0942325592041,20.496858596801758,18.730472564697266,7494630,0.0,0.0
2015-04-30,20.494003295898438,20.582523345947266,19.82581329345703,19.937179565429688,18.219026565551758,6700727,0.0,0.0
2015-05-01,19.974300384521484,20.476869583129883,19.974300384521484,20.4654483795166,18.701770782470703,2744868,0.0,0.0
2015-05-04,20.55111312866211,20.55111312866211,20.36264991760254,20.479726791381836,18.714818954467773,2372605,0.0,0.0
2015-05-05,20.474014282226562,21.0622501373291,20.45973777770996,20.930896759033203,19.127107620239258,4973891,0.0,0.0
2015-05-06,21.045116424560547,21.14220428466797,20.6910343170166,21.073671340942383,19.257577896118164,4634197,0.0,0.0
2015-05-07,21.122215270996094,21.24785804748535,20.945173263549805,20.993717193603516,19.184513092041016,3950256,0.0,0.0
2015-05-08,21.207881927490234,21.339235305786133,20.982295989990234,21.002283096313477,19.19234275817871,2920668,0.0,0.0
2015-05-11,20.976585388183594,21.119359970092773,20.919475555419922,20.922330856323242,19.119279861450195,2878294,0.0,0.0
2015-05-12,20.890918731689453,20.9537410736084,20.716733932495117,20.81382179260254,19.02012062072754,3818581,0.0,0.0
2015-05-13,20.82524299621582,20.933752059936523,20.616790771484375,20.65105628967285,18.871383666992188,2376107,0.0,0.0
2015-05-14,20.753854751586914,21.15077018737793,20.722444534301758,21.119359970092773,19.29932975769043,1800728,0.0,0.0
2015-05-15,20.699600219726562,21.20216941833496,20.699600219726562,21.179325103759766,19.354127883911133,1847655,0.0,0.0
2015-05-18,21.136493682861328,21.28498077392578,20.705310821533203,21.253568649291992,19.421972274780273,1085270,0.0,0.0
2015-05-19,21.22787094116211,21.32781219482422,21.136493682861328,21.225013732910156,19.3958797454834,1415859,0.0,0.0
2015-05-20,21.210737228393555,21.41062355041504,21.110794067382812,21.342090606689453,19.502864837646484,2007346,0.0,0.0
2015-05-21,21.38777732849121,21.464876174926758,21.18789291381836,21.41347885131836,19.56810188293457,1769911,0.0,0.0
2015-05-22,21.37635612487793,21.758995056152344,21.37635612487793,21.679040908813477,19.810781478881836,2241630,0.0,0.0
2015-05-26,21.587663650512695,21.69617462158203,21.167903900146484,21.250713348388672,19.41936492919922,2126414,0.0,0.0
2015-05-27,21.262136459350586,21.710451126098633,21.230724334716797,21.69902992248535,19.829044342041016,2583075,0.0,0.0
2015-05-28,21.624786376953125,21.679040908813477,21.436321258544922,21.499143600463867,19.646385192871094,1122391,0.0,0.0
2015-05-29,21.581953048706055,21.69902992248535,21.24214744567871,21.436321258544922,19.588973999023438,2632804,0.0,0.0
2015-06-01,21.436321258544922,22.044546127319336,21.419189453125,21.96459197998047,20.07172203063965,4621239,0.0,0.0
2015-06-02,21.861793518066406,21.97601318359375,21.693317413330078,21.79326057434082,19.91515350341797,1548935,0.0,0.0
2015-06-03,21.801828384399414,22.144489288330078,21.801828384399414,22.133066177368164,20.225675582885742,1839250,0.0,0.0
2015-06-04,22.115934371948242,22.121644973754883,21.756139755249023,21.83609390258789,19.95429801940918,1713529,0.0,0.0
2015-06-05,21.78754997253418,21.933181762695312,21.633352279663086,21.870359420776367,19.985610961914062,1239358,0.0,0.0
2015-06-08,21.92461585998535,22.02455711364746,21.547687530517578,21.567676544189453,19.709012985229492,1811234,0.0,0.0
2015-06-09,21.579097747802734,21.65334129333496,21.15362548828125,21.453454971313477,19.60463523864746,1401500,0.0,0.0
2015-06-10,21.679040908813477,22.47287368774414,21.524843215942383,22.141632080078125,20.233503341674805,3061799,0.0,0.0
2015-06-11,22.15876579284668,22.210166931152344,21.941747665405273,22.01028060913086,20.11347198486328,2381360,0.0,0.0
2015-06-12,21.867504119873047,21.887493133544922,21.61336326599121,21.681896209716797,19.813386917114258,1564694,0.0,0.0
2015-06-15,21.59052085876465,21.864648818969727,21.307823181152344,21.78183937072754,19.904720306396484,1772362,0.0,0.0
2015-06-16,21.713306427001953,21.88178253173828,21.579097747802734,21.83609390258789,19.95429801940918,1319904,0.0,0.0
2015-06-17,21.8846378326416,21.987436294555664,21.536264419555664,21.707595825195312,19.83687400817871,2597083,0.0,0.0
2015-06-18,21.710451126098633,21.96459197998047,21.561965942382812,21.96459197998047,20.07172203063965,1461735,0.0,0.0
2015-06-19,22.02741241455078,22.02741241455078,21.633352279663086,21.816104888916016,19.936033248901367,2043067,0.0,0.0
2015-06-22,22.01028060913086,22.324386596679688,21.910337448120117,22.210166931152344,20.296133041381836,2096647,0.0,0.0
2015-06-23,22.184465408325195,22.490005493164062,22.093090057373047,22.464305877685547,20.528369903564453,2634905,0.0,0.0
2015-06-24,22.421472549438477,22.512849807739258,22.050256729125977,22.06167984008789,20.16044044494629,1806682,0.0,0.0
2015-06-25,23.38663673400879,23.52941131591797,22.592803955078125,23.183895111083984,21.18594741821289,15430863,0.0,0.0
2015-06-26,23.309537887573242,23.39234733581543,22.901199340820312,22.98115348815918,21.000675201416016,6908395,0.0,0.0
2015-06-29,22.80411148071289,22.84123420715332,22.301542282104492,22.364362716674805,20.437040328979492,2611792,0.0,0.0
2015-06-30,22.672758102416992,22.875499725341797,22.410051345825195,22.74700164794922,20.786706924438477,2855181,0.0,0.0
2015-07-01,22.9840087890625,23.146772384643555,22.815534591674805,22.855510711669922,20.8858642578125,2115558,0.0,0.0
2015-07-02,22.958309173583984,23.135351181030273,22.769845962524414,23.106796264648438,21.115493774414062,1883726,0.0,0.0
2015-07-06,23.146772384643555,23.292404174804688,22.61850357055664,22.781267166137695,20.818016052246094,3856753,0.0,0.0
2015-07-07,22.84694480895996,22.881210327148438,22.15876579284668,22.741291046142578,20.78148651123047,3046040,0.0,0.0
2015-07-08,22.490005493164062,22.772701263427734,22.421472549438477,22.55853843688965,20.61448097229004,1630531,0.0,0.0
2015-07-09,22.555681228637695,22.872644424438477,22.501428604125977,22.80982208251953,20.8441104888916,2323577,0.0,0.0
2015-07-10,23.121074676513672,23.20102882385254,22.93260955810547,23.01542091369629,21.03199005126953,2296261,0.0,0.0
2015-07-13,23.309537887573242,23.732152938842773,23.183895111083984,23.57795524597168,21.546049118041992,2649613,0.0,0.0
2015-07-14,23.75499725341797,24.17475700378418,23.723587036132812,24.154769897460938,22.073156356811523,3955159,0.0,0.0
2015-07-15,24.12906837463379,24.12906837463379,23.320959091186523,23.469446182250977,21.446887969970703,2417080,0.0,0.0
2015-07-16,23.75214195251465,23.843517303466797,23.44374656677246,23.63220977783203,21.595626831054688,5027821,0.0,0.0
2015-07-17,23.75214195251465,24.03483772277832,23.700742721557617,23.969160079956055,21.90353775024414,3490443,0.0,0.0
2015-07-20,23.954883575439453,24.12335777282715,23.597944259643555,24.011993408203125,21.94268035888672,1881274,0.0,0.0
2015-07-21,23.963449478149414,24.063392639160156,23.686464309692383,23.749286651611328,21.70261001586914,2316923,0.0,0.0
2015-07-22,23.62364387512207,23.75785255432129,23.375213623046875,23.75785255432129,21.71044158935547,2753973,0.0,0.0
2015-07-23,23.80068588256836,23.914905548095703,23.438034057617188,23.52655601501465,21.49907875061035,1305896,0.0,0.0
2015-07-24,23.62364387512207,23.67218780517578,23.283838272094727,23.326669692993164,21.31641960144043,2089643,0.0,0.0
2015-07-27,23.278127670288086,23.335237503051758,22.74700164794922,22.8526554107666,20.88325309753418,2626150,0.0,0.0
2015-07-28,22.98686408996582,23.34665870666504,22.721302032470703,23.01542091369629,21.03199005126953,4078429,0.0,0.0
2015-07-29,23.129640579223633,23.252426147460938,21.804683685302734,22.18732261657715,20.275259017944336,9024654,0.0,0.0
2015-07-30,22.233009338378906,22.507139205932617,21.956024169921875,22.05311393737793,20.15261459350586,4845367,0.0,0.0
2015-07-31,22.055967330932617,22.2558536529541,21.947458267211914,22.06167984008789,20.16044044494629,1927151,0.0,0.0
2015-08-03,21.97601318359375,22.173044204711914,21.687606811523438,21.7761287689209,19.899499893188477,2516887,0.0,0.0
2015-08-04,21.719018936157227,22.104511260986328,21.719018936157227,21.953170776367188,20.0612850189209,2260891,0.0,0.0
2015-08-05,22.0159912109375,22.39291763305664,21.870359420776367,21.907480239868164,20.01953125,1825593,0.0,0.0
2015-08-06,21.898914337158203,22.10736656188965,20.97372817993164,21.210737228393555,19.38283348083496,4521432,0.0,0.0
2015-08-07,21.18503761291504,21.36493492126465,20.990861892700195,21.273557662963867,19.44024085998535,3987377,0.0,0.0
2015-08-10,21.476299285888672,21.716161727905273,21.41633415222168,21.547687530517578,19.690746307373047,1742595,0.0,0.0
2015-08-11,21.362079620361328,21.459165573120117,20.988006591796875,21.253568649291992,19.421972274780273,3495696,0.0,0.0
2015-08-12,20.97372817993164,21.42775535583496,20.42261505126953,21.273557662963867,19.44024085998535,5860247,0.0,0.0
2015-08-13,21.09937286376953,21.33066749572754,21.027984619140625,21.116504669189453,19.296722412109375,2662921,0.0,0.0
2015-08-14,21.216447830200195,21.547687530517578,21.09937286376953,21.459165573120117,19.60984992980957,2968996,0.0,0.0
2015-08-17,21.447744369506836,21.476299285888672,21.136493682861328,21.476299285888672,19.625511169433594,2080888,0.0,0.0
2015-08-18,21.37350082397461,21.55625343322754,21.15362548828125,21.18503761291504,19.359346389770508,1811585,0.0,0.0
2015-08-19,21.039405822753906,21.19645881652832,20.853797912597656,21.01941680908203,19.20800018310547,2690236,0.0,0.0
2015-08-20,21.073671340942383,21.107938766479492,20.302684783935547,20.31696128845215,18.566078186035156,3899477,0.0,0.0
2015-08-21,20.13420867919922,20.6110782623291,19.95716667175293,20.17704200744629,18.43821907043457,4485011,0.0,0.0
2015-08-24,19.117647171020508,20.019989013671875,18.07253074645996,19.206167221069336,17.55101203918457,4362792,0.0,0.0
2015-08-25,19.794403076171875,19.980010986328125,19.197601318359375,19.200456619262695,17.545795440673828,4572211,0.0,0.0
2015-08-26,19.57738494873047,19.94860076904297,19.020559310913086,19.90862464904785,18.192935943603516,4434583,0.0,0.0
2015-08-27,20.162763595581055,20.54254722595215,20.019989013671875,20.46259307861328,18.699159622192383,3749591,0.0,0.0
2015-08-28,20.32552719116211,20.508281707763672,20.071388244628906,20.39977264404297,18.641754150390625,2696190,0.0,0.0
2015-08-31,20.17418670654297,20.37692642211914,19.797258377075195,19.931467056274414,18.21380615234375,3118531,0.0,0.0
2015-09-01,19.517419815063477,19.94860076904297,19.503141403198242,19.754425048828125,18.052021026611328,4085083,0.0,0.0
2015-09-02,19.99714469909668,20.068532943725586,19.717304229736328,20.025699615478516,18.29991912841797,3475385,0.0,0.0
2015-09-03,20.04283332824707,20.305540084838867,19.982866287231445,20.04568862915039,18.318185806274414,3302736,0.0,0.0
2015-09-04,19.82295799255371,19.902912139892578,19.54026222229004,19.668760299682617,17.973743438720703,2247233,0.0,0.0
2015-09-08,20.019989013671875,20.211307525634766,19.794403076171875,19.8686466217041,18.156400680541992,2920668,0.0,0.0
2015-09-09,20.068532943725586,20.151342391967773,19.72872543334961,19.76870346069336,18.0650691986084,3377679,0.0,0.0
2015-09-10,19.660194396972656,19.877212524414062,19.503141403198242,19.59737205505371,17.908504486083984,4163528,0.0,0.0
2015-09-11,19.548828125,19.6430606842041,19.371788024902344,19.62307357788086,17.931989669799805,2091745,0.0,0.0
2015-09-14,19.62592887878418,19.691604614257812,19.443174362182617,19.54026222229004,17.856313705444336,1834348,0.0,0.0
2015-09-15,19.748714447021484,20.1313533782959,19.57452964782715,20.079954147338867,18.349498748779297,3177014,0.0,0.0
2015-09-16,20.13991928100586,20.385494232177734,19.95145606994629,20.265562057495117,18.51910972595215,3889671,0.0,0.0
2015-09-17,20.22844123840332,20.508281707763672,20.119930267333984,20.2398624420166,18.49562644958496,1451579,0.0,0.0
2015-09-18,20.04283332824707,20.202741622924805,19.714448928833008,19.780126571655273,18.075510025024414,3515308,0.0,0.0
2015-09-21,19.851512908935547,20.00571060180664,19.551685333251953,19.58595085144043,17.898069381713867,2749070,0.0,0.0
2015-09-22,19.41176414489746,19.58309555053711,19.254711151123047,19.4031982421875,17.73106575012207,5507245,0.0,0.0
2015-09-23,19.41176414489746,19.697315216064453,19.371788024902344,19.440319061279297,17.76498794555664,2061627,0.0,0.0
2015-09-24,19.263277053833008,19.44888687133789,18.926328659057617,19.374643325805664,17.704967498779297,3901578,0.0,0.0
2015-09-25,19.58024024963379,19.58024024963379,19.03483772277832,19.103370666503906,17.457075119018555,1991237,0.0,0.0
2015-09-28,18.963449478149414,19.22330093383789,18.355226516723633,18.4494571685791,16.859512329101562,2928022,0.0,0.0
2015-09-29,18.423757553100586,18.826385498046875,18.21816062927246,18.426612854003906,16.838640213012695,2195054,0.0,0.0
2015-09-30,18.597944259643555,18.729297637939453,18.318103790283203,18.637920379638672,17.031736373901367,2298713,0.0,0.0
2015-10-01,18.697887420654297,18.792118072509766,18.129640579223633,18.62364387512207,17.018692016601562,3911034,0.0,0.0
2015-10-02,18.426612854003906,19.3089656829834,18.241004943847656,19.297544479370117,17.63451385498047,4094538,0.0,0.0
2015-10-05,19.40890884399414,19.76584815979004,19.374643325805664,19.657339096069336,17.963302612304688,3483790,0.0,0.0
2015-10-06,19.59166145324707,20.031410217285156,19.59166145324707,20.008567810058594,18.28426170349121,3084211,0.0,0.0
2015-10-07,19.968589782714844,20.582523345947266,19.968589782714844,20.37692642211914,18.620878219604492,3521961,0.0,0.0
2015-10-08,20.436893463134766,20.6910343170166,20.157052993774414,20.64249038696289,18.863554000854492,2506031,0.0,0.0
2015-10-09,20.639633178710938,20.64249038696289,20.23129653930664,20.331239700317383,18.57912826538086,3032732,0.0,0.0
2015-10-12,20.37407112121582,20.5025691986084,20.22844123840332,20.39977264404297,18.641754150390625,2037113,0.0,0.0
2015-10-13,20.41404914855957,20.888063430786133,20.348371505737305,20.633922576904297,18.85572624206543,5021518,0.0,0.0
2015-10-14,20.639633178710938,20.796688079833984,20.097087860107422,20.145631790161133,18.409515380859375,2919267,0.0,0.0
2015-10-15,20.291261672973633,20.488292694091797,20.059965133666992,20.208452224731445,18.466920852661133,4808946,0.0,0.0
2015-10-16,20.17704200744629,20.42547035217285,20.04568862915039,20.379783630371094,18.623491287231445,3089815,0.0,0.0
2015-10-19,20.488292694091797,20.82809829711914,20.034265518188477,20.1313533782959,18.396469116210938,4246525,0.0,0.0
2015-10-20,20.13420867919922,20.22273063659668,19.480297088623047,19.705881118774414,18.007661819458008,3832239,0.0,0.0
2015-10-21,19.734437942504883,19.90862464904785,19.1776123046875,19.231868743896484,17.574499130249023,3348262,0.0,0.0
2015-10-22,19.306110382080078,19.745859146118164,19.240434646606445,19.317533493041992,17.652782440185547,3633325,0.0,0.0
2015-10-23,19.517419815063477,19.703027725219727,19.337520599365234,19.617361068725586,17.92677116394043,3838892,0.0,0.0
2015-10-26,19.740148544311523,19.82010269165039,19.251855850219727,19.294689178466797,17.63190460205078,6562048,0.0,0.0
2015-10-27,18.03255271911621,18.697887420654297,17.495716094970703,18.438034057617188,16.84907341003418,14570071,0.0,0.0
2015-10-28,18.38949203491211,19.21759033203125,18.25528335571289,18.80925178527832,17.18829917907715,7070538,0.0,0.0
2015-10-29,18.923471450805664,19.249000549316406,18.71787452697754,19.16619110107422,17.514482498168945,5019066,0.0,0.0
2015-10-30,19.18046760559082,19.240434646606445,18.90062713623047,19.134780883789062,17.485774993896484,3441065,0.0,0.0
2015-11-02,19.22901153564453,19.234722137451172,18.934894561767578,18.98343849182129,17.34748077392578,3084912,0.0,0.0
2015-11-03,18.84637451171875,19.089092254638672,18.84637451171875,18.877784729003906,17.25092887878418,2796347,0.0,0.0
2015-11-04,18.94917106628418,19.049114227294922,18.75785255432129,18.81781768798828,17.196130752563477,3443517,0.0,0.0
2015-11-05,18.903484344482422,18.932039260864258,18.498001098632812,18.52655601501465,16.929969787597656,2888800,0.0,0.0
2015-11-06,18.523700714111328,18.97772789001465,18.469446182250977,18.960594177246094,17.326602935791016,1970926,0.0,0.0
2015-11-09,18.912050247192383,19.120502471923828,18.615076065063477,18.926328659057617,17.295289993286133,5343001,0.0,0.0
2015-11-10,18.80354118347168,18.960594177246094,18.560821533203125,18.84922981262207,17.224834442138672,1822791,0.0,0.0
2015-11-11,18.866361618041992,18.960594177246094,18.62364387512207,18.649343490600586,17.04217529296875,1894582,0.0,0.0
2015-11-12,18.460878372192383,18.90062713623047,18.295259475708008,18.62935447692871,17.023906707763672,6676913,0.0,0.0
2015-11-13,18.58937644958496,18.872072219848633,18.515134811401367,18.560821533203125,16.961280822753906,5058289,0.0,0.0
2015-11-16,18.560821533203125,18.6750431060791,18.21816062927246,18.48657989501953,16.89344024658203,5910676,0.0,0.0
2015-11-17,18.52655601501465,18.603654861450195,17.669902801513672,17.84980010986328,16.311534881591797,6066865,0.0,0.0
2015-11-18,17.955453872680664,18.041118621826172,17.301542282104492,17.76127815246582,16.230640411376953,9915913,0.0,0.0
2015-11-19,13.5,14.890000343322754,12.630000114440918,14.739999771118164,13.469731330871582,26921600,0.0,0.0
2015-11-20,15.279999732971191,16.170000076293945,14.369999885559082,15.199999809265137,13.890089988708496,7389600,0.0,0.0
2015-11-23,15.960000038146973,15.979999542236328,14.0600004196167,14.369999885559082,13.131616592407227,3233500,0.0,0.0
2015-11-24,14.289999961853027,15.100000381469727,13.619999885559082,14.220000267028809,12.99454402923584,2253200,0.0,0.0
2015-11-25,14.050000190734863,14.640000343322754,14.050000190734863,14.40999984741211,13.168169975280762,1109800,0.0,0.0
2015-11-27,14.600000381469727,14.800000190734863,14.319999694824219,14.619999885559082,13.360074043273926,507200,0.0,0.0
2015-11-30,14.930000305175781,14.930999755859375,14.0,14.479999542236328,13.232138633728027,1492200,0.0,0.0
2015-12-01,14.529999732971191,14.529999732971191,13.899999618530273,14.229999542236328,13.003683090209961,915400,0.0,0.0
2015-12-02,14.020000457763672,14.199999809265137,14.0,14.100000381469727,12.884886741638184,461800,0.0,0.0
2015-12-03,13.989999771118164,14.119999885559082,13.0,13.050000190734863,11.925374031066895,1674100,0.0,0.0
2015-12-04,13.050000190734863,13.260000228881836,12.819999694824219,13.109999656677246,11.980202674865723,1413800,0.0,0.0
2015-12-07,13.390000343322754,13.479999542236328,13.0,13.25,12.108139038085938,663600,0.0,0.0
2015-12-08,13.0,13.399999618530273,13.0,13.380000114440918,12.226935386657715,630000,0.0,0.0
2015-12-09,13.300000190734863,13.84000015258789,13.140000343322754,13.550000190734863,12.382285118103027,715600,0.0,0.0
2015-12-10,13.930000305175781,14.0,13.449999809265137,13.920000076293945,12.72039794921875,1247000,0.0,0.0
2015-12-11,13.649999618530273,13.989999771118164,13.529999732971191,13.84000015258789,12.647292137145996,1020400,0.0,0.0
2015-12-14,13.520000457763672,13.869999885559082,13.380000114440918,13.630000114440918,12.455389976501465,1575400,0.0,0.0
2015-12-15,13.760000228881836,14.5,13.569999694824219,14.079999923706055,12.866609573364258,1208600,0.0,0.0
2015-12-16,14.5,14.739999771118164,14.204999923706055,14.680000305175781,13.41490364074707,1351600,0.0,0.0
2015-12-17,14.829999923706055,14.949999809265137,14.229999542236328,14.279999732971191,13.049373626708984,737600,0.0,0.0
2015-12-18,14.279999732971191,14.579999923706055,13.960000038146973,14.329999923706055,13.095065116882324,3261800,0.0,0.0
2015-12-21,14.420000076293945,14.449999809265137,13.479999542236328,13.899999618530273,12.702120780944824,851800,0.0,0.0
2015-12-22,13.59000015258789,14.180000305175781,13.5600004196167,13.90999984741211,12.711259841918945,388400,0.0,0.0
2015-12-23,14.15999984741211,14.15999984741211,13.640000343322754,14.029999732971191,12.820919036865234,636100,0.0,0.0
2015-12-24,13.970000267028809,14.295000076293945,13.720000267028809,14.09000015258789,12.875747680664062,346200,0.0,0.0
2015-12-28,14.1899995803833,14.369999885559082,13.550000190734863,13.729999542236328,12.546772956848145,655100,0.0,0.0
2015-12-29,13.9399995803833,13.970000267028809,13.5,13.770000457763672,12.583324432373047,772700,0.0,0.0
2015-12-30,13.8100004196167,13.890000343322754,13.539999961853027,13.600000381469727,12.42797565460205,736300,0.0,0.0
2015-12-31,13.670000076293945,13.739999771118164,13.520000457763672,13.550000190734863,12.382285118103027,411300,0.0,0.0
2016-01-04,13.430000305175781,13.489999771118164,13.039999961853027,13.359999656677246,12.208657264709473,1771000,0.0,0.0
2016-01-05,13.4399995803833,13.979999542236328,13.359999656677246,13.670000076293945,12.491942405700684,1307200,0.0,0.0
2016-01-06,13.600000381469727,14.25,13.579999923706055,13.920000076293945,12.72039794921875,1661500,0.0,0.0
2016-01-07,13.619999885559082,13.91100025177002,13.15999984741211,13.510000228881836,12.345733642578125,1210400,0.0,0.0
2016-01-08,13.550000190734863,13.850000381469727,13.550000190734863,13.59000015258789,12.418837547302246,512200,0.0,0.0
2016-01-11,13.600000381469727,14.130000114440918,13.489999771118164,13.729999542236328,12.546772956848145,597100,0.0,0.0
2016-01-12,13.84000015258789,14.140000343322754,13.25,13.5600004196167,12.391423225402832,844700,0.0,0.0
2016-01-13,13.779999732971191,13.829999923706055,13.0,13.295000076293945,12.149259567260742,972500,0.0,0.0
2016-01-14,13.489999771118164,13.600000381469727,12.75,13.0600004196167,11.9345121383667,1792300,0.0,0.0
2016-01-15,12.75,13.09000015258789,12.130000114440918,12.960000038146973,11.843130111694336,1589700,0.0,0.0
2016-01-19,13.0,13.329999923706055,12.109999656677246,12.510000228881836,11.431910514831543,1457800,0.0,0.0
2016-01-20,12.210000038146973,12.25,11.449999809265137,11.949999809265137,10.920169830322266,1526700,0.0,0.0
2016-01-21,12.0600004196167,12.25,11.640000343322754,11.9399995803833,10.911030769348145,600900,0.0,0.0
2016-01-22,12.460000038146973,12.460000038146973,11.880000114440918,12.220000267028809,11.166901588439941,1130500,0.0,0.0
2016-01-25,12.569999694824219,12.770000457763672,11.829999923706055,11.970000267028809,10.938446044921875,546400,0.0,0.0
2016-01-26,11.989999771118164,12.470000267028809,11.8100004196167,12.140000343322754,11.093795776367188,495800,0.0,0.0
2016-01-27,12.270000457763672,12.5,11.829999923706055,11.960000038146973,10.92930793762207,462200,0.0,0.0
2016-01-28,11.869999885559082,12.609999656677246,11.5,12.470000267028809,11.395357131958008,1065100,0.0,0.0
2016-01-29,12.279999732971191,12.6899995803833,12.109999656677246,12.550000190734863,11.468461990356445,934800,0.0,0.0
2016-02-01,12.109999656677246,12.949999809265137,12.029999732971191,12.789999961853027,11.687780380249023,1062600,0.0,0.0
2016-02-02,12.720000267028809,12.824999809265137,12.0,12.1899995803833,11.139485359191895,2017300,0.0,0.0
2016-02-03,9.979999542236328,10.819999694824219,9.170000076293945,10.65999984741211,9.741337776184082,6600400,0.0,0.0
2016-02-04,10.210000038146973,10.550000190734863,8.75,9.760000228881836,8.918900489807129,5495400,0.0,0.0
2016-02-05,9.779999732971191,9.989999771118164,9.289999961853027,9.300000190734863,8.498541831970215,1425900,0.0,0.0
2016-02-08,9.029999732971191,9.75,9.0,9.1899995803833,8.39802074432373,885900,0.0,0.0
2016-02-09,9.0,9.260000228881836,8.40999984741211,9.119999885559082,8.334053993225098,1866600,0.0,0.0
2016-02-10,9.100000381469727,9.470000267028809,8.84000015258789,9.399999618530273,8.589922904968262,636100,0.0,0.0
2016-02-11,9.210000038146973,9.949999809265137,9.050000190734863,9.699999809265137,8.864069938659668,1255100,0.0,0.0
2016-02-12,9.600000381469727,10.0,9.4399995803833,9.819999694824219,8.973729133605957,1044900,0.0,0.0
2016-02-16,10.109999656677246,10.5,9.850000381469727,10.1899995803833,9.311842918395996,1029700,0.0,0.0
2016-02-17,10.180000305175781,10.710000038146973,10.0600004196167,10.109999656677246,9.238737106323242,1216300,0.0,0.0
2016-02-18,10.180000305175781,10.770000457763672,9.930000305175781,10.4399995803833,9.540299415588379,964700,0.0,0.0
2016-02-19,10.420000076293945,10.619999885559082,10.170000076293945,10.5,9.59512710571289,682700,0.0,0.0
2016-02-22,10.489999771118164,10.729999542236328,10.380000114440918,10.470000267028809,9.56771469116211,801000,0.0,0.0
2016-02-23,10.260000228881836,10.6899995803833,10.260000228881836,10.350000381469727,9.45805549621582,759900,0.0,0.0
2016-02-24,10.489999771118164,10.649999618530273,10.114999771118164,10.579999923706055,9.668233871459961,558600,0.0,0.0
2016-02-25,10.630000114440918,10.75,10.510000228881836,10.640000343322754,9.723063468933105,374500,0.0,0.0
2016-02-26,10.649999618530273,10.699999809265137,10.5,10.609999656677246,9.695648193359375,407000,0.0,0.0
2016-02-29,10.739999771118164,11.069999694824219,10.5600004196167,10.890000343322754,9.951519966125488,1029900,0.0,0.0
2016-03-01,11.0600004196167,11.65999984741211,10.8100004196167,11.390000343322754,10.408431053161621,1073300,0.0,0.0
2016-03-02,11.630000114440918,11.970000267028809,11.390000343322754,11.739999771118164,10.728266716003418,923200,0.0,0.0
2016-03-03,11.8100004196167,12.300000190734863,11.720000267028809,11.970000267028809,10.938446044921875,1099700,0.0,0.0
2016-03-04,12.149999618530273,12.180000305175781,11.489999771118164,11.520000457763672,10.527227401733398,620000,0.0,0.0
2016-03-07,11.550000190734863,12.0,11.5,12.0,10.965861320495605,955000,0.0,0.0
2016-03-08,11.930000305175781,12.050000190734863,11.380000114440918,11.529999732971191,10.53636360168457,856400,0.0,0.0
2016-03-09,11.579999923706055,11.720000267028809,10.8100004196167,11.449999809265137,10.463257789611816,819700,0.0,0.0
2016-03-10,11.539999961853027,11.710000038146973,11.1850004196167,11.289999961853027,10.317048072814941,405400,0.0,0.0
2016-03-11,11.430000305175781,11.619999885559082,11.210000038146973,11.430000305175781,10.444981575012207,553400,0.0,0.0
2016-03-14,11.449999809265137,11.680000305175781,11.180000305175781,11.239999771118164,10.271357536315918,1053700,0.0,0.0
2016-03-15,11.140000343322754,11.3100004196167,10.739999771118164,11.15999984741211,10.198249816894531,640400,0.0,0.0
2016-03-16,11.119999885559082,11.380000114440918,10.920000076293945,11.34000015258789,10.362738609313965,647500,0.0,0.0
2016-03-17,11.329999923706055,11.479999542236328,11.010000228881836,11.199999809265137,10.23480224609375,1141600,0.0,0.0
2016-03-18,11.289999961853027,11.399999618530273,10.479999542236328,10.65999984741211,9.741337776184082,3545300,0.0,0.0
2016-03-21,10.6899995803833,10.920000076293945,10.536999702453613,10.899999618530273,9.96065616607666,745700,0.0,0.0
2016-03-22,10.819999694824219,11.069999694824219,10.569999694824219,10.9399995803833,9.997210502624512,557200,0.0,0.0
2016-03-23,10.899999618530273,11.0,10.5600004196167,10.720000267028809,9.796168327331543,445100,0.0,0.0
2016-03-24,10.760000228881836,11.149999618530273,10.640000343322754,11.029999732971191,10.079453468322754,906600,0.0,0.0
2016-03-28,11.130000114440918,11.180000305175781,10.75,10.869999885559082,9.93324089050293,546300,0.0,0.0
2016-03-29,10.819999694824219,10.930000305175781,10.579999923706055,10.859999656677246,9.924103736877441,413800,0.0,0.0
2016-03-30,11.0,11.220000267028809,10.8100004196167,10.930000305175781,9.988072395324707,738200,0.0,0.0
2016-03-31,10.9399995803833,11.380000114440918,10.8100004196167,11.0600004196167,10.106868743896484,675100,0.0,0.0
2016-04-01,11.020000457763672,11.640000343322754,10.84000015258789,11.579999923706055,10.582056045532227,1630200,0.0,0.0
2016-04-04,11.520000457763672,11.699999809265137,11.0600004196167,11.350000381469727,10.37187671661377,974100,0.0,0.0
2016-04-05,11.289999961853027,11.329999923706055,11.039999961853027,11.15999984741211,10.198249816894531,1292900,0.0,0.0
2016-04-06,11.199999809265137,11.4399995803833,11.083000183105469,11.390000343322754,10.408431053161621,809300,0.0,0.0
2016-04-07,11.350000381469727,11.380000114440918,10.90999984741211,10.970000267028809,10.024624824523926,958400,0.0,0.0
2016-04-08,11.029999732971191,11.180000305175781,10.399999618530273,10.4399995803833,9.540299415588379,765600,0.0,0.0
2016-04-11,10.479999542236328,10.579999923706055,10.109999656677246,10.239999771118164,9.357534408569336,833900,0.0,0.0
2016-04-12,10.289999961853027,10.399999618530273,10.0600004196167,10.300000190734863,9.41236400604248,854100,0.0,0.0
2016-04-13,10.430000305175781,10.649999618530273,10.229999542236328,10.619999885559082,9.70478630065918,530400,0.0,0.0
2016-04-14,10.640000343322754,10.880000114440918,10.489999771118164,10.84000015258789,9.905827522277832,523300,0.0,0.0
2016-04-15,10.850000381469727,11.600000381469727,10.770000457763672,11.34000015258789,10.362738609313965,2162200,0.0,0.0
2016-04-18,11.75,11.829999923706055,11.289999961853027,11.640000343322754,10.636885643005371,1057400,0.0,0.0
2016-04-19,11.850000381469727,11.850000381469727,11.369999885559082,11.484999656677246,10.495243072509766,768400,0.0,0.0
2016-04-20,11.680000305175781,11.970000267028809,11.5,11.744999885559082,10.73283576965332,1060500,0.0,0.0
2016-04-21,11.890000343322754,11.930000305175781,11.529999732971191,11.75,10.737403869628906,741700,0.0,0.0
2016-04-22,11.960000038146973,11.970000267028809,11.319999694824219,11.729999542236328,10.719128608703613,891800,0.0,0.0
2016-04-25,11.899999618530273,11.899999618530273,11.5,11.670000076293945,10.664299011230469,454000,0.0,0.0
2016-04-26,11.75,11.899999618530273,11.5600004196167,11.699999809265137,10.691713333129883,432900,0.0,0.0
2016-04-27,11.779999732971191,11.781000137329102,11.434000015258789,11.569999694824219,10.572916030883789,756000,0.0,0.0
2016-04-28,11.75,11.770000457763672,11.399999618530273,11.4399995803833,10.454120635986328,349400,0.0,0.0
2016-04-29,11.550000190734863,11.569999694824219,11.300000190734863,11.399999618530273,10.417567253112793,801200,0.0,0.0
2016-05-02,11.5,11.531000137329102,11.140000343322754,11.289999961853027,10.317048072814941,1649300,0.0,0.0
2016-05-03,11.520000457763672,11.520000457763672,10.720000267028809,11.15999984741211,10.198249816894531,1691500,0.0,0.0
2016-05-04,12.010000228881836,14.1899995803833,12.0,12.8100004196167,11.706056594848633,5670400,0.0,0.0
2016-05-05,12.989999771118164,13.579999923706055,12.399999618530273,12.880000114440918,11.770024299621582,991700,0.0,0.0
2016-05-06,13.0,13.40999984741211,12.5,12.550000190734863,11.468461990356445,866100,0.0,0.0
2016-05-09,12.739999771118164,13.430000305175781,12.699999809265137,13.1899995803833,12.05330753326416,1123800,0.0,0.0
2016-05-10,13.4399995803833,14.479999542236328,13.199999809265137,14.25,13.021958351135254,1225400,0.0,0.0
2016-05-11,14.5,14.65999984741211,14.0,14.539999961853027,13.286968231201172,829400,0.0,0.0
2016-05-12,14.899999618530273,15.399999618530273,14.5,14.550000190734863,13.296106338500977,1327400,0.0,0.0
2016-05-13,14.710000038146973,14.75,14.039999961853027,14.40999984741211,13.168169975280762,1181400,0.0,0.0
2016-05-16,14.84000015258789,14.869999885559082,14.25,14.300000190734863,13.067649841308594,810400,0.0,0.0
2016-05-17,14.640000343322754,14.770000457763672,14.300000190734863,14.489999771118164,13.241278648376465,537900,0.0,0.0
2016-05-18,14.489999771118164,14.579999923706055,13.630000114440918,13.8100004196167,12.619878768920898,884900,0.0,0.0
2016-05-19,13.75,13.960000038146973,13.069999694824219,13.4399995803833,12.28176212310791,868800,0.0,0.0
2016-05-20,13.649999618530273,13.9399995803833,13.329999923706055,13.9399995803833,12.73867416381836,826200,0.0,0.0
2016-05-23,13.899999618530273,14.1899995803833,13.739999771118164,14.050000190734863,12.83919620513916,1010100,0.0,0.0
2016-05-24,14.180000305175781,14.199999809265137,13.859999656677246,14.039999961853027,12.830057144165039,480000,0.0,0.0
2016-05-25,14.140000343322754,14.449999809265137,14.020000457763672,14.25,13.021958351135254,644100,0.0,0.0
2016-05-26,14.329999923706055,14.333999633789062,13.522000312805176,13.640000343322754,12.464529037475586,666000,0.0,0.0
2016-05-27,13.65999984741211,14.130000114440918,13.600000381469727,13.930000305175781,12.729537010192871,484300,0.0,0.0
2016-05-31,14.119999885559082,14.140000343322754,13.699999809265137,14.0,12.793503761291504,1326400,0.0,0.0
2016-06-01,14.0,14.100000381469727,13.3100004196167,13.449999809265137,12.290902137756348,687400,0.0,0.0
2016-06-02,13.510000228881836,13.725000381469727,13.149999618530273,13.539999961853027,12.373146057128906,886800,0.0,0.0
2016-06-03,13.529999732971191,13.579999923706055,13.149999618530273,13.210000038146973,12.071585655212402,1159400,0.0,0.0
2016-06-06,13.300000190734863,13.869999885559082,13.229999542236328,13.40999984741211,12.254350662231445,519300,0.0,0.0
2016-06-07,13.350000381469727,13.989999771118164,13.279999732971191,13.800000190734863,12.610739707946777,902200,0.0,0.0
2016-06-08,13.949999809265137,14.319999694824219,13.75,13.989999771118164,12.7843656539917,1745200,0.0,0.0
2016-06-09,14.0,14.800000190734863,13.869999885559082,14.710000038146973,13.442317962646484,1454800,0.0,0.0
2016-06-10,14.630000114440918,14.779999732971191,14.300000190734863,14.539999961853027,13.286968231201172,964400,0.0,0.0
2016-06-13,14.5,14.630000114440918,14.09000015258789,14.220000267028809,12.99454402923584,884700,0.0,0.0
2016-06-14,14.069999694824219,16.09000015258789,14.039999961853027,15.859999656677246,14.49321174621582,2554400,0.0,0.0
2016-06-15,15.859999656677246,16.100000381469727,15.319999694824219,15.479999542236328,14.145959854125977,1697500,0.0,0.0
2016-06-16,15.399999618530273,15.479999542236328,14.75,14.899999618530273,13.61594295501709,1773700,0.0,0.0
2016-06-17,14.920000076293945,15.09000015258789,14.5,14.800000190734863,13.524561882019043,1612800,0.0,0.0
2016-06-20,15.079999923706055,15.600000381469727,14.670000076293945,14.770000457763672,13.497146606445312,938600,0.0,0.0
2016-06-21,14.800000190734863,15.380000114440918,14.729999542236328,15.140000343322754,13.835259437561035,587300,0.0,0.0
2016-06-22,15.210000038146973,15.34000015258789,14.949999809265137,15.3100004196167,13.990610122680664,434300,0.0,0.0
2016-06-23,15.220000267028809,15.779999732971191,15.149999618530273,15.600000381469727,14.255619049072266,1371200,0.0,0.0
2016-06-24,14.90999984741211,15.229999542236328,14.449999809265137,14.600000381469727,13.341796875,1743900,0.0,0.0
2016-06-27,14.359999656677246,14.390000343322754,13.550000190734863,14.0600004196167,12.848333358764648,1223600,0.0,0.0
2016-06-28,14.279999732971191,14.550000190734863,13.920000076293945,14.15999984741211,12.939715385437012,619500,0.0,0.0
2016-06-29,14.699999809265137,14.720000267028809,14.260000228881836,14.569999694824219,13.314382553100586,411300,0.0,0.0
2016-06-30,14.529999732971191,15.109999656677246,14.329999923706055,15.074999809265137,13.775862693786621,623200,0.0,0.0
2016-07-01,15.119999885559082,15.739999771118164,15.039999961853027,15.539999961853027,14.200788497924805,973600,0.0,0.0
2016-07-05,15.569999694824219,15.600000381469727,14.729999542236328,14.989999771118164,13.698186874389648,615600,0.0,0.0
2016-07-06,15.270000457763672,15.289999961853027,14.75,15.109999656677246,13.807847023010254,599100,0.0,0.0
2016-07-07,14.829999923706055,14.90999984741211,14.279999732971191,14.8100004196167,13.533699035644531,1954100,0.0,0.0
2016-07-08,14.920000076293945,15.211000442504883,14.819999694824219,14.850000381469727,13.570252418518066,1179900,0.0,0.0
2016-07-11,15.050000190734863,15.1899995803833,14.960000038146973,15.010000228881836,13.716463088989258,467700,0.0,0.0
2016-07-12,15.130000114440918,16.34000015258789,15.100000381469727,15.6899995803833,14.337862968444824,2049700,0.0,0.0
2016-07-13,15.710000038146973,16.420000076293945,15.609999656677246,15.75,14.392692565917969,1215600,0.0,0.0
2016-07-14,15.739999771118164,15.869999885559082,15.35200023651123,15.729999542236328,14.374414443969727,525300,0.0,0.0
2016-07-15,15.84000015258789,16.34000015258789,15.739999771118164,16.190000534057617,14.794774055480957,1303500,0.0,0.0
2016-07-18,16.399999618530273,16.6299991607666,16.110000610351562,16.43000030517578,15.014092445373535,952000,0.0,0.0
2016-07-19,16.43000030517578,16.989999771118164,16.43000030517578,16.93000030517578,15.470999717712402,1326000,0.0,0.0
2016-07-20,17.0,17.0,16.18899917602539,16.360000610351562,14.950125694274902,1423200,0.0,0.0
2016-07-21,16.43000030517578,16.56999969482422,15.930000305175781,16.09000015258789,14.703392028808594,880300,0.0,0.0
2016-07-22,16.100000381469727,16.309999465942383,15.449999809265137,15.979999542236328,14.602869987487793,1083500,0.0,0.0
2016-07-25,15.960000038146973,16.190000534057617,15.819999694824219,16.030000686645508,14.64856243133545,595200,0.0,0.0
2016-07-26,15.960000038146973,16.709999084472656,15.949999809265137,16.639999389648438,15.2059907913208,1882600,0.0,0.0
2016-07-27,15.569999694824219,15.84000015258789,15.0,15.680000305175781,14.32872486114502,3839200,0.0,0.0
2016-07-28,16.18000030517578,16.219999313354492,15.039999961853027,15.069999694824219,13.771292686462402,2738100,0.0,0.0
2016-07-29,14.960000038146973,15.75,14.699999809265137,15.75,14.392692565917969,1808400,0.0,0.0
2016-08-01,15.75,16.3700008392334,15.600000381469727,16.0,14.621148109436035,1831200,0.0,0.0
2016-08-02,15.949999809265137,15.949999809265137,15.329999923706055,15.369999885559082,14.045440673828125,853500,0.0,0.0
2016-08-03,15.319999694824219,15.779999732971191,15.140000343322754,15.569999694824219,14.228202819824219,627400,0.0,0.0
2016-08-04,15.5,15.90999984741211,15.460000038146973,15.6899995803833,14.337862968444824,1079400,0.0,0.0
2016-08-05,15.729999542236328,16.049999237060547,15.699999809265137,15.90999984741211,14.53890323638916,741100,0.0,0.0
2016-08-08,15.979999542236328,16.469999313354492,15.90999984741211,16.25,14.849603652954102,1242900,0.0,0.0
2016-08-09,16.25,16.950000762939453,16.100000381469727,16.5,15.078057289123535,2030700,0.0,0.0
2016-08-10,16.559999465942383,16.8799991607666,16.420000076293945,16.84000015258789,15.388758659362793,2835900,0.0,0.0
2016-08-11,16.860000610351562,16.989999771118164,16.25,16.290000915527344,14.88615608215332,1392600,0.0,0.0
2016-08-12,16.329999923706055,16.40999984741211,15.90999984741211,16.020000457763672,14.639425277709961,2068100,0.0,0.0
2016-08-15,15.9399995803833,16.190000534057617,15.75,15.890000343322754,14.520627975463867,951500,0.0,0.0
2016-08-16,15.779999732971191,15.979999542236328,15.210000038146973,15.260000228881836,13.94491958618164,906000,0.0,0.0
2016-08-17,15.180000305175781,15.420000076293945,14.710000038146973,14.949999809265137,13.661635398864746,800400,0.0,0.0
2016-08-18,15.0,15.140000343322754,14.5,14.729999542236328,13.460594177246094,1307300,0.0,0.0
2016-08-19,14.699999809265137,15.979999542236328,14.319999694824219,15.890000343322754,14.520627975463867,2865100,0.0,0.0
2016-08-22,16.15999984741211,16.200000762939453,15.75,16.0,14.621148109436035,1202100,0.0,0.0
2016-08-23,16.100000381469727,16.1299991607666,15.720000267028809,15.800000190734863,14.438383102416992,654400,0.0,0.0
2016-08-24,15.90999984741211,15.975000381469727,15.600000381469727,15.670000076293945,14.319585800170898,591700,0.0,0.0
2016-08-25,15.739999771118164,15.835000038146973,15.630000114440918,15.670000076293945,14.319585800170898,394000,0.0,0.0
2016-08-26,15.720000267028809,15.920000076293945,14.880000114440918,15.100000381469727,13.798707962036133,1651300,0.0,0.0
2016-08-29,15.399999618530273,15.890000343322754,15.170000076293945,15.579999923706055,14.237342834472656,958900,0.0,0.0
2016-08-30,15.75,16.139999389648438,15.600000381469727,15.850000381469727,14.484074592590332,887200,0.0,0.0
2016-08-31,15.859999656677246,16.229999542236328,15.800000190734863,16.190000534057617,14.794774055480957,1062300,0.0,0.0
2016-09-01,16.239999771118164,16.25,15.819999694824219,15.880000114440918,14.511488914489746,552500,0.0,0.0
2016-09-02,15.880000114440918,16.135000228881836,15.770000457763672,16.040000915527344,14.65770149230957,575300,0.0,0.0
2016-09-06,16.219999313354492,16.780000686645508,16.1200008392334,16.18000030517578,14.785635948181152,1473400,0.0,0.0
2016-09-07,16.299999237060547,16.489999771118164,16.0,16.1299991607666,14.739944458007812,714100,0.0,0.0
2016-09-08,15.949999809265137,16.09000015258789,15.5,15.800000190734863,14.438383102416992,655000,0.0,0.0
2016-09-09,15.699999809265137,15.779999732971191,15.130000114440918,15.220000267028809,13.908366203308105,1255600,0.0,0.0
2016-09-12,15.0600004196167,15.630000114440918,15.050000190734863,15.5600004196167,14.219067573547363,696600,0.0,0.0
2016-09-13,15.520000457763672,15.550000190734863,15.119999885559082,15.489999771118164,14.155097961425781,474100,0.0,0.0
2016-09-14,15.470000267028809,15.75,15.390000343322754,15.609999656677246,14.264756202697754,364600,0.0,0.0
2016-09-15,15.609999656677246,15.899999618530273,15.550000190734863,15.670000076293945,14.319585800170898,687100,0.0,0.0
2016-09-16,15.720000267028809,15.930000305175781,15.510000228881836,15.789999961853027,14.429244995117188,837400,0.0,0.0
2016-09-19,16.170000076293945,16.170000076293945,15.609999656677246,15.770000457763672,14.410968780517578,763800,0.0,0.0
2016-09-20,15.90999984741211,16.040000915527344,15.739999771118164,15.960000038146973,14.584595680236816,648800,0.0,0.0
2016-09-21,16.329999923706055,16.739999771118164,16.0,16.639999389648438,15.2059907913208,1132300,0.0,0.0
2016-09-22,16.780000686645508,17.860000610351562,16.702999114990234,17.6200008392334,16.101537704467773,3075600,0.0,0.0
2016-09-23,17.790000915527344,18.1299991607666,17.434999465942383,17.59000015258789,16.074121475219727,1396800,0.0,0.0
2016-09-26,17.479999542236328,17.860000610351562,17.301000595092773,17.670000076293945,16.14723014831543,1586900,0.0,0.0
2016-09-27,17.770000457763672,18.040000915527344,17.34000015258789,17.690000534057617,16.165504455566406,2196500,0.0,0.0
2016-09-28,17.799999237060547,17.969999313354492,17.47100067138672,17.670000076293945,16.14723014831543,1472000,0.0,0.0
2016-09-29,17.75,18.200000762939453,17.65999984741211,17.760000228881836,16.229473114013672,1413100,0.0,0.0
2016-09-30,17.950000762939453,17.950000762939453,17.510000228881836,17.790000915527344,16.256887435913086,1238800,0.0,0.0
2016-10-03,17.799999237060547,18.0,17.450000762939453,17.690000534057617,16.165504455566406,673900,0.0,0.0
2016-10-04,17.68000030517578,17.850000381469727,17.1299991607666,17.239999771118164,15.75428581237793,1174200,0.0,0.0
2016-10-05,17.360000610351562,17.770000457763672,17.170000076293945,17.6200008392334,16.101537704467773,989300,0.0,0.0
2016-10-06,17.6299991607666,17.65999984741211,17.138999938964844,17.469999313354492,15.964465141296387,770100,0.0,0.0
2016-10-07,17.420000076293945,17.469999313354492,16.959999084472656,17.219999313354492,15.736010551452637,814000,0.0,0.0
2016-10-10,17.639999389648438,17.891000747680664,17.299999237060547,17.729999542236328,16.202058792114258,763800,0.0,0.0
2016-10-11,17.850000381469727,18.0,17.31800079345703,17.540000915527344,16.0284366607666,705900,0.0,0.0
2016-10-12,17.600000381469727,17.940000534057617,17.399999618530273,17.65999984741211,16.138090133666992,850300,0.0,0.0
2016-10-13,17.549999237060547,17.790000915527344,17.360000610351562,17.739999771118164,16.211200714111328,581400,0.0,0.0
2016-10-14,17.899999618530273,18.209999084472656,17.639999389648438,17.8799991607666,16.339130401611328,1081700,0.0,0.0
2016-10-17,18.079999923706055,18.079999923706055,17.739999771118164,17.950000762939453,16.40309715270996,768800,0.0,0.0
2016-10-18,18.34000015258789,18.8700008392334,18.11400032043457,18.639999389648438,17.03363609313965,1866400,0.0,0.0
2016-10-19,18.75,19.309999465942383,18.509000778198242,19.25,17.591068267822266,2272900,0.0,0.0
2016-10-20,19.280000686645508,19.479999542236328,18.68000030517578,19.219999313354492,17.56365203857422,913500,0.0,0.0
2016-10-21,19.020000457763672,19.639999389648438,18.979999542236328,19.399999618530273,17.728139877319336,1070400,0.0,0.0
2016-10-24,19.719999313354492,19.739999771118164,19.170000076293945,19.389999389648438,17.719003677368164,1034800,0.0,0.0
2016-10-25,19.5,19.549999237060547,18.940000534057617,19.1200008392334,17.472272872924805,1013600,0.0,0.0
2016-10-26,19.0,19.299999237060547,18.6200008392334,18.700000762939453,17.088468551635742,662300,0.0,0.0
2016-10-27,18.709999084472656,18.969999313354492,18.1200008392334,18.329999923706055,16.75035285949707,900200,0.0,0.0
2016-10-28,18.170000076293945,18.690000534057617,18.170000076293945,18.440000534057617,16.850873947143555,1120400,0.0,0.0
2016-10-31,18.440000534057617,18.575000762939453,17.899999618530273,18.059999465942383,16.50362205505371,940000,0.0,0.0
2016-11-01,18.149999618530273,18.25,17.700000762939453,17.860000610351562,16.32085418701172,1612000,0.0,0.0
2016-11-02,17.200000762939453,17.639999389648438,15.079999923706055,15.699999809265137,14.347000122070312,6304200,0.0,0.0
2016-11-03,15.649999618530273,15.970000267028809,15.239999771118164,15.260000228881836,13.94491958618164,2747600,0.0,0.0
2016-11-04,15.229999542236328,15.850000381469727,15.229999542236328,15.5,14.164237022399902,1442100,0.0,0.0
2016-11-07,16.09000015258789,16.8799991607666,16.059999465942383,16.700000762939453,15.260822296142578,1867300,0.0,0.0
2016-11-08,16.420000076293945,17.270000457763672,16.260000228881836,17.15999984741211,15.681180953979492,1117100,0.0,0.0
2016-11-09,16.1299991607666,17.6200008392334,16.016000747680664,17.399999618530273,15.900497436523438,1575200,0.0,0.0
2016-11-10,17.979999542236328,17.979999542236328,16.649999618530273,17.399999618530273,15.900497436523438,1141200,0.0,0.0
2016-11-11,17.3700008392334,18.03499984741211,17.170000076293945,17.950000762939453,16.40309715270996,1026500,0.0,0.0
2016-11-14,18.850000381469727,18.850000381469727,17.280000686645508,17.489999771118164,15.982741355895996,2045000,0.0,0.0
2016-11-15,17.920000076293945,17.989999771118164,17.110000610351562,17.15999984741211,15.681180953979492,1281700,0.0,0.0
2016-11-16,17.739999771118164,17.739999771118164,17.170000076293945,17.280000686645508,15.790839195251465,555800,0.0,0.0
2016-11-17,17.3700008392334,17.899999618530273,17.149999618530273,17.790000915527344,16.256887435913086,526000,0.0,0.0
2016-11-18,18.110000610351562,18.190000534057617,17.700000762939453,17.920000076293945,16.375682830810547,544400,0.0,0.0
2016-11-21,18.0,18.329999923706055,17.770000457763672,17.790000915527344,16.256887435913086,1036400,0.0,0.0
2016-11-22,17.809999465942383,18.1299991607666,17.764999389648438,17.979999542236328,16.430511474609375,727600,0.0,0.0
2016-11-23,17.860000610351562,18.040000915527344,17.719999313354492,17.969999313354492,16.421377182006836,437300,0.0,0.0
2016-11-25,17.920000076293945,18.062000274658203,17.5,17.549999237060547,16.03757095336914,568200,0.0,0.0
2016-11-28,17.639999389648438,17.969999313354492,17.520000457763672,17.950000762939453,16.40309715270996,596000,0.0,0.0
2016-11-29,17.889999389648438,18.969999313354492,17.729999542236328,18.809999465942383,17.18898582458496,2831400,0.0,0.0
2016-11-30,18.149999618530273,18.940000534057617,17.329999923706055,17.979999542236328,16.430511474609375,1937400,0.0,0.0
2016-12-01,17.899999618530273,18.049999237060547,16.709999084472656,16.950000762939453,15.489278793334961,1942000,0.0,0.0
2016-12-02,16.950000762939453,17.219999313354492,16.56999969482422,17.110000610351562,15.635490417480469,1254800,0.0,0.0
2016-12-05,17.25,17.8700008392334,17.149999618530273,17.559999465942383,16.046709060668945,1018200,0.0,0.0
2016-12-06,17.81999969482422,17.81999969482422,17.40999984741211,17.600000381469727,16.083261489868164,559800,0.0,0.0
2016-12-07,17.600000381469727,18.225000381469727,17.399999618530273,18.200000762939453,16.631555557250977,742700,0.0,0.0
2016-12-08,18.25,18.739999771118164,18.239999771118164,18.3799991607666,16.79604148864746,621000,0.0,0.0
2016-12-09,18.469999313354492,18.690000534057617,18.024999618530273,18.15999984741211,16.59500503540039,771700,0.0,0.0
2016-12-12,18.229999542236328,18.489999771118164,17.700000762939453,17.93000030517578,16.384824752807617,665200,0.0,0.0
2016-12-13,17.950000762939453,18.270000457763672,17.610000610351562,18.18000030517578,16.6132755279541,944900,0.0,0.0
2016-12-14,18.200000762939453,18.25,17.75,17.81999969482422,16.2843017578125,550200,0.0,0.0
2016-12-15,17.829999923706055,17.924999237060547,17.469999313354492,17.610000610351562,16.0924015045166,652800,0.0,0.0
2016-12-16,17.510000228881836,17.780000686645508,17.309999465942383,17.6200008392334,16.101537704467773,1190800,0.0,0.0
2016-12-19,17.5,18.138999938964844,17.389999389648438,17.770000457763672,16.23861312866211,779700,0.0,0.0
2016-12-20,17.770000457763672,18.0,17.65999984741211,17.709999084472656,16.18378448486328,591800,0.0,0.0
2016-12-21,17.610000610351562,17.7450008392334,17.100000381469727,17.530000686645508,16.01929473876953,576400,0.0,0.0
2016-12-22,17.469999313354492,17.549999237060547,17.280000686645508,17.3700008392334,15.873085975646973,1016300,0.0,0.0
2016-12-23,17.31999969482422,17.540000915527344,17.239999771118164,17.299999237060547,15.809115409851074,536000,0.0,0.0
2016-12-27,17.399999618530273,17.549999237060547,17.299999237060547,17.420000076293945,15.91877555847168,406200,0.0,0.0
2016-12-28,17.5,17.610000610351562,17.049999237060547,17.1299991607666,15.653765678405762,558000,0.0,0.0
2016-12-29,17.149999618530273,17.399999618530273,17.030000686645508,17.290000915527344,15.799978256225586,555800,0.0,0.0
2016-12-30,17.280000686645508,17.360000610351562,16.90999984741211,17.100000381469727,15.626352310180664,782400,0.0,0.0
2017-01-03,17.229999542236328,17.3700008392334,16.56999969482422,17.329999923706055,15.836529731750488,1032200,0.0,0.0
2017-01-04,17.350000381469727,17.459999084472656,17.18000030517578,17.290000915527344,15.799978256225586,1446200,0.0,0.0
2017-01-05,17.200000762939453,18.200000762939453,17.0,17.989999771118164,16.439653396606445,2805200,0.0,0.0
2017-01-06,18.010000228881836,18.1299991607666,17.549999237060547,18.030000686645508,16.476205825805664,1059900,0.0,0.0
2017-01-09,18.049999237060547,18.389999389648438,18.030000686645508,18.149999618530273,16.58586311340332,1129900,0.0,0.0
2017-01-10,18.190000534057617,18.329999923706055,17.969999313354492,18.280000686645508,16.704660415649414,683800,0.0,0.0
2017-01-11,18.239999771118164,18.31999969482422,18.020000457763672,18.239999771118164,16.668107986450195,526100,0.0,0.0
2017-01-12,18.219999313354492,18.31999969482422,17.579999923706055,18.059999465942383,16.50362205505371,664800,0.0,0.0
2017-01-13,18.170000076293945,18.290000915527344,18.100000381469727,18.200000762939453,16.631555557250977,426100,0.0,0.0
2017-01-17,18.139999389648438,18.200000762939453,17.860000610351562,17.889999389648438,16.3482666015625,1099100,0.0,0.0
2017-01-18,17.93000030517578,18.290000915527344,17.6200008392334,18.18000030517578,16.6132755279541,1107000,0.0,0.0
2017-01-19,18.15999984741211,18.639999389648438,18.059999465942383,18.459999084472656,16.8691463470459,1628400,0.0,0.0
2017-01-20,18.100000381469727,18.344999313354492,17.868999481201172,18.06999969482422,16.512760162353516,1102000,0.0,0.0
2017-01-23,17.969999313354492,18.450000762939453,17.958999633789062,18.229999542236328,16.65896987915039,1117600,0.0,0.0
2017-01-24,18.190000534057617,18.329999923706055,18.049999237060547,18.229999542236328,16.65896987915039,1055300,0.0,0.0
2017-01-25,18.229999542236328,18.309999465942383,18.06999969482422,18.260000228881836,16.686386108398438,1043700,0.0,0.0
2017-01-26,18.219999313354492,18.260000228881836,17.75,17.780000686645508,16.24774932861328,770600,0.0,0.0
2017-01-27,17.709999084472656,17.93000030517578,17.280000686645508,17.5,15.991880416870117,1165800,0.0,0.0
2017-01-30,17.350000381469727,17.5,16.780000686645508,17.459999084472656,15.95532512664795,1650600,0.0,0.0
2017-01-31,17.31999969482422,17.575000762939453,17.239999771118164,17.3700008392334,15.873085975646973,1811300,0.0,0.0
2017-02-01,16.489999771118164,17.0,16.100000381469727,16.520000457763672,15.096334457397461,4712400,0.0,0.0
2017-02-02,16.389999389648438,17.489999771118164,16.389999389648438,17.0,15.534969329833984,2982200,0.0,0.0
2017-02-03,17.100000381469727,17.639999389648438,17.0,17.5,15.991880416870117,1449300,0.0,0.0
2017-02-06,17.5,17.690000534057617,17.415000915527344,17.600000381469727,16.083261489868164,926700,0.0,0.0
2017-02-07,17.600000381469727,17.68000030517578,17.329999923706055,17.540000915527344,16.0284366607666,1602100,0.0,0.0
2017-02-08,17.510000228881836,17.899999618530273,17.299999237060547,17.8799991607666,16.339130401611328,1132600,0.0,0.0
2017-02-09,17.799999237060547,18.09000015258789,17.760000228881836,17.899999618530273,16.35740852355957,700400,0.0,0.0
2017-02-10,18.0,18.0,17.489999771118164,17.510000228881836,16.001020431518555,692300,0.0,0.0
2017-02-13,17.510000228881836,17.719999313354492,17.299999237060547,17.469999313354492,15.964465141296387,870300,0.0,0.0
2017-02-14,17.530000686645508,17.530000686645508,17.1299991607666,17.31999969482422,15.82738971710205,1356300,0.0,0.0
2017-02-15,17.31999969482422,17.549999237060547,17.1299991607666,17.260000228881836,15.772560119628906,831500,0.0,0.0
2017-02-16,17.25,17.28499984741211,16.920000076293945,17.040000915527344,15.571523666381836,789900,0.0,0.0
2017-02-17,17.0,17.15999984741211,16.770000457763672,17.15999984741211,15.681180953979492,804500,0.0,0.0
2017-02-21,17.149999618530273,17.389999389648438,16.93000030517578,17.049999237060547,15.58066177368164,697600,0.0,0.0
2017-02-22,16.969999313354492,17.149999618530273,16.920000076293945,17.09000015258789,15.617210388183594,616000,0.0,0.0
2017-02-23,17.149999618530273,17.149999618530273,16.649999618530273,16.790000915527344,15.34306812286377,1085700,0.0,0.0
2017-02-24,16.65999984741211,16.809999465942383,16.43000030517578,16.5,15.078057289123535,1932000,0.0,0.0
2017-02-27,16.389999389648438,16.514999389648438,16.270000457763672,16.399999618530273,14.986676216125488,1360800,0.0,0.0
2017-02-28,16.3799991607666,16.40999984741211,15.9399995803833,16.15999984741211,14.76735782623291,1646700,0.0,0.0
2017-03-01,16.309999465942383,16.56999969482422,16.209999084472656,16.43000030517578,15.014092445373535,1488700,0.0,0.0
2017-03-02,16.399999618530273,16.420000076293945,16.020000457763672,16.059999465942383,14.675976753234863,571700,0.0,0.0
2017-03-03,16.010000228881836,16.270000457763672,15.760000228881836,16.219999313354492,14.822188377380371,1215000,0.0,0.0
2017-03-06,16.059999465942383,16.3799991607666,15.819999694824219,16.309999465942383,14.90443229675293,1448000,0.0,0.0
2017-03-07,16.280000686645508,16.65999984741211,16.200000762939453,16.59000015258789,15.160304069519043,1313200,0.0,0.0
2017-03-08,16.600000381469727,16.81999969482422,16.549999237060547,16.6200008392334,15.187719345092773,651900,0.0,0.0
2017-03-09,16.6299991607666,16.790000915527344,16.489999771118164,16.719999313354492,15.279098510742188,607700,0.0,0.0
2017-03-10,16.780000686645508,16.940000534057617,16.709999084472656,16.780000686645508,15.333930015563965,782000,0.0,0.0
2017-03-13,16.81999969482422,16.969999313354492,16.600000381469727,16.75,15.306512832641602,768100,0.0,0.0
2017-03-14,16.75,16.75,16.360000610351562,16.530000686645508,15.105474472045898,584700,0.0,0.0
2017-03-15,16.600000381469727,16.84000015258789,16.489999771118164,16.75,15.306512832641602,759000,0.0,0.0
2017-03-16,16.790000915527344,16.8799991607666,16.520000457763672,16.549999237060547,15.123749732971191,641700,0.0,0.0
2017-03-17,16.549999237060547,16.59000015258789,16.309999465942383,16.350000381469727,14.940985679626465,702900,0.0,0.0
2017-03-20,16.399999618530273,16.454999923706055,16.100000381469727,16.239999771118164,14.840462684631348,793900,0.0,0.0
2017-03-21,16.239999771118164,16.450000762939453,16.010000228881836,16.079999923706055,14.694252014160156,1036400,0.0,0.0
2017-03-22,16.049999237060547,16.25,15.949999809265137,16.239999771118164,14.840462684631348,631500,0.0,0.0
2017-03-23,16.270000457763672,16.514999389648438,15.864999771118164,15.979999542236328,14.602869987487793,584300,0.0,0.0
2017-03-24,15.949999809265137,16.149999618530273,15.859999656677246,15.880000114440918,14.511488914489746,504300,0.0,0.0
2017-03-27,15.850000381469727,16.1299991607666,15.619999885559082,16.079999923706055,14.694252014160156,1351100,0.0,0.0
2017-03-28,16.049999237060547,16.049999237060547,15.420000076293945,15.699999809265137,14.347000122070312,2015800,0.0,0.0
2017-03-29,15.710000038146973,16.329999923706055,15.710000038146973,16.280000686645508,14.877017974853516,1500500,0.0,0.0
2017-03-30,16.270000457763672,16.59000015258789,16.059999465942383,16.450000762939453,15.032368659973145,2154600,0.0,0.0
2017-03-31,16.440000534057617,16.559999465942383,16.290000915527344,16.329999923706055,14.922707557678223,488800,0.0,0.0
2017-04-03,16.299999237060547,16.649999618530273,16.264999389648438,16.549999237060547,15.123749732971191,1401700,0.0,0.0
2017-04-04,16.610000610351562,16.700000762939453,16.389999389648438,16.610000610351562,15.178581237792969,1004100,0.0,0.0
2017-04-05,16.729999542236328,16.799999237060547,16.385000228881836,16.450000762939453,15.032368659973145,1256200,0.0,0.0
2017-04-06,16.399999618530273,16.649999618530273,16.299999237060547,16.6299991607666,15.196853637695312,702400,0.0,0.0
2017-04-07,16.610000610351562,17.0,16.540000915527344,16.719999313354492,15.279098510742188,1063200,0.0,0.0
2017-04-10,16.760000228881836,17.1200008392334,16.760000228881836,17.030000686645508,15.562382698059082,1267400,0.0,0.0
2017-04-11,17.049999237060547,17.229999542236328,16.90999984741211,17.229999542236328,15.745148658752441,999000,0.0,0.0
2017-04-12,17.18000030517578,17.5,17.149999618530273,17.399999618530273,15.900497436523438,1730500,0.0,0.0
2017-04-13,17.40999984741211,17.440000534057617,17.110000610351562,17.219999313354492,15.736010551452637,660700,0.0,0.0
2017-04-17,17.219999313354492,17.43000030517578,17.170000076293945,17.350000381469727,15.854806900024414,411900,0.0,0.0
2017-04-18,17.43000030517578,17.65999984741211,17.360000610351562,17.469999313354492,15.964465141296387,1324500,0.0,0.0
2017-04-19,17.59000015258789,18.18000030517578,17.514999389648438,18.010000228881836,16.457927703857422,1878000,0.0,0.0
2017-04-20,18.049999237060547,18.219999313354492,17.959999084472656,18.030000686645508,16.476205825805664,1016900,0.0,0.0
2017-04-21,18.0,18.225000381469727,17.940000534057617,18.170000076293945,16.604141235351562,1277700,0.0,0.0
2017-04-24,18.299999237060547,18.309999465942383,18.125,18.260000228881836,16.686386108398438,1084000,0.0,0.0
2017-04-25,18.25,18.6299991607666,18.25,18.469999313354492,16.878286361694336,1287100,0.0,0.0
2017-04-26,18.530000686645508,18.719999313354492,18.420000076293945,18.709999084472656,17.09760284423828,943100,0.0,0.0
2017-04-27,18.520000457763672,18.885000228881836,18.520000457763672,18.829999923706055,17.20726203918457,1056700,0.0,0.0
2017-04-28,18.889999389648438,18.969999313354492,18.350000381469727,18.6299991607666,17.024497985839844,2488700,0.0,0.0
2017-05-01,18.709999084472656,19.350000381469727,18.690000534057617,19.170000076293945,17.517961502075195,2130100,0.0,0.0
2017-05-02,19.200000762939453,19.829999923706055,18.639999389648438,19.1299991607666,17.481407165527344,4700600,0.0,0.0
2017-05-03,18.010000228881836,18.729999542236328,18.0,18.479999542236328,16.88742446899414,2886200,0.0,0.0
2017-05-04,18.540000915527344,19.239999771118164,18.139999389648438,19.170000076293945,17.517961502075195,3269200,0.0,0.0
2017-05-05,19.260000228881836,19.8700008392334,19.040000915527344,19.309999465942383,17.645898818969727,2944700,0.0,0.0
2017-05-08,19.309999465942383,19.399999618530273,19.0,19.020000457763672,17.380891799926758,1002900,0.0,0.0
2017-05-09,19.559999465942383,19.559999465942383,18.799999237060547,19.110000610351562,17.463132858276367,787500,0.0,0.0
2017-05-10,18.950000762939453,19.170000076293945,18.75,19.09000015258789,17.444856643676758,1960100,0.0,0.0
2017-05-11,19.010000228881836,20.0,18.9950008392334,19.979999542236328,18.25815773010254,2625500,0.0,0.0
2017-05-12,19.809999465942383,19.899999618530273,19.18000030517578,19.25,17.591068267822266,1897000,0.0,0.0
2017-05-15,19.34000015258789,19.8700008392334,19.34000015258789,19.690000534057617,17.99315071105957,1146500,0.0,0.0
2017-05-16,19.5,19.8799991607666,19.25,19.579999923706055,17.892629623413086,1616900,0.0,0.0
2017-05-17,19.3700008392334,19.479999542236328,18.450000762939453,18.6200008392334,17.015361785888672,1693600,0.0,0.0
2017-05-18,18.489999771118164,19.329999923706055,18.420000076293945,19.049999237060547,17.40830421447754,1451900,0.0,0.0
2017-05-19,19.170000076293945,19.389999389648438,19.1200008392334,19.149999618530273,17.499685287475586,605000,0.0,0.0
2017-05-22,19.190000534057617,19.65999984741211,19.149999618530273,19.649999618530273,17.956594467163086,930400,0.0,0.0
2017-05-23,19.6299991607666,19.809999465942383,19.56999969482422,19.65999984741211,17.965734481811523,862600,0.0,0.0
2017-05-24,19.75,19.829999923706055,19.639999389648438,19.719999313354492,18.02056121826172,543500,0.0,0.0
2017-05-25,19.799999237060547,19.81999969482422,19.420000076293945,19.440000534057617,17.76469612121582,516400,0.0,0.0
2017-05-26,19.43000030517578,19.6200008392334,19.31999969482422,19.610000610351562,17.9200439453125,850400,0.0,0.0
2017-05-30,19.6200008392334,20.7450008392334,19.6200008392334,20.040000915527344,18.312984466552734,2413800,0.0,0.0
2017-05-31,20.139999389648438,20.299999237060547,19.40999984741211,19.479999542236328,17.801246643066406,1620000,0.0,0.0
2017-06-01,19.520000457763672,19.709999084472656,19.18000030517578,19.3799991607666,17.70986557006836,905000,0.0,0.0
2017-06-02,19.459999084472656,19.610000610351562,19.290000915527344,19.399999618530273,17.728139877319336,688400,0.0,0.0
2017-06-05,19.3700008392334,19.3700008392334,18.934999465942383,19.149999618530273,17.499685287475586,763300,0.0,0.0
2017-06-06,19.1200008392334,19.549999237060547,19.010000228881836,19.360000610351562,17.69158935546875,711900,0.0,0.0
2017-06-07,19.329999923706055,19.459999084472656,19.06999969482422,19.290000915527344,17.627620697021484,557300,0.0,0.0
2017-06-08,19.290000915527344,19.424999237060547,18.90999984741211,19.110000610351562,17.463132858276367,581500,0.0,0.0
2017-06-09,19.260000228881836,19.329999923706055,17.8799991607666,18.469999313354492,16.878286361694336,1225100,0.0,0.0
2017-06-12,18.219999313354492,18.243000030517578,17.399999618530273,17.530000686645508,16.01929473876953,2717600,0.0,0.0
2017-06-13,17.889999389648438,18.1200008392334,17.450000762939453,17.65999984741211,16.138090133666992,1434300,0.0,0.0
2017-06-14,17.729999542236328,18.049999237060547,17.3700008392334,17.530000686645508,16.01929473876953,1110900,0.0,0.0
2017-06-15,17.270000457763672,17.381999969482422,16.93000030517578,17.0,15.534969329833984,988100,0.0,0.0
2017-06-16,16.979999542236328,17.200000762939453,16.850000381469727,17.030000686645508,15.562382698059082,1715700,0.0,0.0
2017-06-19,17.260000228881836,17.729999542236328,17.149999618530273,17.68000030517578,16.156368255615234,1256100,0.0,0.0
2017-06-20,17.5,17.895000457763672,17.440000534057617,17.5,15.991880416870117,719700,0.0,0.0
2017-06-21,17.489999771118164,17.600000381469727,17.25,17.510000228881836,16.001020431518555,765600,0.0,0.0
2017-06-22,17.5,17.809999465942383,17.309999465942383,17.579999923706055,16.064985275268555,883600,0.0,0.0
2017-06-23,17.600000381469727,17.854999542236328,17.40999984741211,17.829999923706055,16.293441772460938,1181600,0.0,0.0
2017-06-26,17.940000534057617,17.989999771118164,17.579999923706055,17.790000915527344,16.256887435913086,743600,0.0,0.0
2017-06-27,17.700000762939453,17.799999237060547,17.479999542236328,17.4950008392334,15.987312316894531,668500,0.0,0.0
2017-06-28,17.649999618530273,17.649999618530273,17.25,17.559999465942383,16.046709060668945,825400,0.0,0.0
2017-06-29,17.450000762939453,17.559999465942383,16.56999969482422,17.3799991607666,15.882220268249512,1317700,0.0,0.0
2017-06-30,17.389999389648438,17.530000686645508,17.204999923706055,17.3799991607666,15.882220268249512,886900,0.0,0.0
2017-07-03,17.450000762939453,17.579999923706055,17.190000534057617,17.299999237060547,15.809115409851074,377600,0.0,0.0
2017-07-05,17.299999237060547,17.489999771118164,17.110000610351562,17.3799991607666,15.882220268249512,990200,0.0,0.0
2017-07-06,17.280000686645508,17.579999923706055,17.06999969482422,17.450000762939453,15.946188926696777,1074400,0.0,0.0
2017-07-07,17.510000228881836,17.829999923706055,17.350000381469727,17.549999237060547,16.03757095336914,807700,0.0,0.0
2017-07-10,17.579999923706055,18.06999969482422,17.549999237060547,17.950000762939453,16.40309715270996,758300,0.0,0.0
2017-07-11,17.950000762939453,18.1299991607666,17.670000076293945,18.09000015258789,16.531034469604492,741100,0.0,0.0
2017-07-12,18.170000076293945,18.524999618530273,18.139999389648438,18.280000686645508,16.704660415649414,1000100,0.0,0.0
2017-07-13,18.350000381469727,18.38599967956543,17.959999084472656,18.1299991607666,16.567590713500977,1070300,0.0,0.0
2017-07-14,18.15999984741211,18.389999389648438,17.920000076293945,18.09000015258789,16.531034469604492,656900,0.0,0.0
2017-07-17,18.190000534057617,18.385000228881836,17.760000228881836,17.780000686645508,16.24774932861328,1480400,0.0,0.0
2017-07-18,17.850000381469727,19.06999969482422,17.850000381469727,18.75,17.134159088134766,2659000,0.0,0.0
2017-07-19,18.81999969482422,19.18000030517578,18.75,19.010000228881836,17.37175178527832,1214600,0.0,0.0
2017-07-20,19.010000228881836,19.09000015258789,18.459999084472656,18.540000915527344,16.9422550201416,951300,0.0,0.0
2017-07-21,18.5,18.520000457763672,18.139999389648438,18.40999984741211,16.823457717895508,800200,0.0,0.0
2017-07-24,18.440000534057617,18.729999542236328,18.40999984741211,18.670000076293945,17.061050415039062,523100,0.0,0.0
2017-07-25,18.81999969482422,19.149999618530273,18.540000915527344,18.889999389648438,17.26209259033203,1065500,0.0,0.0
2017-07-26,18.940000534057617,18.979999542236328,18.670000076293945,18.709999084472656,17.09760284423828,813200,0.0,0.0
2017-07-27,18.889999389648438,19.155000686645508,18.21500015258789,18.56999969482422,16.969669342041016,1518400,0.0,0.0
2017-07-28,18.489999771118164,18.9060001373291,18.3700008392334,18.56999969482422,16.969669342041016,956300,0.0,0.0
2017-07-31,18.610000610351562,18.850000381469727,18.239999771118164,18.25,16.677248001098633,1808100,0.0,0.0
2017-08-01,18.280000686645508,18.540000915527344,18.0,18.239999771118164,16.668107986450195,2539800,0.0,0.0
2017-08-02,18.139999389648438,19.75,18.100000381469727,19.010000228881836,17.37175178527832,3767000,0.0,0.0
2017-08-03,19.059999465942383,19.229999542236328,18.760000228881836,18.889999389648438,17.26209259033203,1598400,0.0,0.0
2017-08-04,18.8700008392334,18.8700008392334,18.239999771118164,18.81999969482422,17.1981258392334,1469900,0.0,0.0
2017-08-07,18.809999465942383,19.200000762939453,18.770000457763672,18.790000915527344,17.17070960998535,1078700,0.0,0.0
2017-08-08,18.799999237060547,18.969999313354492,18.3700008392334,18.889999389648438,17.26209259033203,877900,0.0,0.0
2017-08-09,18.780000686645508,18.90999984741211,18.510000228881836,18.760000228881836,17.143295288085938,723500,0.0,0.0
2017-08-10,18.6200008392334,18.719999313354492,18.059999465942383,18.170000076293945,16.604141235351562,1297800,0.0,0.0
2017-08-11,18.170000076293945,18.790000915527344,18.110000610351562,18.760000228881836,17.143295288085938,1089200,0.0,0.0
2017-08-14,18.75,19.450000762939453,18.729999542236328,19.360000610351562,17.69158935546875,1518600,0.0,0.0
2017-08-15,19.459999084472656,19.670000076293945,19.209999084472656,19.389999389648438,17.719003677368164,1261300,0.0,0.0
2017-08-16,19.209999084472656,19.770000457763672,19.15999984741211,19.260000228881836,17.60020637512207,1964400,0.0,0.0
2017-08-17,19.190000534057617,19.200000762939453,18.56999969482422,18.6299991607666,17.024497985839844,1504500,0.0,0.0
2017-08-18,18.6299991607666,18.959999084472656,18.3799991607666,18.799999237060547,17.179845809936523,673800,0.0,0.0
2017-08-21,18.829999923706055,18.889999389648438,18.530000686645508,18.690000534057617,17.079328536987305,702700,0.0,0.0
2017-08-22,18.8700008392334,18.979999542236328,18.65999984741211,18.799999237060547,17.179845809936523,770200,0.0,0.0
2017-08-23,18.700000762939453,18.825000762939453,18.510000228881836,18.610000610351562,17.006221771240234,444800,0.0,0.0
2017-08-24,18.6299991607666,18.790000915527344,18.40999984741211,18.739999771118164,17.12502098083496,717300,0.0,0.0
2017-08-25,18.809999465942383,19.290000915527344,18.780000686645508,18.920000076293945,17.289506912231445,1033800,0.0,0.0
2017-08-28,18.950000762939453,19.415000915527344,18.780000686645508,19.309999465942383,17.645898818969727,760900,0.0,0.0
2017-08-29,19.110000610351562,19.920000076293945,19.040000915527344,19.760000228881836,18.057117462158203,1751800,0.0,0.0
2017-08-30,19.799999237060547,21.3799991607666,19.799999237060547,21.209999084472656,19.382160186767578,4795700,0.0,0.0
2017-08-31,21.299999237060547,22.59000015258789,21.209999084472656,21.75,19.875621795654297,3692100,0.0,0.0
2017-09-01,21.850000381469727,22.93000030517578,21.709999084472656,22.350000381469727,20.42391586303711,2392400,0.0,0.0
2017-09-05,22.5,23.5,22.360000610351562,23.399999618530273,21.383426666259766,3765200,0.0,0.0
2017-09-06,23.56999969482422,23.989999771118164,23.209999084472656,23.270000457763672,21.264631271362305,3052800,0.0,0.0
2017-09-07,23.729999542236328,24.049999237060547,22.799999237060547,22.969999313354492,20.99048614501953,3575200,0.0,0.0
2017-09-08,22.520000457763672,22.709999084472656,22.020000457763672,22.170000076293945,20.259428024291992,2782000,0.0,0.0
2017-09-11,22.75,23.15999984741211,22.639999389648438,22.93000030517578,20.953929901123047,1687000,0.0,0.0
2017-09-12,23.15999984741211,23.670000076293945,23.0,23.639999389648438,21.602746963500977,1203300,0.0,0.0
2017-09-13,23.510000228881836,23.68000030517578,22.649999618530273,23.049999237060547,21.0635929107666,1593500,0.0,0.0
2017-09-14,22.889999389648438,23.030000686645508,22.700000762939453,22.860000610351562,20.889963150024414,1045700,0.0,0.0
2017-09-15,22.940000534057617,23.549999237060547,22.780000686645508,23.549999237060547,21.5205020904541,1532800,0.0,0.0
2017-09-18,23.68000030517578,23.8799991607666,23.309999465942383,23.469999313354492,21.44739532470703,1053400,0.0,0.0
2017-09-19,23.459999084472656,23.770000457763672,23.209999084472656,23.450000762939453,21.429119110107422,1412600,0.0,0.0
2017-09-20,23.65999984741211,24.31999969482422,23.31999969482422,23.6299991607666,21.593605041503906,1939100,0.0,0.0
2017-09-21,23.610000610351562,23.8799991607666,22.799999237060547,23.84000015258789,21.785511016845703,1758800,0.0,0.0
2017-09-22,23.75,24.399999618530273,23.600000381469727,24.149999618530273,22.06879425048828,1994500,0.0,0.0
2017-09-25,24.110000610351562,24.110000610351562,23.059999465942383,23.389999389648438,21.374290466308594,2362600,0.0,0.0
2017-09-26,23.290000915527344,23.6299991607666,22.899999618530273,23.450000762939453,21.429119110107422,2060300,0.0,0.0
2017-09-27,23.690000534057617,24.34000015258789,23.610000610351562,23.940000534057617,21.87689208984375,1824000,0.0,0.0
2017-09-28,23.770000457763672,23.969999313354492,23.209999084472656,23.399999618530273,21.383426666259766,1513400,0.0,0.0
2017-09-29,23.520000457763672,23.579999923706055,23.15999984741211,23.190000534057617,21.191524505615234,1179100,0.0,0.0
2017-10-02,23.229999542236328,24.110000610351562,23.229999542236328,23.899999618530273,21.84033966064453,2683100,0.0,0.0
2017-10-03,24.100000381469727,25.260000228881836,24.009000778198242,24.75,22.617088317871094,2700200,0.0,0.0
2017-10-04,24.969999313354492,25.510000228881836,24.719999313354492,25.200000762939453,23.02830696105957,2844200,0.0,0.0
2017-10-05,25.34000015258789,25.520000457763672,24.969999313354492,25.219999313354492,23.046585083007812,1446200,0.0,0.0
2017-10-06,25.15999984741211,25.56999969482422,24.899999618530273,25.3799991607666,23.192794799804688,850500,0.0,0.0
2017-10-09,25.56999969482422,25.760000228881836,25.219999313354492,25.309999465942383,23.128826141357422,1277200,0.0,0.0
2017-10-10,25.559999465942383,25.690000534057617,25.1299991607666,25.149999618530273,22.98261833190918,828100,0.0,0.0
2017-10-11,25.290000915527344,26.239999771118164,25.149999618530273,26.049999237060547,23.805055618286133,1721800,0.0,0.0
2017-10-12,26.100000381469727,26.170000076293945,25.68000030517578,25.739999771118164,23.521772384643555,1315700,0.0,0.0
2017-10-13,26.149999618530273,26.209999084472656,25.690000534057617,25.790000915527344,23.567462921142578,1065300,0.0,0.0
2017-10-16,25.829999923706055,26.010000228881836,25.479999542236328,25.6200008392334,23.412113189697266,2019000,0.0,0.0
2017-10-17,25.690000534057617,26.184999465942383,25.600000381469727,26.079999923706055,23.83247184753418,877400,0.0,0.0
2017-10-18,26.139999389648438,26.139999389648438,25.40999984741211,25.520000457763672,23.32073211669922,957900,0.0,0.0
2017-10-19,25.420000076293945,25.700000762939453,25.0,25.579999923706055,23.375560760498047,989500,0.0,0.0
2017-10-20,25.65999984741211,25.959999084472656,25.5,25.690000534057617,23.476078033447266,718300,0.0,0.0
2017-10-23,25.84000015258789,25.959999084472656,25.06999969482422,25.1299991607666,22.964338302612305,955600,0.0,0.0
2017-10-24,25.260000228881836,25.67300033569336,24.940000534057617,25.479999542236328,23.284177780151367,744800,0.0,0.0
2017-10-25,25.5,25.68000030517578,24.399999618530273,25.200000762939453,23.02830696105957,987700,0.0,0.0
2017-10-26,25.219999313354492,25.360000610351562,24.78499984741211,25.209999084472656,23.037443161010742,1032200,0.0,0.0
2017-10-27,25.299999237060547,26.280000686645508,24.979999542236328,26.010000228881836,23.768505096435547,1720600,0.0,0.0
2017-10-30,26.0,26.420000076293945,25.75,26.209999084472656,23.95126724243164,1573500,0.0,0.0
2017-10-31,26.389999389648438,27.020000457763672,26.059999465942383,26.739999771118164,24.435590744018555,1306900,0.0,0.0
2017-11-01,26.959999084472656,26.959999084472656,26.329999923706055,26.799999237060547,24.490421295166016,1457900,0.0,0.0
2017-11-02,26.84000015258789,27.639999389648438,26.3700008392334,27.56999969482422,25.194063186645508,1693900,0.0,0.0
2017-11-03,27.549999237060547,27.920000076293945,26.860000610351562,27.010000228881836,24.682327270507812,2212100,0.0,0.0
2017-11-06,27.219999313354492,27.790000915527344,27.06999969482422,27.75,25.358552932739258,2465200,0.0,0.0
2017-11-07,27.760000228881836,27.989999771118164,26.68000030517578,26.899999618530273,24.581804275512695,3864300,0.0,0.0
2017-11-08,31.0,32.869998931884766,29.399999618530273,29.59000015258789,27.03998565673828,8148300,0.0,0.0
2017-11-09,29.139999389648438,29.739999771118164,28.170000076293945,28.559999465942383,26.09874725341797,3916700,0.0,0.0
2017-11-10,28.540000915527344,28.950000762939453,28.020000457763672,28.459999084472656,26.007366180419922,2676700,0.0,0.0
2017-11-13,28.25,29.200000762939453,28.149999618530273,28.690000534057617,26.217544555664062,2422100,0.0,0.0
2017-11-14,28.899999618530273,29.56999969482422,28.510000228881836,29.389999389648438,26.857219696044922,2606600,0.0,0.0
2017-11-15,29.219999313354492,29.459999084472656,28.780000686645508,29.149999618530273,26.637901306152344,1542600,0.0,0.0
2017-11-16,29.1299991607666,29.65999984741211,28.59000015258789,28.639999389648438,26.17185401916504,1484200,0.0,0.0
2017-11-17,28.6299991607666,29.09000015258789,28.459999084472656,28.81999969482422,26.336339950561523,1689400,0.0,0.0
2017-11-20,28.829999923706055,29.290000915527344,28.6200008392334,28.760000228881836,26.281511306762695,1040300,0.0,0.0
2017-11-21,28.889999389648438,30.170000076293945,28.8799991607666,29.770000457763672,27.2044734954834,1454100,0.0,0.0
2017-11-22,29.920000076293945,30.260000228881836,29.790000915527344,29.959999084472656,27.37809944152832,1009300,0.0,0.0
2017-11-24,30.040000915527344,30.989999771118164,30.020000457763672,30.90999984741211,28.24622917175293,723600,0.0,0.0
2017-11-27,31.0,31.040000915527344,30.280000686645508,30.610000610351562,27.972084045410156,1196800,0.0,0.0
2017-11-28,30.739999771118164,31.1200008392334,30.3799991607666,30.5,27.87156105041504,946600,0.0,0.0
2017-11-29,30.420000076293945,30.479999542236328,28.559999465942383,29.06999969482422,26.56479835510254,1976200,0.0,0.0
2017-11-30,29.139999389648438,29.829999923706055,29.104999542236328,29.399999618530273,26.866357803344727,1339900,0.0,0.0
2017-12-01,29.25,29.520000457763672,28.06999969482422,28.40999984741211,25.9616756439209,2203300,0.0,0.0
2017-12-04,28.739999771118164,29.200000762939453,27.59000015258789,28.219999313354492,25.788049697875977,3004300,0.0,0.0
2017-12-05,28.09000015258789,29.059999465942383,27.9950008392334,28.329999923706055,25.888568878173828,1011600,0.0,0.0
2017-12-06,28.34000015258789,29.110000610351562,28.34000015258789,28.68000030517578,26.20840835571289,1286000,0.0,0.0
2017-12-07,28.780000686645508,29.950000762939453,28.729999542236328,29.850000381469727,27.277578353881836,1567800,0.0,0.0
2017-12-08,30.260000228881836,30.3700008392334,29.34000015258789,29.3799991607666,26.848079681396484,1084800,0.0,0.0
2017-12-11,29.3700008392334,29.469999313354492,28.530000686645508,28.93000030517578,26.436861038208008,1038100,0.0,0.0
2017-12-12,28.8799991607666,29.260000228881836,28.280000686645508,28.3700008392334,25.92512321472168,885300,0.0,0.0
2017-12-13,28.3799991607666,28.809999465942383,28.3799991607666,28.600000381469727,26.135299682617188,1171800,0.0,0.0
2017-12-14,28.940000534057617,29.75,28.799999237060547,28.84000015258789,26.3546199798584,1680700,0.0,0.0
2017-12-15,29.190000534057617,29.65999984741211,28.8799991607666,29.43000030517578,26.89377212524414,1956600,0.0,0.0
2017-12-18,29.68000030517578,30.59000015258789,29.5,30.5,27.87156105041504,1384700,0.0,0.0
2017-12-19,31.649999618530273,31.65999984741211,30.6200008392334,30.829999923706055,28.173124313354492,1518300,0.0,0.0
2017-12-20,31.25,31.860000610351562,30.649999618530273,31.690000534057617,28.95901107788086,1355700,0.0,0.0
2017-12-21,31.850000381469727,32.060001373291016,31.329999923706055,31.90999984741211,29.160051345825195,1149200,0.0,0.0
2017-12-22,31.81999969482422,32.029998779296875,31.405000686645508,31.90999984741211,29.160051345825195,1004200,0.0,0.0
2017-12-26,31.760000228881836,31.90999984741211,31.389999389648438,31.68000030517578,28.949872970581055,859600,0.0,0.0
2017-12-27,31.59000015258789,32.150001525878906,31.139999389648438,31.59000015258789,28.867626190185547,1124300,0.0,0.0
2017-12-28,31.579999923706055,31.690000534057617,30.809999465942383,31.34000015258789,28.639171600341797,1047800,0.0,0.0
2017-12-29,31.3799991607666,31.610000610351562,31.149999618530273,31.309999465942383,28.611757278442383,856300,0.0,0.0
2018-01-02,31.5,32.650001525878906,31.5,32.380001068115234,29.589548110961914,2402700,0.0,0.0
2018-01-03,32.970001220703125,33.08000183105469,31.67799949645996,32.0099983215332,29.251434326171875,2038500,0.0,0.0
2018-01-04,32.34000015258789,32.492000579833984,31.520000457763672,32.130001068115234,29.361095428466797,1325300,0.0,0.0
2018-01-05,32.150001525878906,32.15999984741211,31.649999618530273,31.799999237060547,29.05953025817871,1020900,0.0,0.0
2018-01-08,31.799999237060547,32.189998626708984,31.540000915527344,32.09000015258789,29.324539184570312,696700,0.0,0.0
2018-01-09,32.2599983215332,32.369998931884766,31.650999069213867,32.2400016784668,29.461612701416016,1181100,0.0,0.0
2018-01-10,31.979999542236328,32.2400016784668,31.79800033569336,31.940000534057617,29.187467575073242,671300,0.0,0.0
2018-01-11,32.04999923706055,32.30500030517578,31.559999465942383,32.29999923706055,29.516441345214844,713900,0.0,0.0
2018-01-12,32.38999938964844,32.70000076293945,32.167999267578125,32.63999938964844,29.827138900756836,876700,0.0,0.0
2018-01-16,32.9900016784668,33.08000183105469,31.299999237060547,31.399999618530273,28.694000244140625,1679500,0.0,0.0
2018-01-17,31.510000228881836,31.700000762939453,31.010000228881836,31.549999237060547,28.83107566833496,885400,0.0,0.0
2018-01-18,31.360000610351562,31.6200008392334,30.84600067138672,31.600000381469727,28.876766204833984,1018000,0.0,0.0
2018-01-19,31.719999313354492,32.65999984741211,31.719999313354492,32.599998474121094,29.790586471557617,1650900,0.0,0.0
2018-01-22,32.650001525878906,33.95000076293945,32.13999938964844,33.83000183105469,30.914594650268555,1778100,0.0,0.0
2018-01-23,33.97999954223633,34.61000061035156,33.540000915527344,34.58000183105469,31.599956512451172,1343800,0.0,0.0
2018-01-24,34.66999816894531,34.75,33.33000183105469,33.529998779296875,30.640439987182617,2082200,0.0,0.0
2018-01-25,33.650001525878906,34.31999969482422,33.2599983215332,33.994998931884766,31.06536865234375,1087200,0.0,0.0
2018-01-26,34.18000030517578,34.7400016784668,33.93000030517578,34.72999954223633,31.737030029296875,772500,0.0,0.0
2018-01-29,34.70000076293945,35.279998779296875,34.099998474121094,35.150001525878906,32.12083435058594,1173100,0.0,0.0
2018-01-30,34.630001068115234,35.029998779296875,34.25299835205078,34.72999954223633,31.737030029296875,1693200,0.0,0.0
2018-01-31,35.099998474121094,35.404998779296875,34.5099983215332,34.939998626708984,31.928930282592773,1300300,0.0,0.0
2018-02-01,34.79999923706055,35.5099983215332,34.52000045776367,35.2599983215332,32.221351623535156,1474300,0.0,0.0
2018-02-02,35.0,35.50199890136719,34.650001525878906,34.709999084472656,31.718748092651367,1295800,0.0,0.0
2018-02-05,34.189998626708984,35.34000015258789,33.75,33.83000183105469,30.914594650268555,1979800,0.0,0.0
2018-02-06,33.0099983215332,34.349998474121094,32.400001525878906,33.2599983215332,30.393707275390625,2909200,0.0,0.0
2018-02-07,34.5,36.84000015258789,34.29999923706055,36.029998779296875,32.924991607666016,4831900,0.0,0.0
2018-02-08,36.25,36.67900085449219,33.40999984741211,33.599998474121094,30.704410552978516,4155300,0.0,0.0
2018-02-09,34.0,35.939998626708984,33.060001373291016,35.709999084472656,32.632572174072266,4297100,0.0,0.0
2018-02-12,35.91999816894531,38.5,35.45000076293945,37.9900016784668,34.71609115600586,4369500,0.0,0.0
2018-02-13,37.95000076293945,39.65999984741211,37.2599983215332,39.599998474121094,36.18733596801758,3564300,0.0,0.0
2018-02-14,39.849998474121094,42.47999954223633,39.47200012207031,41.90999984741211,38.29826736450195,6087000,0.0,0.0
2018-02-15,42.27000045776367,42.5,40.43000030517578,41.380001068115234,37.813941955566406,2720500,0.0,0.0
2018-02-16,41.22999954223633,42.66999816894531,41.20000076293945,41.560001373291016,37.978431701660156,2101800,0.0,0.0
2018-02-20,41.45000076293945,42.59400177001953,40.900001525878906,42.099998474121094,38.47188949584961,1826500,0.0,0.0
2018-02-21,40.95000076293945,43.52000045776367,40.849998474121094,41.90999984741211,38.29826736450195,2570500,0.0,0.0
2018-02-22,41.90999984741211,42.400001525878906,40.86000061035156,40.959999084472656,37.430137634277344,1533100,0.0,0.0
2018-02-23,41.31999969482422,42.060001373291016,41.1609992980957,41.900001525878906,38.28913116455078,2339400,0.0,0.0
2018-02-26,41.959999084472656,42.209999084472656,41.02000045776367,41.58000183105469,37.996707916259766,1299700,0.0,0.0
2018-02-27,41.540000915527344,41.67499923706055,39.810001373291016,40.06999969482422,36.61683654785156,1918800,0.0,0.0
2018-02-28,40.15999984741211,41.119998931884766,39.77000045776367,40.04999923706055,36.59856033325195,1690400,0.0,0.0
2018-03-01,39.95000076293945,40.31999969482422,38.7599983215332,39.31999969482422,35.93146896362305,2114600,0.0,0.0
2018-03-02,38.91999816894531,40.9900016784668,38.47999954223633,40.81999969482422,37.30220031738281,2423100,0.0,0.0
2018-03-05,41.0,41.814998626708984,40.2599983215332,41.709999084472656,38.115501403808594,1618500,0.0,0.0
2018-03-06,42.0,42.689998626708984,41.09000015258789,42.41999816894531,38.764320373535156,1627600,0.0,0.0
2018-03-07,42.119998931884766,44.145999908447266,41.650001525878906,43.810001373291016,40.03453063964844,2244600,0.0,0.0
2018-03-08,44.36000061035156,44.5,43.70100021362305,44.36000061035156,40.537132263183594,2146100,0.0,0.0
2018-03-09,43.939998626708984,44.81999969482422,43.880001068115234,44.790000915527344,40.93007278442383,1549900,0.0,0.0
2018-03-12,44.599998474121094,45.86000061035156,44.56999969482422,45.599998474121094,41.67026901245117,1525500,0.0,0.0
2018-03-13,45.77000045776367,46.0,44.220001220703125,45.43000030517578,41.51491928100586,1667000,0.0,0.0
2018-03-14,45.779998779296875,46.810001373291016,45.459999084472656,46.790000915527344,42.757720947265625,2787100,0.0,0.0
2018-03-15,45.959999084472656,46.779998779296875,45.84000015258789,46.709999084472656,42.684608459472656,1899900,0.0,0.0
2018-03-16,46.849998474121094,46.95000076293945,46.25,46.470001220703125,42.465293884277344,1467000,0.0,0.0
2018-03-19,46.20000076293945,46.709999084472656,44.72999954223633,45.650001525878906,41.715965270996094,2567600,0.0,0.0
2018-03-20,45.63999938964844,46.939998626708984,45.5,46.63999938964844,42.620643615722656,1612100,0.0,0.0
2018-03-21,46.130001068115234,46.400001525878906,45.189998626708984,45.70000076293945,41.761653900146484,2302000,0.0,0.0
2018-03-22,45.0,45.630001068115234,44.029998779296875,44.20000076293945,40.39091873168945,1419500,0.0,0.0
2018-03-23,44.060001373291016,45.86000061035156,44.0,44.540000915527344,40.70161819458008,1580200,0.0,0.0
2018-03-26,45.5099983215332,46.59000015258789,45.150001525878906,46.459999084472656,42.45615768432617,1716100,0.0,0.0
2018-03-27,46.84000015258789,47.099998474121094,43.83000183105469,44.22999954223633,40.4183349609375,2636900,0.0,0.0
2018-03-28,43.70000076293945,44.08000183105469,42.56999969482422,43.15999984741211,39.44054412841797,1946400,0.0,0.0
2018-03-29,43.38999938964844,45.040000915527344,43.04999923706055,44.439998626708984,40.61023712158203,1653600,0.0,0.0
2018-04-02,44.45000076293945,44.45000076293945,42.119998931884766,42.75,39.06587219238281,1991000,0.0,0.0
2018-04-03,42.84000015258789,43.38999938964844,41.93000030517578,42.16999816894531,38.53585433959961,2204600,0.0,0.0
2018-04-04,41.06999969482422,42.790000915527344,40.470001220703125,42.560001373291016,38.89225387573242,3635400,0.0,0.0
2018-04-05,43.130001068115234,43.310001373291016,42.0359992980957,42.77000045776367,39.08415603637695,1676500,0.0,0.0
2018-04-06,41.849998474121094,42.459999084472656,41.25,42.11000061035156,38.48103332519531,1145300,0.0,0.0
2018-04-09,42.59000015258789,44.29999923706055,42.58100128173828,43.41999816894531,39.67813491821289,1163700,0.0,0.0
2018-04-10,44.209999084472656,45.20000076293945,43.88999938964844,44.63999938964844,40.792999267578125,1572300,0.0,0.0
2018-04-11,44.310001373291016,44.970001220703125,43.88999938964844,43.900001525878906,40.11677551269531,880600,0.0,0.0
2018-04-12,44.29999923706055,44.790000915527344,44.0099983215332,44.7599983215332,40.90266036987305,1265800,0.0,0.0
2018-04-13,44.900001525878906,45.40999984741211,44.36000061035156,44.84000015258789,40.97576904296875,974700,0.0,0.0
2018-04-16,45.029998779296875,46.29999923706055,44.60100173950195,46.15999984741211,42.18201446533203,1092000,0.0,0.0
2018-04-17,46.70000076293945,48.650001525878906,46.369998931884766,48.09000015258789,43.94568634033203,2153300,0.0,0.0
2018-04-18,47.86000061035156,48.11000061035156,46.709999084472656,47.13999938964844,43.077552795410156,1269400,0.0,0.0
2018-04-19,46.869998931884766,47.38999938964844,46.45000076293945,46.689998626708984,42.66633224487305,1162300,0.0,0.0
2018-04-20,46.97999954223633,47.4900016784668,46.529998779296875,46.709999084472656,42.684608459472656,818000,0.0,0.0
2018-04-23,47.20000076293945,47.470001220703125,46.25,46.40999984741211,42.410465240478516,897300,0.0,0.0
2018-04-24,46.599998474121094,47.29999923706055,44.68000030517578,45.2599983215332,41.35956573486328,2369000,0.0,0.0
2018-04-25,45.400001525878906,45.4900016784668,44.22100067138672,45.34000015258789,41.43267822265625,1512600,0.0,0.0
2018-04-26,45.83000183105469,47.34000015258789,45.72999954223633,46.65999984741211,42.63892364501953,1283600,0.0,0.0
2018-04-27,47.0,47.41999816894531,45.77000045776367,46.0099983215332,42.0449333190918,1242200,0.0,0.0
2018-04-30,46.31999969482422,47.470001220703125,46.2599983215332,47.119998931884766,43.05928039550781,945100,0.0,0.0
2018-05-01,47.220001220703125,47.31999969482422,35.79999923706055,36.709999084472656,33.546390533447266,21515400,0.0,0.0
2018-05-02,36.54999923706055,37.349998474121094,34.349998474121094,34.58000183105469,31.599956512451172,14615200,0.0,0.0
2018-05-03,34.66400146484375,36.790000915527344,34.5,36.27000045776367,33.144317626953125,6421900,0.0,0.0
2018-05-04,36.22999954223633,36.790000915527344,34.720001220703125,34.81999969482422,31.819271087646484,4882300,0.0,0.0
2018-05-07,34.92499923706055,36.130001068115234,34.86000061035156,35.400001525878906,32.34928512573242,4111000,0.0,0.0
2018-05-08,35.5099983215332,36.56999969482422,35.119998931884766,36.31999969482422,33.19001007080078,4743200,0.0,0.0
2018-05-09,37.779998779296875,37.91999816894531,33.47999954223633,36.849998474121094,33.67433166503906,11363900,0.0,0.0
2018-05-10,37.689998626708984,39.56999969482422,37.5,38.90999984741211,35.55680847167969,7023900,0.0,0.0
2018-05-11,38.79999923706055,40.849998474121094,38.70000076293945,40.5,37.00978469848633,5128100,0.0,0.0
2018-05-14,40.560001373291016,41.5,37.9900016784668,38.09000015258789,34.80746841430664,3891600,0.0,0.0
2018-05-15,37.849998474121094,39.369998931884766,37.849998474121094,39.29999923706055,35.91318893432617,3396200,0.0,0.0
2018-05-16,39.13999938964844,39.86000061035156,38.900001525878906,39.689998626708984,36.26958465576172,2516500,0.0,0.0
2018-05-17,39.380001068115234,41.040000915527344,39.380001068115234,40.349998474121094,36.87270736694336,2120500,0.0,0.0
2018-05-18,40.220001220703125,41.18000030517578,40.130001068115234,40.75,37.23823547363281,2204500,0.0,0.0
2018-05-21,40.849998474121094,41.15999984741211,39.928001403808594,40.86000061035156,37.33875274658203,1735700,0.0,0.0
2018-05-22,40.70000076293945,41.31999969482422,39.939998626708984,40.02000045776367,36.57114791870117,1895400,0.0,0.0
2018-05-23,39.54999923706055,40.9900016784668,39.099998474121094,40.79999923706055,37.2839241027832,1608600,0.0,0.0
2018-05-24,40.79999923706055,41.540000915527344,40.54999923706055,41.27000045776367,37.71342086791992,1666300,0.0,0.0
2018-05-25,41.27000045776367,42.36000061035156,41.257999420166016,41.84000015258789,38.23429870605469,1645500,0.0,0.0
2018-05-29,41.290000915527344,42.0,40.20000076293945,40.84000015258789,37.32048034667969,2202000,0.0,0.0
2018-05-30,41.349998474121094,42.40999984741211,40.81999969482422,41.77000045776367,38.17033004760742,2278300,0.0,0.0
2018-05-31,41.599998474121094,42.470001220703125,41.119998931884766,41.150001525878906,37.603763580322266,2634300,0.0,0.0
2018-06-01,41.36000061035156,42.66999816894531,41.36000061035156,42.58000183105469,38.910526275634766,1855100,0.0,0.0
2018-06-04,42.70000076293945,42.70000076293945,41.56999969482422,42.34000015258789,38.69121170043945,1548000,0.0,0.0
2018-06-05,42.400001525878906,43.18000030517578,42.189998626708984,42.779998779296875,39.093292236328125,2058400,0.0,0.0
2018-06-06,42.90999984741211,43.25,42.05099868774414,42.59000015258789,38.9196662902832,1792000,0.0,0.0
2018-06-07,42.619998931884766,42.75,40.47999954223633,40.869998931884766,37.34789276123047,2452100,0.0,0.0
2018-06-08,40.7400016784668,41.84000015258789,40.630001068115234,41.52000045776367,37.94187927246094,1796900,0.0,0.0
2018-06-11,43.529998779296875,44.06999969482422,41.91999816894531,42.08000183105469,38.45362091064453,3138300,0.0,0.0
2018-06-12,42.08000183105469,44.28499984741211,42.08000183105469,43.380001068115234,39.6415901184082,2257500,0.0,0.0
2018-06-13,43.43000030517578,44.0,42.77899932861328,43.18000030517578,39.458824157714844,1647900,0.0,0.0
2018-06-14,43.290000915527344,44.06999969482422,43.20000076293945,43.439998626708984,39.696414947509766,1436700,0.0,0.0
2018-06-15,43.310001373291016,43.310001373291016,42.4900016784668,42.970001220703125,39.26691436767578,1522200,0.0,0.0
2018-06-18,42.540000915527344,43.97999954223633,42.310001373291016,43.880001068115234,40.0984992980957,1677600,0.0,0.0
2018-06-19,43.34000015258789,44.11000061035156,42.70000076293945,43.900001525878906,40.11677551269531,1337100,0.0,0.0
2018-06-20,44.119998931884766,44.38999938964844,42.90999984741211,43.0099983215332,39.303470611572266,1849000,0.0,0.0
2018-06-21,43.349998474121094,44.529998779296875,43.2400016784668,43.689998626708984,39.924869537353516,2670100,0.0,0.0
2018-06-22,43.560001373291016,43.75,42.16999816894531,42.709999084472656,39.029327392578125,3343600,0.0,0.0
2018-06-25,42.11000061035156,42.459999084472656,39.7599983215332,40.58000183105469,37.0828857421875,2626700,0.0,0.0
2018-06-26,40.650001525878906,41.41999816894531,40.290000915527344,40.349998474121094,36.87270736694336,2182800,0.0,0.0
2018-06-27,40.630001068115234,40.84000015258789,39.09000015258789,39.15999984741211,35.78525924682617,2173000,0.0,0.0
2018-06-28,39.0099983215332,39.5099983215332,38.290000915527344,39.16999816894531,35.79439926147461,2305400,0.0,0.0
2018-06-29,39.5,39.599998474121094,38.65999984741211,38.7400016784668,35.40145492553711,2069000,0.0,0.0
2018-07-02,38.13999938964844,39.59000015258789,37.66999816894531,39.47999954223633,36.07768249511719,2110300,0.0,0.0
2018-07-03,39.650001525878906,40.209999084472656,38.560001373291016,38.59000015258789,35.26437759399414,1323200,0.0,0.0
2018-07-05,38.900001525878906,39.43000030517578,38.369998931884766,39.13999938964844,35.76698684692383,2405200,0.0,0.0
2018-07-06,39.27000045776367,40.40999984741211,38.939998626708984,40.0,36.55287170410156,1512100,0.0,0.0
2018-07-09,40.220001220703125,40.45000076293945,39.15700149536133,39.81999969482422,36.38838195800781,1702300,0.0,0.0
2018-07-10,40.02000045776367,40.209999084472656,38.2599983215332,38.400001525878906,35.09075164794922,2512400,0.0,0.0
2018-07-11,37.75,38.810001373291016,37.33000183105469,38.09000015258789,34.80746841430664,2338100,0.0,0.0
2018-07-12,38.099998474121094,39.83000183105469,38.099998474121094,39.56999969482422,36.15992736816406,1995600,0.0,0.0
2018-07-13,39.56999969482422,40.45000076293945,38.650001525878906,38.88999938964844,35.53852844238281,1333500,0.0,0.0
2018-07-16,39.0,39.58000183105469,38.95000076293945,39.45000076293945,36.050262451171875,1130900,0.0,0.0
2018-07-17,39.119998931884766,39.900001525878906,38.84000015258789,39.880001068115234,36.44321060180664,1915000,0.0,0.0
2018-07-18,39.849998474121094,40.15999984741211,38.939998626708984,39.310001373291016,35.92233657836914,1407100,0.0,0.0
2018-07-19,39.0,39.650001525878906,38.95000076293945,38.97999954223633,35.62076950073242,1061400,0.0,0.0
2018-07-20,39.0099983215332,39.400001525878906,38.290000915527344,38.349998474121094,35.04506301879883,1244300,0.0,0.0
2018-07-23,38.400001525878906,39.029998779296875,37.779998779296875,38.869998931884766,35.52024841308594,1728100,0.0,0.0
2018-07-24,39.029998779296875,39.939998626708984,38.09000015258789,38.150001525878906,34.8623046875,2100300,0.0,0.0
2018-07-25,38.2599983215332,39.96500015258789,38.040000915527344,39.75,36.32441329956055,1467700,0.0,0.0
2018-07-26,39.36000061035156,39.58000183105469,38.20000076293945,38.380001068115234,35.072479248046875,1850500,0.0,0.0
2018-07-27,38.58000183105469,38.68000030517578,36.77000045776367,37.209999084472656,34.00330352783203,1920900,0.0,0.0
2018-07-30,37.599998474121094,37.599998474121094,35.20000076293945,35.22999954223633,32.193939208984375,3061600,0.0,0.0
2018-07-31,35.43000030517578,36.4900016784668,35.220001220703125,36.119998931884766,33.00724411010742,2265800,0.0,0.0
2018-08-01,35.970001220703125,37.36000061035156,35.650001525878906,36.970001220703125,33.783992767333984,1986000,0.0,0.0
2018-08-02,36.91999816894531,38.209999084472656,36.66999816894531,38.04999923706055,34.770912170410156,2486500,0.0,0.0
2018-08-03,36.91999816894531,38.25,36.91999816894531,37.880001068115234,34.615570068359375,1196200,0.0,0.0
2018-08-06,38.650001525878906,38.650001525878906,37.040000915527344,38.40999984741211,35.099891662597656,3183000,0.0,0.0
2018-08-07,38.650001525878906,39.02000045776367,38.119998931884766,38.880001068115234,35.52939224243164,3877200,0.0,0.0
2018-08-08,45.5,46.939998626708984,43.650001525878906,45.599998474121094,41.67026901245117,15872700,0.0,0.0
2018-08-09,45.779998779296875,49.97999954223633,45.30099868774414,49.279998779296875,45.03313446044922,8005000,0.0,0.0
2018-08-10,48.97999954223633,51.7400016784668,47.75,50.81999969482422,46.44042205810547,5900900,0.0,0.0
2018-08-13,50.72999954223633,51.25,49.79999923706055,49.9900016784668,45.68195343017578,3026300,0.0,0.0
2018-08-14,49.369998931884766,50.5,47.70000076293945,48.45000076293945,44.274658203125,5290300,0.0,0.0
2018-08-15,47.779998779296875,48.38999938964844,46.099998474121094,46.90999984741211,42.867374420166016,2960700,0.0,0.0
2018-08-16,47.439998626708984,47.689998626708984,46.279998779296875,46.4900016784668,42.48357391357422,2215900,0.0,0.0
2018-08-17,46.58000183105469,48.189998626708984,46.111000061035156,47.83000183105469,43.70809555053711,3080800,0.0,0.0
2018-08-20,48.34000015258789,49.09000015258789,47.529998779296875,48.650001525878906,44.45742416381836,1842500,0.0,0.0
2018-08-21,48.93000030517578,49.2599983215332,48.15999984741211,48.2400016784668,44.08275604248047,1336700,0.0,0.0
2018-08-22,48.66999816894531,49.13999938964844,47.95000076293945,48.380001068115234,44.210697174072266,1412000,0.0,0.0
2018-08-23,48.2599983215332,50.36000061035156,48.2400016784668,49.900001525878906,45.59970474243164,2883700,0.0,0.0
2018-08-24,49.849998474121094,50.698001861572266,49.01100158691406,50.41999816894531,46.074886322021484,1239100,0.0,0.0
2018-08-27,50.47999954223633,52.119998931884766,50.47999954223633,50.79999923706055,46.42213821411133,1537300,0.0,0.0
2018-08-28,51.02000045776367,51.79999923706055,50.11000061035156,51.380001068115234,46.95215606689453,1565200,0.0,0.0
2018-08-29,51.25,51.43899917602539,50.439998626708984,50.83000183105469,46.449562072753906,1693900,0.0,0.0
2018-08-30,50.400001525878906,50.52000045776367,49.31999969482422,49.45000076293945,45.1884880065918,1907500,0.0,0.0
2018-08-31,49.16999816894531,50.130001068115234,49.08000183105469,50.04999923706055,45.73677444458008,1287600,0.0,0.0
2018-09-04,50.11000061035156,52.59000015258789,50.060001373291016,52.33000183105469,47.82029724121094,2211800,0.0,0.0
2018-09-05,52.68000030517578,52.810001373291016,48.720001220703125,50.529998779296875,46.17540740966797,2792300,0.0,0.0
2018-09-06,50.47999954223633,50.91400146484375,49.599998474121094,50.41999816894531,46.074886322021484,979800,0.0,0.0
2018-09-07,50.04999923706055,52.584999084472656,49.810001373291016,51.88999938964844,47.418209075927734,1816300,0.0,0.0
2018-09-10,52.040000915527344,53.7400016784668,50.84000015258789,53.279998779296875,48.688419342041016,2502200,0.0,0.0
2018-09-11,53.279998779296875,55.060001373291016,52.89699935913086,54.650001525878906,49.94035720825195,2323600,0.0,0.0
2018-09-12,54.81999969482422,56.22999954223633,53.540000915527344,56.04999923706055,51.21971130371094,2141700,0.0,0.0
2018-09-13,56.689998626708984,59.970001220703125,56.349998474121094,59.58000183105469,54.445499420166016,4845600,0.0,0.0
2018-09-14,59.83000183105469,60.75,57.79999923706055,59.209999084472656,54.107383728027344,2476700,0.0,0.0
2018-09-17,59.2400016784668,59.68000030517578,57.08000183105469,58.09000015258789,53.08390808105469,1803400,0.0,0.0
2018-09-18,57.880001068115234,60.369998931884766,57.880001068115234,60.04999923706055,54.87499237060547,1424100,0.0,0.0
2018-09-19,60.27000045776367,60.95000076293945,58.31999969482422,59.25,54.14393997192383,2008500,0.0,0.0
2018-09-20,58.849998474121094,59.4900016784668,57.130001068115234,57.33000183105469,52.389400482177734,2312000,0.0,0.0
2018-09-21,57.279998779296875,57.290000915527344,54.88999938964844,55.380001068115234,50.607452392578125,3154100,0.0,0.0
2018-09-24,53.90999984741211,56.56999969482422,53.880001068115234,55.849998474121094,51.03694534301758,1339600,0.0,0.0
2018-09-25,56.38999938964844,58.319000244140625,56.06999969482422,57.83000183105469,52.8463134765625,2069100,0.0,0.0
2018-09-26,58.369998931884766,58.77000045776367,57.290000915527344,58.2599983215332,53.239253997802734,1233000,0.0,0.0
2018-09-27,58.38999938964844,59.45000076293945,57.97999954223633,59.380001068115234,54.26272964477539,1448800,0.0,0.0
2018-09-28,59.099998474121094,59.77000045776367,57.849998474121094,57.90999984741211,52.91941452026367,1911300,0.0,0.0
2018-10-01,58.540000915527344,59.31999969482422,56.13999938964844,56.560001373291016,51.685760498046875,1841300,0.0,0.0
2018-10-02,56.220001220703125,57.06999969482422,55.68000030517578,56.290000915527344,51.43902587890625,1130500,0.0,0.0
2018-10-03,56.58000183105469,58.08000183105469,56.34000015258789,57.290000915527344,52.35285186767578,2004000,0.0,0.0
2018-10-04,57.90999984741211,58.11000061035156,56.040000915527344,57.15999984741211,52.23405075073242,2171900,0.0,0.0
2018-10-05,57.130001068115234,58.290000915527344,54.470001220703125,55.970001220703125,51.14659881591797,2186900,0.0,0.0
2018-10-08,55.0099983215332,56.61000061035156,54.0099983215332,55.209999084472656,50.45209884643555,1584200,0.0,0.0
2018-10-09,54.86000061035156,56.29999923706055,54.400001525878906,55.459999084472656,50.6805534362793,1381600,0.0,0.0
2018-10-10,55.119998931884766,55.75,50.2599983215332,50.41999816894531,46.074886322021484,4568700,0.0,0.0
2018-10-11,49.099998474121094,52.18000030517578,48.5,51.400001525878906,46.97043991088867,3466200,0.0,0.0
2018-10-12,53.65999984741211,54.45000076293945,52.5,54.13999938964844,49.474308013916016,2687800,0.0,0.0
2018-10-15,54.11000061035156,54.779998779296875,53.0,53.88999938964844,49.245853424072266,1065600,0.0,0.0
2018-10-16,54.529998779296875,57.47999954223633,54.40700149536133,57.150001525878906,52.224910736083984,1797500,0.0,0.0
2018-10-17,57.40999984741211,57.81999969482422,55.720001220703125,57.02000045776367,52.106109619140625,1587000,0.0,0.0
2018-10-18,56.56999969482422,56.861000061035156,53.560001373291016,54.060001373291016,49.40119934082031,1948400,0.0,0.0
2018-10-19,54.52000045776367,55.150001525878906,50.29999923706055,50.59000015258789,46.23023986816406,2804800,0.0,0.0
2018-10-22,50.7599983215332,52.869998931884766,50.7599983215332,52.439998626708984,47.92081069946289,1417300,0.0,0.0
2018-10-23,50.43000030517578,52.54999923706055,48.90999984741211,52.34000015258789,47.829429626464844,2560000,0.0,0.0
2018-10-24,52.08000183105469,52.939998626708984,49.82099914550781,49.939998626708984,45.63624954223633,1378700,0.0,0.0
2018-10-25,50.77000045776367,52.27000045776367,50.33000183105469,50.720001220703125,46.34903335571289,1979500,0.0,0.0
2018-10-26,48.9900016784668,50.27000045776367,47.25,49.189998626708984,44.95089340209961,2637900,0.0,0.0
2018-10-29,50.220001220703125,50.85599899291992,47.27000045776367,48.25,44.091896057128906,2245900,0.0,0.0
2018-10-30,47.79999923706055,51.279998779296875,47.4119987487793,49.88999938964844,45.5905647277832,2746900,0.0,0.0
2018-10-31,51.0,52.9900016784668,51.0,51.720001220703125,47.26285934448242,2341700,0.0,0.0
2018-11-01,52.04999923706055,53.290000915527344,51.0,53.22999954223633,48.642730712890625,1847600,0.0,0.0
2018-11-02,53.77000045776367,54.68000030517578,51.77000045776367,52.150001525878906,47.65580749511719,2267300,0.0,0.0
2018-11-05,52.43000030517578,52.5099983215332,49.720001220703125,51.189998626708984,46.77853012084961,2752300,0.0,0.0
2018-11-06,50.939998626708984,52.599998474121094,50.5,51.470001220703125,47.03440475463867,4038300,0.0,0.0
2018-11-07,43.93000030517578,44.0,40.7599983215332,42.720001220703125,39.0384635925293,15526300,0.0,0.0
2018-11-08,42.7599983215332,45.10200119018555,42.7599983215332,43.66999816894531,39.90658950805664,4499200,0.0,0.0
2018-11-09,43.04999923706055,43.5,41.47999954223633,42.709999084472656,39.029327392578125,4308700,0.0,0.0
2018-11-12,42.59000015258789,42.72999954223633,40.36000061035156,40.95000076293945,37.42100143432617,3096300,0.0,0.0
2018-11-13,41.27000045776367,42.553001403808594,40.959999084472656,41.779998779296875,38.17947006225586,2828600,0.0,0.0
2018-11-14,42.290000915527344,42.599998474121094,40.05500030517578,40.16999816894531,36.70821762084961,3362300,0.0,0.0
2018-11-15,40.20000076293945,41.060001373291016,39.060001373291016,40.970001220703125,37.439273834228516,3541800,0.0,0.0
2018-11-16,41.029998779296875,41.52000045776367,39.97999954223633,40.0,36.55287170410156,2075500,0.0,0.0
2018-11-19,39.31999969482422,39.650001525878906,36.209999084472656,36.2599983215332,33.13518142700195,5025200,0.0,0.0
2018-11-20,34.31999969482422,37.029998779296875,33.29999923706055,36.36000061035156,33.2265510559082,5571600,0.0,0.0
2018-11-21,37.0,38.439998626708984,36.957000732421875,37.91999816894531,34.65211486816406,2471200,0.0,0.0
2018-11-23,37.63999938964844,38.59000015258789,37.279998779296875,38.45000076293945,35.136444091796875,1056800,0.0,0.0
2018-11-26,39.08000183105469,39.5,38.58000183105469,39.209999084472656,35.8309440612793,2097800,0.0,0.0
2018-11-27,38.689998626708984,39.36000061035156,38.0099983215332,38.08000183105469,34.79833221435547,1330100,0.0,0.0
2018-11-28,38.279998779296875,40.06999969482422,38.279998779296875,39.959999084472656,36.51631546020508,2228700,0.0,0.0
2018-11-29,40.130001068115234,41.77000045776367,39.70000076293945,41.349998474121094,37.786529541015625,2329000,0.0,0.0
2018-11-30,41.189998626708984,41.529998779296875,39.58399963378906,40.27000045776367,36.79960250854492,2684300,0.0,0.0
2018-12-03,41.5099983215332,41.86000061035156,40.13999938964844,41.459999084472656,37.88704299926758,3991400,0.0,0.0
2018-12-04,39.459999084472656,39.939998626708984,37.86000061035156,38.41999816894531,36.88850021362305,2748400,2.0,0.0
2018-12-06,37.0,41.66999816894531,37.0,41.16999816894531,39.52888488769531,4140700,0.0,0.0
2018-12-07,40.720001220703125,41.279998779296875,39.310001373291016,39.869998931884766,38.28070831298828,2258700,0.0,0.0
2018-12-10,39.81999969482422,41.380001068115234,39.18000030517578,40.11000061035156,38.511138916015625,1357100,0.0,0.0
2018-12-11,40.619998931884766,41.2400016784668,39.560001373291016,40.209999084472656,38.607154846191406,1550500,0.0,0.0
2018-12-12,40.86000061035156,43.119998931884766,40.52000045776367,42.709999084472656,41.00749969482422,4874200,0.0,0.0
2018-12-13,43.0,43.13999938964844,41.67499923706055,42.150001525878906,40.46982192993164,1880200,0.0,0.0
2018-12-14,41.52000045776367,43.72999954223633,41.2400016784668,43.20000076293945,41.477970123291016,3025800,0.0,0.0
2018-12-17,42.9900016784668,43.189998626708984,40.78499984741211,41.02000045776367,39.38486862182617,2707700,0.0,0.0
2018-12-18,42.130001068115234,42.459999084472656,41.380001068115234,41.95000076293945,40.277793884277344,1954000,0.0,0.0
2018-12-19,41.900001525878906,42.75,40.79499816894531,41.0,39.365665435791016,3012700,0.0,0.0
2018-12-20,41.09000015258789,41.20000076293945,38.59000015258789,40.04999923706055,38.453529357910156,2932300,0.0,0.0
2018-12-21,40.119998931884766,41.310001373291016,38.81999969482422,38.970001220703125,37.416587829589844,4296600,0.0,0.0
2018-12-24,38.810001373291016,39.880001068115234,37.68000030517578,38.970001220703125,37.416587829589844,983800,0.0,0.0
2018-12-26,39.47999954223633,42.11000061035156,39.38999938964844,42.08000183105469,40.40261459350586,1942100,0.0,0.0
2018-12-27,40.45000076293945,42.619998931884766,40.45000076293945,42.619998931884766,40.92108154296875,1202500,0.0,0.0
2018-12-28,42.619998931884766,43.29999923706055,41.380001068115234,42.06999969482422,40.39301300048828,1590500,0.0,0.0
2018-12-31,42.38999938964844,43.0099983215332,41.779998779296875,42.77000045776367,41.06510925292969,1297800,0.0,0.0
2019-01-02,42.060001373291016,42.83000183105469,41.560001373291016,42.380001068115234,40.69065475463867,1677800,0.0,0.0
2019-01-03,41.77000045776367,42.290000915527344,40.470001220703125,41.119998931884766,39.48088073730469,1828000,0.0,0.0
2019-01-04,41.70000076293945,43.86000061035156,40.779998779296875,43.04999923706055,41.333946228027344,2460100,0.0,0.0
2019-01-07,43.38999938964844,44.20000076293945,42.83000183105469,43.369998931884766,41.64118957519531,1471900,0.0,0.0
2019-01-08,44.06999969482422,45.18000030517578,43.43000030517578,44.779998779296875,42.99498748779297,2470500,0.0,0.0
2019-01-09,45.0,45.63999938964844,44.369998931884766,45.0099983215332,43.21581268310547,1759200,0.0,0.0
2019-01-10,44.61000061035156,45.27000045776367,44.08000183105469,45.040000915527344,43.24462127685547,1369600,0.0,0.0
2019-01-11,44.83000183105469,45.77000045776367,44.4630012512207,44.689998626708984,42.908573150634766,1308600,0.0,0.0
2019-01-14,44.220001220703125,44.79999923706055,43.380001068115234,44.36000061035156,42.59172439575195,1680400,0.0,0.0
2019-01-15,44.72999954223633,46.849998474121094,44.72999954223633,46.470001220703125,44.617618560791016,1585900,0.0,0.0
2019-01-16,46.47999954223633,46.880001068115234,45.52000045776367,46.18000030517578,44.339176177978516,1328700,0.0,0.0
2019-01-17,46.02000045776367,47.880001068115234,45.90999984741211,47.060001373291016,45.18409729003906,2027400,0.0,0.0
2019-01-18,47.060001373291016,48.720001220703125,47.060001373291016,48.220001220703125,46.297855377197266,1806500,0.0,0.0
2019-01-22,47.90999984741211,49.2400016784668,47.56700134277344,48.220001220703125,46.297855377197266,1228300,0.0,0.0
2019-01-23,48.790000915527344,49.439998626708984,48.40999984741211,49.40999984741211,47.44042205810547,1171700,0.0,0.0
2019-01-24,49.7400016784668,50.630001068115234,49.720001220703125,50.45000076293945,48.43896484375,1167300,0.0,0.0
2019-01-25,51.029998779296875,52.60200119018555,50.70000076293945,52.369998931884766,50.28242874145508,1400400,0.0,0.0
2019-01-28,51.75,52.7400016784668,50.709999084472656,52.4900016784668,50.39765548706055,1222200,0.0,0.0
2019-01-29,52.790000915527344,52.790000915527344,51.349998474121094,52.09000015258789,50.01359558105469,1188600,0.0,0.0
2019-01-30,52.689998626708984,52.75,51.720001220703125,52.459999084472656,50.36884307861328,1633000,0.0,0.0
2019-01-31,52.709999084472656,54.56999969482422,52.665000915527344,53.4900016784668,51.357784271240234,1701700,0.0,0.0
2019-02-01,53.4900016784668,55.029998779296875,53.310001373291016,54.72999954223633,52.54835510253906,2190900,0.0,0.0
2019-02-04,51.7599983215332,54.68000030517578,51.5,54.43000030517578,52.260318756103516,2416200,0.0,0.0
2019-02-05,54.439998626708984,55.78499984741211,54.439998626708984,55.68000030517578,53.460487365722656,2787600,0.0,0.0
2019-02-06,53.81999969482422,54.75,52.72999954223633,53.08000183105469,50.964134216308594,3880600,0.0,0.0
2019-02-07,57.900001525878906,60.90999984741211,55.20199966430664,55.7599983215332,53.53730010986328,9679400,0.0,0.0
2019-02-08,54.540000915527344,57.279998779296875,53.349998474121094,56.61000061035156,54.353416442871094,3309400,0.0,0.0
2019-02-11,57.5,58.38999938964844,56.810001373291016,57.72999954223633,55.428775787353516,3254700,0.0,0.0
2019-02-12,58.36000061035156,58.4900016784668,57.06999969482422,57.650001525878906,55.35196304321289,1521300,0.0,0.0
2019-02-13,57.68000030517578,58.06999969482422,57.189998626708984,57.630001068115234,55.332763671875,1330000,0.0,0.0
2019-02-14,57.2400016784668,58.099998474121094,56.52000045776367,57.779998779296875,55.476776123046875,1096200,0.0,0.0
2019-02-15,58.09000015258789,58.09000015258789,56.42499923706055,57.33000183105469,55.04471969604492,1625600,0.0,0.0
2019-02-19,57.369998931884766,57.79999923706055,56.689998626708984,57.08000183105469,54.804683685302734,1391600,0.0,0.0
2019-02-20,57.310001373291016,57.54999923706055,55.7599983215332,56.47999954223633,54.228599548339844,1372200,0.0,0.0
2019-02-21,56.380001068115234,57.18000030517578,56.09000015258789,56.72999954223633,54.468631744384766,1029000,0.0,0.0
2019-02-22,56.83000183105469,57.5,56.599998474121094,57.290000915527344,55.00631332397461,1262100,0.0,0.0
2019-02-25,57.43000030517578,58.650001525878906,55.599998474121094,55.970001220703125,53.73892593383789,1715900,0.0,0.0
2019-02-26,55.79999923706055,56.060001373291016,54.63999938964844,55.349998474121094,53.143638610839844,1374300,0.0,0.0
2019-02-27,54.90999984741211,56.0,54.54999923706055,55.779998779296875,53.55650329589844,934400,0.0,0.0
2019-02-28,55.84000015258789,55.93000030517578,54.900001525878906,55.380001068115234,53.17245101928711,973500,0.0,0.0
2019-03-01,55.97999954223633,56.0,55.209999084472656,55.599998474121094,53.383670806884766,1208300,0.0,0.0
2019-03-04,55.84000015258789,55.91999816894531,53.0,54.47999954223633,52.308319091796875,1824400,0.0,0.0
2019-03-05,54.540000915527344,55.290000915527344,54.20500183105469,55.09000015258789,52.89400863647461,898600,0.0,0.0
2019-03-06,55.08000183105469,55.56999969482422,54.38999938964844,54.70000076293945,52.519554138183594,872500,0.0,0.0
2019-03-07,54.72999954223633,55.099998474121094,53.70000076293945,53.790000915527344,51.64582824707031,1123100,0.0,0.0
2019-03-08,53.0,53.90999984741211,52.30500030517578,53.029998779296875,50.91612243652344,1679500,0.0,0.0
2019-03-11,53.349998474121094,54.40999984741211,53.349998474121094,53.58000183105469,51.4442024230957,1945300,0.0,0.0
2019-03-12,53.7400016784668,54.470001220703125,52.84000015258789,53.900001525878906,51.75144577026367,1487300,0.0,0.0
2019-03-13,54.13999938964844,55.060001373291016,53.349998474121094,53.459999084472656,51.328983306884766,1088500,0.0,0.0
2019-03-14,53.380001068115234,54.66999816894531,52.630001068115234,54.15999984741211,52.00107955932617,1422200,0.0,0.0
2019-03-15,54.439998626708984,55.18000030517578,53.7400016784668,55.0,52.807594299316406,2117000,0.0,0.0
2019-03-18,55.290000915527344,56.2400016784668,55.290000915527344,55.689998626708984,53.4700927734375,1762200,0.0,0.0
2019-03-19,55.869998931884766,57.314998626708984,55.5,57.150001525878906,54.871891021728516,1616200,0.0,0.0
2019-03-20,56.93000030517578,58.56999969482422,56.869998931884766,58.130001068115234,55.812828063964844,2140900,0.0,0.0
2019-03-21,57.97999954223633,59.92499923706055,57.875999450683594,59.5099983215332,57.1378173828125,1854500,0.0,0.0
2019-03-22,59.13999938964844,59.56999969482422,57.380001068115234,57.59000015258789,55.29435729980469,1481100,0.0,0.0
2019-03-25,57.4900016784668,58.119998931884766,56.40999984741211,56.939998626708984,54.67026138305664,1530900,0.0,0.0
2019-03-26,57.40999984741211,58.09000015258789,56.470001220703125,56.97999954223633,54.70866394042969,1063500,0.0,0.0
2019-03-27,57.150001525878906,57.88999938964844,54.810001373291016,55.2400016784668,53.03803253173828,1420700,0.0,0.0
2019-03-28,55.5,56.209999084472656,54.91999816894531,55.869998931884766,53.64291763305664,1246100,0.0,0.0
2019-03-29,56.189998626708984,56.959999084472656,55.630001068115234,56.61000061035156,54.353416442871094,1430300,0.0,0.0
2019-04-01,57.25,58.38999938964844,55.652000427246094,56.2599983215332,54.017364501953125,1969400,0.0,0.0
2019-04-02,56.27000045776367,57.1150016784668,55.380001068115234,56.68000030517578,54.42062759399414,1207300,0.0,0.0
2019-04-03,57.15999984741211,57.790000915527344,56.83000183105469,57.31999969482422,55.035118103027344,1085100,0.0,0.0
2019-04-04,57.439998626708984,57.68000030517578,54.5099983215332,55.22999954223633,53.0284309387207,1763900,0.0,0.0
2019-04-05,55.52000045776367,55.790000915527344,54.84000015258789,54.91999816894531,52.73078918457031,1019000,0.0,0.0
2019-04-08,54.90999984741211,55.875999450683594,53.83000183105469,55.810001373291016,53.58531188964844,1064400,0.0,0.0
2019-04-09,55.72999954223633,56.86000061035156,55.220001220703125,56.65999984741211,54.40142822265625,783700,0.0,0.0
2019-04-10,56.790000915527344,57.130001068115234,56.22999954223633,56.9900016784668,54.71826934814453,1080600,0.0,0.0
2019-04-11,57.15999984741211,58.5099983215332,56.90999984741211,57.869998931884766,55.56318664550781,1274500,0.0,0.0
2019-04-12,58.0,58.31999969482422,56.270999908447266,57.20000076293945,54.919898986816406,662700,0.0,0.0
2019-04-15,57.349998474121094,61.310001373291016,56.93000030517578,60.18000030517578,57.78110885620117,4218600,0.0,0.0
2019-04-16,61.0,61.95000076293945,57.38999938964844,57.810001373291016,55.505584716796875,2935800,0.0,0.0
2019-04-17,57.959999084472656,59.900001525878906,57.959999084472656,58.599998474121094,56.264095306396484,1441400,0.0,0.0
2019-04-18,58.599998474121094,59.56999969482422,57.5099983215332,59.099998474121094,56.744163513183594,1049200,0.0,0.0
2019-04-22,58.97999954223633,61.2599983215332,58.805999755859375,61.040000915527344,58.60683059692383,1901600,0.0,0.0
2019-04-23,61.43000030517578,62.630001068115234,61.29999923706055,61.86000061035156,59.39414596557617,1627000,0.0,0.0
2019-04-24,62.34000015258789,63.119998931884766,61.529998779296875,61.650001525878906,59.1925163269043,1307600,0.0,0.0
2019-04-25,62.22999954223633,62.55500030517578,60.63999938964844,62.16999816894531,59.6917839050293,962900,0.0,0.0
2019-04-26,62.47999954223633,62.75,61.83000183105469,61.91999816894531,59.451751708984375,1005900,0.0,0.0
2019-04-29,62.310001373291016,62.56999969482422,61.220001220703125,61.45000076293945,59.000492095947266,910100,0.0,0.0
2019-04-30,61.11000061035156,61.7599983215332,59.91999816894531,60.400001525878906,57.99234390258789,1511800,0.0,0.0
2019-05-01,60.650001525878906,61.70000076293945,60.0,60.439998626708984,58.0307502746582,891900,0.0,0.0
2019-05-02,60.16999816894531,60.619998931884766,59.18000030517578,60.40999984741211,58.00193786621094,852300,0.0,0.0
2019-05-03,61.0,62.279998779296875,60.619998931884766,61.90999984741211,59.4421501159668,955900,0.0,0.0
2019-05-06,59.54999923706055,63.0,58.68000030517578,62.54999923706055,60.056640625,1858100,0.0,0.0
2019-05-07,62.04999923706055,62.939998626708984,59.79999923706055,60.369998931884766,57.96353530883789,2504000,0.0,0.0
2019-05-08,63.290000915527344,68.75,62.599998474121094,67.87999725341797,65.17417907714844,7193500,0.0,0.0
2019-05-09,67.44999694824219,67.80999755859375,63.38999938964844,67.1500015258789,64.47328186035156,3757700,0.0,0.0
2019-05-10,67.1500015258789,67.8499984741211,65.27999877929688,67.2699966430664,64.58848571777344,1823800,0.0,0.0
2019-05-13,65.94000244140625,69.87999725341797,65.29000091552734,69.23999786376953,66.47996520996094,3641400,0.0,0.0
2019-05-14,69.37000274658203,70.44999694824219,67.66100311279297,67.91999816894531,65.21257781982422,2286300,0.0,0.0
2019-05-15,67.79000091552734,71.52999877929688,67.54000091552734,70.7300033569336,67.91056823730469,2523800,0.0,0.0
2019-05-16,70.87000274658203,75.12000274658203,70.5,74.0199966430664,71.06941986083984,2543600,0.0,0.0
2019-05-17,73.5999984741211,75.28099822998047,72.87000274658203,72.88999938964844,69.9844741821289,1841300,0.0,0.0
2019-05-20,71.9800033569336,73.4000015258789,71.08000183105469,72.12999725341797,69.25475311279297,1685900,0.0,0.0
2019-05-21,72.76000213623047,73.49400329589844,70.91999816894531,71.3499984741211,68.50585174560547,1481900,0.0,0.0
2019-05-22,70.80000305175781,71.61699676513672,70.31999969482422,70.62000274658203,67.80496215820312,2044800,0.0,0.0
2019-05-23,69.80000305175781,70.61000061035156,68.68000030517578,69.36000061035156,66.59517669677734,1847400,0.0,0.0
2019-05-24,69.62000274658203,70.52999877929688,68.77999877929688,69.26000213623047,66.49917602539062,1161700,0.0,0.0
2019-05-28,69.68000030517578,70.95999908447266,69.41000366210938,70.06999969482422,67.27687072753906,1219500,0.0,0.0
2019-05-29,69.0199966430664,70.11000061035156,68.16999816894531,69.31999969482422,66.55677032470703,1608000,0.0,0.0
2019-05-30,69.63999938964844,70.23999786376953,68.94999694824219,69.66999816894531,66.89281463623047,1194800,0.0,0.0
2019-05-31,68.87000274658203,69.12100219726562,68.1500015258789,68.6500015258789,65.91348266601562,958400,0.0,0.0
2019-06-03,68.27999877929688,68.91999816894531,65.37000274658203,65.81999969482422,63.1962890625,2284600,0.0,0.0
2019-06-04,66.23999786376953,68.55000305175781,65.94000244140625,68.45999908447266,65.7310562133789,1810000,0.0,0.0
2019-06-05,69.13999938964844,71.4800033569336,69.12000274658203,71.33999633789062,68.49624633789062,1498500,0.0,0.0
2019-06-06,71.47000122070312,71.98999786376953,69.7699966430664,70.7300033569336,67.91056823730469,1004400,0.0,0.0
2019-06-07,70.7300033569336,72.81999969482422,70.51000213623047,70.98999786376953,68.16020965576172,1416700,0.0,0.0
2019-06-10,71.66999816894531,73.19999694824219,70.12999725341797,70.33000183105469,67.52651977539062,1148800,0.0,0.0
2019-06-11,70.93000030517578,71.97000122070312,69.05000305175781,70.16000366210938,67.3633041381836,893200,0.0,0.0
2019-06-12,69.7699966430664,71.87999725341797,69.6500015258789,71.77999877929688,68.91870880126953,920400,0.0,0.0
2019-06-13,72.13999938964844,73.44999694824219,71.75,72.56999969482422,69.6772232055664,1087400,0.0,0.0
2019-06-14,72.97000122070312,72.97000122070312,71.20999908447266,72.08999633789062,69.21634674072266,831600,0.0,0.0
2019-06-17,72.16000366210938,73.68000030517578,71.7699966430664,72.52999877929688,69.6388168334961,834700,0.0,0.0
2019-06-18,73.16000366210938,73.91000366210938,71.58000183105469,71.75,68.88990783691406,880000,0.0,0.0
2019-06-19,71.66999816894531,71.7300033569336,67.91999816894531,70.33999633789062,67.53610229492188,2682700,0.0,0.0
2019-06-20,70.9800033569336,72.27999877929688,69.01499938964844,69.19999694824219,66.44155883789062,2023000,0.0,0.0
2019-06-21,68.62999725341797,68.69999694824219,65.45999908447266,66.79000091552734,64.12763214111328,2094000,0.0,0.0
2019-06-24,67.30000305175781,72.05500030517578,67.27999877929688,71.4800033569336,68.63067626953125,3907800,0.0,0.0
2019-06-25,71.19000244140625,71.44999694824219,66.88999938964844,67.11000061035156,64.43486785888672,2487100,0.0,0.0
2019-06-26,68.12999725341797,68.75,65.5,66.66000366210938,64.0028076171875,2518200,0.0,0.0
2019-06-27,66.87999725341797,69.04000091552734,66.7699966430664,68.2300033569336,65.5102310180664,1196800,0.0,0.0
2019-06-28,68.12000274658203,68.79000091552734,67.19000244140625,67.2699966430664,64.58848571777344,1753500,0.0,0.0
2019-07-01,68.5999984741211,69.67500305175781,68.0199966430664,68.91000366210938,66.16311645507812,1222000,0.0,0.0
2019-07-02,68.77999877929688,69.81999969482422,67.93900299072266,69.69999694824219,66.92161560058594,1143200,0.0,0.0
2019-07-03,70.37999725341797,72.08000183105469,70.0199966430664,71.54000091552734,68.68828582763672,1183000,0.0,0.0
2019-07-05,71.12999725341797,72.91999816894531,70.5999984741211,72.27999877929688,69.39878845214844,1369700,0.0,0.0
2019-07-08,71.87999725341797,71.87999725341797,69.7300033569336,70.69999694824219,67.88176727294922,1239500,0.0,0.0
2019-07-09,70.51000213623047,72.802001953125,70.42500305175781,72.0999984741211,69.2259521484375,1044800,0.0,0.0
2019-07-10,72.5199966430664,74.12000274658203,71.20999908447266,73.30000305175781,70.37811279296875,1270200,0.0,0.0
2019-07-11,73.86000061035156,74.0,71.55999755859375,72.2300033569336,69.35078430175781,840100,0.0,0.0
2019-07-12,71.83999633789062,73.12999725341797,71.01000213623047,73.02999877929688,70.11888885498047,893500,0.0,0.0
2019-07-15,73.13999938964844,73.80999755859375,72.80000305175781,73.08000183105469,70.1668930053711,896400,0.0,0.0
2019-07-16,73.1500015258789,75.0,71.77999877929688,72.29000091552734,69.40837097167969,2136300,0.0,0.0
2019-07-17,72.41999816894531,74.30500030517578,71.88999938964844,73.13999938964844,70.22450256347656,1029000,0.0,0.0
2019-07-18,73.55000305175781,77.4800033569336,73.3499984741211,76.45999908447266,73.41215515136719,3095100,0.0,0.0
2019-07-19,77.33000183105469,79.30000305175781,75.69000244140625,76.0199966430664,72.98969268798828,2385800,0.0,0.0
2019-07-22,76.30000305175781,77.79000091552734,76.22000122070312,76.79000091552734,73.72901153564453,1243800,0.0,0.0
2019-07-23,76.94999694824219,77.29000091552734,75.16999816894531,76.33999633789062,73.29694366455078,1425500,0.0,0.0
2019-07-24,76.47000122070312,78.41999816894531,76.37000274658203,78.02999877929688,74.91958618164062,911400,0.0,0.0
2019-07-25,77.97000122070312,78.81999969482422,77.11000061035156,77.69999694824219,74.60273742675781,1024200,0.0,0.0
2019-07-26,76.61000061035156,78.0999984741211,75.44000244140625,77.19000244140625,74.11306762695312,1262200,0.0,0.0
2019-07-29,77.36000061035156,77.5199966430664,75.22000122070312,76.54000091552734,73.48897552490234,820400,0.0,0.0
2019-07-30,76.26000213623047,76.30999755859375,74.75,75.05000305175781,72.0583724975586,793900,0.0,0.0
2019-07-31,75.41000366210938,76.26000213623047,73.2300033569336,75.29000091552734,72.28880310058594,1161400,0.0,0.0
2019-08-01,75.37999725341797,77.65499877929688,74.94999694824219,75.44000244140625,72.43282318115234,1335900,0.0,0.0
2019-08-02,75.36000061035156,76.86000061035156,74.63999938964844,75.19000244140625,72.19277954101562,1553800,0.0,0.0
2019-08-05,73.0,73.16000366210938,69.86000061035156,71.41000366210938,68.56346130371094,2635200,0.0,0.0
2019-08-06,72.29000091552734,74.58000183105469,72.29000091552734,73.91000366210938,70.96380615234375,3467900,0.0,0.0
2019-08-07,85.47000122070312,95.31800079345703,82.31999969482422,91.7699966430664,88.11186218261719,14540200,0.0,0.0
2019-08-08,89.5,89.5,85.0999984741211,87.16999816894531,83.69523620605469,8717300,0.0,0.0
2019-08-09,87.23999786376953,87.55000305175781,82.23999786376953,85.62999725341797,82.21662902832031,3286000,0.0,0.0
2019-08-12,85.58999633789062,85.88999938964844,79.81999969482422,82.63999938964844,79.3458023071289,3636700,0.0,0.0
2019-08-13,82.5,84.94000244140625,80.33000183105469,80.5999984741211,77.38713073730469,3119700,0.0,0.0
2019-08-14,79.66000366210938,80.76899719238281,77.87000274658203,79.52999877929688,76.35977935791016,2637300,0.0,0.0
2019-08-15,81.81999969482422,82.91000366210938,80.01000213623047,82.47000122070312,79.18258666992188,2503800,0.0,0.0
2019-08-16,83.25,84.80000305175781,83.06999969482422,84.51000213623047,81.14126586914062,2076400,0.0,0.0
2019-08-19,85.19999694824219,85.5,81.13999938964844,82.91999816894531,79.6146469116211,2019700,0.0,0.0
2019-08-20,82.8499984741211,83.7699966430664,81.77999877929688,83.16999816894531,79.85468292236328,1524600,0.0,0.0
2019-08-21,84.12999725341797,85.5999984741211,83.44999694824219,85.3499984741211,81.94778442382812,1707300,0.0,0.0
2019-08-22,85.54000091552734,86.83000183105469,84.63999938964844,86.4800033569336,83.03274536132812,2133400,0.0,0.0
2019-08-23,86.0999984741211,87.51000213623047,85.15499877929688,85.45999908447266,82.05340576171875,1940100,0.0,0.0
2019-08-26,86.44999694824219,87.0,84.08000183105469,85.93000030517578,82.50466918945312,1592400,0.0,0.0
2019-08-27,86.88999938964844,87.38999938964844,84.41999816894531,84.83000183105469,81.44851684570312,1796500,0.0,0.0
2019-08-28,84.38999938964844,85.34500122070312,83.06999969482422,85.0,81.61174011230469,1353400,0.0,0.0
2019-08-29,85.66999816894531,86.1500015258789,83.80000305175781,85.5999984741211,82.18782043457031,1413800,0.0,0.0
2019-08-30,85.88999938964844,86.19000244140625,83.95999908447266,84.80000305175781,81.41972351074219,1165500,0.0,0.0
2019-09-03,84.80000305175781,85.75,83.36000061035156,83.9800033569336,80.63240051269531,1356500,0.0,0.0
2019-09-04,84.87000274658203,86.05999755859375,84.0999984741211,85.63999938964844,82.22622680664062,1907300,0.0,0.0
2019-09-05,88.55000305175781,89.38200378417969,79.5199966430664,81.73999786376953,78.481689453125,7771700,0.0,0.0
2019-09-06,81.61000061035156,82.63999938964844,79.5199966430664,81.47000122070312,78.22244262695312,1962700,0.0,0.0
2019-09-09,82.0,82.4000015258789,77.33999633789062,77.95999908447266,74.85236358642578,2471600,0.0,0.0
2019-09-10,76.25,78.61000061035156,75.12000274658203,75.54000091552734,72.52883911132812,2741200,0.0,0.0
2019-09-11,75.43000030517578,77.7699966430664,74.19000244140625,74.83000183105469,71.84713745117188,2225000,0.0,0.0
2019-09-12,75.6500015258789,77.36000061035156,75.52999877929688,76.16999816894531,73.13372039794922,1756700,0.0,0.0
2019-09-13,75.81999969482422,77.05000305175781,74.6500015258789,74.93000030517578,71.94314575195312,1332100,0.0,0.0
2019-09-16,73.48999786376953,76.79000091552734,72.0,76.61000061035156,73.55618286132812,1859300,0.0,0.0
2019-09-17,78.01000213623047,79.8949966430664,76.91999816894531,79.70999908447266,76.5326156616211,2174000,0.0,0.0
2019-09-18,80.0,80.0,76.80999755859375,79.16000366210938,76.00453186035156,1836400,0.0,0.0
2019-09-19,79.91999816894531,81.11000061035156,78.41000366210938,79.23999786376953,76.08133697509766,1323700,0.0,0.0
2019-09-20,79.36000061035156,80.1500015258789,77.51000213623047,78.68000030517578,75.54367065429688,1908500,0.0,0.0
2019-09-23,78.62000274658203,78.9000015258789,77.83999633789062,78.16000366210938,75.04439544677734,926700,0.0,0.0
2019-09-24,78.62000274658203,79.05000305175781,71.97000122070312,72.83000183105469,69.9268569946289,3326500,0.0,0.0
2019-09-25,72.25,74.54000091552734,66.56999969482422,71.44000244140625,68.59225463867188,8097200,0.0,0.0
2019-09-26,70.2699966430664,72.1500015258789,69.53500366210938,71.44000244140625,68.59225463867188,1905600,0.0,0.0
2019-09-27,73.7300033569336,74.1500015258789,71.0199966430664,72.41000366210938,69.52359771728516,1896000,0.0,0.0
2019-09-30,71.95999908447266,72.87000274658203,70.08000183105469,71.44000244140625,68.59225463867188,1919000,0.0,0.0
2019-10-01,71.29000091552734,73.66000366210938,71.0999984741211,72.95999908447266,70.05167388916016,1911000,0.0,0.0
2019-10-02,71.69000244140625,72.66000366210938,69.93000030517578,72.37000274658203,69.48519134521484,1274000,0.0,0.0
2019-10-03,71.87999725341797,75.20999908447266,71.87999725341797,75.0,72.01036071777344,2725700,0.0,0.0
2019-10-04,74.69999694824219,75.73999786376953,73.71399688720703,74.43000030517578,71.46308135986328,1409500,0.0,0.0
2019-10-07,77.01000213623047,78.30999755859375,75.70999908447266,77.97000122070312,74.86197662353516,3952400,0.0,0.0
2019-10-08,76.81999969482422,77.5,75.05999755859375,75.54000091552734,72.52883911132812,1744000,0.0,0.0
2019-10-09,75.5999984741211,77.05999755859375,75.05999755859375,75.95999908447266,72.93209838867188,1185700,0.0,0.0
2019-10-10,77.30999755859375,78.19999694824219,75.31999969482422,76.0199966430664,72.98969268798828,1706600,0.0,0.0
2019-10-11,75.19999694824219,75.91999816894531,72.78099822998047,74.0999984741211,71.14623260498047,4789700,0.0,0.0
2019-10-14,74.05999755859375,74.62999725341797,72.3949966430664,74.0,71.05021667480469,1924800,0.0,0.0
2019-10-15,74.0,75.55000305175781,73.0,75.25,72.25040435791016,1607500,0.0,0.0
2019-10-16,75.16000366210938,76.62999725341797,74.02999877929688,76.62000274658203,73.56578826904297,1285400,0.0,0.0
2019-10-17,76.52999877929688,77.11000061035156,75.63999938964844,75.80000305175781,72.7784652709961,1139800,0.0,0.0
2019-10-18,75.83000183105469,76.19999694824219,71.5199966430664,71.55000305175781,68.69788360595703,1802900,0.0,0.0
2019-10-21,72.30000305175781,73.80999755859375,71.16000366210938,72.97000122070312,70.06128692626953,1405800,0.0,0.0
2019-10-22,72.88999938964844,73.16500091552734,71.01000213623047,71.27999877929688,68.43864440917969,1151300,0.0,0.0
2019-10-23,71.48999786376953,73.56999969482422,71.27999877929688,73.45999908447266,70.53174591064453,2061600,0.0,0.0
2019-10-24,73.58000183105469,74.77999877929688,72.55000305175781,73.86000061035156,70.9157943725586,1332700,0.0,0.0
2019-10-25,73.66000366210938,74.47000122070312,73.0510025024414,73.94000244140625,70.99261474609375,1025200,0.0,0.0
2019-10-28,74.04000091552734,74.572998046875,72.80999755859375,73.8499984741211,70.90618896484375,1086000,0.0,0.0
2019-10-29,74.0,75.43000030517578,72.70999908447266,72.79000091552734,69.8884506225586,1874800,0.0,0.0
2019-10-30,72.80000305175781,74.04000091552734,71.95999908447266,73.7300033569336,70.7909927368164,1161200,0.0,0.0
2019-10-31,73.77999877929688,74.91999816894531,72.87999725341797,72.98999786376953,70.08047485351562,1515200,0.0,0.0
2019-11-01,73.11000061035156,74.76000213623047,72.05999755859375,73.0,70.090087890625,2258400,0.0,0.0
2019-11-04,73.18000030517578,73.41999816894531,71.04000091552734,71.20999908447266,68.3714370727539,2773300,0.0,0.0
2019-11-05,71.22000122070312,72.13999938964844,68.7699966430664,68.7699966430664,66.0286865234375,5164500,0.0,0.0
2019-11-06,62.25,67.22000122070312,61.5,67.04000091552734,64.3676528930664,10380600,0.0,0.0
2019-11-07,68.30999755859375,71.30000305175781,68.30999755859375,69.69999694824219,66.92161560058594,5077700,0.0,0.0
2019-11-08,70.0199966430664,70.05999755859375,67.41999816894531,69.08000183105469,66.32633209228516,3704700,0.0,0.0
2019-11-11,68.79000091552734,69.25,68.27999877929688,68.69000244140625,65.9518814086914,1655700,0.0,0.0
2019-11-12,68.54000091552734,68.98999786376953,67.22000122070312,68.41000366210938,65.68304443359375,1797300,0.0,0.0
2019-11-13,67.98999786376953,69.13999938964844,67.8499984741211,68.69999694824219,65.96148681640625,977100,0.0,0.0
2019-11-14,68.05000305175781,69.5,67.70999908447266,69.37999725341797,66.6143798828125,1065300,0.0,0.0
2019-11-15,69.55000305175781,70.69999694824219,69.06999969482422,70.08000183105469,67.2864761352539,956200,0.0,0.0
2019-11-18,70.43000030517578,71.55999755859375,69.91500091552734,71.08999633789062,68.25621032714844,1050200,0.0,0.0
2019-11-19,70.91999816894531,71.87000274658203,70.85900115966797,71.86000061035156,68.99552917480469,1003600,0.0,0.0
2019-11-20,71.62000274658203,72.37999725341797,69.48999786376953,70.47000122070312,67.66093444824219,2121700,0.0,0.0
2019-11-21,70.37999725341797,72.5,70.02999877929688,70.04000091552734,67.24807739257812,1365100,0.0,0.0
2019-11-22,70.26000213623047,70.29000091552734,69.4000015258789,69.87000274658203,67.08484649658203,1169500,0.0,0.0
2019-11-25,70.0999984741211,70.45999908447266,68.80000305175781,69.27999877929688,66.51835632324219,1553500,0.0,0.0
2019-11-26,69.4000015258789,70.87999725341797,69.4000015258789,70.37000274658203,67.5649185180664,4038800,0.0,0.0
2019-11-27,70.37000274658203,70.54000091552734,69.69000244140625,70.1500015258789,67.35367584228516,1121300,0.0,0.0
2019-11-29,70.08000183105469,70.7300033569336,69.7699966430664,70.4800033569336,67.6705322265625,496400,0.0,0.0
2019-12-02,70.38999938964844,70.7300033569336,67.56999969482422,68.41999816894531,65.69264221191406,1723400,0.0,0.0
2019-12-03,66.9800033569336,68.37999725341797,66.66000366210938,68.26000213623047,65.53902435302734,1455600,0.0,0.0
2019-12-04,68.27999877929688,69.47000122070312,67.84500122070312,67.9800033569336,65.27019500732422,1481600,0.0,0.0
2019-12-05,67.94000244140625,68.72000122070312,67.6500015258789,68.12999725341797,65.4142074584961,896600,0.0,0.0
2019-12-06,68.16000366210938,68.41999816894531,66.94000244140625,67.87000274658203,65.1645736694336,1921300,0.0,0.0
2019-12-09,67.69000244140625,68.31999969482422,67.22000122070312,67.80999755859375,65.10696411132812,1702500,0.0,0.0
2019-12-10,67.95999908447266,69.05000305175781,67.7699966430664,68.25,65.52943420410156,1237900,0.0,0.0
2019-12-11,68.05000305175781,68.9000015258789,67.54000091552734,68.62000274658203,65.88467407226562,1332000,0.0,0.0
2019-12-12,68.52999877929688,69.51000213623047,68.20999908447266,69.08999633789062,66.3359375,2950900,0.0,0.0
2019-12-13,68.9800033569336,71.93000030517578,68.9800033569336,71.91000366210938,69.04354095458984,1954200,0.0,0.0
2019-12-16,72.16999816894531,73.03900146484375,71.36000061035156,72.30999755859375,69.42758178710938,2454600,0.0,0.0
2019-12-17,72.56999969482422,72.98999786376953,69.08000183105469,71.04000091552734,68.20820617675781,2878700,0.0,0.0
2019-12-18,71.23999786376953,72.2760009765625,70.91000366210938,71.23999786376953,68.4002456665039,2361600,0.0,0.0
2019-12-19,72.51000213623047,77.97000122070312,72.5,77.3499984741211,74.26667785644531,5882900,0.0,0.0
2019-12-20,77.79000091552734,81.27999877929688,76.6500015258789,79.86000061035156,76.67662811279297,4821900,0.0,0.0
2019-12-23,80.33999633789062,80.69999694824219,79.2699966430664,80.18000030517578,76.98387145996094,1771800,0.0,0.0
2019-12-24,80.20999908447266,81.73100280761719,80.20999908447266,80.94000244140625,77.71356964111328,565700,0.0,0.0
2019-12-26,80.94999694824219,82.55000305175781,80.3499984741211,82.51000213623047,79.22099304199219,1142900,0.0,0.0
2019-12-27,82.83000183105469,84.20999908447266,82.16000366210938,84.02999877929688,80.68040466308594,2299700,0.0,0.0
2019-12-30,83.91999816894531,83.91999816894531,81.58000183105469,82.9800033569336,79.67225646972656,1234100,0.0,0.0
2019-12-31,82.94000244140625,83.32499694824219,81.9800033569336,82.11000061035156,78.83694458007812,1176000,0.0,0.0
2020-01-02,82.7699966430664,84.79000091552734,82.70999908447266,84.19000244140625,80.83403015136719,1711400,0.0,0.0
2020-01-03,83.0,84.30000305175781,83.0,84.0999984741211,80.74762725830078,850900,0.0,0.0
2020-01-06,83.37999725341797,84.33000183105469,82.7699966430664,84.31999969482422,80.95884704589844,1568900,0.0,0.0
2020-01-07,84.16000366210938,84.62000274658203,83.25,83.81999969482422,80.47877502441406,1135500,0.0,0.0
2020-01-08,83.69999694824219,85.94000244140625,83.65499877929688,85.05000305175781,81.65975952148438,1853000,0.0,0.0
2020-01-09,85.93000030517578,87.08000183105469,85.36499786376953,85.75,82.33184814453125,1631200,0.0,0.0
2020-01-10,86.51000213623047,87.5,85.12999725341797,87.12999725341797,83.65684509277344,2000100,0.0,0.0
2020-01-13,87.98999786376953,91.37999725341797,87.61000061035156,89.58000183105469,86.00917053222656,3028400,0.0,0.0
2020-01-14,89.87000274658203,90.37000274658203,88.9000015258789,89.72000122070312,86.14358520507812,1547800,0.0,0.0
2020-01-15,89.97000122070312,91.9000015258789,89.75,91.0999984741211,87.46857452392578,1360700,0.0,0.0
2020-01-16,91.66999816894531,92.51000213623047,91.30999755859375,92.44999694824219,88.76476287841797,1334200,0.0,0.0
2020-01-17,91.9800033569336,92.36000061035156,90.22000122070312,91.11000061035156,87.4781723022461,2506700,0.0,0.0
2020-01-21,90.25,91.51000213623047,89.54000091552734,89.75,86.17239379882812,2426200,0.0,0.0
2020-01-22,90.25,91.31999969482422,89.30999755859375,89.55999755859375,85.98997497558594,1179500,0.0,0.0
2020-01-23,89.87999725341797,90.6500015258789,88.47000122070312,88.47000122070312,84.94342041015625,1718700,0.0,0.0
2020-01-24,88.79000091552734,89.48500061035156,85.47000122070312,85.56999969482422,82.15901184082031,1513600,0.0,0.0
2020-01-27,82.44000244140625,84.76000213623047,81.45999908447266,84.3499984741211,80.98765563964844,2481300,0.0,0.0
2020-01-28,84.91999816894531,85.29000091552734,83.91999816894531,83.95999908447266,80.61318969726562,1124400,0.0,0.0
2020-01-29,83.19000244140625,83.7699966430664,80.94000244140625,81.02999877929688,77.79999542236328,2181800,0.0,0.0
2020-01-30,80.56999969482422,81.08999633789062,79.91999816894531,81.05000305175781,77.81920623779297,1211500,0.0,0.0
2020-01-31,80.26000213623047,81.05999755859375,78.01000213623047,78.22000122070312,75.10200500488281,2034800,0.0,0.0
2020-02-03,78.2699966430664,80.72000122070312,78.23999786376953,80.72000122070312,77.50234985351562,2110700,0.0,0.0
2020-02-04,82.0,83.01000213623047,80.5199966430664,82.93000030517578,79.62423706054688,3134200,0.0,0.0
2020-02-05,80.05000305175781,81.37000274658203,75.23999786376953,76.0,72.97049713134766,7092200,0.0,0.0
2020-02-06,76.25,82.26000213623047,76.25,79.51000213623047,76.340576171875,7927200,0.0,0.0
2020-02-07,79.33000183105469,80.19999694824219,77.4000015258789,77.75,74.65074157714844,4869900,0.0,0.0
2020-02-10,77.27999877929688,78.0999984741211,75.68000030517578,75.80999755859375,72.78807067871094,1637100,0.0,0.0
2020-02-11,76.0199966430664,76.4000015258789,74.52999877929688,74.58000183105469,71.60709381103516,1786400,0.0,0.0
2020-02-12,74.54000091552734,75.70999908447266,73.01000213623047,75.5,72.49043273925781,2515600,0.0,0.0
2020-02-13,74.91000366210938,75.95999908447266,73.77999877929688,75.20999908447266,72.21198272705078,1652500,0.0,0.0
2020-02-14,75.30999755859375,77.08999633789062,75.08999633789062,76.5,73.4505615234375,2240600,0.0,0.0
2020-02-18,76.5,77.2300033569336,75.31500244140625,76.69999694824219,73.64258575439453,1822800,0.0,0.0
2020-02-19,77.30000305175781,77.63999938964844,75.88400268554688,75.91999816894531,72.89368438720703,1498900,0.0,0.0
2020-02-20,75.8499984741211,76.79000091552734,73.5999984741211,75.1500015258789,72.15436553955078,1640400,0.0,0.0
2020-02-21,74.88999938964844,74.9800033569336,72.80000305175781,73.5,70.57014465332031,1300100,0.0,0.0
2020-02-24,69.58999633789062,71.05999755859375,68.5999984741211,70.1500015258789,67.35367584228516,3283300,0.0,0.0
2020-02-25,70.38999938964844,70.91999816894531,67.2300033569336,67.75,65.04934692382812,2899400,0.0,0.0
2020-02-26,67.9800033569336,68.80999755859375,65.5199966430664,66.04000091552734,63.40751647949219,3753300,0.0,0.0
2020-02-27,63.83000183105469,66.91000366210938,63.130001068115234,64.80000305175781,62.216949462890625,3190200,0.0,0.0
2020-02-28,62.40999984741211,65.5,62.22999954223633,65.0,62.40897750854492,3133300,0.0,0.0
2020-03-02,65.0,68.20999908447266,63.529998779296875,68.13999938964844,65.42381286621094,3845400,0.0,0.0
2020-03-03,68.13999938964844,68.55999755859375,64.37999725341797,65.80000305175781,63.177093505859375,4149100,0.0,0.0
2020-03-04,67.05000305175781,68.80000305175781,65.36499786376953,68.05999755859375,65.34700012207031,2746600,0.0,0.0
2020-03-05,66.31999969482422,67.9800033569336,65.58000183105469,66.61000061035156,63.95479965209961,2368900,0.0,0.0
2020-03-06,64.52999877929688,65.58999633789062,62.97999954223633,65.55999755859375,62.9466552734375,2250500,0.0,0.0
2020-03-09,60.0,65.76000213623047,53.25,64.04000091552734,61.48724365234375,3394200,0.0,0.0
2020-03-10,65.23999786376953,66.37999725341797,63.04999923706055,65.81999969482422,63.1962890625,2054000,0.0,0.0
2020-03-11,64.30000305175781,65.02999877929688,61.689998626708984,63.02000045776367,60.507904052734375,2559500,0.0,0.0
2020-03-12,57.4900016784668,60.96500015258789,55.79999923706055,57.56999969482422,55.27515411376953,4206700,0.0,0.0
2020-03-13,59.599998474121094,60.79999923706055,55.619998931884766,60.470001220703125,58.0595588684082,3621800,0.0,0.0
2020-03-16,53.70000076293945,56.540000915527344,52.59000015258789,54.38999938964844,52.2219123840332,6139000,0.0,0.0
2020-03-17,55.0099983215332,58.099998474121094,51.790000915527344,57.02000045776367,54.7470703125,4437600,0.0,0.0
2020-03-18,53.11000061035156,55.90999984741211,47.27000045776367,52.0,49.927181243896484,3658800,0.0,0.0
2020-03-19,50.380001068115234,53.15999984741211,48.91999816894531,50.7599983215332,48.736610412597656,4080500,0.0,0.0
2020-03-20,51.68000030517578,52.939998626708984,47.310001373291016,47.349998474121094,45.46253967285156,4844400,0.0,0.0
2020-03-23,46.900001525878906,50.130001068115234,44.7400016784668,48.709999084472656,46.76832580566406,3854200,0.0,0.0
2020-03-24,50.70000076293945,58.33000183105469,50.70000076293945,57.86000061035156,55.5535888671875,4694200,0.0,0.0
2020-03-25,59.0,68.5,58.5,65.5999984741211,62.98505783081055,6023600,0.0,0.0
2020-03-26,65.5199966430664,73.25,61.97999954223633,63.58000183105469,61.04557800292969,4024200,0.0,0.0
2020-03-27,60.38999938964844,64.3499984741211,60.15999984741211,62.47999954223633,59.98942947387695,1972700,0.0,0.0
2020-03-30,62.22999954223633,67.69999694824219,62.22999954223633,66.66999816894531,64.01240539550781,2532000,0.0,0.0
2020-03-31,65.69999694824219,68.79000091552734,65.69999694824219,66.04000091552734,63.40751647949219,2132200,0.0,0.0
2020-04-01,64.12999725341797,64.97000122070312,60.41999816894531,61.61000061035156,59.15410614013672,2482200,0.0,0.0
2020-04-02,60.75,64.1500015258789,60.16999816894531,62.189998626708984,59.71098327636719,1281500,0.0,0.0
2020-04-03,62.529998779296875,64.76000213623047,62.209999084472656,63.70000076293945,61.160797119140625,1376600,0.0,0.0
2020-04-06,66.9800033569336,68.93000030517578,64.33000183105469,68.41000366210938,65.68304443359375,2098200,0.0,0.0
2020-04-07,70.6500015258789,71.95999908447266,67.7699966430664,70.18000030517578,67.38249206542969,3322000,0.0,0.0
2020-04-08,71.05999755859375,72.58499908447266,68.91000366210938,69.20999908447266,66.45115661621094,2119500,0.0,0.0
2020-04-09,70.30999755859375,71.0,66.66000366210938,68.11000061035156,65.39500427246094,2457700,0.0,0.0
2020-04-13,67.25,69.37000274658203,65.98999786376953,68.4800033569336,65.75025939941406,1897200,0.0,0.0
2020-04-14,69.58000183105469,74.12999725341797,69.58000183105469,73.26000213623047,70.3397216796875,2603700,0.0,0.0
2020-04-15,72.08000183105469,76.12999725341797,69.86000061035156,74.48999786376953,71.52067565917969,2884700,0.0,0.0
2020-04-16,75.69999694824219,80.40499877929688,75.08999633789062,78.87000274658203,75.72608947753906,3355600,0.0,0.0
2020-04-17,80.0,81.31999969482422,78.80999755859375,80.0,76.81105041503906,3055500,0.0,0.0
2020-04-20,79.2300033569336,83.58999633789062,78.94999694824219,80.02999877929688,76.83985137939453,2238900,0.0,0.0
2020-04-21,79.33000183105469,80.16999816894531,75.77999877929688,76.9000015258789,73.83462524414062,1337700,0.0,0.0
2020-04-22,78.12000274658203,80.80999755859375,77.51000213623047,80.02999877929688,76.83985137939453,1389600,0.0,0.0
2020-04-23,80.30999755859375,82.3550033569336,79.04000091552734,80.37999725341797,77.17589569091797,1355800,0.0,0.0
2020-04-24,80.98999786376953,81.81999969482422,79.66999816894531,81.2300033569336,77.99201202392578,1005300,0.0,0.0
2020-04-27,82.19999694824219,82.80999755859375,77.97000122070312,78.37999725341797,75.255615234375,1912400,0.0,0.0
2020-04-28,79.30999755859375,79.79000091552734,75.1500015258789,75.23999786376953,72.24078369140625,1865200,0.0,0.0
2020-04-29,76.61000061035156,80.61000061035156,76.25,79.58999633789062,76.41739654541016,1441200,0.0,0.0
2020-04-30,78.0,79.98999786376953,76.62999725341797,76.95999908447266,73.89222717285156,1624100,0.0,0.0
2020-05-01,75.62000274658203,77.05000305175781,74.38999938964844,74.63999938964844,71.66470336914062,1118800,0.0,0.0
2020-05-04,74.5199966430664,77.36000061035156,74.05799865722656,77.18000030517578,74.10345458984375,1879900,0.0,0.0
2020-05-05,78.5,81.04000091552734,78.0199966430664,80.0999984741211,76.90705871582031,1838900,0.0,0.0
2020-05-06,83.41000366210938,87.37999725341797,82.83999633789062,87.3499984741211,83.86805725097656,3125600,0.0,0.0
2020-05-07,88.5,90.0,82.37000274658203,82.62999725341797,79.3362045288086,3697400,0.0,0.0
2020-05-08,83.30000305175781,83.9800033569336,79.62999725341797,79.98999786376953,76.80144500732422,3118900,0.0,0.0
2020-05-11,79.30999755859375,81.30000305175781,79.03700256347656,79.94000244140625,76.7534408569336,3125600,0.0,0.0
2020-05-12,80.36000061035156,81.0,77.30000305175781,77.81999969482422,74.71795654296875,2485800,0.0,0.0
2020-05-13,77.70999908447266,78.44999694824219,72.27999877929688,74.75,71.77032470703125,2903000,0.0,0.0
2020-05-14,73.19999694824219,77.5999984741211,73.08499908447266,77.37000274658203,74.285888671875,1896500,0.0,0.0
2020-05-15,76.9800033569336,78.55999755859375,76.5,78.16999816894531,75.05398559570312,1760400,0.0,0.0
2020-05-18,80.0,84.18000030517578,79.2699966430664,83.5999984741211,80.26754760742188,2415400,0.0,0.0
2020-05-19,83.72000122070312,87.88500213623047,83.06999969482422,85.72000122070312,82.30303955078125,1602900,0.0,0.0
2020-05-20,86.30999755859375,87.48999786376953,83.44000244140625,84.63999938964844,81.2660903930664,1704800,0.0,0.0
2020-05-21,84.86000061035156,85.61000061035156,82.4800033569336,84.0,80.6515884399414,860800,0.0,0.0
2020-05-22,84.5999984741211,86.75,83.0999984741211,84.93000030517578,81.54452514648438,787400,0.0,0.0
2020-05-26,86.5,86.73999786376953,84.31999969482422,85.48999786376953,82.08219909667969,759000,0.0,0.0
2020-05-27,85.48999786376953,86.12000274658203,83.0999984741211,85.97000122070312,82.5430679321289,865200,0.0,0.0
2020-05-28,84.72000122070312,91.77200317382812,84.49199676513672,88.93000030517578,85.38509368896484,3033100,0.0,0.0
2020-05-29,89.87999725341797,90.25,87.72000122070312,89.04000091552734,85.4906997680664,1455500,0.0,0.0
2020-06-01,89.12000274658203,92.68000030517578,89.11000061035156,91.7300033569336,88.0734634399414,2150000,0.0,0.0
2020-06-02,93.77999877929688,94.56999969482422,90.76000213623047,94.36000061035156,90.5986328125,2081400,0.0,0.0
2020-06-03,94.37999725341797,95.57499694824219,91.81999969482422,94.01000213623047,90.2625732421875,1956600,0.0,0.0
2020-06-04,92.9000015258789,94.06999969482422,89.63999938964844,91.37999725341797,87.73741912841797,1865800,0.0,0.0
2020-06-05,91.54000091552734,92.5999984741211,89.41999816894531,90.08999633789062,86.49884033203125,1846100,0.0,0.0
2020-06-08,90.47000122070312,92.8499984741211,89.33999633789062,89.51000213623047,85.94196319580078,1797100,0.0,0.0
2020-06-09,90.3499984741211,90.48999786376953,87.51000213623047,89.69000244140625,86.11479187011719,2603400,0.0,0.0
2020-06-10,90.12999725341797,90.68000030517578,87.6500015258789,88.44999694824219,84.92420959472656,1993900,0.0,0.0
2020-06-11,84.97000122070312,86.69999694824219,82.56999969482422,85.68000030517578,82.2646255493164,2946400,0.0,0.0
2020-06-12,88.1500015258789,88.33999633789062,84.37000274658203,87.25,83.77204895019531,2381900,0.0,0.0
2020-06-15,86.0,88.56999969482422,85.48999786376953,88.33999633789062,84.81859588623047,2237700,0.0,0.0
2020-06-16,89.98999786376953,93.16000366210938,89.69000244140625,92.22000122070312,88.54393768310547,3362100,0.0,0.0
2020-06-17,92.93000030517578,94.80000305175781,91.62100219726562,94.47000122070312,90.70425415039062,2475600,0.0,0.0
2020-06-18,94.6500015258789,98.96499633789062,94.05999755859375,98.19999694824219,94.28556060791016,3093600,0.0,0.0
2020-06-19,99.18000030517578,99.43000030517578,95.20999908447266,95.7300033569336,91.91402435302734,3088100,0.0,0.0
2020-06-22,96.38999938964844,96.55999755859375,93.58000183105469,95.20999908447266,91.41475677490234,2031900,0.0,0.0
2020-06-23,96.06999969482422,99.72000122070312,94.6500015258789,98.61000061035156,94.67921447753906,2735300,0.0,0.0
2020-06-24,98.51000213623047,99.81999969482422,95.19999694824219,98.0199966430664,94.11273956298828,2307700,0.0,0.0
2020-06-25,97.62000274658203,100.25,97.33000183105469,98.94999694824219,95.00566101074219,1208500,0.0,0.0
2020-06-26,99.62000274658203,101.97000122070312,97.8499984741211,101.18000030517578,97.14677429199219,2957900,0.0,0.0
2020-06-29,101.0,106.44000244140625,100.66000366210938,106.0,101.77465057373047,4389500,0.0,0.0
2020-06-30,106.18000030517578,107.94999694824219,105.01000213623047,107.05000305175781,102.78278350830078,3499900,0.0,0.0
2020-07-01,106.0,107.43000030517578,94.01000213623047,105.66999816894531,101.45779418945312,12164800,0.0,3.502
2020-07-02,105.0999984741211,108.44999694824219,96.12000274658203,98.91999816894531,94.97686004638672,7160800,0.0,0.0
2020-07-06,100.0,100.52999877929688,93.23999786376953,94.69999694824219,90.92507934570312,13035100,0.0,0.0
2020-07-07,93.33999633789062,94.76000213623047,91.55999755859375,92.0,88.33270263671875,8123400,0.0,0.0
2020-07-08,92.0,95.87000274658203,91.51000213623047,94.19999694824219,90.44500732421875,4442200,0.0,0.0
2020-07-09,95.0,97.9000015258789,94.5,96.31999969482422,92.48049926757812,4778100,0.0,0.0
2020-07-10,96.87000274658203,102.1500015258789,96.4000015258789,100.38999938964844,96.38825988769531,4694000,0.0,0.0
2020-07-13,100.72000122070312,101.47000122070312,96.23999786376953,96.91999816894531,93.05658721923828,4708400,0.0,0.0
2020-07-14,95.37999725341797,99.17500305175781,94.4000015258789,97.93000030517578,94.02632904052734,6046800,0.0,0.0
2020-07-15,98.3499984741211,99.0,95.75,96.43000030517578,92.58612060546875,2853800,0.0,0.0
2020-07-16,95.54000091552734,95.80999755859375,93.5,94.45999908447266,90.69463348388672,2535600,0.0,0.0
2020-07-17,95.0999984741211,95.87000274658203,90.94999694824219,91.75,88.09265899658203,4195200,0.0,0.0
2020-07-20,91.70999908447266,98.9800033569336,91.45999908447266,97.16999816894531,93.29661560058594,6021600,0.0,0.0
2020-07-21,98.41000366210938,98.41000366210938,92.62000274658203,93.93000030517578,90.18578338623047,3217500,0.0,0.0
2020-07-22,94.0,96.0199966430664,92.91999816894531,93.37000274658203,89.64810180664062,2725400,0.0,0.0
2020-07-23,93.01000213623047,94.44000244140625,90.58999633789062,91.1500015258789,87.51659393310547,1632800,0.0,0.0
2020-07-24,89.98999786376953,91.80000305175781,87.55999755859375,90.36000061035156,86.7580795288086,2607300,0.0,0.0
2020-07-27,91.69000244140625,93.77999877929688,91.0,91.7699966430664,88.11186218261719,4018100,0.0,0.0
2020-07-28,91.51000213623047,101.9000015258789,91.51000213623047,98.44000244140625,94.51599884033203,7953500,0.0,0.0
2020-07-29,100.0,103.5,99.0,102.79000091552734,98.69259643554688,4459400,0.0,0.0
2020-07-30,101.98999786376953,104.33000183105469,100.58000183105469,102.3499984741211,98.27012634277344,3173300,0.0,0.0
2020-07-31,103.62999725341797,103.97000122070312,101.5469970703125,102.69999694824219,98.60618591308594,3006600,0.0,0.0
2020-08-03,103.77999877929688,110.86000061035156,103.06500244140625,110.40499877929688,106.0040512084961,4924600,0.0,0.0
2020-08-04,110.19999694824219,110.47000122070312,105.98999786376953,107.56999969482422,103.28205871582031,3174800,0.0,0.0
2020-08-05,119.0,123.0,115.30999755859375,120.70999908447266,115.89827728271484,6655200,0.0,0.0
2020-08-06,117.7300033569336,118.00499725341797,113.87999725341797,113.97000122070312,109.42693328857422,4489600,0.0,0.0
2020-08-07,114.44000244140625,116.25,113.02999877929688,115.87999725341797,111.26081085205078,2266800,0.0,0.0
2020-08-10,117.01000213623047,119.48999786376953,112.69000244140625,115.6500015258789,111.03997039794922,4572400,0.0,0.0
2020-08-11,115.37999725341797,118.38999938964844,114.87000274658203,115.5,110.89595794677734,2575300,0.0,0.0
2020-08-12,115.8499984741211,118.0,115.41999816894531,115.91999816894531,111.2992172241211,2197700,0.0,0.0
2020-08-13,118.25,118.25,116.69000244140625,117.44000244140625,112.75862121582031,2065400,0.0,0.0
2020-08-14,118.0,121.44000244140625,117.6500015258789,118.80000305175781,114.06440734863281,2219700,0.0,0.0
2020-08-17,118.80000305175781,119.79000091552734,113.55999755859375,114.1050033569336,109.55655670166016,4508000,0.0,0.0
2020-08-18,114.54000091552734,116.45999908447266,114.0999984741211,115.20999908447266,110.61750793457031,4318500,0.0,0.0
2020-08-19,114.81999969482422,118.46499633789062,113.94000244140625,114.1500015258789,109.59977722167969,4237500,0.0,0.0
2020-08-20,113.98999786376953,115.52999877929688,112.16000366210938,113.08000183105469,108.57241821289062,1695100,0.0,0.0
2020-08-21,113.54000091552734,114.69999694824219,112.40499877929688,112.55000305175781,108.06354522705078,2096400,0.0,0.0
2020-08-24,113.63999938964844,114.96299743652344,111.01000213623047,111.9000015258789,107.439453125,1650400,0.0,0.0
2020-08-25,110.77999877929688,112.5199966430664,109.55999755859375,112.27999877929688,107.80431365966797,1808400,0.0,0.0
2020-08-26,113.19999694824219,114.08000183105469,110.94999694824219,112.52999877929688,108.04434204101562,1651600,0.0,0.0
2020-08-27,112.44999694824219,113.2699966430664,111.33999633789062,111.52999877929688,107.08419799804688,2005900,0.0,0.0
2020-08-28,112.18000030517578,113.55999755859375,109.87000274658203,111.5,107.05540466308594,1343300,0.0,0.0
2020-08-31,111.48999786376953,112.25,110.44000244140625,111.68000030517578,107.22821807861328,2619500,0.0,0.0
2020-09-01,110.87000274658203,115.25,110.87000274658203,113.41000366210938,108.88926696777344,2799800,0.0,0.0
2020-09-02,114.69999694824219,117.62000274658203,112.87999725341797,117.48999786376953,112.80662536621094,3026700,0.0,0.0
2020-09-03,114.2300033569336,114.81999969482422,108.80999755859375,110.54000091552734,106.1336669921875,2414800,0.0,0.0
2020-09-04,108.51000213623047,110.94999694824219,102.08000183105469,105.94000244140625,101.71702575683594,3004000,0.0,0.0
2020-09-08,102.00499725341797,105.54499816894531,100.25,102.05999755859375,97.99169158935547,3918400,0.0,0.0
2020-09-09,104.48999786376953,106.6709976196289,102.12999725341797,105.55999755859375,101.3521728515625,2711100,0.0,0.0
2020-09-10,106.29000091552734,108.37000274658203,104.16999816894531,105.45999908447266,101.25617218017578,2005400,0.0,0.0
2020-09-11,106.86000061035156,106.86000061035156,101.6500015258789,103.6500015258789,99.51831817626953,2302400,0.0,0.0
2020-09-14,105.73999786376953,109.2699966430664,105.73999786376953,108.26000213623047,103.94454956054688,3473700,0.0,0.0
2020-09-15,109.94999694824219,111.66000366210938,108.70999908447266,110.9800033569336,106.55612182617188,2459900,0.0,0.0
2020-09-16,110.75,111.3949966430664,107.79000091552734,108.30000305175781,103.98295593261719,4088500,0.0,0.0
2020-09-17,107.94999694824219,108.45899963378906,105.6500015258789,107.55999755859375,103.27245330810547,2669000,0.0,0.0
2020-09-18,107.73999786376953,109.7699966430664,105.36000061035156,108.41000366210938,104.08857727050781,6138400,0.0,0.0
2020-09-21,106.08000183105469,107.25,104.20500183105469,106.8499984741211,102.59075927734375,2832300,0.0,0.0
2020-09-22,108.37999725341797,108.79000091552734,105.45999908447266,106.51000213623047,102.2643051147461,2665700,0.0,0.0
2020-09-23,106.94000244140625,107.25499725341797,102.41000366210938,102.88999938964844,98.78860473632812,2350200,0.0,0.0
2020-09-24,101.0199966430664,105.12999725341797,100.61000061035156,103.43000030517578,99.30708312988281,1661600,0.0,0.0
2020-09-25,103.58000183105469,107.52200317382812,102.7699966430664,105.75,101.53459930419922,1851700,0.0,0.0
2020-09-28,107.1500015258789,109.83999633789062,106.7750015258789,108.58999633789062,104.26139831542969,2435300,0.0,0.0
2020-09-29,108.22000122070312,109.37999725341797,106.62999725341797,109.12000274658203,104.77027130126953,3348000,0.0,0.0
2020-09-30,108.43000030517578,111.79000091552734,108.43000030517578,110.6500015258789,106.2392807006836,2413600,0.0,0.0
2020-10-01,112.2300033569336,116.58000183105469,111.12999725341797,116.20999908447266,111.57764434814453,2833600,0.0,0.0
2020-10-02,113.12999725341797,115.9000015258789,111.62999725341797,111.94000244140625,107.47785186767578,1664000,0.0,0.0
2020-10-05,112.98999786376953,115.1500015258789,111.68000030517578,114.05000305175781,109.50375366210938,1721600,0.0,0.0
2020-10-06,113.94000244140625,115.81999969482422,112.79000091552734,114.20999908447266,109.65736389160156,1685900,0.0,0.0
2020-10-07,114.58999633789062,115.48999786376953,112.125,114.5,109.93580627441406,2253900,0.0,0.0
2020-10-08,115.94999694824219,117.48999786376953,113.0999984741211,113.44999694824219,108.92766571044922,2589800,0.0,0.0
2020-10-09,113.63999938964844,114.4000015258789,111.66000366210938,112.37999725341797,107.90031433105469,1696700,0.0,0.0
2020-10-12,112.5,113.94000244140625,108.8499984741211,110.30000305175781,105.90323638916016,2160200,0.0,0.0
2020-10-13,112.0,113.4000015258789,110.38999938964844,111.16000366210938,106.72895812988281,2181600,0.0,0.0
2020-10-14,111.87000274658203,112.50499725341797,109.27999877929688,109.7699966430664,105.39435577392578,1439400,0.0,0.0
2020-10-15,108.19999694824219,112.10399627685547,107.05000305175781,111.16999816894531,106.7385482788086,1754500,0.0,0.0
2020-10-16,112.55999755859375,113.06999969482422,110.41999816894531,112.20999908447266,107.73709106445312,1485600,0.0,0.0
2020-10-19,112.29000091552734,115.6050033569336,111.58999633789062,113.0,108.49559783935547,1942000,0.0,0.0
2020-10-20,113.66999816894531,116.56500244140625,113.22000122070312,114.86000061035156,110.28146362304688,1637400,0.0,0.0
2020-10-21,116.25,119.31999969482422,115.58999633789062,118.05999755859375,113.35388946533203,2156300,0.0,0.0
2020-10-22,117.66999816894531,118.11000061035156,114.51300048828125,116.72000122070312,112.06732177734375,1548300,0.0,0.0
2020-10-23,118.06999969482422,120.37999725341797,116.52999877929688,120.30000305175781,115.50462341308594,1197600,0.0,0.0
2020-10-26,118.69000244140625,122.0,117.65299987792969,119.26000213623047,114.50606536865234,1945700,0.0,0.0
2020-10-27,119.41000366210938,127.41999816894531,119.30999755859375,125.77999877929688,120.76616668701172,3451300,0.0,0.0
2020-10-28,123.05000305175781,123.44999694824219,118.12999725341797,118.5199966430664,113.79557037353516,2030400,0.0,0.0
2020-10-29,119.52999877929688,123.69000244140625,119.0,122.12000274658203,117.2520751953125,1622300,0.0,0.0
2020-10-30,121.37000274658203,123.2699966430664,116.23999786376953,116.77999877929688,112.12491607666016,2146500,0.0,0.0
2020-11-02,117.51000213623047,121.3499984741211,116.2300033569336,118.9800033569336,114.23722839355469,2766500,0.0,0.0
2020-11-03,119.33999633789062,123.2300033569336,117.68000030517578,121.62999725341797,116.7815933227539,3386600,0.0,0.0
2020-11-04,124.68000030517578,129.30999755859375,122.27999877929688,128.69000244140625,123.5601806640625,4101800,0.0,0.0
2020-11-05,132.0,138.5,129.13999938964844,134.97000122070312,129.58982849121094,5816700,0.0,0.0
2020-11-06,134.58999633789062,136.2100067138672,130.1999969482422,132.55999755859375,127.2759017944336,2951500,0.0,0.0
2020-11-09,136.63699340820312,141.80499267578125,134.14999389648438,137.22000122070312,131.7501678466797,4233300,0.0,0.0
2020-11-10,137.1300048828125,139.25999450683594,131.27999877929688,132.22000122070312,126.94947814941406,3009600,0.0,0.0
2020-11-11,133.6699981689453,137.36000061035156,133.07000732421875,133.41000366210938,128.09201049804688,1377500,0.0,0.0
2020-11-12,133.05999755859375,135.60000610351562,130.3800048828125,131.25999450683594,126.0277328491211,1472800,0.0,0.0
2020-11-13,131.1199951171875,132.75,129.3800048828125,131.60000610351562,126.35418701171875,1280800,0.0,0.0
2020-11-16,133.75,137.22000122070312,132.01499938964844,134.8300018310547,129.4553985595703,2093000,0.0,0.0
2020-11-17,134.57000732421875,135.17999267578125,130.72000122070312,131.35000610351562,126.11415100097656,2164300,0.0,0.0
2020-11-18,133.75,134.10000610351562,129.61000061035156,131.35000610351562,126.11415100097656,1040800,0.0,0.0
2020-11-19,131.19000244140625,135.15499877929688,130.1999969482422,132.30999755859375,127.03585815429688,1168500,0.0,0.0
2020-11-20,131.9199981689453,135.0,130.3300018310547,130.57000732421875,125.36524200439453,1515500,0.0,0.0
2020-11-23,131.07000732421875,139.07000732421875,131.07000732421875,138.22999572753906,132.71987915039062,2321700,0.0,0.0
2020-11-24,137.64999389648438,138.94000244140625,135.0800018310547,138.6699981689453,133.14234924316406,2019700,0.0,0.0
2020-11-25,139.33999633789062,141.6300048828125,136.8699951171875,139.00999450683594,133.4687957763672,1478500,0.0,0.0
2020-11-27,139.16000366210938,143.08999633789062,137.8800048828125,139.6300048828125,134.0640869140625,931400,0.0,0.0
2020-11-30,139.11000061035156,139.78500366210938,135.30299377441406,139.2100067138672,133.6608428955078,2222200,0.0,0.0
2020-12-01,141.2100067138672,143.82000732421875,140.82000732421875,143.30999755859375,137.59739685058594,2084400,0.0,0.0
2020-12-02,142.10000610351562,142.10000610351562,137.38999938964844,138.92999267578125,133.3919677734375,1582700,0.0,0.0
2020-12-03,138.0800018310547,142.7899932861328,138.0,140.13999938964844,134.55374145507812,1650800,0.0,0.0
2020-12-04,139.72000122070312,146.1300048828125,139.6999969482422,145.38999938964844,139.59446716308594,2359600,0.0,0.0
2020-12-07,144.30999755859375,146.66000366210938,142.8000030517578,146.07000732421875,140.2473907470703,1350400,0.0,0.0
2020-12-08,146.55999755859375,147.39999389648438,144.02999877929688,145.4199981689453,139.62327575683594,1226100,0.0,0.0
2020-12-09,146.6300048828125,148.64500427246094,142.66000366210938,143.52000427246094,137.79904174804688,2018000,0.0,0.0
2020-12-10,143.14999389648438,148.08999633789062,141.63999938964844,147.32000732421875,141.44754028320312,2535500,0.0,0.0
2020-12-11,146.80999755859375,148.5,144.75999450683594,148.11000061035156,142.20603942871094,1933600,0.0,0.0
2020-12-14,149.60000610351562,150.5500030517578,144.64999389648438,144.80999755859375,139.03759765625,2522100,0.0,0.0
2020-12-15,146.5,151.17999267578125,145.64999389648438,150.83999633789062,144.82723999023438,2478400,0.0,0.0
2020-12-16,152.75,154.89999389648438,151.61000061035156,153.89999389648438,147.7652587890625,2403100,0.0,0.0
2020-12-17,155.0,159.52999877929688,148.38999938964844,148.75,142.820556640625,4123900,0.0,0.0
2020-12-18,150.92999267578125,157.22000122070312,150.0,155.07000732421875,148.88861083984375,10984000,0.0,0.0
2020-12-21,152.25999450683594,155.52999877929688,148.67999267578125,154.14999389648438,148.00527954101562,2188700,0.0,0.0
2020-12-22,153.91000366210938,158.39999389648438,153.2899932861328,156.1199951171875,149.8967742919922,1754100,0.0,0.0
2020-12-23,157.57000732421875,157.57000732421875,153.16000366210938,153.38999938964844,147.2755889892578,1090300,0.0,0.0
2020-12-24,153.0399932861328,154.14999389648438,151.33999633789062,152.0800018310547,146.01780700683594,1111700,0.0,0.0
2020-12-28,153.63999938964844,154.7449951171875,146.80999755859375,150.0800018310547,144.0975341796875,2549100,0.0,0.0
2020-12-29,151.0,151.1999969482422,148.24000549316406,150.22000122070312,144.23194885253906,1425500,0.0,0.0
2020-12-30,152.1999969482422,152.66000366210938,150.3000030517578,152.0,145.9409942626953,816600,0.0,0.0
2020-12-31,152.25,152.69000244140625,149.2050018310547,151.19000244140625,145.16329956054688,1555300,0.0,0.0
2021-01-04,153.30999755859375,153.99000549316406,147.30999755859375,149.9199981689453,143.94390869140625,1758900,0.0,0.0
2021-01-05,148.5399932861328,151.83999633789062,148.42999267578125,150.2899932861328,144.2991485595703,860300,0.0,0.0
2021-01-06,147.6999969482422,150.5399932861328,147.16000366210938,148.80999755859375,142.878173828125,1807000,0.0,0.0
2021-01-07,149.49000549316406,153.07000732421875,149.4600067138672,152.86000061035156,146.76670837402344,1785700,0.0,0.0
2021-01-08,154.1999969482422,154.75,148.75399780273438,151.7899932861328,145.73936462402344,1226600,0.0,0.0
2021-01-11,151.6199951171875,153.58999633789062,148.27000427246094,151.89999389648438,145.844970703125,1619800,0.0,0.0
2021-01-12,152.0,154.1699981689453,150.72999572753906,153.57000732421875,147.4484100341797,1310600,0.0,0.0
2021-01-13,154.0,159.85000610351562,153.5800018310547,155.02000427246094,148.84059143066406,2148900,0.0,0.0
2021-01-14,156.7899932861328,158.22000122070312,148.02999877929688,149.0500030517578,143.1085968017578,1907100,0.0,0.0
2021-01-15,149.07000732421875,152.16000366210938,145.08999633789062,150.85000610351562,144.8368377685547,2543800,0.0,0.0
2021-01-19,151.5,152.14999389648438,144.00999450683594,146.13999938964844,140.3145751953125,3839500,0.0,0.0
2021-01-20,147.25999450683594,148.60000610351562,146.19000244140625,147.6300048828125,141.74517822265625,2675600,0.0,0.0
2021-01-21,148.58999633789062,149.50100708007812,143.36000061035156,144.49000549316406,138.73036193847656,1965000,0.0,0.0
2021-01-22,143.0,144.17999267578125,139.5500030517578,141.0,135.37950134277344,3146600,0.0,0.0
2021-01-25,141.58999633789062,142.3800048828125,133.36000061035156,139.4199981689453,133.8624725341797,5523200,0.0,0.0
2021-01-26,139.4199981689453,142.39999389648438,137.552001953125,138.4199981689453,132.90231323242188,2080800,0.0,0.0
2021-01-27,135.74000549316406,137.66000366210938,130.0,131.5500030517578,126.30618286132812,3581500,0.0,0.0
2021-01-28,132.38999938964844,146.78700256347656,132.1999969482422,141.52000427246094,135.8787384033203,3649900,0.0,0.0
2021-01-29,141.17999267578125,143.1999969482422,137.16000366210938,139.86000061035156,134.284912109375,3206000,0.0,0.0
2021-02-01,142.41000366210938,146.5500030517578,141.30499267578125,145.9499969482422,140.1321563720703,2040400,0.0,0.0
2021-02-02,149.1999969482422,150.35000610351562,146.39999389648438,150.08999633789062,144.1071319580078,2767000,0.0,0.0
2021-02-03,146.0,147.9199981689453,137.5800018310547,138.1199951171875,132.6142578125,8964200,0.0,0.0
2021-02-04,141.77000427246094,150.86000061035156,141.1999969482422,150.6300048828125,144.6256103515625,4898100,0.0,0.0
2021-02-05,151.4600067138672,159.99000549316406,149.6999969482422,159.82000732421875,153.4492645263672,3532600,0.0,0.0
2021-02-08,160.1699981689453,162.96499633789062,156.77000427246094,159.0,152.66195678710938,4194200,0.0,0.0
2021-02-09,159.0,160.77000427246094,154.02999877929688,158.8699951171875,152.53713989257812,4695100,0.0,0.0
2021-02-10,165.60000610351562,173.5399932861328,162.52499389648438,171.07000732421875,164.25083923339844,4873600,0.0,0.0
2021-02-11,171.02000427246094,174.67999267578125,167.1999969482422,172.1300048828125,165.26858520507812,4892000,0.0,0.0
2021-02-12,172.16000366210938,172.34500122070312,166.85000610351562,169.52999877929688,162.77220153808594,2186500,0.0,0.0
2021-02-16,170.64999389648438,171.10000610351562,164.4600067138672,164.86000061035156,158.28836059570312,1958300,0.0,0.0
2021-02-17,162.14999389648438,163.88999938964844,159.5399932861328,160.8000030517578,154.39019775390625,2289800,0.0,0.0
2021-02-18,159.0399932861328,163.39999389648438,156.27999877929688,162.24000549316406,155.7728271484375,2404500,0.0,0.0
2021-02-19,164.02200317382812,164.02200317382812,160.0,160.9499969482422,154.53424072265625,2652200,0.0,0.0
2021-02-22,159.8300018310547,160.47999572753906,155.8800048828125,156.7100067138672,150.46324157714844,3261500,0.0,0.0
2021-02-23,155.42999267578125,161.96600341796875,151.14999389648438,161.3300018310547,154.8990936279297,2675700,0.0,0.0
2021-02-24,160.00999450683594,161.89999389648438,157.27999877929688,160.7899932861328,154.380615234375,2360700,0.0,0.0
2021-02-25,159.75,161.85000610351562,151.08999633789062,151.72000122070312,145.67214965820312,2820000,0.0,0.0
2021-02-26,152.9199981689453,154.35000610351562,146.48500061035156,152.85000610351562,146.7571258544922,3297200,0.0,0.0
2021-03-01,157.8699951171875,157.8699951171875,153.8800048828125,156.52000427246094,150.2808074951172,1867200,0.0,0.0
2021-03-02,156.99000549316406,157.36300659179688,152.1300048828125,152.50999450683594,146.43064880371094,1944100,0.0,0.0
2021-03-03,151.47999572753906,152.72000122070312,146.1219940185547,147.33999633789062,141.4667510986328,1838100,0.0,0.0
2021-03-04,146.22999572753906,149.22000122070312,140.00999450683594,143.66000366210938,137.9334259033203,3265300,0.0,0.0
2021-03-05,149.00999450683594,149.00999450683594,142.17999267578125,146.2899932861328,140.45858764648438,5159300,0.0,0.0
2021-03-08,146.3000030517578,148.97000122070312,143.4949951171875,145.55999755859375,139.75770568847656,3837400,0.0,0.0
2021-03-09,148.85000610351562,154.30999755859375,148.85000610351562,152.11000061035156,146.04661560058594,2276100,0.0,0.0
2021-03-10,152.8699951171875,154.2899932861328,144.875,146.85000610351562,140.99627685546875,1954500,0.0,0.0
2021-03-11,150.97000122070312,157.89999389648438,150.52000427246094,155.35000610351562,149.157470703125,2235100,0.0,0.0
2021-03-12,154.22999572753906,155.0,149.33999633789062,153.3800048828125,147.2659912109375,1643200,0.0,0.0
2021-03-15,152.5,156.5500030517578,151.80999755859375,153.92999267578125,147.79405212402344,1570700,0.0,0.0
2021-03-16,155.72000122070312,157.4600067138672,152.13999938964844,154.19000244140625,148.043701171875,1486300,0.0,0.0
2021-03-17,151.42999267578125,156.50999450683594,150.25,154.41000366210938,148.25491333007812,1424800,0.0,0.0
2021-03-18,151.41000366210938,152.3000030517578,146.3300018310547,147.13999938964844,141.2747039794922,2000900,0.0,0.0
2021-03-19,147.8800048828125,153.83999633789062,146.36000061035156,152.6999969482422,146.61306762695312,3207400,0.0,0.0
2021-03-22,153.3699951171875,156.05999755859375,151.83999633789062,154.88999938964844,148.71578979492188,1505400,0.0,0.0
2021-03-23,154.5399932861328,156.2899932861328,145.85499572753906,145.88999938964844,140.0745391845703,2424300,0.0,0.0
2021-03-24,146.7899932861328,147.0500030517578,139.2100067138672,139.8000030517578,134.22731018066406,2316000,0.0,0.0
2021-03-25,138.13999938964844,139.0800018310547,133.27000427246094,134.60000610351562,129.23458862304688,3247100,0.0,0.0
2021-03-26,134.50999450683594,138.36000061035156,132.32000732421875,138.27000427246094,132.75827026367188,2608600,0.0,0.0
2021-03-29,137.60000610351562,138.6999969482422,131.8000030517578,133.14999389648438,127.84239196777344,2671300,0.0,0.0
2021-03-30,132.44000244140625,132.5800018310547,129.67999267578125,131.47999572753906,126.23894500732422,2386500,0.0,0.0
2021-03-31,133.32000732421875,139.75,133.32000732421875,137.3800048828125,131.9037628173828,2868200,0.0,0.0
2021-04-01,139.5399932861328,144.8000030517578,139.5,142.66000366210938,136.97329711914062,2330300,0.0,0.0
2021-04-05,142.22999572753906,144.75999450683594,140.6300048828125,144.14999389648438,138.40390014648438,1403900,0.0,0.0
2021-04-06,144.38999938964844,144.97000122070312,141.89999389648438,143.13999938964844,137.43418884277344,1319500,0.0,0.0
2021-04-07,142.88999938964844,142.89999389648438,140.07000732421875,141.86000061035156,136.20518493652344,1249600,0.0,0.0
2021-04-08,143.9499969482422,145.66000366210938,141.07000732421875,145.5500030517578,139.7480926513672,2715100,0.0,0.0
2021-04-09,144.3300018310547,144.75999450683594,141.48500061035156,143.8699951171875,138.13507080078125,1425300,0.0,0.0
2021-04-12,145.55999755859375,148.94000244140625,143.5399932861328,144.52999877929688,138.76876831054688,1448600,0.0,0.0
2021-04-13,142.36000061035156,146.94000244140625,142.36000061035156,146.14999389648438,140.3241729736328,1371400,0.0,0.0
2021-04-14,146.0,146.7949981689453,143.89999389648438,144.17999267578125,138.4326934814453,900700,0.0,0.0
2021-04-15,146.64500427246094,147.7100067138672,145.82000732421875,146.47000122070312,140.63140869140625,1426800,0.0,0.0
2021-04-16,145.9199981689453,146.5399932861328,144.16000366210938,145.3000030517578,139.508056640625,1157500,0.0,0.0
2021-04-19,145.2899932861328,146.75,143.07000732421875,146.0,140.18017578125,964300,0.0,0.0
2021-04-20,145.3300018310547,145.75999450683594,139.50999450683594,139.72000122070312,134.15049743652344,1493300,0.0,0.0
2021-04-21,138.3000030517578,141.4149932861328,138.3000030517578,141.0500030517578,135.427490234375,1768100,0.0,0.0
2021-04-22,141.2899932861328,146.94000244140625,140.50999450683594,143.47999572753906,137.7606201171875,1386300,0.0,0.0
2021-04-23,142.80999755859375,149.3699951171875,142.80999755859375,149.00999450683594,143.07015991210938,1982600,0.0,0.0
2021-04-26,150.88499450683594,152.5500030517578,148.96499633789062,152.5,146.4210662841797,1510400,0.0,0.0
2021-04-27,153.47000122070312,158.52000427246094,153.25,157.8000030517578,151.50978088378906,3012100,0.0,0.0
2021-04-28,155.44000244140625,159.86900329589844,155.44000244140625,159.1300048828125,152.7867889404297,1743500,0.0,0.0
2021-04-29,160.13999938964844,160.25,154.74000549316406,156.5500030517578,150.3096160888672,1933200,0.0,0.0
2021-04-30,154.25999450683594,157.67999267578125,154.25999450683594,155.6300048828125,149.42626953125,2126500,0.0,0.0
2021-05-03,156.25999450683594,156.58999633789062,148.22999572753906,148.44000244140625,142.52291870117188,3298900,0.0,0.0
2021-05-04,146.67999267578125,148.25,136.14999389648438,138.92999267578125,133.3919677734375,4812800,0.0,0.0
2021-05-05,147.0,152.83999633789062,140.8800048828125,143.6699981689453,137.9430389404297,5260300,0.0,0.0
2021-05-06,142.16000366210938,145.49000549316406,139.10000610351562,139.9600067138672,134.3809356689453,2575600,0.0,0.0
2021-05-07,142.74000549316406,148.5500030517578,142.1699981689453,146.19000244140625,140.3625946044922,1978000,0.0,0.0
2021-05-10,144.14999389648438,145.0449981689453,140.99000549316406,141.80999755859375,136.15716552734375,1641600,0.0,0.0
2021-05-11,137.5,147.08999633789062,137.0,146.39999389648438,140.56422424316406,2085900,0.0,0.0
2021-05-12,142.8800048828125,144.0,140.25,141.6199951171875,135.9747314453125,1680200,0.0,0.0
2021-05-13,142.94500732421875,144.25,135.50999450683594,138.39999389648438,132.88311767578125,2305600,0.0,0.0
2021-05-14,140.1300048828125,142.83999633789062,139.00999450683594,142.19000244140625,136.52203369140625,1397000,0.0,0.0
2021-05-17,140.35000610351562,141.14999389648438,138.27999877929688,139.99000549316406,134.4097442626953,1405000,0.0,0.0
2021-05-18,141.6999969482422,142.77000427246094,136.5,136.86000061035156,131.4044952392578,2452300,0.0,0.0
2021-05-19,132.69000244140625,139.1199951171875,132.3300018310547,138.83999633789062,133.30555725097656,2550300,0.0,0.0
2021-05-20,137.24000549316406,143.22999572753906,137.02000427246094,142.77999877929688,137.0885009765625,1556200,0.0,0.0
2021-05-21,144.0800018310547,145.49000549316406,142.75,143.32000732421875,137.60699462890625,1252400,0.0,0.0
2021-05-24,144.17999267578125,148.42999267578125,143.3300018310547,147.3000030517578,141.42835998535156,1745700,0.0,0.0
2021-05-25,148.49000549316406,149.3800048828125,142.85000610351562,144.25999450683594,138.50950622558594,2175900,0.0,0.0
2021-05-26,144.97999572753906,146.39999389648438,143.1699981689453,144.63999938964844,138.87437438964844,1549200,0.0,0.0
2021-05-27,143.8699951171875,145.4949951171875,142.4199981689453,143.00999450683594,137.3093719482422,2229000,0.0,0.0
2021-05-28,142.6300048828125,145.3800048828125,142.17999267578125,143.3800048828125,137.6646270751953,1624800,0.0,0.0
2021-06-01,143.8699951171875,145.6999969482422,141.52999877929688,143.22000122070312,137.51097106933594,1883500,0.0,0.0
2021-06-02,143.22000122070312,143.82000732421875,137.79800415039062,139.42999267578125,133.87203979492188,3088700,0.0,0.0
2021-06-03,137.8300018310547,140.61000061035156,136.02999877929688,136.80999755859375,131.35647583007812,2466500,0.0,0.0
2021-06-04,136.59500122070312,138.72999572753906,136.59500122070312,137.92999267578125,132.43182373046875,2160300,0.0,0.0
2021-06-07,138.02000427246094,143.99000549316406,137.92999267578125,143.47999572753906,137.7606201171875,2110900,0.0,0.0
2021-06-08,144.10000610351562,145.19700622558594,141.52000427246094,142.85000610351562,137.15573120117188,1935100,0.0,0.0
2021-06-09,144.8800048828125,144.8800048828125,141.6699981689453,141.77000427246094,136.11878967285156,1140100,0.0,0.0
2021-06-10,141.0,142.6699981689453,140.0019989013672,141.8800048828125,136.22439575195312,1384300,0.0,0.0
2021-06-11,141.69000244140625,141.9320068359375,139.7100067138672,141.57000732421875,135.92674255371094,1473100,0.0,0.0
2021-06-14,141.85000610351562,145.3249969482422,141.55499267578125,143.86000061035156,138.12548828125,1473900,0.0,0.0
2021-06-15,143.58999633789062,144.30999755859375,142.10000610351562,142.33999633789062,136.66607666015625,1102500,0.0,0.0
2021-06-16,142.60000610351562,145.25999450683594,141.75999450683594,143.02000427246094,137.3189697265625,1715000,0.0,0.0
2021-06-17,141.88999938964844,151.0500030517578,141.13999938964844,150.25,144.26072692871094,3008800,0.0,0.0
2021-06-18,151.1199951171875,155.75,149.55999755859375,153.9199981689453,147.78445434570312,3776200,0.0,0.0
2021-06-21,154.52000427246094,157.13999938964844,151.3000030517578,155.72000122070312,149.5126953125,2235000,0.0,0.0
2021-06-22,155.9600067138672,159.99000549316406,154.80999755859375,159.05999755859375,152.7195587158203,2443800,0.0,0.0
2021-06-23,158.82000732421875,162.1699981689453,156.3699951171875,161.52999877929688,155.0911102294922,2034400,0.0,0.0
2021-06-24,162.60000610351562,167.4550018310547,162.55999755859375,164.27000427246094,157.72190856933594,2195200,0.0,0.0
2021-06-25,165.47000122070312,165.7100067138672,161.3300018310547,161.99000549316406,155.5327606201172,4200300,0.0,0.0
2021-06-28,161.13999938964844,162.29100036621094,159.27999877929688,161.52999877929688,155.0911102294922,1922100,0.0,0.0
2021-06-29,160.5,162.97999572753906,159.27999877929688,162.27999877929688,155.81118774414062,1285400,0.0,0.0
2021-06-30,162.27000427246094,163.1199951171875,160.5800018310547,161.25,154.822265625,1532800,0.0,0.0
2021-07-01,160.60000610351562,163.63999938964844,157.9499969482422,159.47999572753906,153.12283325195312,1881100,0.0,0.0
2021-07-02,160.41000366210938,163.90199279785156,159.6649932861328,161.39999389648438,154.96629333496094,1270200,0.0,0.0
2021-07-06,161.35000610351562,163.2100067138672,160.25,161.24000549316406,154.81265258789062,1076900,0.0,0.0
2021-07-07,162.49000549316406,162.49000549316406,156.72500610351562,157.69000244140625,151.4041748046875,1438100,0.0,0.0
2021-07-08,155.80999755859375,158.89999389648438,154.30999755859375,158.25,151.9418487548828,1217300,0.0,0.0
2021-07-09,159.75999450683594,162.77999877929688,158.13999938964844,162.6300048828125,156.14727783203125,1436100,0.0,0.0
2021-07-12,163.2100067138672,164.3040008544922,161.3000030517578,162.83999633789062,156.348876953125,1385100,0.0,0.0
2021-07-13,162.75,166.67999267578125,162.19000244140625,164.61000061035156,158.04833984375,1760900,0.0,0.0
2021-07-14,165.25,166.7899932861328,160.25999450683594,161.52999877929688,155.0911102294922,1354200,0.0,0.0
2021-07-15,162.10000610351562,164.5500030517578,158.16000366210938,162.8300018310547,156.33929443359375,2185200,0.0,0.0
2021-07-16,163.1699981689453,163.32000732421875,158.97999572753906,161.1699981689453,154.74545288085938,1128300,0.0,0.0
2021-07-19,159.39999389648438,160.0,152.47999572753906,153.3300018310547,147.21798706054688,3142300,0.0,0.0
2021-07-20,153.50999450683594,155.58999633789062,153.0749969482422,153.77000427246094,147.64044189453125,4783600,0.0,0.0
2021-07-21,154.3000030517578,160.86000061035156,154.1699981689453,159.6999969482422,153.3340606689453,1834600,0.0,0.0
2021-07-22,159.2899932861328,160.69000244140625,157.62899780273438,160.5,154.1021728515625,884300,0.0,0.0
2021-07-23,161.17999267578125,168.2050018310547,161.17999267578125,165.86000061035156,159.24847412109375,2363100,0.0,0.0
2021-07-26,165.17999267578125,165.5399932861328,162.11000061035156,164.22999572753906,157.6834716796875,1286300,0.0,0.0
2021-07-27,164.57000732421875,165.38999938964844,159.07000732421875,162.17999267578125,155.71519470214844,1424000,0.0,0.0
2021-07-28,162.91000366210938,167.0050048828125,162.14999389648438,163.6199951171875,157.0977783203125,1737400,0.0,0.0
2021-07-29,163.6999969482422,165.21499633789062,162.2030029296875,163.39999389648438,156.88656616210938,911400,0.0,0.0
2021-07-30,161.44000244140625,161.9600067138672,159.0399932861328,159.27000427246094,152.92120361328125,1359700,0.0,0.0
2021-08-02,161.0500030517578,163.0,157.00999450683594,161.33999633789062,154.90869140625,1592400,0.0,0.0
2021-08-03,162.4499969482422,162.4499969482422,155.22999572753906,158.47000122070312,152.15309143066406,2354700,0.0,0.0
2021-08-04,152.10000610351562,152.8000030517578,146.47000122070312,150.57000732421875,144.56800842285156,6548700,0.0,0.0
2021-08-05,149.8800048828125,150.2449951171875,145.0,146.4199981689453,140.58340454101562,4417200,0.0,0.0
2021-08-06,146.39999389648438,148.07000732421875,145.0500030517578,145.7899932861328,139.97853088378906,2641700,0.0,0.0
2021-08-09,145.39999389648438,145.9499969482422,140.92999267578125,141.1300048828125,135.50430297851562,2998200,0.0,0.0
2021-08-10,141.41000366210938,142.02000427246094,138.27999877929688,139.0,133.45921325683594,2819900,0.0,0.0
2021-08-11,140.77000427246094,141.3300018310547,136.60000610351562,140.4499969482422,134.8513946533203,2587200,0.0,0.0
2021-08-12,139.89999389648438,140.94000244140625,136.72999572753906,139.10000610351562,133.55520629882812,2408800,0.0,0.0
2021-08-13,138.97000122070312,139.40499877929688,134.85499572753906,136.25,130.81881713867188,2739900,0.0,0.0
2021-08-16,135.08999633789062,135.8699951171875,131.78500366210938,134.7100067138672,129.34022521972656,2741900,0.0,0.0
2021-08-17,133.9199981689453,134.14500427246094,129.75,130.97000122070312,125.74928283691406,2837600,0.0,0.0
2021-08-18,131.14999389648438,136.08299255371094,131.08999633789062,133.72999572753906,128.3992462158203,2458100,0.0,0.0
2021-08-19,131.4550018310547,134.52999877929688,130.82000732421875,133.5500030517578,128.2264404296875,2814700,0.0,0.0
2021-08-20,133.39999389648438,133.51699829101562,130.8800048828125,132.66000366210938,127.3719253540039,1708300,0.0,0.0
2021-08-23,133.5,137.14999389648438,132.6300048828125,136.52999877929688,131.08763122558594,3114300,0.0,0.0
2021-08-24,137.39999389648438,141.9199981689453,137.02000427246094,140.16000366210938,134.5729522705078,3617800,0.0,0.0
2021-08-25,138.39999389648438,138.97999572753906,134.64500427246094,136.92999267578125,131.47171020507812,2570300,0.0,0.0
2021-08-26,137.2100067138672,139.1699981689453,136.3300018310547,136.74000549316406,131.28929138183594,2182900,0.0,0.0
2021-08-27,136.74000549316406,142.00999450683594,136.66000366210938,141.0,135.37950134277344,2557500,0.0,0.0
2021-08-30,140.75999450683594,142.41000366210938,138.02000427246094,139.52999877929688,133.9680633544922,2103600,0.0,0.0
2021-08-31,139.94000244140625,140.0500030517578,136.8300018310547,137.44000244140625,131.9613800048828,2273400,0.0,0.0
2021-09-01,139.05999755859375,141.6699981689453,137.67999267578125,138.6199951171875,133.09434509277344,2615300,0.0,0.0
2021-09-02,143.08999633789062,148.33999633789062,140.35000610351562,147.11000061035156,141.2459259033203,6495100,0.0,0.0
2021-09-03,145.33999633789062,148.6699981689453,144.08999633789062,148.19000244140625,142.2828826904297,2953700,0.0,0.0
2021-09-07,161.00999450683594,162.6999969482422,155.8179931640625,159.36000061035156,153.0076141357422,18249400,0.0,0.0
2021-09-08,158.72999572753906,162.0,157.22000122070312,158.2899932861328,151.98023986816406,5154200,0.0,0.0
2021-09-09,157.1300048828125,160.10000610351562,156.67999267578125,157.7100067138672,151.4233856201172,3314100,0.0,0.0
2021-09-10,158.5399932861328,171.52000427246094,153.39999389648438,164.3800048828125,157.8275146484375,11935000,0.0,0.0
2021-09-13,165.16000366210938,166.0,158.73500061035156,162.00999450683594,155.55197143554688,4859900,0.0,0.0
2021-09-14,161.72000122070312,162.42999267578125,156.83999633789062,157.36000061035156,151.08734130859375,3572800,0.0,0.0
2021-09-15,157.7949981689453,159.97000122070312,156.60000610351562,158.88999938964844,152.55636596679688,4088100,0.0,0.0
2021-09-16,158.14999389648438,160.66000366210938,157.7449951171875,160.05999755859375,153.67970275878906,4811900,0.0,0.0
2021-09-17,160.58999633789062,160.58999633789062,154.7100067138672,157.13999938964844,150.87608337402344,54374800,0.0,0.0
2021-09-20,155.9600067138672,157.0,148.6699981689453,151.4600067138672,145.42251586914062,4257800,0.0,0.0
2021-09-21,152.0,153.02000427246094,148.16000366210938,151.9199981689453,145.86419677734375,3241200,0.0,0.0
2021-09-22,151.5,154.39999389648438,150.2899932861328,153.64999389648438,147.52520751953125,2675800,0.0,0.0
2021-09-23,154.50999450683594,155.4199981689453,152.36000061035156,154.77000427246094,148.6005859375,2514200,0.0,0.0
2021-09-24,154.4600067138672,161.36000061035156,153.1179962158203,160.91000366210938,154.49581909179688,4332300,0.0,0.0
2021-09-27,159.5500030517578,165.61000061035156,158.97900390625,164.63999938964844,158.07711791992188,3830000,0.0,0.0
2021-09-28,162.94000244140625,165.13999938964844,156.0500030517578,156.49000549316406,150.25201416015625,4371700,0.0,0.0
2021-09-29,158.22000122070312,161.4600067138672,151.7899932861328,152.3800048828125,146.30581665039062,4269300,0.0,0.0
2021-09-30,152.94000244140625,158.72000122070312,152.94000244140625,156.99000549316406,150.73207092285156,4418600,0.0,0.0
2021-10-01,157.25,160.6199951171875,154.8699951171875,158.6300048828125,152.3067169189453,2606200,0.0,0.0
2021-10-04,157.8699951171875,157.8699951171875,150.11000061035156,152.64999389648438,146.56507873535156,2997700,0.0,0.0
2021-10-05,153.57000732421875,155.1300048828125,152.49000549316406,154.5,148.34132385253906,1892700,0.0,0.0
2021-10-06,152.10000610351562,157.47999572753906,151.77999877929688,157.30999755859375,151.03933715820312,1856100,0.0,0.0
2021-10-07,158.61000061035156,161.3800048828125,158.5,159.92999267578125,153.55490112304688,2661000,0.0,0.0
2021-10-08,160.1699981689453,160.64999389648438,157.36000061035156,157.5399932861328,151.26016235351562,1759300,0.0,0.0
2021-10-11,156.44000244140625,158.52999877929688,155.4600067138672,155.63999938964844,149.4359130859375,1179900,0.0,0.0
2021-10-12,155.9600067138672,159.39999389648438,155.9600067138672,158.8000030517578,152.4699249267578,1214100,0.0,0.0
2021-10-13,160.11000061035156,160.3300018310547,157.1199951171875,158.9600067138672,152.62355041503906,2311100,0.0,0.0
2021-10-14,161.2100067138672,161.58099365234375,156.6999969482422,157.00999450683594,150.75128173828125,3384800,0.0,0.0
2021-10-15,157.99000549316406,160.0800018310547,156.15499877929688,160.02000427246094,153.6413116455078,1921500,0.0,0.0
2021-10-18,159.02000427246094,159.4250030517578,155.77000427246094,158.22999572753906,151.9226531982422,2153600,0.0,0.0
2021-10-19,159.0,162.72000122070312,158.10000610351562,160.69000244140625,154.2845916748047,1966100,0.0,0.0
2021-10-20,161.52000427246094,161.58999633789062,158.36000061035156,159.16000366210938,152.81556701660156,1588000,0.0,0.0
2021-10-21,158.97000122070312,182.0,158.11000061035156,175.52999877929688,168.53305053710938,8057600,0.0,0.0
2021-10-22,172.42999267578125,174.5,168.49000549316406,169.32000732421875,162.57058715820312,3667700,0.0,0.0
2021-10-25,168.0449981689453,169.75999450683594,166.5399932861328,167.64999389648438,160.96714782714844,2997200,0.0,0.0
2021-10-26,167.89999389648438,168.16000366210938,162.5500030517578,163.1999969482422,156.6945343017578,2519300,0.0,0.0
2021-10-27,162.86000061035156,164.03500366210938,158.33999633789062,158.4600067138672,152.1434783935547,2016800,0.0,0.0
2021-10-28,159.125,159.72000122070312,154.9600067138672,156.05999755859375,149.83917236328125,2693500,0.0,0.0
2021-10-29,155.86000061035156,155.91000366210938,149.5500030517578,150.77999877929688,144.76962280273438,3398400,0.0,0.0
2021-11-01,150.8000030517578,154.2100067138672,150.8000030517578,154.08999633789062,147.94769287109375,2039300,0.0,0.0
2021-11-02,152.86000061035156,153.2899932861328,146.11000061035156,148.5500030517578,142.62850952148438,3624500,0.0,0.0
2021-11-03,148.5500030517578,156.07000732421875,145.75,152.94000244140625,146.843505859375,3933800,0.0,0.0
2021-11-04,152.0500030517578,159.19000244140625,150.4600067138672,156.97999572753906,150.72247314453125,2433500,0.0,0.0
2021-11-05,158.0,164.55999755859375,158.0,160.72999572753906,154.32301330566406,2527900,0.0,0.0
2021-11-08,160.47999572753906,160.89999389648438,155.42999267578125,155.91000366210938,149.6951446533203,2920600,0.0,0.0
2021-11-09,156.72000122070312,156.86000061035156,151.76499938964844,155.58999633789062,149.3878936767578,2134300,0.0,0.0
2021-11-10,154.1300048828125,157.66000366210938,153.36000061035156,154.0500030517578,147.90928649902344,2040300,0.0,0.0
2021-11-11,154.67999267578125,155.47999572753906,149.5800018310547,149.75,143.78067016601562,2116200,0.0,0.0
2021-11-12,150.14999389648438,151.9499969482422,146.22000122070312,146.9499969482422,141.09226989746094,3650500,0.0,0.0
2021-11-15,147.1999969482422,149.8300018310547,146.5399932861328,148.4199981689453,142.5037078857422,1588700,0.0,0.0
2021-11-16,147.6999969482422,148.0,144.22999572753906,146.75,140.9002685546875,1402000,0.0,0.0
2021-11-17,146.8000030517578,148.52999877929688,145.19000244140625,147.61000061035156,141.72596740722656,1843200,0.0,0.0
2021-11-18,147.49000549316406,147.52499389648438,141.57000732421875,142.38999938964844,136.7140655517578,2782800,0.0,0.0
2021-11-19,141.9199981689453,142.38999938964844,139.52999877929688,140.9499969482422,135.3314666748047,3256400,0.0,0.0
2021-11-22,141.99000549316406,143.64999389648438,134.6699981689453,137.00999450683594,131.54852294921875,4620600,0.0,0.0
2021-11-23,137.55999755859375,138.57000732421875,133.76499938964844,135.07000732421875,129.68585205078125,3193100,0.0,0.0
2021-11-24,133.94000244140625,137.52999877929688,132.9250030517578,137.41000366210938,131.93258666992188,2025700,0.0,0.0
2021-11-26,134.86000061035156,134.97999572753906,130.7899932861328,133.6699981689453,128.34165954589844,2490600,0.0,0.0
2021-11-29,135.74000549316406,135.83999633789062,132.94000244140625,134.0800018310547,128.7353057861328,2684200,0.0,0.0
2021-11-30,133.02999877929688,134.0,129.13999938964844,129.99000549316406,124.80835723876953,3124500,0.0,0.0
2021-12-01,133.30999755859375,134.9499969482422,126.63999938964844,127.4800033569336,122.39840698242188,6040200,0.0,0.0
2021-12-02,127.69000244140625,129.8300018310547,125.6500015258789,128.27999877929688,123.16651916503906,3239500,0.0,0.0
2021-12-03,129.0800018310547,129.0800018310547,120.88999938964844,126.19000244140625,121.15982818603516,3298500,0.0,0.0
2021-12-06,125.95999908447266,129.86000061035156,123.83999633789062,129.44000244140625,124.28028106689453,3628200,0.0,0.0
2021-12-07,131.9600067138672,137.74000549316406,131.86000061035156,134.4499969482422,129.09056091308594,2773900,0.0,0.0
2021-12-08,134.0,141.39599609375,133.3699951171875,135.60000610351562,130.19473266601562,3892200,0.0,0.0
2021-12-09,134.7100067138672,137.1199951171875,131.88999938964844,132.2100067138672,126.93988800048828,1872300,0.0,0.0
2021-12-10,133.9600067138672,134.38999938964844,129.74000549316406,130.33999633789062,125.14440155029297,1624000,0.0,0.0
2021-12-13,129.9199981689453,130.6999969482422,126.01000213623047,126.19999694824219,121.16942596435547,2337400,0.0,0.0
2021-12-14,124.06999969482422,126.30999755859375,121.8499984741211,122.80999755859375,117.91455078125,2666900,0.0,0.0
2021-12-15,123.2699966430664,124.41000366210938,118.51000213623047,123.80999755859375,118.87469482421875,3804000,0.0,0.0
2021-12-16,124.87000274658203,125.91000366210938,121.69000244140625,124.44000244140625,119.47958374023438,3375100,0.0,0.0
2021-12-17,123.18000030517578,128.60000610351562,119.62999725341797,126.6500015258789,121.60149383544922,6718700,0.0,0.0
2021-12-20,124.0,128.22999572753906,122.26000213623047,125.83999633789062,120.82376861572266,2659100,0.0,0.0
2021-12-21,126.66999816894531,132.4149932861328,126.62000274658203,131.49000549316406,126.24856567382812,2378400,0.0,0.0
2021-12-22,131.0,131.99000549316406,129.02000427246094,131.38999938964844,126.15253448486328,1117800,0.0,0.0
2021-12-23,131.60000610351562,134.52000427246094,130.64999389648438,133.44000244140625,128.12083435058594,1390500,0.0,0.0
2021-12-27,133.72999572753906,135.0850067138672,132.5,134.00999450683594,128.66810607910156,1643300,0.0,0.0
2021-12-28,134.0500030517578,135.2100067138672,132.8000030517578,132.94000244140625,127.64075469970703,1269900,0.0,0.0
2021-12-29,132.24000549316406,132.99000549316406,129.86000061035156,130.0,124.81795501708984,1137300,0.0,0.0
2021-12-30,130.0,134.97000122070312,129.9600067138672,133.1999969482422,127.89039611816406,1273700,0.0,0.0
2021-12-31,133.1999969482422,134.83999633789062,132.1199951171875,132.25,126.97826385498047,1220300,0.0,0.0
2022-01-03,132.89500427246094,136.76499938964844,131.3800048828125,134.22999572753906,128.8793487548828,2364900,0.0,0.0
2022-01-04,136.99000549316406,136.99000549316406,129.61000061035156,132.97000122070312,127.66957092285156,2445800,0.0,0.0
2022-01-05,132.02999877929688,133.10000610351562,124.9000015258789,125.5199966430664,120.51654052734375,2813600,0.0,0.0
2022-01-06,125.48999786376953,128.55999755859375,122.55999755859375,126.05999755859375,121.03500366210938,2258000,0.0,0.0
2022-01-07,125.91000366210938,128.3699951171875,124.92500305175781,125.2699966430664,120.27650451660156,1262600,0.0,0.0
2022-01-10,123.5,126.6500015258789,119.33000183105469,126.55999755859375,121.51507568359375,2109600,0.0,0.0
2022-01-11,126.12000274658203,129.50999450683594,123.72000122070312,126.0,120.97740936279297,1809500,0.0,0.0
2022-01-12,127.87999725341797,127.87999725341797,121.45999908447266,124.08000183105469,119.13392639160156,2087100,0.0,0.0
2022-01-13,128.79800415039062,128.8699951171875,122.58000183105469,123.19999694824219,118.28900909423828,2610900,0.0,0.0
2022-01-14,122.0999984741211,124.13999938964844,118.68000030517578,121.1500015258789,116.32072448730469,2147800,0.0,0.0
2022-01-18,118.13999938964844,119.05000305175781,115.08999633789062,115.87000274658203,111.2511978149414,3512100,0.0,0.0
2022-01-19,115.76000213623047,119.37999725341797,115.16000366210938,116.2699966430664,111.63524627685547,1867500,0.0,0.0
2022-01-20,118.04399871826172,122.08000183105469,117.41000366210938,118.66000366210938,113.93000030517578,2118000,0.0,0.0
2022-01-21,118.55999755859375,121.47000122070312,115.55999755859375,115.83999633789062,111.22239685058594,3249300,0.0,0.0
2022-01-24,112.61000061035156,117.46900177001953,109.08000183105469,117.25,112.5761947631836,4165400,0.0,0.0
2022-01-25,113.83999633789062,116.31999969482422,111.37000274658203,111.69999694824219,107.24742889404297,2110500,0.0,0.0
2022-01-26,113.52999877929688,116.08999633789062,108.72000122070312,110.16999816894531,105.77841186523438,2209800,0.0,0.0
2022-01-27,111.95999908447266,112.83000183105469,105.50499725341797,106.5,102.25470733642578,3094300,0.0,0.0
2022-01-28,106.62000274658203,109.33000183105469,105.1500015258789,109.22000122070312,104.86628723144531,2676300,0.0,0.0
2022-01-31,108.04000091552734,112.7699966430664,105.45999908447266,112.69999694824219,108.20755767822266,3286000,0.0,0.0
2022-02-01,112.68000030517578,112.91999816894531,108.83999633789062,112.08999633789062,107.62187957763672,3589800,0.0,0.0
2022-02-02,113.4800033569336,121.48999786376953,111.48999786376953,118.01000213623047,113.3058853149414,5700700,0.0,0.0
2022-02-03,115.0,117.72000122070312,111.7300033569336,111.9800033569336,107.5162582397461,3099800,0.0,0.0
2022-02-04,111.33999633789062,117.18000030517578,109.86499786376953,115.9800033569336,111.3568115234375,2834900,0.0,0.0
2022-02-07,116.5199966430664,116.94999694824219,112.9800033569336,113.41000366210938,108.88926696777344,2035800,0.0,0.0
2022-02-08,112.73999786376953,113.75,111.58999633789062,112.41999816894531,107.93872833251953,2139400,0.0,0.0
2022-02-09,115.0,117.38999938964844,112.18000030517578,117.19000244140625,112.51858520507812,2786300,0.0,0.0
2022-02-10,113.81999969482422,117.30999755859375,113.08999633789062,114.4000015258789,109.83979797363281,1787300,0.0,0.0
2022-02-11,114.2300033569336,117.37999725341797,111.69000244140625,112.76000213623047,108.26518249511719,2316100,0.0,0.0
2022-02-14,112.3499984741211,117.1500015258789,111.83300018310547,113.77999877929688,109.24452209472656,2102000,0.0,0.0
2022-02-15,116.29000091552734,118.94999694824219,115.33999633789062,118.44000244140625,113.71876525878906,1642600,0.0,0.0
2022-02-16,116.05500030517578,117.95999908447266,114.78199768066406,117.33000183105469,112.65299987792969,2017900,0.0,0.0
2022-02-17,115.01000213623047,116.41999816894531,111.44000244140625,111.87999725341797,107.42024230957031,2329300,0.0,0.0
2022-02-18,111.91000366210938,112.16000366210938,106.61000061035156,107.55999755859375,103.27245330810547,2839800,0.0,0.0
2022-02-22,106.81999969482422,109.3489990234375,106.01000213623047,107.16000366210938,102.8884048461914,2266100,0.0,0.0
2022-02-23,107.73999786376953,108.01000213623047,104.26000213623047,104.54000091552734,100.37284088134766,3741700,0.0,0.0
2022-02-24,101.27999877929688,113.55000305175781,100.5999984741211,113.04000091552734,108.53400421142578,2736300,0.0,0.0
2022-02-25,113.2699966430664,113.87000274658203,108.16999816894531,113.22000122070312,108.70683288574219,2682100,0.0,0.0
2022-02-28,112.23999786376953,114.0199966430664,110.23999786376953,111.48999786376953,107.04579162597656,2429300,0.0,0.0
2022-03-01,111.48999786376953,114.0,109.43000030517578,110.41999816894531,106.01844787597656,1795300,0.0,0.0
2022-03-02,110.79000091552734,111.01000213623047,107.33000183105469,109.2300033569336,104.87589263916016,2635200,0.0,0.0
2022-03-03,110.93000030517578,110.93000030517578,102.13999938964844,102.98999786376953,98.88462829589844,2516900,0.0,0.0
2022-03-04,102.7699966430664,103.4800033569336,95.73999786376953,96.58999633789062,92.73973846435547,4247600,0.0,0.0
2022-03-07,96.52999877929688,97.81999969482422,89.1500015258789,89.18000030517578,85.6251220703125,4521100,0.0,0.0
2022-03-08,88.63999938964844,90.12999725341797,84.19999694824219,87.69999694824219,84.20410919189453,8193400,0.0,0.0
2022-03-09,95.05999755859375,100.56999969482422,93.75,98.93000030517578,94.98646545410156,5407300,0.0,0.0
2022-03-10,96.83999633789062,97.98999786376953,94.08999633789062,94.91000366210938,91.12670135498047,2462200,0.0,0.0
2022-03-11,98.08000183105469,98.08000183105469,88.33999633789062,88.44999694824219,84.92420959472656,3162000,0.0,0.0
2022-03-14,87.83000183105469,90.20999908447266,84.51000213623047,85.05999755859375,81.66934967041016,3173800,0.0,0.0
2022-03-15,86.19999694824219,87.84500122070312,84.75,87.56999969482422,84.07929229736328,3642300,0.0,0.0
2022-03-16,90.33000183105469,93.11499786376953,88.62000274658203,92.36000061035156,88.67835235595703,5700400,0.0,0.0
2022-03-17,91.25,95.70999908447266,89.83899688720703,95.26000213623047,91.46275329589844,2794000,0.0,0.0
2022-03-18,94.95999908447266,102.9800033569336,94.44999694824219,102.69000244140625,98.5965805053711,7116000,0.0,0.0
2022-03-21,101.56999969482422,102.68000030517578,98.58499908447266,100.02999877929688,96.0426254272461,2911000,0.0,0.0
2022-03-22,100.02999877929688,105.86000061035156,99.80000305175781,104.30999755859375,100.15200805664062,2764600,0.0,0.0
2022-03-23,103.05000305175781,106.69000244140625,102.08000183105469,102.48999786376953,98.40455627441406,2205500,0.0,0.0
2022-03-24,105.87999725341797,107.23999786376953,102.37000274658203,107.05999755859375,102.79238891601562,2222000,0.0,0.0
2022-03-25,106.27999877929688,107.12999725341797,104.5,106.7300033569336,102.47554779052734,2417500,0.0,0.0
2022-03-28,107.19999694824219,109.66000366210938,104.46499633789062,107.80999755859375,103.51248168945312,1509400,0.0,0.0
2022-03-29,109.44000244140625,111.55000305175781,107.51699829101562,111.16000366210938,106.72895812988281,1714100,0.0,0.0
2022-03-30,109.80999755859375,111.12999725341797,109.01000213623047,110.72000122070312,106.30648803710938,2420300,0.0,0.0
2022-03-31,110.41000366210938,111.8499984741211,108.6500015258789,108.73999786376953,104.4054183959961,2422000,0.0,0.0
2022-04-01,109.62999725341797,112.63999938964844,108.0999984741211,109.0199966430664,104.67425537109375,1894800,0.0,0.0
2022-04-04,110.13999938964844,114.06400299072266,109.34500122070312,113.33999633789062,108.8220443725586,1781300,0.0,0.0
2022-04-05,113.44999694824219,114.3550033569336,107.48500061035156,107.95999908447266,103.65650939941406,1752100,0.0,0.0
2022-04-06,105.75,106.66000366210938,102.58999633789062,104.4000015258789,100.23841857910156,1612200,0.0,0.0
2022-04-07,103.4800033569336,104.69000244140625,100.23999786376953,102.4000015258789,98.31814575195312,1712100,0.0,0.0
2022-04-08,101.61000061035156,103.03500366210938,99.9800033569336,100.4800033569336,96.47468566894531,1582300,0.0,0.0
2022-04-11,99.83000183105469,100.75,95.37000274658203,96.5,92.65332794189453,3789900,0.0,0.0
2022-04-12,98.51000213623047,99.58999633789062,92.23999786376953,94.12999725341797,90.3777847290039,3753600,0.0,0.0
2022-04-13,94.56999969482422,96.55000305175781,93.33999633789062,96.31999969482422,92.48049926757812,2925300,0.0,0.0
2022-04-14,96.9000015258789,97.27999877929688,92.0199966430664,92.0999984741211,88.4287109375,1918600,0.0,0.0
2022-04-18,91.30000305175781,91.69999694824219,89.37000274658203,90.47000122070312,86.86368560791016,2023000,0.0,0.0
2022-04-19,89.62000274658203,95.12999725341797,87.66999816894531,93.91000366210938,90.16657257080078,3579600,0.0,0.0
2022-04-20,93.76000213623047,93.9000015258789,84.41999816894531,84.62000274658203,81.24688720703125,5157400,0.0,0.0
2022-04-21,85.72000122070312,85.9800033569336,76.68000030517578,77.66000366210938,74.5643310546875,5834100,0.0,0.0
2022-04-22,78.22000122070312,81.29000091552734,76.62999725341797,77.30000305175781,74.21868896484375,5422200,0.0,0.0
2022-04-25,77.05000305175781,82.94000244140625,76.26000213623047,82.4800033569336,79.19219207763672,5917100,0.0,0.0
2022-04-26,81.31999969482422,82.86000061035156,79.12999725341797,79.45999908447266,76.29257202148438,3845900,0.0,0.0
2022-04-27,78.02999877929688,81.36000061035156,76.83999633789062,77.08999633789062,74.01703643798828,3252500,0.0,0.0
2022-04-28,78.68000030517578,82.58000183105469,78.05000305175781,81.5999984741211,78.3472671508789,2792100,0.0,0.0
2022-04-29,81.38999938964844,83.95999908447266,78.98999786376953,79.1500015258789,75.99492645263672,2346900,0.0,0.0
2022-05-02,78.6449966430664,80.93000030517578,77.69000244140625,80.69000244140625,77.47354125976562,2750300,0.0,0.0
2022-05-03,80.48999786376953,80.9000015258789,76.54000091552734,79.0199966430664,75.8701171875,5687700,0.0,0.0
2022-05-04,69.52999877929688,85.44000244140625,69.27999877929688,83.87999725341797,80.536376953125,9475500,0.0,0.0
2022-05-05,81.4800033569336,81.54000091552734,74.23999786376953,76.87999725341797,73.81541442871094,4660000,0.0,0.0
2022-05-06,75.05999755859375,76.30999755859375,70.94999694824219,74.06999969482422,71.117431640625,5248900,0.0,0.0
2022-05-09,73.9800033569336,74.9000015258789,70.69000244140625,70.70999908447266,67.89136505126953,4682900,0.0,0.0
2022-05-10,73.36000061035156,74.6500015258789,67.86900329589844,70.25,67.44970703125,6591000,0.0,0.0
2022-05-11,69.58999633789062,72.05000305175781,68.08000183105469,69.75,66.96963500976562,7697400,0.0,0.0
2022-05-12,69.69000244140625,75.5999984741211,68.56999969482422,73.4800033569336,70.55095672607422,5437100,0.0,0.0
2022-05-13,74.51000213623047,78.28500366210938,74.51000213623047,77.51000213623047,74.42029571533203,2884600,0.0,0.0
2022-05-16,76.0,78.47000122070312,75.44999694824219,75.75,72.73046875,2381100,0.0,0.0
2022-05-17,77.75,79.16999816894531,74.27999877929688,75.54000091552734,72.52883911132812,3815100,0.0,0.0
2022-05-18,74.20999908447266,75.75,71.43000030517578,71.87000274658203,69.00513458251953,4442600,0.0,0.0
2022-05-19,72.4000015258789,76.72000122070312,72.23999786376953,75.05000305175781,72.0583724975586,2727900,0.0,0.0
2022-05-20,78.05999755859375,78.98999786376953,74.5999984741211,76.69999694824219,73.64258575439453,2893400,0.0,0.0
2022-05-23,76.69999694824219,77.05000305175781,73.15499877929688,75.12000274658203,72.12557220458984,2637900,0.0,0.0
2022-05-24,73.4000015258789,73.77999877929688,70.9800033569336,71.79000091552734,68.92831420898438,2743000,0.0,0.0
2022-05-25,71.62000274658203,74.2300033569336,71.19999694824219,73.4800033569336,70.55095672607422,2125700,0.0,0.0
2022-05-26,74.08999633789062,78.5,73.33999633789062,77.87999725341797,74.77554321289062,2205100,0.0,0.0
2022-05-27,78.66999816894531,80.44000244140625,77.93000030517578,79.83999633789062,76.65742492675781,2225600,0.0,0.0
2022-05-31,79.9800033569336,80.41000366210938,77.8499984741211,78.77999877929688,75.6396713256836,2903300,0.0,0.0
2022-06-01,79.77999877929688,81.16000366210938,78.29499816894531,79.23999786376953,76.08133697509766,2508500,0.0,0.0
2022-06-02,79.19000244140625,85.41999816894531,79.19000244140625,84.12999725341797,80.77642822265625,2745600,0.0,0.0
2022-06-03,82.95999908447266,83.98999786376953,81.11000061035156,82.20999908447266,78.93295288085938,1905500,0.0,0.0
2022-06-06,84.44999694824219,85.95999908447266,82.74400329589844,82.91999816894531,79.6146469116211,1673200,0.0,0.0
2022-06-07,81.5,84.61000061035156,81.2300033569336,84.30000305175781,80.93964385986328,3046500,0.0,0.0
2022-06-08,84.25,87.45999908447266,83.72000122070312,84.63999938964844,81.2660903930664,1542900,0.0,0.0
2022-06-09,83.77999877929688,84.05000305175781,80.35800170898438,80.41999816894531,77.21430969238281,1601100,0.0,0.0
2022-06-10,77.73999786376953,80.0,76.13500213623047,76.68000030517578,73.6233901977539,2463700,0.0,0.0
2022-06-13,74.0,75.7300033569336,71.65499877929688,72.31999969482422,69.43718719482422,3052100,0.0,0.0
2022-06-14,73.44000244140625,75.36000061035156,72.44000244140625,73.06999969482422,70.15728759765625,2892000,0.0,0.0
2022-06-15,74.86000061035156,78.41000366210938,74.1050033569336,77.05999755859375,73.98823547363281,3043600,0.0,0.0
2022-06-16,74.41000366210938,75.4749984741211,72.04000091552734,72.9000015258789,69.99407196044922,2788300,0.0,0.0
2022-06-17,72.86000061035156,73.63999938964844,67.25,68.55500030517578,65.82227325439453,8100500,0.0,0.0
2022-06-21,69.48999786376953,71.73999786376953,69.30000305175781,70.04000091552734,67.24807739257812,3353400,0.0,0.0
2022-06-22,69.45999908447266,71.21499633789062,68.87999725341797,69.62000274658203,66.84481048583984,3389300,0.0,0.0
2022-06-23,71.12000274658203,73.68000030517578,69.34500122070312,73.44999694824219,70.52213287353516,2745400,0.0,0.0
2022-06-24,74.12999725341797,78.5,73.6449966430664,78.44999694824219,75.32283020019531,3433300,0.0,0.0
2022-06-27,78.31999969482422,79.37000274658203,74.26000213623047,76.69999694824219,73.64258575439453,3464100,0.0,0.0
2022-06-28,77.0,77.01000213623047,71.63999938964844,71.80999755859375,68.947509765625,2480100,0.0,0.0
2022-06-29,72.11000061035156,73.35199737548828,70.25,71.08999633789062,68.25621032714844,2139800,0.0,0.0
2022-06-30,70.4000015258789,70.9800033569336,67.83999633789062,69.69000244140625,66.91202545166016,3104500,0.0,0.0
2022-07-01,69.51000213623047,71.625,68.77999877929688,71.48999786376953,68.64026641845703,1881000,0.0,0.0
2022-07-05,70.61000061035156,74.30000305175781,69.02200317382812,74.16000366210938,71.20384216308594,2665400,0.0,0.0
2022-07-06,74.02999877929688,74.7760009765625,72.7300033569336,73.86000061035156,70.9157943725586,2183500,0.0,0.0
2022-07-07,74.80000305175781,76.91999816894531,74.23999786376953,75.87999725341797,72.85527038574219,2122000,0.0,0.0
2022-07-08,74.37999725341797,76.08499908447266,72.70800018310547,75.23999786376953,72.24078369140625,2369500,0.0,0.0
2022-07-11,73.83999633789062,74.45999908447266,69.76000213623047,70.19999694824219,67.40168762207031,3066000,0.0,0.0
2022-07-12,70.55999755859375,72.48999786376953,68.58000183105469,69.19000244140625,66.43196868896484,2462600,0.0,0.0
2022-07-13,67.26000213623047,68.72000122070312,66.20999908447266,67.0199966430664,64.34845733642578,2398000,0.0,0.0
2022-07-14,66.5,66.68000030517578,63.89500045776367,64.0,61.4488410949707,2735000,0.0,0.0
2022-07-15,65.13999938964844,65.87999725341797,63.33000183105469,65.23999786376953,62.639408111572266,3362700,0.0,0.0
2022-07-18,66.81999969482422,67.91000366210938,64.76000213623047,65.12999725341797,62.533790588378906,2647200,0.0,0.0
2022-07-19,66.80000305175781,70.58999633789062,66.25,70.44999694824219,67.64173126220703,3114800,0.0,0.0
2022-07-20,71.37999725341797,74.13999938964844,70.66999816894531,73.33999633789062,70.4165267944336,2129100,0.0,0.0
2022-07-21,72.83999633789062,74.7300033569336,72.58999633789062,74.68000030517578,71.70311737060547,1934900,0.0,0.0
2022-07-22,73.61000061035156,75.36000061035156,71.58999633789062,72.20999908447266,69.33158111572266,1696500,0.0,0.0
2022-07-25,72.26000213623047,72.26000213623047,69.92500305175781,71.3499984741211,68.50585174560547,1581700,0.0,0.0
2022-07-26,71.04000091552734,71.04000091552734,67.98999786376953,68.44999694824219,65.72144317626953,1769800,0.0,0.0
2022-07-27,70.58999633789062,72.33000183105469,69.79000091552734,71.95999908447266,69.09154510498047,2822900,0.0,0.0
2022-07-28,71.37000274658203,72.7699966430664,69.62000274658203,72.5199966430664,69.62922668457031,1743200,0.0,0.0
2022-07-29,71.68000030517578,73.47000122070312,70.5999984741211,73.30999755859375,70.38772583007812,2296600,0.0,0.0
2022-08-01,71.86000061035156,74.0199966430664,69.79000091552734,73.52999877929688,70.59896087646484,2749300,0.0,0.0
2022-08-02,73.1500015258789,77.7699966430664,72.62999725341797,76.70999908447266,73.6521987915039,4191400,0.0,0.0
2022-08-03,60.060001373291016,64.87999725341797,59.15399932861328,63.2400016784668,60.71913146972656,19427900,0.0,0.0
2022-08-04,63.58000183105469,67.1989974975586,63.2400016784668,66.52999877929688,63.877986907958984,5700300,0.0,0.0
2022-08-05,65.33000183105469,67.91500091552734,64.70999908447266,67.77999877929688,65.0781478881836,3531100,0.0,0.0
2022-08-08,68.56999969482422,71.70999908447266,67.69499969482422,68.11000061035156,65.39500427246094,3360000,0.0,0.0
2022-08-09,66.93000030517578,67.20500183105469,64.33000183105469,64.5199966430664,61.94811248779297,3987300,0.0,0.0
2022-08-10,66.72000122070312,68.54000091552734,65.9800033569336,66.05000305175781,63.417118072509766,4088800,0.0,0.0
2022-08-11,66.91999816894531,69.4749984741211,66.02999877929688,66.2699966430664,63.62834548950195,3085800,0.0,0.0
2022-08-12,67.37999725341797,68.31999969482422,67.01000213623047,67.97000122070312,65.2605972290039,2066700,0.0,0.0
2022-08-15,67.2699966430664,69.98999786376953,67.2699966430664,69.37000274658203,66.60478210449219,3355500,0.0,0.0
2022-08-16,68.79000091552734,69.1050033569336,66.69999694824219,67.7699966430664,65.06855010986328,2268100,0.0,0.0
2022-08-17,66.44000244140625,67.26499938964844,64.56999969482422,64.9000015258789,62.312965393066406,2048800,0.0,0.0
2022-08-18,64.5,65.46499633789062,63.86000061035156,65.04000091552734,62.4473876953125,1634500,0.0,0.0
2022-08-19,64.08999633789062,64.48999786376953,61.029998779296875,61.869998931884766,59.40373992919922,3556400,0.0,0.0
2022-08-22,60.5,61.0,58.459999084472656,58.619998931884766,56.283294677734375,3455200,0.0,0.0
2022-08-23,58.33000183105469,59.11000061035156,57.54999923706055,57.75,55.44797897338867,2589200,0.0,0.0
2022-08-24,57.9900016784668,59.310001373291016,57.63999938964844,57.72999954223633,55.428775787353516,2278200,0.0,0.0
2022-08-25,58.61000061035156,60.215999603271484,58.51499938964844,60.16999816894531,57.771507263183594,2355200,0.0,0.0
2022-08-26,60.25,61.90999984741211,57.16999816894531,57.869998931884766,55.56318664550781,2877800,0.0,0.0
2022-08-29,57.40999984741211,58.77000045776367,57.31999969482422,57.77000045776367,55.4671745300293,3026100,0.0,0.0
2022-08-30,58.349998474121094,58.9900016784668,56.08000183105469,56.47999954223633,54.228599548339844,2927800,0.0,0.0
2022-08-31,57.90999984741211,58.40299987792969,56.16999816894531,56.529998779296875,54.2765998840332,2764600,0.0,0.0
2022-09-01,56.130001068115234,56.61000061035156,53.470001220703125,55.45000076293945,53.239654541015625,3040300,0.0,0.0
2022-09-02,56.36000061035156,56.88999938964844,54.68000030517578,55.18000030517578,52.98042297363281,2354500,0.0,0.0
2022-09-06,55.08000183105469,55.18000030517578,53.1870002746582,53.83000183105469,51.68423080444336,2632700,0.0,0.0
2022-09-07,54.08000183105469,57.619998931884766,53.68000030517578,57.52000045776367,55.227142333984375,4296200,0.0,0.0
2022-09-08,56.15999984741211,59.5099983215332,56.150001525878906,59.150001525878906,56.792171478271484,3352100,0.0,0.0
2022-09-09,60.31100082397461,62.5,60.31100082397461,62.25,59.76859664916992,3655700,0.0,0.0
2022-09-12,62.25,63.470001220703125,62.20500183105469,63.040000915527344,60.52710723876953,2113200,0.0,0.0
2022-09-13,59.869998931884766,61.470001220703125,59.5,59.790000915527344,57.40665817260742,2723500,0.0,0.0
2022-09-14,59.18000030517578,59.7400016784668,58.0099983215332,58.650001525878906,56.31209945678711,2886400,0.0,0.0
2022-09-15,58.33000183105469,61.849998474121094,57.6150016784668,57.86000061035156,55.5535888671875,3938400,0.0,0.0
2022-09-16,56.470001220703125,56.63999938964844,55.2400016784668,55.369998931884766,53.162845611572266,4407500,0.0,0.0
2022-09-19,54.540000915527344,55.40999984741211,53.52000045776367,54.38999938964844,52.2219123840332,3025100,0.0,0.0
2022-09-20,54.08000183105469,54.14500045776367,51.7599983215332,51.810001373291016,49.744754791259766,3366700,0.0,0.0
2022-09-21,52.060001373291016,52.7400016784668,49.77000045776367,49.810001373291016,47.82447814941406,4318700,0.0,0.0
2022-09-22,49.36000061035156,50.0,48.459999084472656,48.560001373291016,46.624305725097656,4355800,0.0,0.0
2022-09-23,48.08000183105469,48.290000915527344,46.54999923706055,47.29999923706055,45.41453170776367,4053800,0.0,0.0
2022-09-26,47.59000015258789,48.619998931884766,46.189998626708984,46.34000015258789,44.4927978515625,3306800,0.0,0.0
2022-09-27,47.380001068115234,48.0099983215332,45.994998931884766,47.06999969482422,45.193702697753906,2848500,0.0,0.0
2022-09-28,47.380001068115234,49.119998931884766,47.20000076293945,48.560001373291016,46.624305725097656,4894700,0.0,0.0
2022-09-29,47.79999923706055,48.369998931884766,46.59400177001953,48.25,46.326663970947266,2938000,0.0,0.0
2022-09-30,48.279998779296875,49.5099983215332,47.65999984741211,47.75,45.846595764160156,2942300,0.0,0.0
2022-10-03,48.470001220703125,50.709999084472656,47.599998474121094,50.279998779296875,48.275733947753906,3365500,0.0,0.0
2022-10-04,51.45000076293945,52.68000030517578,50.4900016784668,51.45000076293945,49.399105072021484,2665700,0.0,0.0
2022-10-05,50.189998626708984,51.47999954223633,49.58000183105469,51.040000915527344,49.00545120239258,2071600,0.0,0.0
2022-10-06,50.86000061035156,51.5260009765625,49.65999984741211,50.525001525878906,48.510982513427734,1853200,0.0,0.0
2022-10-07,49.290000915527344,49.5,48.0,48.290000915527344,46.36507034301758,2354900,0.0,0.0
2022-10-10,48.689998626708984,48.779998779296875,47.529998779296875,48.20000076293945,46.278656005859375,2712100,0.0,0.0
2022-10-11,48.22999954223633,48.540000915527344,46.915000915527344,47.13999938964844,45.26090621948242,2614700,0.0,0.0
2022-10-12,47.150001525878906,47.290000915527344,45.79999923706055,46.7599983215332,44.89605712890625,2175300,0.0,0.0
2022-10-13,45.0,46.5,43.9119987487793,44.43000030517578,42.658939361572266,5722200,0.0,0.0
2022-10-14,44.65999984741211,45.22999954223633,41.380001068115234,41.459999084472656,39.80732345581055,4630400,0.0,0.0
2022-10-17,42.790000915527344,44.97999954223633,42.68000030517578,44.31999969482422,42.553321838378906,5170700,0.0,0.0
2022-10-18,45.77000045776367,46.66999816894531,45.290000915527344,45.97999954223633,44.14714813232422,4523800,0.0,0.0
2022-10-19,45.13999938964844,45.220001220703125,43.86000061035156,44.72999954223633,42.94697189331055,3422900,0.0,0.0
2022-10-20,44.83000183105469,45.88999938964844,42.61000061035156,42.70000076293945,40.99789810180664,5809300,0.0,0.0
2022-10-21,41.88999938964844,43.09000015258789,40.22999954223633,43.0,41.28593826293945,5131600,0.0,0.0
2022-10-24,43.0,43.27000045776367,41.150001525878906,42.540000915527344,40.84428024291992,3326000,0.0,0.0
2022-10-25,43.150001525878906,45.599998474121094,43.150001525878906,45.43000030517578,43.61907196044922,3060100,0.0,0.0
2022-10-26,44.459999084472656,45.79999923706055,44.06999969482422,44.22999954223633,42.4669075012207,3319100,0.0,0.0
2022-10-27,44.369998931884766,45.66999816894531,43.45000076293945,43.560001373291016,41.8236198425293,3855000,0.0,0.0
2022-10-28,43.36000061035156,44.04999923706055,42.15999984741211,43.68000030517578,41.9388313293457,8202100,0.0,0.0
2022-10-31,43.77000045776367,44.02000045776367,42.345001220703125,43.20000076293945,41.477970123291016,5022800,0.0,0.0
2022-11-01,44.42300033569336,45.9900016784668,43.72999954223633,43.900001525878906,42.150062561035156,7985800,0.0,0.0
2022-11-02,51.849998474121094,51.9900016784668,45.560001373291016,45.7400016784668,43.916717529296875,16983500,0.0,0.0
2022-11-03,45.119998931884766,45.90999984741211,42.77000045776367,42.790000915527344,41.084312438964844,5486400,0.0,0.0
2022-11-04,43.900001525878906,44.2400016784668,41.220001220703125,43.02000045776367,41.30514144897461,6450600,0.0,0.0
2022-11-07,43.900001525878906,45.0,43.04999923706055,44.529998779296875,42.75494384765625,4276200,0.0,0.0
2022-11-08,44.709999084472656,45.41999816894531,43.130001068115234,44.099998474121094,42.34209060668945,3476100,0.0,0.0
2022-11-09,43.279998779296875,43.29999923706055,41.95000076293945,42.939998626708984,41.228328704833984,3986400,0.0,0.0
2022-11-10,46.0,49.14500045776367,45.88999938964844,48.84000015258789,46.89314651489258,6569100,0.0,0.0
2022-11-11,49.02000045776367,52.35499954223633,48.64500045776367,51.439998626708984,49.38949966430664,4649500,0.0,0.0
2022-11-14,50.939998626708984,50.970001220703125,48.61000061035156,48.68000030517578,46.73952102661133,3821600,0.0,0.0
2022-11-15,51.0,52.34000015258789,50.400001525878906,51.91999816894531,49.850364685058594,5275200,0.0,0.0
2022-11-16,51.0,51.2400016784668,49.1349983215332,49.34000015258789,47.37321853637695,2210800,0.0,0.0
2022-11-17,47.58000183105469,48.599998474121094,46.61000061035156,47.029998779296875,45.15528869628906,2960400,0.0,0.0
2022-11-18,47.779998779296875,47.88999938964844,45.709999084472656,46.400001525878906,44.5504035949707,2828000,0.0,0.0
2022-11-21,46.02000045776367,47.22999954223633,45.09000015258789,46.97999954223633,45.1072883605957,3045200,0.0,0.0
2022-11-22,47.22999954223633,47.41999816894531,45.970001220703125,47.29999923706055,45.41453170776367,2617000,0.0,0.0
2022-11-23,47.56999969482422,48.58000183105469,47.189998626708984,48.27000045776367,46.34586715698242,1826700,0.0,0.0
2022-11-25,47.709999084472656,47.959999084472656,46.88999938964844,47.27000045776367,45.38572692871094,883500,0.0,0.0
2022-11-28,47.029998779296875,47.81999969482422,46.400001525878906,47.459999084472656,45.56815719604492,2906900,0.0,0.0
2022-11-29,47.27000045776367,48.279998779296875,46.36000061035156,46.880001068115234,45.01127624511719,2723000,0.0,0.0
2022-11-30,46.86000061035156,50.720001220703125,46.86000061035156,50.560001373291016,48.544586181640625,4109900,0.0,0.0
2022-12-01,50.790000915527344,51.63999938964844,49.40999984741211,49.959999084472656,47.968502044677734,3791000,0.0,0.0
2022-12-02,48.380001068115234,49.310001373291016,47.599998474121094,48.66999816894531,46.729923248291016,3084500,0.0,0.0
2022-12-05,48.349998474121094,48.78499984741211,45.599998474121094,45.779998779296875,43.955116271972656,4938000,0.0,0.0
2022-12-06,45.72999954223633,45.97999954223633,41.88999938964844,43.33000183105469,41.602787017822266,6039700,0.0,0.0
2022-12-07,43.2400016784668,43.599998474121094,42.2400016784668,43.04999923706055,41.333946228027344,3592900,0.0,0.0
2022-12-08,43.59000015258789,45.11000061035156,42.625,44.029998779296875,42.274879455566406,4778600,0.0,0.0
2022-12-09,43.709999084472656,44.66999816894531,43.150001525878906,43.58000183105469,41.84282684326172,5697300,0.0,0.0
2022-12-12,43.77000045776367,44.189998626708984,42.4900016784668,43.54999923706055,41.81401443481445,4589700,0.0,0.0
2022-12-13,46.20000076293945,48.119998931884766,45.18000030517578,46.88999938964844,45.0208740234375,9652600,0.0,0.0
2022-12-14,46.790000915527344,47.45000076293945,44.2599983215332,44.560001373291016,42.783756256103516,5289600,0.0,0.0
2022-12-15,43.290000915527344,43.974998474121094,41.685001373291016,41.95000076293945,40.277793884277344,4475500,0.0,0.0
2022-12-16,41.5,42.18000030517578,41.0,41.939998626708984,40.2681884765625,20063100,0.0,0.0
2022-12-19,42.22999954223633,42.775001525878906,39.810001373291016,40.369998931884766,38.76076889038086,5160000,0.0,0.0
2022-12-20,39.86000061035156,41.415000915527344,39.60200119018555,40.02000045776367,38.42472839355469,3234600,0.0,0.0
2022-12-21,40.23500061035156,40.970001220703125,39.939998626708984,40.709999084472656,39.08721923828125,3670400,0.0,0.0
2022-12-22,39.68000030517578,40.130001068115234,38.665000915527344,39.88999938964844,38.29990768432617,3785400,0.0,0.0
2022-12-23,39.779998779296875,40.650001525878906,39.18000030517578,40.58000183105469,38.96240234375,3096400,0.0,0.0
2022-12-27,40.25,40.5,39.04999923706055,39.18000030517578,37.61820983886719,4565400,0.0,0.0
2022-12-28,39.0099983215332,39.56700134277344,38.63999938964844,39.349998474121094,37.781436920166016,2911900,0.0,0.0
2022-12-29,40.20000076293945,41.520999908447266,39.7599983215332,41.09000015258789,39.45207214355469,3056400,0.0,0.0
2022-12-30,40.220001220703125,41.540000915527344,40.13999938964844,41.4900016784668,39.83612823486328,2741200,0.0,0.0
2023-01-03,42.349998474121094,42.869998931884766,40.400001525878906,41.060001373291016,39.423274993896484,4104200,0.0,0.0
2023-01-04,42.15999984741211,42.709999084472656,41.625,42.2599983215332,40.575435638427734,5475500,0.0,0.0
2023-01-05,42.20000076293945,42.56999969482422,41.29999923706055,42.5,40.805870056152344,3358100,0.0,0.0
2023-01-06,42.81999969482422,42.81999969482422,41.06999969482422,42.349998474121094,40.661842346191406,3201100,0.0,0.0
2023-01-09,43.2400016784668,45.91999816894531,43.2400016784668,43.869998931884766,42.12125778198242,5451100,0.0,0.0
2023-01-10,44.11000061035156,44.974998474121094,43.58000183105469,44.970001220703125,43.17741394042969,3059500,0.0,0.0
2023-01-11,44.90999984741211,45.81999969482422,44.599998474121094,45.68000030517578,43.859107971191406,3202900,0.0,0.0
2023-01-12,46.060001373291016,46.400001525878906,44.33000183105469,46.060001373291016,44.223960876464844,3011800,0.0,0.0
2023-01-13,45.470001220703125,46.35499954223633,45.29999923706055,46.130001068115234,44.291168212890625,2971000,0.0,0.0
2023-01-17,46.15999984741211,47.790000915527344,45.790000915527344,47.290000915527344,45.404930114746094,4308000,0.0,0.0
2023-01-18,47.79999923706055,48.56999969482422,46.75,47.209999084472656,45.32811737060547,3401800,0.0,0.0
2023-01-19,46.29999923706055,47.959999084472656,46.15999984741211,47.84000015258789,45.933006286621094,2394700,0.0,0.0
2023-01-20,48.5099983215332,50.900001525878906,48.16999816894531,50.41999816894531,48.41015625,4021800,0.0,0.0
2023-01-23,50.779998779296875,52.29499816894531,50.560001373291016,52.06999969482422,49.99439239501953,3649100,0.0,0.0
2023-01-24,51.66999816894531,52.3849983215332,50.709999084472656,50.849998474121094,48.823020935058594,2469300,0.0,0.0
2023-01-25,50.0,51.27000045776367,49.439998626708984,50.540000915527344,48.5253791809082,2865200,0.0,0.0
2023-01-26,51.29999923706055,51.869998931884766,50.619998931884766,51.779998779296875,49.71595001220703,2847400,0.0,0.0
2023-01-27,51.41999816894531,54.130001068115234,51.15999984741211,53.65999984741211,51.52101135253906,4175500,0.0,0.0
2023-01-30,52.630001068115234,53.5099983215332,52.119998931884766,52.400001525878906,50.31123733520508,5039400,0.0,0.0
2023-01-31,52.5099983215332,54.599998474121094,52.5099983215332,54.119998931884766,51.96267318725586,6585800,0.0,0.0
2023-02-01,49.900001525878906,52.11000061035156,48.4900016784668,51.40999984741211,49.36069869995117,14189800,0.0,0.0
2023-02-02,52.119998931884766,53.2599983215332,49.459999084472656,52.56999969482422,50.47445297241211,10456600,0.0,0.0
2023-02-03,50.93000030517578,50.939998626708984,48.244998931884766,48.45000076293945,46.5186882019043,6381400,0.0,0.0
2023-02-06,47.36000061035156,48.13999938964844,46.744998931884766,47.459999084472656,45.56815719604492,4558000,0.0,0.0
2023-02-07,47.17499923706055,49.54999923706055,46.349998474121094,48.810001373291016,46.864341735839844,3757200,0.0,0.0
2023-02-08,48.11000061035156,48.4900016784668,46.779998779296875,47.93000030517578,46.0194206237793,3197900,0.0,0.0
2023-02-09,48.599998474121094,49.130001068115234,46.81999969482422,47.22999954223633,45.34731674194336,2399600,0.0,0.0
2023-02-10,46.4900016784668,46.91999816894531,44.66999816894531,45.08000183105469,43.283023834228516,4713000,0.0,0.0
2023-02-13,45.529998779296875,45.9900016784668,44.959999084472656,45.630001068115234,43.81110382080078,3857500,0.0,0.0
2023-02-14,45.029998779296875,46.130001068115234,44.16999816894531,45.040000915527344,43.24462127685547,3446700,0.0,0.0
2023-02-15,45.0,45.73500061035156,44.47999954223633,45.56999969482422,43.75349426269531,4837200,0.0,0.0
2023-02-16,44.58000183105469,45.04999923706055,43.70000076293945,43.91999816894531,42.16926574707031,3944500,0.0,0.0
2023-02-17,43.38999938964844,43.77000045776367,42.599998474121094,43.630001068115234,41.89082336425781,3788000,0.0,0.0
2023-02-21,42.790000915527344,43.689998626708984,42.369998931884766,42.439998626708984,40.74826431274414,4800500,0.0,0.0
2023-02-22,42.38999938964844,43.92499923706055,42.3650016784668,43.84000015258789,42.09244918823242,4154400,0.0,0.0
2023-02-23,44.5,44.61000061035156,42.939998626708984,43.63999938964844,41.900428771972656,3445000,0.0,0.0
2023-02-24,42.382999420166016,42.779998779296875,41.220001220703125,41.34000015258789,39.692108154296875,3407500,0.0,0.0
2023-02-27,41.95000076293945,42.45000076293945,41.27000045776367,41.380001068115234,39.73051452636719,2563900,0.0,0.0
2023-02-28,41.209999084472656,41.81999969482422,41.189998626708984,41.41999816894531,39.7689208984375,3648600,0.0,0.0
2023-03-01,41.56999969482422,42.599998474121094,41.4900016784668,41.619998931884766,39.96094512939453,2959300,0.0,0.0
2023-03-02,40.95000076293945,42.0099983215332,40.90999984741211,41.720001220703125,40.05696105957031,2778700,0.0,0.0
2023-03-03,41.9900016784668,42.02000045776367,40.939998626708984,41.63999938964844,39.98015213012695,3679200,0.0,0.0
2023-03-06,42.0,42.15999984741211,39.5,39.56999969482422,37.9926643371582,4774700,0.0,0.0
2023-03-07,39.90999984741211,40.209999084472656,38.65999984741211,38.83000183105469,37.28216552734375,5053000,0.0,0.0
2023-03-08,38.54999923706055,39.0099983215332,37.84000015258789,38.06999969482422,36.552452087402344,4344300,0.0,0.0
2023-03-09,37.79999923706055,38.63999938964844,36.619998931884766,36.650001525878906,35.189056396484375,4462200,0.0,0.0
2023-03-10,36.599998474121094,36.599998474121094,34.779998779296875,35.4900016784668,34.07530212402344,4161900,0.0,0.0
2023-03-13,35.18000030517578,35.720001220703125,34.619998931884766,34.790000915527344,33.403202056884766,4019900,0.0,0.0
2023-03-14,36.54999923706055,37.380001068115234,36.22999954223633,36.7400016784668,35.27547836303711,5882300,0.0,0.0
2023-03-15,36.33000183105469,36.709999084472656,35.5,36.5,35.0450439453125,3669400,0.0,0.0
2023-03-16,36.349998474121094,37.279998779296875,35.95000076293945,36.619998931884766,35.160255432128906,3405300,0.0,0.0
2023-03-17,36.66999816894531,36.939998626708984,35.75,36.720001220703125,35.25627136230469,4171200,0.0,0.0
2023-03-20,36.939998626708984,37.61000061035156,36.61000061035156,37.2400016784668,35.75554275512695,3462200,0.0,0.0
2023-03-21,37.88999938964844,38.52000045776367,37.720001220703125,38.349998474121094,36.821292877197266,3109400,0.0,0.0
2023-03-22,38.36000061035156,40.560001373291016,38.0,39.220001220703125,37.6566162109375,6936600,0.0,0.0
2023-03-23,40.130001068115234,41.41999816894531,39.45000076293945,39.720001220703125,38.13668441772461,5389500,0.0,0.0
2023-03-24,39.41999816894531,40.40999984741211,39.349998474121094,40.20000076293945,38.59754943847656,2460200,0.0,0.0
2023-03-27,40.400001525878906,41.34000015258789,39.90999984741211,40.33000183105469,38.722373962402344,2675200,0.0,0.0
2023-03-28,40.18000030517578,40.314998626708984,39.1150016784668,39.494998931884766,37.920654296875,2173900,0.0,0.0
2023-03-29,40.13999938964844,40.2599983215332,39.099998474121094,39.16999816894531,37.608612060546875,2349200,0.0,0.0
2023-03-30,39.369998931884766,39.43000030517578,36.45000076293945,37.61000061035156,36.11079025268555,7235100,0.0,0.0
2023-03-31,37.58000183105469,38.849998474121094,37.5,38.38999938964844,36.85970687866211,5113100,0.0,0.0
2023-04-03,37.88999938964844,38.869998931884766,37.88999938964844,38.45000076293945,36.91731262207031,3033200,0.0,0.0
2023-04-04,38.689998626708984,39.18000030517578,36.959999084472656,37.029998779296875,35.55390548706055,4658000,0.0,0.0
2023-04-05,36.77000045776367,36.77000045776367,35.380001068115234,36.0099983215332,34.5745735168457,4394700,0.0,0.0
2023-04-06,35.70000076293945,35.75,34.70000076293945,35.720001220703125,34.29612731933594,6244400,0.0,0.0
2023-04-10,35.43000030517578,35.880001068115234,34.810001373291016,35.66999816894531,34.24812316894531,3568600,0.0,0.0
2023-04-11,36.16999816894531,36.67599868774414,35.58000183105469,36.099998474121094,34.66098403930664,3297100,0.0,0.0
2023-04-12,36.540000915527344,36.540000915527344,34.33000183105469,34.380001068115234,33.00954818725586,5247800,0.0,0.0
2023-04-13,34.81999969482422,36.01499938964844,34.7400016784668,35.72999954223633,34.30573272705078,4500700,0.0,0.0
2023-04-14,35.34000015258789,35.97999954223633,35.189998626708984,35.36000061035156,33.95048522949219,3512600,0.0,0.0
2023-04-17,35.125,36.27000045776367,35.029998779296875,36.060001373291016,34.62257766723633,3504800,0.0,0.0
2023-04-18,36.16999816894531,36.255001068115234,35.11000061035156,35.209999084472656,33.806461334228516,2563600,0.0,0.0
2023-04-19,34.61000061035156,35.470001220703125,34.43000030517578,35.119998931884766,33.72005081176758,2360600,0.0,0.0
2023-04-20,34.689998626708984,35.18000030517578,34.54999923706055,34.619998931884766,33.23998260498047,2218000,0.0,0.0
2023-04-21,34.689998626708984,35.029998779296875,34.459999084472656,34.91999816894531,33.528018951416016,2398100,0.0,0.0
2023-04-24,34.91999816894531,35.16999816894531,34.16999816894531,34.47999954223633,33.105560302734375,4132300,0.0,0.0
2023-04-25,34.41999816894531,34.599998474121094,33.13999938964844,33.16999816894531,31.8477783203125,5070300,0.0,0.0
2023-04-26,33.66999816894531,34.27000045776367,33.05500030517578,33.130001068115234,31.809375762939453,4021200,0.0,0.0
2023-04-27,33.54499816894531,35.22999954223633,33.5,34.9900016784668,33.59523391723633,6304700,0.0,0.0
2023-04-28,34.88999938964844,36.90999984741211,34.83000183105469,36.900001525878906,35.429100036621094,6679100,0.0,0.0
2023-05-01,36.779998779296875,37.470001220703125,35.880001068115234,35.970001220703125,34.536170959472656,7131100,0.0,0.0
2023-05-02,35.9900016784668,36.529998779296875,34.459999084472656,34.59000015258789,33.211177825927734,8191000,0.0,0.0
2023-05-03,37.66999816894531,37.68000030517578,33.029998779296875,33.56999969482422,32.231834411621094,12859600,0.0,0.0
2023-05-04,33.650001525878906,34.540000915527344,33.08000183105469,33.59000015258789,32.251041412353516,4846700,0.0,0.0
2023-05-05,33.959999084472656,34.060001373291016,32.869998931884766,33.220001220703125,31.89579200744629,5546300,0.0,0.0
2023-05-08,33.209999084472656,33.724998474121094,32.28499984741211,32.47999954223633,31.18528175354004,5096000,0.0,0.0
2023-05-09,32.06999969482422,32.25,31.655000686645508,31.90999984741211,30.63800621032715,4778000,0.0,0.0
2023-05-10,32.279998779296875,32.7400016784668,31.725000381469727,32.36000061035156,31.070070266723633,5556700,0.0,0.0
2023-05-11,32.290000915527344,32.56999969482422,31.59000015258789,31.700000762939453,30.436378479003906,4350900,0.0,0.0
2023-05-12,31.719999313354492,31.760000228881836,30.729999542236328,30.860000610351562,29.629863739013672,6540900,0.0,0.0
2023-05-15,30.979999542236328,32.459999084472656,30.729999542236328,32.439998626708984,31.146881103515625,11737800,0.0,0.0
2023-05-16,32.310001373291016,32.72999954223633,31.280000686645508,31.479999542236328,30.225147247314453,4054100,0.0,0.0
2023-05-17,31.479999542236328,32.029998779296875,31.110000610351562,31.59000015258789,30.330760955810547,3969100,0.0,0.0
2023-05-18,31.489999771118164,32.060001373291016,31.43000030517578,32.02000045776367,30.743621826171875,3597400,0.0,0.0
2023-05-19,32.02000045776367,32.137001037597656,31.520000457763672,31.84000015258789,30.570796966552734,4131000,0.0,0.0
2023-05-22,32.0,34.2400016784668,32.0,33.97999954223633,32.62548828125,6299600,0.0,0.0
2023-05-23,33.93000030517578,35.90999984741211,33.630001068115234,34.68000030517578,33.29758834838867,11164600,0.0,0.0
2023-05-24,34.380001068115234,34.9900016784668,33.7599983215332,33.970001220703125,32.61589813232422,6021100,0.0,0.0
2023-05-25,34.060001373291016,34.47200012207031,33.5099983215332,33.63999938964844,32.29904556274414,3317800,0.0,0.0
2023-05-26,33.63999938964844,34.20000076293945,33.387001037597656,34.11000061035156,32.75031661987305,3122500,0.0,0.0
2023-05-30,34.630001068115234,35.060001373291016,34.099998474121094,34.88999938964844,33.49921417236328,4758500,0.0,0.0
2023-05-31,34.540000915527344,34.665000915527344,33.95000076293945,34.5,33.12476348876953,4972600,0.0,0.0
2023-06-01,35.34000015258789,38.09000015258789,35.29999923706055,38.02000045776367,36.504451751708984,10396200,0.0,0.0
2023-06-02,38.31999969482422,39.650001525878906,38.05500030517578,38.970001220703125,37.416587829589844,7460600,0.0,0.0
2023-06-05,38.7400016784668,39.45100021362305,38.599998474121094,38.72999954223633,37.1861457824707,3889300,0.0,0.0
2023-06-06,38.72999954223633,40.380001068115234,38.630001068115234,39.720001220703125,38.13668441772461,4340700,0.0,0.0
2023-06-07,40.060001373291016,40.54999923706055,39.25,39.31999969482422,37.752628326416016,4960700,0.0,0.0
2023-06-08,39.31999969482422,39.5099983215332,38.68000030517578,39.04999923706055,37.49339294433594,4183600,0.0,0.0
2023-06-09,39.917999267578125,41.779998779296875,39.625,41.59000015258789,39.93214416503906,7207400,0.0,0.0
2023-06-12,41.54999923706055,42.10499954223633,41.06999969482422,41.279998779296875,39.63450241088867,5583300,0.0,0.0
2023-06-13,42.75,43.13999938964844,41.88999938964844,42.970001220703125,41.25712966918945,6606500,0.0,0.0
2023-06-14,42.86000061035156,44.5,42.81999969482422,44.11000061035156,42.351688385009766,7934400,0.0,0.0
2023-06-15,43.54999923706055,44.400001525878906,43.220001220703125,43.29999923706055,41.57398223876953,6240100,0.0,0.0
2023-06-16,43.5099983215332,43.560001373291016,41.79999923706055,42.25,40.565834045410156,5855000,0.0,0.0
2023-06-20,41.7599983215332,42.560001373291016,41.349998474121094,42.41999816894531,40.72905731201172,5168000,0.0,0.0
2023-06-21,41.15999984741211,41.540000915527344,40.33000183105469,41.0099983215332,39.37526321411133,7578700,0.0,0.0
2023-06-22,40.935001373291016,41.189998626708984,40.125,41.060001373291016,39.423274993896484,6817600,0.0,0.0
2023-06-23,40.560001373291016,41.75,40.47999954223633,41.2400016784668,39.59609603881836,7645300,0.0,0.0
2023-06-26,41.029998779296875,41.89500045776367,41.0,41.560001373291016,39.90333938598633,5212300,0.0,0.0
2023-06-27,42.0,42.68000030517578,41.900001525878906,42.0,40.3257942199707,3839100,0.0,0.0
2023-06-28,42.02000045776367,42.11000061035156,40.7400016784668,41.95000076293945,40.277793884277344,3786100,0.0,0.0
2023-06-29,41.939998626708984,42.189998626708984,41.459999084472656,41.880001068115234,40.21059036254883,2624900,0.0,0.0
2023-06-30,42.060001373291016,42.38999938964844,41.75,41.849998474121094,40.18177795410156,2867600,0.0,0.0
2023-07-03,41.88999938964844,42.558998107910156,41.88999938964844,42.41999816894531,40.72905731201172,1907700,0.0,0.0
2023-07-05,42.20000076293945,42.25199890136719,41.06999969482422,41.099998474121094,39.461669921875,2730300,0.0,0.0
2023-07-06,40.5099983215332,41.19900131225586,40.18000030517578,41.130001068115234,39.490478515625,3546400,0.0,0.0
2023-07-07,41.279998779296875,42.314998626708984,41.15999984741211,42.209999084472656,40.52743148803711,3012300,0.0,0.0
2023-07-10,42.11000061035156,43.59000015258789,42.11000061035156,43.4900016784668,41.75640106201172,4496800,0.0,0.0
2023-07-11,43.54999923706055,45.08000183105469,43.54999923706055,44.86000061035156,43.07179260253906,4620700,0.0,0.0
2023-07-12,45.88999938964844,46.72999954223633,45.439998626708984,46.61000061035156,44.75204086303711,4771200,0.0,0.0
2023-07-13,47.20000076293945,47.88999938964844,46.619998931884766,47.619998931884766,45.72177505493164,4181200,0.0,0.0
2023-07-14,47.58000183105469,48.25,47.189998626708984,48.06999969482422,46.15383529663086,6073200,0.0,0.0
2023-07-17,48.47600173950195,48.915000915527344,48.09000015258789,48.4900016784668,46.557098388671875,3390600,0.0,0.0
2023-07-18,48.790000915527344,48.790000915527344,47.709999084472656,47.95000076293945,46.03861999511719,3403700,0.0,0.0
2023-07-19,48.415000915527344,48.93000030517578,47.34000015258789,47.529998779296875,45.6353645324707,4341400,0.0,0.0
2023-07-20,47.18000030517578,47.279998779296875,45.599998474121094,45.81999969482422,43.9935302734375,3598500,0.0,0.0
2023-07-21,46.130001068115234,46.22999954223633,44.529998779296875,44.84000015258789,43.05259704589844,4706900,0.0,0.0
2023-07-24,45.630001068115234,46.005001068115234,44.77000045776367,45.599998474121094,43.78229522705078,5491100,0.0,0.0
2023-07-25,45.689998626708984,45.93199920654297,44.1349983215332,44.15999984741211,42.39970016479492,3290600,0.0,0.0
2023-07-26,44.029998779296875,45.2400016784668,43.97999954223633,45.0,43.206214904785156,2666700,0.0,0.0
2023-07-27,45.56999969482422,46.02000045776367,44.08000183105469,44.279998779296875,42.514915466308594,3000700,0.0,0.0
2023-07-28,45.470001220703125,45.73500061035156,44.95500183105469,45.599998474121094,43.78229522705078,2371400,0.0,0.0
2023-07-31,45.43000030517578,46.54999923706055,45.400001525878906,46.5099983215332,44.6560173034668,3755800,0.0,0.0
2023-08-01,45.65999984741211,46.650001525878906,45.59000015258789,46.150001525878906,44.31037521362305,5832400,0.0,0.0
2023-08-02,47.66999816894531,49.2400016784668,44.790000915527344,45.75,43.92631912231445,14108300,0.0,0.0
2023-08-03,46.29199981689453,46.470001220703125,44.9900016784668,46.15999984741211,44.319976806640625,7970700,0.0,0.0
2023-08-04,46.47999954223633,46.79999923706055,43.459999084472656,43.83000183105469,42.08285140991211,8264900,0.0,0.0
2023-08-07,43.349998474121094,44.220001220703125,42.775001525878906,43.439998626708984,41.70840072631836,5165400,0.0,0.0
2023-08-08,42.689998626708984,44.869998931884766,42.59000015258789,44.790000915527344,43.00458526611328,4553800,0.0,0.0
2023-08-09,44.7599983215332,46.099998474121094,43.65999984741211,45.720001220703125,43.89751052856445,5823800,0.0,0.0
2023-08-10,45.95000076293945,46.290000915527344,44.72999954223633,45.380001068115234,43.57106399536133,3225000,0.0,0.0
2023-08-11,44.91999816894531,45.45500183105469,44.21500015258789,44.959999084472656,43.16781234741211,3325900,0.0,0.0
2023-08-14,44.47999954223633,45.130001068115234,44.14500045776367,45.06999969482422,43.27342987060547,3408900,0.0,0.0
2023-08-15,44.83000183105469,46.310001373291016,44.78799819946289,45.529998779296875,43.715084075927734,5177400,0.0,0.0
2023-08-16,45.36000061035156,45.869998931884766,44.060001373291016,44.79999923706055,43.014183044433594,4042500,0.0,0.0
2023-08-17,45.52000045776367,45.875999450683594,44.529998779296875,44.560001373291016,42.783756256103516,2795400,0.0,0.0
2023-08-18,43.599998474121094,44.939998626708984,43.41999816894531,44.400001525878906,42.63013458251953,4027700,0.0,0.0
2023-08-21,44.5099983215332,45.334999084472656,43.70000076293945,44.38999938964844,42.62052917480469,2465100,0.0,0.0
2023-08-22,44.92499923706055,45.59000015258789,44.560001373291016,44.81999969482422,43.033390045166016,4567600,0.0,0.0
2023-08-23,44.619998931884766,45.59000015258789,44.27000045776367,45.40999984741211,43.59987258911133,3556100,0.0,0.0
2023-08-24,45.54999923706055,45.619998931884766,44.61000061035156,44.619998931884766,42.84136199951172,2580600,0.0,0.0
2023-08-25,44.619998931884766,44.91899871826172,43.15999984741211,43.790000915527344,42.04445266723633,3930900,0.0,0.0
2023-08-28,44.279998779296875,44.73099899291992,43.95000076293945,44.25,42.48611068725586,2608100,0.0,0.0
2023-08-29,44.119998931884766,45.189998626708984,44.0099983215332,44.790000915527344,43.00458526611328,2166900,0.0,0.0
2023-08-30,44.619998931884766,46.209999084472656,44.42100143432617,46.20000076293945,44.35838317871094,3957800,0.0,0.0
2023-08-31,46.400001525878906,47.15999984741211,46.33000183105469,46.869998931884766,45.001670837402344,4305300,0.0,0.0
2023-09-01,47.38999938964844,47.810001373291016,46.369998931884766,46.459999084472656,44.60801696777344,2641500,0.0,0.0
2023-09-05,46.09000015258789,47.55500030517578,45.90999984741211,45.97999954223633,44.14714813232422,3662100,0.0,0.0
2023-09-06,45.79999923706055,45.970001220703125,44.959999084472656,45.2599983215332,43.45584487915039,3340600,0.0,0.0
2023-09-07,44.779998779296875,45.814998626708984,43.439998626708984,44.47999954223633,42.706939697265625,5867500,0.0,0.0
2023-09-08,44.470001220703125,44.63999938964844,43.400001525878906,44.04999923706055,42.294090270996094,2677400,0.0,0.0
2023-09-11,44.54999923706055,44.755001068115234,43.38999938964844,43.529998779296875,41.79481506347656,2528800,0.0,0.0
2023-09-12,42.8849983215332,43.54999923706055,42.470001220703125,43.29999923706055,41.57398223876953,3241200,0.0,0.0
2023-09-13,44.7400016784668,44.869998931884766,42.119998931884766,42.5099983215332,40.81546401977539,5549800,0.0,0.0
2023-09-14,42.88999938964844,44.65999984741211,42.86000061035156,44.040000915527344,42.28448486328125,5615000,0.0,0.0
2023-09-15,44.040000915527344,44.54999923706055,43.67300033569336,44.150001525878906,42.39009475708008,7145600,0.0,0.0
2023-09-18,43.810001373291016,43.939998626708984,42.75,42.810001373291016,41.103511810302734,4784100,0.0,0.0
2023-09-19,42.540000915527344,42.86899948120117,42.025001525878906,42.41999816894531,40.72905731201172,3380900,0.0,0.0
2023-09-20,42.33000183105469,42.505001068115234,41.54999923706055,41.58000183105469,39.922542572021484,3215500,0.0,0.0
2023-09-21,41.349998474121094,41.86000061035156,40.91999816894531,41.029998779296875,39.39446258544922,3383800,0.0,0.0
2023-09-22,41.130001068115234,41.775001525878906,41.09000015258789,41.2599983215332,39.615299224853516,3252000,0.0,0.0
2023-09-25,41.099998474121094,41.61000061035156,40.689998626708984,41.5,39.84572982788086,2829400,0.0,0.0
2023-09-26,40.880001068115234,41.77000045776367,40.83000183105469,40.904998779296875,39.274444580078125,4101000,0.0,0.0
2023-09-27,40.95000076293945,41.09000015258789,39.68000030517578,39.97999954223633,38.386322021484375,3700700,0.0,0.0
2023-09-28,39.63999938964844,40.130001068115234,39.02000045776367,39.47999954223633,37.906253814697266,4360400,0.0,0.0
2023-09-29,40.220001220703125,40.76499938964844,39.0099983215332,39.17499923706055,37.613407135009766,3913500,0.0,0.0
2023-10-02,39.0,39.029998779296875,37.650001525878906,38.11000061035156,36.59086227416992,5682500,0.0,0.0
2023-10-03,38.130001068115234,38.349998474121094,37.65999984741211,38.150001525878906,36.6292724609375,3081000,0.0,0.0
2023-10-04,38.04999923706055,38.323001861572266,37.4900016784668,37.9900016784668,36.475650787353516,2668600,0.0,0.0
2023-10-05,38.22999954223633,38.25,36.79999923706055,36.84000015258789,35.371490478515625,4515300,0.0,0.0
2023-10-06,36.650001525878906,37.61000061035156,36.04999923706055,37.29999923706055,35.81315231323242,3691500,0.0,0.0
2023-10-09,37.06999969482422,37.72999954223633,36.97999954223633,37.41999816894531,35.92836380004883,2033000,0.0,0.0
2023-10-10,37.56999969482422,38.084999084472656,37.5,37.77000045776367,36.26441955566406,2502000,0.0,0.0
2023-10-11,37.7599983215332,39.132999420166016,37.724998474121094,38.31999969482422,36.7924919128418,3896500,0.0,0.0
2023-10-12,38.04499816894531,38.11000061035156,37.06999969482422,37.38999938964844,35.89956283569336,3292500,0.0,0.0
2023-10-13,37.11000061035156,37.16999816894531,35.220001220703125,35.540000915527344,34.12331008911133,5897100,0.0,0.0
2023-10-16,35.70000076293945,36.61000061035156,35.68000030517578,36.38999938964844,34.93942642211914,4925600,0.0,0.0
2023-10-17,36.02000045776367,36.779998779296875,35.959999084472656,36.43000030517578,34.97783279418945,3499000,0.0,0.0
2023-10-18,35.9900016784668,36.119998931884766,35.279998779296875,35.5,34.084903717041016,3598300,0.0,0.0
2023-10-19,36.0,36.709999084472656,35.95000076293945,36.20000076293945,34.75699996948242,3469100,0.0,0.0
2023-10-20,36.189998626708984,36.2400016784668,35.47999954223633,35.52000045776367,34.104103088378906,2775800,0.0,0.0
2023-10-23,35.11000061035156,35.810001373291016,34.90999984741211,35.310001373291016,33.90248107910156,2615100,0.0,0.0
2023-10-24,35.4900016784668,37.01499938964844,35.48500061035156,36.880001068115234,35.40989685058594,4242500,0.0,0.0
2023-10-25,36.47999954223633,36.540000915527344,34.90999984741211,34.939998626708984,33.54722595214844,4144600,0.0,0.0
2023-10-26,34.939998626708984,35.63999938964844,34.56999969482422,34.91999816894531,33.528018951416016,4208700,0.0,0.0
2023-10-27,35.09000015258789,35.41999816894531,33.25,33.97999954223633,32.62548828125,6039800,0.0,0.0
2023-10-30,34.380001068115234,34.900001525878906,33.70000076293945,34.040000915527344,32.683101654052734,4147900,0.0,0.0
2023-10-31,34.25,35.14500045776367,34.06999969482422,34.599998474121094,33.22077941894531,6960000,0.0,0.0
2023-11-01,30.200000762939453,30.399999618530273,27.850000381469727,29.290000915527344,28.122447967529297,21753600,0.0,0.0
2023-11-02,29.799999237060547,30.3700008392334,28.850000381469727,29.18000030517578,28.016830444335938,10447900,0.0,0.0
2023-11-03,29.68000030517578,30.739999771118164,29.280000686645508,29.440000534057617,28.26646614074707,14471600,0.0,0.0
2023-11-06,29.40999984741211,29.5,28.209999084472656,28.450000762939453,27.315929412841797,7565600,0.0,0.0
2023-11-07,28.600000381469727,30.139999389648438,28.43000030517578,29.989999771118164,28.79454231262207,6430100,0.0,0.0
2023-11-08,29.690000534057617,31.110000610351562,29.690000534057617,29.84000015258789,28.65052032470703,7044800,0.0,0.0
2023-11-09,30.0,30.229999542236328,28.860000610351562,28.889999389648438,27.738388061523438,5837900,0.0,0.0
2023-11-10,28.65999984741211,29.719999313354492,28.0,29.700000762939453,28.516101837158203,10454100,0.0,0.0
2023-11-13,29.6299991607666,29.979999542236328,29.100000381469727,29.1200008392334,27.95922088623047,8366900,0.0,0.0
2023-11-14,30.06999969482422,30.975000381469727,29.639999389648438,30.770000457763672,29.54344940185547,10506400,0.0,0.0
2023-11-15,30.920000076293945,32.119998931884766,30.90999984741211,31.979999542236328,30.705215454101562,6840900,0.0,0.0
2023-11-16,31.690000534057617,31.899999618530273,30.6200008392334,31.579999923706055,30.3211612701416,6624300,0.0,0.0
2023-11-17,31.649999618530273,32.4900016784668,30.959999084472656,32.43000030517578,31.13728141784668,6178700,0.0,0.0
2023-11-20,32.5,33.10499954223633,32.36000061035156,32.59000015258789,31.29090118408203,5503100,0.0,0.0
2023-11-21,32.29999923706055,32.369998931884766,31.780000686645508,31.84000015258789,30.570796966552734,2937200,0.0,0.0
2023-11-22,32.099998474121094,32.45500183105469,31.950000762939453,32.06999969482422,30.791629791259766,3242500,0.0,0.0
2023-11-24,31.8799991607666,32.165000915527344,31.700000762939453,32.029998779296875,30.75322151184082,2253400,0.0,0.0
2023-11-27,31.90999984741211,32.31999969482422,31.559999465942383,31.649999618530273,30.388368606567383,5516400,0.0,0.0
2023-11-28,31.670000076293945,32.54999923706055,31.329999923706055,32.5099983215332,31.21409034729004,3177200,0.0,0.0
2023-11-29,32.720001220703125,33.650001525878906,32.314998626708984,32.47999954223633,31.18528175354004,5670900,0.0,0.0
2023-11-30,32.689998626708984,32.779998779296875,31.90999984741211,32.380001068115234,31.08927345275879,9320200,0.0,0.0
2023-12-01,32.31999969482422,33.43000030517578,31.899999618530273,33.400001525878906,32.06861114501953,4803800,0.0,0.0
2023-12-04,33.08000183105469,33.665000915527344,32.779998779296875,32.849998474121094,31.540538787841797,8576800,0.0,0.0
2023-12-05,32.540000915527344,32.72999954223633,32.025001525878906,32.31999969482422,31.031661987304688,6840200,0.0,0.0
2023-12-06,32.88999938964844,33.540000915527344,32.439998626708984,32.849998474121094,31.540538787841797,7023600,0.0,0.0
2023-12-07,32.849998474121094,33.029998779296875,32.165000915527344,32.2400016784668,30.954853057861328,4212400,0.0,0.0
2023-12-08,32.0,32.60499954223633,31.655000686645508,32.099998474121094,30.820432662963867,5342100,0.0,0.0
2023-12-11,32.099998474121094,32.5,32.0,32.279998779296875,30.993255615234375,4645800,0.0,0.0
2023-12-12,32.7400016784668,32.869998931884766,31.719999313354492,32.02000045776367,30.743621826171875,7853500,0.0,0.0
2023-12-13,31.989999771118164,33.654998779296875,31.940000534057617,33.45000076293945,32.11662292480469,15127500,0.0,0.0
2023-12-14,34.16999816894531,35.08000183105469,33.9900016784668,34.529998779296875,33.153564453125,7555800,0.0,0.0
2023-12-15,34.599998474121094,34.68000030517578,33.84000015258789,34.29999923706055,32.932735443115234,10270900,0.0,0.0
2023-12-18,33.95000076293945,34.400001525878906,33.540000915527344,34.02000045776367,32.66389465332031,5560000,0.0,0.0
2023-12-19,34.150001525878906,35.01499938964844,34.150001525878906,34.68000030517578,33.29758834838867,6435600,0.0,0.0
2023-12-20,34.7400016784668,35.435001373291016,34.11000061035156,34.18000030517578,32.8175163269043,3126300,0.0,0.0
2023-12-21,34.66999816894531,35.16999816894531,34.0099983215332,35.13999938964844,33.73925018310547,3148300,0.0,0.0
2023-12-22,35.16999816894531,35.470001220703125,34.84000015258789,35.20000076293945,33.79685974121094,2923000,0.0,0.0
2023-12-26,35.119998931884766,35.560001373291016,34.8650016784668,35.380001068115234,33.96968460083008,2800900,0.0,0.0
2023-12-27,35.40999984741211,35.869998931884766,35.29999923706055,35.810001373291016,34.38254928588867,5080800,0.0,0.0
2023-12-28,35.810001373291016,36.834999084472656,35.709999084472656,36.72999954223633,35.265872955322266,3571900,0.0,0.0
2023-12-29,36.5099983215332,36.77000045776367,36.14500045776367,36.5,35.0450439453125,4369300,0.0,0.0
2024-01-02,35.97999954223633,36.720001220703125,35.45000076293945,36.40999984741211,34.95862579345703,9218800,0.0,0.0
2024-01-03,35.689998626708984,36.0099983215332,34.8849983215332,35.86000061035156,34.4305534362793,11633900,0.0,0.0
2024-01-04,35.86000061035156,36.54499816894531,35.56999969482422,36.3650016784668,34.915428161621094,6276800,0.0,0.0
2024-01-05,36.06999969482422,37.084999084472656,36.064998626708984,36.68000030517578,35.217864990234375,4637600,0.0,0.0
2024-01-08,36.34000015258789,37.90999984741211,36.09000015258789,37.88999938964844,36.37963104248047,5295000,0.0,0.0
2024-01-09,42.20000076293945,42.42499923706055,38.58000183105469,39.040000915527344,37.483795166015625,18290900,0.0,0.0
2024-01-10,39.099998474121094,39.470001220703125,38.51499938964844,38.779998779296875,37.23415756225586,5270600,0.0,0.0
2024-01-11,38.869998931884766,38.900001525878906,36.86000061035156,37.63999938964844,36.13959884643555,8816700,0.0,0.0
2024-01-12,37.959999084472656,38.29999923706055,36.869998931884766,36.880001068115234,35.40989685058594,3911100,0.0,0.0
2024-01-16,36.630001068115234,36.86000061035156,36.279998779296875,36.66999816894531,35.2082633972168,4857800,0.0,0.0
2024-01-17,35.95000076293945,36.2599983215332,34.540000915527344,35.83000183105469,34.40174865722656,5572500,0.0,0.0
2024-01-18,36.130001068115234,36.5099983215332,35.70000076293945,36.369998931884766,34.92021942138672,6083400,0.0,0.0
2024-01-19,36.61000061035156,36.61000061035156,35.630001068115234,36.060001373291016,34.62257766723633,7100700,0.0,0.0
2024-01-22,36.45000076293945,37.06999969482422,35.8849983215332,36.220001220703125,34.77620315551758,4209200,0.0,0.0
2024-01-23,36.77000045776367,37.099998474121094,36.09000015258789,36.54999923706055,35.09304428100586,3314000,0.0,0.0
2024-01-24,37.290000915527344,37.38999938964844,36.71500015258789,36.939998626708984,35.46750259399414,3844200,0.0,0.0
2024-01-25,37.040000915527344,38.72999954223633,36.52299880981445,38.04999923706055,36.53325271606445,8204000,0.0,0.0
2024-01-26,37.95000076293945,38.130001068115234,37.5099983215332,37.959999084472656,36.446842193603516,6788900,0.0,0.0
2024-01-29,37.88999938964844,38.52000045776367,37.369998931884766,38.380001068115234,36.85010528564453,5051800,0.0,0.0
2024-01-30,38.0099983215332,38.279998779296875,37.5099983215332,37.72999954223633,36.226009368896484,12486900,0.0,0.0
2024-01-31,37.72999954223633,39.90999984741211,36.66999816894531,38.380001068115234,36.85010528564453,11313600,0.0,0.0
2024-02-01,38.7599983215332,38.86000061035156,37.400001525878906,38.25,36.72528076171875,6607000,0.0,0.0
2024-02-02,38.150001525878906,38.38999938964844,37.20500183105469,37.41999816894531,35.92836380004883,5103400,0.0,0.0
2024-02-05,37.20000076293945,37.34000015258789,35.14500045776367,35.459999084472656,34.0464973449707,6081700,0.0,0.0
2024-02-06,35.70000076293945,36.43000030517578,35.689998626708984,36.040000915527344,34.60337448120117,3966900,0.0,0.0
2024-02-07,36.119998931884766,36.119998931884766,34.79999923706055,34.81999969482422,33.4320068359375,4999600,0.0,0.0
2024-02-08,34.91999816894531,35.310001373291016,34.63999938964844,35.029998779296875,33.633636474609375,5113300,0.0,0.0
2024-02-09,35.11000061035156,35.95199966430664,34.95000076293945,35.41999816894531,34.008094787597656,3522700,0.0,0.0
2024-02-12,35.470001220703125,37.45800018310547,35.3849983215332,36.9900016784668,35.5155143737793,6091300,0.0,0.0
2024-02-13,36.130001068115234,36.54999923706055,35.30099868774414,35.619998931884766,34.20012283325195,4073700,0.0,0.0
2024-02-14,36.16999816894531,36.650001525878906,35.93000030517578,36.349998474121094,34.90101623535156,2912200,0.0,0.0
2024-02-15,36.599998474121094,37.68000030517578,36.54999923706055,37.650001525878906,36.149208068847656,3770900,0.0,0.0
2024-02-16,37.15999984741211,37.755001068115234,36.79999923706055,37.59000015258789,36.091590881347656,3138700,0.0,0.0
2024-02-20,36.900001525878906,37.290000915527344,36.09000015258789,36.150001525878906,34.7089958190918,3638900,0.0,0.0
2024-02-21,36.16999816894531,36.55500030517578,35.939998626708984,36.209999084472656,34.7666015625,3511300,0.0,0.0
2024-02-22,36.790000915527344,36.810001373291016,35.400001525878906,36.119998931884766,34.68019104003906,4792200,0.0,0.0
2024-02-23,36.220001220703125,37.150001525878906,36.119998931884766,36.86000061035156,35.390689849853516,3422000,0.0,0.0
2024-02-26,36.59000015258789,37.5099983215332,36.44499969482422,36.619998931884766,35.160255432128906,3159700,0.0,0.0
2024-02-27,36.790000915527344,37.57500076293945,36.70000076293945,37.31999969482422,35.83235168457031,3373800,0.0,0.0
2024-02-28,36.654998779296875,36.80500030517578,35.84000015258789,35.90999984741211,34.47855758666992,5785100,0.0,0.0
2024-02-29,36.0,36.459999084472656,35.597999572753906,36.040000915527344,34.60337448120117,6072000,0.0,0.0
2024-03-01,36.04999923706055,36.400001525878906,35.34000015258789,35.90999984741211,34.47855758666992,5337000,0.0,0.0
2024-03-04,35.86000061035156,35.90999984741211,34.849998474121094,35.060001373291016,33.66244125366211,6480500,0.0,0.0
2024-03-05,34.619998931884766,35.18000030517578,34.31999969482422,34.58000183105469,33.201576232910156,5436400,0.0,0.0
2024-03-06,34.849998474121094,35.10499954223633,33.619998931884766,33.84000015258789,32.49107360839844,8873200,0.0,0.0
2024-03-07,33.79999923706055,34.45000076293945,33.619998931884766,34.11000061035156,32.75031661987305,7021700,0.0,0.0
2024-03-08,34.209999084472656,34.720001220703125,33.77000045776367,33.900001525878906,32.548683166503906,5253500,0.0,0.0
2024-03-11,33.83000183105469,34.722999572753906,33.83000183105469,34.099998474121094,32.7407112121582,3490600,0.0,0.0
2024-03-12,33.939998626708984,34.029998779296875,33.0,33.540000915527344,32.20302963256836,6286800,0.0,0.0
2024-03-13,33.310001373291016,33.90999984741211,33.125,33.290000915527344,31.96299934387207,7395600,0.0,0.0
2024-03-14,33.20000076293945,34.11000061035156,32.33000183105469,33.31999969482422,31.991796493530273,12902700,0.0,0.0
2024-03-15,33.150001525878906,33.8650016784668,33.060001373291016,33.54999923706055,32.21262741088867,15616700,0.0,0.0
2024-03-18,33.56999969482422,35.15999984741211,33.56999969482422,35.130001068115234,33.72965621948242,6522600,0.0,0.0
2024-03-19,35.06999969482422,35.7400016784668,34.81999969482422,35.709999084472656,34.28653335571289,8267100,0.0,0.0
2024-03-20,35.619998931884766,36.05500030517578,34.939998626708984,36.0099983215332,34.5745735168457,8639400,0.0,0.0
2024-03-21,36.25,36.3129997253418,35.470001220703125,35.689998626708984,34.2673225402832,7413200,0.0,0.0
2024-03-22,35.7400016784668,36.279998779296875,35.65999984741211,35.75,34.32493591308594,4698900,0.0,0.0
2024-03-25,35.95000076293945,36.060001373291016,35.06999969482422,35.34000015258789,33.93128204345703,4316500,0.0,0.0
2024-03-26,35.58000183105469,36.005001068115234,35.314998626708984,35.66999816894531,34.24812316894531,5823100,0.0,0.0
2024-03-27,35.91999816894531,36.189998626708984,35.369998931884766,35.880001068115234,34.44976043701172,4296600,0.0,0.0
2024-03-28,36.099998474121094,36.98500061035156,36.099998474121094,36.279998779296875,34.83381271362305,5687900,0.0,0.0
2024-04-01,36.34000015258789,36.43000030517578,35.79999923706055,35.90999984741211,34.47855758666992,3636300,0.0,0.0
2024-04-02,35.529998779296875,35.75,35.18000030517578,35.220001220703125,33.81606674194336,3163100,0.0,0.0
2024-04-03,35.13999938964844,35.900001525878906,34.95000076293945,35.77000045776367,34.34414291381836,2616100,0.0,0.0
2024-04-04,35.93000030517578,36.029998779296875,33.70000076293945,33.720001220703125,32.3758544921875,6366300,0.0,0.0
2024-04-05,33.70000076293945,34.040000915527344,33.33599853515625,33.709999084472656,32.36625671386719,4447600,0.0,0.0
2024-04-08,33.689998626708984,34.310001373291016,33.58000183105469,34.04999923706055,32.69269943237305,2651600,0.0,0.0
2024-04-09,34.25,35.755001068115234,34.20000076293945,35.11000061035156,33.71044921875,3844500,0.0,0.0
2024-04-10,34.5,34.599998474121094,33.28499984741211,33.470001220703125,32.135826110839844,6144600,0.0,0.0
2024-04-11,33.720001220703125,33.994998931884766,33.18000030517578,33.810001373291016,32.4622688293457,3354300,0.0,0.0
2024-04-12,33.47999954223633,33.61000061035156,32.564998626708984,32.68000030517578,31.377315521240234,5351400,0.0,0.0
2024-04-15,32.7400016784668,33.040000915527344,31.889999389648438,31.959999084472656,30.686012268066406,5324500,0.0,0.0
2024-04-16,31.889999389648438,32.349998474121094,31.639999389648438,31.729999542236328,30.46518325805664,3809700,0.0,0.0
2024-04-17,31.979999542236328,32.4900016784668,31.690000534057617,32.279998779296875,30.993255615234375,3651900,0.0,0.0
2024-04-18,31.5,32.869998931884766,31.40999984741211,32.220001220703125,30.93564796447754,3830800,0.0,0.0
2024-04-19,32.31999969482422,32.47999954223633,31.979999542236328,32.18000030517578,30.897245407104492,4043800,0.0,0.0
2024-04-22,32.529998779296875,32.650001525878906,31.885000228881836,31.959999084472656,30.686012268066406,3590500,0.0,0.0
2024-04-23,32.04999923706055,32.31999969482422,31.6299991607666,31.690000534057617,30.426776885986328,3361800,0.0,0.0
2024-04-24,31.559999465942383,32.02000045776367,31.413000106811523,31.940000534057617,30.666810989379883,2609000,0.0,0.0
2024-04-25,31.329999923706055,31.729999542236328,31.075000762939453,31.690000534057617,30.426776885986328,4375500,0.0,0.0
2024-04-26,32.077999114990234,32.29999923706055,31.729999542236328,31.889999389648438,30.61880111694336,2583000,0.0,0.0
2024-04-29,31.940000534057617,32.220001220703125,31.350000381469727,31.530000686645508,30.27315330505371,2679200,0.0,0.0
2024-04-30,31.270000457763672,31.899999618530273,30.809999465942383,30.81999969482422,29.591455459594727,4451800,0.0,0.0
2024-05-01,31.190000534057617,31.950000762939453,30.920000076293945,31.18000030517578,29.93710708618164,4391900,0.0,0.0
2024-05-02,31.5,31.65999984741211,30.719999313354492,31.290000915527344,30.042720794677734,3468200,0.0,0.0
2024-05-03,31.799999237060547,32.290000915527344,31.56999969482422,31.93000030517578,30.657211303710938,5812800,0.0,0.0
2024-05-06,31.899999618530273,32.470001220703125,31.8799991607666,32.2400016784668,30.954853057861328,5944600,0.0,0.0
2024-05-07,32.220001220703125,32.439998626708984,31.454999923706055,31.510000228881836,30.253952026367188,9161600,0.0,0.0
2024-05-08,28.954999923706055,30.200000762939453,27.655000686645508,29.81999969482422,28.631317138671875,20560100,0.0,0.0
2024-05-09,30.1299991607666,30.639999389648438,29.81999969482422,30.579999923706055,29.361024856567383,7001500,0.0,0.0
2024-05-10,30.56999969482422,30.770000457763672,29.902000427246094,30.690000534057617,29.466636657714844,4684400,0.0,0.0
2024-05-13,30.959999084472656,31.56999969482422,30.510000228881836,30.959999084472656,29.725875854492188,7544500,0.0,0.0
2024-05-14,31.309999465942383,31.959999084472656,31.110000610351562,31.940000534057617,30.666810989379883,9047400,0.0,0.0
2024-05-15,32.06999969482422,32.13999938964844,31.239999771118164,31.360000610351562,30.10993194580078,4974500,0.0,0.0
2024-05-16,31.1200008392334,31.489999771118164,30.969999313354492,31.360000610351562,30.10993194580078,3804000,0.0,0.0
2024-05-17,31.399999618530273,31.540000915527344,31.15999984741211,31.209999084472656,29.96590805053711,2876700,0.0,0.0
2024-05-20,31.100000381469727,31.290000915527344,30.204999923706055,30.3799991607666,29.16899299621582,4706700,0.0,0.0
2024-05-21,30.309999465942383,30.725000381469727,29.96500015258789,30.030000686645508,28.832948684692383,4045700,0.0,0.0
2024-05-22,29.969999313354492,30.360000610351562,29.44499969482422,29.610000610351562,28.429691314697266,3581400,0.0,0.0
2024-05-23,29.5,29.93000030517578,29.389999389648438,29.479999542236328,28.304868698120117,4965800,0.0,0.0
2024-05-24,29.600000381469727,29.690000534057617,29.170000076293945,29.399999618530273,28.228059768676758,3809500,0.0,0.0
2024-05-28,29.260000228881836,30.1200008392334,29.25,29.350000381469727,28.180051803588867,4486500,0.0,0.0
2024-05-29,29.0,29.569000244140625,28.979999542236328,29.540000915527344,28.36248016357422,4875000,0.0,0.0
2024-05-30,29.760000228881836,30.059999465942383,29.389999389648438,29.959999084472656,28.765737533569336,4770400,0.0,0.0
2024-05-31,29.959999084472656,30.670000076293945,29.600000381469727,30.6299991607666,29.409027099609375,6347100,0.0,0.0
2024-06-03,30.690000534057617,31.110000610351562,30.510000228881836,31.020000457763672,29.78348159790039,4183900,0.0,0.0
2024-06-04,30.709999084472656,31.270000457763672,30.655000686645508,31.079999923706055,29.84109115600586,2972100,0.0,0.0
2024-06-05,31.229999542236328,31.670000076293945,31.06999969482422,31.440000534057617,30.186744689941406,4017500,0.0,0.0
2024-06-06,31.209999084472656,32.720001220703125,31.209999084472656,32.70000076293945,31.396516799926758,3783500,0.0,0.0
2024-06-07,32.45000076293945,32.56999969482422,31.895000457763672,32.02000045776367,30.743621826171875,3567400,0.0,0.0
2024-06-10,31.739999771118164,32.040000915527344,31.34000015258789,31.850000381469727,30.580398559570312,2944200,0.0,0.0
2024-06-11,31.719999313354492,31.809999465942383,31.25,31.709999084472656,30.44597816467285,3085000,0.0,0.0
2024-06-12,32.22999954223633,32.369998931884766,30.94499969482422,31.049999237060547,29.812286376953125,3909700,0.0,0.0
2024-06-13,31.079999923706055,32.150001525878906,30.989999771118164,31.604999542236328,30.345165252685547,5467300,0.0,0.0
2024-06-14,31.309999465942383,31.649999618530273,31.049999237060547,31.549999237060547,30.292356491088867,3844300,0.0,0.0
2024-06-17,31.280000686645508,31.489999771118164,30.524999618530273,30.540000915527344,29.32261848449707,3693900,0.0,0.0
2024-06-18,30.510000228881836,31.520000457763672,30.235000610351562,30.469999313354492,29.255407333374023,4395600,0.0,0.0
2024-06-20,30.389999389648438,30.54400062561035,29.989999771118164,30.290000915527344,29.082584381103516,3012700,0.0,0.0
2024-06-21,30.360000610351562,31.110000610351562,30.290000915527344,31.010000228881836,29.773881912231445,12732600,0.0,0.0
2024-06-24,30.959999084472656,31.514999389648438,30.764999389648438,30.799999237060547,29.57225227355957,4537500,0.0,0.0
2024-06-25,30.700000762939453,30.924999237060547,29.93000030517578,30.239999771118164,29.034576416015625,5262700,0.0,0.0
2024-06-26,30.1200008392334,30.559999465942383,29.920000076293945,30.31999969482422,29.111387252807617,5596600,0.0,0.0
2024-06-27,30.229999542236328,30.6200008392334,30.139999389648438,30.450000762939453,29.236204147338867,7211000,0.0,0.0
2024-06-28,30.350000381469727,30.540000915527344,30.059999465942383,30.3799991607666,29.16899299621582,11048700,0.0,0.0
2024-07-01,30.34000015258789,30.549999237060547,29.125,29.34000015258789,28.170452117919922,5058400,0.0,0.0
2024-07-02,29.459999084472656,29.6200008392334,29.209999084472656,29.450000762939453,28.276065826416016,3510100,0.0,0.0
2024-07-03,29.549999237060547,29.979999542236328,29.4950008392334,29.520000457763672,28.343276977539062,1895700,0.0,0.0
2024-07-05,29.420000076293945,29.600000381469727,29.149999618530273,29.420000076293945,28.247264862060547,3859200,0.0,0.0
2024-07-08,29.549999237060547,30.209999084472656,29.440000534057617,30.200000762939453,28.996171951293945,4976500,0.0,0.0
2024-07-09,30.149999618530273,31.049999237060547,30.100000381469727,30.940000534057617,29.70667266845703,5785700,0.0,0.0
2024-07-10,31.15999984741211,31.170000076293945,30.520000457763672,30.850000381469727,29.62026023864746,6429000,0.0,0.0
2024-07-11,31.309999465942383,31.770000457763672,30.954999923706055,31.549999237060547,30.292356491088867,7445400,0.0,0.0
2024-07-12,31.670000076293945,32.83000183105469,31.420000076293945,32.279998779296875,30.993255615234375,6627100,0.0,0.0
2024-07-15,31.889999389648438,32.314998626708984,31.709999084472656,32.02000045776367,30.743621826171875,8595300,0.0,0.0
2024-07-16,34.220001220703125,35.040000915527344,33.68000030517578,34.40999984741211,33.038352966308594,15605800,0.0,0.0
2024-07-17,34.189998626708984,35.95000076293945,33.97999954223633,35.54999923706055,34.132904052734375,9712800,0.0,0.0
2024-07-18,35.58000183105469,36.33000183105469,34.82500076293945,34.9900016784668,33.59523391723633,7845100,0.0,0.0
2024-07-19,34.790000915527344,34.994998931884766,34.41999816894531,34.66999816894531,33.28799057006836,4074700,0.0,0.0
2024-07-22,34.790000915527344,34.86000061035156,34.28499984741211,34.40999984741211,33.038352966308594,3965500,0.0,0.0
2024-07-23,34.290000915527344,34.81999969482422,34.266998291015625,34.349998474121094,32.980743408203125,4970500,0.0,0.0
2024-07-24,34.040000915527344,34.20000076293945,32.939998626708984,32.9900016784668,31.674955368041992,4380400,0.0,0.0
2024-07-25,33.060001373291016,33.654998779296875,31.790000915527344,33.25,31.924592971801758,6752300,0.0,0.0
2024-07-26,33.29999923706055,33.349998474121094,32.709999084472656,33.25,31.924592971801758,3176600,0.0,0.0
2024-07-29,33.540000915527344,34.04999923706055,33.029998779296875,33.20000076293945,31.8765869140625,6290000,0.0,0.0
2024-07-30,33.18000030517578,33.875,33.08000183105469,33.689998626708984,32.347049713134766,4331600,0.0,0.0
2024-07-31,38.0,38.84000015258789,36.130001068115234,38.13999938964844,36.619667053222656,21731500,0.0,0.0
2024-08-01,38.52000045776367,38.52000045776367,36.04999923706055,37.56999969482422,36.0723876953125,9198900,0.0,0.0
2024-08-02,37.0099983215332,37.31999969482422,36.189998626708984,36.66999816894531,35.2082633972168,5757500,0.0,0.0
2024-08-05,35.119998931884766,35.83000183105469,34.494998931884766,35.65999984741211,34.238525390625,7268500,0.0,0.0
2024-08-06,35.7400016784668,36.0099983215332,35.099998474121094,35.68000030517578,34.257728576660156,3565100,0.0,0.0
2024-08-07,36.20000076293945,36.755001068115234,34.779998779296875,34.95000076293945,33.556827545166016,4954900,0.0,0.0
2024-08-08,34.2400016784668,35.09000015258789,33.9900016784668,34.869998931884766,33.48001480102539,4784900,0.0,0.0
2024-08-09,34.77000045776367,35.0,34.48500061035156,34.849998474121094,33.46080780029297,3680800,0.0,0.0
2024-08-12,35.040000915527344,35.040000915527344,33.709999084472656,33.77000045776367,32.423866271972656,3530200,0.0,0.0
2024-08-13,33.65999984741211,34.625,33.36000061035156,34.560001373291016,33.182373046875,4803600,0.0,0.0
2024-08-14,34.529998779296875,35.09000015258789,34.060001373291016,34.16999816894531,32.807918548583984,3198200,0.0,0.0
2024-08-15,34.810001373291016,35.66999816894531,34.29999923706055,35.63999938964844,34.219322204589844,4797800,0.0,0.0
2024-08-16,35.25,35.369998931884766,34.494998931884766,35.189998626708984,33.787261962890625,2962000,0.0,0.0
2024-08-19,34.90999984741211,36.70000076293945,34.90999984741211,36.58000183105469,35.121849060058594,3884700,0.0,0.0
2024-08-20,36.36000061035156,36.595001220703125,36.16999816894531,36.529998779296875,35.07384490966797,3375900,0.0,0.0
2024-08-21,36.689998626708984,37.58000183105469,36.439998626708984,37.13999938964844,35.65953063964844,4550400,0.0,0.0
2024-08-22,37.099998474121094,37.15999984741211,36.36000061035156,36.41999816894531,34.96821975708008,4800500,0.0,0.0
2024-08-23,36.66999816894531,37.42499923706055,36.59000015258789,37.31999969482422,35.83235168457031,5294400,0.0,0.0
2024-08-26,37.66999816894531,37.900001525878906,37.34000015258789,37.369998931884766,35.88036346435547,2954200,0.0,0.0
2024-08-27,37.150001525878906,37.36000061035156,36.915000915527344,37.09000015258789,35.61151885986328,3147100,0.0,0.0
2024-08-28,37.099998474121094,37.22999954223633,36.625,36.7400016784668,35.27547836303711,2345100,0.0,0.0
2024-08-29,37.119998931884766,37.470001220703125,36.93000030517578,37.189998626708984,35.70753860473633,3245600,0.0,0.0
2024-08-30,37.59000015258789,37.59000015258789,36.650001525878906,37.209999084472656,35.72673416137695,3626300,0.0,0.0
2024-09-03,36.88999938964844,37.95000076293945,36.65999984741211,36.84000015258789,35.371490478515625,3490800,0.0,0.0
2024-09-04,36.619998931884766,37.18000030517578,36.400001525878906,36.45000076293945,34.99703598022461,2560100,0.0,0.0
2024-09-05,36.41999816894531,36.93000030517578,36.08000183105469,36.5099983215332,35.05464172363281,3702300,0.0,0.0
2024-09-06,36.5099983215332,37.10499954223633,35.744998931884766,35.81999969482422,34.392147064208984,4276600,0.0,0.0
2024-09-09,35.93000030517578,36.474998474121094,35.7599983215332,36.029998779296875,34.59376907348633,3313500,0.0,0.0
2024-09-10,36.34000015258789,36.439998626708984,35.755001068115234,36.2599983215332,34.814613342285156,4165000,0.0,0.0
2024-09-11,36.11000061035156,36.13999938964844,34.540000915527344,35.34000015258789,33.93128204345703,6498500,0.0,0.0
2024-09-12,35.369998931884766,35.380001068115234,34.59000015258789,34.9900016784668,33.59523391723633,5634900,0.0,0.0
2024-09-13,35.15999984741211,35.91999816894531,34.94499969482422,35.02000045776367,33.62403869628906,2818100,0.0,0.0
2024-09-16,35.16999816894531,35.52000045776367,34.88100051879883,35.18000030517578,33.77765655517578,3307200,0.0,0.0
2024-09-17,35.380001068115234,36.349998474121094,35.29999923706055,35.939998626708984,34.50736618041992,3436600,0.0,0.0
2024-09-18,35.959999084472656,36.619998931884766,35.77000045776367,36.2599983215332,34.814613342285156,3184300,0.0,0.0
2024-09-19,36.7599983215332,37.22999954223633,36.47999954223633,36.84000015258789,35.371490478515625,3274000,0.0,0.0
2024-09-20,36.470001220703125,36.4900016784668,35.79999923706055,36.29999923706055,34.85301208496094,12190100,0.0,0.0
2024-09-23,36.58000183105469,36.939998626708984,36.34000015258789,36.77000045776367,35.30427932739258,3077300,0.0,0.0
2024-09-24,37.119998931884766,37.459999084472656,36.7599983215332,37.31999969482422,35.83235168457031,3757400,0.0,0.0
2024-09-25,37.0,37.45500183105469,36.915000915527344,37.0,35.525108337402344,3934000,0.0,0.0
2024-09-26,37.5,37.79999923706055,37.10499954223633,37.16999816894531,35.688331604003906,2510600,0.0,0.0
2024-09-27,37.279998779296875,38.06999969482422,37.2599983215332,37.810001373291016,36.302825927734375,3831800,0.0,0.0
2024-09-30,37.7599983215332,37.970001220703125,37.52000045776367,37.84000015258789,36.33162307739258,3339300,0.0,0.0
2024-10-01,38.099998474121094,38.145999908447266,37.48500061035156,37.529998779296875,36.03398513793945,4185800,0.0,0.0
2024-10-02,37.310001373291016,37.67499923706055,37.029998779296875,37.45000076293945,35.95717239379883,4373000,0.0,0.0
2024-10-03,37.290000915527344,37.689998626708984,37.16999816894531,37.290000915527344,35.80354690551758,3523600,0.0,0.0
2024-10-04,37.52000045776367,38.16999816894531,37.369998931884766,37.599998474121094,36.10118865966797,3737900,0.0,0.0
2024-10-07,37.56999969482422,38.40999984741211,37.279998779296875,37.529998779296875,36.03398513793945,4856500,0.0,0.0
2024-10-08,37.099998474121094,38.125,36.2599983215332,37.720001220703125,36.21641159057617,4433700,0.0,0.0
2024-10-09,37.63999938964844,37.689998626708984,36.810001373291016,36.86000061035156,35.390689849853516,3810700,0.0,0.0
2024-10-10,36.720001220703125,37.04499816894531,36.349998474121094,36.54999923706055,35.09304428100586,3651700,0.0,0.0
2024-10-11,36.630001068115234,37.81999969482422,36.630001068115234,37.720001220703125,36.21641159057617,3731500,0.0,0.0
2024-10-14,37.59000015258789,37.91999816894531,37.38999938964844,37.790000915527344,36.28362274169922,4386200,0.0,0.0
2024-10-15,37.869998931884766,38.715999603271484,37.790000915527344,38.619998931884766,37.080535888671875,3470700,0.0,0.0
2024-10-16,38.689998626708984,38.77000045776367,37.81999969482422,37.82500076293945,36.317222595214844,2560300,0.0,0.0
2024-10-17,37.7400016784668,38.2599983215332,37.41999816894531,38.029998779296875,36.51405334472656,2548900,0.0,0.0
2024-10-18,38.150001525878906,38.625,38.05500030517578,38.43000030517578,36.89810562133789,2735900,0.0,0.0
2024-10-21,38.36000061035156,38.59000015258789,37.625,37.849998474121094,36.34122848510742,2629000,0.0,0.0
2024-10-22,37.86000061035156,37.900001525878906,37.4900016784668,37.7599983215332,36.25481033325195,2157400,0.0,0.0
2024-10-23,37.61000061035156,37.720001220703125,37.220001220703125,37.61000061035156,36.11079025268555,2677600,0.0,0.0
2024-10-24,37.68000030517578,37.939998626708984,37.36000061035156,37.40999984741211,35.91876220703125,2231300,0.0,0.0
2024-10-25,37.56999969482422,37.59000015258789,36.95000076293945,37.209999084472656,35.72673416137695,2288400,0.0,0.0
2024-10-28,37.189998626708984,37.67499923706055,36.9900016784668,37.02000045776367,35.544315338134766,2478900,0.0,0.0
2024-10-29,36.959999084472656,37.400001525878906,36.85499954223633,36.939998626708984,35.46750259399414,2488500,0.0,0.0
2024-10-30,37.11000061035156,37.70000076293945,36.81999969482422,36.88999938964844,35.41949462890625,3423400,0.0,0.0
2024-10-31,36.83000183105469,37.15999984741211,36.0099983215332,36.029998779296875,34.59376907348633,3566000,0.0,0.0
2024-11-01,36.189998626708984,36.35499954223633,35.58000183105469,35.689998626708984,34.2673225402832,4559300,0.0,0.0
2024-11-04,35.810001373291016,36.540000915527344,35.709999084472656,36.22999954223633,34.78580093383789,3441800,0.0,0.0
2024-11-05,36.459999084472656,37.165000915527344,36.040000915527344,36.939998626708984,35.46750259399414,3403100,0.0,0.0
2024-11-06,37.66999816894531,38.040000915527344,37.150001525878906,37.880001068115234,36.370033264160156,7713800,0.0,0.0
2024-11-07,32.09000015258789,32.7599983215332,30.604999542236328,31.110000610351562,29.869895935058594,23731700,0.0,0.0
2024-11-08,31.270000457763672,31.639999389648438,30.09000015258789,30.559999465942383,29.34182357788086,10143600,0.0,0.0
2024-11-11,30.559999465942383,32.22999954223633,30.559999465942383,31.940000534057617,30.666810989379883,6317600,0.0,0.0
2024-11-12,31.489999771118164,31.75,30.329999923706055,30.8799991607666,29.649063110351562,6317100,0.0,0.0
2024-11-13,30.790000915527344,31.049999237060547,30.354999542236328,30.739999771118164,29.514646530151367,4843300,0.0,0.0
2024-11-14,30.6200008392334,31.514999389648438,30.6200008392334,31.260000228881836,30.013916015625,3984100,0.0,0.0
2024-11-15,31.399999618530273,31.43000030517578,30.665000915527344,30.709999084472656,29.485837936401367,3737600,0.0,0.0
2024-11-18,30.549999237060547,30.649999618530273,30.149999618530273,30.510000228881836,29.293813705444336,3582500,0.0,0.0
2024-11-19,30.170000076293945,30.5,30.1200008392334,30.290000915527344,29.082584381103516,2978300,0.0,0.0
2024-11-20,30.43000030517578,30.56999969482422,30.059999465942383,30.40999984741211,29.197799682617188,2166100,0.0,0.0
2024-11-21,30.479999542236328,31.6200008392334,30.219999313354492,31.5,30.244352340698242,5616200,0.0,0.0
2024-11-22,31.34000015258789,32.005001068115234,31.34000015258789,31.524999618530273,30.268352508544922,3749600,0.0,0.0
2024-11-25,31.600000381469727,32.93000030517578,31.59000015258789,32.56999969482422,31.271699905395508,7099600,0.0,0.0
2024-11-26,32.529998779296875,32.78499984741211,31.77199935913086,32.65999984741211,31.358108520507812,2911000,0.0,0.0
2024-11-27,32.630001068115234,32.790000915527344,32.20000076293945,32.5099983215332,31.21409034729004,2538000,0.0,0.0
2024-11-29,32.41999816894531,32.85499954223633,32.40999984741211,32.7400016784668,31.43492317199707,1338700,0.0,0.0
2024-12-02,32.5099983215332,33.279998779296875,32.33000183105469,33.20000076293945,31.8765869140625,3196400,0.0,0.0
2024-12-03,33.2400016784668,33.69499969482422,32.81999969482422,32.849998474121094,31.540538787841797,3529500,0.0,0.0
2024-12-04,33.13999938964844,33.279998779296875,32.72999954223633,32.86000061035156,31.550140380859375,2435700,0.0,0.0
2024-12-05,33.02000045776367,33.15999984741211,32.54999923706055,32.59000015258789,31.29090118408203,2879600,0.0,0.0
2024-12-06,32.63999938964844,33.025001525878906,32.5,32.93000030517578,31.61734390258789,3870600,0.0,0.0
2024-12-09,33.16999816894531,34.79999923706055,33.0099983215332,33.38999938964844,32.05900955200195,5362100,0.0,0.0
2024-12-10,33.40999984741211,33.81999969482422,32.75,33.04999923706055,31.73256492614746,4809700,0.0,0.0
2024-12-11,31.459999084472656,32.779998779296875,30.780000686645508,31.479999542236328,30.225147247314453,9622600,0.0,0.0
2024-12-12,30.959999084472656,31.190000534057617,29.950000762939453,30.579999923706055,29.361024856567383,8780700,0.0,0.0
2024-12-13,30.6299991607666,31.489999771118164,30.510000228881836,31.450000762939453,30.19634437561035,6124600,0.0,0.0
2024-12-16,30.860000610351562,33.58000183105469,30.829999923706055,32.36000061035156,31.070070266723633,7222600,0.0,0.0
2024-12-17,32.31999969482422,32.45000076293945,31.450000762939453,31.579999923706055,30.3211612701416,4254100,0.0,0.0
2024-12-18,31.579999923706055,31.850000381469727,30.959999084472656,31.079999923706055,29.84109115600586,4672200,0.0,0.0
2024-12-19,31.1299991607666,31.78499984741211,30.959999084472656,31.639999389648438,30.378768920898438,5454700,0.0,0.0
2024-12-20,31.670000076293945,33.88999938964844,31.559999465942383,33.7599983215332,32.41426467895508,11310600,0.0,0.0
2024-12-23,33.540000915527344,33.849998474121094,32.650001525878906,32.86000061035156,31.550140380859375,3826800,0.0,0.0
2024-12-24,32.63999938964844,33.27000045776367,32.5099983215332,33.220001220703125,31.89579200744629,1267800,0.0,0.0
2024-12-26,33.02000045776367,33.70000076293945,32.92100143432617,33.43000030517578,32.09741973876953,1618600,0.0,0.0
2024-12-27,33.29999923706055,33.67900085449219,32.959999084472656,33.16999816894531,31.8477783203125,1872800,0.0,0.0
2024-12-30,32.47999954223633,32.939998626708984,32.02000045776367,32.79999923706055,31.492528915405273,2521400,0.0,0.0
2024-12-31,32.90999984741211,33.150001525878906,32.619998931884766,32.709999084472656,31.406116485595703,5503400,0.0,0.0
2025-01-02,32.970001220703125,33.20000076293945,32.45500183105469,32.61000061035156,31.31010627746582,2364200,0.0,0.0
2025-01-03,32.75,32.880001068115234,32.369998931884766,32.68000030517578,31.377315521240234,2566200,0.0,0.0
2025-01-06,32.63999938964844,33.52000045776367,32.63999938964844,33.380001068115234,32.23683166503906,3793400,0.19,0.0
2025-01-07,33.380001068115234,33.79999923706055,32.34000015258789,32.400001525878906,31.29039764404297,4910900,0.0,0.0
2025-01-08,32.02000045776367,32.20000076293945,31.610000610351562,31.860000610351562,30.768890380859375,3461100,0.0,0.0
2025-01-10,31.329999923706055,31.427000045776367,30.780000686645508,30.809999465942383,29.75484848022461,4092500,0.0,0.0
2025-01-13,30.780000686645508,31.25,30.684999465942383,31.170000076293945,30.102519989013672,5288700,0.0,0.0
2025-01-14,31.020000457763672,32.09000015258789,31.020000457763672,31.690000534057617,30.604711532592773,3066900,0.0,0.0
2025-01-15,32.36000061035156,32.59000015258789,32.0099983215332,32.06999969482422,30.971694946289062,3982400,0.0,0.0
2025-01-16,31.959999084472656,32.81999969482422,31.799999237060547,32.720001220703125,31.599437713623047,3194400,0.0,0.0
2025-01-17,33.13999938964844,33.18000030517578,32.45000076293945,32.7400016784668,31.61875343322754,4687200,0.0,0.0
2025-01-21,32.81999969482422,33.027000427246094,32.439998626708984,32.7400016784668,31.61875343322754,4097200,0.0,0.0
2025-01-22,32.689998626708984,33.150001525878906,32.41999816894531,32.58000183105469,31.464235305786133,2883100,0.0,0.0
2025-01-23,32.439998626708984,33.31999969482422,32.31999969482422,33.2599983215332,32.12094497680664,3322000,0.0,0.0
2025-01-24,33.2400016784668,34.189998626708984,33.19499969482422,34.060001373291016,32.893550872802734,3637900,0.0,0.0
2025-01-27,34.060001373291016,35.68000030517578,34.060001373291016,34.9900016784668,33.79170227050781,4581800,0.0,0.0
2025-01-28,34.97999954223633,35.60499954223633,34.61000061035156,35.41999816894531,34.206966400146484,3436100,0.0,0.0
2025-01-29,35.540000915527344,35.91999816894531,35.09000015258789,35.18000030517578,33.97518539428711,3170700,0.0,0.0
2025-01-30,35.470001220703125,35.709999084472656,34.9900016784668,35.209999084472656,34.00415802001953,3872300,0.0,0.0
2025-01-31,35.209999084472656,36.08000183105469,35.1150016784668,35.70000076293945,34.477378845214844,4195900,0.0,0.0
2025-02-03,35.08000183105469,35.86000061035156,35.08000183105469,35.400001525878906,34.187652587890625,4324700,0.0,0.0
2025-02-04,35.400001525878906,36.52000045776367,35.36000061035156,36.470001220703125,35.22101593017578,8982800,0.0,0.0
2025-02-05,34.900001525878906,34.900001525878906,33.119998931884766,33.58000183105469,32.429988861083984,10689200,0.0,0.0
2025-02-06,33.790000915527344,34.77000045776367,33.790000915527344,34.59000015258789,33.405391693115234,6763700,0.0,0.0
2025-02-07,34.70000076293945,34.779998779296875,33.38999938964844,33.79999923706055,32.64244842529297,5404300,0.0,0.0
2025-02-10,34.03499984741211,34.20000076293945,33.58000183105469,33.630001068115234,32.478275299072266,3577600,0.0,0.0
2025-02-11,34.220001220703125,34.42499923706055,33.314998626708984,33.93000030517578,32.76799774169922,6173000,0.0,0.0
2025-02-12,33.779998779296875,34.150001525878906,33.51499938964844,34.0,32.83560562133789,4203100,0.0,0.0
2025-02-13,34.0,34.209999084472656,33.66999816894531,34.0099983215332,32.845252990722656,4747800,0.0,0.0
2025-02-14,34.31999969482422,34.89500045776367,34.220001220703125,34.689998626708984,33.50196838378906,4674800,0.0,0.0
2025-02-18,34.88999938964844,35.382999420166016,34.77000045776367,35.22999954223633,34.02347183227539,4722600,0.0,0.0
2025-02-19,35.02000045776367,35.099998474121094,34.15999984741211,34.470001220703125,33.28950500488281,5879600,0.0,0.0
2025-02-20,34.540000915527344,34.68000030517578,33.099998474121094,33.869998931884766,32.710052490234375,4679300,0.0,0.0
2025-02-21,33.904998779296875,34.03499984741211,32.72999954223633,32.77000045776367,31.647720336914062,3272500,0.0,0.0
2025-02-24,32.75,32.939998626708984,32.099998474121094,32.849998474121094,31.7249813079834,4580000,0.0,0.0
2025-02-25,32.90999984741211,32.97999954223633,31.920000076293945,32.47999954223633,31.367656707763672,4801300,0.0,0.0
2025-02-26,32.380001068115234,33.349998474121094,32.380001068115234,32.599998474121094,31.483545303344727,4947700,0.0,0.0
2025-02-27,32.54999923706055,32.61000061035156,31.780000686645508,31.8799991607666,30.788204193115234,4630500,0.0,0.0
2025-02-28,31.3799991607666,31.829999923706055,31.14299964904785,31.709999084472656,30.624025344848633,20830100,0.0,0.0
2025-03-03,31.959999084472656,32.099998474121094,30.045000076293945,30.190000534057617,29.156082153320312,7610400,0.0,0.0
2025-03-04,29.899999618530273,31.469999313354492,29.719999313354492,30.719999313354492,29.66792869567871,8287700,0.0,0.0
2025-03-05,30.889999389648438,31.655000686645508,30.75,31.514999389648438,30.435701370239258,4345000,0.0,0.0
2025-03-06,31.360000610351562,31.920000076293945,31.040000915527344,31.329999923706055,30.25704002380371,4277700,0.0,0.0
2025-03-07,31.1200008392334,33.48500061035156,31.059999465942383,32.619998931884766,31.502859115600586,7333100,0.0,0.0
2025-03-10,32.36000061035156,32.77000045776367,31.709999084472656,32.029998779296875,30.933067321777344,4409600,0.0,0.0
2025-03-11,32.06999969482422,32.720001220703125,31.270000457763672,31.360000610351562,30.2860107421875,4387500,0.0,0.0
2025-03-12,31.639999389648438,31.7549991607666,30.625,30.739999771118164,29.687246322631836,3220000,0.0,0.0
2025-03-13,30.6200008392334,30.920000076293945,30.059999465942383,30.079999923706055,29.049850463867188,3915800,0.0,0.0
2025-03-14,30.510000228881836,31.200000762939453,30.290000915527344,30.940000534057617,29.880395889282227,3591500,0.0,0.0
2025-03-17,30.8700008392334,31.719999313354492,30.8700008392334,31.360000610351562,30.2860107421875,2934000,0.0,0.0
2025-03-18,31.309999465942383,31.459999084472656,30.75,30.989999771118164,29.928682327270508,2764700,0.0,0.0
2025-03-19,31.0,31.700000762939453,31.0,31.440000534057617,30.3632755279541,3163200,0.0,0.0
2025-03-20,31.100000381469727,31.719999313354492,31.0049991607666,31.209999084472656,30.141145706176758,2959100,0.0,0.0
2025-03-21,30.979999542236328,30.989999771118164,30.299999237060547,30.489999771118164,29.44580841064453,18725400,0.0,0.0
2025-03-24,31.0,31.825000762939453,30.924999237060547,31.65999984741211,30.57573699951172,3982000,0.0,0.0
2025-03-25,31.719999313354492,31.969999313354492,31.209999084472656,31.270000457763672,30.199094772338867,2509100,0.0,0.0
2025-03-26,31.309999465942383,31.905000686645508,31.139999389648438,31.829999923706055,30.73991584777832,4605300,0.0,0.0
2025-03-27,31.729999542236328,32.275001525878906,31.579999923706055,31.84000015258789,30.749574661254883,2769900,0.0,0.0
2025-03-28,31.760000228881836,31.760000228881836,30.395000457763672,30.6299991607666,29.581008911132812,3651000,0.0,0.0
2025-03-31,30.489999771118164,31.299999237060547,30.1299991607666,31.200000762939453,30.13149070739746,10750100,0.0,0.0
2025-04-01,30.940000534057617,31.690000534057617,30.55500030517578,31.40999984741211,30.334299087524414,4490200,0.0,0.0
2025-04-02,30.8799991607666,31.729999542236328,30.8799991607666,31.469999313354492,30.392244338989258,3824200,0.0,0.0
2025-04-03,30.329999923706055,31.270000457763672,29.940000534057617,30.18000030517578,29.323463439941406,7911700,0.19,0.0
2025-04-04,29.34000015258789,30.229999542236328,28.709999084472656,28.739999771118164,27.92432975769043,10590600,0.0,0.0
2025-04-07,27.709999084472656,29.360000610351562,26.729999542236328,27.850000381469727,27.05959129333496,7206300,0.0,0.0
2025-04-08,28.93000030517578,28.93000030517578,26.6200008392334,27.030000686645508,26.262863159179688,5751900,0.0,0.0
2025-04-09,26.829999923706055,29.440000534057617,26.389999389648438,29.190000534057617,28.361560821533203,6415500,0.0,0.0
2025-04-10,28.739999771118164,29.15999984741211,27.344999313354492,28.079999923706055,27.283063888549805,4820800,0.0,0.0
2025-04-11,28.030000686645508,28.729999542236328,27.850000381469727,28.479999542236328,27.671710968017578,3745900,0.0,0.0
2025-04-14,28.90999984741211,29.079999923706055,28.19499969482422,28.649999618530273,27.83688735961914,2946700,0.0,0.0
2025-04-15,28.68000030517578,29.31999969482422,28.65999984741211,29.079999923706055,28.254682540893555,3178200,0.0,0.0
2025-04-16,28.860000610351562,29.1299991607666,28.40999984741211,28.649999618530273,27.83688735961914,3354100,0.0,0.0
2025-04-17,28.700000762939453,29.174999237060547,28.530000686645508,29.020000457763672,28.19638442993164,3561200,0.0,0.0
2025-04-21,28.860000610351562,29.114999771118164,28.6299991607666,29.079999923706055,28.254682540893555,3876600,0.0,0.0
2025-04-22,29.440000534057617,29.75,29.014999389648438,29.709999084472656,28.866804122924805,3803800,0.0,0.0
2025-04-23,30.18000030517578,30.43000030517578,29.100000381469727,29.639999389648438,28.79878807067871,2915800,0.0,0.0
2025-04-24,29.799999237060547,30.2450008392334,29.690000534057617,30.190000534057617,29.333181381225586,3151400,0.0,0.0
2025-04-25,30.329999923706055,30.469999313354492,29.860000610351562,30.06999969482422,29.216585159301758,2734900,0.0,0.0
2025-04-28,30.06999969482422,30.34000015258789,29.520000457763672,30.170000076293945,29.31374740600586,2955000,0.0,0.0
2025-04-29,29.979999542236328,30.190000534057617,29.610000610351562,29.729999542236328,28.886232376098633,2799400,0.0,0.0
2025-04-30,29.139999389648438,29.729999542236328,28.889999389648438,29.65999984741211,28.818222045898438,3319700,0.0,0.0
2025-05-01,30.5,30.959999084472656,30.09000015258789,30.40999984741211,29.546934127807617,7663500,0.0,0.0
2025-05-02,30.799999237060547,31.030000686645508,30.540000915527344,30.690000534057617,29.818988800048828,3805900,0.0,0.0
2025-05-05,30.600000381469727,31.082000732421875,30.2450008392334,30.299999237060547,29.4400577545166,4292800,0.0,0.0
2025-05-06,30.0,30.2450008392334,29.760000228881836,29.959999084472656,29.10970687866211,3458900,0.0,0.0
2025-05-07,30.1299991607666,30.575000762939453,30.0,30.3799991607666,29.51778793334961,5393600,0.0,0.0
2025-05-08,30.540000915527344,30.760000228881836,27.350000381469727,27.469999313354492,26.69037437438965,13935400,0.0,0.0
2025-05-09,27.78499984741211,28.760000228881836,26.799999237060547,27.18000030517578,26.40860939025879,9458900,0.0,0.0
2025-05-12,28.0,28.5,27.68000030517578,28.399999618530273,27.593982696533203,7381400,0.0,0.0
2025-05-13,28.440000534057617,28.875,28.079999923706055,28.799999237060547,27.982627868652344,7373700,0.0,0.0
2025-05-14,28.899999618530273,29.5,28.719999313354492,29.40999984741211,28.575315475463867,6522900,0.0,0.0
2025-05-15,29.309999465942383,29.674999237060547,28.860000610351562,28.975000381469727,28.152664184570312,4266900,0.0,0.0
2025-05-16,29.020000457763672,29.350000381469727,28.899999618530273,29.25,28.419857025146484,3875800,0.0,0.0
2025-05-19,28.799999237060547,29.969999313354492,28.799999237060547,29.93000030517578,29.08055877685547,6298300,0.0,0.0
2025-05-20,30.030000686645508,30.45199966430664,29.389999389648438,29.420000076293945,28.585033416748047,5831300,0.0,0.0
2025-05-21,29.31999969482422,29.885000228881836,29.200000762939453,29.34000015258789,28.507305145263672,5097600,0.0,0.0
2025-05-22,29.420000076293945,29.850000381469727,29.18000030517578,29.450000762939453,28.61418342590332,3899400,0.0,0.0
2025-05-23,29.079999923706055,29.3700008392334,28.985000610351562,29.209999084472656,28.380990982055664,3248500,0.0,0.0
2025-05-27,29.610000610351562,30.34000015258789,29.139999389648438,30.31999969482422,29.459489822387695,3565700,0.0,0.0
2025-05-28,30.350000381469727,30.950000762939453,30.31999969482422,30.540000915527344,29.673248291015625,4517300,0.0,0.0
2025-05-29,30.889999389648438,30.889999389648438,29.920000076293945,30.18000030517578,29.323463439941406,3773600,0.0,0.0
2025-05-30,29.989999771118164,30.0,29.469999313354492,29.940000534057617,29.090274810791016,3022700,0.0,0.0
2025-06-02,29.790000915527344,30.450000762939453,29.65999984741211,30.31999969482422,29.459489822387695,3138100,0.0,0.0
2025-06-03,30.15999984741211,30.514999389648438,29.610000610351562,30.44499969482422,29.580942153930664,2666600,0.0,0.0
2025-06-04,30.459999084472656,31.06999969482422,30.399999618530273,31.040000915527344,30.1590576171875,3108800,0.0,0.0
2025-06-05,31.760000228881836,32.31999969482422,31.34000015258789,31.5,30.606000900268555,3824500,0.0,0.0
2025-06-06,31.6200008392334,31.90999984741211,31.360000610351562,31.84000015258789,30.936351776123047,3199700,0.0,0.0
2025-06-09,31.84000015258789,32.22999954223633,31.780000686645508,31.93000030517578,31.02379608154297,4130900,0.0,0.0
2025-06-10,31.959999084472656,32.3650016784668,31.565000534057617,31.700000762939453,30.800325393676758,4589400,0.0,0.0
2025-06-11,31.860000610351562,32.189998626708984,31.344999313354492,31.540000915527344,30.644866943359375,3954800,0.0,0.0
2025-06-12,31.079999923706055,31.469999313354492,30.53499984741211,30.65999984741211,29.789840698242188,3483800,0.0,0.0
2025-06-13,30.18000030517578,30.760000228881836,30.06999969482422,30.200000762939453,29.3428955078125,3244500,0.0,0.0
2025-06-16,30.2549991607666,30.905000686645508,29.815000534057617,30.790000915527344,29.91615104675293,4048500,0.0,0.0
2025-06-17,30.40999984741211,30.65999984741211,29.985000610351562,30.270000457763672,29.41090965270996,4263200,0.0,0.0
2025-06-18,30.229999542236328,30.889999389648438,30.125,30.299999237060547,29.4400577545166,4253900,0.0,0.0
2025-06-20,30.510000228881836,30.8700008392334,30.280000686645508,30.59000015258789,29.72182846069336,10863200,0.0,0.0
2025-06-23,30.540000915527344,30.985000610351562,30.219999313354492,30.950000762939453,30.071611404418945,2880600,0.0,0.0
2025-06-24,31.290000915527344,31.610000610351562,31.100000381469727,31.56999969482422,30.674015045166016,4007800,0.0,0.0
2025-06-25,31.600000381469727,31.809999465942383,30.674999237060547,30.860000610351562,29.98416519165039,3578200,0.0,0.0
2025-06-26,30.90999984741211,31.0,30.309999465942383,30.420000076293945,29.55665397644043,4933300,0.0,0.0
2025-06-27,30.725000381469727,30.889999389648438,30.264999389648438,30.850000381469727,29.974449157714844,5431300,0.0,0.0
2025-06-30,31.010000228881836,31.145000457763672,30.604999542236328,30.889999389648438,30.01331329345703,3362600,0.0,0.0
2025-07-01,30.84000015258789,32.625,30.84000015258789,32.5099983215332,31.58733367919922,5430000,0.0,0.0
2025-07-02,32.5,32.77000045776367,32.349998474121094,32.439998626708984,31.51932144165039,4519800,0.0,0.0
2025-07-03,32.43000030517578,32.90999984741211,32.31999969482422,32.540000915527344,31.802757263183594,2361800,0.19,0.0
2025-07-07,32.34000015258789,32.5099983215332,31.795000076293945,31.829999923706055,31.10883903503418,3678400,0.0,0.0
2025-07-08,31.895000457763672,32.470001220703125,31.81800079345703,32.439998626708984,31.705015182495117,3579700,0.0,0.0
2025-07-09,32.5099983215332,32.90999984741211,32.27000045776367,32.869998931884766,32.12527847290039,2458300,0.0,0.0
2025-07-10,32.93000030517578,34.064998626708984,32.81999969482422,33.61000061035156,32.8485107421875,3796100,0.0,0.0
2025-07-11,33.22999954223633,33.310001373291016,32.470001220703125,32.4900016784668,31.753889083862305,3247700,0.0,0.0
2025-07-14,32.560001373291016,32.790000915527344,32.209999084472656,32.25,31.519325256347656,3676800,0.0,0.0
2025-07-15,32.27000045776367,32.45000076293945,31.579999923706055,31.8700008392334,31.147933959960938,3788600,0.0,0.0
2025-07-16,32.11000061035156,32.404998779296875,31.8700008392334,32.220001220703125,31.490005493164062,3200200,0.0,0.0
2025-07-17,32.220001220703125,32.654998779296875,32.119998931884766,32.349998474121094,31.617053985595703,4126400,0.0,0.0
2025-07-18,32.619998931884766,32.77000045776367,32.220001220703125,32.45000076293945,31.714794158935547,2695300,0.0,0.0
2025-07-21,32.5099983215332,32.849998474121094,32.422000885009766,32.66999816894531,31.92980194091797,3369300,0.0,0.0
2025-07-22,32.79999923706055,33.97999954223633,32.77000045776367,33.81999969482422,33.053749084472656,5416800,0.0,0.0
2025-07-23,33.97999954223633,34.17499923706055,33.665000915527344,33.869998931884766,33.10261917114258,3396100,0.0,0.0
2025-07-24,33.95000076293945,34.369998931884766,33.89500045776367,34.084999084472656,33.312747955322266,3038300,0.0,0.0
2025-07-25,34.2400016784668,34.779998779296875,34.060001373291016,34.560001373291016,33.77698516845703,3745600,0.0,0.0
2025-07-28,34.5,34.689998626708984,34.099998474121094,34.15999984741211,33.38604736328125,4448200,0.0,0.0
2025-07-29,34.130001068115234,34.310001373291016,33.810001373291016,34.05500030517578,33.28342819213867,4018700,0.0,0.0
2025-07-30,34.150001525878906,34.4900016784668,33.459999084472656,34.29999923706055,33.52287673950195,4071100,0.0,0.0
2025-07-31,34.22999954223633,34.525001525878906,33.91999816894531,34.27000045776367,33.49355697631836,4507700,0.0,0.0
2025-08-01,33.900001525878906,34.06999969482422,33.22999954223633,33.599998474121094,32.8387336730957,6401800,0.0,0.0
2025-08-04,33.810001373291016,34.095001220703125,33.459999084472656,33.880001068115234,33.112396240234375,6790700,0.0,0.0
2025-08-05,33.9900016784668,34.029998779296875,33.375,33.72999954223633,32.965789794921875,8981200,0.0,0.0
2025-08-06,35.970001220703125,38.560001373291016,35.779998779296875,37.27000045776367,36.42558670043945,16375300,0.0,0.0
2025-08-07,37.45000076293945,37.650001525878906,35.43000030517578,36.349998474121094,35.526432037353516,5907600,0.0,0.0
2025-08-08,36.5,36.5,35.5099983215332,36.09000015258789,35.27232360839844,3568000,0.0,0.0
2025-08-11,36.09000015258789,36.29499816894531,35.029998779296875,35.70000076293945,34.89115524291992,3353400,0.0,0.0
2025-08-12,35.70000076293945,36.60499954223633,35.28499984741211,36.41999816894531,35.594844818115234,3875100,0.0,0.0
2025-08-13,36.599998474121094,38.845001220703125,36.53499984741211,38.7400016784668,37.862281799316406,4540100,0.0,0.0
2025-08-14,38.25,38.935001373291016,37.84000015258789,38.65999984741211,37.784095764160156,3507200,0.0,0.0
2025-08-15,38.959999084472656,39.20000076293945,38.26499938964844,38.279998779296875,37.41270065307617,3219600,0.0,0.0
2025-08-18,38.27000045776367,38.4900016784668,37.72999954223633,37.84000015258789,36.98267364501953,4704600,0.0,0.0
2025-08-19,37.84000015258789,38.43000030517578,37.66999816894531,37.849998474121094,36.99244689941406,2952800,0.0,0.0
2025-08-20,37.84000015258789,37.880001068115234,36.91999816894531,37.0099983215332,36.17147445678711,4712400,0.0,0.0
2025-08-21,36.7400016784668,36.900001525878906,36.279998779296875,36.790000915527344,35.95646667480469,3375300,0.0,0.0
2025-08-22,37.02000045776367,37.83000183105469,36.689998626708984,37.29999923706055,36.45490646362305,3896500,0.0,0.0
2025-08-25,37.27000045776367,37.54999923706055,37.0099983215332,37.18000030517578,36.337623596191406,3018800,0.0,0.0
2025-08-26,37.18000030517578,37.72999954223633,37.0,37.29999923706055,36.45490646362305,2830400,0.0,0.0
2025-08-27,37.34000015258789,37.68000030517578,37.290000915527344,37.439998626708984,36.59173583984375,2246100,0.0,0.0
2025-08-28,37.58000183105469,37.66999816894531,36.755001068115234,37.040000915527344,36.20079803466797,2872800,0.0,0.0
2025-08-29,37.529998779296875,38.0,36.88999938964844,37.34000015258789,36.49400329589844,4124800,0.0,0.0
2025-09-02,36.720001220703125,37.060001373291016,36.540000915527344,36.97999954223633,36.14215850830078,3120000,0.0,0.0
2025-09-03,36.83000183105469,37.63999938964844,36.737998962402344,37.59000015258789,36.738338470458984,3369800,0.0,0.0
2025-09-04,37.599998474121094,37.779998779296875,37.1349983215332,37.38999938964844,36.54286575317383,3109900,0.0,0.0
2025-09-05,37.5099983215332,38.18000030517578,37.39500045776367,38.16999816894531,37.30519485473633,2517100,0.0,0.0
2025-09-08,38.2400016784668,38.83000183105469,37.88999938964844,38.77000045776367,37.8916015625,4218600,0.0,0.0
2025-09-09,38.77000045776367,38.84000015258789,38.0099983215332,38.209999084472656,37.34429168701172,3680200,0.0,0.0
2025-09-10,38.02000045776367,38.040000915527344,37.380001068115234,37.900001525878906,37.04131317138672,3004300,0.0,0.0
2025-09-11,37.9900016784668,38.185001373291016,37.224998474121094,38.02000045776367,37.158592224121094,3596100,0.0,0.0
2025-09-12,38.130001068115234,38.349998474121094,37.54999923706055,37.75,36.89471435546875,3824600,0.0,0.0
2025-09-15,37.790000915527344,37.790000915527344,37.19499969482422,37.470001220703125,36.621055603027344,4665700,0.0,0.0
2025-09-16,37.540000915527344,37.667999267578125,37.060001373291016,37.439998626708984,36.59173583984375,3157400,0.0,0.0
2025-09-17,37.619998931884766,38.36000061035156,37.34000015258789,37.59000015258789,36.738338470458984,2671900,0.0,0.0
2025-09-18,37.68000030517578,38.599998474121094,37.470001220703125,38.56999969482422,37.69613265991211,3852600,0.0,0.0
2025-09-19,38.5,38.81999969482422,38.09000015258789,38.5099983215332,37.637489318847656,8493800,0.0,0.0
2025-09-22,38.380001068115234,38.65999984741211,36.38999938964844,36.43000030517578,35.604618072509766,8801900,0.0,0.0
2025-09-23,36.38999938964844,37.54499816894531,36.36000061035156,36.939998626708984,36.10306167602539,3797100,0.0,0.0
2025-09-24,36.810001373291016,36.9900016784668,36.06999969482422,36.099998474121094,35.28208923339844,3942500,0.0,0.0
2025-09-25,35.86000061035156,36.11000061035156,35.64500045776367,35.88999938964844,35.07685852050781,2944900,0.0,0.0
2025-09-26,35.900001525878906,36.27000045776367,35.75,36.2400016784668,35.41892623901367,2508100,0.0,0.0
2025-09-29,36.380001068115234,36.724998474121094,36.051998138427734,36.5,35.67303466796875,3440200,0.0,0.0
2025-09-30,36.65999984741211,36.939998626708984,35.220001220703125,35.31999969482422,34.51976776123047,10500900,0.0,0.0
2025-10-01,35.18000030517578,35.58000183105469,34.54999923706055,34.630001068115234,33.845401763916016,3915100,0.0,0.0
2025-10-02,34.630001068115234,35.005001068115234,34.29999923706055,34.7599983215332,33.972450256347656,4345000,0.0,0.0
2025-10-03,34.59000015258789,34.90999984741211,34.20000076293945,34.31999969482422,33.72677993774414,4345500,0.19,0.0
2025-10-06,34.5,34.58000183105469,33.97999954223633,34.0,33.41231155395508,3649500,0.0,0.0
2025-10-07,33.95000076293945,34.09000015258789,33.040000915527344,33.099998474121094,32.527862548828125,3650700,0.0,0.0
2025-10-08,33.20000076293945,33.689998626708984,33.029998779296875,33.209999084472656,32.635963439941406,3674400,0.0,0.0
2025-10-09,33.2599983215332,33.29499816894531,32.44499969482422,32.47999954223633,31.918581008911133,3488500,0.0,0.0
2025-10-10,32.560001373291016,32.654998779296875,31.395000457763672,31.450000762939453,30.90638542175293,4764700,0.0,0.0
2025-10-13,31.809999465942383,32.15999984741211,31.184999465942383,32.119998931884766,31.564802169799805,6506900,0.0,0.0
2025-10-14,31.610000610351562,32.5099983215332,31.610000610351562,32.439998626708984,31.8792667388916,2674400,0.0,0.0
2025-10-15,32.849998474121094,33.09199905395508,32.470001220703125,32.869998931884766,32.30183792114258,3330900,0.0,0.0
2025-10-16,32.95000076293945,33.0,31.979999542236328,32.349998474121094,31.79082489013672,2484900,0.0,0.0
2025-10-17,32.34000015258789,32.51499938964844,32.09000015258789,32.43000030517578,31.869447708129883,2530200,0.0,0.0
2025-10-20,32.470001220703125,33.17499923706055,32.369998931884766,32.97999954223633,32.40993881225586,3142300,0.0,0.0
2025-10-21,32.959999084472656,33.2599983215332,32.77000045776367,33.060001373291016,32.488555908203125,2985700,0.0,0.0
2025-10-22,32.939998626708984,33.33000183105469,32.65999984741211,33.16999816894531,32.59665298461914,3894900,0.0,0.0
2025-10-23,33.16999816894531,33.25,32.619998931884766,32.75,32.18391418457031,2949800,0.0,0.0
2025-10-24,33.02000045776367,33.05500030517578,32.54999923706055,32.619998931884766,32.05615997314453,2511200,0.0,0.0
2025-10-27,32.83000183105469,32.93000030517578,32.59000015258789,32.81999969482422,32.25270080566406,2252900,0.0,0.0
2025-10-28,32.790000915527344,32.8849983215332,32.36000061035156,32.68000030517578,32.1151237487793,2392100,0.0,0.0
2025-10-29,32.5,32.529998779296875,31.68000030517578,32.029998779296875,31.47635841369629,3127000,0.0,0.0
2025-10-30,31.889999389648438,32.45500183105469,31.700000762939453,32.29999923706055,31.741689682006836,2979600,0.0,0.0
2025-10-31,32.43000030517578,32.63999938964844,32.25,32.34000015258789,31.7810001373291,4784700,0.0,0.0
2025-11-03,32.31999969482422,32.900001525878906,32.099998474121094,32.5,31.938232421875,6973500,0.0,0.0
2025-11-04,32.27000045776367,32.51499938964844,31.290000915527344,31.549999237060547,31.004655838012695,9010700,0.0,0.0
2025-11-05,31.209999084472656,33.720001220703125,30.8799991607666,33.189998626708984,32.61630630493164,7876800,0.0,0.0
2025-11-06,33.029998779296875,33.55500030517578,32.334999084472656,32.650001525878906,32.08564376831055,4335400,0.0,0.0
2025-11-07,32.54999923706055,33.14699935913086,32.45000076293945,32.869998931884766,32.30183792114258,3872800,0.0,0.0
2025-11-10,33.220001220703125,33.404998779296875,32.56999969482422,33.310001373291016,32.73423385620117,3494400,0.0,0.0
2025-11-11,33.290000915527344,33.41999816894531,32.880001068115234,32.939998626708984,32.370628356933594,2767800,0.0,0.0
2025-11-12,33.02000045776367,33.29499816894531,32.790000915527344,32.9900016784668,32.41976547241211,2906200,0.0,0.0
2025-11-13,32.849998474121094,33.04999923706055,32.51499938964844,32.540000915527344,31.977542877197266,3150000,0.0,0.0
2025-11-14,32.220001220703125,32.619998931884766,32.16999816894531,32.279998779296875,31.722036361694336,2412100,0.0,0.0
2025-11-17,32.189998626708984,32.22100067138672,31.405000686645508,31.579999923706055,31.034135818481445,3164800,0.0,0.0
2025-11-18,31.559999465942383,31.780000686645508,31.34000015258789,31.489999771118164,30.94569206237793,3561600,0.0,0.0
2025-11-19,31.579999923706055,31.709999084472656,31.360000610351562,31.510000228881836,30.965347290039062,2620000,0.0,0.0
2025-11-20,31.8700008392334,32.0,31.200000762939453,31.25,30.709842681884766,3451700,0.0,0.0
2025-11-21,31.510000228881836,32.43000030517578,31.399999618530273,32.27000045776367,31.712209701538086,3869500,0.0,0.0
2025-11-24,32.439998626708984,32.97999954223633,32.290000915527344,32.54999923706055,31.98737144470215,4630400,0.0,0.0
2025-11-25,33.0,33.494998931884766,32.790000915527344,33.38999938964844,32.81285095214844,4419500,0.0,0.0
2025-11-26,33.380001068115234,33.529998779296875,33.02000045776367,33.220001220703125,32.64579391479492,3000000,0.0,0.0
2025-11-28,33.220001220703125,33.60499954223633,33.18000030517578,33.310001373291016,32.73423385620117,1438900,0.0,0.0
2025-12-01,32.95000076293945,33.81999969482422,32.83000183105469,33.75,33.1666259765625,3329000,0.0,0.0
2025-12-02,33.880001068115234,33.97999954223633,33.2599983215332,33.70000076293945,33.11749267578125,3524500,0.0,0.0
2025-12-03,33.709999084472656,34.22999954223633,33.59000015258789,33.630001068115234,33.048702239990234,2803100,0.0,0.0
2025-12-04,33.709999084472656,33.97999954223633,33.349998474121094,33.880001068115234,33.29438400268555,2493100,0.0,0.0
2025-12-05,33.880001068115234,34.65999984741211,33.880001068115234,34.52000045776367,33.92332077026367,2546900,0.0,0.0
2025-12-08,34.65999984741211,34.75,33.79999923706055,34.130001068115234,33.540061950683594,2993100,0.0,0.0
2025-12-09,34.06999969482422,34.2599983215332,33.4900016784668,34.02000045776367,33.43196105957031,2750300,0.0,0.0
2025-12-10,33.970001220703125,34.18000030517578,33.4900016784668,33.810001373291016,33.22559356689453,3358100,0.0,0.0
2025-12-11,33.83000183105469,34.3489990234375,33.09000015258789,33.18000030517578,32.60647964477539,3459300,0.0,0.0
2025-12-12,33.369998931884766,33.5099983215332,33.0099983215332,33.189998626708984,32.61630630493164,2441200,0.0,0.0
2025-12-15,33.31999969482422,33.42499923706055,32.5099983215332,32.619998931884766,32.05615997314453,3297100,0.0,0.0
2025-12-16,32.630001068115234,32.790000915527344,32.189998626708984,32.220001220703125,31.663076400756836,3608600,0.0,0.0
2025-12-17,32.2599983215332,32.7599983215332,32.25,32.5099983215332,31.948060989379883,4182800,0.0,0.0
2025-12-18,32.880001068115234,32.88999938964844,32.487998962402344,32.61000061035156,32.04633712768555,2638500,0.0,0.0
2025-12-19,32.540000915527344,33.04999923706055,32.34000015258789,33.02000045776367,32.44924545288086,10067500,0.0,0.0
2025-12-22,33.08000183105469,33.724998474121094,32.54999923706055,32.77000045776367,32.20356750488281,3062400,0.0,0.0
2025-12-23,32.66999816894531,32.96500015258789,32.64500045776367,32.7599983215332,32.19374084472656,2833200,0.0,0.0
2025-12-24,32.689998626708984,32.88999938964844,32.599998474121094,32.88999938964844,32.321495056152344,1177300,0.0,0.0
2025-12-26,32.810001373291016,32.82500076293945,32.48500061035156,32.540000915527344,31.977542877197266,1692400,0.0,0.0
2025-12-29,32.540000915527344,32.689998626708984,32.224998474121094,32.38999938964844,31.830137252807617,4134500,0.0,0.0
2025-12-30,32.290000915527344,32.48500061035156,32.06999969482422,32.15999984741211,31.604110717773438,2090000,0.0,0.0
2025-12-31,32.130001068115234,32.54899978637695,31.979999542236328,32.290000915527344,31.73186683654785,2736800,0.0,0.0
2026-01-02,32.45000076293945,32.474998474121094,31.65999984741211,31.739999771118164,31.191370010375977,3478500,0.0,0.0
2026-01-05,31.8799991607666,32.790000915527344,31.8700008392334,32.459999084472656,31.89892578125,4451000,0.0,0.0
2026-01-06,32.27000045776367,32.77000045776367,32.130001068115234,32.72999954223633,32.3536376953125,2836600,0.19,0.0
2026-01-07,32.779998779296875,32.970001220703125,32.27000045776367,32.59000015258789,32.215248107910156,2948300,0.0,0.0
2026-01-08,32.38999938964844,33.025001525878906,32.189998626708984,32.650001525878906,32.274559020996094,4107700,0.0,0.0
2026-01-09,32.68000030517578,32.96500015258789,32.05500030517578,32.220001220703125,31.849504470825195,2722900,0.0,0.0
2026-01-12,32.02000045776367,32.244998931884766,31.65999984741211,32.06999969482422,31.70122718811035,2872300,0.0,0.0
2026-01-13,32.09000015258789,32.20000076293945,31.579999923706055,31.68000030517578,31.315711975097656,3088300,0.0,0.0
2026-01-14,31.600000381469727,32.060001373291016,31.344999313354492,31.989999771118164,31.622146606445312,4051800,0.0,0.0
2026-01-15,32.0099983215332,32.150001525878906,31.540000915527344,31.600000381469727,31.236631393432617,3503700,0.0,0.0
2026-01-16,31.600000381469727,31.729999542236328,31.190000534057617,31.334999084472656,30.97467803955078,3575000,0.0,0.0
2026-01-20,31.100000381469727,31.100000381469727,30.325000762939453,30.850000381469727,30.495256423950195,5720800,0.0,0.0
2026-01-21,30.8799991607666,31.049999237060547,30.485000610351562,31.014999389648438,30.658357620239258,3502200,0.0,0.0
2026-01-22,31.309999465942383,31.729999542236328,31.219999313354492,31.520000457763672,31.157550811767578,3014900,0.0,0.0
2026-01-23,31.459999084472656,31.770000457763672,31.030000686645508,31.079999923706055,30.722610473632812,2411300,0.0,0.0
2026-01-26,31.200000762939453,32.119998931884766,31.190000534057617,32.08000183105469,31.71111297607422,3565200,0.0,0.0
2026-01-27,32.2400016784668,32.525001525878906,31.545000076293945,31.719999313354492,31.35525131225586,3865800,0.0,0.0
2026-01-28,31.75,32.0099983215332,31.229999542236328,31.364999771118164,31.00433349609375,2952100,0.0,0.0
2026-01-29,31.43000030517578,31.55500030517578,30.799999237060547,31.020000457763672,30.663299560546875,4982700,0.0,0.0
2026-01-30,30.899999618530273,31.204999923706055,30.415000915527344,31.149999618530273,30.791805267333984,5393800,0.0,0.0
2026-02-02,30.84000015258789,31.940000534057617,30.84000015258789,31.540000915527344,31.177322387695312,6487100,0.0,0.0
2026-02-03,31.200000762939453,31.385000228881836,28.860000610351562,28.899999618530273,28.567678451538086,9993700,0.0,0.0
2026-02-04,33.18000030517578,33.400001525878906,28.809999465942383,30.610000610351562,30.258014678955078,13896800,0.0,0.0
2026-02-05,30.415000915527344,30.915000915527344,29.899999618530273,30.850000381469727,30.495256423950195,6497400,0.0,0.0
2026-02-06,30.8799991607666,31.80500030517578,30.850000381469727,31.6299991607666,31.266284942626953,4701200,0.0,0.0
2026-02-09,31.639999389648438,32.994998931884766,31.584999084472656,32.59000015258789,32.215248107910156,5611200,0.0,0.0
2026-02-10,32.54999923706055,32.83000183105469,32.189998626708984,32.4900016784668,32.116397857666016,3589900,0.0,0.0
2026-02-11,32.4900016784668,32.525001525878906,31.0,31.399999618530273,31.038930892944336,4885600,0.0,0.0
2026-02-12,31.43000030517578,31.809999465942383,29.8700008392334,29.920000076293945,29.57594871520996,4590200,0.0,0.0
2026-02-13,29.850000381469727,30.639999389648438,29.6299991607666,30.5,30.149280548095703,5479800,0.0,0.0
2026-02-17,30.399999618530273,30.670000076293945,29.549999237060547,30.18000030517578,29.83296012878418,3721900,0.0,0.0
2026-02-18,30.1299991607666,30.5,29.940000534057617,30.280000686645508,29.93181037902832,3018600,0.0,0.0
2026-02-19,30.100000381469727,30.719999313354492,30.100000381469727,30.690000534057617,30.337095260620117,2834600,0.0,0.0
2026-02-20,30.670000076293945,31.889999389648438,30.579999923706055,31.829999923706055,31.463987350463867,3031200,0.0,0.0
2026-02-23,31.68000030517578,31.809999465942383,30.739999771118164,30.8799991607666,30.52490997314453,3041700,0.0,0.0
2026-02-24,30.90999984741211,31.440000534057617,30.64900016784668,31.290000915527344,30.930194854736328,2433500,0.0,0.0
2026-02-25,31.34000015258789,31.389999389648438,30.625,31.3799991607666,31.0191593170166,2479100,0.0,0.0
2026-02-26,31.510000228881836,32.23500061035156,31.459999084472656,32.220001220703125,31.849504470825195,2630800,0.0,0.0
2026-02-27,31.719999313354492,31.969999313354492,30.989999771118164,31.600000381469727,31.236631393432617,6394200,0.0,0.0
2026-03-02,30.559999465942383,31.655000686645508,30.559999465942383,31.290000915527344,30.930194854736328,3422500,0.0,0.0
2026-03-03,30.15999984741211,30.969999313354492,30.15999984741211,30.799999237060547,30.445829391479492,4875700,0.0,0.0
2026-03-04,30.690000534057617,31.155000686645508,30.329999923706055,30.799999237060547,30.445829391479492,3881500,0.0,0.0
2026-03-05,30.610000610351562,31.93000030517578,30.610000610351562,31.309999465942383,30.94996452331543,4907600,0.0,0.0
2026-03-06,30.799999237060547,30.850000381469727,29.899999618530273,30.469999313354492,30.119625091552734,3787900,0.0,0.0
2026-03-09,30.420000076293945,31.155000686645508,29.850000381469727,31.110000610351562,30.75226593017578,5317600,0.0,0.0
2026-03-10,31.139999389648438,31.21500015258789,30.34000015258789,30.84000015258789,30.485370635986328,4126800,0.0,0.0
2026-03-11,30.809999465942383,31.1299991607666,29.954999923706055,30.600000381469727,30.248130798339844,3975000,0.0,0.0
2026-03-12,30.239999771118164,31.489999771118164,30.040000915527344,30.100000381469727,29.75387954711914,4273000,0.0,0.0
2026-03-13,30.40999984741211,31.309999465942383,30.25,30.790000915527344,30.435945510864258,5372000,0.0,0.0
2026-03-16,30.790000915527344,30.979999542236328,30.09000015258789,30.290000915527344,29.941696166992188,5459800,0.0,0.0
2026-03-17,30.389999389648438,31.290000915527344,30.389999389648438,31.06999969482422,30.712724685668945,4279500,0.0,0.0
2026-03-18,30.979999542236328,31.399999618530273,30.71500015258789,30.770000457763672,30.416175842285156,3877500,0.0,0.0
2026-03-19,30.729999542236328,31.729999542236328,30.514999389648438,31.469999313354492,31.108123779296875,4890900,0.0,0.0
2026-03-20,31.44499969482422,31.665000915527344,31.045000076293945,31.059999465942383,30.70284080505371,76577100,0.0,0.0
2026-03-23,31.549999237060547,31.8799991607666,31.0,31.200000762939453,30.841230392456055,4822900,0.0,0.0
2026-03-24,30.889999389648438,31.280000686645508,30.100000381469727,30.389999389648438,30.040544509887695,4014100,0.0,0.0
2026-03-25,30.600000381469727,30.780000686645508,29.815000534057617,30.34000015258789,29.991119384765625,2921800,0.0,0.0
2026-03-26,30.0,31.079999923706055,30.0,30.809999465942383,30.455713272094727,4250900,0.0,0.0
2026-03-27,30.579999923706055,30.799999237060547,29.704999923706055,29.739999771118164,29.39801788330078,2951600,0.0,0.0
2026-03-30,30.059999465942383,30.514999389648438,29.81999969482422,30.149999618530273,29.80330467224121,3752300,0.0,0.0
2026-03-31,30.479999542236328,30.850000381469727,29.790000915527344,30.709999084472656,30.35686492919922,2973900,0.0,0.0
2026-04-01,30.885000228881836,31.30500030517578,30.459999084472656,31.139999389648438,30.781919479370117,3347500,0.0,0.0
2026-04-02,30.969999313354492,31.68000030517578,30.639999389648438,31.440000534057617,31.07847023010254,2320000,0.0,0.0
2026-04-06,31.28499984741211,32.22999954223633,31.239999771118164,32.13999938964844,31.77042007446289,4026500,0.0,0.0
2026-04-07,31.920000076293945,32.220001220703125,31.59000015258789,31.920000076293945,31.75052833557129,3382600,0.2,0.0
2026-04-08,32.7400016784668,33.029998779296875,32.3849983215332,32.70000076293945,32.52638626098633,3356900,0.0,0.0
2026-04-09,32.5099983215332,32.845001220703125,32.13999938964844,32.4900016784668,32.3175048828125,2915100,0.0,0.0
2026-04-10,32.58000183105469,32.70000076293945,31.65999984741211,31.700000762939453,31.531696319580078,2482900,0.0,0.0
2026-04-13,31.424999237060547,33.345001220703125,31.424999237060547,33.20000076293945,33.02373123168945,3830300,0.0,0.0
2026-04-14,33.279998779296875,33.82500076293945,33.084999084472656,33.59000015258789,33.41166305541992,2707500,0.0,0.0
2026-04-15,33.86000061035156,34.93000030517578,33.790000915527344,34.52000045776367,34.33672332763672,4202900,0.0,0.0
2026-04-16,34.65999984741211,34.86000061035156,34.46500015258789,34.75,34.56550216674805,4421800,0.0,0.0
2026-04-17,35.02000045776367,35.939998626708984,34.935001373291016,35.5099983215332,35.32146453857422,3814100,0.0,0.0
2026-04-20,35.41999816894531,36.14500045776367,35.349998474121094,36.11000061035156,35.91828155517578,3269800,0.0,0.0
2026-04-21,36.06999969482422,36.474998474121094,35.869998931884766,35.93000030517578,35.73923873901367,3298600,0.0,0.0
2026-04-22,36.11000061035156,36.61000061035156,35.7599983215332,36.529998779296875,36.33605194091797,2406500,0.0,0.0
2026-04-23,36.209999084472656,36.400001525878906,35.040000915527344,35.65999984741211,35.470672607421875,2659400,0.0,0.0
2026-04-24,35.63999938964844,36.79999923706055,35.02000045776367,36.75,36.55488204956055,3362600,0.0,0.0
2026-04-27,36.75,37.150001525878906,36.69499969482422,36.91999816894531,36.72397994995117,2195300,0.0,0.0
2026-04-28,36.97999954223633,37.44499969482422,36.77000045776367,37.01499938964844,36.818477630615234,2661000,0.0,0.0
2026-04-29,36.77000045776367,37.189998626708984,36.665000915527344,36.970001220703125,36.77371597290039,2379200,0.0,0.0
2026-04-30,37.0099983215332,37.84000015258789,36.77000045776367,37.41999816894531,37.2213249206543,3191800,0.0,0.0
2026-05-01,37.70000076293945,38.935001373291016,37.39500045776367,38.66999816894531,38.46468734741211,4240000,0.0,0.0
2026-05-04,38.52000045776367,38.54499816894531,37.54499816894531,38.16999816894531,37.967342376708984,3926300,0.0,0.0
2026-05-05,38.04999923706055,38.5099983215332,37.04999923706055,37.650001525878906,37.45010757446289,6308100,0.0,0.0
2026-05-06,36.290000915527344,38.810001373291016,36.189998626708984,38.0,37.798248291015625,8119600,0.0,0.0
2026-05-07,38.4900016784668,38.560001373291016,35.709999084472656,35.83000183105469,35.6397705078125,7289000,0.0,0.0
2026-05-08,35.7400016784668,37.040000915527344,35.720001220703125,36.959999084472656,36.76376724243164,3970100,0.0,0.0
2026-05-11,36.880001068115234,37.0,35.34000015258789,35.77000045776367,35.58008575439453,4409700,0.0,0.0
2026-05-12,35.66999816894531,35.7400016784668,35.22999954223633,35.36000061035156,35.172264099121094,2969800,0.0,0.0
2026-05-13,35.22999954223633,36.48500061035156,35.099998474121094,36.06999969482422,35.87849426269531,3835300,0.0,0.0
2026-05-14,36.099998474121094,36.29999923706055,35.529998779296875,35.72999954223633,35.54029846191406,2354600,0.0,0.0
2026-05-15,35.7400016784668,35.97999954223633,35.22999954223633,35.400001525878906,35.21205139160156,3060100,0.0,0.0
2026-05-18,35.400001525878906,36.25,35.31999969482422,35.880001068115234,35.68950271606445,4070100,0.0,0.0
2026-05-19,35.880001068115234,36.279998779296875,35.31999969482422,35.349998474121094,35.162315368652344,3144600,0.0,0.0
2026-05-20,35.150001525878906,35.994998931884766,34.83399963378906,35.9900016784668,35.798919677734375,3158700,0.0,0.0
2026-05-21,35.61000061035156,35.9900016784668,35.16999816894531,35.65999984741211,35.470672607421875,3030000,0.0,0.0
2026-05-22,35.61000061035156,35.970001220703125,35.540000915527344,35.79999923706055,35.609928131103516,2603300,0.0,0.0
2026-05-26,35.66999816894531,35.97999954223633,35.36000061035156,35.95000076293945,35.759132385253906,2678400,0.0,0.0
2026-05-27,35.9900016784668,36.79499816894531,35.98500061035156,36.099998474121094,35.90833282470703,2094200,0.0,0.0
2026-05-28,36.099998474121094,36.369998931884766,35.81100082397461,36.36000061035156,36.166954040527344,2160300,0.0,0.0
2026-05-29,36.36000061035156,36.54499816894531,35.83000183105469,36.130001068115234,35.938175201416016,3234400,0.0,0.0
2026-06-01,36.275001525878906,36.904998779296875,35.869998931884766,36.7599983215332,36.5648307800293,3079300,0.0,0.0
2026-06-02,36.25,36.369998931884766,35.29499816894531,35.31999969482422,35.132476806640625,2964900,0.0,0.0
2026-06-03,34.90999984741211,35.25,34.099998474121094,34.31999969482422,34.137786865234375,2987700,0.0,0.0
2026-06-04,34.560001373291016,35.27000045776367,34.470001220703125,34.7599983215332,34.57544708251953,2720500,0.0,0.0
2026-06-05,34.77000045776367,35.2400016784668,34.141998291015625,34.41999816894531,34.23725128173828,2269300,0.0,0.0
2026-06-08,34.25,34.29499816894531,33.970001220703125,34.189998626708984,34.00847244262695,2713500,0.0,0.0
2026-06-09,34.400001525878906,34.970001220703125,34.07500076293945,34.720001220703125,34.53566360473633,2646000,0.0,0.0
2026-06-10,34.40999984741211,35.029998779296875,34.09000015258789,34.349998474121094,34.167625427246094,2980800,0.0,0.0
2026-06-11,34.15999984741211,34.619998931884766,33.790000915527344,34.56999969482422,34.38645935058594,2679200,0.0,0.0
2026-06-12,34.84000015258789,35.05500030517578,34.31999969482422,34.88999938964844,34.70475769042969,2751500,0.0,0.0
2026-06-15,35.40999984741211,36.38999938964844,35.25,35.939998626708984,35.749183654785156,2964800,0.0,0.0
2026-06-16,35.9900016784668,37.02000045776367,35.90999984741211,36.52000045776367,36.326107025146484,2905000,0.0,0.0
2026-06-17,36.08000183105469,36.42499923706055,35.2599983215332,35.310001373291016,35.12253189086914,3629500,0.0,0.0
2026-06-18,36.03799819946289,36.03799819946289,35.08000183105469,35.45000076293945,35.26178741455078,7207300,0.0,0.0
2026-06-22,35.084999084472656,35.650001525878906,34.63999938964844,35.2400016784668,35.05290222167969,3391300,0.0,0.0
2026-06-23,34.97999954223633,35.595001220703125,34.77000045776367,35.310001373291016,35.12253189086914,3404300,0.0,0.0
2026-06-24,35.36000061035156,36.06999969482422,35.27000045776367,35.34000015258789,35.15237045288086,4371700,0.0,0.0
2026-06-25,35.22999954223633,35.29999923706055,34.310001373291016,34.939998626708984,34.754493713378906,5643500,0.0,0.0
2026-06-26,34.790000915527344,37.22999954223633,34.790000915527344,37.16999816894531,36.972652435302734,7415500,0.0,0.0
2026-06-29,37.43000030517578,38.85499954223633,37.27799987792969,38.72999954223633,38.52437210083008,5025900,0.0,0.0
2026-06-30,38.45000076293945,38.57500076293945,37.380001068115234,38.04999923706055,37.84798049926758,4554600,0.0,0.0
2026-07-01,38.06999969482422,38.939998626708984,37.86000061035156,38.25,38.04692077636719,3290600,0.0,0.0
2026-07-02,38.09000015258789,38.709999084472656,37.76499938964844,37.900001525878906,37.69878005981445,3091800,0.0,0.0
2026-07-06,37.81999969482422,37.88999938964844,37.01499938964844,37.66999816894531,37.46999740600586,2822500,0.0,0.0
2026-07-07,37.900001525878906,39.78499984741211,37.8650016784668,39.18000030517578,39.18000030517578,4798800,0.2,0.0
2026-07-08,39.18000030517578,39.400001525878906,37.70500183105469,38.36000061035156,38.36000061035156,2986100,0.0,0.0
2026-07-09,37.709999084472656,39.709999084472656,37.619998931884766,39.31999969482422,39.31999969482422,3263800,0.0,0.0
2026-07-10,39.709999084472656,39.75,38.689998626708984,38.849998474121094,38.849998474121094,2189800,0.0,0.0
2026-07-13,39.029998779296875,39.23500061035156,38.42900085449219,38.540000915527344,38.540000915527344,1842900,0.0,0.0
2026-07-14,38.20000076293945,38.415000915527344,37.555999755859375,38.34000015258789,38.34000015258789,2953000,0.0,0.0
2026-07-15,38.560001373291016,40.165000915527344,38.5099983215332,40.11000061035156,40.11000061035156,4408200,0.0,0.0
2026-07-16,40.369998931884766,41.029998779296875,40.16999816894531,40.290000915527344,40.290000915527344,3902500,0.0,0.0
2026-07-17,39.720001220703125,39.97999954223633,38.83000183105469,39.150001525878906,39.150001525878906,2225800,0.0,0.0
2026-07-20,39.189998626708984,39.50400161743164,38.970001220703125,39.040000915527344,39.040000915527344,1507700,0.0,0.0
2026-07-21,38.70000076293945,39.0099983215332,38.470001220703125,38.75,38.75,1748900,0.0,0.0
2026-07-22,38.68000030517578,38.85499954223633,37.78099822998047,38.029998779296875,38.029998779296875,2667100,0.0,0.0
2026-07-23,37.5,37.78499984741211,36.81999969482422,37.400001525878906,37.400001525878906,2799200,0.0,0.0
2026-07-24,37.709999084472656,38.54999923706055,37.56999969482422,37.90999984741211,37.90999984741211,2113900,0.0,0.0
2026-07-27,38.5,39.005001068115234,38.45000076293945,38.79999923706055,38.79999923706055,1990300,0.0,0.0
2026-07-28,39.25,39.650001525878906,39.17499923706055,39.279998779296875,39.279998779296875,1933300,0.0,0.0
2026-07-29,39.31999969482422,40.27000045776367,39.2599983215332,39.400001525878906,39.400001525878906,2785200,0.0,0.0
2026-07-30,39.380001068115234,39.40999984741211,38.314998626708984,39.310001373291016,39.310001373291016,1703300,0.0,0.0
2026-07-31,39.16999816894531,39.5099983215332,38.810001373291016,39.40999984741211,39.40999984741211,2272000,0.0,0.0
2026-08-03,39.755001068115234,40.9900016784668,39.540000915527344,40.540000915527344,40.540000915527344,4457000,0.0,0.0
2026-08-04,40.040000915527344,41.400001525878906,40.040000915527344,41.2400016784668,41.2400016784668,5031600,0.0,0.0
2026-08-05,37.91999816894531,38.630001068115234,37.09000015258789,38.150001525878906,38.150001525878906,7529800,0.0,0.0
2026-08-06,37.619998931884766,38.060001373291016,36.20000076293945,36.61000061035156,36.61000061035156,4154500,0.0,0.0
2026-08-07,36.72999954223633,37.4900016784668,36.52000045776367,37.2599983215332,37.2599983215332,3267400,0.0,0.0
2026-08-10,37.0,37.31999969482422,36.59000015258789,36.72999954223633,36.72999954223633,2727300,0.0,0.0
2026-08-11,36.61000061035156,37.29999923706055,36.45000076293945,36.79999923706055,36.79999923706055,2987300,0.0,0.0
2026-08-12,36.70000076293945,36.79899978637695,36.20000076293945,36.58000183105469,36.58000183105469,2710500,0.0,0.0
2026-08-13,36.81999969482422,37.30500030517578,36.43000030517578,37.279998779296875,37.279998779296875,2593400,0.0,0.0
2026-08-14,37.529998779296875,38.4900016784668,37.34000015258789,37.95000076293945,37.95000076293945,2939400,0.0,0.0
