Date,Open,High,Low,Close,Adj Close,Volume,Dividends,Stock Splits,Capital Gains
2012-05-07,0.12999999523162842,0.15000000596046448,0.12999999523162842,0.15000000596046448,0.15000000596046448,250000.0,0.0,0.0,0.0
2012-05-08,0.15000000596046448,0.15000000596046448,0.15000000596046448,0.15000000596046448,0.15000000596046448,35000.0,0.0,0.0,0.0
2012-05-09,0.15000000596046448,0.15000000596046448,0.15000000596046448,0.15000000596046448,0.15000000596046448,64000.0,0.0,0.0,0.0
2012-05-10,0.15000000596046448,0.15000000596046448,0.15000000596046448,0.15000000596046448,0.15000000596046448,0.0,0.0,0.0,0.0
2012-05-11,0.15000000596046448,0.15000000596046448,0.15000000596046448,0.15000000596046448,0.15000000596046448,0.0,0.0,0.0,0.0
2012-05-14,0.15000000596046448,0.15000000596046448,0.15000000596046448,0.15000000596046448,0.15000000596046448,0.0,0.0,0.0,0.0
2012-05-15,0.15000000596046448,0.15000000596046448,0.15000000596046448,0.15000000596046448,0.15000000596046448,0.0,0.0,0.0,0.0
2012-05-16,0.15000000596046448,0.15000000596046448,0.15000000596046448,0.15000000596046448,0.15000000596046448,0.0,0.0,0.0,0.0
2012-05-17,0.15000000596046448,0.15000000596046448,0.15000000596046448,0.15000000596046448,0.15000000596046448,0.0,0.0,0.0,0.0
2012-05-18,0.15000000596046448,0.15000000596046448,0.15000000596046448,0.15000000596046448,0.15000000596046448,0.0,0.0,0.0,0.0
2012-05-21,0.15000000596046448,0.15000000596046448,0.15000000596046448,0.15000000596046448,0.15000000596046448,0.0,0.0,0.0,0.0
2012-05-22,0.15000000596046448,0.15000000596046448,0.15000000596046448,0.15000000596046448,0.15000000596046448,0.0,0.0,0.0,0.0
2012-05-23,0.15000000596046448,0.15000000596046448,0.15000000596046448,0.15000000596046448,0.15000000596046448,0.0,0.0,0.0,0.0
2012-05-24,0.15000000596046448,0.15000000596046448,0.15000000596046448,0.15000000596046448,0.15000000596046448,0.0,0.0,0.0,0.0
2012-05-25,0.15000000596046448,0.15000000596046448,0.15000000596046448,0.15000000596046448,0.15000000596046448,0.0,0.0,0.0,0.0
2012-05-29,0.15000000596046448,0.15000000596046448,0.15000000596046448,0.15000000596046448,0.15000000596046448,0.0,0.0,0.0,0.0
2012-05-31,0.15000000596046448,0.15000000596046448,0.15000000596046448,0.15000000596046448,0.15000000596046448,0.0,0.0,0.0,0.0
2012-06-01,0.15000000596046448,0.15000000596046448,0.15000000596046448,0.15000000596046448,0.15000000596046448,0.0,0.0,0.0,0.0
2012-06-04,0.15000000596046448,0.15000000596046448,0.15000000596046448,0.15000000596046448,0.15000000596046448,0.0,0.0,0.0,0.0
2012-06-05,0.15000000596046448,0.15000000596046448,0.15000000596046448,0.15000000596046448,0.15000000596046448,0.0,0.0,0.0,0.0
2012-06-06,0.15000000596046448,0.15000000596046448,0.15000000596046448,0.15000000596046448,0.15000000596046448,0.0,0.0,0.0,0.0
2012-06-07,0.15000000596046448,0.15000000596046448,0.15000000596046448,0.15000000596046448,0.15000000596046448,0.0,0.0,0.0,0.0
2012-06-08,0.15000000596046448,0.15000000596046448,0.15000000596046448,0.15000000596046448,0.15000000596046448,0.0,0.0,0.0,0.0
2012-06-11,0.15000000596046448,0.15000000596046448,0.15000000596046448,0.15000000596046448,0.15000000596046448,0.0,0.0,0.0,0.0
2012-06-12,0.15000000596046448,0.15000000596046448,0.15000000596046448,0.15000000596046448,0.15000000596046448,0.0,0.0,0.0,0.0
2012-06-13,0.15000000596046448,0.15000000596046448,0.15000000596046448,0.15000000596046448,0.15000000596046448,0.0,0.0,0.0,0.0
2012-06-14,0.15000000596046448,0.15000000596046448,0.15000000596046448,0.15000000596046448,0.15000000596046448,0.0,0.0,0.0,0.0
2012-06-15,0.15000000596046448,0.15000000596046448,0.15000000596046448,0.15000000596046448,0.15000000596046448,0.0,0.0,0.0,0.0
2012-06-18,0.15000000596046448,0.15000000596046448,0.15000000596046448,0.15000000596046448,0.15000000596046448,0.0,0.0,0.0,0.0
2012-06-19,0.15000000596046448,0.15000000596046448,0.15000000596046448,0.15000000596046448,0.15000000596046448,0.0,0.0,0.0,0.0
2012-06-20,0.15000000596046448,0.15000000596046448,0.15000000596046448,0.15000000596046448,0.15000000596046448,0.0,0.0,0.0,0.0
2012-06-21,0.15000000596046448,0.15000000596046448,0.15000000596046448,0.15000000596046448,0.15000000596046448,0.0,0.0,0.0,0.0
2012-06-22,0.15000000596046448,0.15000000596046448,0.15000000596046448,0.15000000596046448,0.15000000596046448,0.0,0.0,0.0,0.0
2012-06-25,0.15000000596046448,0.15000000596046448,0.15000000596046448,0.15000000596046448,0.15000000596046448,0.0,0.0,0.0,0.0
2012-06-26,0.15000000596046448,0.15000000596046448,0.15000000596046448,0.15000000596046448,0.15000000596046448,0.0,0.0,0.0,0.0
2012-06-27,0.15000000596046448,0.15000000596046448,0.15000000596046448,0.15000000596046448,0.15000000596046448,0.0,0.0,0.0,0.0
2012-06-28,0.15000000596046448,0.15000000596046448,0.15000000596046448,0.15000000596046448,0.15000000596046448,0.0,0.0,0.0,0.0
2012-06-29,0.15000000596046448,0.15000000596046448,0.15000000596046448,0.15000000596046448,0.15000000596046448,10000.0,0.0,0.0,0.0
2012-07-02,0.15000000596046448,0.15000000596046448,0.15000000596046448,0.15000000596046448,0.15000000596046448,0.0,0.0,0.0,0.0
2012-07-03,0.15000000596046448,0.15000000596046448,0.15000000596046448,0.15000000596046448,0.15000000596046448,0.0,0.0,0.0,0.0
2012-07-05,0.15000000596046448,0.15000000596046448,0.15000000596046448,0.15000000596046448,0.15000000596046448,0.0,0.0,0.0,0.0
2012-07-06,0.15000000596046448,0.15000000596046448,0.15000000596046448,0.15000000596046448,0.15000000596046448,0.0,0.0,0.0,0.0
2012-07-09,0.15000000596046448,0.15000000596046448,0.15000000596046448,0.15000000596046448,0.15000000596046448,0.0,0.0,0.0,0.0
2012-07-10,0.15000000596046448,0.15000000596046448,0.15000000596046448,0.15000000596046448,0.15000000596046448,0.0,0.0,0.0,0.0
2012-07-11,0.15000000596046448,0.15000000596046448,0.15000000596046448,0.15000000596046448,0.15000000596046448,0.0,0.0,0.0,0.0
2012-07-12,0.15000000596046448,0.15000000596046448,0.15000000596046448,0.15000000596046448,0.15000000596046448,0.0,0.0,0.0,0.0
2012-07-13,0.15000000596046448,0.15000000596046448,0.15000000596046448,0.15000000596046448,0.15000000596046448,0.0,0.0,0.0,0.0
2012-07-16,0.15000000596046448,0.15000000596046448,0.15000000596046448,0.15000000596046448,0.15000000596046448,0.0,0.0,0.0,0.0
2012-07-17,0.14000000059604645,0.14000000059604645,0.14000000059604645,0.14000000059604645,0.14000000059604645,50000.0,0.0,0.0,0.0
2012-07-18,0.14000000059604645,0.14000000059604645,0.14000000059604645,0.14000000059604645,0.14000000059604645,0.0,0.0,0.0,0.0
2012-07-19,0.14000000059604645,0.14000000059604645,0.14000000059604645,0.14000000059604645,0.14000000059604645,0.0,0.0,0.0,0.0
2012-07-20,0.14000000059604645,0.14000000059604645,0.14000000059604645,0.14000000059604645,0.14000000059604645,0.0,0.0,0.0,0.0
2012-07-23,0.14000000059604645,0.14000000059604645,0.14000000059604645,0.14000000059604645,0.14000000059604645,0.0,0.0,0.0,0.0
2012-07-24,0.14000000059604645,0.14000000059604645,0.14000000059604645,0.14000000059604645,0.14000000059604645,0.0,0.0,0.0,0.0
2012-07-25,0.14000000059604645,0.14000000059604645,0.14000000059604645,0.14000000059604645,0.14000000059604645,0.0,0.0,0.0,0.0
2012-07-26,0.14000000059604645,0.14000000059604645,0.14000000059604645,0.14000000059604645,0.14000000059604645,0.0,0.0,0.0,0.0
2012-07-27,0.14000000059604645,0.14000000059604645,0.14000000059604645,0.14000000059604645,0.14000000059604645,0.0,0.0,0.0,0.0
2012-07-30,0.14000000059604645,0.14000000059604645,0.14000000059604645,0.14000000059604645,0.14000000059604645,0.0,0.0,0.0,0.0
2012-07-31,0.14000000059604645,0.14000000059604645,0.14000000059604645,0.14000000059604645,0.14000000059604645,0.0,0.0,0.0,0.0
2012-08-01,0.14000000059604645,0.14000000059604645,0.14000000059604645,0.14000000059604645,0.14000000059604645,0.0,0.0,0.0,0.0
2012-08-02,0.14000000059604645,0.14000000059604645,0.14000000059604645,0.14000000059604645,0.14000000059604645,0.0,0.0,0.0,0.0
2012-08-03,0.14000000059604645,0.14000000059604645,0.14000000059604645,0.14000000059604645,0.14000000059604645,0.0,0.0,0.0,0.0
2012-08-06,0.14000000059604645,0.14000000059604645,0.14000000059604645,0.14000000059604645,0.14000000059604645,0.0,0.0,0.0,0.0
2012-08-07,0.14000000059604645,0.14000000059604645,0.14000000059604645,0.14000000059604645,0.14000000059604645,0.0,0.0,0.0,0.0
2012-08-08,0.14000000059604645,0.14000000059604645,0.14000000059604645,0.14000000059604645,0.14000000059604645,0.0,0.0,0.0,0.0
2012-08-09,0.14000000059604645,0.14000000059604645,0.14000000059604645,0.14000000059604645,0.14000000059604645,0.0,0.0,0.0,0.0
2012-08-10,0.1550000011920929,0.1550000011920929,0.1550000011920929,0.1550000011920929,0.1550000011920929,5000.0,0.0,0.0,0.0
2012-08-13,0.1550000011920929,0.1550000011920929,0.1550000011920929,0.1550000011920929,0.1550000011920929,0.0,0.0,0.0,0.0
2012-08-14,0.1550000011920929,0.1550000011920929,0.1550000011920929,0.1550000011920929,0.1550000011920929,0.0,0.0,0.0,0.0
2012-08-15,0.1550000011920929,0.1550000011920929,0.1550000011920929,0.1550000011920929,0.1550000011920929,0.0,0.0,0.0,0.0
2012-08-16,0.1550000011920929,0.1550000011920929,0.1550000011920929,0.1550000011920929,0.1550000011920929,0.0,0.0,0.0,0.0
2012-08-17,0.1550000011920929,0.1550000011920929,0.1550000011920929,0.1550000011920929,0.1550000011920929,0.0,0.0,0.0,0.0
2012-08-20,0.1550000011920929,0.1550000011920929,0.1550000011920929,0.1550000011920929,0.1550000011920929,0.0,0.0,0.0,0.0
2012-08-21,0.1550000011920929,0.1550000011920929,0.1550000011920929,0.1550000011920929,0.1550000011920929,0.0,0.0,0.0,0.0
2012-08-22,0.1550000011920929,0.1550000011920929,0.1550000011920929,0.1550000011920929,0.1550000011920929,0.0,0.0,0.0,0.0
2012-08-23,0.1550000011920929,0.1550000011920929,0.1550000011920929,0.1550000011920929,0.1550000011920929,0.0,0.0,0.0,0.0
2012-08-24,0.1550000011920929,0.1550000011920929,0.1550000011920929,0.1550000011920929,0.1550000011920929,0.0,0.0,0.0,0.0
2012-08-27,0.1550000011920929,0.1550000011920929,0.1550000011920929,0.1550000011920929,0.1550000011920929,0.0,0.0,0.0,0.0
2012-08-28,0.1550000011920929,0.1550000011920929,0.1550000011920929,0.1550000011920929,0.1550000011920929,0.0,0.0,0.0,0.0
2012-08-29,0.1550000011920929,0.1550000011920929,0.1550000011920929,0.1550000011920929,0.1550000011920929,0.0,0.0,0.0,0.0
2012-08-30,0.1550000011920929,0.1550000011920929,0.1550000011920929,0.1550000011920929,0.1550000011920929,0.0,0.0,0.0,0.0
2012-08-31,0.1550000011920929,0.1550000011920929,0.1550000011920929,0.1550000011920929,0.1550000011920929,0.0,0.0,0.0,0.0
2012-09-04,0.1550000011920929,0.1550000011920929,0.1550000011920929,0.1550000011920929,0.1550000011920929,0.0,0.0,0.0,0.0
2012-09-05,0.1550000011920929,0.1550000011920929,0.1550000011920929,0.1550000011920929,0.1550000011920929,0.0,0.0,0.0,0.0
2012-09-06,0.1550000011920929,0.1550000011920929,0.1550000011920929,0.1550000011920929,0.1550000011920929,0.0,0.0,0.0,0.0
2012-09-07,0.1550000011920929,0.1550000011920929,0.1550000011920929,0.1550000011920929,0.1550000011920929,0.0,0.0,0.0,0.0
2012-09-10,0.1550000011920929,0.1550000011920929,0.1550000011920929,0.1550000011920929,0.1550000011920929,0.0,0.0,0.0,0.0
2012-09-11,0.1550000011920929,0.1550000011920929,0.1550000011920929,0.1550000011920929,0.1550000011920929,0.0,0.0,0.0,0.0
2012-09-12,0.17000000178813934,0.17000000178813934,0.17000000178813934,0.17000000178813934,0.17000000178813934,10000.0,0.0,0.0,0.0
2012-09-13,0.17000000178813934,0.17000000178813934,0.17000000178813934,0.17000000178813934,0.17000000178813934,0.0,0.0,0.0,0.0
2012-09-14,0.17000000178813934,0.17000000178813934,0.17000000178813934,0.17000000178813934,0.17000000178813934,0.0,0.0,0.0,0.0
2012-09-17,0.17000000178813934,0.17000000178813934,0.17000000178813934,0.17000000178813934,0.17000000178813934,0.0,0.0,0.0,0.0
2012-09-18,0.17000000178813934,0.17000000178813934,0.17000000178813934,0.17000000178813934,0.17000000178813934,0.0,0.0,0.0,0.0
2012-09-19,0.17000000178813934,0.17000000178813934,0.17000000178813934,0.17000000178813934,0.17000000178813934,0.0,0.0,0.0,0.0
2012-09-20,0.17000000178813934,0.17000000178813934,0.17000000178813934,0.17000000178813934,0.17000000178813934,10000.0,0.0,0.0,0.0
2012-09-21,0.17000000178813934,0.17000000178813934,0.17000000178813934,0.17000000178813934,0.17000000178813934,0.0,0.0,0.0,0.0
2012-09-24,0.17499999701976776,0.17499999701976776,0.1550000011920929,0.1550000011920929,0.1550000011920929,29000.0,0.0,0.0,0.0
2012-09-25,0.1550000011920929,0.1550000011920929,0.1550000011920929,0.1550000011920929,0.1550000011920929,0.0,0.0,0.0,0.0
2012-09-26,0.1550000011920929,0.1550000011920929,0.1550000011920929,0.1550000011920929,0.1550000011920929,0.0,0.0,0.0,0.0
2012-09-27,0.1550000011920929,0.1550000011920929,0.1550000011920929,0.1550000011920929,0.1550000011920929,0.0,0.0,0.0,0.0
2012-09-28,0.1550000011920929,0.1550000011920929,0.1550000011920929,0.1550000011920929,0.1550000011920929,0.0,0.0,0.0,0.0
2012-10-01,0.1550000011920929,0.1550000011920929,0.1550000011920929,0.1550000011920929,0.1550000011920929,0.0,0.0,0.0,0.0
2012-10-02,0.1550000011920929,0.1550000011920929,0.1550000011920929,0.1550000011920929,0.1550000011920929,0.0,0.0,0.0,0.0
2012-10-03,0.1550000011920929,0.1550000011920929,0.1550000011920929,0.1550000011920929,0.1550000011920929,0.0,0.0,0.0,0.0
2012-10-04,0.1550000011920929,0.1550000011920929,0.1550000011920929,0.1550000011920929,0.1550000011920929,0.0,0.0,0.0,0.0
2012-10-05,0.1550000011920929,0.1550000011920929,0.1550000011920929,0.1550000011920929,0.1550000011920929,0.0,0.0,0.0,0.0
2012-10-08,0.1550000011920929,0.1550000011920929,0.1550000011920929,0.1550000011920929,0.1550000011920929,0.0,0.0,0.0,0.0
2012-10-09,0.1550000011920929,0.1550000011920929,0.1550000011920929,0.1550000011920929,0.1550000011920929,0.0,0.0,0.0,0.0
2012-10-10,0.1550000011920929,0.1550000011920929,0.1550000011920929,0.1550000011920929,0.1550000011920929,0.0,0.0,0.0,0.0
2012-10-11,0.1550000011920929,0.1550000011920929,0.1550000011920929,0.1550000011920929,0.1550000011920929,0.0,0.0,0.0,0.0
2012-10-12,0.1550000011920929,0.1550000011920929,0.1550000011920929,0.1550000011920929,0.1550000011920929,0.0,0.0,0.0,0.0
2012-10-15,0.1550000011920929,0.1550000011920929,0.1550000011920929,0.1550000011920929,0.1550000011920929,0.0,0.0,0.0,0.0
2012-10-16,0.1550000011920929,0.1550000011920929,0.1550000011920929,0.1550000011920929,0.1550000011920929,0.0,0.0,0.0,0.0
2012-10-17,0.1550000011920929,0.1550000011920929,0.1550000011920929,0.1550000011920929,0.1550000011920929,0.0,0.0,0.0,0.0
2012-10-18,0.1550000011920929,0.1550000011920929,0.1550000011920929,0.1550000011920929,0.1550000011920929,0.0,0.0,0.0,0.0
2012-10-19,0.1550000011920929,0.1550000011920929,0.1550000011920929,0.1550000011920929,0.1550000011920929,0.0,0.0,0.0,0.0
2012-10-22,0.1550000011920929,0.1550000011920929,0.1550000011920929,0.1550000011920929,0.1550000011920929,0.0,0.0,0.0,0.0
2012-10-23,0.1550000011920929,0.1550000011920929,0.1550000011920929,0.1550000011920929,0.1550000011920929,0.0,0.0,0.0,0.0
2012-10-24,0.1550000011920929,0.1550000011920929,0.1550000011920929,0.1550000011920929,0.1550000011920929,0.0,0.0,0.0,0.0
2012-10-25,0.1550000011920929,0.1550000011920929,0.1550000011920929,0.1550000011920929,0.1550000011920929,0.0,0.0,0.0,0.0
2012-10-26,0.1550000011920929,0.1550000011920929,0.1550000011920929,0.1550000011920929,0.1550000011920929,0.0,0.0,0.0,0.0
2012-10-31,0.1550000011920929,0.1550000011920929,0.1550000011920929,0.1550000011920929,0.1550000011920929,0.0,0.0,0.0,0.0
2012-11-01,0.1550000011920929,0.1550000011920929,0.1550000011920929,0.1550000011920929,0.1550000011920929,0.0,0.0,0.0,0.0
2012-11-02,0.1550000011920929,0.1550000011920929,0.1550000011920929,0.1550000011920929,0.1550000011920929,0.0,0.0,0.0,0.0
2012-11-05,0.1550000011920929,0.1550000011920929,0.1550000011920929,0.1550000011920929,0.1550000011920929,0.0,0.0,0.0,0.0
2012-11-06,0.1550000011920929,0.1550000011920929,0.1550000011920929,0.1550000011920929,0.1550000011920929,0.0,0.0,0.0,0.0
2012-11-07,0.1550000011920929,0.1550000011920929,0.1550000011920929,0.1550000011920929,0.1550000011920929,0.0,0.0,0.0,0.0
2012-11-08,0.1550000011920929,0.1550000011920929,0.1550000011920929,0.1550000011920929,0.1550000011920929,0.0,0.0,0.0,0.0
2012-11-09,0.1550000011920929,0.1550000011920929,0.1550000011920929,0.1550000011920929,0.1550000011920929,0.0,0.0,0.0,0.0
2012-11-12,0.1550000011920929,0.1550000011920929,0.1550000011920929,0.1550000011920929,0.1550000011920929,0.0,0.0,0.0,0.0
2012-11-13,0.1550000011920929,0.1550000011920929,0.1550000011920929,0.1550000011920929,0.1550000011920929,0.0,0.0,0.0,0.0
2012-11-14,0.1550000011920929,0.1550000011920929,0.1550000011920929,0.1550000011920929,0.1550000011920929,0.0,0.0,0.0,0.0
2012-11-15,0.1550000011920929,0.1550000011920929,0.1550000011920929,0.1550000011920929,0.1550000011920929,0.0,0.0,0.0,0.0
2012-11-16,0.1550000011920929,0.1550000011920929,0.1550000011920929,0.1550000011920929,0.1550000011920929,0.0,0.0,0.0,0.0
2012-11-19,0.1550000011920929,0.1550000011920929,0.1550000011920929,0.1550000011920929,0.1550000011920929,0.0,0.0,0.0,0.0
2012-11-20,0.1550000011920929,0.1550000011920929,0.1550000011920929,0.1550000011920929,0.1550000011920929,0.0,0.0,0.0,0.0
2012-11-21,0.1550000011920929,0.1550000011920929,0.1550000011920929,0.1550000011920929,0.1550000011920929,0.0,0.0,0.0,0.0
2012-11-23,0.1550000011920929,0.1550000011920929,0.1550000011920929,0.1550000011920929,0.1550000011920929,0.0,0.0,0.0,0.0
2012-11-26,0.1550000011920929,0.1550000011920929,0.1550000011920929,0.1550000011920929,0.1550000011920929,0.0,0.0,0.0,0.0
2012-11-27,0.1550000011920929,0.1550000011920929,0.1550000011920929,0.1550000011920929,0.1550000011920929,0.0,0.0,0.0,0.0
2012-11-28,0.1550000011920929,0.1550000011920929,0.1550000011920929,0.1550000011920929,0.1550000011920929,0.0,0.0,0.0,0.0
2012-11-29,0.1550000011920929,0.1550000011920929,0.1550000011920929,0.1550000011920929,0.1550000011920929,0.0,0.0,0.0,0.0
2012-11-30,0.1550000011920929,0.1550000011920929,0.1550000011920929,0.1550000011920929,0.1550000011920929,0.0,0.0,0.0,0.0
2012-12-03,0.1550000011920929,0.1550000011920929,0.1550000011920929,0.1550000011920929,0.1550000011920929,0.0,0.0,0.0,0.0
2012-12-04,0.1550000011920929,0.1550000011920929,0.1550000011920929,0.1550000011920929,0.1550000011920929,0.0,0.0,0.0,0.0
2012-12-05,0.1550000011920929,0.1550000011920929,0.1550000011920929,0.1550000011920929,0.1550000011920929,0.0,0.0,0.0,0.0
2012-12-06,0.1550000011920929,0.1550000011920929,0.1550000011920929,0.1550000011920929,0.1550000011920929,0.0,0.0,0.0,0.0
2012-12-07,0.1550000011920929,0.1550000011920929,0.1550000011920929,0.1550000011920929,0.1550000011920929,0.0,0.0,0.0,0.0
2012-12-10,0.1550000011920929,0.1550000011920929,0.1550000011920929,0.1550000011920929,0.1550000011920929,0.0,0.0,0.0,0.0
2012-12-11,0.1550000011920929,0.1550000011920929,0.1550000011920929,0.1550000011920929,0.1550000011920929,0.0,0.0,0.0,0.0
2012-12-12,0.1550000011920929,0.1550000011920929,0.1550000011920929,0.1550000011920929,0.1550000011920929,0.0,0.0,0.0,0.0
2012-12-13,0.1550000011920929,0.1550000011920929,0.1550000011920929,0.1550000011920929,0.1550000011920929,0.0,0.0,0.0,0.0
2012-12-14,0.1550000011920929,0.1550000011920929,0.1550000011920929,0.1550000011920929,0.1550000011920929,0.0,0.0,0.0,0.0
2012-12-17,0.1550000011920929,0.1550000011920929,0.1550000011920929,0.1550000011920929,0.1550000011920929,0.0,0.0,0.0,0.0
2012-12-18,0.1550000011920929,0.1550000011920929,0.1550000011920929,0.1550000011920929,0.1550000011920929,0.0,0.0,0.0,0.0
2012-12-19,0.1550000011920929,0.1550000011920929,0.1550000011920929,0.1550000011920929,0.1550000011920929,0.0,0.0,0.0,0.0
2012-12-20,0.1550000011920929,0.1550000011920929,0.1550000011920929,0.1550000011920929,0.1550000011920929,0.0,0.0,0.0,0.0
2012-12-21,0.1550000011920929,0.1550000011920929,0.1550000011920929,0.1550000011920929,0.1550000011920929,0.0,0.0,0.0,0.0
2012-12-24,0.1550000011920929,0.1550000011920929,0.1550000011920929,0.1550000011920929,0.1550000011920929,0.0,0.0,0.0,0.0
2012-12-26,0.1550000011920929,0.1550000011920929,0.1550000011920929,0.1550000011920929,0.1550000011920929,0.0,0.0,0.0,0.0
2012-12-27,0.1550000011920929,0.1550000011920929,0.1550000011920929,0.1550000011920929,0.1550000011920929,0.0,0.0,0.0,0.0
2012-12-28,0.1550000011920929,0.1550000011920929,0.1550000011920929,0.1550000011920929,0.1550000011920929,0.0,0.0,0.0,0.0
2012-12-31,0.1550000011920929,0.1550000011920929,0.1550000011920929,0.1550000011920929,0.1550000011920929,0.0,0.0,0.0,0.0
2013-01-02,0.1550000011920929,0.1550000011920929,0.1550000011920929,0.1550000011920929,0.1550000011920929,0.0,0.0,0.0,0.0
2013-01-03,0.1550000011920929,0.1550000011920929,0.1550000011920929,0.1550000011920929,0.1550000011920929,0.0,0.0,0.0,0.0
2013-01-04,0.1550000011920929,0.1550000011920929,0.1550000011920929,0.1550000011920929,0.1550000011920929,0.0,0.0,0.0,0.0
2013-01-07,0.1550000011920929,0.1550000011920929,0.1550000011920929,0.1550000011920929,0.1550000011920929,0.0,0.0,0.0,0.0
2013-01-08,0.1550000011920929,0.1550000011920929,0.1550000011920929,0.1550000011920929,0.1550000011920929,0.0,0.0,0.0,0.0
2013-01-09,0.1550000011920929,0.1550000011920929,0.1550000011920929,0.1550000011920929,0.1550000011920929,0.0,0.0,0.0,0.0
2013-01-10,0.1550000011920929,0.1550000011920929,0.1550000011920929,0.1550000011920929,0.1550000011920929,0.0,0.0,0.0,0.0
2013-01-11,0.1550000011920929,0.1550000011920929,0.1550000011920929,0.1550000011920929,0.1550000011920929,0.0,0.0,0.0,0.0
2013-01-14,0.1550000011920929,0.1550000011920929,0.1550000011920929,0.1550000011920929,0.1550000011920929,0.0,0.0,0.0,0.0
2013-01-15,0.1550000011920929,0.1550000011920929,0.1550000011920929,0.1550000011920929,0.1550000011920929,0.0,0.0,0.0,0.0
2013-01-16,0.1550000011920929,0.1550000011920929,0.1550000011920929,0.1550000011920929,0.1550000011920929,0.0,0.0,0.0,0.0
2013-01-17,0.1550000011920929,0.1550000011920929,0.1550000011920929,0.1550000011920929,0.1550000011920929,0.0,0.0,0.0,0.0
2013-01-18,0.1550000011920929,0.1550000011920929,0.1550000011920929,0.1550000011920929,0.1550000011920929,0.0,0.0,0.0,0.0
2013-01-22,0.1550000011920929,0.1550000011920929,0.1550000011920929,0.1550000011920929,0.1550000011920929,0.0,0.0,0.0,0.0
2013-01-23,0.1550000011920929,0.1550000011920929,0.1550000011920929,0.1550000011920929,0.1550000011920929,0.0,0.0,0.0,0.0
2013-01-24,0.1550000011920929,0.1550000011920929,0.1550000011920929,0.1550000011920929,0.1550000011920929,0.0,0.0,0.0,0.0
2013-01-25,0.1550000011920929,0.1550000011920929,0.1550000011920929,0.1550000011920929,0.1550000011920929,0.0,0.0,0.0,0.0
2013-01-28,0.1550000011920929,0.1550000011920929,0.1550000011920929,0.1550000011920929,0.1550000011920929,0.0,0.0,0.0,0.0
2013-01-29,0.1550000011920929,0.1550000011920929,0.1550000011920929,0.1550000011920929,0.1550000011920929,0.0,0.0,0.0,0.0
2013-01-30,0.1550000011920929,0.1550000011920929,0.1550000011920929,0.1550000011920929,0.1550000011920929,0.0,0.0,0.0,0.0
2013-01-31,0.1550000011920929,0.1550000011920929,0.1550000011920929,0.1550000011920929,0.1550000011920929,0.0,0.0,0.0,0.0
2013-02-01,0.1550000011920929,0.1550000011920929,0.1550000011920929,0.1550000011920929,0.1550000011920929,0.0,0.0,0.0,0.0
2013-02-04,0.1550000011920929,0.1550000011920929,0.1550000011920929,0.1550000011920929,0.1550000011920929,0.0,0.0,0.0,0.0
2013-02-05,0.1550000011920929,0.1550000011920929,0.1550000011920929,0.1550000011920929,0.1550000011920929,0.0,0.0,0.0,0.0
2013-02-06,0.1550000011920929,0.1550000011920929,0.1550000011920929,0.1550000011920929,0.1550000011920929,0.0,0.0,0.0,0.0
2013-02-07,0.1550000011920929,0.1550000011920929,0.1550000011920929,0.1550000011920929,0.1550000011920929,0.0,0.0,0.0,0.0
2013-02-08,0.1550000011920929,0.1550000011920929,0.1550000011920929,0.1550000011920929,0.1550000011920929,0.0,0.0,0.0,0.0
2013-02-11,0.1550000011920929,0.1550000011920929,0.1550000011920929,0.1550000011920929,0.1550000011920929,0.0,0.0,0.0,0.0
2013-02-12,0.1550000011920929,0.1550000011920929,0.1550000011920929,0.1550000011920929,0.1550000011920929,0.0,0.0,0.0,0.0
2013-02-13,0.1550000011920929,0.1550000011920929,0.1550000011920929,0.1550000011920929,0.1550000011920929,0.0,0.0,0.0,0.0
2013-02-14,0.1550000011920929,0.1550000011920929,0.1550000011920929,0.1550000011920929,0.1550000011920929,0.0,0.0,0.0,0.0
2013-02-15,0.1550000011920929,0.1550000011920929,0.1550000011920929,0.1550000011920929,0.1550000011920929,0.0,0.0,0.0,0.0
2013-02-19,0.1550000011920929,0.1550000011920929,0.1550000011920929,0.1550000011920929,0.1550000011920929,0.0,0.0,0.0,0.0
2013-02-20,0.1550000011920929,0.1550000011920929,0.1550000011920929,0.1550000011920929,0.1550000011920929,0.0,0.0,0.0,0.0
2013-02-21,0.1550000011920929,0.1550000011920929,0.1550000011920929,0.1550000011920929,0.1550000011920929,0.0,0.0,0.0,0.0
2013-02-22,0.1550000011920929,0.1550000011920929,0.1550000011920929,0.1550000011920929,0.1550000011920929,0.0,0.0,0.0,0.0
2013-02-25,0.1550000011920929,0.1550000011920929,0.1550000011920929,0.1550000011920929,0.1550000011920929,0.0,0.0,0.0,0.0
2013-02-26,0.1550000011920929,0.1550000011920929,0.1550000011920929,0.1550000011920929,0.1550000011920929,0.0,0.0,0.0,0.0
2013-02-27,0.1550000011920929,0.1550000011920929,0.1550000011920929,0.1550000011920929,0.1550000011920929,0.0,0.0,0.0,0.0
2013-02-28,0.1550000011920929,0.1550000011920929,0.1550000011920929,0.1550000011920929,0.1550000011920929,0.0,0.0,0.0,0.0
2013-03-01,0.1550000011920929,0.1550000011920929,0.1550000011920929,0.1550000011920929,0.1550000011920929,0.0,0.0,0.0,0.0
2013-03-04,0.1550000011920929,0.1550000011920929,0.1550000011920929,0.1550000011920929,0.1550000011920929,0.0,0.0,0.0,0.0
2013-03-05,0.1550000011920929,0.1550000011920929,0.1550000011920929,0.1550000011920929,0.1550000011920929,0.0,0.0,0.0,0.0
2013-03-06,0.1550000011920929,0.1550000011920929,0.1550000011920929,0.1550000011920929,0.1550000011920929,0.0,0.0,0.0,0.0
2013-03-07,0.1550000011920929,0.1550000011920929,0.1550000011920929,0.1550000011920929,0.1550000011920929,0.0,0.0,0.0,0.0
2013-03-08,0.1550000011920929,0.1550000011920929,0.1550000011920929,0.1550000011920929,0.1550000011920929,0.0,0.0,0.0,0.0
2013-03-11,0.1550000011920929,0.1550000011920929,0.1550000011920929,0.1550000011920929,0.1550000011920929,0.0,0.0,0.0,0.0
2013-03-12,0.1550000011920929,0.1550000011920929,0.1550000011920929,0.1550000011920929,0.1550000011920929,0.0,0.0,0.0,0.0
2013-03-13,0.1550000011920929,0.1550000011920929,0.1550000011920929,0.1550000011920929,0.1550000011920929,0.0,0.0,0.0,0.0
2013-03-14,0.1550000011920929,0.1550000011920929,0.1550000011920929,0.1550000011920929,0.1550000011920929,0.0,0.0,0.0,0.0
2013-03-15,0.1550000011920929,0.1550000011920929,0.1550000011920929,0.1550000011920929,0.1550000011920929,0.0,0.0,0.0,0.0
2013-03-18,0.1550000011920929,0.1550000011920929,0.1550000011920929,0.1550000011920929,0.1550000011920929,0.0,0.0,0.0,0.0
2013-03-19,0.1550000011920929,0.1550000011920929,0.1550000011920929,0.1550000011920929,0.1550000011920929,0.0,0.0,0.0,0.0
2013-03-20,0.1550000011920929,0.1550000011920929,0.1550000011920929,0.1550000011920929,0.1550000011920929,0.0,0.0,0.0,0.0
2013-03-21,0.1550000011920929,0.1550000011920929,0.1550000011920929,0.1550000011920929,0.1550000011920929,0.0,0.0,0.0,0.0
2013-03-22,0.1550000011920929,0.1550000011920929,0.1550000011920929,0.1550000011920929,0.1550000011920929,0.0,0.0,0.0,0.0
2013-03-25,0.1550000011920929,0.1550000011920929,0.1550000011920929,0.1550000011920929,0.1550000011920929,0.0,0.0,0.0,0.0
2013-03-26,0.1550000011920929,0.1550000011920929,0.1550000011920929,0.1550000011920929,0.1550000011920929,0.0,0.0,0.0,0.0
2013-03-27,0.1550000011920929,0.1550000011920929,0.1550000011920929,0.1550000011920929,0.1550000011920929,0.0,0.0,0.0,0.0
2013-03-28,0.1550000011920929,0.1550000011920929,0.1550000011920929,0.1550000011920929,0.1550000011920929,0.0,0.0,0.0,0.0
2013-04-01,0.1550000011920929,0.1550000011920929,0.1550000011920929,0.1550000011920929,0.1550000011920929,0.0,0.0,0.0,0.0
2013-04-02,0.1550000011920929,0.1550000011920929,0.1550000011920929,0.1550000011920929,0.1550000011920929,0.0,0.0,0.0,0.0
2013-04-03,0.1550000011920929,0.1550000011920929,0.1550000011920929,0.1550000011920929,0.1550000011920929,0.0,0.0,0.0,0.0
2013-04-04,0.1550000011920929,0.1550000011920929,0.1550000011920929,0.1550000011920929,0.1550000011920929,0.0,0.0,0.0,0.0
2013-04-05,0.1550000011920929,0.1550000011920929,0.1550000011920929,0.1550000011920929,0.1550000011920929,0.0,0.0,0.0,0.0
2013-04-08,0.1550000011920929,0.1550000011920929,0.1550000011920929,0.1550000011920929,0.1550000011920929,0.0,0.0,0.0,0.0
2013-04-09,0.1550000011920929,0.1550000011920929,0.1550000011920929,0.1550000011920929,0.1550000011920929,0.0,0.0,0.0,0.0
2013-04-10,0.1550000011920929,0.1550000011920929,0.1550000011920929,0.1550000011920929,0.1550000011920929,0.0,0.0,0.0,0.0
2013-04-11,0.1550000011920929,0.1550000011920929,0.1550000011920929,0.1550000011920929,0.1550000011920929,0.0,0.0,0.0,0.0
2013-04-12,0.1550000011920929,0.1550000011920929,0.1550000011920929,0.1550000011920929,0.1550000011920929,0.0,0.0,0.0,0.0
2013-04-15,0.1550000011920929,0.1550000011920929,0.1550000011920929,0.1550000011920929,0.1550000011920929,0.0,0.0,0.0,0.0
2013-04-16,0.1550000011920929,0.1550000011920929,0.1550000011920929,0.1550000011920929,0.1550000011920929,0.0,0.0,0.0,0.0
2013-04-17,0.1550000011920929,0.1550000011920929,0.1550000011920929,0.1550000011920929,0.1550000011920929,0.0,0.0,0.0,0.0
2013-04-18,0.1550000011920929,0.1550000011920929,0.1550000011920929,0.1550000011920929,0.1550000011920929,0.0,0.0,0.0,0.0
2013-04-19,0.1550000011920929,0.1550000011920929,0.1550000011920929,0.1550000011920929,0.1550000011920929,0.0,0.0,0.0,0.0
2013-04-22,0.1550000011920929,0.1550000011920929,0.1550000011920929,0.1550000011920929,0.1550000011920929,0.0,0.0,0.0,0.0
2013-04-23,0.1550000011920929,0.1550000011920929,0.1550000011920929,0.1550000011920929,0.1550000011920929,0.0,0.0,0.0,0.0
2013-04-24,0.1550000011920929,0.1550000011920929,0.1550000011920929,0.1550000011920929,0.1550000011920929,0.0,0.0,0.0,0.0
2013-04-25,0.1550000011920929,0.1550000011920929,0.1550000011920929,0.1550000011920929,0.1550000011920929,0.0,0.0,0.0,0.0
2013-04-26,0.1550000011920929,0.1550000011920929,0.1550000011920929,0.1550000011920929,0.1550000011920929,0.0,0.0,0.0,0.0
2013-04-29,0.1550000011920929,0.1550000011920929,0.1550000011920929,0.1550000011920929,0.1550000011920929,0.0,0.0,0.0,0.0
2013-04-30,0.1550000011920929,0.1550000011920929,0.1550000011920929,0.1550000011920929,0.1550000011920929,0.0,0.0,0.0,0.0
2013-05-01,0.1550000011920929,0.1550000011920929,0.1550000011920929,0.1550000011920929,0.1550000011920929,0.0,0.0,0.0,0.0
2013-05-02,0.1550000011920929,0.1550000011920929,0.1550000011920929,0.1550000011920929,0.1550000011920929,0.0,0.0,0.0,0.0
2013-05-03,0.1550000011920929,0.1550000011920929,0.1550000011920929,0.1550000011920929,0.1550000011920929,0.0,0.0,0.0,0.0
2013-05-06,0.1550000011920929,0.1550000011920929,0.1550000011920929,0.1550000011920929,0.1550000011920929,0.0,0.0,0.0,0.0
2013-05-07,0.1550000011920929,0.1550000011920929,0.1550000011920929,0.1550000011920929,0.1550000011920929,0.0,0.0,0.0,0.0
2013-05-08,0.1550000011920929,0.1550000011920929,0.1550000011920929,0.1550000011920929,0.1550000011920929,0.0,0.0,0.0,0.0
2013-05-09,0.1550000011920929,0.1550000011920929,0.1550000011920929,0.1550000011920929,0.1550000011920929,0.0,0.0,0.0,0.0
2013-05-10,0.1550000011920929,0.1550000011920929,0.1550000011920929,0.1550000011920929,0.1550000011920929,0.0,0.0,0.0,0.0
2013-05-13,0.1550000011920929,0.1550000011920929,0.1550000011920929,0.1550000011920929,0.1550000011920929,0.0,0.0,0.0,0.0
2013-05-14,0.1550000011920929,0.1550000011920929,0.1550000011920929,0.1550000011920929,0.1550000011920929,0.0,0.0,0.0,0.0
2013-05-15,0.1550000011920929,0.1550000011920929,0.1550000011920929,0.1550000011920929,0.1550000011920929,0.0,0.0,0.0,0.0
2013-05-16,0.1550000011920929,0.1550000011920929,0.1550000011920929,0.1550000011920929,0.1550000011920929,0.0,0.0,0.0,0.0
2013-05-17,0.1550000011920929,0.1550000011920929,0.1550000011920929,0.1550000011920929,0.1550000011920929,0.0,0.0,0.0,0.0
2013-05-20,0.1550000011920929,0.1550000011920929,0.1550000011920929,0.1550000011920929,0.1550000011920929,0.0,0.0,0.0,0.0
2013-05-21,0.1550000011920929,0.1550000011920929,0.1550000011920929,0.1550000011920929,0.1550000011920929,0.0,0.0,0.0,0.0
2013-05-22,0.1550000011920929,0.1550000011920929,0.1550000011920929,0.1550000011920929,0.1550000011920929,0.0,0.0,0.0,0.0
2013-05-23,0.1550000011920929,0.1550000011920929,0.1550000011920929,0.1550000011920929,0.1550000011920929,0.0,0.0,0.0,0.0
2013-05-24,0.1550000011920929,0.1550000011920929,0.1550000011920929,0.1550000011920929,0.1550000011920929,0.0,0.0,0.0,0.0
2013-05-28,0.1550000011920929,0.1550000011920929,0.1550000011920929,0.1550000011920929,0.1550000011920929,0.0,0.0,0.0,0.0
2013-05-29,0.20999999344348907,0.23000000417232513,0.20999999344348907,0.23000000417232513,0.23000000417232513,84000.0,0.0,0.0,0.0
2013-05-30,0.25,0.30000001192092896,0.25,0.30000001192092896,0.30000001192092896,26000.0,0.0,0.0,0.0
2013-05-31,0.28999999165534973,0.30000001192092896,0.28999999165534973,0.30000001192092896,0.30000001192092896,15000.0,0.0,0.0,0.0
2013-06-03,0.30000001192092896,0.30000001192092896,0.30000001192092896,0.30000001192092896,0.30000001192092896,0.0,0.0,0.0,0.0
2013-06-04,0.30000001192092896,0.30000001192092896,0.30000001192092896,0.30000001192092896,0.30000001192092896,0.0,0.0,0.0,0.0
2013-06-05,0.25,0.25,0.25,0.25,0.25,85000.0,0.0,0.0,0.0
2013-06-06,0.25,0.25,0.2199999988079071,0.2199999988079071,0.2199999988079071,70400.0,0.0,0.0,0.0
2013-06-07,0.23000000417232513,0.23000000417232513,0.2199999988079071,0.2199999988079071,0.2199999988079071,5000.0,0.0,0.0,0.0
2013-06-10,0.2199999988079071,0.2199999988079071,0.2199999988079071,0.2199999988079071,0.2199999988079071,0.0,0.0,0.0,0.0
2013-06-11,0.2199999988079071,0.2199999988079071,0.2199999988079071,0.2199999988079071,0.2199999988079071,15000.0,0.0,0.0,0.0
2013-06-12,0.2199999988079071,0.2199999988079071,0.2199999988079071,0.2199999988079071,0.2199999988079071,0.0,0.0,0.0,0.0
2013-06-13,0.25,0.25,0.25,0.25,0.25,48000.0,0.0,0.0,0.0
2013-06-14,0.25,0.25,0.23000000417232513,0.23000000417232513,0.23000000417232513,10000.0,0.0,0.0,0.0
2013-06-17,0.23999999463558197,0.23999999463558197,0.23999999463558197,0.23999999463558197,0.23999999463558197,25000.0,0.0,0.0,0.0
2013-06-18,0.23999999463558197,0.25,0.23999999463558197,0.23999999463558197,0.23999999463558197,52000.0,0.0,0.0,0.0
2013-06-19,0.23999999463558197,0.23999999463558197,0.23000000417232513,0.23000000417232513,0.23000000417232513,35000.0,0.0,0.0,0.0
2013-06-20,0.23000000417232513,0.23000000417232513,0.2199999988079071,0.2199999988079071,0.2199999988079071,45000.0,0.0,0.0,0.0
2013-06-21,0.2199999988079071,0.2199999988079071,0.20999999344348907,0.20999999344348907,0.20999999344348907,80000.0,0.0,0.0,0.0
2013-06-24,0.2150000035762787,0.2150000035762787,0.2150000035762787,0.2150000035762787,0.2150000035762787,20000.0,0.0,0.0,0.0
2013-06-25,0.20999999344348907,0.20999999344348907,0.20999999344348907,0.20999999344348907,0.20999999344348907,10000.0,0.0,0.0,0.0
2013-06-26,0.20000000298023224,0.20000000298023224,0.20000000298023224,0.20000000298023224,0.20000000298023224,55000.0,0.0,0.0,0.0
2013-06-27,0.20000000298023224,0.20000000298023224,0.20000000298023224,0.20000000298023224,0.20000000298023224,0.0,0.0,0.0,0.0
2013-06-28,0.1899999976158142,0.1899999976158142,0.1899999976158142,0.1899999976158142,0.1899999976158142,25000.0,0.0,0.0,0.0
2013-07-01,0.1899999976158142,0.1899999976158142,0.1899999976158142,0.1899999976158142,0.1899999976158142,0.0,0.0,0.0,0.0
2013-07-02,0.1899999976158142,0.1899999976158142,0.1899999976158142,0.1899999976158142,0.1899999976158142,0.0,0.0,0.0,0.0
2013-07-03,0.1899999976158142,0.1899999976158142,0.1899999976158142,0.1899999976158142,0.1899999976158142,0.0,0.0,0.0,0.0
2013-07-05,0.1899999976158142,0.1899999976158142,0.1899999976158142,0.1899999976158142,0.1899999976158142,0.0,0.0,0.0,0.0
2013-07-08,0.17000000178813934,0.20000000298023224,0.17000000178813934,0.20000000298023224,0.20000000298023224,45000.0,0.0,0.0,0.0
2013-07-09,0.20000000298023224,0.20000000298023224,0.20000000298023224,0.20000000298023224,0.20000000298023224,0.0,0.0,0.0,0.0
2013-07-10,0.17000000178813934,0.17000000178813934,0.17000000178813934,0.17000000178813934,0.17000000178813934,10000.0,0.0,0.0,0.0
2013-07-11,0.17000000178813934,0.17000000178813934,0.17000000178813934,0.17000000178813934,0.17000000178813934,0.0,0.0,0.0,0.0
2013-07-12,0.17000000178813934,0.17000000178813934,0.17000000178813934,0.17000000178813934,0.17000000178813934,0.0,0.0,0.0,0.0
2013-07-15,0.17000000178813934,0.17000000178813934,0.17000000178813934,0.17000000178813934,0.17000000178813934,0.0,0.0,0.0,0.0
2013-07-16,0.17000000178813934,0.17000000178813934,0.17000000178813934,0.17000000178813934,0.17000000178813934,0.0,0.0,0.0,0.0
2013-07-17,0.17000000178813934,0.17000000178813934,0.17000000178813934,0.17000000178813934,0.17000000178813934,0.0,0.0,0.0,0.0
2013-07-18,0.17000000178813934,0.17000000178813934,0.17000000178813934,0.17000000178813934,0.17000000178813934,0.0,0.0,0.0,0.0
2013-07-19,0.17000000178813934,0.17000000178813934,0.17000000178813934,0.17000000178813934,0.17000000178813934,0.0,0.0,0.0,0.0
2013-07-22,0.17000000178813934,0.17000000178813934,0.17000000178813934,0.17000000178813934,0.17000000178813934,0.0,0.0,0.0,0.0
2013-07-23,0.17000000178813934,0.17000000178813934,0.17000000178813934,0.17000000178813934,0.17000000178813934,0.0,0.0,0.0,0.0
2013-07-24,0.17000000178813934,0.17000000178813934,0.17000000178813934,0.17000000178813934,0.17000000178813934,0.0,0.0,0.0,0.0
2013-07-25,0.17000000178813934,0.17000000178813934,0.17000000178813934,0.17000000178813934,0.17000000178813934,0.0,0.0,0.0,0.0
2013-07-26,0.17000000178813934,0.17000000178813934,0.17000000178813934,0.17000000178813934,0.17000000178813934,0.0,0.0,0.0,0.0
2013-07-29,0.17000000178813934,0.17000000178813934,0.17000000178813934,0.17000000178813934,0.17000000178813934,0.0,0.0,0.0,0.0
2013-07-30,0.17000000178813934,0.17000000178813934,0.17000000178813934,0.17000000178813934,0.17000000178813934,0.0,0.0,0.0,0.0
2013-07-31,0.20000000298023224,0.20000000298023224,0.20000000298023224,0.20000000298023224,0.20000000298023224,25000.0,0.0,0.0,0.0
2013-08-01,0.20000000298023224,0.20000000298023224,0.20000000298023224,0.20000000298023224,0.20000000298023224,0.0,0.0,0.0,0.0
2013-08-02,0.20000000298023224,0.20000000298023224,0.20000000298023224,0.20000000298023224,0.20000000298023224,5000.0,0.0,0.0,0.0
2013-08-05,0.20000000298023224,0.20000000298023224,0.20000000298023224,0.20000000298023224,0.20000000298023224,0.0,0.0,0.0,0.0
2013-08-06,0.20000000298023224,0.20000000298023224,0.20000000298023224,0.20000000298023224,0.20000000298023224,30000.0,0.0,0.0,0.0
2013-08-07,0.20000000298023224,0.20000000298023224,0.20000000298023224,0.20000000298023224,0.20000000298023224,0.0,0.0,0.0,0.0
2013-08-08,0.20000000298023224,0.20000000298023224,0.20000000298023224,0.20000000298023224,0.20000000298023224,0.0,0.0,0.0,0.0
2013-08-09,0.20000000298023224,0.20000000298023224,0.20000000298023224,0.20000000298023224,0.20000000298023224,0.0,0.0,0.0,0.0
2013-08-12,0.20000000298023224,0.20000000298023224,0.20000000298023224,0.20000000298023224,0.20000000298023224,0.0,0.0,0.0,0.0
2013-08-13,0.20000000298023224,0.20000000298023224,0.20000000298023224,0.20000000298023224,0.20000000298023224,70000.0,0.0,0.0,0.0
2013-08-14,0.20000000298023224,0.20000000298023224,0.20000000298023224,0.20000000298023224,0.20000000298023224,0.0,0.0,0.0,0.0
2013-08-15,0.20000000298023224,0.20000000298023224,0.20000000298023224,0.20000000298023224,0.20000000298023224,0.0,0.0,0.0,0.0
2013-08-16,0.20000000298023224,0.20000000298023224,0.20000000298023224,0.20000000298023224,0.20000000298023224,0.0,0.0,0.0,0.0
2013-08-19,0.20000000298023224,0.20000000298023224,0.20000000298023224,0.20000000298023224,0.20000000298023224,0.0,0.0,0.0,0.0
2013-08-20,0.20000000298023224,0.20000000298023224,0.20000000298023224,0.20000000298023224,0.20000000298023224,0.0,0.0,0.0,0.0
2013-08-21,0.20000000298023224,0.20000000298023224,0.20000000298023224,0.20000000298023224,0.20000000298023224,0.0,0.0,0.0,0.0
2013-08-22,0.20000000298023224,0.20000000298023224,0.20000000298023224,0.20000000298023224,0.20000000298023224,0.0,0.0,0.0,0.0
2013-08-23,0.20000000298023224,0.20000000298023224,0.20000000298023224,0.20000000298023224,0.20000000298023224,0.0,0.0,0.0,0.0
2013-08-26,0.20000000298023224,0.20000000298023224,0.20000000298023224,0.20000000298023224,0.20000000298023224,0.0,0.0,0.0,0.0
2013-08-27,0.20000000298023224,0.20000000298023224,0.20000000298023224,0.20000000298023224,0.20000000298023224,0.0,0.0,0.0,0.0
2013-08-28,0.20000000298023224,0.20000000298023224,0.20000000298023224,0.20000000298023224,0.20000000298023224,0.0,0.0,0.0,0.0
2013-08-29,0.18000000715255737,0.1899999976158142,0.17000000178813934,0.1899999976158142,0.1899999976158142,75000.0,0.0,0.0,0.0
2013-08-30,0.1899999976158142,0.1899999976158142,0.1899999976158142,0.1899999976158142,0.1899999976158142,0.0,0.0,0.0,0.0
2013-09-03,0.17000000178813934,0.17000000178813934,0.17000000178813934,0.17000000178813934,0.17000000178813934,5000.0,0.0,0.0,0.0
2013-09-04,0.17000000178813934,0.17000000178813934,0.17000000178813934,0.17000000178813934,0.17000000178813934,0.0,0.0,0.0,0.0
2013-09-05,0.17000000178813934,0.17000000178813934,0.17000000178813934,0.17000000178813934,0.17000000178813934,0.0,0.0,0.0,0.0
2013-09-06,0.17000000178813934,0.17000000178813934,0.17000000178813934,0.17000000178813934,0.17000000178813934,0.0,0.0,0.0,0.0
2013-09-09,0.17000000178813934,0.17000000178813934,0.17000000178813934,0.17000000178813934,0.17000000178813934,0.0,0.0,0.0,0.0
2013-09-10,0.17000000178813934,0.17000000178813934,0.17000000178813934,0.17000000178813934,0.17000000178813934,0.0,0.0,0.0,0.0
2013-09-11,0.17000000178813934,0.17000000178813934,0.17000000178813934,0.17000000178813934,0.17000000178813934,0.0,0.0,0.0,0.0
2013-09-12,0.17000000178813934,0.17000000178813934,0.17000000178813934,0.17000000178813934,0.17000000178813934,0.0,0.0,0.0,0.0
2013-09-13,0.16500000655651093,0.16500000655651093,0.1599999964237213,0.1599999964237213,0.1599999964237213,60000.0,0.0,0.0,0.0
2013-09-16,0.1599999964237213,0.1599999964237213,0.1599999964237213,0.1599999964237213,0.1599999964237213,10000.0,0.0,0.0,0.0
2013-09-17,0.1599999964237213,0.1599999964237213,0.1599999964237213,0.1599999964237213,0.1599999964237213,0.0,0.0,0.0,0.0
2013-09-18,0.1599999964237213,0.1599999964237213,0.1599999964237213,0.1599999964237213,0.1599999964237213,0.0,0.0,0.0,0.0
2013-09-19,0.1599999964237213,0.1599999964237213,0.1599999964237213,0.1599999964237213,0.1599999964237213,0.0,0.0,0.0,0.0
2013-09-20,0.1599999964237213,0.1599999964237213,0.1599999964237213,0.1599999964237213,0.1599999964237213,10000.0,0.0,0.0,0.0
2013-09-23,0.1599999964237213,0.1599999964237213,0.1599999964237213,0.1599999964237213,0.1599999964237213,0.0,0.0,0.0,0.0
2013-09-24,0.18000000715255737,0.18000000715255737,0.18000000715255737,0.18000000715255737,0.18000000715255737,25000.0,0.0,0.0,0.0
2013-09-25,0.18000000715255737,0.18000000715255737,0.18000000715255737,0.18000000715255737,0.18000000715255737,0.0,0.0,0.0,0.0
2013-09-26,0.18000000715255737,0.18000000715255737,0.18000000715255737,0.18000000715255737,0.18000000715255737,0.0,0.0,0.0,0.0
2013-09-27,0.1899999976158142,0.25,0.1899999976158142,0.25,0.25,50000.0,0.0,0.0,0.0
2013-09-30,0.23000000417232513,0.23000000417232513,0.23000000417232513,0.23000000417232513,0.23000000417232513,40000.0,0.0,0.0,0.0
2013-10-01,0.23000000417232513,0.23000000417232513,0.23000000417232513,0.23000000417232513,0.23000000417232513,0.0,0.0,0.0,0.0
2013-10-02,0.23000000417232513,0.23000000417232513,0.23000000417232513,0.23000000417232513,0.23000000417232513,10000.0,0.0,0.0,0.0
2013-10-03,0.2199999988079071,0.25,0.2199999988079071,0.25,0.25,14500.0,0.0,0.0,0.0
2013-10-04,0.23999999463558197,0.23999999463558197,0.23999999463558197,0.23999999463558197,0.23999999463558197,5000.0,0.0,0.0,0.0
2013-10-07,0.25,0.25,0.25,0.25,0.25,50500.0,0.0,0.0,0.0
2013-10-08,0.25999999046325684,0.27000001072883606,0.25999999046325684,0.27000001072883606,0.27000001072883606,20000.0,0.0,0.0,0.0
2013-10-09,0.27000001072883606,0.2800000011920929,0.27000001072883606,0.2800000011920929,0.2800000011920929,40500.0,0.0,0.0,0.0
2013-10-10,0.2800000011920929,0.2800000011920929,0.2800000011920929,0.2800000011920929,0.2800000011920929,0.0,0.0,0.0,0.0
2013-10-11,0.30000001192092896,0.30000001192092896,0.29499998688697815,0.29499998688697815,0.29499998688697815,135000.0,0.0,0.0,0.0
2013-10-14,0.29499998688697815,0.29499998688697815,0.29499998688697815,0.29499998688697815,0.29499998688697815,0.0,0.0,0.0,0.0
2013-10-15,0.29499998688697815,0.29499998688697815,0.29499998688697815,0.29499998688697815,0.29499998688697815,0.0,0.0,0.0,0.0
2013-10-16,0.30000001192092896,0.30000001192092896,0.30000001192092896,0.30000001192092896,0.30000001192092896,41500.0,0.0,0.0,0.0
2013-10-17,0.28999999165534973,0.30000001192092896,0.28999999165534973,0.30000001192092896,0.30000001192092896,170500.0,0.0,0.0,0.0
2013-10-18,0.30000001192092896,0.3199999928474426,0.30000001192092896,0.3199999928474426,0.3199999928474426,35000.0,0.0,0.0,0.0
2013-10-21,0.30000001192092896,0.30000001192092896,0.30000001192092896,0.30000001192092896,0.30000001192092896,45000.0,0.0,0.0,0.0
2013-10-22,0.30000001192092896,0.30000001192092896,0.30000001192092896,0.30000001192092896,0.30000001192092896,4500.0,0.0,0.0,0.0
2013-10-23,0.30000001192092896,0.30000001192092896,0.28999999165534973,0.28999999165534973,0.28999999165534973,125000.0,0.0,0.0,0.0
2013-10-24,0.2800000011920929,0.2800000011920929,0.2800000011920929,0.2800000011920929,0.2800000011920929,10000.0,0.0,0.0,0.0
2013-10-25,0.2800000011920929,0.2800000011920929,0.2800000011920929,0.2800000011920929,0.2800000011920929,0.0,0.0,0.0,0.0
2013-10-28,0.2800000011920929,0.2800000011920929,0.2800000011920929,0.2800000011920929,0.2800000011920929,0.0,0.0,0.0,0.0
2013-10-29,0.2800000011920929,0.2800000011920929,0.2800000011920929,0.2800000011920929,0.2800000011920929,0.0,0.0,0.0,0.0
2013-10-30,0.25,0.2750000059604645,0.25,0.26499998569488525,0.26499998569488525,70000.0,0.0,0.0,0.0
2013-10-31,0.26499998569488525,0.26499998569488525,0.26499998569488525,0.26499998569488525,0.26499998569488525,0.0,0.0,0.0,0.0
2013-11-01,0.26499998569488525,0.26499998569488525,0.26499998569488525,0.26499998569488525,0.26499998569488525,0.0,0.0,0.0,0.0
2013-11-04,0.25999999046325684,0.25999999046325684,0.25999999046325684,0.25999999046325684,0.25999999046325684,20000.0,0.0,0.0,0.0
2013-11-05,0.25999999046325684,0.25999999046325684,0.25999999046325684,0.25999999046325684,0.25999999046325684,0.0,0.0,0.0,0.0
2013-11-06,0.25,0.28999999165534973,0.25,0.28999999165534973,0.28999999165534973,60000.0,0.0,0.0,0.0
2013-11-07,0.28999999165534973,0.28999999165534973,0.28999999165534973,0.28999999165534973,0.28999999165534973,0.0,0.0,0.0,0.0
2013-11-08,0.25999999046325684,0.25999999046325684,0.23000000417232513,0.23000000417232513,0.23000000417232513,60000.0,0.0,0.0,0.0
2013-11-11,0.23000000417232513,0.23000000417232513,0.23000000417232513,0.23000000417232513,0.23000000417232513,0.0,0.0,0.0,0.0
2013-11-12,0.23000000417232513,0.30000001192092896,0.23000000417232513,0.30000001192092896,0.30000001192092896,17000.0,0.0,0.0,0.0
2013-11-13,0.30000001192092896,0.30000001192092896,0.30000001192092896,0.30000001192092896,0.30000001192092896,0.0,0.0,0.0,0.0
2013-11-14,0.30000001192092896,0.30000001192092896,0.30000001192092896,0.30000001192092896,0.30000001192092896,0.0,0.0,0.0,0.0
2013-11-15,0.30000001192092896,0.30000001192092896,0.30000001192092896,0.30000001192092896,0.30000001192092896,0.0,0.0,0.0,0.0
2013-11-18,0.30000001192092896,0.30000001192092896,0.30000001192092896,0.30000001192092896,0.30000001192092896,0.0,0.0,0.0,0.0
2013-11-19,0.23999999463558197,0.25,0.23999999463558197,0.25,0.25,41500.0,0.0,0.0,0.0
2013-11-20,0.25,0.25,0.25,0.25,0.25,0.0,0.0,0.0,0.0
2013-11-21,0.2549999952316284,0.2549999952316284,0.25,0.25,0.25,25000.0,0.0,0.0,0.0
2013-11-22,0.25,0.25,0.25,0.25,0.25,0.0,0.0,0.0,0.0
2013-11-25,0.25,0.25,0.25,0.25,0.25,0.0,0.0,0.0,0.0
2013-11-26,0.25,0.25,0.25,0.25,0.25,0.0,0.0,0.0,0.0
2013-11-27,0.2549999952316284,0.2800000011920929,0.2549999952316284,0.2800000011920929,0.2800000011920929,37000.0,0.0,0.0,0.0
2013-11-29,0.2800000011920929,0.2800000011920929,0.2800000011920929,0.2800000011920929,0.2800000011920929,0.0,0.0,0.0,0.0
2013-12-02,0.2800000011920929,0.2800000011920929,0.2800000011920929,0.2800000011920929,0.2800000011920929,0.0,0.0,0.0,0.0
2013-12-03,0.23999999463558197,0.2800000011920929,0.23999999463558197,0.2800000011920929,0.2800000011920929,12000.0,0.0,0.0,0.0
2013-12-04,0.25,0.25,0.25,0.25,0.25,15000.0,0.0,0.0,0.0
2013-12-05,0.25,0.25,0.25,0.25,0.25,90000.0,0.0,0.0,0.0
2013-12-06,0.25,0.25,0.25,0.25,0.25,0.0,0.0,0.0,0.0
2013-12-09,0.25,0.25,0.25,0.25,0.25,0.0,0.0,0.0,0.0
2013-12-10,0.25,0.25,0.25,0.25,0.25,0.0,0.0,0.0,0.0
2013-12-11,0.25,0.25,0.25,0.25,0.25,0.0,0.0,0.0,0.0
2013-12-12,0.25,0.25,0.25,0.25,0.25,0.0,0.0,0.0,0.0
2013-12-13,0.25,0.25,0.25,0.25,0.25,0.0,0.0,0.0,0.0
2013-12-16,0.23999999463558197,0.23999999463558197,0.23999999463558197,0.23999999463558197,0.23999999463558197,10000.0,0.0,0.0,0.0
2013-12-17,0.23999999463558197,0.23999999463558197,0.23999999463558197,0.23999999463558197,0.23999999463558197,0.0,0.0,0.0,0.0
2013-12-18,0.23999999463558197,0.23999999463558197,0.23999999463558197,0.23999999463558197,0.23999999463558197,0.0,0.0,0.0,0.0
2013-12-19,0.23999999463558197,0.23999999463558197,0.23999999463558197,0.23999999463558197,0.23999999463558197,0.0,0.0,0.0,0.0
2013-12-20,0.23999999463558197,0.23999999463558197,0.23999999463558197,0.23999999463558197,0.23999999463558197,0.0,0.0,0.0,0.0
2013-12-23,0.25,0.25,0.25,0.25,0.25,100000.0,0.0,0.0,0.0
2013-12-24,0.25,0.25,0.25,0.25,0.25,0.0,0.0,0.0,0.0
2013-12-26,0.25,0.25,0.25,0.25,0.25,0.0,0.0,0.0,0.0
2013-12-27,0.25,0.25,0.25,0.25,0.25,0.0,0.0,0.0,0.0
2013-12-30,0.25,0.25,0.25,0.25,0.25,0.0,0.0,0.0,0.0
2013-12-31,0.25,0.25,0.25,0.25,0.25,0.0,0.0,0.0,0.0
2014-01-02,0.23999999463558197,0.23999999463558197,0.23999999463558197,0.23999999463558197,0.23999999463558197,13000.0,0.0,0.0,0.0
2014-01-03,0.23999999463558197,0.23999999463558197,0.23999999463558197,0.23999999463558197,0.23999999463558197,0.0,0.0,0.0,0.0
2014-01-06,0.23999999463558197,0.23999999463558197,0.23999999463558197,0.23999999463558197,0.23999999463558197,0.0,0.0,0.0,0.0
2014-01-07,0.23999999463558197,0.23999999463558197,0.23999999463558197,0.23999999463558197,0.23999999463558197,0.0,0.0,0.0,0.0
2014-01-08,0.25,0.25,0.25,0.25,0.25,30000.0,0.0,0.0,0.0
2014-01-09,0.27000001072883606,0.27000001072883606,0.27000001072883606,0.27000001072883606,0.27000001072883606,35000.0,0.0,0.0,0.0
2014-01-10,0.3100000023841858,0.3100000023841858,0.3100000023841858,0.3100000023841858,0.3100000023841858,25000.0,0.0,0.0,0.0
2014-01-13,0.2800000011920929,0.2800000011920929,0.2800000011920929,0.2800000011920929,0.2800000011920929,20000.0,0.0,0.0,0.0
2014-01-14,0.2800000011920929,0.2800000011920929,0.2800000011920929,0.2800000011920929,0.2800000011920929,0.0,0.0,0.0,0.0
2014-01-15,0.25,0.28999999165534973,0.25,0.28999999165534973,0.28999999165534973,135000.0,0.0,0.0,0.0
2014-01-16,0.28999999165534973,0.28999999165534973,0.28999999165534973,0.28999999165534973,0.28999999165534973,0.0,0.0,0.0,0.0
2014-01-17,0.28999999165534973,0.28999999165534973,0.28999999165534973,0.28999999165534973,0.28999999165534973,0.0,0.0,0.0,0.0
2014-01-21,0.28999999165534973,0.28999999165534973,0.28999999165534973,0.28999999165534973,0.28999999165534973,0.0,0.0,0.0,0.0
2014-01-22,0.28999999165534973,0.28999999165534973,0.28999999165534973,0.28999999165534973,0.28999999165534973,0.0,0.0,0.0,0.0
2014-01-23,0.28999999165534973,0.28999999165534973,0.28999999165534973,0.28999999165534973,0.28999999165534973,0.0,0.0,0.0,0.0
2014-01-24,0.25,0.25,0.25,0.25,0.25,30000.0,0.0,0.0,0.0
2014-01-27,0.25,0.28999999165534973,0.23000000417232513,0.28999999165534973,0.28999999165534973,570000.0,0.0,0.0,0.0
2014-01-28,0.30000001192092896,0.30000001192092896,0.30000001192092896,0.30000001192092896,0.30000001192092896,25000.0,0.0,0.0,0.0
2014-01-29,0.30000001192092896,0.33000001311302185,0.30000001192092896,0.33000001311302185,0.33000001311302185,20000.0,0.0,0.0,0.0
2014-01-30,0.30000001192092896,0.30000001192092896,0.28999999165534973,0.28999999165534973,0.28999999165534973,120000.0,0.0,0.0,0.0
2014-01-31,0.30000001192092896,0.3100000023841858,0.30000001192092896,0.3100000023841858,0.3100000023841858,45000.0,0.0,0.0,0.0
2014-02-03,0.3199999928474426,0.3499999940395355,0.3199999928474426,0.3499999940395355,0.3499999940395355,118000.0,0.0,0.0,0.0
2014-02-04,0.3199999928474426,0.33000001311302185,0.3199999928474426,0.32499998807907104,0.32499998807907104,111000.0,0.0,0.0,0.0
2014-02-05,0.33000001311302185,0.33000001311302185,0.3199999928474426,0.3199999928474426,0.3199999928474426,106000.0,0.0,0.0,0.0
2014-02-06,0.30000001192092896,0.30000001192092896,0.30000001192092896,0.30000001192092896,0.30000001192092896,47500.0,0.0,0.0,0.0
2014-02-07,0.30000001192092896,0.30000001192092896,0.30000001192092896,0.30000001192092896,0.30000001192092896,55000.0,0.0,0.0,0.0
2014-02-10,0.30000001192092896,0.30000001192092896,0.30000001192092896,0.30000001192092896,0.30000001192092896,0.0,0.0,0.0,0.0
2014-02-11,0.30000001192092896,0.30000001192092896,0.30000001192092896,0.30000001192092896,0.30000001192092896,0.0,0.0,0.0,0.0
2014-02-12,0.30000001192092896,0.30000001192092896,0.30000001192092896,0.30000001192092896,0.30000001192092896,0.0,0.0,0.0,0.0
2014-02-13,0.2800000011920929,0.2800000011920929,0.25999999046325684,0.2800000011920929,0.2800000011920929,119000.0,0.0,0.0,0.0
2014-02-14,0.27000001072883606,0.27000001072883606,0.2549999952316284,0.2549999952316284,0.2549999952316284,70000.0,0.0,0.0,0.0
2014-02-18,0.2800000011920929,0.2800000011920929,0.2800000011920929,0.2800000011920929,0.2800000011920929,7500.0,0.0,0.0,0.0
2014-02-19,0.2800000011920929,0.2800000011920929,0.2800000011920929,0.2800000011920929,0.2800000011920929,0.0,0.0,0.0,0.0
2014-02-20,0.2750000059604645,0.2750000059604645,0.2750000059604645,0.2750000059604645,0.2750000059604645,10000.0,0.0,0.0,0.0
2014-02-21,0.30000001192092896,0.30000001192092896,0.28999999165534973,0.28999999165534973,0.28999999165534973,170000.0,0.0,0.0,0.0
2014-02-24,0.3100000023841858,0.3100000023841858,0.28999999165534973,0.28999999165534973,0.28999999165534973,21000.0,0.0,0.0,0.0
2014-02-25,0.28999999165534973,0.28999999165534973,0.27000001072883606,0.27000001072883606,0.27000001072883606,174362.0,0.0,0.0,0.0
2014-02-26,0.30000001192092896,0.30000001192092896,0.2849999964237213,0.30000001192092896,0.30000001192092896,147333.0,0.0,0.0,0.0
2014-02-27,0.3100000023841858,0.3100000023841858,0.3100000023841858,0.3100000023841858,0.3100000023841858,30000.0,0.0,0.0,0.0
2014-02-28,0.3100000023841858,0.3400000035762787,0.3100000023841858,0.3400000035762787,0.3400000035762787,100000.0,0.0,0.0,0.0
2014-03-03,0.3499999940395355,0.38999998569488525,0.3499999940395355,0.38999998569488525,0.38999998569488525,531550.0,0.0,0.0,0.0
2014-03-04,0.38999998569488525,0.38999998569488525,0.38999998569488525,0.38999998569488525,0.38999998569488525,0.0,0.0,0.0,0.0
2014-03-05,0.38999998569488525,0.38999998569488525,0.38999998569488525,0.38999998569488525,0.38999998569488525,0.0,0.0,0.0,0.0
2014-03-06,0.38999998569488525,0.38999998569488525,0.38999998569488525,0.38999998569488525,0.38999998569488525,0.0,0.0,0.0,0.0
2014-03-07,0.3400000035762787,0.3700000047683716,0.3400000035762787,0.3700000047683716,0.3700000047683716,12000.0,0.0,0.0,0.0
2014-03-10,0.3499999940395355,0.3499999940395355,0.3499999940395355,0.3499999940395355,0.3499999940395355,50000.0,0.0,0.0,0.0
2014-03-11,0.3100000023841858,0.3499999940395355,0.3100000023841858,0.3499999940395355,0.3499999940395355,9800.0,0.0,0.0,0.0
2014-03-12,0.3499999940395355,0.3499999940395355,0.3499999940395355,0.3499999940395355,0.3499999940395355,15000.0,0.0,0.0,0.0
2014-03-13,0.3499999940395355,0.3499999940395355,0.3499999940395355,0.3499999940395355,0.3499999940395355,0.0,0.0,0.0,0.0
2014-03-14,0.36000001430511475,0.36000001430511475,0.36000001430511475,0.36000001430511475,0.36000001430511475,10000.0,0.0,0.0,0.0
2014-03-17,0.36000001430511475,0.36000001430511475,0.36000001430511475,0.36000001430511475,0.36000001430511475,0.0,0.0,0.0,0.0
2014-03-18,0.33000001311302185,0.33000001311302185,0.3149999976158142,0.3199999928474426,0.3199999928474426,42500.0,0.0,0.0,0.0
2014-03-19,0.3199999928474426,0.3199999928474426,0.3199999928474426,0.3199999928474426,0.3199999928474426,0.0,0.0,0.0,0.0
2014-03-20,0.3100000023841858,0.3100000023841858,0.3050000071525574,0.3050000071525574,0.3050000071525574,30000.0,0.0,0.0,0.0
2014-03-21,0.3050000071525574,0.3050000071525574,0.3050000071525574,0.3050000071525574,0.3050000071525574,500.0,0.0,0.0,0.0
2014-03-24,0.3100000023841858,0.3100000023841858,0.3100000023841858,0.3100000023841858,0.3100000023841858,100000.0,0.0,0.0,0.0
2014-03-25,0.3050000071525574,0.3050000071525574,0.30000001192092896,0.30000001192092896,0.30000001192092896,20000.0,0.0,0.0,0.0
2014-03-26,0.30000001192092896,0.30000001192092896,0.30000001192092896,0.30000001192092896,0.30000001192092896,0.0,0.0,0.0,0.0
2014-03-27,0.30000001192092896,0.30000001192092896,0.30000001192092896,0.30000001192092896,0.30000001192092896,10000.0,0.0,0.0,0.0
2014-03-28,0.30000001192092896,0.30000001192092896,0.30000001192092896,0.30000001192092896,0.30000001192092896,0.0,0.0,0.0,0.0
2014-03-31,0.2800000011920929,0.2800000011920929,0.2800000011920929,0.2800000011920929,0.2800000011920929,10000.0,0.0,0.0,0.0
2014-04-01,0.2800000011920929,0.2800000011920929,0.2800000011920929,0.2800000011920929,0.2800000011920929,0.0,0.0,0.0,0.0
2014-04-02,0.2800000011920929,0.2800000011920929,0.2800000011920929,0.2800000011920929,0.2800000011920929,15000.0,0.0,0.0,0.0
2014-04-03,0.28999999165534973,0.28999999165534973,0.28999999165534973,0.28999999165534973,0.28999999165534973,9500.0,0.0,0.0,0.0
2014-04-04,0.33000001311302185,0.33000001311302185,0.33000001311302185,0.33000001311302185,0.33000001311302185,1000.0,0.0,0.0,0.0
2014-04-07,0.33000001311302185,0.33000001311302185,0.33000001311302185,0.33000001311302185,0.33000001311302185,0.0,0.0,0.0,0.0
2014-04-08,0.33000001311302185,0.33000001311302185,0.33000001311302185,0.33000001311302185,0.33000001311302185,0.0,0.0,0.0,0.0
2014-04-09,0.33000001311302185,0.33000001311302185,0.33000001311302185,0.33000001311302185,0.33000001311302185,0.0,0.0,0.0,0.0
2014-04-10,0.2800000011920929,0.2800000011920929,0.2800000011920929,0.2800000011920929,0.2800000011920929,35000.0,0.0,0.0,0.0
2014-04-11,0.27000001072883606,0.27000001072883606,0.27000001072883606,0.27000001072883606,0.27000001072883606,285000.0,0.0,0.0,0.0
2014-04-14,0.26499998569488525,0.26499998569488525,0.26499998569488525,0.26499998569488525,0.26499998569488525,25000.0,0.0,0.0,0.0
2014-04-15,0.26499998569488525,0.26499998569488525,0.26499998569488525,0.26499998569488525,0.26499998569488525,0.0,0.0,0.0,0.0
2014-04-16,0.26499998569488525,0.26499998569488525,0.26499998569488525,0.26499998569488525,0.26499998569488525,0.0,0.0,0.0,0.0
2014-04-17,0.25999999046325684,0.2750000059604645,0.25999999046325684,0.2750000059604645,0.2750000059604645,25000.0,0.0,0.0,0.0
2014-04-21,0.2549999952316284,0.2549999952316284,0.23999999463558197,0.23999999463558197,0.23999999463558197,110000.0,0.0,0.0,0.0
2014-04-22,0.27000001072883606,0.27000001072883606,0.27000001072883606,0.27000001072883606,0.27000001072883606,4000.0,0.0,0.0,0.0
2014-04-23,0.27000001072883606,0.27000001072883606,0.27000001072883606,0.27000001072883606,0.27000001072883606,0.0,0.0,0.0,0.0
2014-04-24,0.27000001072883606,0.27000001072883606,0.27000001072883606,0.27000001072883606,0.27000001072883606,0.0,0.0,0.0,0.0
2014-04-25,0.27000001072883606,0.27000001072883606,0.27000001072883606,0.27000001072883606,0.27000001072883606,0.0,0.0,0.0,0.0
2014-04-28,0.27000001072883606,0.27000001072883606,0.27000001072883606,0.27000001072883606,0.27000001072883606,0.0,0.0,0.0,0.0
2014-04-29,0.27000001072883606,0.27000001072883606,0.27000001072883606,0.27000001072883606,0.27000001072883606,0.0,0.0,0.0,0.0
2014-04-30,0.23499999940395355,0.23999999463558197,0.23000000417232513,0.23999999463558197,0.23999999463558197,30000.0,0.0,0.0,0.0
2014-05-01,0.23999999463558197,0.23999999463558197,0.23999999463558197,0.23999999463558197,0.23999999463558197,0.0,0.0,0.0,0.0
2014-05-02,0.20999999344348907,0.20999999344348907,0.20999999344348907,0.20999999344348907,0.20999999344348907,2700.0,0.0,0.0,0.0
2014-05-05,0.20999999344348907,0.20999999344348907,0.20999999344348907,0.20999999344348907,0.20999999344348907,0.0,0.0,0.0,0.0
2014-05-06,0.20999999344348907,0.20999999344348907,0.20999999344348907,0.20999999344348907,0.20999999344348907,0.0,0.0,0.0,0.0
2014-05-07,0.2199999988079071,0.2199999988079071,0.2199999988079071,0.2199999988079071,0.2199999988079071,15000.0,0.0,0.0,0.0
2014-05-08,0.2199999988079071,0.2199999988079071,0.2199999988079071,0.2199999988079071,0.2199999988079071,0.0,0.0,0.0,0.0
2014-05-09,0.2199999988079071,0.2199999988079071,0.2199999988079071,0.2199999988079071,0.2199999988079071,5000.0,0.0,0.0,0.0
2014-05-12,0.2199999988079071,0.2199999988079071,0.2199999988079071,0.2199999988079071,0.2199999988079071,0.0,0.0,0.0,0.0
2014-05-13,0.2199999988079071,0.2199999988079071,0.2199999988079071,0.2199999988079071,0.2199999988079071,10000.0,0.0,0.0,0.0
2014-05-14,0.2199999988079071,0.2199999988079071,0.2199999988079071,0.2199999988079071,0.2199999988079071,0.0,0.0,0.0,0.0
2014-05-15,0.2199999988079071,0.2199999988079071,0.2199999988079071,0.2199999988079071,0.2199999988079071,0.0,0.0,0.0,0.0
2014-05-16,0.2199999988079071,0.2199999988079071,0.2199999988079071,0.2199999988079071,0.2199999988079071,0.0,0.0,0.0,0.0
2014-05-19,0.2199999988079071,0.2199999988079071,0.2199999988079071,0.2199999988079071,0.2199999988079071,0.0,0.0,0.0,0.0
2014-05-20,0.22499999403953552,0.22499999403953552,0.2199999988079071,0.2199999988079071,0.2199999988079071,105500.0,0.0,0.0,0.0
2014-05-21,0.2199999988079071,0.2199999988079071,0.2199999988079071,0.2199999988079071,0.2199999988079071,0.0,0.0,0.0,0.0
2014-05-22,0.2199999988079071,0.36500000953674316,0.2199999988079071,0.2199999988079071,0.2199999988079071,56050.0,0.0,0.0,0.0
2014-05-23,0.2199999988079071,0.2199999988079071,0.2199999988079071,0.2199999988079071,0.2199999988079071,0.0,0.0,0.0,0.0
2014-05-27,0.2199999988079071,0.2199999988079071,0.2199999988079071,0.2199999988079071,0.2199999988079071,0.0,0.0,0.0,0.0
2014-05-28,0.2199999988079071,0.2199999988079071,0.2199999988079071,0.2199999988079071,0.2199999988079071,0.0,0.0,0.0,0.0
2014-05-29,0.23000000417232513,0.24500000476837158,0.23000000417232513,0.24500000476837158,0.24500000476837158,20000.0,0.0,0.0,0.0
2014-05-30,0.25,0.25,0.25,0.25,0.25,10000.0,0.0,0.0,0.0
2014-06-02,0.25999999046325684,0.25999999046325684,0.25999999046325684,0.25999999046325684,0.25999999046325684,723.0,0.0,0.0,0.0
2014-06-03,0.25999999046325684,0.25999999046325684,0.25999999046325684,0.25999999046325684,0.25999999046325684,0.0,0.0,0.0,0.0
2014-06-04,0.25,0.30000001192092896,0.25,0.30000001192092896,0.30000001192092896,23000.0,0.0,0.0,0.0
2014-06-05,0.30000001192092896,0.30000001192092896,0.30000001192092896,0.30000001192092896,0.30000001192092896,0.0,0.0,0.0,0.0
2014-06-06,0.30000001192092896,0.30000001192092896,0.30000001192092896,0.30000001192092896,0.30000001192092896,0.0,0.0,0.0,0.0
2014-06-09,0.25,0.25,0.25,0.25,0.25,15000.0,0.0,0.0,0.0
2014-06-10,0.25,0.25,0.25,0.25,0.25,0.0,0.0,0.0,0.0
2014-06-11,0.25,0.25,0.25,0.25,0.25,0.0,0.0,0.0,0.0
2014-06-12,0.25,0.25,0.25,0.25,0.25,0.0,0.0,0.0,0.0
2014-06-13,0.2549999952316284,0.2549999952316284,0.2549999952316284,0.2549999952316284,0.2549999952316284,3000.0,0.0,0.0,0.0
2014-06-16,0.23999999463558197,0.23999999463558197,0.23999999463558197,0.23999999463558197,0.23999999463558197,37500.0,0.0,0.0,0.0
2014-06-17,0.23999999463558197,0.26499998569488525,0.23999999463558197,0.26499998569488525,0.26499998569488525,24000.0,0.0,0.0,0.0
2014-06-18,0.26499998569488525,0.26499998569488525,0.26499998569488525,0.26499998569488525,0.26499998569488525,0.0,0.0,0.0,0.0
2014-06-19,0.26499998569488525,0.26499998569488525,0.26499998569488525,0.26499998569488525,0.26499998569488525,0.0,0.0,0.0,0.0
2014-06-20,0.26499998569488525,0.26499998569488525,0.26499998569488525,0.26499998569488525,0.26499998569488525,0.0,0.0,0.0,0.0
2014-06-23,0.26499998569488525,0.26499998569488525,0.25999999046325684,0.25999999046325684,0.25999999046325684,2000.0,0.0,0.0,0.0
2014-06-24,0.25999999046325684,0.25999999046325684,0.25999999046325684,0.25999999046325684,0.25999999046325684,0.0,0.0,0.0,0.0
2014-06-25,0.25999999046325684,0.25999999046325684,0.25999999046325684,0.25999999046325684,0.25999999046325684,2000.0,0.0,0.0,0.0
2014-06-26,0.25,0.25,0.25,0.25,0.25,10000.0,0.0,0.0,0.0
2014-06-27,0.25,0.25,0.25,0.25,0.25,0.0,0.0,0.0,0.0
2014-06-30,0.25,0.25,0.25,0.25,0.25,0.0,0.0,0.0,0.0
2014-07-01,0.25,0.25,0.25,0.25,0.25,0.0,0.0,0.0,0.0
2014-07-02,0.25,0.25,0.25,0.25,0.25,0.0,0.0,0.0,0.0
2014-07-03,0.25,0.25,0.25,0.25,0.25,0.0,0.0,0.0,0.0
2014-07-07,0.25,0.25,0.25,0.25,0.25,0.0,0.0,0.0,0.0
2014-07-08,0.25,0.25,0.25,0.25,0.25,0.0,0.0,0.0,0.0
2014-07-09,0.2199999988079071,0.2199999988079071,0.2199999988079071,0.2199999988079071,0.2199999988079071,10000.0,0.0,0.0,0.0
2014-07-10,0.2199999988079071,0.2199999988079071,0.2199999988079071,0.2199999988079071,0.2199999988079071,0.0,0.0,0.0,0.0
2014-07-11,0.2199999988079071,0.2199999988079071,0.2199999988079071,0.2199999988079071,0.2199999988079071,23000.0,0.0,0.0,0.0
2014-07-14,0.2199999988079071,0.2199999988079071,0.2199999988079071,0.2199999988079071,0.2199999988079071,15000.0,0.0,0.0,0.0
2014-07-15,0.2199999988079071,0.2199999988079071,0.2199999988079071,0.2199999988079071,0.2199999988079071,0.0,0.0,0.0,0.0
2014-07-16,0.23000000417232513,0.23000000417232513,0.23000000417232513,0.23000000417232513,0.23000000417232513,632332.0,0.0,0.0,0.0
2014-07-17,0.23000000417232513,0.23000000417232513,0.23000000417232513,0.23000000417232513,0.23000000417232513,0.0,0.0,0.0,0.0
2014-07-18,0.23000000417232513,0.23000000417232513,0.23000000417232513,0.23000000417232513,0.23000000417232513,0.0,0.0,0.0,0.0
2014-07-21,0.23999999463558197,0.2549999952316284,0.23999999463558197,0.2549999952316284,0.2549999952316284,435205.0,0.0,0.0,0.0
2014-07-22,0.2549999952316284,0.2549999952316284,0.2549999952316284,0.2549999952316284,0.2549999952316284,0.0,0.0,0.0,0.0
2014-07-23,0.2549999952316284,0.2549999952316284,0.2549999952316284,0.2549999952316284,0.2549999952316284,0.0,0.0,0.0,0.0
2014-07-24,0.2549999952316284,0.2549999952316284,0.2549999952316284,0.2549999952316284,0.2549999952316284,0.0,0.0,0.0,0.0
2014-07-25,0.2549999952316284,0.2549999952316284,0.2549999952316284,0.2549999952316284,0.2549999952316284,0.0,0.0,0.0,0.0
2014-07-28,0.2549999952316284,0.2549999952316284,0.2549999952316284,0.2549999952316284,0.2549999952316284,0.0,0.0,0.0,0.0
2014-07-29,0.2150000035762787,0.2150000035762787,0.2150000035762787,0.2150000035762787,0.2150000035762787,11205.0,0.0,0.0,0.0
2014-07-30,0.2150000035762787,0.2150000035762787,0.2150000035762787,0.2150000035762787,0.2150000035762787,0.0,0.0,0.0,0.0
2014-07-31,0.2150000035762787,0.2150000035762787,0.2150000035762787,0.2150000035762787,0.2150000035762787,0.0,0.0,0.0,0.0
2014-08-01,0.2150000035762787,0.2150000035762787,0.2150000035762787,0.2150000035762787,0.2150000035762787,0.0,0.0,0.0,0.0
2014-08-04,0.2150000035762787,0.2150000035762787,0.2150000035762787,0.2150000035762787,0.2150000035762787,0.0,0.0,0.0,0.0
2014-08-05,0.2150000035762787,0.2150000035762787,0.2150000035762787,0.2150000035762787,0.2150000035762787,0.0,0.0,0.0,0.0
2014-08-06,0.2150000035762787,0.2150000035762787,0.2150000035762787,0.2150000035762787,0.2150000035762787,0.0,0.0,0.0,0.0
2014-08-07,0.2150000035762787,0.2150000035762787,0.2150000035762787,0.2150000035762787,0.2150000035762787,0.0,0.0,0.0,0.0
2014-08-08,0.2150000035762787,0.2150000035762787,0.2150000035762787,0.2150000035762787,0.2150000035762787,0.0,0.0,0.0,0.0
2014-08-11,0.2150000035762787,0.2150000035762787,0.2150000035762787,0.2150000035762787,0.2150000035762787,0.0,0.0,0.0,0.0
2014-08-12,0.2199999988079071,0.2199999988079071,0.2150000035762787,0.2150000035762787,0.2150000035762787,2250.0,0.0,0.0,0.0
2014-08-13,0.2150000035762787,0.2150000035762787,0.2150000035762787,0.2150000035762787,0.2150000035762787,0.0,0.0,0.0,0.0
2014-08-14,0.22499999403953552,0.22499999403953552,0.22499999403953552,0.22499999403953552,0.22499999403953552,1000.0,0.0,0.0,0.0
2014-08-15,0.22499999403953552,0.22499999403953552,0.22499999403953552,0.22499999403953552,0.22499999403953552,0.0,0.0,0.0,0.0
2014-08-18,0.22499999403953552,0.22499999403953552,0.22499999403953552,0.22499999403953552,0.22499999403953552,0.0,0.0,0.0,0.0
2014-08-19,0.22499999403953552,0.22499999403953552,0.22499999403953552,0.22499999403953552,0.22499999403953552,0.0,0.0,0.0,0.0
2014-08-20,0.22499999403953552,0.22499999403953552,0.22499999403953552,0.22499999403953552,0.22499999403953552,0.0,0.0,0.0,0.0
2014-08-21,0.22499999403953552,0.22499999403953552,0.22499999403953552,0.22499999403953552,0.22499999403953552,0.0,0.0,0.0,0.0
2014-08-22,0.22499999403953552,0.22499999403953552,0.22499999403953552,0.22499999403953552,0.22499999403953552,0.0,0.0,0.0,0.0
2014-08-25,0.22499999403953552,0.22499999403953552,0.22499999403953552,0.22499999403953552,0.22499999403953552,0.0,0.0,0.0,0.0
2014-08-26,0.20999999344348907,0.20999999344348907,0.20999999344348907,0.20999999344348907,0.20999999344348907,5000.0,0.0,0.0,0.0
2014-08-27,0.20999999344348907,0.20999999344348907,0.20999999344348907,0.20999999344348907,0.20999999344348907,0.0,0.0,0.0,0.0
2014-08-28,0.23000000417232513,0.23000000417232513,0.23000000417232513,0.23000000417232513,0.23000000417232513,75000.0,0.0,0.0,0.0
2014-08-29,0.23000000417232513,0.23000000417232513,0.23000000417232513,0.23000000417232513,0.23000000417232513,0.0,0.0,0.0,0.0
2014-09-02,0.2199999988079071,0.2199999988079071,0.2199999988079071,0.2199999988079071,0.2199999988079071,5000.0,0.0,0.0,0.0
2014-09-03,0.2199999988079071,0.2199999988079071,0.2199999988079071,0.2199999988079071,0.2199999988079071,0.0,0.0,0.0,0.0
2014-09-04,0.23000000417232513,0.23000000417232513,0.23000000417232513,0.23000000417232513,0.23000000417232513,9000.0,0.0,0.0,0.0
2014-09-05,0.23000000417232513,0.23000000417232513,0.23000000417232513,0.23000000417232513,0.23000000417232513,0.0,0.0,0.0,0.0
2014-09-08,0.23000000417232513,0.23000000417232513,0.23000000417232513,0.23000000417232513,0.23000000417232513,0.0,0.0,0.0,0.0
2014-09-09,0.23000000417232513,0.23000000417232513,0.23000000417232513,0.23000000417232513,0.23000000417232513,0.0,0.0,0.0,0.0
2014-09-10,0.25999999046325684,0.25999999046325684,0.25999999046325684,0.25999999046325684,0.25999999046325684,50000.0,0.0,0.0,0.0
2014-09-11,0.25999999046325684,0.25999999046325684,0.25999999046325684,0.25999999046325684,0.25999999046325684,0.0,0.0,0.0,0.0
2014-09-12,0.25999999046325684,0.25999999046325684,0.25999999046325684,0.25999999046325684,0.25999999046325684,0.0,0.0,0.0,0.0
2014-09-15,0.25999999046325684,0.25999999046325684,0.25999999046325684,0.25999999046325684,0.25999999046325684,0.0,0.0,0.0,0.0
2014-09-16,0.25999999046325684,0.25999999046325684,0.25999999046325684,0.25999999046325684,0.25999999046325684,0.0,0.0,0.0,0.0
2014-09-17,0.25999999046325684,0.25999999046325684,0.25999999046325684,0.25999999046325684,0.25999999046325684,0.0,0.0,0.0,0.0
2014-09-18,0.23000000417232513,0.23000000417232513,0.23000000417232513,0.23000000417232513,0.23000000417232513,32000.0,0.0,0.0,0.0
2014-09-19,0.23000000417232513,0.23000000417232513,0.23000000417232513,0.23000000417232513,0.23000000417232513,0.0,0.0,0.0,0.0
2014-09-22,0.23000000417232513,0.23000000417232513,0.23000000417232513,0.23000000417232513,0.23000000417232513,0.0,0.0,0.0,0.0
2014-09-23,0.23000000417232513,0.23000000417232513,0.23000000417232513,0.23000000417232513,0.23000000417232513,0.0,0.0,0.0,0.0
2014-09-24,0.23000000417232513,0.23000000417232513,0.23000000417232513,0.23000000417232513,0.23000000417232513,0.0,0.0,0.0,0.0
2014-09-25,0.23000000417232513,0.23000000417232513,0.23000000417232513,0.23000000417232513,0.23000000417232513,0.0,0.0,0.0,0.0
2014-09-26,0.23000000417232513,0.23000000417232513,0.23000000417232513,0.23000000417232513,0.23000000417232513,0.0,0.0,0.0,0.0
2014-09-29,0.23999999463558197,0.23999999463558197,0.23999999463558197,0.23999999463558197,0.23999999463558197,158000.0,0.0,0.0,0.0
2014-09-30,0.23999999463558197,0.23999999463558197,0.23999999463558197,0.23999999463558197,0.23999999463558197,0.0,0.0,0.0,0.0
2014-10-01,0.23999999463558197,0.23999999463558197,0.23999999463558197,0.23999999463558197,0.23999999463558197,0.0,0.0,0.0,0.0
2014-10-02,0.20999999344348907,0.20999999344348907,0.20999999344348907,0.20999999344348907,0.20999999344348907,40000.0,0.0,0.0,0.0
2014-10-03,0.20999999344348907,0.20999999344348907,0.20999999344348907,0.20999999344348907,0.20999999344348907,0.0,0.0,0.0,0.0
2014-10-06,0.20999999344348907,0.20999999344348907,0.20999999344348907,0.20999999344348907,0.20999999344348907,0.0,0.0,0.0,0.0
2014-10-07,0.20999999344348907,0.20999999344348907,0.20999999344348907,0.20999999344348907,0.20999999344348907,0.0,0.0,0.0,0.0
2014-10-08,0.20999999344348907,0.20999999344348907,0.20999999344348907,0.20999999344348907,0.20999999344348907,0.0,0.0,0.0,0.0
2014-10-09,0.20999999344348907,0.20999999344348907,0.20999999344348907,0.20999999344348907,0.20999999344348907,0.0,0.0,0.0,0.0
2014-10-10,0.20499999821186066,0.20499999821186066,0.20000000298023224,0.20000000298023224,0.20000000298023224,8000.0,0.0,0.0,0.0
2014-10-13,0.20000000298023224,0.20000000298023224,0.20000000298023224,0.20000000298023224,0.20000000298023224,0.0,0.0,0.0,0.0
2014-10-14,0.20000000298023224,0.20000000298023224,0.20000000298023224,0.20000000298023224,0.20000000298023224,0.0,0.0,0.0,0.0
2014-10-15,0.20000000298023224,0.20000000298023224,0.20000000298023224,0.20000000298023224,0.20000000298023224,0.0,0.0,0.0,0.0
2014-10-16,0.20000000298023224,0.20000000298023224,0.20000000298023224,0.20000000298023224,0.20000000298023224,0.0,0.0,0.0,0.0
2014-10-17,0.20000000298023224,0.20000000298023224,0.20000000298023224,0.20000000298023224,0.20000000298023224,0.0,0.0,0.0,0.0
2014-10-20,0.20000000298023224,0.20000000298023224,0.20000000298023224,0.20000000298023224,0.20000000298023224,0.0,0.0,0.0,0.0
2014-10-21,0.20000000298023224,0.20000000298023224,0.20000000298023224,0.20000000298023224,0.20000000298023224,0.0,0.0,0.0,0.0
2014-10-22,0.20000000298023224,0.20000000298023224,0.20000000298023224,0.20000000298023224,0.20000000298023224,0.0,0.0,0.0,0.0
2014-10-23,0.20000000298023224,0.20000000298023224,0.20000000298023224,0.20000000298023224,0.20000000298023224,0.0,0.0,0.0,0.0
2014-10-24,0.20000000298023224,0.20000000298023224,0.20000000298023224,0.20000000298023224,0.20000000298023224,0.0,0.0,0.0,0.0
2014-10-27,0.1899999976158142,0.1899999976158142,0.17000000178813934,0.18000000715255737,0.18000000715255737,79000.0,0.0,0.0,0.0
2014-10-28,0.16500000655651093,0.16500000655651093,0.15000000596046448,0.1599999964237213,0.1599999964237213,100000.0,0.0,0.0,0.0
2014-10-29,0.1599999964237213,0.1599999964237213,0.1599999964237213,0.1599999964237213,0.1599999964237213,0.0,0.0,0.0,0.0
2014-10-30,0.17000000178813934,0.17000000178813934,0.1599999964237213,0.1599999964237213,0.1599999964237213,15000.0,0.0,0.0,0.0
2014-10-31,0.1599999964237213,0.1599999964237213,0.1599999964237213,0.1599999964237213,0.1599999964237213,0.0,0.0,0.0,0.0
2014-11-03,0.1599999964237213,0.1599999964237213,0.1599999964237213,0.1599999964237213,0.1599999964237213,0.0,0.0,0.0,0.0
2014-11-04,0.1599999964237213,0.1599999964237213,0.1599999964237213,0.1599999964237213,0.1599999964237213,0.0,0.0,0.0,0.0
2014-11-05,0.1599999964237213,0.1599999964237213,0.1599999964237213,0.1599999964237213,0.1599999964237213,0.0,0.0,0.0,0.0
2014-11-06,0.1599999964237213,0.1599999964237213,0.1599999964237213,0.1599999964237213,0.1599999964237213,0.0,0.0,0.0,0.0
2014-11-07,0.1599999964237213,0.1599999964237213,0.1599999964237213,0.1599999964237213,0.1599999964237213,0.0,0.0,0.0,0.0
2014-11-10,0.1599999964237213,0.1599999964237213,0.1599999964237213,0.1599999964237213,0.1599999964237213,0.0,0.0,0.0,0.0
2014-11-12,0.15000000596046448,0.17000000178813934,0.15000000596046448,0.17000000178813934,0.17000000178813934,38500.0,0.0,0.0,0.0
2014-11-13,0.17000000178813934,0.17000000178813934,0.17000000178813934,0.17000000178813934,0.17000000178813934,0.0,0.0,0.0,0.0
2014-11-24,0.16500000655651093,0.16500000655651093,0.16500000655651093,0.16500000655651093,0.16500000655651093,25000.0,0.0,0.0,0.0
2014-11-25,0.16500000655651093,0.16500000655651093,0.16500000655651093,0.16500000655651093,0.16500000655651093,0.0,0.0,0.0,0.0
2014-11-28,0.16500000655651093,0.16500000655651093,0.16500000655651093,0.16500000655651093,0.16500000655651093,0.0,0.0,0.0,0.0
2014-12-01,0.16500000655651093,0.16500000655651093,0.16500000655651093,0.16500000655651093,0.16500000655651093,0.0,0.0,0.0,0.0
2014-12-02,0.16500000655651093,0.16500000655651093,0.16500000655651093,0.16500000655651093,0.16500000655651093,0.0,0.0,0.0,0.0
2014-12-03,0.16500000655651093,0.16500000655651093,0.16500000655651093,0.16500000655651093,0.16500000655651093,0.0,0.0,0.0,0.0
2014-12-04,0.16500000655651093,0.16500000655651093,0.16500000655651093,0.16500000655651093,0.16500000655651093,0.0,0.0,0.0,0.0
2014-12-05,0.16500000655651093,0.16500000655651093,0.16500000655651093,0.16500000655651093,0.16500000655651093,0.0,0.0,0.0,0.0
2014-12-08,0.16500000655651093,0.16500000655651093,0.16500000655651093,0.16500000655651093,0.16500000655651093,0.0,0.0,0.0,0.0
2014-12-09,0.16500000655651093,0.16500000655651093,0.16500000655651093,0.16500000655651093,0.16500000655651093,0.0,0.0,0.0,0.0
2014-12-10,0.16500000655651093,0.16500000655651093,0.16500000655651093,0.16500000655651093,0.16500000655651093,0.0,0.0,0.0,0.0
2014-12-11,0.16500000655651093,0.16500000655651093,0.16500000655651093,0.16500000655651093,0.16500000655651093,0.0,0.0,0.0,0.0
2014-12-12,0.1550000011920929,0.1550000011920929,0.1550000011920929,0.1550000011920929,0.1550000011920929,100000.0,0.0,0.0,0.0
2014-12-15,0.1550000011920929,0.1550000011920929,0.1550000011920929,0.1550000011920929,0.1550000011920929,0.0,0.0,0.0,0.0
2014-12-16,0.17000000178813934,0.20000000298023224,0.17000000178813934,0.20000000298023224,0.20000000298023224,116667.0,0.0,0.0,0.0
2014-12-17,0.20000000298023224,0.20000000298023224,0.20000000298023224,0.20000000298023224,0.20000000298023224,0.0,0.0,0.0,0.0
2014-12-18,0.17000000178813934,0.17000000178813934,0.17000000178813934,0.17000000178813934,0.17000000178813934,20000.0,0.0,0.0,0.0
2014-12-19,0.18000000715255737,0.18000000715255737,0.18000000715255737,0.18000000715255737,0.18000000715255737,15000.0,0.0,0.0,0.0
2014-12-22,0.18000000715255737,0.18000000715255737,0.18000000715255737,0.18000000715255737,0.18000000715255737,50000.0,0.0,0.0,0.0
2014-12-23,0.20000000298023224,0.20000000298023224,0.20000000298023224,0.20000000298023224,0.20000000298023224,500.0,0.0,0.0,0.0
2014-12-24,0.20000000298023224,0.20000000298023224,0.20000000298023224,0.20000000298023224,0.20000000298023224,0.0,0.0,0.0,0.0
2014-12-26,0.20000000298023224,0.20000000298023224,0.20000000298023224,0.20000000298023224,0.20000000298023224,0.0,0.0,0.0,0.0
2014-12-29,0.20000000298023224,0.20000000298023224,0.20000000298023224,0.20000000298023224,0.20000000298023224,0.0,0.0,0.0,0.0
2014-12-30,0.23999999463558197,0.23999999463558197,0.23999999463558197,0.23999999463558197,0.23999999463558197,10000.0,0.0,0.0,0.0
2014-12-31,0.23999999463558197,0.23999999463558197,0.23999999463558197,0.23999999463558197,0.23999999463558197,0.0,0.0,0.0,0.0
2015-01-02,0.23999999463558197,0.23999999463558197,0.23999999463558197,0.23999999463558197,0.23999999463558197,0.0,0.0,0.0,0.0
2015-01-05,0.23999999463558197,0.23999999463558197,0.23999999463558197,0.23999999463558197,0.23999999463558197,0.0,0.0,0.0,0.0
2015-01-06,0.23999999463558197,0.23999999463558197,0.23999999463558197,0.23999999463558197,0.23999999463558197,0.0,0.0,0.0,0.0
2015-01-07,0.23999999463558197,0.23999999463558197,0.23999999463558197,0.23999999463558197,0.23999999463558197,0.0,0.0,0.0,0.0
2015-01-08,0.23999999463558197,0.23999999463558197,0.23999999463558197,0.23999999463558197,0.23999999463558197,0.0,0.0,0.0,0.0
2015-01-09,0.23999999463558197,0.23999999463558197,0.23999999463558197,0.23999999463558197,0.23999999463558197,0.0,0.0,0.0,0.0
2015-01-12,0.20000000298023224,0.2199999988079071,0.1899999976158142,0.2199999988079071,0.2199999988079071,219000.0,0.0,0.0,0.0
2015-01-13,0.23000000417232513,0.23000000417232513,0.23000000417232513,0.23000000417232513,0.23000000417232513,20333.0,0.0,0.0,0.0
2015-01-14,0.25,0.25,0.25,0.25,0.25,5000.0,0.0,0.0,0.0
2015-01-15,0.25999999046325684,0.27000001072883606,0.25999999046325684,0.27000001072883606,0.27000001072883606,15000.0,0.0,0.0,0.0
2015-01-16,0.27000001072883606,0.27000001072883606,0.27000001072883606,0.27000001072883606,0.27000001072883606,0.0,0.0,0.0,0.0
2015-01-20,0.27000001072883606,0.27000001072883606,0.27000001072883606,0.27000001072883606,0.27000001072883606,0.0,0.0,0.0,0.0
2015-01-21,0.27000001072883606,0.27000001072883606,0.27000001072883606,0.27000001072883606,0.27000001072883606,0.0,0.0,0.0,0.0
2015-01-22,0.27000001072883606,0.27000001072883606,0.27000001072883606,0.27000001072883606,0.27000001072883606,0.0,0.0,0.0,0.0
2015-01-23,0.27000001072883606,0.27000001072883606,0.27000001072883606,0.27000001072883606,0.27000001072883606,0.0,0.0,0.0,0.0
2015-01-26,0.27000001072883606,0.27000001072883606,0.27000001072883606,0.27000001072883606,0.27000001072883606,0.0,0.0,0.0,0.0
2015-01-27,0.20999999344348907,0.20999999344348907,0.20999999344348907,0.20999999344348907,0.20999999344348907,64000.0,0.0,0.0,0.0
2015-01-28,0.20999999344348907,0.20999999344348907,0.20000000298023224,0.20000000298023224,0.20000000298023224,115000.0,0.0,0.0,0.0
2015-01-29,0.20000000298023224,0.20000000298023224,0.20000000298023224,0.20000000298023224,0.20000000298023224,0.0,0.0,0.0,0.0
2015-01-30,0.20000000298023224,0.20000000298023224,0.20000000298023224,0.20000000298023224,0.20000000298023224,0.0,0.0,0.0,0.0
2015-02-02,0.20000000298023224,0.20000000298023224,0.20000000298023224,0.20000000298023224,0.20000000298023224,0.0,0.0,0.0,0.0
2015-02-03,0.23000000417232513,0.23999999463558197,0.23000000417232513,0.23000000417232513,0.23000000417232513,30000.0,0.0,0.0,0.0
2015-02-04,0.23999999463558197,0.25,0.23999999463558197,0.25,0.25,43000.0,0.0,0.0,0.0
2015-02-05,0.25,0.25,0.25,0.25,0.25,0.0,0.0,0.0,0.0
2015-02-06,0.25,0.25,0.25,0.25,0.25,4000.0,0.0,0.0,0.0
2015-02-09,0.25,0.25,0.25,0.25,0.25,0.0,0.0,0.0,0.0
2015-02-10,0.25,0.25,0.25,0.25,0.25,0.0,0.0,0.0,0.0
2015-02-11,0.25,0.25,0.25,0.25,0.25,0.0,0.0,0.0,0.0
2015-02-12,0.25,0.25,0.25,0.25,0.25,0.0,0.0,0.0,0.0
2015-02-13,0.25,0.25,0.25,0.25,0.25,0.0,0.0,0.0,0.0
2015-02-17,0.25,0.25,0.25,0.25,0.25,0.0,0.0,0.0,0.0
2015-02-18,0.25,0.25,0.25,0.25,0.25,0.0,0.0,0.0,0.0
2015-02-19,0.25,0.25,0.25,0.25,0.25,0.0,0.0,0.0,0.0
2015-02-20,0.22499999403953552,0.22499999403953552,0.22499999403953552,0.22499999403953552,0.22499999403953552,40000.0,0.0,0.0,0.0
2015-02-23,0.22499999403953552,0.22499999403953552,0.22499999403953552,0.22499999403953552,0.22499999403953552,0.0,0.0,0.0,0.0
2015-02-24,0.22499999403953552,0.22499999403953552,0.22499999403953552,0.22499999403953552,0.22499999403953552,0.0,0.0,0.0,0.0
2015-02-25,0.22499999403953552,0.22499999403953552,0.22499999403953552,0.22499999403953552,0.22499999403953552,0.0,0.0,0.0,0.0
2015-02-26,0.22499999403953552,0.22499999403953552,0.22499999403953552,0.22499999403953552,0.22499999403953552,0.0,0.0,0.0,0.0
2015-02-27,0.22499999403953552,0.22499999403953552,0.22499999403953552,0.22499999403953552,0.22499999403953552,0.0,0.0,0.0,0.0
2015-03-02,0.22499999403953552,0.22499999403953552,0.22499999403953552,0.22499999403953552,0.22499999403953552,0.0,0.0,0.0,0.0
2015-03-03,0.22499999403953552,0.22499999403953552,0.22499999403953552,0.22499999403953552,0.22499999403953552,0.0,0.0,0.0,0.0
2015-03-04,0.22499999403953552,0.22499999403953552,0.22499999403953552,0.22499999403953552,0.22499999403953552,0.0,0.0,0.0,0.0
2015-03-05,0.2199999988079071,0.3199999928474426,0.2199999988079071,0.2549999952316284,0.2549999952316284,786419.0,0.0,0.0,0.0
2015-03-06,0.23999999463558197,0.25999999046325684,0.23499999940395355,0.25999999046325684,0.25999999046325684,69900.0,0.0,0.0,0.0
2015-03-09,0.25,0.25,0.22499999403953552,0.22499999403953552,0.22499999403953552,17177.0,0.0,0.0,0.0
2015-03-10,0.22499999403953552,0.22499999403953552,0.20000000298023224,0.20499999821186066,0.20499999821186066,67500.0,0.0,0.0,0.0
2015-03-11,0.20499999821186066,0.23000000417232513,0.20499999821186066,0.23000000417232513,0.23000000417232513,32500.0,0.0,0.0,0.0
2015-03-12,0.2199999988079071,0.25999999046325684,0.2199999988079071,0.25999999046325684,0.25999999046325684,129500.0,0.0,0.0,0.0
2015-03-13,0.25999999046325684,0.25999999046325684,0.25999999046325684,0.25999999046325684,0.25999999046325684,0.0,0.0,0.0,0.0
2015-03-16,0.25,0.27000001072883606,0.23999999463558197,0.25999999046325684,0.25999999046325684,70500.0,0.0,0.0,0.0
2015-03-17,0.25,0.25,0.25,0.25,0.25,10000.0,0.0,0.0,0.0
2015-03-18,0.23499999940395355,0.23499999940395355,0.23499999940395355,0.23499999940395355,0.23499999940395355,28000.0,0.0,0.0,0.0
2015-03-19,0.23499999940395355,0.23499999940395355,0.23000000417232513,0.23000000417232513,0.23000000417232513,75000.0,0.0,0.0,0.0
2015-03-20,0.23000000417232513,0.23000000417232513,0.23000000417232513,0.23000000417232513,0.23000000417232513,37000.0,0.0,0.0,0.0
2015-03-23,0.23000000417232513,0.23000000417232513,0.23000000417232513,0.23000000417232513,0.23000000417232513,0.0,0.0,0.0,0.0
2015-03-24,0.23000000417232513,0.23000000417232513,0.23000000417232513,0.23000000417232513,0.23000000417232513,6500.0,0.0,0.0,0.0
2015-03-25,0.23000000417232513,0.23000000417232513,0.23000000417232513,0.23000000417232513,0.23000000417232513,0.0,0.0,0.0,0.0
2015-03-26,0.23000000417232513,0.23000000417232513,0.23000000417232513,0.23000000417232513,0.23000000417232513,0.0,0.0,0.0,0.0
2015-03-27,0.23000000417232513,0.23000000417232513,0.23000000417232513,0.23000000417232513,0.23000000417232513,0.0,0.0,0.0,0.0
2015-03-30,0.23000000417232513,0.23000000417232513,0.23000000417232513,0.23000000417232513,0.23000000417232513,0.0,0.0,0.0,0.0
2015-03-31,0.23000000417232513,0.23000000417232513,0.23000000417232513,0.23000000417232513,0.23000000417232513,0.0,0.0,0.0,0.0
2015-04-01,0.22499999403953552,0.23000000417232513,0.22499999403953552,0.23000000417232513,0.23000000417232513,3000.0,0.0,0.0,0.0
2015-04-02,0.23999999463558197,0.27000001072883606,0.23999999463558197,0.27000001072883606,0.27000001072883606,94500.0,0.0,0.0,0.0
2015-04-06,0.26499998569488525,0.26499998569488525,0.23999999463558197,0.25,0.25,108000.0,0.0,0.0,0.0
2015-04-07,0.23999999463558197,0.23999999463558197,0.23999999463558197,0.23999999463558197,0.23999999463558197,55000.0,0.0,0.0,0.0
2015-04-08,0.23999999463558197,0.25,0.23000000417232513,0.23000000417232513,0.23000000417232513,49900.0,0.0,0.0,0.0
2015-04-09,0.23000000417232513,0.23000000417232513,0.23000000417232513,0.23000000417232513,0.23000000417232513,0.0,0.0,0.0,0.0
2015-04-10,0.23000000417232513,0.23000000417232513,0.23000000417232513,0.23000000417232513,0.23000000417232513,2000.0,0.0,0.0,0.0
2015-04-13,0.23499999940395355,0.25,0.23499999940395355,0.25,0.25,8700.0,0.0,0.0,0.0
2015-04-14,0.24500000476837158,0.24500000476837158,0.23000000417232513,0.23000000417232513,0.23000000417232513,51000.0,0.0,0.0,0.0
2015-04-15,0.23000000417232513,0.23000000417232513,0.23000000417232513,0.23000000417232513,0.23000000417232513,0.0,0.0,0.0,0.0
2015-04-16,0.22499999403953552,0.22499999403953552,0.22499999403953552,0.22499999403953552,0.22499999403953552,25000.0,0.0,0.0,0.0
2015-04-17,0.2199999988079071,0.2199999988079071,0.2199999988079071,0.2199999988079071,0.2199999988079071,20000.0,0.0,0.0,0.0
2015-04-21,0.2199999988079071,0.2199999988079071,0.2199999988079071,0.2199999988079071,0.2199999988079071,0.0,0.0,0.0,0.0
2015-04-22,0.22499999403953552,0.22499999403953552,0.22499999403953552,0.22499999403953552,0.22499999403953552,10000.0,0.0,0.0,0.0
2015-04-23,0.22499999403953552,0.22499999403953552,0.22499999403953552,0.22499999403953552,0.22499999403953552,0.0,0.0,0.0,0.0
2015-04-24,0.22499999403953552,0.22499999403953552,0.22499999403953552,0.22499999403953552,0.22499999403953552,0.0,0.0,0.0,0.0
2015-04-27,0.22499999403953552,0.22499999403953552,0.22499999403953552,0.22499999403953552,0.22499999403953552,0.0,0.0,0.0,0.0
2015-04-28,0.22499999403953552,0.22499999403953552,0.22499999403953552,0.22499999403953552,0.22499999403953552,0.0,0.0,0.0,0.0
2015-04-30,0.22499999403953552,0.22499999403953552,0.22499999403953552,0.22499999403953552,0.22499999403953552,0.0,0.0,0.0,0.0
2015-05-01,0.22499999403953552,0.22499999403953552,0.22499999403953552,0.22499999403953552,0.22499999403953552,0.0,0.0,0.0,0.0
2015-05-05,0.19499999284744263,0.19499999284744263,0.19499999284744263,0.19499999284744263,0.19499999284744263,78900.0,0.0,0.0,0.0
2015-05-06,0.20000000298023224,0.20000000298023224,0.20000000298023224,0.20000000298023224,0.20000000298023224,25000.0,0.0,0.0,0.0
2015-05-07,0.23000000417232513,0.25,0.22499999403953552,0.22499999403953552,0.22499999403953552,678862.0,0.0,0.0,0.0
2015-05-08,0.23499999940395355,0.23499999940395355,0.23000000417232513,0.23499999940395355,0.23499999940395355,96595.0,0.0,0.0,0.0
2015-05-11,0.23499999940395355,0.23499999940395355,0.22499999403953552,0.22499999403953552,0.22499999403953552,54600.0,0.0,0.0,0.0
2015-05-12,0.23000000417232513,0.23000000417232513,0.22499999403953552,0.23000000417232513,0.23000000417232513,82500.0,0.0,0.0,0.0
2015-05-14,0.23000000417232513,0.23000000417232513,0.2199999988079071,0.2199999988079071,0.2199999988079071,76475.0,0.0,0.0,0.0
2015-05-15,0.2199999988079071,0.2199999988079071,0.2199999988079071,0.2199999988079071,0.2199999988079071,0.0,0.0,0.0,0.0
2015-05-18,0.2199999988079071,0.2199999988079071,0.2199999988079071,0.2199999988079071,0.2199999988079071,0.0,0.0,0.0,0.0
2015-05-19,0.23499999940395355,0.23499999940395355,0.22499999403953552,0.22499999403953552,0.22499999403953552,11000.0,0.0,0.0,0.0
2015-05-20,0.2199999988079071,0.2199999988079071,0.2199999988079071,0.2199999988079071,0.2199999988079071,14000.0,0.0,0.0,0.0
2015-05-21,0.2199999988079071,0.23000000417232513,0.20999999344348907,0.20999999344348907,0.20999999344348907,57350.0,0.0,0.0,0.0
2015-05-29,0.20499999821186066,0.20499999821186066,0.20499999821186066,0.20499999821186066,0.20499999821186066,0.0,0.0,0.0,0.0
2015-06-01,0.20499999821186066,0.20499999821186066,0.20499999821186066,0.20499999821186066,0.20499999821186066,5000.0,0.0,0.0,0.0
2015-06-04,0.22499999403953552,0.25,0.22499999403953552,0.25,0.25,50450.0,0.0,0.0,0.0
2015-06-05,0.27000001072883606,0.27000001072883606,0.23999999463558197,0.23999999463558197,0.23999999463558197,24390.0,0.0,0.0,0.0
2015-06-12,0.23000000417232513,0.23000000417232513,0.2199999988079071,0.2199999988079071,0.2199999988079071,89000.0,0.0,0.0,0.0
2015-06-18,0.2199999988079071,0.2199999988079071,0.2199999988079071,0.2199999988079071,0.2199999988079071,6800.0,0.0,0.0,0.0
2015-06-19,0.2199999988079071,0.2199999988079071,0.2199999988079071,0.2199999988079071,0.2199999988079071,0.0,0.0,0.0,0.0
2015-06-22,0.2199999988079071,0.2199999988079071,0.2199999988079071,0.2199999988079071,0.2199999988079071,0.0,0.0,0.0,0.0
2015-06-26,0.25,0.25,0.25,0.25,0.25,0.0,0.0,0.0,0.0
2015-06-29,0.2199999988079071,0.2199999988079071,0.2199999988079071,0.2199999988079071,0.2199999988079071,10000.0,0.0,0.0,0.0
2015-06-30,0.2199999988079071,0.2199999988079071,0.2199999988079071,0.2199999988079071,0.2199999988079071,0.0,0.0,0.0,0.0
2015-07-06,0.24500000476837158,0.24500000476837158,0.24500000476837158,0.24500000476837158,0.24500000476837158,20000.0,0.0,0.0,0.0
2015-07-09,0.24500000476837158,0.25,0.24500000476837158,0.24500000476837158,0.24500000476837158,33000.0,0.0,0.0,0.0
2015-07-10,0.24500000476837158,0.24500000476837158,0.24500000476837158,0.24500000476837158,0.24500000476837158,0.0,0.0,0.0,0.0
2015-07-15,0.2800000011920929,0.2800000011920929,0.25999999046325684,0.25999999046325684,0.25999999046325684,13000.0,0.0,0.0,0.0
2015-07-31,0.30000001192092896,0.3100000023841858,0.30000001192092896,0.3100000023841858,0.3100000023841858,63500.0,0.0,0.0,0.0
2015-08-12,0.3100000023841858,0.3100000023841858,0.2750000059604645,0.30000001192092896,0.30000001192092896,96500.0,0.0,0.0,0.0
2015-08-13,0.2800000011920929,0.29499998688697815,0.2800000011920929,0.29499998688697815,0.29499998688697815,24600.0,0.0,0.0,0.0
2015-08-14,0.29499998688697815,0.29499998688697815,0.29499998688697815,0.29499998688697815,0.29499998688697815,46900.0,0.0,0.0,0.0
2015-08-17,0.29499998688697815,0.29499998688697815,0.29499998688697815,0.29499998688697815,0.29499998688697815,26900.0,0.0,0.0,0.0
2015-08-18,0.30000001192092896,0.30000001192092896,0.30000001192092896,0.30000001192092896,0.30000001192092896,2173.0,0.0,0.0,0.0
2015-08-19,0.28999999165534973,0.28999999165534973,0.2800000011920929,0.2800000011920929,0.2800000011920929,9430.0,0.0,0.0,0.0
2015-08-20,0.2800000011920929,0.2800000011920929,0.2800000011920929,0.2800000011920929,0.2800000011920929,0.0,0.0,0.0,0.0
2015-08-21,0.26499998569488525,0.26499998569488525,0.25,0.26499998569488525,0.26499998569488525,10400.0,0.0,0.0,0.0
2015-08-24,0.25,0.26499998569488525,0.25,0.26499998569488525,0.26499998569488525,10100.0,0.0,0.0,0.0
2015-08-25,0.26499998569488525,0.26499998569488525,0.26499998569488525,0.26499998569488525,0.26499998569488525,0.0,0.0,0.0,0.0
2015-08-26,0.23499999940395355,0.26499998569488525,0.23499999940395355,0.26499998569488525,0.26499998569488525,3200.0,0.0,0.0,0.0
2015-08-27,0.27000001072883606,0.27000001072883606,0.27000001072883606,0.27000001072883606,0.27000001072883606,38550.0,0.0,0.0,0.0
2015-08-28,0.27000001072883606,0.27000001072883606,0.27000001072883606,0.27000001072883606,0.27000001072883606,0.0,0.0,0.0,0.0
2015-08-31,0.2800000011920929,0.2800000011920929,0.2800000011920929,0.2800000011920929,0.2800000011920929,1000.0,0.0,0.0,0.0
2015-09-01,0.2800000011920929,0.2800000011920929,0.2800000011920929,0.2800000011920929,0.2800000011920929,0.0,0.0,0.0,0.0
2015-09-02,0.2800000011920929,0.2800000011920929,0.2800000011920929,0.2800000011920929,0.2800000011920929,1000.0,0.0,0.0,0.0
2015-09-03,0.2800000011920929,0.2800000011920929,0.25999999046325684,0.25999999046325684,0.25999999046325684,17000.0,0.0,0.0,0.0
2015-09-04,0.25999999046325684,0.25999999046325684,0.25999999046325684,0.25999999046325684,0.25999999046325684,0.0,0.0,0.0,0.0
2015-09-08,0.2849999964237213,0.28999999165534973,0.2849999964237213,0.28999999165534973,0.28999999165534973,2000.0,0.0,0.0,0.0
2015-09-09,0.25999999046325684,0.25999999046325684,0.25999999046325684,0.25999999046325684,0.25999999046325684,5000.0,0.0,0.0,0.0
2015-09-10,0.25999999046325684,0.25999999046325684,0.25999999046325684,0.25999999046325684,0.25999999046325684,0.0,0.0,0.0,0.0
2015-09-11,0.25999999046325684,0.25999999046325684,0.25999999046325684,0.25999999046325684,0.25999999046325684,0.0,0.0,0.0,0.0
2015-09-14,0.2800000011920929,0.2800000011920929,0.2800000011920929,0.2800000011920929,0.2800000011920929,1000.0,0.0,0.0,0.0
2015-09-15,0.25999999046325684,0.25999999046325684,0.25999999046325684,0.25999999046325684,0.25999999046325684,5000.0,0.0,0.0,0.0
2015-09-16,0.25999999046325684,0.25999999046325684,0.25999999046325684,0.25999999046325684,0.25999999046325684,0.0,0.0,0.0,0.0
2015-09-17,0.25999999046325684,0.25999999046325684,0.25999999046325684,0.25999999046325684,0.25999999046325684,0.0,0.0,0.0,0.0
2015-09-18,0.25999999046325684,0.25999999046325684,0.25999999046325684,0.25999999046325684,0.25999999046325684,14500.0,0.0,0.0,0.0
2015-09-21,0.2800000011920929,0.2800000011920929,0.2800000011920929,0.2800000011920929,0.2800000011920929,3750.0,0.0,0.0,0.0
2015-09-22,0.2800000011920929,0.2800000011920929,0.2800000011920929,0.2800000011920929,0.2800000011920929,4000.0,0.0,0.0,0.0
2015-09-23,0.2800000011920929,0.2849999964237213,0.2800000011920929,0.2849999964237213,0.2849999964237213,16000.0,0.0,0.0,0.0
2015-09-24,0.2849999964237213,0.2849999964237213,0.2849999964237213,0.2849999964237213,0.2849999964237213,0.0,0.0,0.0,0.0
2015-09-25,0.28999999165534973,0.3100000023841858,0.28999999165534973,0.28999999165534973,0.28999999165534973,163300.0,0.0,0.0,0.0
2015-09-28,0.30000001192092896,0.3149999976158142,0.28999999165534973,0.28999999165534973,0.28999999165534973,40000.0,0.0,0.0,0.0
2015-09-29,0.3100000023841858,0.33500000834465027,0.3100000023841858,0.33500000834465027,0.33500000834465027,149236.0,0.0,0.0,0.0
2015-09-30,0.3499999940395355,0.3499999940395355,0.3199999928474426,0.33000001311302185,0.33000001311302185,52500.0,0.0,0.0,0.0
2015-10-01,0.3199999928474426,0.3199999928474426,0.3149999976158142,0.3199999928474426,0.3199999928474426,58350.0,0.0,0.0,0.0
2015-10-02,0.3149999976158142,0.3400000035762787,0.3149999976158142,0.33000001311302185,0.33000001311302185,24000.0,0.0,0.0,0.0
2015-10-05,0.3400000035762787,0.36000001430511475,0.30000001192092896,0.3100000023841858,0.3100000023841858,95504.0,0.0,0.0,0.0
2015-10-06,0.28999999165534973,0.33000001311302185,0.2849999964237213,0.33000001311302185,0.33000001311302185,399900.0,0.0,0.0,0.0
2015-10-07,0.33000001311302185,0.3499999940395355,0.33000001311302185,0.3400000035762787,0.3400000035762787,152700.0,0.0,0.0,0.0
2015-10-08,0.3449999988079071,0.36000001430511475,0.3199999928474426,0.36000001430511475,0.36000001430511475,71675.0,0.0,0.0,0.0
2015-10-09,0.3449999988079071,0.3449999988079071,0.3199999928474426,0.3199999928474426,0.3199999928474426,45600.0,0.0,0.0,0.0
2015-10-12,0.3199999928474426,0.3199999928474426,0.3199999928474426,0.3199999928474426,0.3199999928474426,0.0,0.0,0.0,0.0
2015-10-13,0.3199999928474426,0.36000001430511475,0.3199999928474426,0.36000001430511475,0.36000001430511475,13500.0,0.0,0.0,0.0
2015-10-14,0.3799999952316284,0.38999998569488525,0.3799999952316284,0.38999998569488525,0.38999998569488525,35000.0,0.0,0.0,0.0
2015-10-15,0.3799999952316284,0.3799999952316284,0.33000001311302185,0.35499998927116394,0.35499998927116394,104000.0,0.0,0.0,0.0
2015-10-16,0.3449999988079071,0.3799999952316284,0.3449999988079071,0.3799999952316284,0.3799999952316284,30000.0,0.0,0.0,0.0
2015-10-19,0.39500001072883606,0.39500001072883606,0.375,0.38499999046325684,0.38499999046325684,7500.0,0.0,0.0,0.0
2015-10-20,0.38499999046325684,0.38499999046325684,0.38499999046325684,0.38499999046325684,0.38499999046325684,0.0,0.0,0.0,0.0
2015-10-21,0.38499999046325684,0.38499999046325684,0.38499999046325684,0.38499999046325684,0.38499999046325684,0.0,0.0,0.0,0.0
2015-10-22,0.38499999046325684,0.38499999046325684,0.38499999046325684,0.38499999046325684,0.38499999046325684,0.0,0.0,0.0,0.0
2015-10-23,0.3449999988079071,0.3449999988079071,0.3400000035762787,0.3400000035762787,0.3400000035762787,27000.0,0.0,0.0,0.0
2015-10-26,0.375,0.3799999952316284,0.375,0.3799999952316284,0.3799999952316284,1500.0,0.0,0.0,0.0
2015-10-27,0.3799999952316284,0.3799999952316284,0.3799999952316284,0.3799999952316284,0.3799999952316284,0.0,0.0,0.0,0.0
2015-10-28,0.3799999952316284,0.3799999952316284,0.3799999952316284,0.3799999952316284,0.3799999952316284,0.0,0.0,0.0,0.0
2015-10-29,0.36500000953674316,0.38999998569488525,0.36500000953674316,0.38999998569488525,0.38999998569488525,10100.0,0.0,0.0,0.0
2015-10-30,0.35499998927116394,0.35499998927116394,0.3499999940395355,0.3499999940395355,0.3499999940395355,4500.0,0.0,0.0,0.0
2015-11-02,0.3499999940395355,0.3499999940395355,0.33000001311302185,0.33000001311302185,0.33000001311302185,25500.0,0.0,0.0,0.0
2015-11-03,0.35499998927116394,0.36000001430511475,0.3499999940395355,0.36000001430511475,0.36000001430511475,19500.0,0.0,0.0,0.0
2015-11-04,0.36000001430511475,0.36000001430511475,0.36000001430511475,0.36000001430511475,0.36000001430511475,0.0,0.0,0.0,0.0
2015-11-05,0.35499998927116394,0.35499998927116394,0.3499999940395355,0.3499999940395355,0.3499999940395355,27000.0,0.0,0.0,0.0
2015-11-06,0.3499999940395355,0.3499999940395355,0.3499999940395355,0.3499999940395355,0.3499999940395355,0.0,0.0,0.0,0.0
2015-11-09,0.36000001430511475,0.36000001430511475,0.36000001430511475,0.36000001430511475,0.36000001430511475,40000.0,0.0,0.0,0.0
2015-11-10,0.36000001430511475,0.36000001430511475,0.36000001430511475,0.36000001430511475,0.36000001430511475,0.0,0.0,0.0,0.0
2015-11-11,0.36500000953674316,0.36500000953674316,0.36500000953674316,0.36500000953674316,0.36500000953674316,4000.0,0.0,0.0,0.0
2015-11-12,0.36500000953674316,0.36500000953674316,0.36500000953674316,0.36500000953674316,0.36500000953674316,0.0,0.0,0.0,0.0
2015-11-13,0.3799999952316284,0.38999998569488525,0.3499999940395355,0.3499999940395355,0.3499999940395355,82500.0,0.0,0.0,0.0
2015-11-16,0.3499999940395355,0.3499999940395355,0.3499999940395355,0.3499999940395355,0.3499999940395355,0.0,0.0,0.0,0.0
2015-11-17,0.36000001430511475,0.36000001430511475,0.36000001430511475,0.36000001430511475,0.36000001430511475,10500.0,0.0,0.0,0.0
2015-11-18,0.36000001430511475,0.36000001430511475,0.36000001430511475,0.36000001430511475,0.36000001430511475,0.0,0.0,0.0,0.0
2015-11-19,0.38999998569488525,0.4000000059604645,0.3799999952316284,0.4000000059604645,0.4000000059604645,161000.0,0.0,0.0,0.0
2015-11-20,0.4300000071525574,0.4300000071525574,0.38999998569488525,0.4099999964237213,0.4099999964237213,142838.0,0.0,0.0,0.0
2015-11-23,0.3799999952316284,0.3799999952316284,0.3799999952316284,0.3799999952316284,0.3799999952316284,1050.0,0.0,0.0,0.0
2015-11-24,0.4000000059604645,0.4399999976158142,0.4000000059604645,0.4300000071525574,0.4300000071525574,96000.0,0.0,0.0,0.0
2015-11-25,0.4300000071525574,0.4399999976158142,0.4300000071525574,0.4399999976158142,0.4399999976158142,15000.0,0.0,0.0,0.0
2015-11-27,0.4000000059604645,0.4000000059604645,0.38999998569488525,0.4000000059604645,0.4000000059604645,110500.0,0.0,0.0,0.0
2015-11-30,0.4000000059604645,0.4000000059604645,0.4000000059604645,0.4000000059604645,0.4000000059604645,200.0,0.0,0.0,0.0
2015-12-01,0.4000000059604645,0.4000000059604645,0.4000000059604645,0.4000000059604645,0.4000000059604645,0.0,0.0,0.0,0.0
2015-12-02,0.38999998569488525,0.38999998569488525,0.38999998569488525,0.38999998569488525,0.38999998569488525,10000.0,0.0,0.0,0.0
2015-12-03,0.38999998569488525,0.38999998569488525,0.38999998569488525,0.38999998569488525,0.38999998569488525,0.0,0.0,0.0,0.0
2015-12-04,0.38999998569488525,0.38999998569488525,0.38999998569488525,0.38999998569488525,0.38999998569488525,25000.0,0.0,0.0,0.0
2015-12-07,0.3799999952316284,0.4099999964237213,0.3700000047683716,0.4099999964237213,0.4099999964237213,66000.0,0.0,0.0,0.0
2015-12-08,0.4099999964237213,0.41999998688697815,0.4099999964237213,0.41999998688697815,0.41999998688697815,12000.0,0.0,0.0,0.0
2015-12-09,0.41999998688697815,0.44999998807907104,0.41999998688697815,0.44999998807907104,0.44999998807907104,65980.0,0.0,0.0,0.0
2015-12-10,0.4300000071525574,0.4300000071525574,0.39500001072883606,0.41999998688697815,0.41999998688697815,49050.0,0.0,0.0,0.0
2015-12-11,0.38999998569488525,0.4000000059604645,0.38999998569488525,0.4000000059604645,0.4000000059604645,1500.0,0.0,0.0,0.0
2015-12-14,0.3799999952316284,0.3799999952316284,0.3799999952316284,0.3799999952316284,0.3799999952316284,34000.0,0.0,0.0,0.0
2015-12-15,0.3799999952316284,0.3799999952316284,0.3799999952316284,0.3799999952316284,0.3799999952316284,0.0,0.0,0.0,0.0
2015-12-16,0.3700000047683716,0.4000000059604645,0.3700000047683716,0.4000000059604645,0.4000000059604645,80000.0,0.0,0.0,0.0
2015-12-17,0.4000000059604645,0.4000000059604645,0.4000000059604645,0.4000000059604645,0.4000000059604645,26645.0,0.0,0.0,0.0
2015-12-18,0.3799999952316284,0.4099999964237213,0.3799999952316284,0.4099999964237213,0.4099999964237213,5000.0,0.0,0.0,0.0
2015-12-21,0.4000000059604645,0.4000000059604645,0.4000000059604645,0.4000000059604645,0.4000000059604645,142200.0,0.0,0.0,0.0
2015-12-22,0.4000000059604645,0.4000000059604645,0.4000000059604645,0.4000000059604645,0.4000000059604645,1500.0,0.0,0.0,0.0
2015-12-23,0.4000000059604645,0.4000000059604645,0.36000001430511475,0.4000000059604645,0.4000000059604645,37399.0,0.0,0.0,0.0
2015-12-24,0.3799999952316284,0.3799999952316284,0.3799999952316284,0.3799999952316284,0.3799999952316284,6500.0,0.0,0.0,0.0
2015-12-28,0.3799999952316284,0.3799999952316284,0.3799999952316284,0.3799999952316284,0.3799999952316284,0.0,0.0,0.0,0.0
2015-12-29,0.3799999952316284,0.3799999952316284,0.3799999952316284,0.3799999952316284,0.3799999952316284,0.0,0.0,0.0,0.0
2015-12-30,0.3499999940395355,0.38999998569488525,0.3499999940395355,0.38999998569488525,0.38999998569488525,42500.0,0.0,0.0,0.0
2015-12-31,0.36000001430511475,0.38499999046325684,0.36000001430511475,0.38499999046325684,0.38499999046325684,105000.0,0.0,0.0,0.0
2016-01-04,0.3799999952316284,0.38999998569488525,0.3700000047683716,0.38999998569488525,0.38999998569488525,48700.0,0.0,0.0,0.0
2016-01-05,0.36000001430511475,0.36000001430511475,0.32499998807907104,0.32499998807907104,0.32499998807907104,34000.0,0.0,0.0,0.0
2016-01-06,0.32499998807907104,0.32499998807907104,0.32499998807907104,0.32499998807907104,0.32499998807907104,0.0,0.0,0.0,0.0
2016-01-07,0.32499998807907104,0.32499998807907104,0.32499998807907104,0.32499998807907104,0.32499998807907104,0.0,0.0,0.0,0.0
2016-01-08,0.35499998927116394,0.36000001430511475,0.33000001311302185,0.36000001430511475,0.36000001430511475,13500.0,0.0,0.0,0.0
2016-01-11,0.36000001430511475,0.36000001430511475,0.36000001430511475,0.36000001430511475,0.36000001430511475,0.0,0.0,0.0,0.0
2016-01-12,0.3499999940395355,0.3499999940395355,0.3499999940395355,0.3499999940395355,0.3499999940395355,6000.0,0.0,0.0,0.0
2016-01-13,0.36000001430511475,0.36000001430511475,0.3499999940395355,0.36000001430511475,0.36000001430511475,82500.0,0.0,0.0,0.0
2016-01-14,0.3199999928474426,0.3700000047683716,0.3199999928474426,0.3700000047683716,0.3700000047683716,27500.0,0.0,0.0,0.0
2016-01-15,0.3499999940395355,0.3799999952316284,0.3499999940395355,0.3799999952316284,0.3799999952316284,40000.0,0.0,0.0,0.0
2016-01-19,0.3799999952316284,0.3799999952316284,0.3799999952316284,0.3799999952316284,0.3799999952316284,0.0,0.0,0.0,0.0
2016-01-20,0.3799999952316284,0.3799999952316284,0.3799999952316284,0.3799999952316284,0.3799999952316284,0.0,0.0,0.0,0.0
2016-01-21,0.3799999952316284,0.3799999952316284,0.3799999952316284,0.3799999952316284,0.3799999952316284,0.0,0.0,0.0,0.0
2016-01-22,0.36500000953674316,0.3799999952316284,0.36500000953674316,0.3700000047683716,0.3700000047683716,30000.0,0.0,0.0,0.0
2016-01-25,0.38999998569488525,0.38999998569488525,0.38999998569488525,0.38999998569488525,0.38999998569488525,1200.0,0.0,0.0,0.0
2016-01-26,0.38999998569488525,0.38999998569488525,0.38999998569488525,0.38999998569488525,0.38999998569488525,0.0,0.0,0.0,0.0
2016-01-27,0.36000001430511475,0.36000001430511475,0.36000001430511475,0.36000001430511475,0.36000001430511475,5000.0,0.0,0.0,0.0
2016-01-28,0.36000001430511475,0.36000001430511475,0.36000001430511475,0.36000001430511475,0.36000001430511475,0.0,0.0,0.0,0.0
2016-02-01,0.3799999952316284,0.3799999952316284,0.3799999952316284,0.3799999952316284,0.3799999952316284,0.0,0.0,0.0,0.0
2016-02-02,0.3400000035762787,0.3400000035762787,0.30000001192092896,0.30000001192092896,0.30000001192092896,56000.0,0.0,0.0,0.0
2016-02-03,0.3100000023841858,0.3100000023841858,0.3100000023841858,0.3100000023841858,0.3100000023841858,5000.0,0.0,0.0,0.0
2016-02-04,0.3100000023841858,0.3100000023841858,0.3100000023841858,0.3100000023841858,0.3100000023841858,0.0,0.0,0.0,0.0
2016-02-05,0.3199999928474426,0.3199999928474426,0.3199999928474426,0.3199999928474426,0.3199999928474426,2500.0,0.0,0.0,0.0
2016-02-09,0.3400000035762787,0.3400000035762787,0.3400000035762787,0.3400000035762787,0.3400000035762787,0.0,0.0,0.0,0.0
2016-02-10,0.3400000035762787,0.3400000035762787,0.3400000035762787,0.3400000035762787,0.3400000035762787,0.0,0.0,0.0,0.0
2016-02-11,0.3400000035762787,0.3400000035762787,0.3400000035762787,0.3400000035762787,0.3400000035762787,0.0,0.0,0.0,0.0
2016-02-12,0.30000001192092896,0.30000001192092896,0.30000001192092896,0.30000001192092896,0.30000001192092896,4300.0,0.0,0.0,0.0
2016-02-16,0.3449999988079071,0.3449999988079071,0.3449999988079071,0.3449999988079071,0.3449999988079071,500.0,0.0,0.0,0.0
2016-02-17,0.3449999988079071,0.3449999988079071,0.3449999988079071,0.3449999988079071,0.3449999988079071,0.0,0.0,0.0,0.0
2016-02-18,0.3499999940395355,0.3499999940395355,0.3499999940395355,0.3499999940395355,0.3499999940395355,1000.0,0.0,0.0,0.0
2016-02-19,0.3499999940395355,0.3499999940395355,0.3499999940395355,0.3499999940395355,0.3499999940395355,1000.0,0.0,0.0,0.0
2016-02-22,0.3199999928474426,0.3499999940395355,0.3199999928474426,0.3499999940395355,0.3499999940395355,31900.0,0.0,0.0,0.0
2016-02-23,0.3199999928474426,0.3199999928474426,0.3199999928474426,0.3199999928474426,0.3199999928474426,20300.0,0.0,0.0,0.0
2016-02-24,0.3199999928474426,0.3199999928474426,0.3199999928474426,0.3199999928474426,0.3199999928474426,0.0,0.0,0.0,0.0
2016-02-25,0.3199999928474426,0.3199999928474426,0.3199999928474426,0.3199999928474426,0.3199999928474426,0.0,0.0,0.0,0.0
2016-02-26,0.33000001311302185,0.33000001311302185,0.33000001311302185,0.33000001311302185,0.33000001311302185,900.0,0.0,0.0,0.0
2016-03-01,0.3199999928474426,0.3199999928474426,0.30000001192092896,0.30000001192092896,0.30000001192092896,39275.0,0.0,0.0,0.0
2016-03-02,0.33000001311302185,0.33000001311302185,0.30000001192092896,0.30000001192092896,0.30000001192092896,16000.0,0.0,0.0,0.0
2016-03-03,0.30000001192092896,0.30000001192092896,0.30000001192092896,0.30000001192092896,0.30000001192092896,0.0,0.0,0.0,0.0
2016-03-04,0.3199999928474426,0.3400000035762787,0.3199999928474426,0.3400000035762787,0.3400000035762787,22500.0,0.0,0.0,0.0
2016-03-07,0.3400000035762787,0.3400000035762787,0.3400000035762787,0.3400000035762787,0.3400000035762787,0.0,0.0,0.0,0.0
2016-03-08,0.33000001311302185,0.33000001311302185,0.33000001311302185,0.33000001311302185,0.33000001311302185,5000.0,0.0,0.0,0.0
2016-03-09,0.33000001311302185,0.33000001311302185,0.33000001311302185,0.33000001311302185,0.33000001311302185,0.0,0.0,0.0,0.0
2016-03-10,0.33000001311302185,0.3499999940395355,0.3199999928474426,0.3499999940395355,0.3499999940395355,7500.0,0.0,0.0,0.0
2016-03-11,0.3499999940395355,0.3499999940395355,0.3499999940395355,0.3499999940395355,0.3499999940395355,0.0,0.0,0.0,0.0
2016-03-14,0.3499999940395355,0.3499999940395355,0.3499999940395355,0.3499999940395355,0.3499999940395355,0.0,0.0,0.0,0.0
2016-03-15,0.3499999940395355,0.3499999940395355,0.3499999940395355,0.3499999940395355,0.3499999940395355,6500.0,0.0,0.0,0.0
2016-03-17,0.3499999940395355,0.3499999940395355,0.3499999940395355,0.3499999940395355,0.3499999940395355,5000.0,0.0,0.0,0.0
2016-03-21,0.36000001430511475,0.36000001430511475,0.36000001430511475,0.36000001430511475,0.36000001430511475,0.0,0.0,0.0,0.0
2016-03-22,0.36000001430511475,0.36000001430511475,0.36000001430511475,0.36000001430511475,0.36000001430511475,0.0,0.0,0.0,0.0
2016-03-23,0.36000001430511475,0.36000001430511475,0.36000001430511475,0.36000001430511475,0.36000001430511475,0.0,0.0,0.0,0.0
2016-03-24,0.3400000035762787,0.3400000035762787,0.3400000035762787,0.3400000035762787,0.3400000035762787,639.0,0.0,0.0,0.0
2016-03-28,0.3499999940395355,0.36500000953674316,0.3499999940395355,0.36500000953674316,0.36500000953674316,19000.0,0.0,0.0,0.0
2016-03-30,0.3499999940395355,0.36000001430511475,0.3499999940395355,0.36000001430511475,0.36000001430511475,4000.0,0.0,0.0,0.0
2016-03-31,0.36000001430511475,0.36000001430511475,0.36000001430511475,0.36000001430511475,0.36000001430511475,7500.0,0.0,0.0,0.0
2016-04-13,0.33000001311302185,0.33000001311302185,0.33000001311302185,0.33000001311302185,0.33000001311302185,5000.0,0.0,0.0,0.0
2016-04-14,0.33000001311302185,0.33000001311302185,0.33000001311302185,0.33000001311302185,0.33000001311302185,3000.0,0.0,0.0,0.0
2016-04-15,0.33000001311302185,0.33000001311302185,0.33000001311302185,0.33000001311302185,0.33000001311302185,0.0,0.0,0.0,0.0
2016-04-18,0.36000001430511475,0.36000001430511475,0.35499998927116394,0.35499998927116394,0.35499998927116394,4754.0,0.0,0.0,0.0
2016-04-19,0.35499998927116394,0.35499998927116394,0.35499998927116394,0.35499998927116394,0.35499998927116394,0.0,0.0,0.0,0.0
2016-04-20,0.3499999940395355,0.3499999940395355,0.3499999940395355,0.3499999940395355,0.3499999940395355,1500.0,0.0,0.0,0.0
2016-04-21,0.33000001311302185,0.33000001311302185,0.33000001311302185,0.33000001311302185,0.33000001311302185,1000.0,0.0,0.0,0.0
2016-04-26,0.38999998569488525,0.38999998569488525,0.38999998569488525,0.38999998569488525,0.38999998569488525,0.0,0.0,0.0,0.0
2016-04-28,0.4000000059604645,0.4000000059604645,0.4000000059604645,0.4000000059604645,0.4000000059604645,6000.0,0.0,0.0,0.0
2016-04-29,0.4000000059604645,0.4000000059604645,0.4000000059604645,0.4000000059604645,0.4000000059604645,0.0,0.0,0.0,0.0
2016-05-02,0.3799999952316284,0.38999998569488525,0.3799999952316284,0.38999998569488525,0.38999998569488525,30000.0,0.0,0.0,0.0
2016-05-09,0.35499998927116394,0.35499998927116394,0.35499998927116394,0.35499998927116394,0.35499998927116394,10000.0,0.0,0.0,0.0
2016-05-11,0.3799999952316284,0.3799999952316284,0.3799999952316284,0.3799999952316284,0.3799999952316284,500.0,0.0,0.0,0.0
2016-05-17,0.4000000059604645,0.4000000059604645,0.38499999046325684,0.38499999046325684,0.38499999046325684,10200.0,0.0,0.0,0.0
2016-05-26,0.38999998569488525,0.38999998569488525,0.38999998569488525,0.38999998569488525,0.38999998569488525,0.0,0.0,0.0,0.0
2016-05-27,0.38999998569488525,0.38999998569488525,0.38999998569488525,0.38999998569488525,0.38999998569488525,0.0,0.0,0.0,0.0
2016-05-31,0.38999998569488525,0.4300000071525574,0.38999998569488525,0.4300000071525574,0.4300000071525574,24112.0,0.0,0.0,0.0
2016-06-01,0.4300000071525574,0.44999998807907104,0.41999998688697815,0.4399999976158142,0.4399999976158142,20500.0,0.0,0.0,0.0
2016-06-02,0.4399999976158142,0.4399999976158142,0.4399999976158142,0.4399999976158142,0.4399999976158142,821.0,0.0,0.0,0.0
2016-06-03,0.4099999964237213,0.47999998927116394,0.4099999964237213,0.44999998807907104,0.44999998807907104,206000.0,0.0,0.0,0.0
2016-06-06,0.44999998807907104,0.49000000953674316,0.44999998807907104,0.47999998927116394,0.47999998927116394,53850.0,0.0,0.0,0.0
2016-06-07,0.45500001311302185,0.47999998927116394,0.44999998807907104,0.44999998807907104,0.44999998807907104,39200.0,0.0,0.0,0.0
2016-06-08,0.44999998807907104,0.4749999940395355,0.44999998807907104,0.4749999940395355,0.4749999940395355,2750.0,0.0,0.0,0.0
2016-06-09,0.4749999940395355,0.4749999940395355,0.4749999940395355,0.4749999940395355,0.4749999940395355,0.0,0.0,0.0,0.0
2016-06-10,0.44999998807907104,0.44999998807907104,0.44999998807907104,0.44999998807907104,0.44999998807907104,25000.0,0.0,0.0,0.0
2016-06-13,0.4699999988079071,0.5,0.4699999988079071,0.5,0.5,119000.0,0.0,0.0,0.0
2016-06-14,0.5400000214576721,0.5400000214576721,0.5400000214576721,0.5400000214576721,0.5400000214576721,30000.0,0.0,0.0,0.0
2016-06-15,0.5699999928474426,0.5699999928474426,0.5,0.5400000214576721,0.5400000214576721,112500.0,0.0,0.0,0.0
2016-06-16,0.5400000214576721,0.550000011920929,0.5099999904632568,0.5299999713897705,0.5299999713897705,111000.0,0.0,0.0,0.0
2016-06-17,0.5400000214576721,0.5400000214576721,0.49000000953674316,0.49000000953674316,0.49000000953674316,25000.0,0.0,0.0,0.0
2016-06-20,0.48500001430511475,0.48500001430511475,0.48500001430511475,0.48500001430511475,0.48500001430511475,1000.0,0.0,0.0,0.0
2016-06-21,0.48500001430511475,0.48500001430511475,0.48500001430511475,0.48500001430511475,0.48500001430511475,0.0,0.0,0.0,0.0
2016-06-22,0.5299999713897705,0.5299999713897705,0.47999998927116394,0.5299999713897705,0.5299999713897705,51000.0,0.0,0.0,0.0
2016-06-23,0.5299999713897705,0.5299999713897705,0.5,0.5,0.5,6500.0,0.0,0.0,0.0
2016-06-24,0.44999998807907104,0.44999998807907104,0.44999998807907104,0.44999998807907104,0.44999998807907104,27500.0,0.0,0.0,0.0
2016-06-27,0.44999998807907104,0.44999998807907104,0.44999998807907104,0.44999998807907104,0.44999998807907104,0.0,0.0,0.0,0.0
2016-06-28,0.5,0.5,0.5,0.5,0.5,2300.0,0.0,0.0,0.0
2016-06-29,0.47999998927116394,0.47999998927116394,0.47999998927116394,0.47999998927116394,0.47999998927116394,2000.0,0.0,0.0,0.0
2016-06-30,0.49000000953674316,0.49000000953674316,0.49000000953674316,0.49000000953674316,0.49000000953674316,30000.0,0.0,0.0,0.0
2016-07-01,0.49000000953674316,0.49000000953674316,0.49000000953674316,0.49000000953674316,0.49000000953674316,0.0,0.0,0.0,0.0
2016-07-05,0.49000000953674316,0.49000000953674316,0.49000000953674316,0.49000000953674316,0.49000000953674316,35000.0,0.0,0.0,0.0
2016-07-06,0.46000000834465027,0.5,0.46000000834465027,0.5,0.5,12300.0,0.0,0.0,0.0
2016-07-07,0.5,0.5,0.5,0.5,0.5,0.0,0.0,0.0,0.0
2016-07-08,0.47999998927116394,0.5,0.47999998927116394,0.5,0.5,7700.0,0.0,0.0,0.0
2016-07-11,0.5,0.5,0.5,0.5,0.5,12500.0,0.0,0.0,0.0
2016-07-12,0.5,0.5400000214576721,0.5,0.5400000214576721,0.5400000214576721,37850.0,0.0,0.0,0.0
2016-07-13,0.5400000214576721,0.550000011920929,0.5400000214576721,0.550000011920929,0.550000011920929,20400.0,0.0,0.0,0.0
2016-07-14,0.550000011920929,0.550000011920929,0.5,0.550000011920929,0.550000011920929,37250.0,0.0,0.0,0.0
2016-07-15,0.5099999904632568,0.5299999713897705,0.4650000035762787,0.5,0.5,122000.0,0.0,0.0,0.0
2016-07-18,0.5,0.5,0.5,0.5,0.5,0.0,0.0,0.0,0.0
2016-07-19,0.5,0.5,0.5,0.5,0.5,0.0,0.0,0.0,0.0
2016-07-20,0.5299999713897705,0.5299999713897705,0.4950000047683716,0.4950000047683716,0.4950000047683716,2700.0,0.0,0.0,0.0
2016-07-21,0.49000000953674316,0.49000000953674316,0.49000000953674316,0.49000000953674316,0.49000000953674316,10000.0,0.0,0.0,0.0
2016-07-22,0.5,0.5,0.47999998927116394,0.5,0.5,31700.0,0.0,0.0,0.0
2016-07-25,0.5,0.5,0.5,0.5,0.5,0.0,0.0,0.0,0.0
2016-07-26,0.5,0.5,0.5,0.5,0.5,0.0,0.0,0.0,0.0
2016-07-27,0.5,0.5199999809265137,0.49000000953674316,0.5199999809265137,0.5199999809265137,38900.0,0.0,0.0,0.0
2016-07-28,0.49000000953674316,0.5199999809265137,0.47999998927116394,0.47999998927116394,0.47999998927116394,28500.0,0.0,0.0,0.0
2016-07-29,0.47999998927116394,0.47999998927116394,0.47999998927116394,0.47999998927116394,0.47999998927116394,0.0,0.0,0.0,0.0
2016-08-01,0.47999998927116394,0.47999998927116394,0.47999998927116394,0.47999998927116394,0.47999998927116394,0.0,0.0,0.0,0.0
2016-08-02,0.47999998927116394,0.47999998927116394,0.47999998927116394,0.47999998927116394,0.47999998927116394,0.0,0.0,0.0,0.0
2016-08-03,0.47999998927116394,0.47999998927116394,0.47999998927116394,0.47999998927116394,0.47999998927116394,0.0,0.0,0.0,0.0
2016-08-04,0.47999998927116394,0.47999998927116394,0.47999998927116394,0.47999998927116394,0.47999998927116394,0.0,0.0,0.0,0.0
2016-08-05,0.45500001311302185,0.45500001311302185,0.45500001311302185,0.45500001311302185,0.45500001311302185,4095.0,0.0,0.0,0.0
2016-08-08,0.4699999988079071,0.4699999988079071,0.4699999988079071,0.4699999988079071,0.4699999988079071,80000.0,0.0,0.0,0.0
2016-08-09,0.48500001430511475,0.48500001430511475,0.47999998927116394,0.47999998927116394,0.47999998927116394,1500.0,0.0,0.0,0.0
2016-08-10,0.49000000953674316,0.49000000953674316,0.49000000953674316,0.49000000953674316,0.49000000953674316,1600.0,0.0,0.0,0.0
2016-08-11,0.49000000953674316,0.49000000953674316,0.49000000953674316,0.49000000953674316,0.49000000953674316,0.0,0.0,0.0,0.0
2016-08-12,0.49000000953674316,0.49000000953674316,0.49000000953674316,0.49000000953674316,0.49000000953674316,0.0,0.0,0.0,0.0
2016-08-15,0.49000000953674316,0.49000000953674316,0.49000000953674316,0.49000000953674316,0.49000000953674316,0.0,0.0,0.0,0.0
2016-08-16,0.49000000953674316,0.49000000953674316,0.49000000953674316,0.49000000953674316,0.49000000953674316,0.0,0.0,0.0,0.0
2016-08-17,0.5,0.5099999904632568,0.47999998927116394,0.5099999904632568,0.5099999904632568,80000.0,0.0,0.0,0.0
2016-08-18,0.49000000953674316,0.5,0.49000000953674316,0.5,0.5,105000.0,0.0,0.0,0.0
2016-08-19,0.5199999809265137,0.5199999809265137,0.5199999809265137,0.5199999809265137,0.5199999809265137,10000.0,0.0,0.0,0.0
2016-08-22,0.5400000214576721,0.5400000214576721,0.5400000214576721,0.5400000214576721,0.5400000214576721,13500.0,0.0,0.0,0.0
2016-08-23,0.5299999713897705,0.5299999713897705,0.5,0.5,0.5,20000.0,0.0,0.0,0.0
2016-08-24,0.5,0.5,0.5,0.5,0.5,10000.0,0.0,0.0,0.0
2016-08-25,0.49000000953674316,0.5,0.49000000953674316,0.5,0.5,45000.0,0.0,0.0,0.0
2016-08-26,0.5199999809265137,0.5400000214576721,0.5099999904632568,0.5400000214576721,0.5400000214576721,39000.0,0.0,0.0,0.0
2016-08-29,0.5,0.5,0.5,0.5,0.5,1000.0,0.0,0.0,0.0
2016-08-30,0.5099999904632568,0.5199999809265137,0.5099999904632568,0.5199999809265137,0.5199999809265137,2000.0,0.0,0.0,0.0
2016-08-31,0.5,0.5,0.5,0.5,0.5,500.0,0.0,0.0,0.0
2016-09-01,0.5,0.5,0.5,0.5,0.5,0.0,0.0,0.0,0.0
2016-09-02,0.5,0.5,0.5,0.5,0.5,0.0,0.0,0.0,0.0
2016-09-06,0.5299999713897705,0.5299999713897705,0.5299999713897705,0.5299999713897705,0.5299999713897705,1500.0,0.0,0.0,0.0
2016-09-08,0.550000011920929,0.550000011920929,0.550000011920929,0.550000011920929,0.550000011920929,13000.0,0.0,0.0,0.0
2016-09-09,0.550000011920929,0.6000000238418579,0.550000011920929,0.6000000238418579,0.6000000238418579,25500.0,0.0,0.0,0.0
2016-09-12,0.5899999737739563,0.5899999737739563,0.5899999737739563,0.5899999737739563,0.5899999737739563,500.0,0.0,0.0,0.0
2016-09-13,0.6000000238418579,0.6000000238418579,0.550000011920929,0.550000011920929,0.550000011920929,21850.0,0.0,0.0,0.0
2016-09-14,0.5,0.5,0.49000000953674316,0.49000000953674316,0.49000000953674316,42500.0,0.0,0.0,0.0
2016-09-15,0.49000000953674316,0.49000000953674316,0.49000000953674316,0.49000000953674316,0.49000000953674316,0.0,0.0,0.0,0.0
2016-09-16,0.49000000953674316,0.49000000953674316,0.49000000953674316,0.49000000953674316,0.49000000953674316,0.0,0.0,0.0,0.0
2016-09-19,0.49000000953674316,0.49000000953674316,0.49000000953674316,0.49000000953674316,0.49000000953674316,10850.0,0.0,0.0,0.0
2016-09-20,0.5199999809265137,0.550000011920929,0.5199999809265137,0.550000011920929,0.550000011920929,55000.0,0.0,0.0,0.0
2016-09-21,0.5099999904632568,0.5099999904632568,0.5099999904632568,0.5099999904632568,0.5099999904632568,2200.0,0.0,0.0,0.0
2016-09-22,0.550000011920929,0.5899999737739563,0.550000011920929,0.5600000023841858,0.5600000023841858,55500.0,0.0,0.0,0.0
2016-09-23,0.5899999737739563,0.6000000238418579,0.5799999833106995,0.6000000238418579,0.6000000238418579,65080.0,0.0,0.0,0.0
2016-09-26,0.6000000238418579,0.7099999785423279,0.6000000238418579,0.7099999785423279,0.7099999785423279,112000.0,0.0,0.0,0.0
2016-09-27,0.699999988079071,0.699999988079071,0.6800000071525574,0.699999988079071,0.699999988079071,4000.0,0.0,0.0,0.0
2016-09-29,0.800000011920929,0.800000011920929,0.7099999785423279,0.7400000095367432,0.7400000095367432,61300.0,0.0,0.0,0.0
2016-09-30,0.7300000190734863,0.7300000190734863,0.7300000190734863,0.7300000190734863,0.7300000190734863,13610.0,0.0,0.0,0.0
2016-10-03,0.6899999976158142,0.7200000286102295,0.6899999976158142,0.7200000286102295,0.7200000286102295,49200.0,0.0,0.0,0.0
2016-10-04,0.7200000286102295,0.7200000286102295,0.7200000286102295,0.7200000286102295,0.7200000286102295,0.0,0.0,0.0,0.0
2016-10-07,0.6600000262260437,0.6600000262260437,0.6499999761581421,0.6499999761581421,0.6499999761581421,23500.0,0.0,0.0,0.0
2016-10-12,0.7400000095367432,0.7400000095367432,0.6899999976158142,0.6899999976158142,0.6899999976158142,4000.0,0.0,0.0,0.0
2016-10-13,0.6700000166893005,0.6800000071525574,0.6399999856948853,0.6800000071525574,0.6800000071525574,106500.0,0.0,0.0,0.0
2016-10-14,0.6899999976158142,0.6899999976158142,0.6399999856948853,0.6700000166893005,0.6700000166893005,39500.0,0.0,0.0,0.0
2016-10-17,0.699999988079071,0.699999988079071,0.6499999761581421,0.6499999761581421,0.6499999761581421,15000.0,0.0,0.0,0.0
2016-10-18,0.6499999761581421,0.6499999761581421,0.6399999856948853,0.6399999856948853,0.6399999856948853,11000.0,0.0,0.0,0.0
2016-10-19,0.6100000143051147,0.6100000143051147,0.6000000238418579,0.6000000238418579,0.6000000238418579,31950.0,0.0,0.0,0.0
2016-10-20,0.5600000023841858,0.5600000023841858,0.5400000214576721,0.5400000214576721,0.5400000214576721,13000.0,0.0,0.0,0.0
2016-10-21,0.5699999928474426,0.5799999833106995,0.5699999928474426,0.5799999833106995,0.5799999833106995,11850.0,0.0,0.0,0.0
2016-10-24,0.5799999833106995,0.5799999833106995,0.5799999833106995,0.5799999833106995,0.5799999833106995,20000.0,0.0,0.0,0.0
2016-10-25,0.5899999737739563,0.6000000238418579,0.5899999737739563,0.6000000238418579,0.6000000238418579,15970.0,0.0,0.0,0.0
2016-10-26,0.5600000023841858,0.6000000238418579,0.5600000023841858,0.6000000238418579,0.6000000238418579,25000.0,0.0,0.0,0.0
2016-10-27,0.5799999833106995,0.5799999833106995,0.5400000214576721,0.5400000214576721,0.5400000214576721,84500.0,0.0,0.0,0.0
2016-10-28,0.550000011920929,0.550000011920929,0.550000011920929,0.550000011920929,0.550000011920929,60000.0,0.0,0.0,0.0
2016-10-31,0.5799999833106995,0.5799999833106995,0.5799999833106995,0.5799999833106995,0.5799999833106995,500.0,0.0,0.0,0.0
2016-11-01,0.550000011920929,0.550000011920929,0.550000011920929,0.550000011920929,0.550000011920929,40000.0,0.0,0.0,0.0
2016-11-02,0.550000011920929,0.550000011920929,0.5400000214576721,0.5400000214576721,0.5400000214576721,4000.0,0.0,0.0,0.0
2016-11-03,0.5199999809265137,0.5199999809265137,0.5199999809265137,0.5199999809265137,0.5199999809265137,7100.0,0.0,0.0,0.0
2016-11-04,0.5199999809265137,0.5199999809265137,0.5199999809265137,0.5199999809265137,0.5199999809265137,0.0,0.0,0.0,0.0
2016-11-08,0.47999998927116394,0.47999998927116394,0.47999998927116394,0.47999998927116394,0.47999998927116394,500.0,0.0,0.0,0.0
2016-11-09,0.47999998927116394,0.5,0.4699999988079071,0.5,0.5,62500.0,0.0,0.0,0.0
2016-11-10,0.4749999940395355,0.5,0.4749999940395355,0.5,0.5,19738.0,0.0,0.0,0.0
2016-11-11,0.4699999988079071,0.49000000953674316,0.4699999988079071,0.49000000953674316,0.49000000953674316,11000.0,0.0,0.0,0.0
2016-11-14,0.49000000953674316,0.49000000953674316,0.49000000953674316,0.49000000953674316,0.49000000953674316,0.0,0.0,0.0,0.0
2016-11-15,0.49000000953674316,0.49000000953674316,0.49000000953674316,0.49000000953674316,0.49000000953674316,8000.0,0.0,0.0,0.0
2016-11-16,0.49000000953674316,0.49000000953674316,0.49000000953674316,0.49000000953674316,0.49000000953674316,0.0,0.0,0.0,0.0
2016-11-17,0.4699999988079071,0.4699999988079071,0.4699999988079071,0.4699999988079071,0.4699999988079071,7500.0,0.0,0.0,0.0
2016-11-18,0.4699999988079071,0.4699999988079071,0.4699999988079071,0.4699999988079071,0.4699999988079071,0.0,0.0,0.0,0.0
2016-11-21,0.4699999988079071,0.4699999988079071,0.44999998807907104,0.44999998807907104,0.44999998807907104,15500.0,0.0,0.0,0.0
2016-11-22,0.49000000953674316,0.49000000953674316,0.47999998927116394,0.47999998927116394,0.47999998927116394,6500.0,0.0,0.0,0.0
2016-11-23,0.46000000834465027,0.46000000834465027,0.44999998807907104,0.44999998807907104,0.44999998807907104,34000.0,0.0,0.0,0.0
2016-11-25,0.44999998807907104,0.44999998807907104,0.4399999976158142,0.4399999976158142,0.4399999976158142,11500.0,0.0,0.0,0.0
2016-11-28,0.41999998688697815,0.4399999976158142,0.4099999964237213,0.4099999964237213,0.4099999964237213,69000.0,0.0,0.0,0.0
2016-11-30,0.4099999964237213,0.4099999964237213,0.4099999964237213,0.4099999964237213,0.4099999964237213,1000.0,0.0,0.0,0.0
2016-12-01,0.4099999964237213,0.4099999964237213,0.4099999964237213,0.4099999964237213,0.4099999964237213,0.0,0.0,0.0,0.0
2016-12-02,0.44999998807907104,0.44999998807907104,0.44999998807907104,0.44999998807907104,0.44999998807907104,20000.0,0.0,0.0,0.0
2016-12-06,0.4699999988079071,0.4699999988079071,0.4699999988079071,0.4699999988079071,0.4699999988079071,15200.0,0.0,0.0,0.0
2016-12-14,0.4699999988079071,0.4699999988079071,0.44999998807907104,0.44999998807907104,0.44999998807907104,10800.0,0.0,0.0,0.0
2016-12-15,0.4650000035762787,0.4699999988079071,0.4650000035762787,0.4699999988079071,0.4699999988079071,10355.0,0.0,0.0,0.0
2016-12-16,0.4699999988079071,0.5,0.4699999988079071,0.5,0.5,42000.0,0.0,0.0,0.0
2016-12-19,0.5400000214576721,0.5400000214576721,0.5299999713897705,0.5299999713897705,0.5299999713897705,6000.0,0.0,0.0,0.0
2016-12-20,0.550000011920929,0.550000011920929,0.550000011920929,0.550000011920929,0.550000011920929,1100.0,0.0,0.0,0.0
2016-12-21,0.5799999833106995,0.6000000238418579,0.5799999833106995,0.6000000238418579,0.6000000238418579,14500.0,0.0,0.0,0.0
2016-12-22,0.6000000238418579,0.6000000238418579,0.6000000238418579,0.6000000238418579,0.6000000238418579,0.0,0.0,0.0,0.0
2016-12-23,0.6499999761581421,0.6800000071525574,0.6499999761581421,0.6700000166893005,0.6700000166893005,14300.0,0.0,0.0,0.0
2016-12-27,0.6700000166893005,0.6700000166893005,0.6700000166893005,0.6700000166893005,0.6700000166893005,0.0,0.0,0.0,0.0
2016-12-28,0.7300000190734863,0.7900000214576721,0.7300000190734863,0.7900000214576721,0.7900000214576721,75000.0,0.0,0.0,0.0
2016-12-29,0.7900000214576721,0.8500000238418579,0.7900000214576721,0.8299999833106995,0.8299999833106995,58500.0,0.0,0.0,0.0
2016-12-30,0.8299999833106995,0.8299999833106995,0.800000011920929,0.800000011920929,0.800000011920929,10000.0,0.0,0.0,0.0
2017-01-03,0.75,0.75,0.699999988079071,0.7200000286102295,0.7200000286102295,6700.0,0.0,0.0,0.0
2017-01-04,0.75,0.75,0.699999988079071,0.699999988079071,0.699999988079071,3500.0,0.0,0.0,0.0
2017-01-05,0.6899999976158142,0.6899999976158142,0.6499999761581421,0.6499999761581421,0.6499999761581421,6200.0,0.0,0.0,0.0
2017-01-06,0.6499999761581421,0.7099999785423279,0.6499999761581421,0.6499999761581421,0.6499999761581421,63500.0,0.0,0.0,0.0
2017-01-09,0.699999988079071,0.699999988079071,0.699999988079071,0.699999988079071,0.699999988079071,1000.0,0.0,0.0,0.0
2017-01-10,0.6299999952316284,0.6299999952316284,0.5699999928474426,0.5899999737739563,0.5899999737739563,55700.0,0.0,0.0,0.0
2017-01-11,0.6000000238418579,0.6100000143051147,0.6000000238418579,0.6100000143051147,0.6100000143051147,20000.0,0.0,0.0,0.0
2017-01-12,0.6100000143051147,0.6100000143051147,0.6000000238418579,0.6100000143051147,0.6100000143051147,62500.0,0.0,0.0,0.0
2017-01-13,0.6000000238418579,0.6000000238418579,0.6000000238418579,0.6000000238418579,0.6000000238418579,10000.0,0.0,0.0,0.0
2017-01-17,0.550000011920929,0.550000011920929,0.5400000214576721,0.5400000214576721,0.5400000214576721,34000.0,0.0,0.0,0.0
2017-01-18,0.550000011920929,0.5600000023841858,0.550000011920929,0.5600000023841858,0.5600000023841858,10500.0,0.0,0.0,0.0
2017-01-19,0.5600000023841858,0.5600000023841858,0.5600000023841858,0.5600000023841858,0.5600000023841858,0.0,0.0,0.0,0.0
2017-01-20,0.550000011920929,0.550000011920929,0.550000011920929,0.550000011920929,0.550000011920929,1900.0,0.0,0.0,0.0
2017-01-23,0.5099999904632568,0.5099999904632568,0.5099999904632568,0.5099999904632568,0.5099999904632568,5000.0,0.0,0.0,0.0
2017-01-24,0.5099999904632568,0.5099999904632568,0.5099999904632568,0.5099999904632568,0.5099999904632568,0.0,0.0,0.0,0.0
2017-01-25,0.5,0.5299999713897705,0.47999998927116394,0.5199999809265137,0.5199999809265137,56600.0,0.0,0.0,0.0
2017-01-26,0.49000000953674316,0.49000000953674316,0.49000000953674316,0.49000000953674316,0.49000000953674316,16000.0,0.0,0.0,0.0
2017-01-27,0.5,0.5,0.5,0.5,0.5,17333.0,0.0,0.0,0.0
2017-01-30,0.49000000953674316,0.49000000953674316,0.47999998927116394,0.47999998927116394,0.47999998927116394,7500.0,0.0,0.0,0.0
2017-01-31,0.47999998927116394,0.47999998927116394,0.47999998927116394,0.47999998927116394,0.47999998927116394,0.0,0.0,0.0,0.0
2017-02-01,0.47999998927116394,0.47999998927116394,0.47999998927116394,0.47999998927116394,0.47999998927116394,0.0,0.0,0.0,0.0
2017-02-02,0.47999998927116394,0.47999998927116394,0.47999998927116394,0.47999998927116394,0.47999998927116394,0.0,0.0,0.0,0.0
2017-02-03,0.49000000953674316,0.5,0.49000000953674316,0.5,0.5,16200.0,0.0,0.0,0.0
2017-02-06,0.5,0.5,0.5,0.5,0.5,2000.0,0.0,0.0,0.0
2017-02-07,0.44999998807907104,0.4950000047683716,0.44999998807907104,0.4950000047683716,0.4950000047683716,15775.0,0.0,0.0,0.0
2017-02-08,0.46000000834465027,0.47999998927116394,0.45500001311302185,0.45500001311302185,0.45500001311302185,6500.0,0.0,0.0,0.0
2017-02-09,0.48500001430511475,0.48500001430511475,0.48500001430511475,0.48500001430511475,0.48500001430511475,1000.0,0.0,0.0,0.0
2017-02-10,0.44999998807907104,0.45500001311302185,0.4399999976158142,0.45500001311302185,0.45500001311302185,33300.0,0.0,0.0,0.0
2017-02-13,0.45500001311302185,0.45500001311302185,0.45500001311302185,0.45500001311302185,0.45500001311302185,1000.0,0.0,0.0,0.0
2017-02-14,0.44999998807907104,0.44999998807907104,0.44999998807907104,0.44999998807907104,0.44999998807907104,32500.0,0.0,0.0,0.0
2017-02-15,0.4399999976158142,0.47999998927116394,0.4399999976158142,0.47999998927116394,0.47999998927116394,18500.0,0.0,0.0,0.0
2017-02-16,0.5,0.5,0.5,0.5,0.5,5000.0,0.0,0.0,0.0
2017-02-17,0.5099999904632568,0.550000011920929,0.5,0.5199999809265137,0.5199999809265137,16700.0,0.0,0.0,0.0
2017-02-21,0.5199999809265137,0.5199999809265137,0.5199999809265137,0.5199999809265137,0.5199999809265137,0.0,0.0,0.0,0.0
2017-02-22,0.5,0.5199999809265137,0.5,0.5,0.5,10000.0,0.0,0.0,0.0
2017-02-23,0.49000000953674316,0.49000000953674316,0.47999998927116394,0.47999998927116394,0.47999998927116394,15000.0,0.0,0.0,0.0
2017-02-24,0.47999998927116394,0.47999998927116394,0.47999998927116394,0.47999998927116394,0.47999998927116394,50460.0,0.0,0.0,0.0
2017-02-27,0.47999998927116394,0.47999998927116394,0.47999998927116394,0.47999998927116394,0.47999998927116394,0.0,0.0,0.0,0.0
2017-02-28,0.47999998927116394,0.47999998927116394,0.47999998927116394,0.47999998927116394,0.47999998927116394,0.0,0.0,0.0,0.0
2017-03-01,0.49000000953674316,0.49000000953674316,0.49000000953674316,0.49000000953674316,0.49000000953674316,8200.0,0.0,0.0,0.0
2017-03-03,0.44999998807907104,0.44999998807907104,0.44999998807907104,0.44999998807907104,0.44999998807907104,40050.0,0.0,0.0,0.0
2017-03-06,0.44999998807907104,0.44999998807907104,0.44999998807907104,0.44999998807907104,0.44999998807907104,4000.0,0.0,0.0,0.0
2017-03-07,0.44999998807907104,0.4650000035762787,0.44999998807907104,0.4650000035762787,0.4650000035762787,1000.0,0.0,0.0,0.0
2017-03-08,0.4399999976158142,0.47999998927116394,0.4399999976158142,0.47999998927116394,0.47999998927116394,37500.0,0.0,0.0,0.0
2017-03-09,0.47999998927116394,0.47999998927116394,0.47999998927116394,0.47999998927116394,0.47999998927116394,0.0,0.0,0.0,0.0
2017-03-10,0.44999998807907104,0.44999998807907104,0.44999998807907104,0.44999998807907104,0.44999998807907104,1000.0,0.0,0.0,0.0
2017-03-13,0.44999998807907104,0.44999998807907104,0.44999998807907104,0.44999998807907104,0.44999998807907104,0.0,0.0,0.0,0.0
2017-03-14,0.44999998807907104,0.44999998807907104,0.44999998807907104,0.44999998807907104,0.44999998807907104,0.0,0.0,0.0,0.0
2017-03-15,0.44999998807907104,0.44999998807907104,0.44999998807907104,0.44999998807907104,0.44999998807907104,0.0,0.0,0.0,0.0
2017-03-16,0.44999998807907104,0.44999998807907104,0.44999998807907104,0.44999998807907104,0.44999998807907104,0.0,0.0,0.0,0.0
2017-03-17,0.44999998807907104,0.44999998807907104,0.44999998807907104,0.44999998807907104,0.44999998807907104,0.0,0.0,0.0,0.0
2017-03-20,0.44999998807907104,0.44999998807907104,0.44999998807907104,0.44999998807907104,0.44999998807907104,0.0,0.0,0.0,0.0
2017-03-21,0.47999998927116394,0.47999998927116394,0.4399999976158142,0.4399999976158142,0.4399999976158142,51100.0,0.0,0.0,0.0
2017-03-22,0.4399999976158142,0.4399999976158142,0.4399999976158142,0.4399999976158142,0.4399999976158142,0.0,0.0,0.0,0.0
2017-03-23,0.44999998807907104,0.47999998927116394,0.44999998807907104,0.47999998927116394,0.47999998927116394,25000.0,0.0,0.0,0.0
2017-03-24,0.47999998927116394,0.47999998927116394,0.47999998927116394,0.47999998927116394,0.47999998927116394,0.0,0.0,0.0,0.0
2017-03-27,0.47999998927116394,0.47999998927116394,0.47999998927116394,0.47999998927116394,0.47999998927116394,0.0,0.0,0.0,0.0
2017-03-29,0.45500001311302185,0.45500001311302185,0.4399999976158142,0.4399999976158142,0.4399999976158142,10000.0,0.0,0.0,0.0
2017-03-30,0.4399999976158142,0.4399999976158142,0.4399999976158142,0.4399999976158142,0.4399999976158142,0.0,0.0,0.0,0.0
2017-03-31,0.4399999976158142,0.4399999976158142,0.4399999976158142,0.4399999976158142,0.4399999976158142,0.0,0.0,0.0,0.0
2017-04-03,0.4000000059604645,0.4000000059604645,0.4000000059604645,0.4000000059604645,0.4000000059604645,3500.0,0.0,0.0,0.0
2017-04-04,0.4000000059604645,0.4000000059604645,0.4000000059604645,0.4000000059604645,0.4000000059604645,0.0,0.0,0.0,0.0
2017-04-05,0.47999998927116394,0.5,0.44999998807907104,0.44999998807907104,0.44999998807907104,41700.0,0.0,0.0,0.0
2017-04-06,0.44999998807907104,0.44999998807907104,0.44999998807907104,0.44999998807907104,0.44999998807907104,9167.0,0.0,0.0,0.0
2017-04-07,0.44999998807907104,0.44999998807907104,0.44999998807907104,0.44999998807907104,0.44999998807907104,0.0,0.0,0.0,0.0
2017-04-10,0.45500001311302185,0.5,0.45500001311302185,0.4749999940395355,0.4749999940395355,10075.0,0.0,0.0,0.0
2017-04-11,0.4749999940395355,0.4749999940395355,0.4749999940395355,0.4749999940395355,0.4749999940395355,0.0,0.0,0.0,0.0
2017-04-12,0.4749999940395355,0.4749999940395355,0.4749999940395355,0.4749999940395355,0.4749999940395355,0.0,0.0,0.0,0.0
2017-04-13,0.4749999940395355,0.4749999940395355,0.4749999940395355,0.4749999940395355,0.4749999940395355,0.0,0.0,0.0,0.0
2017-04-17,0.4699999988079071,0.4699999988079071,0.4699999988079071,0.4699999988079071,0.4699999988079071,10000.0,0.0,0.0,0.0
2017-04-18,0.5,0.5199999809265137,0.5,0.5199999809265137,0.5199999809265137,40000.0,0.0,0.0,0.0
2017-04-19,0.4699999988079071,0.4699999988079071,0.46000000834465027,0.46000000834465027,0.46000000834465027,4500.0,0.0,0.0,0.0
2017-04-20,0.4950000047683716,0.4950000047683716,0.4950000047683716,0.4950000047683716,0.4950000047683716,9000.0,0.0,0.0,0.0
2017-04-21,0.4950000047683716,0.4950000047683716,0.4950000047683716,0.4950000047683716,0.4950000047683716,0.0,0.0,0.0,0.0
2017-04-24,0.4950000047683716,0.4950000047683716,0.4950000047683716,0.4950000047683716,0.4950000047683716,0.0,0.0,0.0,0.0
2017-04-25,0.4950000047683716,0.4950000047683716,0.4950000047683716,0.4950000047683716,0.4950000047683716,0.0,0.0,0.0,0.0
2017-04-26,0.4950000047683716,0.4950000047683716,0.4950000047683716,0.4950000047683716,0.4950000047683716,0.0,0.0,0.0,0.0
2017-04-27,0.4950000047683716,0.4950000047683716,0.4950000047683716,0.4950000047683716,0.4950000047683716,0.0,0.0,0.0,0.0
2017-04-28,0.4950000047683716,0.4950000047683716,0.4950000047683716,0.4950000047683716,0.4950000047683716,0.0,0.0,0.0,0.0
2017-05-01,0.46000000834465027,0.46000000834465027,0.44999998807907104,0.44999998807907104,0.44999998807907104,23000.0,0.0,0.0,0.0
2017-05-02,0.44999998807907104,0.44999998807907104,0.44999998807907104,0.44999998807907104,0.44999998807907104,2000.0,0.0,0.0,0.0
2017-05-03,0.44999998807907104,0.44999998807907104,0.44999998807907104,0.44999998807907104,0.44999998807907104,500.0,0.0,0.0,0.0
2017-05-04,0.44999998807907104,0.44999998807907104,0.44999998807907104,0.44999998807907104,0.44999998807907104,0.0,0.0,0.0,0.0
2017-05-05,0.44999998807907104,0.44999998807907104,0.44999998807907104,0.44999998807907104,0.44999998807907104,0.0,0.0,0.0,0.0
2017-05-08,0.38499999046325684,0.38499999046325684,0.3799999952316284,0.3799999952316284,0.3799999952316284,12500.0,0.0,0.0,0.0
2017-05-09,0.3799999952316284,0.3799999952316284,0.3799999952316284,0.3799999952316284,0.3799999952316284,0.0,0.0,0.0,0.0
2017-05-10,0.42500001192092896,0.44999998807907104,0.42500001192092896,0.44999998807907104,0.44999998807907104,15500.0,0.0,0.0,0.0
2017-05-11,0.44999998807907104,0.44999998807907104,0.44999998807907104,0.44999998807907104,0.44999998807907104,0.0,0.0,0.0,0.0
2017-05-12,0.44999998807907104,0.44999998807907104,0.44999998807907104,0.44999998807907104,0.44999998807907104,0.0,0.0,0.0,0.0
2017-05-15,0.44999998807907104,0.44999998807907104,0.44999998807907104,0.44999998807907104,0.44999998807907104,0.0,0.0,0.0,0.0
2017-05-16,0.44999998807907104,0.44999998807907104,0.44999998807907104,0.44999998807907104,0.44999998807907104,0.0,0.0,0.0,0.0
2017-05-17,0.38499999046325684,0.4000000059604645,0.36000001430511475,0.4000000059604645,0.4000000059604645,65200.0,0.0,0.0,0.0
2017-05-18,0.375,0.375,0.3700000047683716,0.375,0.375,15777.0,0.0,0.0,0.0
2017-05-19,0.375,0.375,0.375,0.375,0.375,0.0,0.0,0.0,0.0
2017-05-22,0.375,0.375,0.375,0.375,0.375,0.0,0.0,0.0,0.0
2017-05-23,0.3799999952316284,0.3799999952316284,0.3799999952316284,0.3799999952316284,0.3799999952316284,1100.0,0.0,0.0,0.0
2017-05-24,0.4099999964237213,0.4099999964237213,0.4099999964237213,0.4099999964237213,0.4099999964237213,500.0,0.0,0.0,0.0
2017-05-25,0.4099999964237213,0.4099999964237213,0.4099999964237213,0.4099999964237213,0.4099999964237213,0.0,0.0,0.0,0.0
2017-05-26,0.4000000059604645,0.4000000059604645,0.4000000059604645,0.4000000059604645,0.4000000059604645,2940.0,0.0,0.0,0.0
2017-05-30,0.3799999952316284,0.3799999952316284,0.3799999952316284,0.3799999952316284,0.3799999952316284,0.0,0.0,0.0,0.0
2017-05-31,0.3799999952316284,0.3799999952316284,0.30000001192092896,0.30000001192092896,0.30000001192092896,32000.0,0.0,0.0,0.0
2017-06-01,0.30000001192092896,0.30000001192092896,0.30000001192092896,0.30000001192092896,0.30000001192092896,0.0,0.0,0.0,0.0
2017-06-02,0.3499999940395355,0.3499999940395355,0.3499999940395355,0.3499999940395355,0.3499999940395355,4000.0,0.0,0.0,0.0
2017-06-05,0.30000001192092896,0.33500000834465027,0.30000001192092896,0.33500000834465027,0.33500000834465027,42000.0,0.0,0.0,0.0
2017-06-06,0.3499999940395355,0.3499999940395355,0.3499999940395355,0.3499999940395355,0.3499999940395355,5000.0,0.0,0.0,0.0
2017-06-07,0.3499999940395355,0.38999998569488525,0.3499999940395355,0.38999998569488525,0.38999998569488525,42000.0,0.0,0.0,0.0
2017-06-08,0.38999998569488525,0.38999998569488525,0.38999998569488525,0.38999998569488525,0.38999998569488525,0.0,0.0,0.0,0.0
2017-06-09,0.4000000059604645,0.4000000059604645,0.4000000059604645,0.4000000059604645,0.4000000059604645,4000.0,0.0,0.0,0.0
2017-06-12,0.3700000047683716,0.4000000059604645,0.3700000047683716,0.4000000059604645,0.4000000059604645,22000.0,0.0,0.0,0.0
2017-06-13,0.4000000059604645,0.4000000059604645,0.4000000059604645,0.4000000059604645,0.4000000059604645,0.0,0.0,0.0,0.0
2017-06-14,0.4000000059604645,0.4000000059604645,0.4000000059604645,0.4000000059604645,0.4000000059604645,0.0,0.0,0.0,0.0
2017-06-15,0.36000001430511475,0.38999998569488525,0.36000001430511475,0.3700000047683716,0.3700000047683716,33000.0,0.0,0.0,0.0
2017-06-16,0.3499999940395355,0.3499999940395355,0.3499999940395355,0.3499999940395355,0.3499999940395355,15000.0,0.0,0.0,0.0
2017-06-19,0.3499999940395355,0.3499999940395355,0.3499999940395355,0.3499999940395355,0.3499999940395355,0.0,0.0,0.0,0.0
2017-06-20,0.30000001192092896,0.30000001192092896,0.30000001192092896,0.30000001192092896,0.30000001192092896,6000.0,0.0,0.0,0.0
2017-06-21,0.30000001192092896,0.30000001192092896,0.30000001192092896,0.30000001192092896,0.30000001192092896,0.0,0.0,0.0,0.0
2017-06-22,0.3100000023841858,0.3100000023841858,0.3100000023841858,0.3100000023841858,0.3100000023841858,2300.0,0.0,0.0,0.0
2017-06-23,0.3100000023841858,0.33500000834465027,0.30000001192092896,0.33500000834465027,0.33500000834465027,19000.0,0.0,0.0,0.0
2017-06-26,0.3499999940395355,0.3499999940395355,0.3499999940395355,0.3499999940395355,0.3499999940395355,20000.0,0.0,0.0,0.0
2017-06-27,0.3199999928474426,0.33000001311302185,0.3199999928474426,0.33000001311302185,0.33000001311302185,55000.0,0.0,0.0,0.0
2017-06-28,0.33000001311302185,0.33000001311302185,0.33000001311302185,0.33000001311302185,0.33000001311302185,0.0,0.0,0.0,0.0
2017-06-29,0.3199999928474426,0.3499999940395355,0.3199999928474426,0.3199999928474426,0.3199999928474426,15500.0,0.0,0.0,0.0
2017-06-30,0.3199999928474426,0.3199999928474426,0.3199999928474426,0.3199999928474426,0.3199999928474426,0.0,0.0,0.0,0.0
2017-07-03,0.3199999928474426,0.3199999928474426,0.3199999928474426,0.3199999928474426,0.3199999928474426,0.0,0.0,0.0,0.0
2017-07-05,0.30000001192092896,0.33000001311302185,0.30000001192092896,0.33000001311302185,0.33000001311302185,19500.0,0.0,0.0,0.0
2017-07-06,0.33000001311302185,0.33000001311302185,0.33000001311302185,0.33000001311302185,0.33000001311302185,0.0,0.0,0.0,0.0
2017-07-07,0.33000001311302185,0.33000001311302185,0.33000001311302185,0.33000001311302185,0.33000001311302185,0.0,0.0,0.0,0.0
2017-07-10,0.29499998688697815,0.30000001192092896,0.29499998688697815,0.30000001192092896,0.30000001192092896,100000.0,0.0,0.0,0.0
2017-07-11,0.28999999165534973,0.28999999165534973,0.2800000011920929,0.2800000011920929,0.2800000011920929,15000.0,0.0,0.0,0.0
2017-07-12,0.29499998688697815,0.29499998688697815,0.29499998688697815,0.29499998688697815,0.29499998688697815,54000.0,0.0,0.0,0.0
2017-07-13,0.28999999165534973,0.28999999165534973,0.28999999165534973,0.28999999165534973,0.28999999165534973,1000.0,0.0,0.0,0.0
2017-07-14,0.28999999165534973,0.28999999165534973,0.28999999165534973,0.28999999165534973,0.28999999165534973,0.0,0.0,0.0,0.0
2017-07-17,0.28999999165534973,0.28999999165534973,0.28999999165534973,0.28999999165534973,0.28999999165534973,0.0,0.0,0.0,0.0
2017-07-18,0.29499998688697815,0.29499998688697815,0.29499998688697815,0.29499998688697815,0.29499998688697815,3000.0,0.0,0.0,0.0
2017-07-19,0.29499998688697815,0.29499998688697815,0.29499998688697815,0.29499998688697815,0.29499998688697815,0.0,0.0,0.0,0.0
2017-07-20,0.29499998688697815,0.29499998688697815,0.29499998688697815,0.29499998688697815,0.29499998688697815,0.0,0.0,0.0,0.0
2017-07-21,0.29499998688697815,0.29499998688697815,0.29499998688697815,0.29499998688697815,0.29499998688697815,0.0,0.0,0.0,0.0
2017-07-24,0.28999999165534973,0.28999999165534973,0.2800000011920929,0.2800000011920929,0.2800000011920929,10900.0,0.0,0.0,0.0
2017-07-25,0.2800000011920929,0.2800000011920929,0.2800000011920929,0.2800000011920929,0.2800000011920929,0.0,0.0,0.0,0.0
2017-07-26,0.30000001192092896,0.30000001192092896,0.30000001192092896,0.30000001192092896,0.30000001192092896,10000.0,0.0,0.0,0.0
2017-07-27,0.3100000023841858,0.3100000023841858,0.3100000023841858,0.3100000023841858,0.3100000023841858,10000.0,0.0,0.0,0.0
2017-07-28,0.33000001311302185,0.33000001311302185,0.33000001311302185,0.33000001311302185,0.33000001311302185,1500.0,0.0,0.0,0.0
2017-07-31,0.3400000035762787,0.3400000035762787,0.3400000035762787,0.3400000035762787,0.3400000035762787,2000.0,0.0,0.0,0.0
2017-08-01,0.4000000059604645,0.4000000059604645,0.4000000059604645,0.4000000059604645,0.4000000059604645,1000.0,0.0,0.0,0.0
2017-08-02,0.4000000059604645,0.4000000059604645,0.4000000059604645,0.4000000059604645,0.4000000059604645,0.0,0.0,0.0,0.0
2017-08-03,0.4000000059604645,0.4000000059604645,0.4000000059604645,0.4000000059604645,0.4000000059604645,0.0,0.0,0.0,0.0
2017-08-04,0.3799999952316284,0.3799999952316284,0.3799999952316284,0.3799999952316284,0.3799999952316284,500.0,0.0,0.0,0.0
2017-08-07,0.3799999952316284,0.3799999952316284,0.3799999952316284,0.3799999952316284,0.3799999952316284,0.0,0.0,0.0,0.0
2017-08-08,0.3799999952316284,0.3799999952316284,0.3799999952316284,0.3799999952316284,0.3799999952316284,10000.0,0.0,0.0,0.0
2017-08-09,0.3799999952316284,0.3799999952316284,0.3799999952316284,0.3799999952316284,0.3799999952316284,0.0,0.0,0.0,0.0
2017-08-10,0.3799999952316284,0.3799999952316284,0.3799999952316284,0.3799999952316284,0.3799999952316284,0.0,0.0,0.0,0.0
2017-08-11,0.3799999952316284,0.3799999952316284,0.3799999952316284,0.3799999952316284,0.3799999952316284,13500.0,0.0,0.0,0.0
2017-08-14,0.3799999952316284,0.3799999952316284,0.3799999952316284,0.3799999952316284,0.3799999952316284,1500.0,0.0,0.0,0.0
2017-08-15,0.3799999952316284,0.3799999952316284,0.3799999952316284,0.3799999952316284,0.3799999952316284,3000.0,0.0,0.0,0.0
2017-08-16,0.44999998807907104,0.44999998807907104,0.44999998807907104,0.44999998807907104,0.44999998807907104,500.0,0.0,0.0,0.0
2017-08-17,0.44999998807907104,0.44999998807907104,0.44999998807907104,0.44999998807907104,0.44999998807907104,0.0,0.0,0.0,0.0
2017-08-18,0.44999998807907104,0.44999998807907104,0.44999998807907104,0.44999998807907104,0.44999998807907104,0.0,0.0,0.0,0.0
2017-08-21,0.3499999940395355,0.375,0.3499999940395355,0.375,0.375,19000.0,0.0,0.0,0.0
2017-08-22,0.3100000023841858,0.3100000023841858,0.3100000023841858,0.3100000023841858,0.3100000023841858,1400.0,0.0,0.0,0.0
2017-08-23,0.3400000035762787,0.3400000035762787,0.3400000035762787,0.3400000035762787,0.3400000035762787,1500.0,0.0,0.0,0.0
2017-08-24,0.3400000035762787,0.3400000035762787,0.3400000035762787,0.3400000035762787,0.3400000035762787,0.0,0.0,0.0,0.0
2017-08-25,0.3400000035762787,0.3400000035762787,0.3400000035762787,0.3400000035762787,0.3400000035762787,0.0,0.0,0.0,0.0
2017-08-28,0.3400000035762787,0.3400000035762787,0.3400000035762787,0.3400000035762787,0.3400000035762787,0.0,0.0,0.0,0.0
2017-08-29,0.3199999928474426,0.3199999928474426,0.3199999928474426,0.3199999928474426,0.3199999928474426,2700.0,0.0,0.0,0.0
2017-08-30,0.3199999928474426,0.3199999928474426,0.3199999928474426,0.3199999928474426,0.3199999928474426,0.0,0.0,0.0,0.0
2017-08-31,0.3799999952316284,0.3799999952316284,0.3799999952316284,0.3799999952316284,0.3799999952316284,1500.0,0.0,0.0,0.0
2017-09-01,0.3799999952316284,0.3799999952316284,0.3799999952316284,0.3799999952316284,0.3799999952316284,0.0,0.0,0.0,0.0
2017-09-05,0.30000001192092896,0.30000001192092896,0.30000001192092896,0.30000001192092896,0.30000001192092896,1500.0,0.0,0.0,0.0
2017-09-06,0.3400000035762787,0.36000001430511475,0.3400000035762787,0.36000001430511475,0.36000001430511475,9500.0,0.0,0.0,0.0
2017-09-07,0.36000001430511475,0.36000001430511475,0.36000001430511475,0.36000001430511475,0.36000001430511475,0.0,0.0,0.0,0.0
2017-09-08,0.36000001430511475,0.36000001430511475,0.36000001430511475,0.36000001430511475,0.36000001430511475,0.0,0.0,0.0,0.0
2017-09-11,0.3799999952316284,0.3799999952316284,0.3799999952316284,0.3799999952316284,0.3799999952316284,4000.0,0.0,0.0,0.0
2017-09-12,0.36000001430511475,0.36000001430511475,0.36000001430511475,0.36000001430511475,0.36000001430511475,10000.0,0.0,0.0,0.0
2017-09-13,0.36000001430511475,0.36000001430511475,0.36000001430511475,0.36000001430511475,0.36000001430511475,0.0,0.0,0.0,0.0
2017-09-14,0.36000001430511475,0.36000001430511475,0.36000001430511475,0.36000001430511475,0.36000001430511475,0.0,0.0,0.0,0.0
2017-09-15,0.36000001430511475,0.36000001430511475,0.36000001430511475,0.36000001430511475,0.36000001430511475,0.0,0.0,0.0,0.0
2017-09-18,0.32499998807907104,0.32499998807907104,0.32499998807907104,0.32499998807907104,0.32499998807907104,1500.0,0.0,0.0,0.0
2017-09-19,0.38499999046325684,0.4000000059604645,0.38499999046325684,0.4000000059604645,0.4000000059604645,5000.0,0.0,0.0,0.0
2017-09-20,0.38499999046325684,0.4000000059604645,0.38499999046325684,0.4000000059604645,0.4000000059604645,14000.0,0.0,0.0,0.0
2017-09-21,0.38499999046325684,0.41999998688697815,0.38499999046325684,0.41999998688697815,0.41999998688697815,62600.0,0.0,0.0,0.0
2017-09-22,0.4000000059604645,0.4000000059604645,0.4000000059604645,0.4000000059604645,0.4000000059604645,2000.0,0.0,0.0,0.0
2017-09-25,0.4000000059604645,0.4000000059604645,0.38999998569488525,0.38999998569488525,0.38999998569488525,40000.0,0.0,0.0,0.0
2017-09-26,0.38999998569488525,0.38999998569488525,0.38999998569488525,0.38999998569488525,0.38999998569488525,0.0,0.0,0.0,0.0
2017-09-27,0.38999998569488525,0.38999998569488525,0.38999998569488525,0.38999998569488525,0.38999998569488525,8000.0,0.0,0.0,0.0
2017-09-28,0.38999998569488525,0.38999998569488525,0.38999998569488525,0.38999998569488525,0.38999998569488525,0.0,0.0,0.0,0.0
2017-09-29,0.44999998807907104,0.44999998807907104,0.44999998807907104,0.44999998807907104,0.44999998807907104,9000.0,0.0,0.0,0.0
2017-10-02,0.44999998807907104,0.44999998807907104,0.44999998807907104,0.44999998807907104,0.44999998807907104,0.0,0.0,0.0,0.0
2017-10-03,0.4000000059604645,0.4000000059604645,0.3799999952316284,0.3799999952316284,0.3799999952316284,3000.0,0.0,0.0,0.0
2017-10-04,0.3799999952316284,0.3799999952316284,0.3799999952316284,0.3799999952316284,0.3799999952316284,0.0,0.0,0.0,0.0
2017-10-05,0.3799999952316284,0.3799999952316284,0.3799999952316284,0.3799999952316284,0.3799999952316284,0.0,0.0,0.0,0.0
2017-10-06,0.33500000834465027,0.33500000834465027,0.33000001311302185,0.33000001311302185,0.33000001311302185,13500.0,0.0,0.0,0.0
2017-10-09,0.33000001311302185,0.33000001311302185,0.33000001311302185,0.33000001311302185,0.33000001311302185,0.0,0.0,0.0,0.0
2017-10-10,0.33000001311302185,0.33000001311302185,0.2750000059604645,0.2750000059604645,0.2750000059604645,2500.0,0.0,0.0,0.0
2017-10-11,0.2750000059604645,0.2750000059604645,0.2750000059604645,0.2750000059604645,0.2750000059604645,0.0,0.0,0.0,0.0
2017-10-12,0.33000001311302185,0.33000001311302185,0.33000001311302185,0.33000001311302185,0.33000001311302185,7300.0,0.0,0.0,0.0
2017-10-13,0.32499998807907104,0.3400000035762787,0.32499998807907104,0.3400000035762787,0.3400000035762787,14800.0,0.0,0.0,0.0
2017-10-16,0.3100000023841858,0.3100000023841858,0.3050000071525574,0.3050000071525574,0.3050000071525574,5000.0,0.0,0.0,0.0
2017-10-17,0.3050000071525574,0.3050000071525574,0.3050000071525574,0.3050000071525574,0.3050000071525574,0.0,0.0,0.0,0.0
2017-10-18,0.2849999964237213,0.2849999964237213,0.2849999964237213,0.2849999964237213,0.2849999964237213,9000.0,0.0,0.0,0.0
2017-10-19,0.2849999964237213,0.2849999964237213,0.2849999964237213,0.2849999964237213,0.2849999964237213,0.0,0.0,0.0,0.0
2017-10-20,0.2849999964237213,0.2849999964237213,0.2849999964237213,0.2849999964237213,0.2849999964237213,0.0,0.0,0.0,0.0
2017-10-23,0.28999999165534973,0.28999999165534973,0.2800000011920929,0.2800000011920929,0.2800000011920929,20000.0,0.0,0.0,0.0
2017-10-24,0.30000001192092896,0.30000001192092896,0.30000001192092896,0.30000001192092896,0.30000001192092896,4500.0,0.0,0.0,0.0
2017-10-25,0.30000001192092896,0.30000001192092896,0.30000001192092896,0.30000001192092896,0.30000001192092896,0.0,0.0,0.0,0.0
2017-10-26,0.2800000011920929,0.2800000011920929,0.2800000011920929,0.2800000011920929,0.2800000011920929,5000.0,0.0,0.0,0.0
2017-10-27,0.27000001072883606,0.27000001072883606,0.27000001072883606,0.27000001072883606,0.27000001072883606,10000.0,0.0,0.0,0.0
2017-10-30,0.27000001072883606,0.27000001072883606,0.27000001072883606,0.27000001072883606,0.27000001072883606,0.0,0.0,0.0,0.0
2017-10-31,0.27000001072883606,0.27000001072883606,0.27000001072883606,0.27000001072883606,0.27000001072883606,0.0,0.0,0.0,0.0
2017-11-01,0.27000001072883606,0.27000001072883606,0.27000001072883606,0.27000001072883606,0.27000001072883606,0.0,0.0,0.0,0.0
2017-11-02,0.27000001072883606,0.27000001072883606,0.27000001072883606,0.27000001072883606,0.27000001072883606,0.0,0.0,0.0,0.0
2017-11-03,0.27000001072883606,0.27000001072883606,0.27000001072883606,0.27000001072883606,0.27000001072883606,0.0,0.0,0.0,0.0
2017-11-06,0.25999999046325684,0.25999999046325684,0.25,0.25999999046325684,0.25999999046325684,14000.0,0.0,0.0,0.0
2017-11-07,0.25999999046325684,0.25999999046325684,0.25999999046325684,0.25999999046325684,0.25999999046325684,4250.0,0.0,0.0,0.0
2017-11-08,0.25,0.25999999046325684,0.25,0.25,0.25,173000.0,0.0,0.0,0.0
2017-11-09,0.25,0.25,0.25,0.25,0.25,0.0,0.0,0.0,0.0
2017-11-10,0.25,0.25,0.25,0.25,0.25,0.0,0.0,0.0,0.0
2017-11-13,0.25,0.25,0.23000000417232513,0.23000000417232513,0.23000000417232513,17000.0,0.0,0.0,0.0
2017-11-14,0.25,0.25999999046325684,0.25,0.25999999046325684,0.25999999046325684,9500.0,0.0,0.0,0.0
2017-11-15,0.25999999046325684,0.2800000011920929,0.25999999046325684,0.2800000011920929,0.2800000011920929,18000.0,0.0,0.0,0.0
2017-11-16,0.25,0.2849999964237213,0.23000000417232513,0.2849999964237213,0.2849999964237213,52500.0,0.0,0.0,0.0
2017-11-17,0.25999999046325684,0.25999999046325684,0.25999999046325684,0.25999999046325684,0.25999999046325684,3000.0,0.0,0.0,0.0
2017-11-20,0.25999999046325684,0.25999999046325684,0.25999999046325684,0.25999999046325684,0.25999999046325684,7000.0,0.0,0.0,0.0
2017-11-21,0.2849999964237213,0.2849999964237213,0.2849999964237213,0.2849999964237213,0.2849999964237213,2500.0,0.0,0.0,0.0
2017-11-22,0.2800000011920929,0.2849999964237213,0.2800000011920929,0.2849999964237213,0.2849999964237213,7000.0,0.0,0.0,0.0
2017-11-24,0.28999999165534973,0.30000001192092896,0.28999999165534973,0.30000001192092896,0.30000001192092896,30000.0,0.0,0.0,0.0
2017-11-27,0.2800000011920929,0.2800000011920929,0.2800000011920929,0.2800000011920929,0.2800000011920929,10500.0,0.0,0.0,0.0
2017-11-28,0.2800000011920929,0.2800000011920929,0.2800000011920929,0.2800000011920929,0.2800000011920929,0.0,0.0,0.0,0.0
2017-11-29,0.29499998688697815,0.29499998688697815,0.29499998688697815,0.29499998688697815,0.29499998688697815,10000.0,0.0,0.0,0.0
2017-11-30,0.28999999165534973,0.3050000071525574,0.2800000011920929,0.28999999165534973,0.28999999165534973,80500.0,0.0,0.0,0.0
2017-12-01,0.28999999165534973,0.28999999165534973,0.28999999165534973,0.28999999165534973,0.28999999165534973,0.0,0.0,0.0,0.0
2017-12-04,0.28999999165534973,0.28999999165534973,0.28999999165534973,0.28999999165534973,0.28999999165534973,0.0,0.0,0.0,0.0
2017-12-05,0.33000001311302185,0.33000001311302185,0.33000001311302185,0.33000001311302185,0.33000001311302185,1300.0,0.0,0.0,0.0
2017-12-06,0.30000001192092896,0.3499999940395355,0.30000001192092896,0.3499999940395355,0.3499999940395355,28329.0,0.0,0.0,0.0
2017-12-07,0.3100000023841858,0.33500000834465027,0.3100000023841858,0.3100000023841858,0.3100000023841858,52000.0,0.0,0.0,0.0
2017-12-08,0.3050000071525574,0.3050000071525574,0.30000001192092896,0.30000001192092896,0.30000001192092896,51000.0,0.0,0.0,0.0
2017-12-11,0.30000001192092896,0.30000001192092896,0.30000001192092896,0.30000001192092896,0.30000001192092896,0.0,0.0,0.0,0.0
2017-12-12,0.30000001192092896,0.30000001192092896,0.30000001192092896,0.30000001192092896,0.30000001192092896,0.0,0.0,0.0,0.0
2017-12-13,0.30000001192092896,0.30000001192092896,0.30000001192092896,0.30000001192092896,0.30000001192092896,0.0,0.0,0.0,0.0
2017-12-14,0.30000001192092896,0.30000001192092896,0.30000001192092896,0.30000001192092896,0.30000001192092896,0.0,0.0,0.0,0.0
2017-12-15,0.30000001192092896,0.30000001192092896,0.30000001192092896,0.30000001192092896,0.30000001192092896,0.0,0.0,0.0,0.0
2017-12-18,0.30000001192092896,0.30000001192092896,0.30000001192092896,0.30000001192092896,0.30000001192092896,0.0,0.0,0.0,0.0
2017-12-19,0.2800000011920929,0.2800000011920929,0.2800000011920929,0.2800000011920929,0.2800000011920929,36000.0,0.0,0.0,0.0
2017-12-20,0.2800000011920929,0.2800000011920929,0.2800000011920929,0.2800000011920929,0.2800000011920929,0.0,0.0,0.0,0.0
2017-12-21,0.2800000011920929,0.2800000011920929,0.2800000011920929,0.2800000011920929,0.2800000011920929,0.0,0.0,0.0,0.0
2017-12-22,0.3050000071525574,0.3050000071525574,0.3050000071525574,0.3050000071525574,0.3050000071525574,20000.0,0.0,0.0,0.0
2017-12-26,0.3050000071525574,0.3050000071525574,0.3050000071525574,0.3050000071525574,0.3050000071525574,0.0,0.0,0.0,0.0
2017-12-27,0.3050000071525574,0.3050000071525574,0.3050000071525574,0.3050000071525574,0.3050000071525574,0.0,0.0,0.0,0.0
2017-12-28,0.3050000071525574,0.3050000071525574,0.3050000071525574,0.3050000071525574,0.3050000071525574,0.0,0.0,0.0,0.0
2017-12-29,0.3050000071525574,0.3050000071525574,0.3050000071525574,0.3050000071525574,0.3050000071525574,0.0,0.0,0.0,0.0
2018-01-02,0.3050000071525574,0.3050000071525574,0.3050000071525574,0.3050000071525574,0.3050000071525574,0.0,0.0,0.0,0.0
2018-01-03,0.32499998807907104,0.32499998807907104,0.32499998807907104,0.32499998807907104,0.32499998807907104,1000.0,0.0,0.0,0.0
2018-01-04,0.33000001311302185,0.33000001311302185,0.33000001311302185,0.33000001311302185,0.33000001311302185,1340.0,0.0,0.0,0.0
2018-01-05,0.3050000071525574,0.3050000071525574,0.3050000071525574,0.3050000071525574,0.3050000071525574,5000.0,0.0,0.0,0.0
2018-01-08,0.3050000071525574,0.3050000071525574,0.3050000071525574,0.3050000071525574,0.3050000071525574,0.0,0.0,0.0,0.0
2018-01-09,0.30000001192092896,0.30000001192092896,0.30000001192092896,0.30000001192092896,0.30000001192092896,20000.0,0.0,0.0,0.0
2018-01-10,0.28999999165534973,0.28999999165534973,0.28999999165534973,0.28999999165534973,0.28999999165534973,500.0,0.0,0.0,0.0
2018-01-11,0.25,0.25,0.25,0.25,0.25,10000.0,0.0,0.0,0.0
2018-01-12,0.25,0.2750000059604645,0.25,0.2549999952316284,0.2549999952316284,26500.0,0.0,0.0,0.0
2018-01-16,0.30000001192092896,0.30000001192092896,0.30000001192092896,0.30000001192092896,0.30000001192092896,1500.0,0.0,0.0,0.0
2018-01-17,0.30000001192092896,0.30000001192092896,0.30000001192092896,0.30000001192092896,0.30000001192092896,0.0,0.0,0.0,0.0
2018-01-18,0.27000001072883606,0.2800000011920929,0.27000001072883606,0.2800000011920929,0.2800000011920929,75000.0,0.0,0.0,0.0
2018-01-19,0.25,0.25,0.20000000298023224,0.20000000298023224,0.20000000298023224,25500.0,0.0,0.0,0.0
2018-01-22,0.25999999046325684,0.25999999046325684,0.23000000417232513,0.23000000417232513,0.23000000417232513,49000.0,0.0,0.0,0.0
2018-01-23,0.23499999940395355,0.25,0.23499999940395355,0.25,0.25,38000.0,0.0,0.0,0.0
2018-01-24,0.25999999046325684,0.2800000011920929,0.25,0.25999999046325684,0.25999999046325684,57000.0,0.0,0.0,0.0
2018-01-25,0.2849999964237213,0.2849999964237213,0.2849999964237213,0.2849999964237213,0.2849999964237213,2000.0,0.0,0.0,0.0
2018-01-26,0.28999999165534973,0.28999999165534973,0.2800000011920929,0.28999999165534973,0.28999999165534973,80000.0,0.0,0.0,0.0
2018-01-29,0.28999999165534973,0.28999999165534973,0.28999999165534973,0.28999999165534973,0.28999999165534973,0.0,0.0,0.0,0.0
2018-01-30,0.2800000011920929,0.2800000011920929,0.2800000011920929,0.2800000011920929,0.2800000011920929,3000.0,0.0,0.0,0.0
